GAME_ID,GAME_DATE,TEAM_ID,TEAM_NAME,GP,W,L,W_PCT,MIN,E_OFF_RATING,OFF_RATING,E_DEF_RATING,DEF_RATING,E_NET_RATING,NET_RATING,AST_PCT,AST_TO,AST_RATIO,OREB_PCT,DREB_PCT,REB_PCT,TM_TOV_PCT,EFG_PCT,TS_PCT,E_PACE,PACE,PACE_PER40,POSS,PIE
0022400061,2024-10-22,1610612738,Boston Celtics,1,1,0,1.0,48.0,144.2,145.1,118.4,119.8,25.8,25.3,0.688,8.25,23.9,0.298,0.816,0.529,0.044,0.658,0.67,91.8,91.0,75.83,91,0.581
0022400062,2024-10-22,1610612747,Los Angeles Lakers,1,1,0,1.0,48.0,112.2,115.8,102.1,109.6,10.1,6.2,0.524,3.14,15.9,0.375,0.63,0.5,0.074,0.468,0.519,99.4,94.5,78.75,95,0.575
0022400062,2024-10-22,1610612750,Minnesota Timberwolves,1,0,1,0.0,48.0,102.1,109.6,112.2,115.8,-10.1,-6.2,0.486,1.06,13.0,0.37,0.625,0.5,0.17,0.488,0.532,99.4,94.5,78.75,94,0.425
0022400061,2024-10-22,1610612752,New York Knicks,1,0,1,0.0,48.0,118.4,119.8,144.2,145.1,-25.8,-25.3,0.465,1.67,16.9,0.184,0.702,0.471,0.132,0.622,0.641,91.8,91.0,75.83,91,0.419
0022400064,2024-10-23,1610612737,Atlanta Hawks,1,1,0,1.0,48.0,115.1,114.3,106.4,110.5,8.7,3.8,0.641,1.56,17.4,0.304,0.679,0.51,0.152,0.544,0.599,106.6,105.0,87.5,105,0.589
0022400064,2024-10-23,1610612751,Brooklyn Nets,1,0,1,0.0,48.0,106.4,110.5,115.1,114.3,-8.7,-3.8,0.525,1.11,14.7,0.321,0.696,0.49,0.181,0.533,0.569,106.6,105.0,87.5,105,0.411
0022400068,2024-10-23,1610612766,Charlotte Hornets,1,1,0,1.0,48.0,112.8,114.6,101.2,109.4,11.6,5.2,0.526,1.18,14.7,0.4,0.627,0.53,0.177,0.535,0.576,100.7,96.0,80.0,96,0.573
0022400069,2024-10-23,1610612741,Chicago Bulls,1,0,1,0.0,48.0,101.8,102.8,110.6,113.9,-8.7,-11.1,0.619,1.24,17.9,0.22,0.769,0.5,0.194,0.547,0.572,110.1,108.0,90.0,108,0.428
0022400067,2024-10-23,1610612739,Cleveland Cavaliers,1,1,0,1.0,48.0,131.5,134.7,102.2,102.9,29.3,31.7,0.569,2.23,20.6,0.282,0.615,0.473,0.129,0.667,0.691,103.6,102.0,85.0,101,0.648
0022400063,2024-10-23,1610612765,Detroit Pistons,1,0,1,0.0,48.0,106.5,110.1,112.7,113.9,-6.2,-3.8,0.579,1.57,15.9,0.321,0.744,0.51,0.141,0.483,0.543,102.2,100.0,83.33,99,0.414
0022400072,2024-10-23,1610612744,Golden State Warriors,1,1,0,1.0,48.0,128.2,128.4,94.4,96.3,33.8,32.1,0.792,2.11,22.9,0.388,0.729,0.574,0.165,0.624,0.659,109.7,108.5,90.42,109,0.676
0022400068,2024-10-23,1610612745,Houston Rockets,1,0,1,0.0,48.0,101.2,109.4,112.8,114.6,-11.6,-5.2,0.5,2.38,13.6,0.373,0.6,0.47,0.083,0.432,0.47,100.7,96.0,80.0,96,0.427
0022400063,2024-10-23,1610612754,Indiana Pacers,1,1,0,1.0,48.0,112.7,113.9,106.5,110.1,6.2,3.8,0.762,2.13,22.2,0.256,0.679,0.49,0.149,0.56,0.612,102.2,100.0,83.33,101,0.586
0022400071,2024-10-23,1610612746,LA Clippers,1,0,1,0.0,53.0,98.9,100.0,104.5,102.7,-5.6,-2.7,0.643,1.23,17.3,0.293,0.864,0.539,0.195,0.5,0.537,102.0,102.34,85.28,113,0.448
0022400070,2024-10-23,1610612763,Memphis Grizzlies,1,1,0,1.0,48.0,119.9,120.0,115.0,119.2,4.9,0.8,0.651,2.15,18.8,0.296,0.612,0.447,0.124,0.566,0.6,106.4,104.5,87.08,105,0.478
0022400065,2024-10-23,1610612748,Miami Heat,1,0,1,0.0,48.0,100.2,100.0,114.1,118.4,-13.8,-18.4,0.75,2.18,18.3,0.192,0.61,0.414,0.113,0.457,0.512,99.2,97.5,81.25,97,0.424
0022400066,2024-10-23,1610612749,Milwaukee Bucks,1,1,0,1.0,48.0,124.4,121.6,105.9,109.0,18.5,12.6,0.628,1.93,19.6,0.22,0.644,0.47,0.137,0.638,0.662,101.3,101.0,84.17,102,0.63
0022400069,2024-10-23,1610612740,New Orleans Pelicans,1,1,0,1.0,48.0,110.6,113.9,101.8,102.8,8.7,11.1,0.644,2.42,19.5,0.231,0.78,0.5,0.111,0.536,0.579,110.1,108.0,90.0,108,0.572
0022400065,2024-10-23,1610612753,Orlando Magic,1,1,0,1.0,48.0,114.1,118.4,100.2,100.0,13.8,18.4,0.683,2.0,18.8,0.39,0.808,0.586,0.143,0.521,0.549,99.2,97.5,81.25,98,0.576
0022400066,2024-10-23,1610612755,Philadelphia 76ers,1,0,1,0.0,48.0,105.9,109.0,124.4,121.6,-18.5,-12.6,0.439,1.8,12.9,0.356,0.78,0.53,0.1,0.459,0.496,101.3,101.0,84.17,100,0.37
0022400071,2024-10-23,1610612756,Phoenix Suns,1,1,0,1.0,53.0,104.5,102.7,98.9,100.0,5.6,2.7,0.658,1.14,17.4,0.136,0.707,0.461,0.195,0.583,0.624,102.0,102.34,85.28,113,0.552
0022400072,2024-10-23,1610612757,Portland Trail Blazers,1,0,1,0.0,48.0,94.4,96.3,128.2,128.4,-33.8,-32.1,0.583,1.17,14.5,0.271,0.612,0.426,0.167,0.435,0.494,109.7,108.5,90.42,108,0.324
0022400067,2024-10-23,1610612761,Toronto Raptors,1,0,1,0.0,48.0,102.2,102.9,131.5,134.7,-29.3,-31.7,0.694,1.32,16.9,0.385,0.718,0.527,0.184,0.488,0.537,103.6,102.0,85.0,103,0.352
0022400070,2024-10-23,1610612762,Utah Jazz,1,0,1,0.0,48.0,115.0,119.2,119.9,120.0,-4.9,-0.8,0.525,1.24,14.6,0.388,0.704,0.553,0.163,0.529,0.592,106.4,104.5,87.08,104,0.522
0022400073,2024-10-24,1610612738,Boston Celtics,1,1,0,1.0,48.0,117.4,117.3,94.5,99.0,22.9,18.3,0.5,1.5,15.0,0.3,0.714,0.519,0.135,0.561,0.599,105.9,103.5,86.25,104,0.564
0022400074,2024-10-24,1610612742,Dallas Mavericks,1,1,0,1.0,48.0,114.2,115.4,105.3,103.8,8.9,11.6,0.643,2.7,18.1,0.302,0.714,0.482,0.096,0.505,0.535,104.3,104.5,87.08,104,0.496
0022400075,2024-10-24,1610612743,Denver Nuggets,1,0,1,0.0,48.0,84.3,87.9,96.9,104.1,-12.5,-16.2,0.829,1.81,19.0,0.391,0.683,0.532,0.162,0.393,0.418,104.2,98.5,82.08,99,0.472
0022400076,2024-10-24,1610612750,Minnesota Timberwolves,1,1,0,1.0,48.0,112.0,115.8,112.3,112.7,-0.3,3.1,0.585,1.41,18.0,0.17,0.809,0.489,0.168,0.593,0.626,103.4,101.5,84.58,101,0.485
0022400075,2024-10-24,1610612760,Oklahoma City Thunder,1,1,0,1.0,48.0,96.9,104.1,84.3,87.9,12.5,16.2,0.535,1.92,16.4,0.317,0.609,0.468,0.122,0.465,0.48,104.2,98.5,82.08,98,0.528
0022400076,2024-10-24,1610612758,Sacramento Kings,1,0,1,0.0,48.0,112.3,112.7,112.0,115.8,0.3,-3.1,0.553,2.33,16.0,0.191,0.83,0.511,0.088,0.53,0.59,103.4,101.5,84.58,102,0.515
0022400074,2024-10-24,1610612759,San Antonio Spurs,1,0,1,0.0,48.0,105.3,103.8,114.2,115.4,-8.9,-11.6,0.769,1.58,20.3,0.286,0.698,0.518,0.181,0.523,0.564,104.3,104.5,87.08,105,0.504
0022400073,2024-10-24,1610612764,Washington Wizards,1,0,1,0.0,48.0,94.5,99.0,117.4,117.3,-22.9,-18.3,0.659,1.8,18.5,0.286,0.7,0.481,0.146,0.468,0.496,105.9,103.5,86.25,103,0.436
0022400079,2024-10-25,1610612737,Atlanta Hawks,1,1,0,1.0,48.0,119.4,119.0,113.6,116.5,5.8,2.5,0.641,1.79,17.6,0.267,0.567,0.438,0.133,0.568,0.64,105.2,104.0,86.67,105,0.577
0022400077,2024-10-25,1610612751,Brooklyn Nets,1,0,1,0.0,48.0,97.8,102.0,118.9,118.4,-21.1,-16.3,0.629,1.16,16.5,0.255,0.825,0.505,0.192,0.506,0.547,100.4,98.5,82.08,99,0.35
0022400079,2024-10-25,1610612766,Charlotte Hornets,1,0,1,0.0,48.0,113.6,116.5,119.4,119.0,-5.8,-2.5,0.595,1.22,14.6,0.433,0.733,0.562,0.175,0.495,0.547,105.2,104.0,86.67,103,0.423
0022400083,2024-10-25,1610612741,Chicago Bulls,1,1,0,1.0,48.0,124.2,122.0,109.9,114.0,14.2,8.0,0.652,3.0,20.0,0.22,0.76,0.49,0.092,0.589,0.627,109.1,108.0,90.0,109,0.55
0022400080,2024-10-25,1610612739,Cleveland Cavaliers,1,1,0,1.0,48.0,112.9,114.1,98.6,101.0,14.3,13.1,0.667,2.15,20.9,0.182,0.739,0.467,0.131,0.591,0.613,101.3,99.5,82.92,99,0.603
0022400080,2024-10-25,1610612765,Detroit Pistons,1,0,1,0.0,48.0,98.6,101.0,112.9,114.1,-14.3,-13.1,0.658,1.14,18.2,0.261,0.818,0.533,0.22,0.549,0.571,101.3,99.5,82.92,100,0.397
0022400084,2024-10-25,1610612744,Golden State Warriors,1,1,0,1.0,48.0,121.4,123.3,77.2,82.7,44.2,40.6,0.686,2.33,22.0,0.393,0.657,0.537,0.146,0.575,0.584,108.0,103.5,86.25,103,0.731
0022400082,2024-10-25,1610612745,Houston Rockets,1,1,0,1.0,48.0,116.5,117.4,96.6,100.0,20.0,17.4,0.465,1.05,12.8,0.467,0.683,0.575,0.174,0.526,0.562,110.8,108.5,90.42,109,0.581
0022400081,2024-10-25,1610612754,Indiana Pacers,1,0,1,0.0,48.0,99.2,100.0,125.8,126.8,-26.6,-26.8,0.683,1.75,20.1,0.289,0.707,0.488,0.163,0.512,0.534,98.3,97.5,81.25,98,0.409
0022400085,2024-10-25,1610612747,Los Angeles Lakers,1,1,0,1.0,48.0,124.0,121.8,114.3,113.7,9.7,8.1,0.825,2.54,23.4,0.189,0.8,0.506,0.129,0.627,0.667,100.3,101.5,84.58,101,0.541
0022400082,2024-10-25,1610612763,Memphis Grizzlies,1,0,1,0.0,48.0,96.6,100.0,116.5,117.4,-20.0,-17.4,0.632,1.26,15.9,0.317,0.533,0.425,0.176,0.473,0.505,110.8,108.5,90.42,108,0.419
0022400083,2024-10-25,1610612749,Milwaukee Bucks,1,0,1,0.0,48.0,109.9,114.0,124.2,122.0,-14.2,-8.0,0.522,1.6,16.8,0.24,0.78,0.51,0.14,0.565,0.587,109.1,108.0,90.0,107,0.45
0022400086,2024-10-25,1610612740,New Orleans Pelicans,1,1,0,1.0,48.0,102.3,102.9,94.7,101.0,7.6,2.0,0.694,1.79,18.0,0.259,0.691,0.477,0.137,0.488,0.527,105.7,102.0,85.0,102,0.509
0022400081,2024-10-25,1610612752,New York Knicks,1,1,0,1.0,48.0,125.8,126.8,99.2,100.0,26.6,26.8,0.432,1.58,14.8,0.293,0.711,0.512,0.124,0.595,0.636,98.3,97.5,81.25,97,0.591
0022400077,2024-10-25,1610612753,Orlando Magic,1,1,0,1.0,48.0,118.9,118.4,97.8,102.0,21.1,16.3,0.718,2.15,21.1,0.175,0.745,0.495,0.133,0.62,0.648,100.4,98.5,82.08,98,0.65
0022400078,2024-10-25,1610612755,Philadelphia 76ers,1,0,1,0.0,48.0,101.6,104.9,109.3,113.9,-7.7,-9.0,0.655,1.19,14.2,0.273,0.477,0.364,0.157,0.441,0.539,105.3,101.5,84.58,102,0.368
0022400085,2024-10-25,1610612756,Phoenix Suns,1,0,1,0.0,48.0,114.3,113.7,124.0,121.8,-9.7,-8.1,0.833,2.06,24.3,0.2,0.811,0.494,0.167,0.616,0.648,100.3,101.5,84.58,102,0.459
0022400086,2024-10-25,1610612757,Portland Trail Blazers,1,0,1,0.0,48.0,94.7,101.0,102.3,102.9,-7.6,-2.0,0.703,1.3,18.1,0.309,0.741,0.523,0.196,0.483,0.521,105.7,102.0,85.0,102,0.491
0022400078,2024-10-25,1610612761,Toronto Raptors,1,1,0,1.0,48.0,109.3,113.9,101.6,104.9,7.7,9.0,0.714,0.93,16.8,0.523,0.727,0.636,0.267,0.5,0.597,105.3,101.5,84.58,101,0.632
0022400084,2024-10-25,1610612762,Utah Jazz,1,0,1,0.0,48.0,77.2,82.7,121.4,123.3,-44.2,-40.6,0.621,0.82,12.5,0.343,0.607,0.463,0.212,0.364,0.416,108.0,103.5,86.25,104,0.269
0022400089,2024-10-26,1610612738,Boston Celtics,1,1,0,1.0,48.0,123.8,126.5,113.8,121.6,9.9,4.9,0.5,1.9,14.2,0.327,0.617,0.465,0.102,0.544,0.601,101.9,97.5,81.25,98,0.496
0022400088,2024-10-26,1610612766,Charlotte Hornets,1,0,1,0.0,48.0,102.7,108.2,114.8,116.3,-12.1,-8.2,0.513,1.0,14.4,0.396,0.694,0.539,0.204,0.511,0.539,101.3,98.0,81.67,98,0.404
0022400091,2024-10-26,1610612741,Chicago Bulls,1,0,1,0.0,48.0,81.4,82.6,97.6,99.1,-16.2,-16.5,0.719,0.88,15.1,0.222,0.828,0.528,0.226,0.429,0.467,116.7,115.0,95.83,115,0.392
0022400090,2024-10-26,1610612739,Cleveland Cavaliers,1,1,0,1.0,48.0,123.9,127.4,108.3,111.5,15.6,15.8,0.574,1.59,18.1,0.37,0.645,0.528,0.16,0.636,0.656,108.0,105.0,87.5,106,0.6
0022400095,2024-10-26,1610612742,Dallas Mavericks,1,0,1,0.0,48.0,104.2,104.1,113.7,117.5,-9.5,-13.4,0.595,2.44,16.5,0.246,0.761,0.476,0.092,0.468,0.505,99.1,97.5,81.25,98,0.411
0022400087,2024-10-26,1610612743,Denver Nuggets,1,0,1,0.0,48.0,106.6,107.2,112.1,114.7,-5.5,-7.5,0.571,2.0,15.2,0.278,0.705,0.469,0.103,0.483,0.533,97.4,96.0,80.0,97,0.461
0022400089,2024-10-26,1610612765,Detroit Pistons,1,0,1,0.0,48.0,113.8,121.6,123.8,126.5,-9.9,-4.9,0.628,1.8,19.0,0.383,0.673,0.535,0.155,0.568,0.604,101.9,97.5,81.25,97,0.504
0022400094,2024-10-26,1610612745,Houston Rockets,1,0,1,0.0,48.0,101.7,111.6,110.9,113.5,-9.2,-2.0,0.553,1.91,15.9,0.298,0.683,0.459,0.116,0.484,0.524,101.3,95.5,79.58,95,0.417
0022400087,2024-10-26,1610612746,LA Clippers,1,1,0,1.0,48.0,112.1,114.7,106.6,107.2,5.5,7.5,0.75,1.76,21.7,0.295,0.722,0.531,0.179,0.561,0.597,97.4,96.0,80.0,95,0.539
0022400096,2024-10-26,1610612747,Los Angeles Lakers,1,1,0,1.0,48.0,120.7,122.4,117.6,119.8,3.1,2.6,0.667,1.68,20.5,0.378,0.818,0.596,0.178,0.598,0.639,108.3,106.5,88.75,107,0.504
0022400092,2024-10-26,1610612763,Memphis Grizzlies,1,1,0,1.0,48.0,114.2,118.1,104.4,106.7,9.8,11.4,0.826,2.11,24.7,0.279,0.685,0.505,0.171,0.61,0.642,107.4,104.5,87.08,105,0.604
0022400088,2024-10-26,1610612748,Miami Heat,1,1,0,1.0,48.0,114.8,116.3,102.7,108.2,12.1,8.2,0.825,2.36,22.8,0.306,0.604,0.461,0.143,0.547,0.58,101.3,98.0,81.67,98,0.596
0022400093,2024-10-26,1610612750,Minnesota Timberwolves,1,1,0,1.0,48.0,113.8,110.9,97.4,101.0,16.4,9.9,0.744,2.23,20.7,0.213,0.686,0.459,0.129,0.554,0.593,101.1,100.5,83.75,101,0.565
0022400091,2024-10-26,1610612760,Oklahoma City Thunder,1,1,0,1.0,48.0,97.6,99.1,81.4,82.6,16.2,16.5,0.467,2.1,14.4,0.172,0.778,0.472,0.087,0.458,0.492,116.7,115.0,95.83,115,0.608
0022400092,2024-10-26,1610612753,Orlando Magic,1,0,1,0.0,48.0,104.4,106.7,114.2,118.1,-9.8,-11.4,0.568,1.11,15.0,0.315,0.721,0.495,0.183,0.523,0.559,107.4,104.5,87.08,104,0.396
0022400095,2024-10-26,1610612756,Phoenix Suns,1,1,0,1.0,48.0,113.7,117.5,104.2,104.1,9.5,13.4,0.722,2.36,19.4,0.239,0.754,0.524,0.113,0.538,0.592,99.1,97.5,81.25,97,0.589
0022400096,2024-10-26,1610612758,Sacramento Kings,1,0,1,0.0,48.0,117.6,119.8,120.7,122.4,-3.1,-2.6,0.711,2.29,21.9,0.182,0.622,0.404,0.132,0.597,0.641,108.3,106.5,88.75,106,0.496
0022400094,2024-10-26,1610612759,San Antonio Spurs,1,1,0,1.0,48.0,110.9,113.5,101.7,111.6,9.2,2.0,0.59,1.35,17.6,0.317,0.702,0.541,0.177,0.544,0.597,101.3,95.5,79.58,96,0.583
0022400093,2024-10-26,1610612761,Toronto Raptors,1,0,1,0.0,48.0,97.4,101.0,113.8,110.9,-16.4,-9.9,0.707,1.45,20.0,0.314,0.787,0.541,0.2,0.511,0.528,101.1,100.5,83.75,100,0.435
0022400090,2024-10-26,1610612764,Washington Wizards,1,0,1,0.0,48.0,108.3,111.5,123.9,127.4,-15.6,-15.8,0.676,1.67,16.6,0.355,0.63,0.472,0.144,0.464,0.527,108.0,105.0,87.5,104,0.4
0022400100,2024-10-27,1610612737,Atlanta Hawks,1,0,1,0.0,48.0,97.4,103.0,125.4,125.5,-28.0,-22.5,0.667,1.2,16.2,0.383,0.694,0.523,0.198,0.451,0.501,104.4,101.5,84.58,101,0.364
0022400098,2024-10-27,1610612751,Brooklyn Nets,1,1,0,1.0,48.0,113.7,116.2,103.4,103.0,10.3,13.1,0.59,1.92,16.8,0.283,0.795,0.515,0.121,0.516,0.569,99.9,99.0,82.5,99,0.523
0022400101,2024-10-27,1610612744,Golden State Warriors,1,0,1,0.0,48.0,99.4,100.0,107.6,108.7,-8.2,-8.7,0.5,0.9,13.6,0.315,0.686,0.495,0.202,0.511,0.532,104.4,103.5,86.25,104,0.427
0022400097,2024-10-27,1610612754,Indiana Pacers,1,0,1,0.0,53.0,101.8,105.6,105.7,108.3,-3.9,-2.7,0.718,1.4,18.9,0.265,0.552,0.421,0.185,0.542,0.576,101.3,98.26,81.89,108,0.517
0022400101,2024-10-27,1610612746,LA Clippers,1,1,0,1.0,48.0,107.6,108.7,99.4,100.0,8.2,8.7,0.643,1.5,18.5,0.314,0.685,0.505,0.175,0.522,0.559,104.4,103.5,86.25,103,0.573
0022400098,2024-10-27,1610612749,Milwaukee Bucks,1,0,1,0.0,48.0,103.4,103.0,113.7,116.2,-10.3,-13.1,0.606,1.11,15.7,0.205,0.717,0.485,0.182,0.514,0.582,99.9,99.0,82.5,99,0.477
0022400099,2024-10-27,1610612740,New Orleans Pelicans,1,0,1,0.0,48.0,102.4,106.2,123.7,128.9,-21.2,-22.7,0.632,1.41,16.9,0.396,0.5,0.449,0.175,0.477,0.523,100.8,97.0,80.83,97,0.416
0022400100,2024-10-27,1610612760,Oklahoma City Thunder,1,1,0,1.0,48.0,125.4,125.5,97.4,103.0,28.0,22.5,0.591,2.6,18.2,0.306,0.617,0.477,0.098,0.584,0.621,104.4,101.5,84.58,102,0.636
0022400097,2024-10-27,1610612755,Philadelphia 76ers,1,1,0,1.0,53.0,105.7,108.3,101.8,105.6,3.9,2.7,0.357,0.75,10.0,0.448,0.735,0.579,0.183,0.485,0.528,101.3,98.26,81.89,109,0.483
0022400099,2024-10-27,1610612757,Portland Trail Blazers,1,1,0,1.0,48.0,123.7,128.9,102.4,106.2,21.2,22.7,0.581,1.56,16.8,0.5,0.604,0.551,0.165,0.538,0.584,100.8,97.0,80.83,97,0.584
0022400103,2024-10-28,1610612737,Atlanta Hawks,1,0,1,0.0,48.0,111.4,112.3,110.3,115.2,1.1,-3.0,0.821,2.0,21.6,0.222,0.725,0.49,0.151,0.574,0.614,108.3,105.5,87.92,106,0.542
0022400104,2024-10-28,1610612738,Boston Celtics,1,1,0,1.0,48.0,112.9,117.8,103.2,105.9,9.7,11.9,0.558,1.71,17.9,0.191,0.796,0.5,0.139,0.598,0.624,105.0,101.5,84.58,101,0.559
0022400108,2024-10-28,1610612741,Chicago Bulls,1,1,0,1.0,48.0,119.5,120.0,113.1,118.3,6.3,1.7,0.8,4.0,23.4,0.241,0.646,0.455,0.086,0.575,0.586,107.1,104.5,87.08,105,0.512
0022400106,2024-10-28,1610612739,Cleveland Cavaliers,1,1,0,1.0,48.0,112.8,112.2,103.1,108.3,9.7,3.9,0.538,1.5,16.0,0.295,0.635,0.479,0.143,0.549,0.594,99.2,97.0,80.83,98,0.547
0022400110,2024-10-28,1610612742,Dallas Mavericks,1,1,0,1.0,48.0,106.3,110.0,97.4,101.0,8.9,9.0,0.628,1.93,18.6,0.327,0.633,0.487,0.14,0.511,0.537,104.1,100.5,83.75,100,0.553
0022400107,2024-10-28,1610612743,Denver Nuggets,1,1,0,1.0,53.0,115.2,112.4,108.5,109.6,6.8,2.7,0.617,1.81,18.5,0.288,0.613,0.465,0.142,0.536,0.582,102.1,102.79,85.66,113,0.531
0022400105,2024-10-28,1610612765,Detroit Pistons,1,0,1,0.0,48.0,101.6,102.1,107.3,110.4,-5.7,-8.3,0.4,0.82,10.8,0.357,0.736,0.541,0.177,0.462,0.498,97.6,96.0,80.0,96,0.405
0022400109,2024-10-28,1610612745,Houston Rockets,1,1,0,1.0,48.0,112.1,115.2,104.9,107.4,7.2,7.8,0.571,1.67,15.6,0.308,0.604,0.457,0.13,0.5,0.555,95.4,93.0,77.5,92,0.503
0022400102,2024-10-28,1610612754,Indiana Pacers,1,0,1,0.0,48.0,115.9,113.9,114.7,119.0,1.2,-5.1,0.61,1.92,17.7,0.302,0.66,0.47,0.129,0.54,0.568,101.5,100.5,83.75,101,0.463
0022400111,2024-10-28,1610612747,Los Angeles Lakers,1,0,1,0.0,48.0,102.0,108.2,111.5,113.5,-9.4,-5.3,0.641,2.08,17.9,0.305,0.755,0.509,0.124,0.489,0.515,100.4,96.5,80.42,97,0.462
0022400108,2024-10-28,1610612763,Memphis Grizzlies,1,0,1,0.0,48.0,113.1,118.3,119.5,120.0,-6.3,-1.7,0.725,3.7,22.7,0.354,0.759,0.545,0.096,0.523,0.527,107.1,104.5,87.08,104,0.488
0022400105,2024-10-28,1610612748,Miami Heat,1,1,0,1.0,48.0,107.3,110.4,101.6,102.1,5.7,8.3,0.632,2.0,17.9,0.264,0.643,0.459,0.125,0.517,0.548,97.6,96.0,80.0,96,0.595
0022400104,2024-10-28,1610612749,Milwaukee Bucks,1,0,1,0.0,48.0,103.2,105.9,112.9,117.8,-9.7,-11.9,0.486,1.06,13.8,0.204,0.809,0.5,0.167,0.5,0.565,105.0,101.5,84.58,102,0.441
0022400106,2024-10-28,1610612752,New York Knicks,1,0,1,0.0,48.0,103.1,108.3,112.8,112.2,-9.7,-3.9,0.55,1.38,16.1,0.365,0.705,0.521,0.167,0.494,0.531,99.2,97.0,80.83,96,0.453
0022400102,2024-10-28,1610612753,Orlando Magic,1,1,0,1.0,48.0,114.7,119.0,115.9,113.9,-1.2,5.1,0.667,1.73,18.3,0.34,0.698,0.53,0.15,0.548,0.597,101.5,100.5,83.75,100,0.537
0022400111,2024-10-28,1610612756,Phoenix Suns,1,1,0,1.0,48.0,111.5,113.5,102.0,108.2,9.4,5.3,0.525,1.91,16.3,0.245,0.695,0.491,0.115,0.523,0.569,100.4,96.5,80.42,96,0.538
0022400112,2024-10-28,1610612757,Portland Trail Blazers,1,0,1,0.0,48.0,95.9,100.0,112.1,114.4,-16.2,-14.4,0.486,0.94,12.9,0.327,0.756,0.526,0.184,0.446,0.509,100.6,97.5,81.25,98,0.421
0022400112,2024-10-28,1610612758,Sacramento Kings,1,1,0,1.0,48.0,112.1,114.4,95.9,100.0,16.2,14.4,0.676,1.56,18.8,0.244,0.673,0.474,0.165,0.543,0.603,100.6,97.5,81.25,97,0.579
0022400109,2024-10-28,1610612759,San Antonio Spurs,1,0,1,0.0,48.0,104.9,107.4,112.1,115.2,-7.2,-7.8,0.595,1.29,16.4,0.396,0.692,0.543,0.181,0.483,0.525,95.4,93.0,77.5,94,0.497
0022400107,2024-10-28,1610612761,Toronto Raptors,1,0,1,0.0,53.0,108.5,109.6,115.2,112.4,-6.8,-2.7,0.612,2.0,18.1,0.387,0.712,0.535,0.132,0.495,0.529,102.1,102.79,85.66,114,0.469
0022400110,2024-10-28,1610612762,Utah Jazz,1,0,1,0.0,48.0,97.4,101.0,106.3,110.0,-8.9,-9.0,0.706,1.6,16.3,0.367,0.673,0.513,0.149,0.424,0.487,104.1,100.5,83.75,101,0.447
0022400103,2024-10-28,1610612764,Washington Wizards,1,1,0,1.0,48.0,110.3,115.2,111.4,112.3,-1.1,3.0,0.585,1.33,16.8,0.275,0.778,0.51,0.171,0.566,0.601,108.3,105.5,87.92,105,0.458
0022400113,2024-10-29,1610612751,Brooklyn Nets,1,0,1,0.0,53.0,126.5,131.1,136.3,137.1,-9.8,-6.0,0.755,4.11,23.7,0.271,0.735,0.505,0.085,0.615,0.644,97.6,95.55,79.62,106,0.474
0022400114,2024-10-29,1610612742,Dallas Mavericks,1,1,0,1.0,48.0,121.3,122.4,117.0,117.5,4.3,4.9,0.556,2.5,18.2,0.3,0.705,0.489,0.102,0.57,0.595,98.2,97.5,81.25,98,0.515
0022400113,2024-10-29,1610612743,Denver Nuggets,1,1,0,1.0,53.0,136.3,137.1,126.5,131.1,9.8,6.0,0.674,6.2,20.8,0.265,0.729,0.495,0.048,0.59,0.656,97.6,95.55,79.62,105,0.526
0022400116,2024-10-29,1610612744,Golden State Warriors,1,1,0,1.0,48.0,124.3,129.2,106.5,110.4,17.9,18.8,0.739,4.25,23.1,0.327,0.676,0.472,0.083,0.582,0.604,99.6,96.0,80.0,96,0.562
0022400114,2024-10-29,1610612750,Minnesota Timberwolves,1,0,1,0.0,48.0,117.0,117.5,121.3,122.4,-4.3,-4.9,0.846,1.65,23.1,0.295,0.7,0.511,0.206,0.63,0.645,98.2,97.5,81.25,97,0.485
0022400116,2024-10-29,1610612740,New Orleans Pelicans,1,0,1,0.0,48.0,106.5,110.4,124.3,129.2,-17.9,-18.8,0.575,0.96,17.6,0.324,0.673,0.528,0.25,0.601,0.627,99.6,96.0,80.0,96,0.438
0022400115,2024-10-29,1610612758,Sacramento Kings,1,1,0,1.0,48.0,111.7,115.3,95.8,98.0,15.9,17.3,0.542,2.17,18.8,0.311,0.732,0.545,0.122,0.565,0.576,100.7,98.0,81.67,98,0.606
0022400115,2024-10-29,1610612762,Utah Jazz,1,0,1,0.0,48.0,95.8,98.0,111.7,115.3,-15.9,-17.3,0.686,1.41,17.5,0.268,0.689,0.455,0.173,0.472,0.504,100.7,98.0,81.67,98,0.394
0022400121,2024-10-30,1610612737,Atlanta Hawks,1,0,1,0.0,48.0,109.8,113.2,120.9,125.5,-11.1,-12.3,0.622,1.65,18.5,0.36,0.744,0.538,0.16,0.537,0.576,109.6,106.0,88.33,106,0.447
0022400119,2024-10-30,1610612738,Boston Celtics,1,0,1,0.0,53.0,111.3,112.8,114.8,112.5,-3.6,0.3,0.523,1.64,14.2,0.324,0.655,0.472,0.12,0.491,0.538,107.0,107.32,89.43,117,0.457
0022400124,2024-10-30,1610612751,Brooklyn Nets,1,1,0,1.0,48.0,116.7,120.2,102.2,107.1,14.5,13.1,0.659,1.42,19.6,0.325,0.609,0.477,0.192,0.606,0.654,102.9,99.0,82.5,99,0.55
0022400117,2024-10-30,1610612766,Charlotte Hornets,1,1,0,1.0,48.0,129.0,134.0,126.4,129.1,2.5,4.9,0.633,1.94,20.4,0.396,0.571,0.478,0.155,0.628,0.657,106.1,103.0,85.83,103,0.49
0022400123,2024-10-30,1610612741,Chicago Bulls,1,1,0,1.0,48.0,101.0,100.0,98.2,97.1,2.8,2.9,0.639,1.53,17.0,0.216,0.865,0.544,0.147,0.506,0.537,100.9,102.0,85.0,102,0.507
0022400118,2024-10-30,1610612739,Cleveland Cavaliers,1,1,0,1.0,48.0,125.8,127.6,102.3,104.8,23.5,22.9,0.661,3.08,24.8,0.19,0.78,0.482,0.114,0.665,0.667,107.0,105.0,87.5,105,0.579
0022400120,2024-10-30,1610612765,Detroit Pistons,1,1,0,1.0,48.0,113.3,114.1,102.9,103.3,10.4,10.9,0.639,1.35,17.8,0.311,0.8,0.568,0.185,0.558,0.599,92.5,92.0,76.67,92,0.558
0022400126,2024-10-30,1610612744,Golden State Warriors,1,1,0,1.0,48.0,111.0,111.8,92.9,94.7,18.1,17.1,0.78,2.29,23.0,0.304,0.639,0.495,0.151,0.546,0.561,94.8,93.5,77.92,93,0.59
0022400119,2024-10-30,1610612754,Indiana Pacers,1,1,0,1.0,53.0,114.8,112.5,111.3,112.8,3.6,-0.3,0.66,1.74,19.3,0.345,0.676,0.528,0.158,0.553,0.589,107.0,107.32,89.43,120,0.543
0022400127,2024-10-30,1610612746,LA Clippers,1,0,1,0.0,48.0,106.1,111.7,107.9,111.6,-1.7,0.1,0.634,1.86,18.8,0.327,0.679,0.5,0.149,0.528,0.536,98.6,94.5,78.75,94,0.505
0022400118,2024-10-30,1610612747,Los Angeles Lakers,1,0,1,0.0,48.0,102.3,104.8,125.8,127.6,-23.5,-22.9,0.553,1.0,15.7,0.22,0.81,0.518,0.2,0.532,0.601,107.0,105.0,87.5,105,0.421
0022400124,2024-10-30,1610612763,Memphis Grizzlies,1,0,1,0.0,48.0,102.2,107.1,116.7,120.2,-14.5,-13.1,0.711,1.23,18.9,0.391,0.675,0.523,0.222,0.519,0.565,102.9,99.0,82.5,99,0.45
0022400122,2024-10-30,1610612748,Miami Heat,1,0,1,0.0,48.0,113.2,112.6,122.4,123.4,-9.2,-10.8,0.73,2.7,20.5,0.217,0.791,0.494,0.105,0.562,0.584,94.7,94.5,78.75,95,0.442
0022400126,2024-10-30,1610612740,New Orleans Pelicans,1,0,1,0.0,48.0,92.9,94.7,111.0,111.8,-18.1,-17.1,0.727,1.6,17.1,0.361,0.696,0.505,0.16,0.428,0.45,94.8,93.5,77.92,94,0.41
0022400122,2024-10-30,1610612752,New York Knicks,1,1,0,1.0,48.0,122.4,123.4,113.2,112.6,9.2,10.8,0.75,2.73,22.6,0.209,0.783,0.506,0.117,0.598,0.639,94.7,94.5,78.75,94,0.558
0022400125,2024-10-30,1610612760,Oklahoma City Thunder,1,1,0,1.0,48.0,103.4,106.1,93.3,93.0,10.2,13.1,0.683,2.0,20.6,0.184,0.686,0.44,0.141,0.556,0.567,100.6,99.5,82.92,99,0.56
0022400123,2024-10-30,1610612753,Orlando Magic,1,0,1,0.0,48.0,98.2,97.1,101.0,100.0,-2.8,-2.9,0.714,2.08,18.8,0.135,0.784,0.456,0.118,0.471,0.522,100.9,102.0,85.0,102,0.493
0022400120,2024-10-30,1610612755,Philadelphia 76ers,1,0,1,0.0,48.0,102.9,103.3,113.3,114.1,-10.4,-10.9,0.515,1.89,14.4,0.2,0.689,0.432,0.098,0.468,0.52,92.5,92.0,76.67,92,0.442
0022400127,2024-10-30,1610612757,Portland Trail Blazers,1,1,0,1.0,48.0,107.9,111.6,106.1,111.7,1.7,-0.1,0.463,1.46,14.5,0.321,0.673,0.5,0.137,0.522,0.545,98.6,94.5,78.75,95,0.495
0022400125,2024-10-30,1610612759,San Antonio Spurs,1,0,1,0.0,48.0,93.3,93.0,103.4,106.1,-10.2,-13.1,0.629,1.0,15.9,0.314,0.816,0.56,0.22,0.482,0.513,100.6,99.5,82.92,100,0.44
0022400117,2024-10-30,1610612761,Toronto Raptors,1,0,1,0.0,48.0,126.4,129.1,129.0,134.0,-2.5,-4.9,0.712,2.64,23.6,0.429,0.604,0.522,0.136,0.621,0.638,106.1,103.0,85.83,103,0.51
0022400121,2024-10-30,1610612764,Washington Wizards,1,1,0,1.0,48.0,120.9,125.5,109.8,113.2,11.1,12.3,0.681,2.0,21.5,0.256,0.64,0.462,0.151,0.618,0.665,109.6,106.0,88.33,106,0.553
0022400129,2024-10-31,1610612742,Dallas Mavericks,1,0,1,0.0,48.0,108.7,107.4,107.1,116.1,1.7,-8.8,0.538,2.1,16.5,0.25,0.583,0.435,0.105,0.518,0.544,97.3,94.0,78.33,95,0.479
0022400129,2024-10-31,1610612745,Houston Rockets,1,1,0,1.0,48.0,107.1,116.1,108.7,107.4,-1.7,8.8,0.525,2.1,15.1,0.417,0.75,0.565,0.108,0.454,0.496,97.3,94.0,78.33,93,0.521
0022400131,2024-10-31,1610612746,LA Clippers,1,0,1,0.0,48.0,117.5,119.0,127.1,123.8,-9.6,-4.8,0.6,1.93,18.8,0.34,0.795,0.553,0.14,0.548,0.582,99.8,100.5,83.75,100,0.467
0022400128,2024-10-31,1610612763,Memphis Grizzlies,1,1,0,1.0,48.0,115.5,116.2,94.0,96.1,21.5,20.1,0.605,1.53,18.3,0.268,0.82,0.598,0.162,0.573,0.638,105.5,104.0,86.67,105,0.675
0022400128,2024-10-31,1610612749,Milwaukee Bucks,1,0,1,0.0,48.0,94.0,96.1,115.5,116.2,-21.5,-20.1,0.488,2.0,14.9,0.18,0.732,0.402,0.097,0.474,0.474,105.5,104.0,86.67,103,0.325
0022400131,2024-10-31,1610612756,Phoenix Suns,1,1,0,1.0,48.0,127.1,123.8,117.5,119.0,9.6,4.8,0.69,2.42,20.9,0.205,0.66,0.447,0.119,0.622,0.663,99.8,100.5,83.75,101,0.533
0022400130,2024-10-31,1610612759,San Antonio Spurs,1,1,0,1.0,48.0,103.8,105.0,86.8,88.0,17.0,17.0,0.658,2.27,17.7,0.273,0.647,0.453,0.109,0.478,0.519,101.7,100.5,83.75,101,0.61
0022400130,2024-10-31,1610612762,Utah Jazz,1,0,1,0.0,48.0,86.8,88.0,103.8,105.0,-17.0,-17.0,0.594,0.73,13.9,0.353,0.727,0.547,0.26,0.433,0.487,101.7,100.5,83.75,100,0.39
0022400135,2024-11-01,1610612737,Atlanta Hawks,1,0,1,0.0,48.0,109.6,110.6,115.8,118.3,-6.2,-7.7,0.732,2.31,20.7,0.2,0.681,0.422,0.125,0.549,0.575,105.6,104.0,86.67,104,0.451
0022400132,2024-11-01,1610612738,Boston Celtics,1,1,0,1.0,48.0,123.5,125.3,108.7,111.2,14.8,14.0,0.512,2.1,15.7,0.333,0.66,0.505,0.101,0.552,0.611,100.3,98.5,82.08,99,0.616
0022400136,2024-11-01,1610612751,Brooklyn Nets,1,1,0,1.0,48.0,118.0,118.8,107.1,108.7,10.9,10.1,0.694,3.09,23.4,0.217,0.698,0.475,0.109,0.58,0.602,103.1,102.0,85.0,101,0.579
0022400132,2024-11-01,1610612766,Charlotte Hornets,1,0,1,0.0,48.0,108.7,111.2,123.5,125.3,-14.8,-14.0,0.476,1.25,14.8,0.34,0.667,0.495,0.163,0.566,0.566,100.3,98.5,82.08,98,0.384
0022400136,2024-11-01,1610612741,Chicago Bulls,1,0,1,0.0,48.0,107.1,108.7,118.0,118.8,-10.9,-10.1,0.632,1.5,16.9,0.302,0.783,0.525,0.155,0.528,0.568,103.1,102.0,85.0,103,0.421
0022400133,2024-11-01,1610612739,Cleveland Cavaliers,1,1,0,1.0,48.0,117.9,117.6,101.3,107.9,16.5,9.7,0.568,1.92,18.4,0.222,0.778,0.525,0.127,0.592,0.626,104.7,101.5,84.58,102,0.556
0022400139,2024-11-01,1610612743,Denver Nuggets,1,0,1,0.0,48.0,112.9,114.9,119.1,119.0,-6.2,-4.1,0.732,2.0,19.6,0.4,0.756,0.552,0.149,0.505,0.554,101.3,100.5,83.75,101,0.473
0022400134,2024-11-01,1610612765,Detroit Pistons,1,0,1,0.0,48.0,97.9,99.0,123.8,129.3,-25.9,-30.3,0.561,1.05,17.7,0.195,0.66,0.451,0.222,0.574,0.583,101.7,99.0,82.5,99,0.395
0022400138,2024-11-01,1610612754,Indiana Pacers,1,0,1,0.0,48.0,114.9,120.4,122.1,127.6,-7.2,-7.1,0.761,2.5,24.1,0.273,0.63,0.469,0.143,0.607,0.623,102.5,98.0,81.67,98,0.479
0022400137,2024-11-01,1610612747,Los Angeles Lakers,1,1,0,1.0,48.0,122.4,127.2,115.0,121.4,7.4,5.8,0.69,2.9,19.9,0.313,0.625,0.481,0.097,0.54,0.618,107.9,103.0,85.83,103,0.548
0022400139,2024-11-01,1610612750,Minnesota Timberwolves,1,1,0,1.0,48.0,119.1,119.0,112.9,114.9,6.2,4.1,0.791,2.0,23.6,0.244,0.6,0.448,0.17,0.627,0.654,101.3,100.5,83.75,100,0.527
0022400138,2024-11-01,1610612740,New Orleans Pelicans,1,1,0,1.0,48.0,122.1,127.6,114.9,120.4,7.2,7.1,0.571,3.5,19.2,0.37,0.727,0.531,0.082,0.545,0.572,102.5,98.0,81.67,98,0.521
0022400134,2024-11-01,1610612752,New York Knicks,1,1,0,1.0,48.0,123.8,129.3,97.9,99.0,25.9,30.3,0.596,3.1,21.1,0.34,0.805,0.549,0.101,0.604,0.607,101.7,99.0,82.5,99,0.605
0022400140,2024-11-01,1610612760,Oklahoma City Thunder,1,1,0,1.0,48.0,133.8,137.0,108.9,114.0,24.9,23.0,0.608,2.38,20.8,0.4,0.68,0.547,0.13,0.637,0.663,103.5,100.0,83.33,100,0.596
0022400133,2024-11-01,1610612753,Orlando Magic,1,0,1,0.0,48.0,101.3,107.9,117.9,117.6,-16.5,-9.7,0.634,1.86,18.7,0.222,0.778,0.475,0.139,0.517,0.542,104.7,101.5,84.58,101,0.444
0022400140,2024-11-01,1610612757,Portland Trail Blazers,1,0,1,0.0,48.0,108.9,114.0,133.8,137.0,-24.9,-23.0,0.692,1.42,19.1,0.32,0.6,0.453,0.19,0.56,0.59,103.5,100.0,83.33,100,0.404
0022400135,2024-11-01,1610612758,Sacramento Kings,1,1,0,1.0,48.0,115.8,118.3,109.6,110.6,6.2,7.7,0.651,2.0,19.0,0.319,0.8,0.578,0.135,0.545,0.602,105.6,104.0,86.67,104,0.549
0022400137,2024-11-01,1610612761,Toronto Raptors,1,0,1,0.0,48.0,115.0,121.4,122.4,127.2,-7.4,-5.8,0.673,3.18,22.0,0.375,0.688,0.519,0.107,0.533,0.554,107.9,103.0,85.83,103,0.452
0022400141,2024-11-02,1610612738,Boston Celtics,1,1,0,1.0,48.0,111.5,116.5,102.0,106.2,9.5,10.3,0.639,1.53,17.3,0.319,0.75,0.545,0.155,0.537,0.599,101.1,97.0,80.83,97,0.571
0022400141,2024-11-02,1610612766,Charlotte Hornets,1,0,1,0.0,48.0,102.0,106.2,111.5,116.5,-9.5,-10.3,0.6,1.85,17.9,0.25,0.681,0.455,0.134,0.533,0.542,101.1,97.0,80.83,97,0.429
0022400145,2024-11-02,1610612739,Cleveland Cavaliers,1,1,0,1.0,48.0,120.5,118.8,114.6,117.7,5.9,1.0,0.705,4.43,22.5,0.229,0.725,0.485,0.073,0.566,0.584,96.6,96.0,80.0,96,0.543
0022400148,2024-11-02,1610612743,Denver Nuggets,1,1,0,1.0,48.0,119.3,121.7,96.6,97.2,22.7,24.5,0.688,1.83,20.4,0.418,0.792,0.592,0.17,0.566,0.591,107.4,106.0,88.33,106,0.607
0022400144,2024-11-02,1610612744,Golden State Warriors,1,1,0,1.0,53.0,121.0,118.7,109.4,113.1,11.5,5.6,0.65,1.86,18.2,0.255,0.636,0.478,0.131,0.609,0.635,97.6,96.91,80.75,107,0.554
0022400144,2024-11-02,1610612745,Houston Rockets,1,0,1,0.0,53.0,109.4,113.1,121.0,118.7,-11.5,-5.6,0.614,2.45,17.1,0.364,0.745,0.522,0.103,0.481,0.515,97.6,96.91,80.75,107,0.446
0022400150,2024-11-02,1610612746,LA Clippers,1,0,1,0.0,48.0,89.8,92.0,103.6,105.0,-13.8,-13.0,0.719,1.05,16.8,0.264,0.88,0.563,0.22,0.475,0.509,101.9,100.0,83.33,100,0.445
0022400142,2024-11-02,1610612763,Memphis Grizzlies,1,1,0,1.0,48.0,121.3,124.0,103.1,108.1,18.2,15.9,0.729,2.06,23.2,0.39,0.75,0.598,0.17,0.621,0.644,103.0,99.5,82.92,100,0.623
0022400147,2024-11-02,1610612748,Miami Heat,1,1,0,1.0,48.0,111.8,114.6,94.0,95.1,17.8,19.4,0.442,1.36,12.9,0.391,0.807,0.587,0.136,0.495,0.524,104.9,103.0,85.83,103,0.543
0022400145,2024-11-02,1610612749,Milwaukee Bucks,1,0,1,0.0,48.0,114.6,117.7,120.5,118.8,-5.9,-1.0,0.558,1.85,18.2,0.275,0.771,0.515,0.135,0.584,0.591,96.6,96.0,80.0,96,0.457
0022400146,2024-11-02,1610612750,Minnesota Timberwolves,1,0,1,0.0,48.0,105.3,108.4,117.1,117.7,-11.8,-9.3,0.538,1.62,16.8,0.188,0.738,0.444,0.137,0.543,0.567,97.1,95.5,79.58,95,0.405
0022400150,2024-11-02,1610612760,Oklahoma City Thunder,1,1,0,1.0,48.0,103.6,105.0,89.8,92.0,13.8,13.0,0.694,2.08,19.1,0.12,0.736,0.437,0.12,0.524,0.568,101.9,100.0,83.33,100,0.555
0022400142,2024-11-02,1610612755,Philadelphia 76ers,1,0,1,0.0,48.0,103.1,108.1,121.3,124.0,-18.2,-15.9,0.611,1.57,16.3,0.25,0.61,0.402,0.141,0.511,0.547,103.0,99.5,82.92,99,0.377
0022400149,2024-11-02,1610612756,Phoenix Suns,1,1,0,1.0,48.0,99.3,100.0,89.9,95.1,9.4,4.9,0.829,2.07,19.5,0.279,0.747,0.537,0.136,0.468,0.502,105.8,102.5,85.42,103,0.59
0022400149,2024-11-02,1610612757,Portland Trail Blazers,1,0,1,0.0,48.0,89.9,95.1,99.3,100.0,-9.4,-4.9,0.459,2.83,12.4,0.253,0.721,0.463,0.059,0.396,0.419,105.8,102.5,85.42,102,0.41
0022400143,2024-11-02,1610612758,Sacramento Kings,1,0,1,0.0,53.0,109.3,110.3,113.3,112.9,-4.0,-2.6,0.457,1.17,13.5,0.316,0.712,0.505,0.155,0.51,0.561,105.4,105.06,87.55,116,0.485
0022400146,2024-11-02,1610612759,San Antonio Spurs,1,1,0,1.0,48.0,117.1,117.7,105.3,108.4,11.8,9.3,0.744,2.46,23.2,0.262,0.813,0.556,0.135,0.596,0.624,97.1,95.5,79.58,96,0.595
0022400143,2024-11-02,1610612761,Toronto Raptors,1,1,0,1.0,53.0,113.3,112.9,109.3,110.3,4.0,2.6,0.674,1.63,19.1,0.288,0.684,0.495,0.164,0.574,0.603,105.4,105.06,87.55,116,0.515
0022400148,2024-11-02,1610612762,Utah Jazz,1,0,1,0.0,48.0,96.6,97.2,119.3,121.7,-22.7,-24.5,0.75,1.0,17.1,0.208,0.582,0.408,0.226,0.5,0.568,107.4,106.0,88.33,106,0.393
0022400147,2024-11-02,1610612764,Washington Wizards,1,0,1,0.0,48.0,94.0,95.1,111.8,114.6,-17.8,-19.4,0.605,1.92,16.8,0.193,0.609,0.413,0.117,0.456,0.489,104.9,103.0,85.83,103,0.457
0022400152,2024-11-03,1610612737,Atlanta Hawks,1,1,0,1.0,48.0,126.9,128.6,112.3,113.3,14.6,15.3,0.58,1.81,20.9,0.333,0.615,0.495,0.163,0.653,0.675,99.0,98.0,81.67,98,0.601
0022400151,2024-11-03,1610612751,Brooklyn Nets,1,0,1,0.0,48.0,97.2,98.9,105.5,112.8,-8.3,-13.8,0.719,1.64,18.9,0.136,0.605,0.368,0.151,0.514,0.543,97.5,93.5,77.92,93,0.407
0022400153,2024-11-03,1610612742,Dallas Mavericks,1,1,0,1.0,48.0,105.8,106.9,82.2,84.2,23.5,22.8,0.595,1.32,18.0,0.283,0.698,0.523,0.188,0.553,0.568,102.7,101.0,84.17,101,0.672
0022400151,2024-11-03,1610612765,Detroit Pistons,1,1,0,1.0,48.0,105.5,112.8,97.2,98.9,8.3,13.8,0.676,1.19,18.5,0.395,0.864,0.632,0.223,0.552,0.599,97.5,93.5,77.92,94,0.593
0022400152,2024-11-03,1610612740,New Orleans Pelicans,1,0,1,0.0,48.0,112.3,113.3,126.9,128.6,-14.6,-15.3,0.564,1.22,15.8,0.385,0.667,0.505,0.184,0.522,0.562,99.0,98.0,81.67,98,0.399
0022400153,2024-11-03,1610612753,Orlando Magic,1,0,1,0.0,48.0,82.2,84.2,105.8,106.9,-23.5,-22.8,0.613,1.27,13.7,0.302,0.717,0.477,0.149,0.376,0.419,102.7,101.0,84.17,101,0.328
0022400157,2024-11-04,1610612737,Atlanta Hawks,1,0,1,0.0,48.0,86.1,87.7,115.3,117.1,-29.2,-29.4,0.622,1.15,16.2,0.241,0.778,0.509,0.189,0.449,0.484,107.4,105.5,87.92,106,0.372
0022400157,2024-11-04,1610612738,Boston Celtics,1,1,0,1.0,48.0,115.3,117.1,86.1,87.7,29.2,29.4,0.563,2.08,18.8,0.222,0.759,0.491,0.124,0.576,0.587,107.4,105.5,87.92,105,0.628
0022400158,2024-11-04,1610612751,Brooklyn Nets,1,1,0,1.0,48.0,112.9,115.2,105.3,110.6,7.5,4.6,0.7,2.0,20.9,0.311,0.551,0.436,0.152,0.554,0.577,96.3,93.0,77.5,92,0.473
0022400162,2024-11-04,1610612766,Charlotte Hornets,1,0,1,0.0,48.0,93.0,95.9,118.2,116.3,-25.2,-20.5,0.543,1.36,14.7,0.259,0.762,0.479,0.144,0.455,0.489,98.2,97.5,81.25,97,0.375
0022400160,2024-11-04,1610612741,Chicago Bulls,1,0,1,0.0,48.0,120.0,122.3,130.8,131.1,-10.8,-8.7,0.8,4.0,24.0,0.231,0.674,0.432,0.087,0.547,0.594,104.1,103.0,85.83,103,0.458
0022400154,2024-11-04,1610612739,Cleveland Cavaliers,1,1,0,1.0,48.0,114.0,114.9,113.3,112.9,0.7,2.0,0.609,2.8,20.6,0.14,0.818,0.457,0.099,0.599,0.6,101.2,101.0,84.17,101,0.507
0022400165,2024-11-04,1610612742,Dallas Mavericks,1,0,1,0.0,48.0,122.1,121.0,125.5,126.4,-3.4,-5.5,0.63,3.22,20.7,0.13,0.773,0.444,0.086,0.601,0.635,105.4,105.5,87.92,105,0.467
0022400166,2024-11-04,1610612743,Denver Nuggets,1,1,0,1.0,48.0,117.8,118.6,107.3,115.5,10.5,3.1,0.707,1.71,19.6,0.37,0.61,0.505,0.167,0.554,0.607,106.8,102.5,85.42,102,0.525
0022400156,2024-11-04,1610612765,Detroit Pistons,1,1,0,1.0,48.0,114.2,116.2,100.1,105.1,14.1,11.1,0.489,1.83,15.5,0.389,0.765,0.571,0.121,0.51,0.544,101.8,98.5,82.08,99,0.527
0022400155,2024-11-04,1610612744,Golden State Warriors,1,1,0,1.0,48.0,121.4,120.2,104.4,108.7,17.0,11.5,0.659,4.14,19.3,0.293,0.745,0.513,0.067,0.515,0.558,105.1,103.5,86.25,104,0.544
0022400161,2024-11-04,1610612745,Houston Rockets,1,1,0,1.0,48.0,113.6,117.2,102.9,105.4,10.7,11.8,0.488,1.91,16.0,0.37,0.719,0.563,0.118,0.534,0.568,95.1,92.5,77.08,93,0.586
0022400165,2024-11-04,1610612754,Indiana Pacers,1,1,0,1.0,48.0,125.5,126.4,122.1,121.0,3.4,5.5,0.556,3.0,20.5,0.227,0.87,0.556,0.094,0.637,0.645,105.4,105.5,87.92,106,0.533
0022400168,2024-11-04,1610612746,LA Clippers,1,1,0,1.0,48.0,122.2,122.8,107.9,114.3,14.3,8.5,0.61,2.27,18.5,0.333,0.625,0.471,0.12,0.561,0.58,94.4,91.5,76.25,92,0.496
0022400156,2024-11-04,1610612747,Los Angeles Lakers,1,0,1,0.0,48.0,100.1,105.1,114.2,116.2,-14.1,-11.1,0.757,2.15,20.3,0.235,0.611,0.429,0.133,0.488,0.532,101.8,98.5,82.08,98,0.473
0022400158,2024-11-04,1610612763,Memphis Grizzlies,1,0,1,0.0,48.0,105.3,110.6,112.9,115.2,-7.5,-4.6,0.674,1.93,20.3,0.449,0.689,0.564,0.16,0.516,0.538,96.3,93.0,77.5,94,0.527
0022400159,2024-11-04,1610612748,Miami Heat,1,0,1,0.0,48.0,108.7,117.0,116.1,122.0,-7.4,-5.0,0.649,2.18,17.5,0.373,0.682,0.516,0.117,0.524,0.56,98.4,92.5,77.08,94,0.518
0022400154,2024-11-04,1610612749,Milwaukee Bucks,1,0,1,0.0,48.0,113.3,112.9,114.0,114.9,-0.7,-2.0,0.5,1.4,16.2,0.182,0.86,0.543,0.149,0.587,0.616,101.2,101.0,84.17,101,0.493
0022400162,2024-11-04,1610612750,Minnesota Timberwolves,1,1,0,1.0,48.0,118.2,116.3,93.0,95.9,25.2,20.5,0.59,1.53,17.6,0.238,0.741,0.521,0.153,0.608,0.63,98.2,97.5,81.25,98,0.625
0022400164,2024-11-04,1610612740,New Orleans Pelicans,1,0,1,0.0,48.0,103.1,106.4,123.5,128.3,-20.4,-21.9,0.632,1.5,18.0,0.37,0.634,0.494,0.17,0.512,0.549,96.3,93.0,77.5,94,0.405
0022400161,2024-11-04,1610612752,New York Knicks,1,0,1,0.0,48.0,102.9,105.4,113.6,117.2,-10.7,-11.8,0.588,2.0,15.6,0.281,0.63,0.437,0.109,0.449,0.499,95.1,92.5,77.08,92,0.414
0022400163,2024-11-04,1610612760,Oklahoma City Thunder,1,1,0,1.0,48.0,98.0,101.0,81.2,86.0,16.8,15.0,0.59,1.35,17.0,0.234,0.741,0.505,0.168,0.529,0.554,105.0,100.5,83.75,101,0.578
0022400163,2024-11-04,1610612753,Orlando Magic,1,0,1,0.0,48.0,81.2,86.0,98.0,101.0,-16.8,-15.0,0.69,1.05,14.9,0.259,0.766,0.495,0.19,0.384,0.458,105.0,100.5,83.75,100,0.422
0022400167,2024-11-04,1610612755,Philadelphia 76ers,1,0,1,0.0,48.0,114.9,114.9,119.9,116.8,-4.9,-2.0,0.675,1.8,19.6,0.229,0.762,0.478,0.149,0.575,0.611,99.7,101.0,84.17,101,0.47
0022400167,2024-11-04,1610612756,Phoenix Suns,1,1,0,1.0,48.0,119.9,116.8,114.9,114.9,4.9,2.0,0.571,1.71,17.8,0.238,0.771,0.522,0.139,0.579,0.631,99.7,101.0,84.17,101,0.53
0022400164,2024-11-04,1610612757,Portland Trail Blazers,1,1,0,1.0,48.0,123.5,128.3,103.1,106.4,20.4,21.9,0.457,1.75,16.4,0.366,0.63,0.506,0.13,0.607,0.624,96.3,93.0,77.5,92,0.595
0022400159,2024-11-04,1610612758,Sacramento Kings,1,1,0,1.0,48.0,116.1,122.0,108.7,117.0,7.4,5.0,0.523,1.64,18.0,0.318,0.627,0.484,0.154,0.57,0.599,98.4,92.5,77.08,91,0.482
0022400168,2024-11-04,1610612759,San Antonio Spurs,1,0,1,0.0,48.0,107.9,114.3,122.2,122.8,-14.3,-8.5,0.579,1.57,16.8,0.375,0.667,0.529,0.154,0.506,0.551,94.4,91.5,76.25,91,0.504
0022400166,2024-11-04,1610612761,Toronto Raptors,1,0,1,0.0,48.0,107.3,115.5,117.8,118.6,-10.5,-3.1,0.809,2.71,23.2,0.39,0.63,0.495,0.136,0.519,0.536,106.8,102.5,85.42,103,0.475
0022400160,2024-11-04,1610612762,Utah Jazz,1,1,0,1.0,48.0,130.8,131.1,120.0,122.3,10.8,8.7,0.729,2.69,23.0,0.326,0.769,0.568,0.126,0.629,0.66,104.1,103.0,85.83,103,0.542
0022400155,2024-11-04,1610612764,Washington Wizards,1,0,1,0.0,48.0,104.4,108.7,121.4,120.2,-17.0,-11.5,0.69,2.9,19.9,0.255,0.707,0.487,0.097,0.49,0.532,105.1,103.5,86.25,103,0.456
0022400171,2024-11-06,1610612737,Atlanta Hawks,1,1,0,1.0,48.0,119.0,122.2,116.5,116.0,2.5,6.2,0.689,3.88,20.7,0.345,0.773,0.529,0.081,0.525,0.552,100.6,99.5,82.92,99,0.528
0022400172,2024-11-06,1610612738,Boston Celtics,1,0,1,0.0,48.0,114.0,116.7,121.0,122.9,-6.9,-6.3,0.579,1.83,16.5,0.291,0.692,0.486,0.125,0.528,0.564,97.9,96.0,80.0,96,0.461
0022400169,2024-11-06,1610612766,Charlotte Hornets,1,1,0,1.0,48.0,106.9,105.9,103.9,107.0,3.0,-1.1,0.564,1.83,16.5,0.196,0.82,0.505,0.118,0.511,0.556,102.0,101.0,84.17,102,0.483
0022400176,2024-11-06,1610612741,Chicago Bulls,1,0,1,0.0,48.0,94.2,92.5,109.9,111.2,-15.8,-18.7,0.694,1.09,17.0,0.273,0.76,0.505,0.215,0.488,0.515,106.7,107.0,89.17,107,0.394
0022400175,2024-11-06,1610612739,Cleveland Cavaliers,1,1,0,1.0,48.0,127.5,131.0,119.2,124.5,8.3,6.5,0.635,2.54,21.9,0.391,0.75,0.574,0.13,0.63,0.644,102.5,99.0,82.5,100,0.547
0022400176,2024-11-06,1610612742,Dallas Mavericks,1,1,0,1.0,48.0,109.9,111.2,94.2,92.5,15.8,18.7,0.733,2.2,21.7,0.24,0.727,0.495,0.14,0.548,0.582,106.7,107.0,89.17,107,0.606
0022400177,2024-11-06,1610612743,Denver Nuggets,1,1,0,1.0,48.0,114.3,113.8,109.8,111.9,4.5,1.8,0.81,1.89,21.4,0.32,0.75,0.555,0.165,0.562,0.599,109.8,109.0,90.83,109,0.533
0022400169,2024-11-06,1610612765,Detroit Pistons,1,0,1,0.0,48.0,103.9,107.0,106.9,105.9,-3.0,1.1,0.739,3.09,23.8,0.18,0.804,0.495,0.11,0.543,0.546,102.0,101.0,84.17,100,0.517
0022400172,2024-11-06,1610612744,Golden State Warriors,1,1,0,1.0,48.0,121.0,122.9,114.0,116.7,6.9,6.3,0.524,2.0,16.4,0.308,0.709,0.514,0.115,0.538,0.581,97.9,96.0,80.0,96,0.539
0022400173,2024-11-06,1610612745,Houston Rockets,1,1,0,1.0,48.0,122.6,123.3,98.0,97.1,24.6,26.2,0.519,2.33,19.3,0.298,0.792,0.547,0.117,0.615,0.619,102.8,103.0,85.83,103,0.618
0022400170,2024-11-06,1610612754,Indiana Pacers,1,1,0,1.0,48.0,124.9,121.6,111.6,115.6,13.3,6.0,0.512,1.91,17.1,0.139,0.717,0.463,0.113,0.618,0.675,96.9,96.5,80.42,97,0.537
0022400179,2024-11-06,1610612746,LA Clippers,1,1,0,1.0,48.0,120.4,120.9,107.3,107.7,13.1,13.2,0.659,1.42,21.3,0.281,0.703,0.507,0.209,0.653,0.684,91.4,91.0,75.83,91,0.594
0022400174,2024-11-06,1610612747,Los Angeles Lakers,1,0,1,0.0,48.0,109.4,111.8,120.1,127.2,-10.7,-15.4,0.561,2.09,16.9,0.212,0.612,0.406,0.108,0.522,0.558,106.7,102.5,85.42,102,0.43
0022400174,2024-11-06,1610612763,Memphis Grizzlies,1,1,0,1.0,48.0,120.1,127.2,109.4,111.8,10.7,15.4,0.583,1.56,18.8,0.388,0.788,0.594,0.175,0.608,0.635,106.7,102.5,85.42,103,0.57
0022400178,2024-11-06,1610612748,Miami Heat,1,0,1,0.0,48.0,114.5,114.3,117.4,117.3,-2.9,-3.1,0.675,2.7,19.4,0.269,0.727,0.479,0.102,0.505,0.556,97.9,98.0,81.67,98,0.487
0022400175,2024-11-06,1610612740,New Orleans Pelicans,1,0,1,0.0,48.0,119.2,124.5,127.5,131.0,-8.3,-6.5,0.5,2.1,16.0,0.25,0.609,0.426,0.102,0.551,0.608,102.5,99.0,82.5,98,0.453
0022400171,2024-11-06,1610612752,New York Knicks,1,0,1,0.0,48.0,116.5,116.0,119.0,122.2,-2.5,-6.2,0.707,1.81,21.0,0.227,0.655,0.471,0.16,0.619,0.64,100.6,99.5,82.92,100,0.472
0022400177,2024-11-06,1610612760,Oklahoma City Thunder,1,0,1,0.0,48.0,109.8,111.9,114.3,113.8,-4.5,-1.8,0.659,2.07,19.0,0.25,0.68,0.445,0.128,0.52,0.554,109.8,109.0,90.83,109,0.467
0022400170,2024-11-06,1610612753,Orlando Magic,1,0,1,0.0,48.0,111.6,115.6,124.9,121.6,-13.3,-6.0,0.619,1.63,19.3,0.283,0.861,0.537,0.167,0.555,0.594,96.9,96.5,80.42,96,0.463
0022400179,2024-11-06,1610612755,Philadelphia 76ers,1,0,1,0.0,48.0,107.3,107.7,120.4,120.9,-13.1,-13.2,0.475,0.95,15.7,0.297,0.719,0.493,0.22,0.596,0.602,91.4,91.0,75.83,91,0.406
0022400178,2024-11-06,1610612756,Phoenix Suns,1,1,0,1.0,48.0,117.4,117.3,114.5,114.3,2.9,3.1,0.69,1.81,21.0,0.273,0.731,0.521,0.163,0.607,0.626,97.9,98.0,81.67,98,0.513
0022400180,2024-11-06,1610612758,Sacramento Kings,1,1,0,1.0,48.0,123.1,128.4,108.5,113.8,14.6,14.6,0.619,2.6,18.6,0.438,0.739,0.585,0.105,0.522,0.586,98.8,94.5,78.75,95,0.588
0022400173,2024-11-06,1610612759,San Antonio Spurs,1,0,1,0.0,48.0,98.0,97.1,122.6,123.3,-24.6,-26.2,0.541,1.0,15.2,0.208,0.702,0.453,0.194,0.53,0.555,102.8,103.0,85.83,103,0.382
0022400180,2024-11-06,1610612761,Toronto Raptors,1,0,1,0.0,48.0,108.5,113.8,123.1,128.4,-14.6,-14.6,0.581,2.08,19.1,0.261,0.563,0.415,0.128,0.545,0.566,98.8,94.5,78.75,94,0.412
0022400181,2024-11-07,1610612741,Chicago Bulls,1,0,1,0.0,48.0,121.9,122.7,129.2,137.8,-7.3,-15.1,0.638,2.31,21.6,0.273,0.595,0.43,0.134,0.619,0.629,101.0,97.5,81.25,97,0.444
0022400182,2024-11-07,1610612749,Milwaukee Bucks,1,1,0,1.0,48.0,126.5,126.8,101.1,103.1,25.5,23.7,0.465,1.82,15.5,0.289,0.773,0.528,0.113,0.601,0.633,98.1,97.0,80.83,97,0.582
0022400181,2024-11-07,1610612750,Minnesota Timberwolves,1,1,0,1.0,48.0,129.2,137.8,121.9,122.7,7.3,15.1,0.569,2.07,20.1,0.405,0.727,0.57,0.143,0.634,0.672,101.0,97.5,81.25,98,0.556
0022400183,2024-11-07,1610612757,Portland Trail Blazers,1,0,1,0.0,48.0,109.7,110.5,125.6,125.5,-15.9,-15.0,0.561,1.64,17.2,0.34,0.683,0.495,0.147,0.529,0.549,94.8,94.5,78.75,95,0.408
0022400183,2024-11-07,1610612759,San Antonio Spurs,1,1,0,1.0,48.0,125.6,125.5,109.7,110.5,15.9,15.0,0.795,2.19,24.6,0.317,0.66,0.505,0.17,0.634,0.656,94.8,94.5,78.75,94,0.592
0022400182,2024-11-07,1610612762,Utah Jazz,1,0,1,0.0,48.0,101.1,103.1,126.5,126.8,-25.5,-23.7,0.727,1.09,18.3,0.227,0.711,0.472,0.227,0.539,0.589,98.1,97.0,80.83,97,0.418
0022400185,2024-11-08,1610612737,Atlanta Hawks,1,0,1,0.0,48.0,109.9,113.1,111.3,115.1,-1.4,-2.0,0.682,1.67,19.0,0.382,0.674,0.515,0.168,0.531,0.565,109.9,106.5,88.75,107,0.494
0022400187,2024-11-08,1610612738,Boston Celtics,1,1,0,1.0,53.0,100.6,106.9,96.7,103.0,3.9,4.0,0.59,1.77,17.2,0.212,0.65,0.446,0.129,0.511,0.549,97.3,91.47,76.23,101,0.539
0022400187,2024-11-08,1610612751,Brooklyn Nets,1,0,1,0.0,53.0,96.7,103.0,100.6,106.9,-3.9,-4.0,0.585,1.85,16.6,0.35,0.788,0.554,0.129,0.46,0.488,97.3,91.47,76.23,101,0.461
0022400184,2024-11-08,1610612766,Charlotte Hornets,1,1,0,1.0,48.0,105.9,109.6,86.3,88.3,19.6,21.3,0.605,1.53,17.0,0.358,0.852,0.607,0.16,0.517,0.541,96.7,94.0,78.33,94,0.601
0022400188,2024-11-08,1610612739,Cleveland Cavaliers,1,1,0,1.0,48.0,125.6,127.1,106.2,109.3,19.3,17.8,0.717,1.65,21.9,0.275,0.736,0.538,0.187,0.659,0.699,109.2,107.0,89.17,107,0.58
0022400190,2024-11-08,1610612742,Dallas Mavericks,1,0,1,0.0,48.0,121.9,122.8,124.0,123.9,-2.1,-1.1,0.439,1.64,15.0,0.256,0.711,0.5,0.12,0.581,0.63,92.3,92.0,76.67,92,0.485
0022400194,2024-11-08,1610612743,Denver Nuggets,1,1,0,1.0,48.0,133.2,131.1,116.5,118.4,16.7,12.6,0.74,2.06,25.2,0.219,0.735,0.531,0.175,0.728,0.755,103.0,103.0,85.83,103,0.577
0022400185,2024-11-08,1610612765,Detroit Pistons,1,1,0,1.0,48.0,111.3,115.1,109.9,113.1,1.4,2.0,0.614,1.29,18.2,0.326,0.618,0.485,0.198,0.587,0.612,109.9,106.5,88.75,106,0.506
0022400188,2024-11-08,1610612744,Golden State Warriors,1,0,1,0.0,48.0,106.2,109.3,125.6,127.1,-19.3,-17.8,0.681,1.88,20.9,0.264,0.725,0.462,0.159,0.546,0.562,109.2,107.0,89.17,107,0.42
0022400192,2024-11-08,1610612745,Houston Rockets,1,0,1,0.0,48.0,102.5,103.9,121.0,122.3,-18.6,-18.4,0.487,1.12,13.7,0.309,0.787,0.529,0.165,0.494,0.527,104.3,103.0,85.83,103,0.405
0022400184,2024-11-08,1610612754,Indiana Pacers,1,0,1,0.0,48.0,86.3,88.3,105.9,109.6,-19.6,-21.3,0.727,1.71,19.0,0.148,0.642,0.393,0.149,0.452,0.465,96.7,94.0,78.33,94,0.399
0022400196,2024-11-08,1610612746,LA Clippers,1,1,0,1.0,48.0,106.9,110.3,100.5,100.0,6.4,10.3,0.556,0.95,15.3,0.319,0.86,0.578,0.216,0.531,0.587,98.8,97.5,81.25,97,0.524
0022400195,2024-11-08,1610612747,Los Angeles Lakers,1,1,0,1.0,48.0,117.0,119.6,104.8,110.4,12.2,9.2,0.636,2.15,20.7,0.233,0.721,0.519,0.134,0.612,0.636,100.1,96.5,80.42,97,0.567
0022400191,2024-11-08,1610612763,Memphis Grizzlies,1,1,0,1.0,48.0,112.3,121.9,94.4,99.0,17.8,22.9,0.652,1.58,19.4,0.407,0.702,0.559,0.181,0.546,0.593,112.1,105.0,87.5,105,0.607
0022400194,2024-11-08,1610612748,Miami Heat,1,0,1,0.0,48.0,116.5,118.4,133.2,131.1,-16.7,-12.6,0.717,2.36,22.1,0.265,0.781,0.469,0.136,0.596,0.612,103.0,103.0,85.83,103,0.423
0022400189,2024-11-08,1610612749,Milwaukee Bucks,1,0,1,0.0,48.0,99.9,98.9,120.4,123.4,-20.5,-24.5,0.556,1.67,15.5,0.28,0.64,0.46,0.126,0.476,0.505,95.2,94.5,78.75,95,0.371
0022400193,2024-11-08,1610612750,Minnesota Timberwolves,1,1,0,1.0,48.0,112.2,122.1,95.7,99.0,16.5,23.1,0.681,1.6,20.4,0.423,0.714,0.574,0.192,0.598,0.616,109.9,103.5,86.25,104,0.639
0022400186,2024-11-08,1610612740,New Orleans Pelicans,1,0,1,0.0,48.0,86.7,91.7,115.9,119.8,-29.2,-28.1,0.563,1.13,14.1,0.264,0.634,0.426,0.167,0.44,0.481,100.4,96.0,80.0,96,0.313
0022400189,2024-11-08,1610612752,New York Knicks,1,1,0,1.0,48.0,120.4,123.4,99.9,98.9,20.5,24.5,0.814,3.18,24.0,0.36,0.72,0.54,0.117,0.549,0.584,95.2,94.5,78.75,94,0.629
0022400192,2024-11-08,1610612760,Oklahoma City Thunder,1,1,0,1.0,48.0,121.0,122.3,102.5,103.9,18.6,18.4,0.522,2.18,17.6,0.213,0.691,0.471,0.107,0.589,0.629,104.3,103.0,85.83,103,0.595
0022400186,2024-11-08,1610612753,Orlando Magic,1,1,0,1.0,48.0,115.9,119.8,86.7,91.7,29.2,28.1,0.622,1.87,20.1,0.366,0.736,0.574,0.156,0.57,0.604,100.4,96.0,80.0,96,0.687
0022400195,2024-11-08,1610612755,Philadelphia 76ers,1,0,1,0.0,48.0,104.8,110.4,117.0,119.6,-12.2,-9.2,0.718,3.5,19.9,0.279,0.767,0.481,0.083,0.474,0.499,100.1,96.5,80.42,96,0.433
0022400190,2024-11-08,1610612756,Phoenix Suns,1,1,0,1.0,48.0,124.0,123.9,121.9,122.8,2.1,1.1,0.605,2.89,19.8,0.289,0.744,0.5,0.098,0.587,0.607,92.3,92.0,76.67,92,0.515
0022400193,2024-11-08,1610612757,Portland Trail Blazers,1,0,1,0.0,48.0,95.7,99.0,112.2,122.1,-16.5,-23.1,0.333,0.76,9.8,0.286,0.577,0.426,0.165,0.462,0.502,109.9,103.5,86.25,103,0.361
0022400196,2024-11-08,1610612758,Sacramento Kings,1,0,1,0.0,48.0,100.5,100.0,106.9,110.3,-6.4,-10.3,0.514,1.36,15.4,0.14,0.681,0.422,0.143,0.494,0.553,98.8,97.5,81.25,98,0.476
0022400191,2024-11-08,1610612764,Washington Wizards,1,0,1,0.0,48.0,94.4,99.0,112.3,121.9,-17.8,-22.9,0.711,1.5,18.2,0.298,0.593,0.441,0.171,0.457,0.504,112.1,105.0,87.5,105,0.393
0022400198,2024-11-09,1610612737,Atlanta Hawks,1,0,1,0.0,48.0,106.4,106.6,116.7,120.2,-10.3,-13.6,0.756,2.21,20.4,0.294,0.667,0.475,0.132,0.511,0.553,106.7,105.0,87.5,106,0.442
0022400199,2024-11-09,1610612751,Brooklyn Nets,1,0,1,0.0,48.0,106.5,108.7,111.3,114.1,-4.8,-5.4,0.618,1.05,16.5,0.326,0.778,0.532,0.217,0.546,0.596,94.1,92.0,76.67,92,0.438
0022400198,2024-11-09,1610612741,Chicago Bulls,1,1,0,1.0,48.0,116.7,120.2,106.4,106.6,10.3,13.6,0.652,1.67,20.0,0.333,0.706,0.525,0.173,0.571,0.612,106.7,105.0,87.5,104,0.558
0022400199,2024-11-09,1610612739,Cleveland Cavaliers,1,1,0,1.0,48.0,111.3,114.1,106.5,108.7,4.8,5.4,0.6,1.5,19.4,0.222,0.674,0.468,0.174,0.608,0.637,94.1,92.0,76.67,92,0.562
0022400200,2024-11-09,1610612746,LA Clippers,1,1,0,1.0,48.0,108.2,108.2,100.7,106.2,7.4,2.1,0.514,1.29,14.4,0.233,0.689,0.5,0.144,0.526,0.583,99.7,97.0,80.83,97,0.54
0022400197,2024-11-09,1610612759,San Antonio Spurs,1,0,1,0.0,48.0,102.5,105.8,104.3,106.7,-1.9,-1.0,0.763,1.45,20.3,0.208,0.75,0.479,0.192,0.547,0.589,106.9,104.0,86.67,104,0.483
0022400200,2024-11-09,1610612761,Toronto Raptors,1,0,1,0.0,48.0,100.7,106.2,108.2,108.2,-7.4,-2.1,0.65,2.6,18.3,0.311,0.767,0.5,0.103,0.479,0.494,99.7,97.0,80.83,97,0.46
0022400197,2024-11-09,1610612762,Utah Jazz,1,1,0,1.0,48.0,104.3,106.7,102.5,105.8,1.9,1.0,0.605,1.28,16.7,0.25,0.792,0.521,0.173,0.524,0.57,106.9,104.0,86.67,104,0.517
0022400202,2024-11-10,1610612738,Boston Celtics,1,1,0,1.0,48.0,110.9,115.3,108.9,109.2,2.0,6.1,0.771,2.25,19.6,0.25,0.864,0.531,0.122,0.517,0.577,100.1,98.0,81.67,98,0.501
0022400205,2024-11-10,1610612766,Charlotte Hornets,1,0,1,0.0,53.0,92.4,98.1,102.5,100.0,-10.1,-1.9,0.611,1.05,14.7,0.339,0.813,0.545,0.196,0.453,0.502,98.8,96.91,80.75,107,0.482
0022400208,2024-11-10,1610612742,Dallas Mavericks,1,0,1,0.0,48.0,122.0,121.2,125.2,123.2,-3.2,-2.0,0.604,2.9,20.9,0.239,0.723,0.484,0.101,0.589,0.61,97.9,99.0,82.5,99,0.491
0022400208,2024-11-10,1610612743,Denver Nuggets,1,1,0,1.0,48.0,125.2,123.2,122.0,121.2,3.2,2.0,0.778,3.5,23.8,0.277,0.761,0.516,0.101,0.584,0.607,97.9,99.0,82.5,99,0.509
0022400201,2024-11-10,1610612765,Detroit Pistons,1,0,1,0.0,48.0,97.9,103.1,102.5,106.3,-4.6,-3.2,0.583,1.17,15.7,0.321,0.638,0.486,0.188,0.494,0.526,99.8,95.5,79.58,96,0.476
0022400207,2024-11-10,1610612744,Golden State Warriors,1,1,0,1.0,48.0,125.6,128.3,113.2,117.2,12.4,11.1,0.778,2.33,23.0,0.383,0.66,0.53,0.152,0.624,0.641,101.8,99.0,82.5,99,0.553
0022400201,2024-11-10,1610612745,Houston Rockets,1,1,0,1.0,48.0,102.5,106.3,97.9,103.1,4.6,3.2,0.5,1.58,14.1,0.362,0.679,0.514,0.126,0.446,0.488,99.8,95.5,79.58,95,0.524
0022400203,2024-11-10,1610612754,Indiana Pacers,1,1,0,1.0,48.0,126.9,133.3,119.9,122.2,7.0,11.1,0.6,2.7,19.7,0.239,0.75,0.477,0.101,0.631,0.667,102.4,99.0,82.5,99,0.518
0022400211,2024-11-10,1610612747,Los Angeles Lakers,1,1,0,1.0,48.0,131.8,133.7,105.4,113.2,26.4,20.5,0.682,6.0,22.4,0.273,0.587,0.433,0.054,0.581,0.626,95.5,91.5,76.25,92,0.619
0022400210,2024-11-10,1610612763,Memphis Grizzlies,1,1,0,1.0,48.0,121.5,120.7,75.9,80.9,45.6,39.8,0.681,1.39,20.5,0.341,0.652,0.533,0.207,0.647,0.688,113.8,110.5,92.08,111,0.802
0022400206,2024-11-10,1610612748,Miami Heat,1,1,0,1.0,48.0,91.6,96.0,96.2,94.9,-4.6,1.0,0.529,0.78,14.0,0.261,0.704,0.5,0.232,0.513,0.548,100.7,99.0,82.5,99,0.513
0022400202,2024-11-10,1610612749,Milwaukee Bucks,1,0,1,0.0,48.0,108.9,109.2,110.9,115.3,-2.0,-6.1,0.538,1.62,16.8,0.136,0.75,0.469,0.133,0.562,0.593,100.1,98.0,81.67,98,0.499
0022400206,2024-11-10,1610612750,Minnesota Timberwolves,1,0,1,0.0,48.0,96.2,94.9,91.6,96.0,4.6,-1.0,0.629,1.1,16.1,0.296,0.739,0.5,0.202,0.472,0.501,100.7,99.0,82.5,99,0.487
0022400203,2024-11-10,1610612752,New York Knicks,1,0,1,0.0,48.0,119.9,122.2,126.9,133.3,-7.0,-11.1,0.5,1.64,17.4,0.25,0.761,0.523,0.141,0.596,0.638,102.4,99.0,82.5,99,0.482
0022400207,2024-11-10,1610612760,Oklahoma City Thunder,1,0,1,0.0,48.0,113.2,117.2,125.6,128.3,-12.4,-11.1,0.595,2.27,17.7,0.34,0.617,0.47,0.111,0.505,0.55,101.8,99.0,82.5,99,0.447
0022400204,2024-11-10,1610612753,Orlando Magic,1,1,0,1.0,48.0,122.2,128.7,101.1,100.0,21.1,28.7,0.61,2.08,18.2,0.365,0.762,0.543,0.128,0.544,0.593,96.0,94.0,78.33,94,0.61
0022400205,2024-11-10,1610612755,Philadelphia 76ers,1,1,0,1.0,53.0,102.5,100.0,92.4,98.1,10.1,1.9,0.615,1.41,17.1,0.188,0.661,0.455,0.159,0.518,0.561,98.8,96.91,80.75,107,0.518
0022400209,2024-11-10,1610612756,Phoenix Suns,1,0,1,0.0,53.0,102.1,104.4,108.2,112.4,-6.1,-8.0,0.682,2.5,19.4,0.19,0.764,0.458,0.106,0.505,0.529,105.5,102.34,85.28,113,0.474
0022400210,2024-11-10,1610612757,Portland Trail Blazers,1,0,1,0.0,48.0,75.9,80.9,121.5,120.7,-45.6,-39.8,0.529,0.75,11.9,0.348,0.659,0.467,0.218,0.36,0.407,113.8,110.5,92.08,110,0.198
0022400209,2024-11-10,1610612758,Sacramento Kings,1,1,0,1.0,53.0,108.2,112.4,102.1,104.4,6.1,8.0,0.46,1.53,15.5,0.236,0.81,0.542,0.133,0.544,0.575,105.5,102.34,85.28,113,0.526
0022400211,2024-11-10,1610612761,Toronto Raptors,1,0,1,0.0,48.0,105.4,113.2,131.8,133.7,-26.4,-20.5,0.703,1.44,19.1,0.413,0.727,0.567,0.198,0.512,0.562,95.5,91.5,76.25,91,0.381
0022400204,2024-11-10,1610612764,Washington Wizards,1,0,1,0.0,48.0,101.1,100.0,122.2,128.7,-21.1,-28.7,0.606,1.18,16.1,0.238,0.635,0.457,0.181,0.528,0.566,96.0,94.0,78.33,94,0.39
0022400214,2024-11-11,1610612751,Brooklyn Nets,1,1,0,1.0,48.0,112.2,112.6,109.1,110.5,3.1,2.1,0.667,1.41,17.6,0.354,0.654,0.51,0.179,0.542,0.579,95.8,95.0,79.17,95,0.462
0022400212,2024-11-11,1610612741,Chicago Bulls,1,0,1,0.0,48.0,105.6,109.7,113.8,114.4,-8.2,-4.7,0.605,1.24,18.3,0.283,0.746,0.543,0.204,0.575,0.601,105.8,103.5,86.25,103,0.489
0022400212,2024-11-11,1610612739,Cleveland Cavaliers,1,1,0,1.0,48.0,113.8,114.4,105.6,109.7,8.2,4.7,0.605,2.89,17.9,0.254,0.717,0.457,0.087,0.521,0.553,105.8,103.5,86.25,104,0.511
0022400213,2024-11-11,1610612745,Houston Rockets,1,1,0,1.0,48.0,104.9,104.9,87.9,90.2,17.0,14.7,0.325,0.62,9.6,0.417,0.759,0.598,0.206,0.489,0.546,103.4,102.0,85.0,102,0.593
0022400215,2024-11-11,1610612746,LA Clippers,1,0,1,0.0,48.0,125.8,125.5,129.9,131.4,-4.2,-5.9,0.705,1.29,20.7,0.436,0.733,0.595,0.235,0.675,0.69,102.4,102.0,85.0,102,0.471
0022400214,2024-11-11,1610612740,New Orleans Pelicans,1,0,1,0.0,48.0,109.1,110.5,112.2,112.6,-3.1,-2.1,0.738,2.82,21.5,0.346,0.646,0.49,0.116,0.5,0.529,95.8,95.0,79.17,95,0.538
0022400215,2024-11-11,1610612760,Oklahoma City Thunder,1,1,0,1.0,48.0,129.9,131.4,125.8,125.5,4.2,5.9,0.66,2.82,21.4,0.267,0.564,0.405,0.108,0.615,0.663,102.4,102.0,85.0,102,0.529
0022400216,2024-11-11,1610612758,Sacramento Kings,1,0,1,0.0,48.0,99.0,100.0,117.7,120.8,-18.7,-20.8,0.462,1.64,14.3,0.226,0.738,0.453,0.115,0.484,0.505,97.7,96.0,80.0,96,0.396
0022400216,2024-11-11,1610612759,San Antonio Spurs,1,1,0,1.0,48.0,117.7,120.8,99.0,100.0,18.7,20.8,0.721,1.72,22.5,0.262,0.774,0.547,0.188,0.635,0.655,97.7,96.0,80.0,96,0.604
0022400213,2024-11-11,1610612764,Washington Wizards,1,0,1,0.0,48.0,87.9,90.2,104.9,104.9,-17.0,-14.7,0.583,1.11,15.4,0.241,0.583,0.402,0.186,0.472,0.491,103.4,102.0,85.0,102,0.407
0022400001,2024-11-12,1610612737,Atlanta Hawks,1,1,0,1.0,48.0,115.0,117.0,115.0,117.2,0.0,-0.2,0.7,2.19,22.0,0.462,0.769,0.593,0.16,0.556,0.559,101.3,99.5,82.92,100,0.511
0022400001,2024-11-12,1610612738,Boston Celtics,1,0,1,0.0,48.0,115.0,117.2,115.0,117.0,0.0,0.2,0.737,1.4,20.7,0.231,0.538,0.407,0.202,0.627,0.668,101.3,99.5,82.92,99,0.489
0022400003,2024-11-12,1610612766,Charlotte Hornets,1,0,1,0.0,48.0,85.4,88.1,109.2,114.0,-23.8,-25.9,0.647,1.0,16.2,0.264,0.778,0.523,0.218,0.482,0.494,104.3,100.5,83.75,101,0.386
0022400007,2024-11-12,1610612742,Dallas Mavericks,1,0,1,0.0,48.0,111.9,112.5,119.0,116.5,-7.1,-4.0,0.591,1.44,18.4,0.244,0.667,0.475,0.173,0.589,0.619,102.7,103.5,86.25,104,0.46
0022400002,2024-11-12,1610612765,Detroit Pistons,1,1,0,1.0,53.0,113.6,116.0,113.4,113.1,0.2,3.0,0.744,1.68,20.5,0.353,0.732,0.551,0.179,0.538,0.59,97.4,96.45,80.38,106,0.524
0022400007,2024-11-12,1610612744,Golden State Warriors,1,1,0,1.0,48.0,119.0,116.5,111.9,112.5,7.1,4.0,0.644,2.23,19.3,0.333,0.756,0.525,0.126,0.553,0.567,102.7,103.5,86.25,103,0.54
0022400002,2024-11-12,1610612748,Miami Heat,1,0,1,0.0,53.0,113.4,113.1,113.6,116.0,-0.2,-3.0,0.532,2.08,17.0,0.268,0.647,0.449,0.112,0.55,0.567,97.4,96.45,80.38,107,0.476
0022400005,2024-11-12,1610612749,Milwaukee Bucks,1,1,0,1.0,48.0,94.9,100.0,85.2,86.7,9.8,13.3,0.658,1.47,17.6,0.322,0.655,0.487,0.172,0.489,0.499,102.0,98.5,82.08,99,0.556
0022400008,2024-11-12,1610612750,Minnesota Timberwolves,1,0,1,0.0,48.0,105.8,106.9,119.8,120.8,-14.1,-13.9,0.595,0.96,17.1,0.194,0.714,0.474,0.228,0.596,0.65,102.0,101.0,84.17,101,0.44
0022400004,2024-11-12,1610612752,New York Knicks,1,1,0,1.0,48.0,108.2,111.0,99.4,99.0,8.7,12.0,0.705,2.07,21.5,0.289,0.788,0.557,0.15,0.545,0.581,101.1,100.0,83.33,100,0.604
0022400003,2024-11-12,1610612753,Orlando Magic,1,1,0,1.0,48.0,109.2,114.0,85.4,88.1,23.8,25.9,0.581,2.27,18.2,0.222,0.736,0.477,0.11,0.532,0.562,104.3,100.5,83.75,100,0.614
0022400004,2024-11-12,1610612755,Philadelphia 76ers,1,0,1,0.0,48.0,99.4,99.0,108.2,111.0,-8.7,-12.0,0.613,1.27,14.6,0.212,0.711,0.443,0.15,0.458,0.529,101.1,100.0,83.33,100,0.396
0022400006,2024-11-12,1610612756,Phoenix Suns,1,1,0,1.0,48.0,125.4,126.3,115.5,119.1,9.9,7.2,0.488,2.1,16.3,0.318,0.667,0.5,0.105,0.605,0.627,96.3,94.5,78.75,95,0.529
0022400008,2024-11-12,1610612757,Portland Trail Blazers,1,1,0,1.0,48.0,119.8,120.8,105.8,106.9,14.1,13.9,0.698,1.5,21.0,0.286,0.806,0.526,0.198,0.619,0.657,102.0,101.0,84.17,101,0.56
0022400005,2024-11-12,1610612761,Toronto Raptors,1,0,1,0.0,48.0,85.2,86.7,94.9,100.0,-9.8,-13.3,0.667,0.91,14.5,0.345,0.678,0.513,0.224,0.401,0.448,102.0,98.5,82.08,98,0.444
0022400006,2024-11-12,1610612762,Utah Jazz,1,0,1,0.0,48.0,115.5,119.1,125.4,126.3,-9.9,-7.2,0.711,2.46,22.5,0.333,0.682,0.5,0.138,0.571,0.584,96.3,94.5,78.75,94,0.471
0022400218,2024-11-13,1610612738,Boston Celtics,1,1,0,1.0,48.0,139.6,143.3,117.6,117.5,22.0,25.8,0.7,4.38,23.8,0.326,0.854,0.575,0.082,0.656,0.671,98.2,97.0,80.83,97,0.59
0022400218,2024-11-13,1610612751,Brooklyn Nets,1,0,1,0.0,48.0,117.6,117.5,139.6,143.3,-22.0,-25.8,0.65,2.0,20.2,0.146,0.674,0.425,0.134,0.627,0.656,98.2,97.0,80.83,97,0.41
0022400219,2024-11-13,1610612741,Chicago Bulls,1,1,0,1.0,48.0,118.2,120.4,115.0,118.3,3.2,2.1,0.705,1.72,21.7,0.214,0.708,0.478,0.175,0.622,0.66,105.9,103.5,86.25,103,0.527
0022400220,2024-11-13,1610612739,Cleveland Cavaliers,1,1,0,1.0,48.0,120.7,116.3,109.5,110.4,11.2,5.9,0.595,2.27,18.9,0.205,0.731,0.49,0.112,0.588,0.616,95.7,97.0,80.83,98,0.539
0022400223,2024-11-13,1610612765,Detroit Pistons,1,0,1,0.0,53.0,109.4,113.2,116.5,116.5,-7.1,-3.3,0.63,1.93,19.3,0.273,0.725,0.491,0.142,0.55,0.568,99.0,97.36,81.13,106,0.441
0022400222,2024-11-13,1610612745,Houston Rockets,1,1,0,1.0,48.0,110.5,111.0,98.1,105.1,12.4,5.9,0.667,2.0,18.8,0.379,0.729,0.556,0.14,0.51,0.531,102.8,99.0,82.5,100,0.555
0022400217,2024-11-13,1610612754,Indiana Pacers,1,0,1,0.0,48.0,88.3,92.8,99.4,96.9,-11.1,-4.1,0.688,1.29,16.7,0.245,0.74,0.485,0.175,0.44,0.49,98.3,97.0,80.83,97,0.45
0022400222,2024-11-13,1610612746,LA Clippers,1,0,1,0.0,48.0,98.1,105.1,110.5,111.0,-12.4,-5.9,0.711,2.25,19.1,0.271,0.621,0.444,0.122,0.469,0.5,102.8,99.0,82.5,98,0.445
0022400225,2024-11-13,1610612747,Los Angeles Lakers,1,1,0,1.0,48.0,116.3,120.8,116.6,117.1,-0.3,3.6,0.721,1.72,20.7,0.283,0.706,0.505,0.17,0.624,0.646,107.8,105.5,87.92,106,0.516
0022400225,2024-11-13,1610612763,Memphis Grizzlies,1,0,1,0.0,48.0,116.6,117.1,116.3,120.8,0.3,-3.6,0.667,2.0,18.9,0.294,0.717,0.495,0.133,0.539,0.594,107.8,105.5,87.92,105,0.484
0022400223,2024-11-13,1610612749,Milwaukee Bucks,1,1,0,1.0,53.0,116.5,116.5,109.4,113.2,7.1,3.3,0.578,2.17,17.7,0.275,0.727,0.509,0.11,0.553,0.599,99.0,97.36,81.13,109,0.559
0022400226,2024-11-13,1610612750,Minnesota Timberwolves,1,0,1,0.0,48.0,93.6,97.0,103.8,103.9,-10.2,-6.9,0.432,1.14,11.9,0.305,0.689,0.471,0.139,0.431,0.473,103.4,101.5,84.58,101,0.415
0022400221,2024-11-13,1610612740,New Orleans Pelicans,1,0,1,0.0,48.0,91.2,93.6,109.2,112.8,-18.0,-19.1,0.618,0.88,15.0,0.463,0.804,0.629,0.255,0.448,0.471,96.8,94.0,78.33,94,0.397
0022400219,2024-11-13,1610612752,New York Knicks,1,0,1,0.0,48.0,115.0,118.3,118.2,120.4,-3.2,-2.1,0.646,2.07,20.8,0.292,0.786,0.522,0.144,0.59,0.603,105.9,103.5,86.25,104,0.473
0022400221,2024-11-13,1610612760,Oklahoma City Thunder,1,1,0,1.0,48.0,109.2,112.8,91.2,93.6,18.0,19.1,0.513,2.86,16.1,0.196,0.537,0.371,0.074,0.528,0.558,96.8,94.0,78.33,94,0.603
0022400217,2024-11-13,1610612753,Orlando Magic,1,1,0,1.0,48.0,99.4,96.9,88.3,92.8,11.1,4.1,0.765,1.53,19.1,0.26,0.755,0.515,0.175,0.482,0.519,98.3,97.0,80.83,97,0.55
0022400220,2024-11-13,1610612755,Philadelphia 76ers,1,0,1,0.0,48.0,109.5,110.4,120.7,116.3,-11.2,-5.9,0.585,2.0,17.9,0.269,0.795,0.51,0.125,0.522,0.547,95.7,97.0,80.83,96,0.461
0022400227,2024-11-13,1610612756,Phoenix Suns,1,0,1,0.0,48.0,104.6,107.2,131.6,130.9,-27.0,-23.7,0.639,2.3,16.1,0.359,0.742,0.484,0.103,0.438,0.48,98.0,97.0,80.83,97,0.352
0022400226,2024-11-13,1610612757,Portland Trail Blazers,1,1,0,1.0,48.0,103.8,103.9,93.6,97.0,10.2,6.9,0.447,0.85,13.0,0.311,0.695,0.529,0.196,0.512,0.569,103.4,101.5,84.58,102,0.585
0022400227,2024-11-13,1610612758,Sacramento Kings,1,1,0,1.0,48.0,131.6,130.9,104.6,107.2,27.0,23.7,0.76,2.24,26.6,0.258,0.641,0.516,0.175,0.737,0.743,98.0,97.0,80.83,97,0.648
0022400224,2024-11-13,1610612759,San Antonio Spurs,1,1,0,1.0,48.0,129.8,128.7,119.2,122.6,10.6,6.1,0.792,4.22,24.5,0.267,0.702,0.489,0.083,0.62,0.655,108.1,107.0,89.17,108,0.571
0022400224,2024-11-13,1610612764,Washington Wizards,1,0,1,0.0,48.0,119.2,122.6,129.8,128.7,-10.6,-6.1,0.551,1.5,18.4,0.298,0.733,0.511,0.17,0.611,0.637,108.1,107.0,89.17,106,0.429
0022400228,2024-11-14,1610612742,Dallas Mavericks,1,0,1,0.0,48.0,113.2,117.7,117.1,119.8,-3.8,-2.1,0.581,1.47,18.2,0.372,0.535,0.453,0.177,0.576,0.602,99.0,96.0,80.0,96,0.499
0022400228,2024-11-14,1610612762,Utah Jazz,1,1,0,1.0,48.0,117.1,119.8,113.2,117.7,3.8,2.1,0.581,1.25,17.9,0.465,0.628,0.547,0.208,0.582,0.61,99.0,96.0,80.0,96,0.501
0022400012,2024-11-15,1610612737,Atlanta Hawks,1,1,0,1.0,48.0,115.0,114.2,99.0,103.5,16.0,10.6,0.609,1.75,17.8,0.291,0.677,0.5,0.142,0.531,0.58,115.2,113.0,94.17,113,0.572
0022400014,2024-11-15,1610612751,Brooklyn Nets,1,0,1,0.0,48.0,121.6,124.5,123.6,124.0,-2.0,0.5,0.692,3.0,19.4,0.269,0.7,0.457,0.092,0.545,0.602,100.3,99.0,82.5,98,0.465
0022400013,2024-11-15,1610612741,Chicago Bulls,1,0,1,0.0,48.0,113.7,115.6,127.9,132.1,-14.2,-16.5,0.711,1.88,21.6,0.156,0.818,0.483,0.156,0.625,0.651,111.7,109.0,90.83,109,0.431
0022400013,2024-11-15,1610612739,Cleveland Cavaliers,1,1,0,1.0,48.0,127.9,132.1,113.7,115.6,14.2,16.5,0.647,2.54,22.1,0.182,0.844,0.517,0.119,0.661,0.695,111.7,109.0,90.83,109,0.569
0022400017,2024-11-15,1610612743,Denver Nuggets,1,0,1,0.0,48.0,99.1,100.0,108.7,109.8,-9.6,-9.8,0.703,3.25,20.0,0.2,0.654,0.431,0.085,0.483,0.512,93.9,93.0,77.5,94,0.487
0022400011,2024-11-15,1610612765,Detroit Pistons,1,1,0,1.0,48.0,95.4,97.1,90.8,95.0,4.6,2.1,0.615,1.71,16.6,0.328,0.667,0.508,0.137,0.453,0.477,104.2,101.0,84.17,102,0.547
0022400019,2024-11-15,1610612744,Golden State Warriors,1,1,0,1.0,48.0,107.9,112.8,103.0,106.3,4.9,6.5,0.767,1.74,20.2,0.362,0.646,0.512,0.174,0.536,0.564,114.3,110.0,91.67,109,0.53
0022400016,2024-11-15,1610612745,Houston Rockets,1,1,0,1.0,48.0,118.0,119.0,97.6,98.1,20.4,20.9,0.674,2.58,21.1,0.216,0.695,0.473,0.114,0.584,0.607,106.2,105.5,87.92,105,0.615
0022400009,2024-11-15,1610612754,Indiana Pacers,1,0,1,0.0,48.0,107.9,111.0,120.2,121.6,-12.3,-10.6,0.636,1.4,20.3,0.233,0.795,0.517,0.2,0.593,0.611,103.0,101.0,84.17,100,0.44
0022400016,2024-11-15,1610612746,LA Clippers,1,0,1,0.0,48.0,97.6,98.1,118.0,119.0,-20.4,-20.9,0.353,0.8,8.9,0.305,0.784,0.527,0.142,0.433,0.498,106.2,105.5,87.92,106,0.385
0022400015,2024-11-15,1610612747,Los Angeles Lakers,1,1,0,1.0,48.0,119.9,123.7,118.5,118.6,1.3,5.2,0.614,2.25,19.6,0.34,0.717,0.527,0.124,0.58,0.611,98.6,97.0,80.83,97,0.529
0022400019,2024-11-15,1610612763,Memphis Grizzlies,1,0,1,0.0,48.0,103.0,106.3,107.9,112.8,-4.9,-6.5,0.524,1.47,14.1,0.354,0.638,0.488,0.135,0.442,0.502,114.3,110.0,91.67,111,0.47
0022400009,2024-11-15,1610612748,Miami Heat,1,1,0,1.0,48.0,120.2,121.6,107.9,111.0,12.3,10.6,0.6,2.7,19.7,0.205,0.767,0.483,0.098,0.603,0.638,103.0,101.0,84.17,102,0.56
0022400020,2024-11-15,1610612750,Minnesota Timberwolves,1,1,0,1.0,53.0,119.2,121.5,118.0,120.0,1.2,1.5,0.542,2.36,17.7,0.255,0.714,0.471,0.103,0.574,0.602,97.7,96.0,80.0,107,0.492
0022400017,2024-11-15,1610612740,New Orleans Pelicans,1,1,0,1.0,48.0,108.7,109.8,99.1,100.0,9.6,9.8,0.568,1.4,16.0,0.346,0.8,0.569,0.163,0.489,0.532,93.9,93.0,77.5,92,0.513
0022400014,2024-11-15,1610612752,New York Knicks,1,1,0,1.0,48.0,123.6,124.0,121.6,124.5,2.0,-0.5,0.568,1.92,18.2,0.3,0.731,0.543,0.13,0.608,0.65,100.3,99.0,82.5,100,0.535
0022400018,2024-11-15,1610612760,Oklahoma City Thunder,1,1,0,1.0,48.0,102.1,103.1,84.2,86.5,18.0,16.7,0.583,1.91,15.8,0.291,0.712,0.509,0.115,0.451,0.5,97.8,96.0,80.0,96,0.618
0022400010,2024-11-15,1610612753,Orlando Magic,1,1,0,1.0,48.0,103.5,106.5,92.2,92.5,11.3,14.0,0.441,0.83,12.3,0.356,0.778,0.567,0.196,0.506,0.559,94.0,92.5,77.08,92,0.565
0022400010,2024-11-15,1610612755,Philadelphia 76ers,1,0,1,0.0,48.0,92.2,92.5,103.5,106.5,-11.3,-14.0,0.655,1.06,15.6,0.222,0.644,0.433,0.194,0.472,0.529,94.0,92.5,77.08,93,0.435
0022400018,2024-11-15,1610612756,Phoenix Suns,1,0,1,0.0,48.0,84.2,86.5,102.1,103.1,-18.0,-16.7,0.773,1.0,13.1,0.288,0.709,0.491,0.177,0.353,0.448,97.8,96.0,80.0,96,0.382
0022400020,2024-11-15,1610612758,Sacramento Kings,1,0,1,0.0,53.0,118.0,120.0,119.2,121.5,-1.2,-1.5,0.438,1.62,15.0,0.286,0.745,0.529,0.124,0.563,0.601,97.7,96.0,80.0,105,0.508
0022400015,2024-11-15,1610612759,San Antonio Spurs,1,0,1,0.0,48.0,118.5,118.6,119.9,123.7,-1.3,-5.2,0.744,2.46,22.7,0.283,0.66,0.473,0.134,0.585,0.605,98.6,97.0,80.83,97,0.471
0022400011,2024-11-15,1610612761,Toronto Raptors,1,0,1,0.0,48.0,90.8,95.0,95.4,97.1,-4.6,-2.1,0.6,1.4,14.7,0.333,0.672,0.492,0.15,0.402,0.445,104.2,101.0,84.17,100,0.453
0022400012,2024-11-15,1610612764,Washington Wizards,1,0,1,0.0,48.0,99.0,103.5,115.0,114.2,-16.0,-10.6,0.651,1.75,17.3,0.323,0.709,0.5,0.142,0.476,0.508,115.2,113.0,94.17,113,0.428
0022400230,2024-11-16,1610612738,Boston Celtics,1,1,0,1.0,53.0,123.1,126.0,121.5,126.8,1.6,-0.8,0.682,3.33,20.0,0.364,0.623,0.491,0.09,0.551,0.587,92.2,89.21,74.34,100,0.484
0022400229,2024-11-16,1610612766,Charlotte Hornets,1,1,0,1.0,48.0,119.5,119.8,116.5,118.8,3.0,1.0,0.61,2.5,17.9,0.358,0.792,0.564,0.104,0.522,0.562,97.0,96.0,80.0,96,0.502
0022400232,2024-11-16,1610612742,Dallas Mavericks,1,1,0,1.0,48.0,105.9,110.0,92.8,93.0,13.0,17.0,0.591,1.73,18.2,0.327,0.721,0.54,0.15,0.511,0.54,102.1,100.0,83.33,100,0.593
0022400231,2024-11-16,1610612747,Los Angeles Lakers,1,1,0,1.0,48.0,114.4,115.6,107.5,108.8,6.9,6.8,0.615,2.18,18.2,0.373,0.569,0.471,0.122,0.506,0.537,91.5,90.5,75.42,90,0.531
0022400229,2024-11-16,1610612749,Milwaukee Bucks,1,0,1,0.0,48.0,116.5,118.8,119.5,119.8,-3.0,-1.0,0.66,3.44,22.6,0.208,0.642,0.436,0.094,0.592,0.589,97.0,96.0,80.0,96,0.498
0022400231,2024-11-16,1610612740,New Orleans Pelicans,1,0,1,0.0,48.0,107.5,108.8,114.4,115.6,-6.9,-6.8,0.686,1.41,17.6,0.431,0.627,0.529,0.187,0.488,0.532,91.5,90.5,75.42,91,0.469
0022400233,2024-11-16,1610612758,Sacramento Kings,1,1,0,1.0,48.0,122.2,126.0,118.8,121.9,3.4,4.2,0.571,1.71,17.9,0.349,0.644,0.5,0.146,0.62,0.644,98.7,96.0,80.0,96,0.511
0022400232,2024-11-16,1610612759,San Antonio Spurs,1,0,1,0.0,48.0,92.8,93.0,105.9,110.0,-13.0,-17.0,0.75,1.75,15.2,0.279,0.673,0.46,0.12,0.381,0.459,102.1,100.0,83.33,100,0.407
0022400230,2024-11-16,1610612761,Toronto Raptors,1,0,1,0.0,53.0,121.5,126.8,123.1,126.0,-1.6,0.8,0.7,3.89,23.0,0.377,0.636,0.509,0.093,0.556,0.573,92.2,89.21,74.34,97,0.516
0022400233,2024-11-16,1610612762,Utah Jazz,1,0,1,0.0,48.0,118.8,121.9,122.2,126.0,-3.4,-4.2,0.432,1.0,12.6,0.356,0.651,0.5,0.167,0.573,0.626,98.7,96.0,80.0,96,0.489
0022400239,2024-11-17,1610612737,Atlanta Hawks,1,0,1,0.0,48.0,102.8,106.8,108.2,111.8,-5.4,-5.0,0.769,1.11,19.4,0.479,0.6,0.544,0.262,0.524,0.573,106.2,102.5,85.42,103,0.496
0022400240,2024-11-17,1610612751,Brooklyn Nets,1,0,1,0.0,48.0,114.0,119.5,120.8,128.1,-6.8,-8.5,0.969,3.44,24.2,0.204,0.625,0.412,0.103,0.533,0.583,92.8,88.0,73.33,87,0.438
0022400236,2024-11-17,1610612766,Charlotte Hornets,1,0,1,0.0,48.0,112.6,115.2,127.6,126.7,-15.0,-11.6,0.81,3.4,22.5,0.295,0.676,0.432,0.101,0.505,0.526,100.8,100.0,83.33,99,0.425
0022400241,2024-11-17,1610612741,Chicago Bulls,1,0,1,0.0,48.0,90.2,94.7,123.2,126.5,-33.0,-31.9,0.722,1.73,16.4,0.278,0.636,0.433,0.133,0.402,0.459,117.4,113.0,94.17,113,0.324
0022400236,2024-11-17,1610612739,Cleveland Cavaliers,1,1,0,1.0,48.0,127.6,126.7,112.6,115.2,15.0,11.6,0.591,1.3,19.0,0.324,0.705,0.568,0.198,0.656,0.717,100.8,100.0,83.33,101,0.575
0022400242,2024-11-17,1610612742,Dallas Mavericks,1,1,0,1.0,48.0,123.7,124.7,120.2,121.4,3.5,3.3,0.45,1.13,13.2,0.447,0.771,0.611,0.165,0.542,0.606,98.4,97.5,81.25,97,0.499
0022400238,2024-11-17,1610612743,Denver Nuggets,1,0,1,0.0,48.0,90.8,92.8,105.8,108.2,-15.0,-15.5,0.657,1.53,17.8,0.224,0.76,0.495,0.155,0.476,0.499,99.2,97.0,80.83,97,0.42
0022400237,2024-11-17,1610612765,Detroit Pistons,1,1,0,1.0,48.0,122.3,122.8,100.2,103.0,22.1,19.8,0.587,3.0,19.0,0.269,0.809,0.525,0.089,0.562,0.588,102.6,101.0,84.17,101,0.593
0022400241,2024-11-17,1610612745,Houston Rockets,1,1,0,1.0,48.0,123.2,126.5,90.2,94.7,33.0,31.9,0.618,3.09,20.5,0.364,0.722,0.567,0.097,0.571,0.6,117.4,113.0,94.17,113,0.676
0022400235,2024-11-17,1610612754,Indiana Pacers,1,1,0,1.0,48.0,125.5,126.6,116.0,118.3,9.5,8.3,0.682,2.73,21.9,0.31,0.685,0.521,0.117,0.594,0.634,94.8,93.5,77.92,94,0.595
0022400243,2024-11-17,1610612746,LA Clippers,1,1,0,1.0,48.0,120.2,120.8,108.3,110.5,11.9,10.3,0.652,3.33,21.1,0.327,0.707,0.5,0.094,0.548,0.572,96.7,95.5,79.58,96,0.556
0022400238,2024-11-17,1610612763,Memphis Grizzlies,1,1,0,1.0,48.0,105.8,108.2,90.8,92.8,15.0,15.5,0.756,2.38,22.1,0.24,0.776,0.505,0.134,0.522,0.545,99.2,97.0,80.83,97,0.58
0022400235,2024-11-17,1610612748,Miami Heat,1,0,1,0.0,48.0,116.0,118.3,125.5,126.6,-9.5,-8.3,0.583,1.91,16.0,0.315,0.69,0.479,0.118,0.506,0.557,94.8,93.5,77.92,93,0.405
0022400234,2024-11-17,1610612750,Minnesota Timberwolves,1,1,0,1.0,48.0,124.4,125.0,116.3,121.9,8.1,3.1,0.643,1.93,20.3,0.25,0.585,0.42,0.146,0.631,0.656,98.5,96.0,80.0,96,0.529
0022400240,2024-11-17,1610612752,New York Knicks,1,1,0,1.0,48.0,120.8,128.1,114.0,119.5,6.8,8.5,0.767,4.13,23.6,0.375,0.796,0.588,0.09,0.563,0.592,92.8,88.0,73.33,89,0.562
0022400242,2024-11-17,1610612760,Oklahoma City Thunder,1,0,1,0.0,48.0,120.2,121.4,123.7,124.7,-3.5,-3.3,0.674,3.63,21.0,0.229,0.553,0.389,0.082,0.575,0.607,98.4,97.5,81.25,98,0.501
0022400234,2024-11-17,1610612756,Phoenix Suns,1,0,1,0.0,48.0,116.3,121.9,124.4,125.0,-8.1,-3.1,0.63,1.38,20.4,0.415,0.75,0.58,0.219,0.624,0.639,98.5,96.0,80.0,96,0.471
0022400239,2024-11-17,1610612757,Portland Trail Blazers,1,1,0,1.0,48.0,108.2,111.8,102.8,106.8,5.4,5.0,0.705,1.55,20.0,0.4,0.521,0.456,0.196,0.537,0.551,106.2,102.5,85.42,102,0.504
0022400243,2024-11-17,1610612762,Utah Jazz,1,0,1,0.0,48.0,108.3,110.5,120.2,120.8,-11.9,-10.3,0.615,1.26,18.3,0.293,0.673,0.5,0.2,0.57,0.604,96.7,95.5,79.58,95,0.444
0022400237,2024-11-17,1610612764,Washington Wizards,1,0,1,0.0,48.0,100.2,103.0,122.3,122.8,-22.1,-19.8,0.538,1.24,16.2,0.191,0.731,0.475,0.168,0.542,0.566,102.6,101.0,84.17,101,0.407
0022400250,2024-11-18,1610612737,Atlanta Hawks,1,1,0,1.0,48.0,110.2,112.4,106.6,109.1,3.6,3.3,0.872,2.43,24.3,0.191,0.694,0.448,0.144,0.566,0.599,100.1,98.0,81.67,97,0.535
0022400244,2024-11-18,1610612741,Chicago Bulls,1,1,0,1.0,48.0,124.3,125.8,112.7,115.5,11.6,10.3,0.636,2.55,20.1,0.292,0.672,0.505,0.113,0.61,0.628,98.8,97.0,80.83,97,0.561
0022400244,2024-11-18,1610612765,Detroit Pistons,1,0,1,0.0,48.0,112.7,115.5,124.3,125.8,-11.6,-10.3,0.643,3.0,18.8,0.328,0.708,0.495,0.093,0.505,0.527,98.8,97.0,80.83,97,0.439
0022400251,2024-11-18,1610612744,Golden State Warriors,1,0,1,0.0,48.0,96.7,96.1,97.2,100.0,-0.5,-3.9,0.73,1.42,19.0,0.226,0.816,0.51,0.184,0.536,0.536,103.6,102.5,85.42,103,0.466
0022400248,2024-11-18,1610612745,Houston Rockets,1,0,1,0.0,48.0,97.4,101.0,97.7,102.0,-0.4,-1.0,0.475,1.46,13.7,0.35,0.792,0.546,0.131,0.445,0.473,103.0,99.0,82.5,99,0.491
0022400247,2024-11-18,1610612754,Indiana Pacers,1,0,1,0.0,48.0,111.4,114.4,121.1,123.8,-9.7,-9.4,0.659,2.64,19.5,0.281,0.595,0.404,0.106,0.52,0.552,107.1,104.5,87.08,104,0.473
0022400251,2024-11-18,1610612746,LA Clippers,1,1,0,1.0,48.0,97.2,100.0,96.7,96.1,0.5,3.9,0.829,1.45,20.7,0.184,0.774,0.49,0.196,0.524,0.567,103.6,102.5,85.42,102,0.534
0022400245,2024-11-18,1610612748,Miami Heat,1,1,0,1.0,48.0,102.8,105.0,87.0,86.4,15.8,18.5,0.722,1.73,18.8,0.212,0.902,0.553,0.149,0.489,0.546,102.7,102.0,85.0,101,0.573
0022400248,2024-11-18,1610612749,Milwaukee Bucks,1,1,0,1.0,48.0,97.7,102.0,97.4,101.0,0.4,1.0,0.553,1.31,16.4,0.208,0.65,0.454,0.162,0.536,0.553,103.0,99.0,82.5,99,0.509
0022400246,2024-11-18,1610612752,New York Knicks,1,1,0,1.0,48.0,137.1,139.6,110.4,111.6,26.8,28.0,0.725,4.63,25.7,0.275,0.725,0.527,0.083,0.67,0.693,96.9,95.5,79.58,96,0.637
0022400249,2024-11-18,1610612753,Orlando Magic,1,1,0,1.0,48.0,121.1,122.5,108.8,110.0,12.3,12.5,0.718,2.55,22.0,0.25,0.604,0.452,0.124,0.586,0.626,90.5,89.5,74.58,89,0.583
0022400245,2024-11-18,1610612755,Philadelphia 76ers,1,0,1,0.0,48.0,87.0,86.4,102.8,105.0,-15.8,-18.5,0.714,1.67,18.9,0.098,0.788,0.447,0.146,0.476,0.498,102.7,102.0,85.0,103,0.427
0022400249,2024-11-18,1610612756,Phoenix Suns,1,0,1,0.0,48.0,108.8,110.0,121.1,122.5,-12.3,-12.5,0.714,1.92,18.4,0.396,0.75,0.548,0.144,0.494,0.527,90.5,89.5,74.58,90,0.417
0022400250,2024-11-18,1610612758,Sacramento Kings,1,0,1,0.0,48.0,106.6,109.1,110.2,112.4,-3.6,-3.3,0.649,1.41,17.4,0.306,0.809,0.552,0.172,0.553,0.578,100.1,98.0,81.67,99,0.465
0022400247,2024-11-18,1610612761,Toronto Raptors,1,1,0,1.0,48.0,121.1,123.8,111.4,114.4,9.7,9.4,0.563,1.17,18.4,0.405,0.719,0.596,0.219,0.671,0.689,107.1,104.5,87.08,105,0.527
0022400246,2024-11-18,1610612764,Washington Wizards,1,0,1,0.0,48.0,110.4,111.6,137.1,139.6,-26.8,-28.0,0.535,2.3,17.6,0.275,0.725,0.473,0.105,0.533,0.541,96.9,95.5,79.58,95,0.363
0022400021,2024-11-19,1610612738,Boston Celtics,1,1,0,1.0,48.0,124.8,127.7,122.5,123.2,2.3,4.5,0.727,2.46,23.4,0.244,0.688,0.473,0.138,0.64,0.651,95.8,94.5,78.75,94,0.502
0022400022,2024-11-19,1610612751,Brooklyn Nets,1,1,0,1.0,48.0,117.9,118.4,113.1,118.6,4.8,-0.2,0.738,2.07,22.1,0.25,0.587,0.422,0.153,0.6,0.621,100.0,97.5,81.25,98,0.526
0022400022,2024-11-19,1610612766,Charlotte Hornets,1,0,1,0.0,48.0,113.1,118.6,117.9,118.4,-4.8,0.2,0.658,1.09,17.7,0.413,0.75,0.578,0.237,0.585,0.627,100.0,97.5,81.25,97,0.474
0022400021,2024-11-19,1610612739,Cleveland Cavaliers,1,0,1,0.0,48.0,122.5,123.2,124.8,127.7,-2.3,-4.5,0.652,4.29,21.4,0.313,0.756,0.527,0.074,0.548,0.582,95.8,94.5,78.75,95,0.498
0022400024,2024-11-19,1610612742,Dallas Mavericks,1,1,0,1.0,48.0,128.2,129.4,89.9,89.2,38.3,40.2,0.531,2.17,17.9,0.354,0.854,0.604,0.118,0.596,0.629,102.1,102.0,85.0,102,0.691
0022400023,2024-11-19,1610612743,Denver Nuggets,1,1,0,1.0,48.0,105.5,108.9,91.9,98.2,13.5,10.7,0.604,1.53,18.4,0.321,0.606,0.48,0.17,0.54,0.556,117.7,112.0,93.33,112,0.594
0022400026,2024-11-19,1610612747,Los Angeles Lakers,1,1,0,1.0,48.0,124.2,124.0,114.2,118.0,10.0,6.0,0.714,2.14,21.9,0.175,0.652,0.43,0.14,0.645,0.675,101.6,100.0,83.33,100,0.542
0022400023,2024-11-19,1610612763,Memphis Grizzlies,1,0,1,0.0,48.0,91.9,98.2,105.5,108.9,-13.5,-10.7,0.585,1.09,14.7,0.394,0.679,0.52,0.196,0.442,0.472,117.7,112.0,93.33,112,0.406
0022400024,2024-11-19,1610612740,New Orleans Pelicans,1,0,1,0.0,48.0,89.9,89.2,128.2,129.4,-38.3,-40.2,0.613,0.9,14.8,0.146,0.646,0.396,0.206,0.468,0.522,102.1,102.0,85.0,102,0.309
0022400025,2024-11-19,1610612760,Oklahoma City Thunder,1,0,1,0.0,48.0,99.9,103.0,105.4,110.0,-5.5,-7.0,0.585,1.71,16.7,0.339,0.735,0.519,0.139,0.49,0.504,104.2,100.5,83.75,101,0.468
0022400025,2024-11-19,1610612759,San Antonio Spurs,1,1,0,1.0,48.0,105.4,110.0,99.9,103.0,5.5,7.0,0.821,1.52,22.2,0.265,0.661,0.481,0.21,0.584,0.602,104.2,100.5,83.75,100,0.532
0022400026,2024-11-19,1610612762,Utah Jazz,1,0,1,0.0,48.0,114.2,118.0,124.2,124.0,-10.0,-6.0,0.622,1.75,19.4,0.348,0.825,0.57,0.16,0.567,0.6,101.6,100.0,83.33,100,0.458
0022400258,2024-11-20,1610612737,Atlanta Hawks,1,0,1,0.0,48.0,86.9,86.6,104.4,107.1,-17.5,-20.5,0.771,1.59,16.7,0.311,0.776,0.515,0.152,0.39,0.42,113.2,112.0,93.33,112,0.377
0022400253,2024-11-20,1610612741,Chicago Bulls,1,0,1,0.0,48.0,105.9,110.4,127.6,127.1,-21.6,-16.7,0.61,1.79,18.9,0.234,0.732,0.466,0.146,0.563,0.582,97.9,96.0,80.0,96,0.399
0022400252,2024-11-20,1610612739,Cleveland Cavaliers,1,1,0,1.0,48.0,131.7,136.2,103.4,105.3,28.3,30.9,0.592,2.07,20.3,0.444,0.621,0.544,0.149,0.624,0.645,96.9,94.5,78.75,94,0.628
0022400258,2024-11-20,1610612744,Golden State Warriors,1,1,0,1.0,48.0,104.4,107.1,86.9,86.6,17.5,20.5,0.766,2.4,22.4,0.224,0.689,0.485,0.134,0.535,0.551,113.2,112.0,93.33,112,0.623
0022400254,2024-11-20,1610612745,Houston Rockets,1,1,0,1.0,48.0,110.6,115.0,99.1,100.0,11.5,15.0,0.532,1.79,16.1,0.322,0.884,0.559,0.124,0.52,0.558,115.8,113.0,94.17,113,0.566
0022400254,2024-11-20,1610612754,Indiana Pacers,1,0,1,0.0,48.0,99.1,100.0,110.6,115.0,-11.5,-15.0,0.432,0.83,13.9,0.116,0.678,0.441,0.204,0.56,0.601,115.8,113.0,94.17,113,0.434
0022400259,2024-11-20,1610612746,LA Clippers,1,1,0,1.0,48.0,108.1,109.5,95.3,95.9,12.7,13.6,0.579,0.88,16.7,0.375,0.864,0.631,0.263,0.565,0.603,96.9,96.0,80.0,95,0.545
0022400255,2024-11-20,1610612763,Memphis Grizzlies,1,1,0,1.0,48.0,113.5,117.0,113.8,111.0,-0.2,6.0,0.707,1.45,20.3,0.318,0.714,0.527,0.2,0.594,0.636,100.3,100.0,83.33,100,0.528
0022400253,2024-11-20,1610612749,Milwaukee Bucks,1,1,0,1.0,48.0,127.6,127.1,105.9,110.4,21.6,16.7,0.682,2.5,21.9,0.268,0.766,0.534,0.125,0.631,0.651,97.9,96.0,80.0,96,0.601
0022400252,2024-11-20,1610612740,New Orleans Pelicans,1,0,1,0.0,48.0,103.4,105.3,131.7,136.2,-28.3,-30.9,0.59,2.09,16.7,0.379,0.556,0.456,0.116,0.467,0.492,96.9,94.5,78.75,95,0.372
0022400257,2024-11-20,1610612752,New York Knicks,1,1,0,1.0,48.0,137.7,135.3,119.0,119.6,18.6,15.7,0.6,2.0,21.0,0.297,0.735,0.547,0.147,0.692,0.724,101.4,102.0,85.0,102,0.571
0022400256,2024-11-20,1610612760,Oklahoma City Thunder,1,1,0,1.0,48.0,108.9,110.1,99.7,100.0,9.2,10.1,0.6,1.71,17.1,0.346,0.635,0.49,0.141,0.489,0.539,99.7,99.0,82.5,99,0.597
0022400259,2024-11-20,1610612753,Orlando Magic,1,0,1,0.0,48.0,95.3,95.9,108.1,109.5,-12.7,-13.6,0.636,1.5,16.9,0.136,0.625,0.369,0.144,0.493,0.543,96.9,96.0,80.0,97,0.455
0022400255,2024-11-20,1610612755,Philadelphia 76ers,1,0,1,0.0,48.0,113.8,111.0,113.5,117.0,0.2,-6.0,0.538,1.5,15.6,0.286,0.682,0.473,0.14,0.511,0.569,100.3,100.0,83.33,100,0.472
0022400257,2024-11-20,1610612756,Phoenix Suns,1,0,1,0.0,48.0,119.0,119.6,137.7,135.3,-18.6,-15.7,0.667,2.14,20.7,0.265,0.703,0.453,0.137,0.592,0.613,101.4,102.0,85.0,102,0.429
0022400256,2024-11-20,1610612757,Portland Trail Blazers,1,0,1,0.0,48.0,99.7,100.0,108.9,110.1,-9.2,-10.1,0.563,0.75,13.3,0.365,0.654,0.51,0.242,0.5,0.542,99.7,99.0,82.5,99,0.403
0022400260,2024-11-21,1610612766,Charlotte Hornets,1,1,0,1.0,53.0,114.7,116.0,112.0,115.2,2.7,0.8,0.523,1.44,16.0,0.288,0.583,0.446,0.151,0.581,0.602,97.5,95.55,79.62,106,0.507
0022400260,2024-11-21,1610612765,Detroit Pistons,1,0,1,0.0,53.0,112.0,115.2,114.7,116.0,-2.7,-0.8,0.714,1.58,18.8,0.417,0.712,0.554,0.181,0.51,0.55,97.5,95.55,79.62,105,0.493
0022400263,2024-11-21,1610612747,Los Angeles Lakers,1,0,1,0.0,48.0,118.7,120.4,116.4,122.7,2.3,-2.3,0.477,2.1,16.0,0.255,0.608,0.439,0.102,0.58,0.599,100.8,97.5,81.25,98,0.482
0022400261,2024-11-21,1610612750,Minnesota Timberwolves,1,0,1,0.0,48.0,103.4,107.1,114.4,112.2,-11.0,-5.1,0.485,0.94,12.4,0.3,0.744,0.505,0.173,0.488,0.555,98.8,98.0,81.67,98,0.445
0022400263,2024-11-21,1610612753,Orlando Magic,1,1,0,1.0,48.0,116.4,122.7,118.7,120.4,-2.3,2.3,0.721,1.82,20.9,0.392,0.745,0.561,0.175,0.555,0.594,100.8,97.5,81.25,97,0.518
0022400262,2024-11-21,1610612759,San Antonio Spurs,1,1,0,1.0,48.0,116.4,116.7,105.9,110.3,10.5,6.4,0.78,2.91,20.9,0.25,0.724,0.5,0.102,0.517,0.582,109.8,107.5,89.58,108,0.592
0022400261,2024-11-21,1610612761,Toronto Raptors,1,1,0,1.0,48.0,114.4,112.2,103.4,107.1,11.0,5.1,0.595,1.29,16.8,0.256,0.7,0.495,0.173,0.563,0.617,98.8,98.0,81.67,98,0.555
0022400262,2024-11-21,1610612762,Utah Jazz,1,0,1,0.0,48.0,105.9,110.3,116.4,116.7,-10.5,-6.4,0.537,1.57,15.2,0.276,0.75,0.5,0.131,0.485,0.539,109.8,107.5,89.58,107,0.408
0022400030,2024-11-22,1610612737,Atlanta Hawks,1,0,1,0.0,48.0,108.6,111.9,124.5,125.9,-15.9,-14.0,0.653,2.91,19.9,0.344,0.811,0.52,0.101,0.505,0.529,110.8,108.5,90.42,109,0.43
0022400028,2024-11-22,1610612738,Boston Celtics,1,1,0,1.0,48.0,106.8,103.8,89.7,93.2,17.2,10.6,0.611,1.83,16.1,0.204,0.731,0.462,0.115,0.488,0.545,104.1,103.5,86.25,104,0.61
0022400027,2024-11-22,1610612751,Brooklyn Nets,1,0,1,0.0,48.0,104.2,107.7,115.5,122.8,-11.4,-15.1,0.718,1.47,21.5,0.275,0.585,0.452,0.209,0.576,0.597,95.9,91.5,76.25,91,0.445
0022400030,2024-11-22,1610612741,Chicago Bulls,1,1,0,1.0,48.0,124.5,125.9,108.6,111.9,15.9,14.0,0.735,1.89,23.8,0.189,0.656,0.48,0.176,0.68,0.714,110.8,108.5,90.42,108,0.57
0022400033,2024-11-22,1610612742,Dallas Mavericks,1,1,0,1.0,48.0,118.4,121.8,116.8,118.8,1.6,3.0,0.522,1.85,16.9,0.37,0.648,0.52,0.129,0.56,0.598,103.3,101.0,84.17,101,0.52
0022400033,2024-11-22,1610612743,Denver Nuggets,1,0,1,0.0,48.0,116.8,118.8,118.4,121.8,-1.6,-3.0,0.767,2.2,21.6,0.352,0.63,0.48,0.149,0.561,0.584,103.3,101.0,84.17,101,0.48
0022400032,2024-11-22,1610612744,Golden State Warriors,1,1,0,1.0,48.0,109.0,113.1,109.4,106.9,-0.5,6.2,0.692,1.59,18.9,0.321,0.754,0.545,0.172,0.517,0.561,100.7,100.0,83.33,99,0.519
0022400031,2024-11-22,1610612745,Houston Rockets,1,1,0,1.0,48.0,107.4,112.6,81.0,85.4,26.4,27.2,0.643,1.59,18.0,0.357,0.683,0.529,0.165,0.532,0.558,108.3,103.0,85.83,103,0.686
0022400029,2024-11-22,1610612754,Indiana Pacers,1,0,1,0.0,48.0,111.6,110.4,120.8,122.9,-9.2,-12.5,0.698,1.88,19.9,0.314,0.75,0.516,0.151,0.533,0.569,105.8,105.5,87.92,106,0.463
0022400034,2024-11-22,1610612746,LA Clippers,1,1,0,1.0,48.0,101.9,104.0,87.5,88.0,14.4,16.0,0.692,2.25,19.1,0.255,0.804,0.532,0.12,0.468,0.515,101.3,100.0,83.33,100,0.582
0022400029,2024-11-22,1610612749,Milwaukee Bucks,1,1,0,1.0,48.0,120.8,122.9,111.6,110.4,9.2,12.5,0.688,1.83,22.1,0.25,0.686,0.484,0.171,0.628,0.653,105.8,105.5,87.92,105,0.537
0022400032,2024-11-22,1610612740,New Orleans Pelicans,1,0,1,0.0,48.0,109.4,106.9,109.0,113.1,0.5,-6.2,0.683,2.8,19.6,0.246,0.679,0.455,0.099,0.511,0.531,100.7,100.0,83.33,101,0.481
0022400027,2024-11-22,1610612755,Philadelphia 76ers,1,1,0,1.0,48.0,115.5,122.8,104.2,107.7,11.4,15.1,0.61,2.08,18.0,0.415,0.725,0.548,0.13,0.533,0.561,95.9,91.5,76.25,92,0.555
0022400031,2024-11-22,1610612757,Portland Trail Blazers,1,0,1,0.0,48.0,81.0,85.4,107.4,112.6,-26.4,-27.2,0.567,0.81,12.1,0.317,0.643,0.471,0.204,0.39,0.437,108.3,103.0,85.83,103,0.314
0022400034,2024-11-22,1610612758,Sacramento Kings,1,0,1,0.0,48.0,87.5,88.0,101.9,104.0,-14.4,-16.0,0.594,1.27,14.6,0.196,0.745,0.468,0.15,0.428,0.47,101.3,100.0,83.33,100,0.418
0022400028,2024-11-22,1610612764,Washington Wizards,1,0,1,0.0,48.0,89.7,93.2,106.8,103.8,-17.2,-10.6,0.487,0.95,14.0,0.269,0.796,0.538,0.194,0.472,0.495,104.1,103.5,86.25,103,0.39
0022400268,2024-11-23,1610612766,Charlotte Hornets,1,0,1,0.0,48.0,113.1,114.4,119.7,120.2,-6.6,-5.8,0.537,2.2,15.6,0.283,0.75,0.491,0.096,0.505,0.545,104.8,104.0,86.67,104,0.467
0022400266,2024-11-23,1610612741,Chicago Bulls,1,0,1,0.0,48.0,123.2,126.0,134.2,137.9,-11.0,-11.9,0.592,2.64,19.9,0.275,0.605,0.426,0.106,0.603,0.622,106.1,103.5,86.25,104,0.445
0022400270,2024-11-23,1610612743,Denver Nuggets,1,1,0,1.0,48.0,126.5,125.7,98.9,100.0,27.7,25.7,0.74,2.06,25.0,0.27,0.84,0.598,0.178,0.707,0.703,101.8,101.5,84.58,101,0.615
0022400265,2024-11-23,1610612765,Detroit Pistons,1,0,1,0.0,48.0,109.1,109.9,117.2,120.7,-8.2,-10.8,0.457,0.94,13.4,0.286,0.542,0.422,0.187,0.553,0.59,93.2,91.5,76.25,91,0.412
0022400269,2024-11-23,1610612744,Golden State Warriors,1,0,1,0.0,48.0,100.3,102.2,111.4,114.3,-11.1,-12.1,0.806,2.9,20.7,0.333,0.755,0.518,0.109,0.453,0.467,93.5,91.5,76.25,92,0.402
0022400267,2024-11-23,1610612745,Houston Rockets,1,0,1,0.0,48.0,97.5,99.0,101.8,105.1,-4.3,-6.1,0.531,1.7,12.6,0.311,0.621,0.462,0.101,0.4,0.469,101.3,99.0,82.5,99,0.487
0022400270,2024-11-23,1610612747,Los Angeles Lakers,1,0,1,0.0,48.0,98.9,100.0,126.5,125.7,-27.7,-25.7,0.692,1.8,19.7,0.16,0.73,0.402,0.147,0.517,0.542,101.8,101.5,84.58,102,0.385
0022400266,2024-11-23,1610612763,Memphis Grizzlies,1,1,0,1.0,48.0,134.2,137.9,123.2,126.0,11.0,11.9,0.691,2.71,24.1,0.395,0.725,0.574,0.136,0.672,0.677,106.1,103.5,86.25,103,0.555
0022400268,2024-11-23,1610612749,Milwaukee Bucks,1,1,0,1.0,48.0,119.7,120.2,113.1,114.4,6.6,5.8,0.465,1.43,14.8,0.25,0.717,0.509,0.135,0.584,0.622,104.8,104.0,86.67,104,0.533
0022400264,2024-11-23,1610612752,New York Knicks,1,0,1,0.0,48.0,102.6,103.9,115.9,117.5,-13.3,-13.6,0.641,2.78,18.0,0.213,0.705,0.419,0.088,0.475,0.503,103.8,102.5,85.42,102,0.431
0022400265,2024-11-23,1610612753,Orlando Magic,1,1,0,1.0,48.0,117.2,120.7,109.1,109.9,8.2,10.8,0.625,1.67,18.1,0.458,0.714,0.578,0.163,0.529,0.574,93.2,91.5,76.25,92,0.588
0022400267,2024-11-23,1610612757,Portland Trail Blazers,1,1,0,1.0,48.0,101.8,105.1,97.5,99.0,4.3,6.1,0.471,0.89,11.7,0.379,0.689,0.538,0.182,0.478,0.519,101.3,99.0,82.5,99,0.513
0022400269,2024-11-23,1610612759,San Antonio Spurs,1,1,0,1.0,48.0,111.4,114.3,100.3,102.2,11.1,12.1,0.763,3.22,22.0,0.245,0.667,0.482,0.099,0.524,0.557,93.5,91.5,76.25,91,0.598
0022400264,2024-11-23,1610612762,Utah Jazz,1,1,0,1.0,48.0,115.9,117.5,102.6,103.9,13.3,13.6,0.682,1.67,20.5,0.295,0.787,0.581,0.175,0.615,0.634,103.8,102.5,85.42,103,0.569
0022400271,2024-11-24,1610612738,Boston Celtics,1,1,0,1.0,48.0,115.6,118.9,111.4,116.7,4.1,2.2,0.676,3.57,19.8,0.231,0.667,0.453,0.078,0.546,0.572,93.4,90.0,75.0,90,0.515
0022400276,2024-11-24,1610612751,Brooklyn Nets,1,1,0,1.0,48.0,114.9,113.7,107.7,109.6,7.2,4.1,0.667,1.71,18.9,0.182,0.689,0.438,0.147,0.607,0.628,94.8,94.5,78.75,95,0.509
0022400275,2024-11-24,1610612739,Cleveland Cavaliers,1,1,0,1.0,48.0,118.3,119.6,103.9,104.9,14.4,14.8,0.563,1.93,18.8,0.288,0.607,0.46,0.137,0.577,0.591,103.6,102.5,85.42,102,0.574
0022400273,2024-11-24,1610612742,Dallas Mavericks,1,0,1,0.0,53.0,102.6,106.3,106.1,110.8,-3.5,-4.5,0.659,2.07,18.2,0.292,0.719,0.504,0.126,0.467,0.509,104.5,100.53,83.77,111,0.493
0022400272,2024-11-24,1610612754,Indiana Pacers,1,1,0,1.0,48.0,117.5,115.0,104.0,103.0,13.5,12.0,0.756,2.58,21.5,0.271,0.783,0.521,0.12,0.547,0.587,98.4,100.0,83.33,100,0.556
0022400274,2024-11-24,1610612746,LA Clippers,1,1,0,1.0,48.0,126.3,130.2,100.6,102.1,25.7,28.1,0.66,1.82,22.3,0.324,0.685,0.538,0.177,0.654,0.679,98.7,96.5,80.42,96,0.642
0022400273,2024-11-24,1610612748,Miami Heat,1,1,0,1.0,53.0,106.1,110.8,102.6,106.3,3.5,4.5,0.587,3.0,17.3,0.281,0.708,0.496,0.081,0.495,0.517,104.5,100.53,83.77,111,0.507
0022400271,2024-11-24,1610612750,Minnesota Timberwolves,1,0,1,0.0,48.0,111.4,116.7,115.6,118.9,-4.1,-2.2,0.514,2.38,15.0,0.333,0.769,0.547,0.089,0.506,0.54,93.4,90.0,75.0,90,0.485
0022400274,2024-11-24,1610612755,Philadelphia 76ers,1,0,1,0.0,48.0,100.6,102.1,126.3,130.2,-25.7,-28.1,0.647,1.57,16.2,0.315,0.676,0.462,0.144,0.448,0.508,98.7,96.5,80.42,97,0.358
0022400276,2024-11-24,1610612758,Sacramento Kings,1,0,1,0.0,48.0,107.7,109.6,114.9,113.7,-7.2,-4.1,0.568,1.31,16.3,0.311,0.818,0.562,0.17,0.539,0.568,94.8,94.5,78.75,94,0.491
0022400275,2024-11-24,1610612761,Toronto Raptors,1,0,1,0.0,48.0,103.9,104.9,118.3,119.6,-14.4,-14.8,0.595,1.38,14.9,0.393,0.712,0.54,0.155,0.467,0.505,103.6,102.5,85.42,103,0.426
0022400272,2024-11-24,1610612764,Washington Wizards,1,0,1,0.0,48.0,104.0,103.0,117.5,115.0,-13.5,-12.0,0.667,1.41,18.0,0.217,0.729,0.479,0.17,0.525,0.572,98.4,100.0,83.33,100,0.444
0022400280,2024-11-25,1610612737,Atlanta Hawks,1,0,1,0.0,48.0,105.3,105.3,115.5,115.2,-10.2,-9.9,0.667,2.29,20.4,0.226,0.771,0.485,0.124,0.52,0.551,112.4,112.5,93.75,113,0.472
0022400281,2024-11-25,1610612738,Boston Celtics,1,1,0,1.0,48.0,126.3,127.3,94.3,95.9,32.0,31.4,0.733,3.0,23.2,0.234,0.75,0.505,0.111,0.636,0.651,99.8,98.5,82.08,99,0.647
0022400284,2024-11-25,1610612751,Brooklyn Nets,1,1,0,1.0,48.0,126.5,129.3,117.1,121.2,9.4,8.1,0.561,1.92,17.3,0.25,0.712,0.5,0.121,0.614,0.665,101.8,99.0,82.5,99,0.519
0022400277,2024-11-25,1610612766,Charlotte Hornets,1,0,1,0.0,48.0,86.3,90.3,98.5,102.2,-12.2,-11.8,0.452,0.52,11.1,0.422,0.7,0.581,0.29,0.46,0.504,96.9,93.0,77.5,93,0.451
0022400280,2024-11-25,1610612742,Dallas Mavericks,1,1,0,1.0,48.0,115.5,115.2,105.3,105.3,10.2,9.9,0.511,1.33,16.3,0.229,0.774,0.515,0.161,0.585,0.622,112.4,112.5,93.75,112,0.528
0022400283,2024-11-25,1610612743,Denver Nuggets,1,0,1,0.0,48.0,112.5,116.8,142.1,145.0,-29.6,-28.2,0.561,2.09,16.4,0.314,0.757,0.5,0.109,0.505,0.568,103.5,100.5,83.75,101,0.363
0022400278,2024-11-25,1610612765,Detroit Pistons,1,1,0,1.0,48.0,104.5,109.7,104.8,108.7,-0.4,1.0,0.794,1.93,20.5,0.289,0.578,0.459,0.151,0.526,0.569,96.5,92.5,77.08,93,0.549
0022400284,2024-11-25,1610612744,Golden State Warriors,1,0,1,0.0,48.0,117.1,121.2,126.5,129.3,-9.4,-8.1,0.711,2.46,21.9,0.288,0.75,0.5,0.131,0.586,0.597,101.8,99.0,82.5,99,0.481
0022400279,2024-11-25,1610612754,Indiana Pacers,1,1,0,1.0,48.0,107.5,109.6,107.5,106.8,0.0,2.8,0.698,2.0,20.8,0.22,0.8,0.495,0.144,0.566,0.581,104.2,103.5,86.25,104,0.487
0022400281,2024-11-25,1610612746,LA Clippers,1,0,1,0.0,48.0,94.3,95.9,126.3,127.3,-32.0,-31.4,0.462,1.29,14.0,0.25,0.766,0.495,0.143,0.472,0.491,99.8,98.5,82.08,98,0.353
0022400282,2024-11-25,1610612763,Memphis Grizzlies,1,1,0,1.0,48.0,117.2,118.3,92.2,94.2,25.0,24.0,0.814,1.84,22.3,0.383,0.676,0.559,0.183,0.563,0.603,105.6,104.0,86.67,104,0.68
0022400279,2024-11-25,1610612740,New Orleans Pelicans,1,0,1,0.0,48.0,107.5,106.8,107.5,109.6,0.0,-2.8,0.778,2.33,23.8,0.2,0.78,0.505,0.146,0.569,0.577,104.2,103.5,86.25,103,0.513
0022400283,2024-11-25,1610612752,New York Knicks,1,1,0,1.0,48.0,142.1,145.0,112.5,116.8,29.6,28.2,0.804,4.09,29.2,0.243,0.686,0.5,0.11,0.712,0.732,103.5,100.5,83.75,100,0.637
0022400285,2024-11-25,1610612760,Oklahoma City Thunder,1,1,0,1.0,48.0,128.7,132.7,108.9,111.2,19.8,21.4,0.583,1.87,20.0,0.341,0.729,0.551,0.153,0.64,0.67,100.6,98.0,81.67,98,0.597
0022400277,2024-11-25,1610612753,Orlando Magic,1,1,0,1.0,48.0,98.5,102.2,86.3,90.3,12.2,11.8,0.568,2.63,15.9,0.3,0.578,0.419,0.086,0.457,0.468,96.9,93.0,77.5,93,0.549
0022400282,2024-11-25,1610612757,Portland Trail Blazers,1,0,1,0.0,48.0,92.2,94.2,117.2,118.3,-25.0,-24.0,0.647,2.0,14.8,0.324,0.617,0.441,0.106,0.373,0.429,105.6,104.0,86.67,104,0.32
0022400285,2024-11-25,1610612758,Sacramento Kings,1,0,1,0.0,48.0,108.9,111.2,128.7,132.7,-19.8,-21.4,0.571,2.0,17.9,0.271,0.659,0.449,0.122,0.529,0.561,100.6,98.0,81.67,98,0.403
0022400278,2024-11-25,1610612761,Toronto Raptors,1,0,1,0.0,48.0,104.8,108.7,104.5,109.7,0.4,-1.0,0.634,2.6,18.1,0.422,0.711,0.541,0.109,0.442,0.461,96.5,92.5,77.08,92,0.451
0022400035,2024-11-26,1610612741,Chicago Bulls,1,1,0,1.0,48.0,119.0,118.7,95.0,100.0,24.0,18.7,0.617,2.64,20.1,0.163,0.772,0.491,0.103,0.574,0.612,110.2,107.5,89.58,107,0.588
0022400037,2024-11-26,1610612745,Houston Rockets,1,1,0,1.0,53.0,106.6,108.3,101.1,104.7,5.5,3.6,0.689,2.58,20.4,0.241,0.684,0.468,0.111,0.53,0.559,99.4,96.91,80.75,108,0.562
0022400039,2024-11-26,1610612747,Los Angeles Lakers,1,0,1,0.0,48.0,99.0,97.1,121.6,123.3,-22.6,-26.2,0.676,2.08,18.5,0.146,0.755,0.454,0.117,0.482,0.521,102.7,103.0,85.83,103,0.417
0022400036,2024-11-26,1610612748,Miami Heat,1,0,1,0.0,48.0,115.5,115.7,119.8,120.5,-4.3,-4.7,0.743,3.25,20.5,0.267,0.714,0.483,0.09,0.519,0.571,88.8,88.5,73.75,89,0.501
0022400036,2024-11-26,1610612749,Milwaukee Bucks,1,1,0,1.0,48.0,119.8,120.5,115.5,115.7,4.3,4.7,0.639,1.77,18.7,0.286,0.733,0.517,0.148,0.597,0.627,88.8,88.5,73.75,88,0.499
0022400037,2024-11-26,1610612750,Minnesota Timberwolves,1,0,1,0.0,53.0,101.1,104.7,106.6,108.3,-5.5,-3.6,0.5,1.24,14.5,0.316,0.759,0.532,0.16,0.474,0.52,99.4,96.91,80.75,106,0.438
0022400039,2024-11-26,1610612756,Phoenix Suns,1,1,0,1.0,48.0,121.6,123.3,99.0,97.1,22.6,26.2,0.608,3.44,21.2,0.245,0.854,0.546,0.087,0.601,0.614,102.7,103.0,85.83,103,0.583
0022400038,2024-11-26,1610612759,San Antonio Spurs,1,1,0,1.0,48.0,126.2,126.7,110.8,113.9,15.4,12.9,0.667,3.0,20.4,0.314,0.674,0.479,0.099,0.581,0.613,102.6,101.0,84.17,101,0.561
0022400038,2024-11-26,1610612762,Utah Jazz,1,0,1,0.0,48.0,110.8,113.9,126.2,126.7,-15.4,-12.9,0.558,1.14,17.4,0.326,0.686,0.521,0.208,0.589,0.62,102.6,101.0,84.17,101,0.439
0022400035,2024-11-26,1610612764,Washington Wizards,1,0,1,0.0,48.0,95.0,100.0,119.0,118.7,-24.0,-18.7,0.692,1.93,18.2,0.228,0.837,0.509,0.13,0.484,0.516,110.2,107.5,89.58,108,0.412
0022400287,2024-11-27,1610612737,Atlanta Hawks,1,1,0,1.0,48.0,123.9,128.6,114.5,117.0,9.4,11.6,0.848,2.6,24.1,0.353,0.691,0.528,0.143,0.577,0.625,108.7,105.5,87.92,105,0.547
0022400297,2024-11-27,1610612751,Brooklyn Nets,1,1,0,1.0,48.0,123.7,124.5,113.2,114.7,10.4,9.8,0.727,2.46,22.4,0.205,0.838,0.494,0.127,0.609,0.657,103.0,102.0,85.0,102,0.536
0022400286,2024-11-27,1610612766,Charlotte Hornets,1,0,1,0.0,48.0,95.4,100.0,97.3,105.4,-1.9,-5.4,0.595,1.69,16.1,0.359,0.675,0.481,0.138,0.464,0.463,99.6,93.5,77.92,94,0.409
0022400289,2024-11-27,1610612741,Chicago Bulls,1,0,1,0.0,48.0,113.3,113.3,122.8,127.9,-9.5,-14.6,0.652,1.67,20.8,0.209,0.727,0.471,0.171,0.621,0.633,106.7,104.5,87.08,105,0.428
0022400287,2024-11-27,1610612739,Cleveland Cavaliers,1,0,1,0.0,48.0,114.5,117.0,123.9,128.6,-9.4,-11.6,0.705,2.38,20.3,0.309,0.647,0.472,0.123,0.542,0.578,108.7,105.5,87.92,106,0.453
0022400292,2024-11-27,1610612742,Dallas Mavericks,1,1,0,1.0,48.0,132.7,131.6,112.6,117.5,20.0,14.1,0.563,2.08,19.7,0.3,0.745,0.54,0.133,0.665,0.684,99.2,97.5,81.25,98,0.557
0022400298,2024-11-27,1610612743,Denver Nuggets,1,1,0,1.0,48.0,128.3,131.2,107.4,108.4,20.9,22.8,0.652,2.73,22.2,0.293,0.554,0.443,0.118,0.613,0.648,95.5,94.0,78.33,93,0.627
0022400293,2024-11-27,1610612765,Detroit Pistons,1,0,1,0.0,48.0,103.7,104.7,122.4,123.6,-18.6,-18.9,0.6,1.2,16.9,0.271,0.739,0.5,0.189,0.547,0.578,107.0,106.0,88.33,106,0.413
0022400299,2024-11-27,1610612744,Golden State Warriors,1,0,1,0.0,48.0,96.0,99.0,102.5,105.0,-6.5,-6.0,0.714,1.56,16.4,0.368,0.769,0.542,0.157,0.439,0.471,103.8,101.0,84.17,102,0.442
0022400290,2024-11-27,1610612745,Houston Rockets,1,1,0,1.0,53.0,109.2,109.9,102.6,102.7,6.6,7.2,0.575,1.1,15.2,0.333,0.732,0.542,0.189,0.511,0.583,101.4,100.98,84.15,111,0.567
0022400288,2024-11-27,1610612754,Indiana Pacers,1,1,0,1.0,48.0,126.3,131.5,119.4,121.3,6.9,10.2,0.587,2.25,18.9,0.49,0.604,0.546,0.13,0.559,0.589,95.6,93.0,77.5,92,0.529
0022400291,2024-11-27,1610612746,LA Clippers,1,1,0,1.0,48.0,117.5,118.6,92.6,93.2,24.9,25.4,0.6,1.69,18.8,0.319,0.7,0.515,0.157,0.573,0.605,103.3,102.5,85.42,102,0.637
0022400296,2024-11-27,1610612747,Los Angeles Lakers,1,1,0,1.0,48.0,123.4,124.0,105.2,105.2,18.3,18.8,0.646,2.38,22.3,0.31,0.755,0.549,0.135,0.606,0.63,96.2,96.0,80.0,96,0.59
0022400293,2024-11-27,1610612763,Memphis Grizzlies,1,1,0,1.0,48.0,122.4,123.6,103.7,104.7,18.6,18.9,0.608,1.82,20.8,0.261,0.729,0.5,0.16,0.64,0.655,107.0,106.0,88.33,106,0.587
0022400286,2024-11-27,1610612748,Miami Heat,1,1,0,1.0,48.0,97.3,105.4,95.4,100.0,1.9,5.4,0.636,0.95,16.5,0.325,0.641,0.519,0.237,0.548,0.593,99.6,93.5,77.92,93,0.591
0022400294,2024-11-27,1610612750,Minnesota Timberwolves,1,0,1,0.0,48.0,107.3,104.0,108.9,116.2,-1.6,-12.2,0.758,1.67,19.2,0.119,0.627,0.398,0.15,0.541,0.605,101.2,99.5,82.92,100,0.485
0022400295,2024-11-27,1610612740,New Orleans Pelicans,1,0,1,0.0,48.0,86.9,91.2,114.1,117.8,-27.2,-26.6,0.667,1.41,17.0,0.283,0.722,0.491,0.167,0.446,0.465,105.7,101.5,84.58,102,0.376
0022400292,2024-11-27,1610612752,New York Knicks,1,0,1,0.0,48.0,112.6,117.5,132.7,131.6,-20.0,-14.1,0.5,2.22,15.5,0.255,0.7,0.46,0.093,0.506,0.575,99.2,97.5,81.25,97,0.443
0022400299,2024-11-27,1610612760,Oklahoma City Thunder,1,1,0,1.0,48.0,102.5,105.0,96.0,99.0,6.5,6.0,0.667,1.86,18.8,0.231,0.632,0.458,0.14,0.524,0.544,103.8,101.0,84.17,100,0.558
0022400289,2024-11-27,1610612753,Orlando Magic,1,1,0,1.0,48.0,122.8,127.9,113.3,113.3,9.5,14.6,0.652,2.31,20.5,0.273,0.791,0.529,0.125,0.594,0.65,106.7,104.5,87.08,104,0.572
0022400290,2024-11-27,1610612755,Philadelphia 76ers,1,0,1,0.0,53.0,102.6,102.7,109.2,109.9,-6.6,-7.2,0.442,1.19,13.0,0.268,0.667,0.458,0.143,0.51,0.542,101.4,100.98,84.15,112,0.433
0022400297,2024-11-27,1610612756,Phoenix Suns,1,0,1,0.0,48.0,113.2,114.7,123.7,124.5,-10.4,-9.8,0.61,1.47,18.8,0.162,0.795,0.506,0.167,0.61,0.655,103.0,102.0,85.0,102,0.464
0022400288,2024-11-27,1610612757,Portland Trail Blazers,1,0,1,0.0,48.0,119.4,121.3,126.3,131.5,-6.9,-10.2,0.705,2.21,21.5,0.396,0.51,0.454,0.149,0.598,0.603,95.6,93.0,77.5,94,0.471
0022400294,2024-11-27,1610612758,Sacramento Kings,1,1,0,1.0,48.0,108.9,116.2,107.3,104.0,1.6,12.2,0.609,1.65,19.2,0.373,0.881,0.602,0.172,0.553,0.572,101.2,99.5,82.92,99,0.515
0022400296,2024-11-27,1610612759,San Antonio Spurs,1,0,1,0.0,48.0,105.2,105.2,123.4,124.0,-18.3,-18.8,0.722,1.73,19.4,0.245,0.69,0.451,0.156,0.506,0.549,96.2,96.0,80.0,96,0.41
0022400295,2024-11-27,1610612761,Toronto Raptors,1,1,0,1.0,48.0,114.1,117.8,86.9,91.2,27.2,26.6,0.809,2.38,24.7,0.278,0.717,0.509,0.158,0.605,0.593,105.7,101.5,84.58,101,0.624
0022400298,2024-11-27,1610612762,Utah Jazz,1,0,1,0.0,48.0,107.4,108.4,128.3,131.2,-20.9,-22.8,0.658,1.32,17.4,0.446,0.707,0.557,0.2,0.511,0.526,95.5,94.0,78.33,95,0.373
0022400291,2024-11-27,1610612764,Washington Wizards,1,0,1,0.0,48.0,92.6,93.2,117.5,118.6,-24.9,-25.4,0.6,1.05,15.1,0.3,0.681,0.485,0.194,0.459,0.507,103.3,102.5,85.42,103,0.363
0022400041,2024-11-29,1610612737,Atlanta Hawks,1,1,0,1.0,48.0,112.6,113.6,98.6,98.1,14.0,15.5,0.75,1.57,22.1,0.302,0.772,0.57,0.204,0.6,0.63,103.2,103.0,85.83,103,0.632
0022400047,2024-11-29,1610612738,Boston Celtics,1,1,0,1.0,48.0,130.0,131.4,125.2,124.0,4.8,7.4,0.49,2.67,16.9,0.264,0.891,0.556,0.086,0.617,0.638,104.6,104.5,87.08,105,0.509
0022400043,2024-11-29,1610612751,Brooklyn Nets,1,0,1,0.0,48.0,101.9,102.0,124.6,125.5,-22.8,-23.5,0.579,1.1,17.5,0.15,0.682,0.429,0.204,0.584,0.601,98.4,98.0,81.67,98,0.386
0022400040,2024-11-29,1610612766,Charlotte Hornets,1,0,1,0.0,48.0,101.4,106.5,100.7,107.6,0.8,-1.1,0.694,1.67,18.4,0.345,0.596,0.461,0.163,0.489,0.513,97.5,92.0,76.67,92,0.492
0022400047,2024-11-29,1610612741,Chicago Bulls,1,0,1,0.0,48.0,125.2,124.0,130.0,131.4,-4.8,-7.4,0.583,3.5,20.4,0.109,0.736,0.444,0.077,0.624,0.645,104.6,104.5,87.08,104,0.491
0022400041,2024-11-29,1610612739,Cleveland Cavaliers,1,0,1,0.0,48.0,98.6,98.1,112.6,113.6,-14.0,-15.5,0.553,1.62,15.3,0.228,0.698,0.43,0.126,0.468,0.503,103.2,103.0,85.83,103,0.368
0022400045,2024-11-29,1610612765,Detroit Pistons,1,1,0,1.0,48.0,126.5,127.5,106.3,103.9,20.2,23.5,0.729,1.94,24.0,0.25,0.844,0.58,0.176,0.687,0.708,101.3,102.0,85.0,102,0.617
0022400045,2024-11-29,1610612754,Indiana Pacers,1,0,1,0.0,48.0,106.3,103.9,126.5,127.5,-20.2,-23.5,0.561,1.44,17.4,0.156,0.75,0.42,0.157,0.553,0.584,101.3,102.0,85.0,102,0.383
0022400044,2024-11-29,1610612746,LA Clippers,1,0,1,0.0,48.0,95.1,97.9,98.1,97.9,-3.0,0.0,0.556,1.33,16.0,0.224,0.696,0.453,0.16,0.488,0.513,95.8,94.5,78.75,94,0.487
0022400048,2024-11-29,1610612747,Los Angeles Lakers,1,0,1,0.0,48.0,101.9,98.9,106.3,109.8,-4.3,-10.8,0.758,1.47,19.5,0.209,0.684,0.48,0.181,0.527,0.565,93.1,93.0,77.5,94,0.5
0022400042,2024-11-29,1610612763,Memphis Grizzlies,1,1,0,1.0,48.0,113.8,115.4,103.6,105.8,10.2,9.6,0.766,2.25,22.9,0.333,0.696,0.523,0.154,0.552,0.58,105.3,103.5,86.25,104,0.587
0022400046,2024-11-29,1610612748,Miami Heat,1,1,0,1.0,48.0,118.1,126.0,115.0,115.6,3.0,10.4,0.744,3.2,22.4,0.283,0.658,0.44,0.104,0.569,0.596,99.5,96.0,80.0,96,0.484
0022400044,2024-11-29,1610612750,Minnesota Timberwolves,1,1,0,1.0,48.0,98.1,97.9,95.1,97.9,3.0,0.0,0.806,1.14,18.7,0.304,0.776,0.547,0.232,0.513,0.555,95.8,94.5,78.75,95,0.513
0022400042,2024-11-29,1610612740,New Orleans Pelicans,1,0,1,0.0,48.0,103.6,105.8,113.8,115.4,-10.2,-9.6,0.421,1.07,11.8,0.304,0.667,0.477,0.146,0.467,0.523,105.3,103.5,86.25,103,0.413
0022400040,2024-11-29,1610612752,New York Knicks,1,1,0,1.0,48.0,100.7,107.6,101.4,106.5,-0.8,1.1,0.556,0.95,15.3,0.404,0.655,0.539,0.228,0.519,0.554,97.5,92.0,76.67,92,0.508
0022400048,2024-11-29,1610612760,Oklahoma City Thunder,1,1,0,1.0,48.0,106.3,109.8,101.9,98.9,4.3,10.8,0.526,2.0,15.4,0.316,0.791,0.52,0.109,0.478,0.505,93.1,93.0,77.5,92,0.5
0022400043,2024-11-29,1610612753,Orlando Magic,1,1,0,1.0,48.0,124.6,125.5,101.9,102.0,22.8,23.5,0.659,1.71,20.6,0.318,0.85,0.571,0.173,0.639,0.664,98.4,98.0,81.67,98,0.614
0022400049,2024-11-29,1610612757,Portland Trail Blazers,1,1,0,1.0,48.0,114.3,116.2,106.7,109.3,7.6,6.9,0.587,2.25,19.4,0.283,0.733,0.505,0.121,0.572,0.595,100.0,98.0,81.67,99,0.556
0022400049,2024-11-29,1610612758,Sacramento Kings,1,0,1,0.0,48.0,106.7,109.3,114.3,116.2,-7.6,-6.9,0.829,1.45,21.0,0.267,0.717,0.495,0.206,0.545,0.587,100.0,98.0,81.67,97,0.444
0022400046,2024-11-29,1610612761,Toronto Raptors,1,0,1,0.0,48.0,115.0,115.6,118.1,126.0,-3.0,-10.4,0.791,1.79,23.8,0.342,0.717,0.56,0.198,0.606,0.634,99.5,96.0,80.0,96,0.516
0022400300,2024-11-30,1610612737,Atlanta Hawks,1,1,0,1.0,48.0,109.3,110.3,104.7,105.1,4.6,5.3,0.711,1.23,19.3,0.372,0.656,0.538,0.227,0.551,0.595,98.6,98.0,81.67,97,0.569
0022400300,2024-11-30,1610612766,Charlotte Hornets,1,0,1,0.0,48.0,104.7,105.1,109.3,110.3,-4.6,-5.3,0.657,1.53,16.1,0.344,0.628,0.462,0.152,0.468,0.508,98.6,98.0,81.67,99,0.431
0022400304,2024-11-30,1610612742,Dallas Mavericks,1,1,0,1.0,48.0,106.4,108.2,93.8,96.9,12.7,11.3,0.732,2.0,21.0,0.294,0.635,0.482,0.153,0.539,0.549,99.9,97.5,81.25,98,0.57
0022400301,2024-11-30,1610612765,Detroit Pistons,1,0,1,0.0,48.0,90.6,97.0,111.4,113.3,-20.7,-16.3,0.629,1.29,15.8,0.328,0.696,0.49,0.172,0.445,0.485,102.8,98.5,82.08,99,0.407
0022400303,2024-11-30,1610612744,Golden State Warriors,1,0,1,0.0,48.0,105.1,106.1,116.9,114.1,-11.8,-8.1,0.737,3.11,20.1,0.218,0.86,0.5,0.091,0.489,0.525,98.3,99.0,82.5,99,0.445
0022400302,2024-11-30,1610612749,Milwaukee Bucks,1,1,0,1.0,48.0,121.6,121.6,112.2,111.8,9.3,9.8,0.705,2.58,21.8,0.205,0.787,0.505,0.118,0.605,0.639,101.8,102.0,85.0,102,0.55
0022400301,2024-11-30,1610612755,Philadelphia 76ers,1,1,0,1.0,48.0,111.4,113.3,90.6,97.0,20.7,16.3,0.452,1.12,14.5,0.304,0.672,0.51,0.173,0.559,0.586,102.8,98.5,82.08,98,0.593
0022400303,2024-11-30,1610612756,Phoenix Suns,1,1,0,1.0,48.0,116.9,114.1,105.1,106.1,11.8,8.1,0.816,2.21,22.8,0.14,0.782,0.5,0.141,0.595,0.637,98.3,99.0,82.5,99,0.555
0022400304,2024-11-30,1610612762,Utah Jazz,1,0,1,0.0,48.0,93.8,96.9,106.4,108.2,-12.7,-11.3,0.588,1.33,14.3,0.365,0.706,0.518,0.155,0.405,0.451,99.9,97.5,81.25,97,0.43
0022400302,2024-11-30,1610612764,Washington Wizards,1,0,1,0.0,48.0,112.2,111.8,121.6,121.6,-9.3,-9.8,0.585,2.0,17.6,0.213,0.795,0.495,0.118,0.523,0.584,101.8,102.0,85.0,102,0.45
0022400307,2024-12-01,1610612738,Boston Celtics,1,0,1,0.0,48.0,106.4,106.7,111.7,112.7,-5.3,-6.0,0.447,1.55,12.7,0.259,0.818,0.5,0.106,0.489,0.537,103.7,103.0,85.83,104,0.481
0022400305,2024-12-01,1610612751,Brooklyn Nets,1,0,1,0.0,48.0,90.5,93.9,104.1,102.0,-13.6,-8.2,0.633,1.12,14.7,0.245,0.651,0.427,0.173,0.43,0.497,98.9,98.0,81.67,98,0.357
0022400307,2024-12-01,1610612739,Cleveland Cavaliers,1,1,0,1.0,48.0,111.7,112.7,106.4,106.7,5.3,6.0,0.564,1.22,16.7,0.182,0.741,0.5,0.176,0.594,0.632,103.7,103.0,85.83,102,0.519
0022400312,2024-12-01,1610612742,Dallas Mavericks,1,1,0,1.0,48.0,130.8,133.0,127.3,128.4,3.5,4.6,0.688,2.54,22.4,0.279,0.703,0.475,0.126,0.655,0.687,103.8,102.5,85.42,103,0.543
0022400314,2024-12-01,1610612743,Denver Nuggets,1,0,1,0.0,48.0,119.2,119.6,122.5,123.5,-3.3,-3.9,0.725,2.64,25.0,0.22,0.68,0.473,0.137,0.636,0.633,102.6,102.0,85.0,102,0.516
0022400310,2024-12-01,1610612745,Houston Rockets,1,1,0,1.0,48.0,114.2,119.0,114.9,116.0,-0.6,3.0,0.526,2.0,14.2,0.373,0.727,0.544,0.1,0.484,0.545,102.6,100.0,83.33,100,0.48
0022400306,2024-12-01,1610612754,Indiana Pacers,1,0,1,0.0,48.0,109.6,112.0,127.2,124.8,-17.7,-12.7,0.651,1.87,19.2,0.213,0.783,0.495,0.139,0.556,0.596,108.7,108.5,90.42,108,0.436
0022400314,2024-12-01,1610612746,LA Clippers,1,1,0,1.0,48.0,122.5,123.5,119.2,119.6,3.3,3.9,0.651,2.0,19.2,0.32,0.78,0.527,0.137,0.578,0.618,102.6,102.0,85.0,102,0.484
0022400311,2024-12-01,1610612747,Los Angeles Lakers,1,1,0,1.0,48.0,111.7,112.9,111.8,111.8,-0.1,1.1,0.59,4.6,17.8,0.255,0.786,0.495,0.054,0.483,0.53,93.5,93.0,77.5,93,0.497
0022400306,2024-12-01,1610612763,Memphis Grizzlies,1,1,0,1.0,48.0,127.2,124.8,109.6,112.0,17.7,12.7,0.735,3.6,23.4,0.217,0.787,0.505,0.092,0.613,0.648,108.7,108.5,90.42,109,0.564
0022400309,2024-12-01,1610612748,Miami Heat,1,0,1,0.0,48.0,113.4,114.9,115.8,117.8,-2.4,-3.0,0.641,1.79,17.9,0.275,0.733,0.49,0.139,0.528,0.578,102.6,101.0,84.17,101,0.49
0022400308,2024-12-01,1610612740,New Orleans Pelicans,1,0,1,0.0,48.0,82.9,85.9,115.6,116.8,-32.7,-31.0,0.571,1.43,14.8,0.254,0.62,0.416,0.141,0.394,0.419,102.3,100.0,83.33,99,0.315
0022400308,2024-12-01,1610612752,New York Knicks,1,1,0,1.0,48.0,115.6,116.8,82.9,85.9,32.7,31.0,0.714,1.76,20.0,0.38,0.746,0.584,0.168,0.565,0.596,102.3,100.0,83.33,101,0.685
0022400310,2024-12-01,1610612760,Oklahoma City Thunder,1,0,1,0.0,48.0,114.9,116.0,114.2,119.0,0.6,-3.0,0.714,4.29,20.8,0.273,0.627,0.456,0.07,0.516,0.552,102.6,100.0,83.33,100,0.52
0022400305,2024-12-01,1610612753,Orlando Magic,1,1,0,1.0,48.0,104.1,102.0,90.5,93.9,13.6,8.2,0.676,1.05,16.9,0.349,0.755,0.573,0.224,0.507,0.568,98.9,98.0,81.67,98,0.643
0022400312,2024-12-01,1610612757,Portland Trail Blazers,1,0,1,0.0,48.0,127.3,128.4,130.8,133.0,-3.5,-4.6,0.592,1.38,20.4,0.297,0.721,0.525,0.206,0.69,0.713,103.8,102.5,85.42,102,0.457
0022400313,2024-12-01,1610612758,Sacramento Kings,1,0,1,0.0,48.0,124.3,126.3,126.3,127.0,-2.0,-0.7,0.681,3.2,20.8,0.404,0.744,0.55,0.101,0.525,0.56,100.6,99.5,82.92,99,0.478
0022400313,2024-12-01,1610612759,San Antonio Spurs,1,1,0,1.0,48.0,126.3,127.0,124.3,126.3,2.0,0.7,0.762,2.0,22.7,0.256,0.596,0.45,0.16,0.652,0.686,100.6,99.5,82.92,100,0.522
0022400309,2024-12-01,1610612761,Toronto Raptors,1,1,0,1.0,48.0,115.8,117.8,113.4,114.9,2.4,3.0,0.638,1.88,21.0,0.267,0.725,0.51,0.158,0.591,0.615,102.6,101.0,84.17,101,0.51
0022400311,2024-12-01,1610612762,Utah Jazz,1,0,1,0.0,48.0,111.8,111.8,111.7,112.9,0.1,-1.1,0.675,1.8,20.9,0.214,0.745,0.505,0.161,0.595,0.604,93.5,93.0,77.5,93,0.503
0022400315,2024-12-02,1610612737,Atlanta Hawks,1,1,0,1.0,48.0,110.9,117.0,103.2,105.7,7.7,11.3,0.612,1.67,19.5,0.367,0.678,0.537,0.17,0.563,0.592,110.1,106.0,88.33,106,0.595
0022400316,2024-12-02,1610612738,Boston Celtics,1,1,0,1.0,48.0,110.5,112.5,92.6,91.8,17.9,20.7,0.641,1.47,18.2,0.314,0.754,0.546,0.177,0.545,0.57,96.9,96.5,80.42,96,0.566
0022400317,2024-12-02,1610612751,Brooklyn Nets,1,0,1,0.0,48.0,97.5,99.0,120.3,123.1,-22.8,-24.0,0.632,1.85,17.1,0.22,0.674,0.419,0.126,0.474,0.502,105.5,103.5,86.25,103,0.368
0022400317,2024-12-02,1610612741,Chicago Bulls,1,1,0,1.0,48.0,120.3,123.1,97.5,99.0,22.8,24.0,0.688,1.94,21.7,0.326,0.78,0.581,0.163,0.609,0.638,105.5,103.5,86.25,104,0.632
0022400318,2024-12-02,1610612747,Los Angeles Lakers,1,0,1,0.0,48.0,82.3,82.5,114.0,112.4,-31.7,-29.9,0.594,0.9,14.8,0.245,0.805,0.5,0.216,0.443,0.47,96.4,97.0,80.83,97,0.319
0022400316,2024-12-02,1610612748,Miami Heat,1,0,1,0.0,48.0,92.6,91.8,110.5,112.5,-17.9,-20.7,0.774,2.4,17.8,0.246,0.686,0.454,0.103,0.402,0.458,96.9,96.5,80.42,97,0.434
0022400318,2024-12-02,1610612750,Minnesota Timberwolves,1,1,0,1.0,48.0,114.0,112.4,82.3,82.5,31.7,29.9,0.756,2.07,22.8,0.195,0.755,0.5,0.155,0.599,0.622,96.4,97.0,80.83,97,0.681
0022400315,2024-12-02,1610612740,New Orleans Pelicans,1,0,1,0.0,48.0,103.2,105.7,110.9,117.0,-7.7,-11.3,0.477,1.31,14.4,0.322,0.633,0.463,0.151,0.505,0.521,110.1,106.0,88.33,106,0.405
0022400050,2024-12-03,1610612766,Charlotte Hornets,1,0,1,0.0,48.0,111.4,111.8,116.0,118.3,-4.6,-6.5,0.647,1.16,16.5,0.413,0.733,0.571,0.204,0.526,0.582,94.1,93.0,77.5,93,0.485
0022400051,2024-12-03,1610612739,Cleveland Cavaliers,1,1,0,1.0,48.0,113.5,114.6,85.3,83.7,28.2,30.9,0.721,2.82,21.7,0.176,0.736,0.462,0.107,0.573,0.59,103.0,103.5,86.25,103,0.664
0022400056,2024-12-03,1610612742,Dallas Mavericks,1,1,0,1.0,48.0,108.7,112.0,106.3,109.4,2.4,2.6,0.615,0.96,15.8,0.4,0.692,0.549,0.231,0.562,0.603,110.3,107.0,89.17,108,0.511
0022400058,2024-12-03,1610612743,Denver Nuggets,1,1,0,1.0,48.0,112.9,112.3,106.2,107.5,6.7,4.8,0.8,2.13,22.5,0.093,0.698,0.427,0.142,0.576,0.63,106.8,106.5,88.75,106,0.527
0022400052,2024-12-03,1610612765,Detroit Pistons,1,0,1,0.0,48.0,105.2,104.9,124.0,126.7,-18.8,-21.8,0.55,1.22,15.8,0.314,0.838,0.534,0.176,0.523,0.553,102.5,101.5,84.58,102,0.408
0022400058,2024-12-03,1610612744,Golden State Warriors,1,0,1,0.0,48.0,106.2,107.5,112.9,112.3,-6.7,-4.8,0.818,2.4,22.6,0.302,0.907,0.573,0.14,0.526,0.552,106.8,106.5,88.75,107,0.473
0022400059,2024-12-03,1610612745,Houston Rockets,1,0,1,0.0,48.0,110.7,116.8,120.2,127.7,-9.5,-10.8,0.341,0.88,10.4,0.473,0.72,0.59,0.168,0.516,0.543,100.0,94.5,78.75,95,0.414
0022400054,2024-12-03,1610612754,Indiana Pacers,1,0,1,0.0,48.0,102.5,103.7,112.2,113.0,-9.7,-9.2,0.553,1.0,15.1,0.22,0.744,0.449,0.196,0.524,0.576,108.5,107.5,89.58,107,0.418
0022400060,2024-12-03,1610612746,LA Clippers,1,1,0,1.0,48.0,133.0,138.0,111.7,114.1,21.4,23.9,0.617,2.07,21.2,0.41,0.659,0.538,0.152,0.665,0.687,94.8,92.0,76.67,92,0.598
0022400056,2024-12-03,1610612763,Memphis Grizzlies,1,0,1,0.0,48.0,106.3,109.4,108.7,112.0,-2.4,-2.6,0.6,1.42,18.1,0.308,0.6,0.451,0.179,0.531,0.562,110.3,107.0,89.17,106,0.489
0022400052,2024-12-03,1610612749,Milwaukee Bucks,1,1,0,1.0,48.0,124.0,126.7,105.2,104.9,18.8,21.8,0.578,1.44,19.5,0.162,0.686,0.466,0.178,0.706,0.717,102.5,101.5,84.58,101,0.592
0022400053,2024-12-03,1610612752,New York Knicks,1,1,0,1.0,48.0,112.2,118.6,101.0,105.0,11.3,13.7,0.698,1.58,21.0,0.262,0.731,0.521,0.186,0.594,0.645,106.4,101.5,84.58,102,0.57
0022400055,2024-12-03,1610612760,Oklahoma City Thunder,1,1,0,1.0,48.0,133.2,137.1,108.5,110.4,24.7,26.7,0.604,4.0,21.3,0.429,0.588,0.494,0.082,0.603,0.622,98.8,96.5,80.42,97,0.609
0022400053,2024-12-03,1610612753,Orlando Magic,1,0,1,0.0,48.0,101.0,105.0,112.2,118.6,-11.3,-13.7,0.526,1.25,14.9,0.269,0.738,0.479,0.158,0.489,0.541,106.4,101.5,84.58,101,0.43
0022400050,2024-12-03,1610612755,Philadelphia 76ers,1,1,0,1.0,48.0,116.0,118.3,111.4,111.8,4.6,6.5,0.684,2.17,20.2,0.267,0.587,0.429,0.129,0.561,0.606,94.1,93.0,77.5,93,0.515
0022400057,2024-12-03,1610612756,Phoenix Suns,1,1,0,1.0,48.0,104.8,105.1,88.7,93.9,16.1,11.1,0.684,1.86,20.2,0.119,0.672,0.459,0.141,0.558,0.596,102.0,99.0,82.5,99,0.608
0022400060,2024-12-03,1610612757,Portland Trail Blazers,1,0,1,0.0,48.0,111.7,114.1,133.0,138.0,-21.4,-23.9,0.61,1.39,19.1,0.341,0.59,0.463,0.196,0.575,0.603,94.8,92.0,76.67,92,0.402
0022400059,2024-12-03,1610612758,Sacramento Kings,1,1,0,1.0,48.0,120.2,127.7,110.7,116.8,9.5,10.8,0.702,3.3,23.4,0.28,0.527,0.41,0.106,0.593,0.601,100.0,94.5,78.75,94,0.586
0022400057,2024-12-03,1610612759,San Antonio Spurs,1,0,1,0.0,48.0,88.7,93.9,104.8,105.1,-16.1,-11.1,0.743,1.86,17.8,0.328,0.881,0.541,0.141,0.39,0.427,102.0,99.0,82.5,99,0.392
0022400054,2024-12-03,1610612761,Toronto Raptors,1,1,0,1.0,48.0,112.2,113.0,102.5,103.7,9.7,9.2,0.636,1.33,19.2,0.256,0.78,0.551,0.194,0.623,0.651,108.5,107.5,89.58,108,0.582
0022400055,2024-12-03,1610612762,Utah Jazz,1,0,1,0.0,48.0,108.5,110.4,133.2,137.1,-24.7,-26.7,0.553,0.72,16.0,0.412,0.571,0.506,0.302,0.636,0.665,98.8,96.5,80.42,96,0.391
0022400051,2024-12-03,1610612764,Washington Wizards,1,0,1,0.0,48.0,85.3,83.7,113.5,114.6,-28.2,-30.9,0.563,0.86,13.3,0.264,0.824,0.538,0.202,0.41,0.463,103.0,103.5,86.25,104,0.336
0022400323,2024-12-04,1610612737,Atlanta Hawks,1,1,0,1.0,48.0,107.5,114.4,100.6,100.0,6.9,14.4,0.644,2.07,18.8,0.397,0.8,0.583,0.135,0.485,0.533,107.0,104.0,86.67,104,0.603
0022400319,2024-12-04,1610612738,Boston Celtics,1,1,0,1.0,48.0,121.5,128.7,116.6,117.6,4.9,11.1,0.667,1.88,19.7,0.404,0.738,0.553,0.158,0.59,0.619,105.0,101.5,84.58,101,0.546
0022400320,2024-12-04,1610612751,Brooklyn Nets,1,1,0,1.0,48.0,97.9,103.1,94.1,92.8,3.8,10.3,0.686,1.41,18.0,0.28,0.844,0.547,0.177,0.506,0.543,98.4,96.5,80.42,96,0.545
0022400319,2024-12-04,1610612765,Detroit Pistons,1,0,1,0.0,48.0,116.6,117.6,121.5,128.7,-4.9,-11.1,0.628,1.42,19.3,0.262,0.596,0.447,0.186,0.631,0.653,105.0,101.5,84.58,102,0.454
0022400320,2024-12-04,1610612754,Indiana Pacers,1,0,1,0.0,48.0,94.1,92.8,97.9,103.1,-3.8,-10.3,0.625,1.25,16.3,0.156,0.72,0.453,0.165,0.48,0.531,98.4,96.5,80.42,97,0.455
0022400324,2024-12-04,1610612746,LA Clippers,1,0,1,0.0,48.0,78.6,80.0,107.0,106.9,-28.4,-26.9,0.448,0.57,10.5,0.204,0.792,0.48,0.23,0.416,0.451,101.3,100.5,83.75,100,0.281
0022400321,2024-12-04,1610612747,Los Angeles Lakers,1,0,1,0.0,48.0,95.5,96.9,138.2,139.6,-42.7,-42.7,0.784,2.23,20.7,0.278,0.615,0.419,0.135,0.449,0.483,97.2,96.0,80.0,96,0.347
0022400321,2024-12-04,1610612748,Miami Heat,1,1,0,1.0,48.0,138.2,139.6,95.5,96.9,42.7,42.7,0.808,2.63,27.5,0.385,0.722,0.581,0.167,0.711,0.713,97.2,96.0,80.0,96,0.653
0022400323,2024-12-04,1610612749,Milwaukee Bucks,1,0,1,0.0,48.0,100.6,100.0,107.5,114.4,-6.9,-14.4,0.697,1.28,16.8,0.2,0.603,0.417,0.173,0.519,0.557,107.0,104.0,86.67,104,0.397
0022400324,2024-12-04,1610612750,Minnesota Timberwolves,1,1,0,1.0,48.0,107.0,106.9,78.6,80.0,28.4,26.9,0.756,2.07,22.0,0.208,0.796,0.52,0.149,0.576,0.581,101.3,100.5,83.75,101,0.719
0022400322,2024-12-04,1610612753,Orlando Magic,1,1,0,1.0,48.0,116.2,119.1,108.1,113.3,8.1,5.8,0.512,1.5,16.3,0.435,0.622,0.527,0.157,0.536,0.568,92.8,89.5,74.58,89,0.545
0022400322,2024-12-04,1610612755,Philadelphia 76ers,1,0,1,0.0,48.0,108.1,113.3,116.2,119.1,-8.1,-5.8,0.575,1.64,17.7,0.378,0.565,0.473,0.156,0.555,0.564,92.8,89.5,74.58,90,0.455
0022400327,2024-12-05,1610612766,Charlotte Hornets,1,0,1,0.0,48.0,107.0,109.8,134.3,134.4,-27.3,-24.6,0.675,2.45,20.5,0.255,0.769,0.478,0.12,0.534,0.541,93.7,92.5,77.08,92,0.371
0022400331,2024-12-05,1610612741,Chicago Bulls,1,1,0,1.0,48.0,128.6,131.1,114.6,117.0,13.9,14.2,0.692,1.89,23.4,0.3,0.707,0.541,0.179,0.672,0.694,108.1,106.0,88.33,106,0.568
0022400325,2024-12-05,1610612739,Cleveland Cavaliers,1,1,0,1.0,48.0,115.6,115.6,101.2,104.6,14.4,11.0,0.681,1.88,21.2,0.196,0.741,0.476,0.156,0.617,0.624,110.9,109.0,90.83,109,0.523
0022400326,2024-12-05,1610612742,Dallas Mavericks,1,1,0,1.0,48.0,131.9,130.5,95.6,96.2,36.2,34.3,0.563,1.69,18.4,0.333,0.75,0.578,0.152,0.652,0.679,104.7,105.0,87.5,105,0.669
0022400325,2024-12-05,1610612743,Denver Nuggets,1,0,1,0.0,48.0,101.2,104.6,115.6,115.6,-14.4,-11.0,0.543,1.56,17.0,0.259,0.804,0.524,0.147,0.51,0.539,110.9,109.0,90.83,109,0.477
0022400332,2024-12-05,1610612744,Golden State Warriors,1,1,0,1.0,48.0,102.2,102.1,95.4,95.9,6.8,6.2,0.528,1.9,14.7,0.25,0.763,0.523,0.103,0.471,0.506,97.2,97.0,80.83,97,0.537
0022400332,2024-12-05,1610612745,Houston Rockets,1,0,1,0.0,48.0,95.4,95.9,102.2,102.1,-6.8,-6.2,0.571,2.5,15.3,0.237,0.75,0.477,0.082,0.43,0.463,97.2,97.0,80.83,97,0.463
0022400329,2024-12-05,1610612763,Memphis Grizzlies,1,1,0,1.0,48.0,107.4,107.5,100.6,103.8,6.8,3.7,0.711,1.23,18.8,0.25,0.705,0.514,0.206,0.556,0.611,108.2,106.5,88.75,107,0.571
0022400330,2024-12-05,1610612740,New Orleans Pelicans,1,1,0,1.0,48.0,117.8,122.3,119.9,119.2,-2.1,3.1,0.489,1.77,16.3,0.283,0.727,0.485,0.126,0.568,0.594,105.2,103.5,86.25,103,0.459
0022400327,2024-12-05,1610612752,New York Knicks,1,1,0,1.0,48.0,134.3,134.4,107.0,109.8,27.3,24.6,0.707,3.22,22.1,0.231,0.745,0.522,0.097,0.658,0.694,93.7,92.5,77.08,93,0.629
0022400328,2024-12-05,1610612760,Oklahoma City Thunder,1,1,0,1.0,48.0,125.9,122.9,86.1,88.5,39.7,34.4,0.571,4.67,19.2,0.236,0.717,0.487,0.057,0.564,0.589,104.6,104.5,87.08,105,0.671
0022400330,2024-12-05,1610612756,Phoenix Suns,1,0,1,0.0,48.0,119.9,119.2,117.8,122.3,2.1,-3.1,0.744,1.88,21.8,0.273,0.717,0.515,0.163,0.606,0.643,105.2,103.5,86.25,104,0.541
0022400329,2024-12-05,1610612758,Sacramento Kings,1,0,1,0.0,48.0,100.6,103.8,107.4,107.5,-6.8,-3.7,0.487,1.46,13.3,0.295,0.75,0.486,0.123,0.439,0.499,108.2,106.5,88.75,106,0.429
0022400331,2024-12-05,1610612759,San Antonio Spurs,1,0,1,0.0,48.0,114.6,117.0,128.6,131.1,-13.9,-14.2,0.591,2.36,17.7,0.293,0.7,0.459,0.104,0.505,0.553,108.1,106.0,88.33,106,0.432
0022400328,2024-12-05,1610612761,Toronto Raptors,1,0,1,0.0,48.0,86.1,88.5,125.9,122.9,-39.7,-34.4,0.75,1.2,16.6,0.283,0.764,0.513,0.192,0.417,0.466,104.6,104.5,87.08,104,0.329
0022400326,2024-12-05,1610612764,Washington Wizards,1,0,1,0.0,48.0,95.6,96.2,131.9,130.5,-36.2,-34.3,0.641,2.08,17.1,0.25,0.667,0.422,0.114,0.46,0.478,104.7,105.0,87.5,105,0.331
0022400334,2024-12-06,1610612737,Atlanta Hawks,1,1,0,1.0,53.0,115.8,116.5,114.7,115.8,1.1,0.7,0.8,2.35,23.5,0.283,0.816,0.539,0.148,0.585,0.611,104.5,103.7,86.42,115,0.508
0022400335,2024-12-06,1610612738,Boston Celtics,1,1,0,1.0,48.0,119.3,118.1,106.6,110.5,12.7,7.6,0.675,4.5,21.1,0.149,0.691,0.441,0.064,0.557,0.59,95.8,94.5,78.75,94,0.554
0022400336,2024-12-06,1610612741,Chicago Bulls,1,0,1,0.0,48.0,115.7,118.3,127.8,126.9,-12.1,-8.7,0.717,2.75,22.3,0.231,0.805,0.484,0.115,0.582,0.601,104.8,104.0,86.67,104,0.445
0022400338,2024-12-06,1610612744,Golden State Warriors,1,0,1,0.0,48.0,88.7,90.9,100.8,107.0,-12.1,-16.1,0.656,0.95,15.8,0.25,0.646,0.44,0.222,0.457,0.503,103.8,99.5,82.92,99,0.391
0022400336,2024-12-06,1610612754,Indiana Pacers,1,1,0,1.0,48.0,127.8,126.9,115.7,118.3,12.1,8.7,0.635,2.54,22.9,0.195,0.769,0.516,0.125,0.663,0.678,104.8,104.0,86.67,104,0.555
0022400334,2024-12-06,1610612747,Los Angeles Lakers,1,0,1,0.0,53.0,114.7,115.8,115.8,116.5,-1.1,-0.7,0.647,2.2,21.2,0.184,0.717,0.461,0.132,0.596,0.622,104.5,103.7,86.42,114,0.492
0022400335,2024-12-06,1610612749,Milwaukee Bucks,1,0,1,0.0,48.0,106.6,110.5,119.3,118.1,-12.7,-7.6,0.4,1.78,12.5,0.309,0.851,0.559,0.095,0.484,0.517,95.8,94.5,78.75,95,0.446
0022400338,2024-12-06,1610612750,Minnesota Timberwolves,1,1,0,1.0,48.0,100.8,107.0,88.7,90.9,12.1,16.1,0.8,1.52,21.5,0.354,0.75,0.56,0.21,0.534,0.568,103.8,99.5,82.92,100,0.609
0022400333,2024-12-06,1610612753,Orlando Magic,1,0,1,0.0,48.0,95.5,97.9,104.3,107.4,-8.9,-9.5,0.636,1.0,16.0,0.311,0.702,0.511,0.219,0.506,0.55,98.1,95.5,79.58,96,0.457
0022400333,2024-12-06,1610612755,Philadelphia 76ers,1,1,0,1.0,48.0,104.3,107.4,95.5,97.9,8.9,9.5,0.605,1.44,17.4,0.298,0.689,0.489,0.168,0.525,0.556,98.1,95.5,79.58,95,0.543
0022400339,2024-12-06,1610612757,Portland Trail Blazers,1,0,1,0.0,48.0,92.1,95.2,129.2,134.3,-37.1,-39.1,0.622,2.09,16.8,0.164,0.644,0.368,0.106,0.463,0.483,108.3,104.5,87.08,104,0.277
0022400337,2024-12-06,1610612758,Sacramento Kings,1,1,0,1.0,48.0,133.9,135.9,106.4,109.7,27.5,26.2,0.647,3.0,22.8,0.22,0.714,0.505,0.107,0.656,0.696,105.4,103.0,85.83,103,0.621
0022400337,2024-12-06,1610612759,San Antonio Spurs,1,0,1,0.0,48.0,106.4,109.7,133.9,135.9,-27.5,-26.2,0.718,2.0,19.2,0.286,0.78,0.495,0.136,0.505,0.542,105.4,103.0,85.83,103,0.379
0022400339,2024-12-06,1610612762,Utah Jazz,1,1,0,1.0,48.0,129.2,134.3,92.1,95.2,37.1,39.1,0.642,2.43,22.1,0.356,0.836,0.632,0.133,0.625,0.664,108.3,104.5,87.08,105,0.723
0022400345,2024-12-07,1610612738,Boston Celtics,1,0,1,0.0,48.0,104.9,111.0,119.7,117.6,-14.8,-6.6,0.619,2.0,16.6,0.338,0.755,0.513,0.119,0.486,0.516,110.7,108.5,90.42,109,0.442
0022400340,2024-12-07,1610612766,Charlotte Hornets,1,0,1,0.0,48.0,107.0,110.9,125.3,127.5,-18.4,-16.6,0.568,1.91,16.7,0.275,0.622,0.438,0.12,0.494,0.54,94.0,91.5,76.25,92,0.397
0022400340,2024-12-07,1610612739,Cleveland Cavaliers,1,1,0,1.0,48.0,125.3,127.5,107.0,110.9,18.4,16.6,0.667,2.33,20.6,0.378,0.725,0.563,0.132,0.583,0.613,94.0,91.5,76.25,91,0.603
0022400344,2024-12-07,1610612742,Dallas Mavericks,1,1,0,1.0,48.0,123.4,117.9,111.4,113.5,12.0,4.5,0.553,1.17,14.9,0.298,0.78,0.546,0.17,0.574,0.642,103.6,105.0,87.5,106,0.509
0022400341,2024-12-07,1610612743,Denver Nuggets,1,0,1,0.0,48.0,106.7,107.6,116.5,117.3,-9.8,-9.7,0.739,2.27,21.4,0.385,0.686,0.534,0.143,0.511,0.529,105.3,104.5,87.08,105,0.474
0022400343,2024-12-07,1610612765,Detroit Pistons,1,1,0,1.0,48.0,118.4,117.6,109.0,111.0,9.4,6.6,0.651,1.47,19.7,0.293,0.857,0.578,0.186,0.627,0.657,101.6,101.0,84.17,102,0.514
0022400345,2024-12-07,1610612763,Memphis Grizzlies,1,1,0,1.0,48.0,119.7,117.6,104.9,111.0,14.8,6.6,0.532,1.92,17.2,0.245,0.662,0.487,0.12,0.58,0.61,110.7,108.5,90.42,108,0.558
0022400346,2024-12-07,1610612748,Miami Heat,1,1,0,1.0,48.0,124.6,127.4,118.1,116.8,6.5,10.5,0.667,2.5,21.4,0.341,0.674,0.511,0.126,0.599,0.629,95.6,95.0,79.17,95,0.54
0022400342,2024-12-07,1610612740,New Orleans Pelicans,1,0,1,0.0,48.0,108.0,106.9,114.2,117.8,-6.1,-11.0,0.658,1.39,18.4,0.2,0.698,0.443,0.176,0.551,0.6,102.6,101.5,84.58,102,0.468
0022400343,2024-12-07,1610612752,New York Knicks,1,0,1,0.0,48.0,109.0,111.0,118.4,117.6,-9.4,-6.6,0.643,1.8,20.3,0.143,0.707,0.422,0.15,0.601,0.611,101.6,101.0,84.17,100,0.486
0022400342,2024-12-07,1610612760,Oklahoma City Thunder,1,1,0,1.0,48.0,114.2,117.8,108.0,106.9,6.1,11.0,0.6,1.35,19.1,0.302,0.8,0.557,0.198,0.6,0.631,102.6,101.5,84.58,101,0.532
0022400346,2024-12-07,1610612756,Phoenix Suns,1,0,1,0.0,48.0,118.1,116.8,124.6,127.4,-6.5,-10.5,0.806,2.07,20.9,0.326,0.659,0.489,0.147,0.537,0.597,95.6,95.0,79.17,95,0.46
0022400344,2024-12-07,1610612761,Toronto Raptors,1,0,1,0.0,48.0,111.4,113.5,123.4,117.9,-12.0,-4.5,0.86,2.85,24.3,0.22,0.702,0.454,0.125,0.543,0.585,103.6,105.0,87.5,104,0.491
0022400341,2024-12-07,1610612764,Washington Wizards,1,1,0,1.0,48.0,116.5,117.3,106.7,107.6,9.8,9.7,0.689,1.82,20.5,0.314,0.615,0.466,0.163,0.57,0.594,105.3,104.5,87.08,104,0.526
0022400350,2024-12-08,1610612737,Atlanta Hawks,1,0,1,0.0,48.0,104.8,103.7,125.3,131.8,-20.4,-28.0,0.634,2.17,16.9,0.355,0.684,0.48,0.112,0.45,0.492,109.2,107.0,89.17,107,0.356
0022400348,2024-12-08,1610612751,Brooklyn Nets,1,0,1,0.0,48.0,120.2,122.8,124.1,129.7,-3.9,-6.8,0.585,1.85,19.2,0.225,0.781,0.472,0.141,0.605,0.642,94.6,91.5,76.25,92,0.457
0022400349,2024-12-08,1610612766,Charlotte Hornets,1,1,0,1.0,48.0,108.2,110.8,106.2,106.9,2.0,3.9,0.6,0.96,17.1,0.341,0.857,0.602,0.245,0.603,0.632,103.5,102.0,85.0,102,0.519
0022400347,2024-12-08,1610612741,Chicago Bulls,1,0,1,0.0,48.0,95.9,97.1,103.7,104.9,-7.8,-7.8,0.829,1.93,21.3,0.078,0.735,0.4,0.146,0.517,0.548,104.2,103.0,85.83,103,0.438
0022400351,2024-12-08,1610612739,Cleveland Cavaliers,1,0,1,0.0,48.0,115.4,116.5,122.7,123.2,-7.3,-6.7,0.61,2.78,19.5,0.133,0.674,0.407,0.093,0.558,0.602,98.7,98.0,81.67,97,0.458
0022400350,2024-12-08,1610612743,Denver Nuggets,1,1,0,1.0,48.0,125.3,131.8,104.8,103.7,20.4,28.0,0.768,2.15,26.5,0.316,0.645,0.52,0.187,0.697,0.708,109.2,107.0,89.17,107,0.644
0022400355,2024-12-08,1610612744,Golden State Warriors,1,1,0,1.0,48.0,116.6,118.8,109.5,111.6,7.1,7.2,0.667,2.15,19.7,0.346,0.783,0.551,0.135,0.556,0.577,97.3,95.5,79.58,96,0.532
0022400356,2024-12-08,1610612745,Houston Rockets,1,1,0,1.0,48.0,121.3,123.2,106.0,111.6,15.4,11.6,0.575,1.53,17.2,0.364,0.769,0.583,0.158,0.579,0.626,98.2,95.0,79.17,95,0.577
0022400349,2024-12-08,1610612754,Indiana Pacers,1,0,1,0.0,48.0,106.2,106.9,108.2,110.8,-2.0,-3.9,0.548,1.35,17.6,0.143,0.659,0.398,0.167,0.585,0.615,103.5,102.0,85.0,102,0.481
0022400356,2024-12-08,1610612746,LA Clippers,1,0,1,0.0,48.0,106.0,111.6,121.3,123.2,-15.4,-11.6,0.512,2.63,16.4,0.231,0.636,0.417,0.084,0.505,0.535,98.2,95.0,79.17,95,0.423
0022400358,2024-12-08,1610612747,Los Angeles Lakers,1,1,0,1.0,48.0,112.3,109.2,98.8,101.0,13.6,8.2,0.658,2.27,18.9,0.191,0.72,0.464,0.112,0.536,0.58,97.2,97.5,81.25,98,0.585
0022400353,2024-12-08,1610612763,Memphis Grizzlies,1,1,0,1.0,48.0,122.0,128.4,101.2,103.7,20.8,24.7,0.68,1.89,21.1,0.36,0.596,0.486,0.165,0.609,0.644,112.7,108.5,90.42,109,0.632
0022400351,2024-12-08,1610612748,Miami Heat,1,1,0,1.0,48.0,122.7,123.2,115.4,116.5,7.3,6.7,0.659,2.25,19.4,0.326,0.867,0.593,0.121,0.57,0.626,98.7,98.0,81.67,99,0.542
0022400348,2024-12-08,1610612749,Milwaukee Bucks,1,1,0,1.0,48.0,124.1,129.7,120.2,122.8,3.9,6.8,0.667,1.63,21.1,0.219,0.775,0.528,0.176,0.684,0.719,94.6,91.5,76.25,91,0.543
0022400355,2024-12-08,1610612750,Minnesota Timberwolves,1,0,1,0.0,48.0,109.5,111.6,116.6,118.8,-7.1,-7.2,0.611,1.38,17.3,0.217,0.654,0.449,0.168,0.576,0.604,97.3,95.5,79.58,95,0.468
0022400354,2024-12-08,1610612740,New Orleans Pelicans,1,0,1,0.0,48.0,112.4,114.9,116.8,117.5,-4.4,-2.6,0.605,3.25,18.3,0.259,0.604,0.423,0.079,0.5,0.536,103.4,102.0,85.0,101,0.462
0022400352,2024-12-08,1610612753,Orlando Magic,1,1,0,1.0,48.0,114.8,115.0,105.1,111.1,9.7,3.9,0.405,1.31,12.8,0.353,0.667,0.5,0.13,0.545,0.568,102.4,99.5,82.92,100,0.521
0022400347,2024-12-08,1610612755,Philadelphia 76ers,1,1,0,1.0,48.0,103.7,104.9,95.9,97.1,7.8,7.8,0.581,1.56,17.7,0.265,0.922,0.6,0.155,0.516,0.55,104.2,103.0,85.83,103,0.562
0022400352,2024-12-08,1610612756,Phoenix Suns,1,0,1,0.0,48.0,105.1,111.1,114.8,115.0,-9.7,-3.9,0.615,1.14,17.5,0.333,0.647,0.5,0.212,0.548,0.593,102.4,99.5,82.92,99,0.479
0022400358,2024-12-08,1610612757,Portland Trail Blazers,1,0,1,0.0,48.0,98.8,101.0,112.3,109.2,-13.6,-8.2,0.486,0.94,13.3,0.28,0.809,0.536,0.186,0.47,0.526,97.2,97.5,81.25,97,0.415
0022400357,2024-12-08,1610612758,Sacramento Kings,1,1,0,1.0,48.0,137.5,142.4,96.8,98.0,40.8,44.4,0.684,4.88,25.7,0.311,0.735,0.532,0.081,0.68,0.681,101.4,99.0,82.5,99,0.687
0022400354,2024-12-08,1610612759,San Antonio Spurs,1,1,0,1.0,48.0,116.8,117.5,112.4,114.9,4.4,2.6,0.643,2.08,18.0,0.396,0.741,0.577,0.126,0.516,0.567,103.4,102.0,85.0,103,0.538
0022400357,2024-12-08,1610612762,Utah Jazz,1,0,1,0.0,48.0,96.8,98.0,137.5,142.4,-40.8,-44.4,0.677,1.05,15.8,0.265,0.689,0.468,0.202,0.481,0.543,101.4,99.0,82.5,99,0.313
0022400353,2024-12-08,1610612764,Washington Wizards,1,0,1,0.0,48.0,101.2,103.7,122.0,128.4,-20.8,-24.7,0.465,0.95,13.2,0.404,0.64,0.514,0.194,0.46,0.511,112.7,108.5,90.42,108,0.368
0022400359,2024-12-09,1610612752,New York Knicks,1,1,0,1.0,48.0,119.8,118.9,111.5,110.2,8.2,8.7,0.762,3.2,24.1,0.14,0.636,0.418,0.105,0.616,0.625,95.6,96.5,80.42,95,0.562
0022400359,2024-12-09,1610612761,Toronto Raptors,1,0,1,0.0,48.0,111.5,110.2,119.8,118.9,-8.2,-8.7,0.535,1.77,16.3,0.364,0.86,0.582,0.133,0.516,0.536,95.6,96.5,80.42,98,0.438
0022401203,2024-12-10,1610612742,Dallas Mavericks,1,0,1,0.0,48.0,103.6,104.0,116.7,118.0,-13.1,-14.0,0.658,1.32,18.7,0.205,0.661,0.46,0.19,0.569,0.589,100.7,100.0,83.33,100,0.458
0022401201,2024-12-10,1610612749,Milwaukee Bucks,1,1,0,1.0,48.0,115.2,116.3,104.9,110.1,10.2,6.2,0.643,1.69,20.6,0.158,0.607,0.426,0.163,0.617,0.648,101.4,98.5,82.08,98,0.568
0022401203,2024-12-10,1610612760,Oklahoma City Thunder,1,1,0,1.0,48.0,116.7,118.0,103.6,104.0,13.1,14.0,0.63,2.07,19.6,0.339,0.795,0.54,0.14,0.554,0.567,100.7,100.0,83.33,100,0.542
0022401201,2024-12-10,1610612753,Orlando Magic,1,0,1,0.0,48.0,104.9,110.1,115.2,116.3,-10.2,-6.2,0.463,1.36,13.6,0.393,0.842,0.574,0.141,0.473,0.52,101.4,98.5,82.08,99,0.433
0022401202,2024-12-11,1610612737,Atlanta Hawks,1,1,0,1.0,48.0,106.1,108.0,97.5,101.0,8.6,7.0,0.628,2.45,17.6,0.415,0.719,0.557,0.11,0.457,0.479,102.2,99.5,82.92,100,0.508
0022401204,2024-12-11,1610612744,Golden State Warriors,1,0,1,0.0,48.0,90.9,96.8,93.4,98.9,-2.5,-2.1,0.595,1.0,16.4,0.38,0.711,0.537,0.237,0.512,0.512,98.2,92.5,77.08,93,0.486
0022401204,2024-12-11,1610612745,Houston Rockets,1,1,0,1.0,48.0,93.4,98.9,90.9,96.8,2.5,2.1,0.605,1.35,18.0,0.289,0.62,0.463,0.185,0.494,0.521,98.2,92.5,77.08,92,0.514
0022401202,2024-12-11,1610612752,New York Knicks,1,0,1,0.0,48.0,97.5,101.0,106.1,108.0,-8.6,-7.0,0.675,1.8,19.0,0.281,0.585,0.443,0.152,0.489,0.502,102.2,99.5,82.92,99,0.492
0022401205,2024-12-12,1610612738,Boston Celtics,1,1,0,1.0,48.0,120.9,123.0,97.6,98.0,23.3,25.0,0.739,2.43,23.8,0.2,0.789,0.529,0.14,0.622,0.642,101.6,100.5,83.75,100,0.597
0022401205,2024-12-12,1610612765,Detroit Pistons,1,0,1,0.0,48.0,97.6,98.0,120.9,123.0,-23.3,-25.0,0.643,3.38,19.3,0.211,0.8,0.471,0.079,0.464,0.483,101.6,100.5,83.75,101,0.403
0022401206,2024-12-12,1610612748,Miami Heat,1,1,0,1.0,48.0,110.6,112.9,102.4,103.0,8.2,9.9,0.525,1.24,15.4,0.313,0.778,0.559,0.168,0.56,0.587,102.3,101.0,84.17,101,0.538
0022401207,2024-12-12,1610612740,New Orleans Pelicans,1,0,1,0.0,48.0,110.3,111.2,112.4,113.3,-2.1,-2.0,0.564,1.29,16.7,0.261,0.618,0.455,0.173,0.554,0.594,98.8,98.0,81.67,98,0.47
0022401207,2024-12-12,1610612758,Sacramento Kings,1,1,0,1.0,48.0,112.4,113.3,110.3,111.2,2.1,2.0,0.649,2.18,16.8,0.382,0.739,0.545,0.112,0.457,0.53,98.8,98.0,81.67,98,0.53
0022401206,2024-12-12,1610612761,Toronto Raptors,1,0,1,0.0,48.0,102.4,103.0,110.6,112.9,-8.2,-9.9,0.707,2.42,20.4,0.222,0.688,0.441,0.119,0.505,0.527,102.3,101.0,84.17,101,0.462
0022401211,2024-12-13,1610612751,Brooklyn Nets,1,0,1,0.0,48.0,107.8,112.3,123.6,127.4,-15.8,-15.1,0.714,1.67,20.3,0.235,0.694,0.46,0.17,0.565,0.593,109.8,106.0,88.33,106,0.439
0022401212,2024-12-13,1610612766,Charlotte Hornets,1,0,1,0.0,48.0,88.6,90.5,102.8,103.8,-14.2,-13.3,0.629,1.29,14.8,0.344,0.702,0.512,0.162,0.398,0.443,106.6,105.0,87.5,105,0.397
0022401212,2024-12-13,1610612741,Chicago Bulls,1,1,0,1.0,48.0,102.8,103.8,88.6,90.5,14.2,13.3,0.73,1.69,18.1,0.298,0.656,0.488,0.152,0.473,0.524,106.6,105.0,87.5,105,0.603
0022401208,2024-12-13,1610612739,Cleveland Cavaliers,1,1,0,1.0,48.0,111.0,115.0,102.1,107.1,8.9,7.9,0.75,2.45,18.1,0.355,0.761,0.528,0.11,0.478,0.529,103.2,99.0,82.5,100,0.544
0022401213,2024-12-13,1610612743,Denver Nuggets,1,1,0,1.0,48.0,111.0,112.1,93.4,92.5,17.6,19.7,0.548,1.05,16.4,0.263,0.896,0.616,0.206,0.61,0.659,106.5,106.5,88.75,107,0.624
0022401209,2024-12-13,1610612754,Indiana Pacers,1,1,0,1.0,48.0,120.4,122.2,108.0,109.2,12.4,13.0,0.745,3.5,24.0,0.255,0.647,0.459,0.101,0.593,0.614,99.8,98.5,82.08,99,0.6
0022401213,2024-12-13,1610612746,LA Clippers,1,0,1,0.0,48.0,93.4,92.5,111.0,112.1,-17.6,-19.7,0.649,1.26,17.8,0.104,0.737,0.384,0.179,0.53,0.539,106.5,106.5,88.75,106,0.376
0022401210,2024-12-13,1610612747,Los Angeles Lakers,1,0,1,0.0,48.0,86.6,87.9,96.5,98.0,-9.9,-10.1,0.515,0.77,12.8,0.304,0.737,0.522,0.222,0.442,0.465,100.5,99.0,82.5,99,0.401
0022401211,2024-12-13,1610612763,Memphis Grizzlies,1,1,0,1.0,48.0,123.6,127.4,107.8,112.3,15.8,15.1,0.635,2.54,21.4,0.306,0.765,0.54,0.123,0.611,0.624,109.8,106.0,88.33,106,0.561
0022401210,2024-12-13,1610612750,Minnesota Timberwolves,1,1,0,1.0,48.0,96.5,98.0,86.6,87.9,9.9,10.1,0.514,1.29,13.6,0.263,0.696,0.478,0.141,0.454,0.497,100.5,99.0,82.5,99,0.599
0022401209,2024-12-13,1610612755,Philadelphia 76ers,1,0,1,0.0,48.0,108.0,109.2,120.4,122.2,-12.4,-13.0,0.486,1.2,13.4,0.353,0.745,0.541,0.153,0.494,0.54,99.8,98.5,82.08,98,0.4
0022401214,2024-12-13,1610612756,Phoenix Suns,1,1,0,1.0,48.0,138.4,141.1,131.7,132.6,6.7,8.4,0.766,4.5,25.2,0.302,0.784,0.525,0.084,0.652,0.685,96.2,95.0,79.17,95,0.539
0022401215,2024-12-13,1610612757,Portland Trail Blazers,1,0,1,0.0,48.0,119.0,120.8,122.6,121.6,-3.6,-0.8,0.595,1.56,19.2,0.25,0.636,0.452,0.167,0.61,0.648,96.9,96.5,80.42,96,0.471
0022401215,2024-12-13,1610612759,San Antonio Spurs,1,1,0,1.0,48.0,122.6,121.6,119.0,120.8,3.6,0.8,0.727,2.13,22.4,0.364,0.75,0.548,0.155,0.6,0.626,96.9,96.5,80.42,97,0.529
0022401214,2024-12-13,1610612762,Utah Jazz,1,0,1,0.0,48.0,131.7,132.6,138.4,141.1,-6.7,-8.4,0.698,2.0,22.7,0.216,0.698,0.475,0.158,0.701,0.727,96.2,95.0,79.17,95,0.461
0022401208,2024-12-13,1610612764,Washington Wizards,1,0,1,0.0,48.0,102.1,107.1,111.0,115.0,-8.9,-7.9,0.585,1.33,18.0,0.239,0.645,0.472,0.184,0.558,0.578,103.2,99.0,82.5,98,0.456
0022401229,2024-12-14,1610612737,Atlanta Hawks,1,0,1,0.0,48.0,99.1,98.1,104.9,104.8,-5.8,-6.7,0.657,1.77,17.0,0.154,0.8,0.471,0.125,0.488,0.526,103.9,104.5,87.08,104,0.448
0022401230,2024-12-14,1610612745,Houston Rockets,1,0,1,0.0,48.0,92.3,97.0,108.7,112.1,-16.4,-15.2,0.486,1.06,12.1,0.382,0.795,0.545,0.162,0.422,0.449,103.0,99.0,82.5,99,0.327
0022401229,2024-12-14,1610612749,Milwaukee Bucks,1,1,0,1.0,48.0,104.9,104.8,99.1,98.1,5.8,6.7,0.718,2.15,19.6,0.2,0.846,0.529,0.124,0.535,0.562,103.9,104.5,87.08,105,0.552
0022401230,2024-12-14,1610612760,Oklahoma City Thunder,1,1,0,1.0,48.0,108.7,112.1,92.3,97.0,16.4,15.2,0.528,1.58,15.1,0.205,0.618,0.455,0.121,0.519,0.59,103.0,99.0,82.5,99,0.673
0022401217,2024-12-15,1610612738,Boston Celtics,1,1,0,1.0,48.0,106.1,109.8,96.5,94.2,9.6,15.6,0.65,1.44,17.6,0.351,0.705,0.534,0.176,0.527,0.541,103.5,103.0,85.83,102,0.586
0022401228,2024-12-15,1610612742,Dallas Mavericks,1,1,0,1.0,48.0,137.5,141.6,129.3,131.7,8.2,9.9,0.692,2.25,23.8,0.35,0.679,0.542,0.158,0.718,0.73,103.4,101.0,84.17,101,0.561
0022401228,2024-12-15,1610612744,Golden State Warriors,1,0,1,0.0,48.0,129.3,131.7,137.5,141.6,-8.2,-9.9,0.796,3.9,24.7,0.321,0.65,0.458,0.099,0.607,0.617,103.4,101.0,84.17,101,0.439
0022401216,2024-12-15,1610612754,Indiana Pacers,1,1,0,1.0,48.0,117.2,116.7,98.0,103.0,19.2,13.7,0.805,1.94,23.1,0.22,0.619,0.462,0.167,0.605,0.65,103.8,101.5,84.58,102,0.63
0022401220,2024-12-15,1610612747,Los Angeles Lakers,1,1,0,1.0,48.0,103.4,105.5,96.3,100.0,7.1,5.5,0.59,1.0,15.8,0.26,0.593,0.44,0.209,0.537,0.585,113.2,110.0,91.67,110,0.549
0022401220,2024-12-15,1610612763,Memphis Grizzlies,1,0,1,0.0,48.0,96.3,100.0,103.4,105.5,-7.1,-5.5,0.658,1.19,15.7,0.407,0.74,0.56,0.191,0.438,0.499,113.2,110.0,91.67,110,0.451
0022401218,2024-12-15,1610612750,Minnesota Timberwolves,1,1,0,1.0,48.0,100.9,106.0,90.2,92.9,10.7,13.1,0.65,2.17,17.8,0.344,0.704,0.513,0.12,0.46,0.495,103.5,99.5,82.92,100,0.54
0022401216,2024-12-15,1610612740,New Orleans Pelicans,1,0,1,0.0,48.0,98.0,103.0,117.2,116.7,-19.2,-13.7,0.474,1.0,12.6,0.381,0.78,0.538,0.178,0.443,0.485,103.8,101.5,84.58,101,0.37
0022401227,2024-12-15,1610612752,New York Knicks,1,1,0,1.0,48.0,104.0,106.4,94.1,96.8,9.9,9.6,0.606,1.05,16.3,0.262,0.736,0.526,0.202,0.535,0.594,96.5,94.0,78.33,94,0.575
0022401227,2024-12-15,1610612753,Orlando Magic,1,0,1,0.0,48.0,94.1,96.8,104.0,106.4,-9.9,-9.6,0.667,1.6,18.2,0.264,0.738,0.474,0.16,0.471,0.496,96.5,94.0,78.33,94,0.425
0022401219,2024-12-15,1610612756,Phoenix Suns,1,1,0,1.0,48.0,120.4,118.4,108.2,111.2,12.2,7.1,0.535,2.09,17.2,0.26,0.698,0.485,0.112,0.567,0.596,98.5,98.0,81.67,98,0.533
0022401219,2024-12-15,1610612757,Portland Trail Blazers,1,0,1,0.0,48.0,108.2,111.2,120.4,118.4,-12.2,-7.1,0.714,2.31,21.0,0.302,0.74,0.515,0.133,0.527,0.547,98.5,98.0,81.67,98,0.467
0022401218,2024-12-15,1610612759,San Antonio Spurs,1,0,1,0.0,48.0,90.2,92.9,100.9,106.0,-10.7,-13.1,0.919,1.79,22.8,0.296,0.656,0.487,0.192,0.467,0.484,103.5,99.5,82.92,99,0.46
0022401217,2024-12-15,1610612764,Washington Wizards,1,0,1,0.0,48.0,96.5,94.2,106.1,109.8,-9.6,-15.6,0.55,1.38,15.3,0.295,0.649,0.466,0.154,0.47,0.478,103.5,103.0,85.83,104,0.414
0022401224,2024-12-16,1610612751,Brooklyn Nets,1,0,1,0.0,48.0,96.6,104.1,131.6,132.7,-35.0,-28.5,0.735,1.14,18.1,0.327,0.643,0.473,0.227,0.506,0.552,101.7,97.5,81.25,97,0.325
0022401222,2024-12-16,1610612766,Charlotte Hornets,1,0,1,0.0,48.0,104.6,105.9,116.1,118.6,-11.5,-12.7,0.714,1.5,20.8,0.25,0.698,0.462,0.196,0.578,0.585,103.7,102.0,85.0,102,0.453
0022401223,2024-12-16,1610612741,Chicago Bulls,1,1,0,1.0,48.0,111.6,110.9,106.9,112.0,4.7,-1.1,0.767,2.75,21.6,0.235,0.72,0.475,0.109,0.538,0.579,111.3,109.0,90.83,110,0.529
0022401224,2024-12-16,1610612739,Cleveland Cavaliers,1,1,0,1.0,48.0,131.6,132.7,96.6,104.1,35.0,28.5,0.767,1.94,22.6,0.357,0.673,0.527,0.173,0.648,0.693,101.7,97.5,81.25,98,0.675
0022401225,2024-12-16,1610612743,Denver Nuggets,1,1,0,1.0,48.0,115.5,118.2,116.4,118.3,-0.9,-0.2,0.745,2.53,22.6,0.377,0.774,0.575,0.136,0.549,0.577,111.7,109.5,91.25,110,0.532
0022401221,2024-12-16,1610612765,Detroit Pistons,1,1,0,1.0,53.0,108.6,108.7,109.2,108.8,-0.6,-0.1,0.727,1.45,20.3,0.229,0.836,0.553,0.191,0.6,0.624,103.6,103.7,86.42,115,0.49
0022401226,2024-12-16,1610612746,LA Clippers,1,1,0,1.0,48.0,137.0,139.8,100.8,101.9,36.3,37.9,0.571,1.75,20.0,0.25,0.714,0.518,0.155,0.726,0.749,105.6,104.0,86.67,103,0.67
0022401221,2024-12-16,1610612748,Miami Heat,1,0,1,0.0,53.0,109.2,108.8,108.6,108.7,0.6,0.1,0.667,2.31,19.6,0.164,0.771,0.447,0.114,0.515,0.566,103.6,103.7,86.42,114,0.51
0022401222,2024-12-16,1610612755,Philadelphia 76ers,1,1,0,1.0,48.0,116.1,118.6,104.6,105.9,11.5,12.7,0.512,1.05,15.4,0.302,0.75,0.538,0.196,0.613,0.649,103.7,102.0,85.0,102,0.548
0022401225,2024-12-16,1610612758,Sacramento Kings,1,0,1,0.0,48.0,116.4,118.3,115.5,118.2,0.9,0.2,0.571,2.55,18.8,0.226,0.623,0.425,0.101,0.539,0.582,111.7,109.5,91.25,109,0.468
0022401223,2024-12-16,1610612761,Toronto Raptors,1,0,1,0.0,48.0,106.9,112.0,111.6,110.9,-4.7,1.1,0.622,1.56,18.7,0.28,0.765,0.525,0.167,0.538,0.575,111.3,109.0,90.83,108,0.471
0022401226,2024-12-16,1610612762,Utah Jazz,1,0,1,0.0,48.0,100.8,101.9,137.0,139.8,-36.3,-37.9,0.611,0.96,15.6,0.286,0.75,0.482,0.219,0.531,0.574,105.6,104.0,86.67,105,0.33
0022400370,2024-12-19,1610612737,Atlanta Hawks,1,0,1,0.0,53.0,107.5,109.6,110.7,113.7,-3.3,-4.1,0.696,1.39,19.9,0.264,0.776,0.532,0.2,0.557,0.593,107.5,105.06,87.55,115,0.484
0022400363,2024-12-19,1610612738,Boston Celtics,1,0,1,0.0,48.0,108.8,110.2,114.7,119.4,-5.8,-9.2,0.553,5.25,15.8,0.233,0.692,0.446,0.041,0.464,0.508,100.6,98.0,81.67,98,0.478
0022400364,2024-12-19,1610612751,Brooklyn Nets,1,1,0,1.0,48.0,103.4,109.8,99.8,101.1,3.6,8.7,0.545,1.06,13.5,0.46,0.741,0.606,0.185,0.457,0.528,95.9,92.5,77.08,92,0.563
0022400362,2024-12-19,1610612766,Charlotte Hornets,1,0,1,0.0,48.0,109.7,112.9,119.8,121.8,-10.1,-8.9,0.698,3.75,19.0,0.397,0.674,0.509,0.079,0.443,0.484,103.3,101.0,84.17,101,0.44
0022400363,2024-12-19,1610612741,Chicago Bulls,1,1,0,1.0,48.0,114.7,119.4,108.8,110.2,5.8,9.2,0.548,1.92,16.8,0.308,0.767,0.554,0.122,0.548,0.579,100.6,98.0,81.67,98,0.522
0022400368,2024-12-19,1610612742,Dallas Mavericks,1,0,1,0.0,48.0,91.9,96.9,118.6,120.4,-26.7,-23.5,0.618,1.62,15.8,0.25,0.786,0.48,0.133,0.436,0.483,101.4,98.0,81.67,98,0.384
0022400371,2024-12-19,1610612743,Denver Nuggets,1,0,1,0.0,48.0,124.9,125.3,122.9,126.0,2.1,-0.7,0.745,3.18,24.3,0.238,0.655,0.474,0.111,0.626,0.644,100.9,99.5,82.92,99,0.515
0022400360,2024-12-19,1610612765,Detroit Pistons,1,0,1,0.0,48.0,108.3,109.2,116.0,113.5,-7.7,-4.3,0.565,2.6,17.4,0.226,0.63,0.398,0.092,0.5,0.527,109.3,110.0,91.67,109,0.439
0022400366,2024-12-19,1610612744,Golden State Warriors,1,0,1,0.0,48.0,85.7,89.4,135.1,137.1,-49.4,-47.7,0.625,1.11,14.5,0.23,0.604,0.394,0.173,0.422,0.462,107.6,104.5,87.08,104,0.262
0022400365,2024-12-19,1610612745,Houston Rockets,1,1,0,1.0,48.0,131.2,133.0,108.7,111.9,22.6,21.1,0.68,2.83,23.8,0.237,0.685,0.5,0.12,0.672,0.697,102.7,100.5,83.75,100,0.63
0022400369,2024-12-19,1610612754,Indiana Pacers,1,1,0,1.0,48.0,116.9,115.4,107.4,108.8,9.5,6.6,0.769,3.33,20.8,0.231,0.848,0.52,0.087,0.528,0.585,103.0,103.0,85.83,104,0.537
0022400368,2024-12-19,1610612746,LA Clippers,1,1,0,1.0,48.0,118.6,120.4,91.9,96.9,26.7,23.5,0.682,2.0,21.9,0.214,0.75,0.52,0.153,0.6,0.638,101.4,98.0,81.67,98,0.616
0022400372,2024-12-19,1610612747,Los Angeles Lakers,1,1,0,1.0,48.0,106.4,107.6,96.5,95.2,10.0,12.4,0.579,1.69,15.3,0.31,0.894,0.571,0.124,0.468,0.527,104.9,105.0,87.5,105,0.536
0022400366,2024-12-19,1610612763,Memphis Grizzlies,1,1,0,1.0,48.0,135.1,137.1,85.7,89.4,49.4,47.7,0.717,2.24,23.8,0.396,0.77,0.606,0.162,0.679,0.688,107.6,104.5,87.08,105,0.738
0022400367,2024-12-19,1610612750,Minnesota Timberwolves,1,0,1,0.0,48.0,105.2,104.9,129.1,129.1,-23.9,-24.2,0.707,2.23,21.0,0.137,0.633,0.38,0.127,0.556,0.565,102.4,102.5,85.42,102,0.396
0022400365,2024-12-19,1610612740,New Orleans Pelicans,1,0,1,0.0,48.0,108.7,111.9,131.2,133.0,-22.6,-21.1,0.61,2.08,17.5,0.315,0.763,0.5,0.119,0.516,0.549,102.7,100.5,83.75,101,0.37
0022400367,2024-12-19,1610612752,New York Knicks,1,1,0,1.0,48.0,129.1,129.1,105.2,104.9,23.9,24.2,0.78,2.6,24.4,0.367,0.863,0.62,0.146,0.619,0.639,102.4,102.5,85.42,103,0.604
0022400361,2024-12-19,1610612760,Oklahoma City Thunder,1,1,0,1.0,48.0,106.0,109.4,100.0,104.2,6.0,5.2,0.575,1.77,18.0,0.233,0.681,0.467,0.135,0.542,0.583,99.0,95.5,79.58,96,0.547
0022400361,2024-12-19,1610612753,Orlando Magic,1,0,1,0.0,48.0,100.0,104.2,106.0,109.4,-6.0,-5.2,0.714,1.25,18.7,0.319,0.767,0.533,0.211,0.519,0.556,99.0,95.5,79.58,95,0.453
0022400369,2024-12-19,1610612756,Phoenix Suns,1,0,1,0.0,48.0,107.4,108.8,116.9,115.4,-9.5,-6.6,0.7,1.75,20.4,0.152,0.769,0.48,0.157,0.543,0.588,103.0,103.0,85.83,102,0.463
0022400371,2024-12-19,1610612757,Portland Trail Blazers,1,1,0,1.0,48.0,122.9,126.0,124.9,125.3,-2.1,0.7,0.644,2.9,19.6,0.345,0.762,0.526,0.1,0.546,0.586,100.9,99.5,82.92,100,0.485
0022400372,2024-12-19,1610612758,Sacramento Kings,1,0,1,0.0,48.0,96.5,95.2,106.4,107.6,-10.0,-12.4,0.73,1.69,19.7,0.106,0.69,0.429,0.152,0.518,0.545,104.9,105.0,87.5,105,0.464
0022400370,2024-12-19,1610612759,San Antonio Spurs,1,1,0,1.0,53.0,110.7,113.7,107.5,109.6,3.3,4.1,0.653,1.88,19.8,0.224,0.736,0.468,0.145,0.579,0.598,107.5,105.06,87.55,117,0.516
0022400364,2024-12-19,1610612761,Toronto Raptors,1,0,1,0.0,48.0,99.8,101.1,103.4,109.8,-3.6,-8.7,0.765,2.17,19.5,0.259,0.54,0.394,0.129,0.483,0.51,95.9,92.5,77.08,93,0.437
0022400360,2024-12-19,1610612762,Utah Jazz,1,1,0,1.0,48.0,116.0,113.5,108.3,109.2,7.7,4.3,0.59,0.85,15.2,0.37,0.774,0.602,0.243,0.59,0.652,109.3,110.0,91.67,111,0.561
0022400362,2024-12-19,1610612764,Washington Wizards,1,1,0,1.0,48.0,119.8,121.8,109.7,112.9,10.1,8.9,0.805,1.83,22.1,0.326,0.603,0.491,0.178,0.596,0.636,103.3,101.0,84.17,101,0.56
0022400373,2024-12-20,1610612766,Charlotte Hornets,1,0,1,0.0,48.0,107.4,107.7,113.8,117.4,-6.4,-9.7,0.611,1.29,17.3,0.311,0.696,0.505,0.187,0.526,0.562,93.1,91.5,76.25,91,0.439
0022400374,2024-12-20,1610612739,Cleveland Cavaliers,1,1,0,1.0,48.0,116.8,118.1,98.1,95.3,18.7,22.8,0.652,1.67,20.7,0.213,0.796,0.51,0.171,0.615,0.638,104.5,105.5,87.92,105,0.595
0022400375,2024-12-20,1610612748,Miami Heat,1,0,1,0.0,48.0,93.4,100.0,108.9,107.2,-15.5,-7.2,0.556,1.05,15.2,0.283,0.76,0.515,0.196,0.506,0.528,99.6,97.0,80.83,97,0.438
0022400374,2024-12-20,1610612749,Milwaukee Bucks,1,0,1,0.0,48.0,98.1,95.3,116.8,118.1,-18.7,-22.8,0.575,1.15,16.5,0.204,0.787,0.49,0.189,0.529,0.543,104.5,105.5,87.92,106,0.405
0022400375,2024-12-20,1610612760,Oklahoma City Thunder,1,1,0,1.0,48.0,108.9,107.2,93.4,100.0,15.5,7.2,0.615,1.71,18.0,0.24,0.717,0.485,0.144,0.535,0.556,99.6,97.0,80.83,97,0.562
0022400373,2024-12-20,1610612755,Philadelphia 76ers,1,1,0,1.0,48.0,113.8,117.4,107.4,107.7,6.4,9.7,0.732,2.0,22.1,0.304,0.689,0.495,0.163,0.566,0.594,93.1,91.5,76.25,92,0.561
0022400378,2024-12-21,1610612737,Atlanta Hawks,1,0,1,0.0,48.0,102.2,101.8,113.6,116.4,-11.3,-14.5,0.744,1.16,19.7,0.186,0.776,0.5,0.227,0.575,0.618,111.1,110.0,91.67,110,0.471
0022400381,2024-12-21,1610612738,Boston Celtics,1,1,0,1.0,48.0,121.6,120.6,92.6,96.1,29.0,24.5,0.563,2.25,18.5,0.346,0.738,0.558,0.118,0.555,0.579,103.5,102.0,85.0,102,0.609
0022400379,2024-12-21,1610612751,Brooklyn Nets,1,0,1,0.0,48.0,91.9,93.1,103.5,104.0,-11.6,-10.9,0.632,1.26,16.8,0.333,0.729,0.514,0.188,0.441,0.473,101.9,101.0,84.17,101,0.442
0022400381,2024-12-21,1610612741,Chicago Bulls,1,0,1,0.0,48.0,92.6,96.1,121.6,120.6,-29.0,-24.5,0.757,2.15,19.3,0.262,0.654,0.442,0.127,0.449,0.476,103.5,102.0,85.0,102,0.391
0022400380,2024-12-21,1610612739,Cleveland Cavaliers,1,1,0,1.0,48.0,130.4,131.3,100.1,102.1,30.3,29.2,0.646,2.38,22.0,0.311,0.731,0.536,0.135,0.656,0.652,97.7,96.5,80.42,96,0.65
0022400385,2024-12-21,1610612742,Dallas Mavericks,1,1,0,1.0,48.0,113.4,118.9,97.3,100.0,16.1,18.9,0.625,1.92,18.7,0.286,0.708,0.495,0.137,0.534,0.578,99.7,96.0,80.0,95,0.57
0022400387,2024-12-21,1610612765,Detroit Pistons,1,1,0,1.0,48.0,130.8,130.4,123.6,122.5,7.2,7.8,0.633,2.38,21.4,0.273,0.765,0.487,0.127,0.657,0.674,101.4,102.0,85.0,102,0.519
0022400383,2024-12-21,1610612744,Golden State Warriors,1,1,0,1.0,48.0,116.4,116.5,102.0,106.2,14.4,10.3,0.75,2.73,21.3,0.275,0.685,0.486,0.113,0.552,0.582,99.1,97.0,80.83,97,0.56
0022400385,2024-12-21,1610612746,LA Clippers,1,0,1,0.0,48.0,97.3,100.0,113.4,118.9,-16.1,-18.9,0.529,1.06,14.0,0.292,0.714,0.505,0.175,0.481,0.535,99.7,96.0,80.0,97,0.43
0022400376,2024-12-21,1610612747,Los Angeles Lakers,1,1,0,1.0,48.0,105.9,105.1,99.8,102.1,6.1,3.0,0.575,1.64,17.6,0.213,0.759,0.505,0.143,0.536,0.558,98.2,97.5,81.25,98,0.546
0022400378,2024-12-21,1610612763,Memphis Grizzlies,1,1,0,1.0,48.0,113.6,116.4,102.2,101.8,11.3,14.5,0.7,1.94,22.4,0.224,0.814,0.5,0.164,0.608,0.623,111.1,110.0,91.67,110,0.529
0022400377,2024-12-21,1610612748,Miami Heat,1,0,1,0.0,48.0,112.3,112.9,118.8,122.2,-6.4,-9.4,0.444,1.07,12.7,0.262,0.717,0.5,0.149,0.54,0.61,101.7,100.0,83.33,101,0.44
0022400382,2024-12-21,1610612749,Milwaukee Bucks,1,1,0,1.0,48.0,108.5,110.9,102.0,100.0,6.5,10.9,0.795,2.69,23.6,0.236,0.822,0.5,0.129,0.551,0.559,101.1,101.0,84.17,101,0.555
0022400383,2024-12-21,1610612750,Minnesota Timberwolves,1,0,1,0.0,48.0,102.0,106.2,116.4,116.5,-14.4,-10.3,0.75,1.8,19.1,0.315,0.725,0.514,0.155,0.5,0.531,99.1,97.0,80.83,97,0.44
0022400384,2024-12-21,1610612740,New Orleans Pelicans,1,0,1,0.0,48.0,98.6,98.9,108.8,110.6,-10.2,-11.7,0.676,1.21,16.9,0.388,0.633,0.51,0.202,0.482,0.509,95.0,94.0,78.33,94,0.438
0022400384,2024-12-21,1610612752,New York Knicks,1,1,0,1.0,48.0,108.8,110.6,98.6,98.9,10.2,11.7,0.632,1.41,17.6,0.367,0.612,0.49,0.181,0.523,0.556,95.0,94.0,78.33,94,0.562
0022400377,2024-12-21,1610612753,Orlando Magic,1,1,0,1.0,48.0,118.8,122.2,112.3,112.9,6.4,9.4,0.558,1.85,17.6,0.283,0.738,0.5,0.131,0.557,0.612,101.7,100.0,83.33,99,0.56
0022400380,2024-12-21,1610612755,Philadelphia 76ers,1,0,1,0.0,48.0,100.1,102.1,130.4,131.3,-30.3,-29.2,0.382,1.0,10.6,0.269,0.689,0.464,0.134,0.465,0.511,97.7,96.5,80.42,97,0.35
0022400387,2024-12-21,1610612756,Phoenix Suns,1,0,1,0.0,48.0,123.6,122.5,130.8,130.4,-7.2,-7.8,0.667,1.58,21.4,0.235,0.727,0.513,0.186,0.667,0.709,101.4,102.0,85.0,102,0.481
0022400386,2024-12-21,1610612757,Portland Trail Blazers,1,0,1,0.0,48.0,92.2,95.9,113.0,116.3,-20.8,-20.4,0.553,1.62,15.6,0.283,0.673,0.459,0.133,0.458,0.47,101.4,98.0,81.67,98,0.365
0022400376,2024-12-21,1610612758,Sacramento Kings,1,0,1,0.0,48.0,99.8,102.1,105.9,105.1,-6.1,-3.0,0.641,1.79,18.5,0.241,0.787,0.495,0.144,0.489,0.515,98.2,97.5,81.25,97,0.454
0022400386,2024-12-21,1610612759,San Antonio Spurs,1,1,0,1.0,48.0,113.0,116.3,92.2,95.9,20.8,20.4,0.75,2.75,22.4,0.327,0.717,0.541,0.122,0.527,0.565,101.4,98.0,81.67,98,0.635
0022400379,2024-12-21,1610612762,Utah Jazz,1,1,0,1.0,48.0,103.5,104.0,91.9,93.1,11.6,10.9,0.61,1.39,18.0,0.271,0.667,0.486,0.178,0.558,0.562,101.9,101.0,84.17,101,0.558
0022400382,2024-12-21,1610612764,Washington Wizards,1,0,1,0.0,48.0,102.0,100.0,108.5,110.9,-6.5,-10.9,0.556,1.05,15.5,0.178,0.764,0.5,0.188,0.556,0.574,101.1,101.0,84.17,101,0.445
0022400390,2024-12-22,1610612743,Denver Nuggets,1,1,0,1.0,53.0,110.8,110.0,103.9,106.6,6.9,3.4,0.694,1.55,20.1,0.288,0.754,0.54,0.183,0.557,0.594,110.1,109.13,90.94,120,0.514
0022400388,2024-12-22,1610612745,Houston Rockets,1,1,0,1.0,48.0,107.0,108.6,102.1,102.8,4.9,5.8,0.45,0.86,12.6,0.377,0.706,0.538,0.2,0.489,0.551,107.1,106.0,88.33,105,0.526
0022400389,2024-12-22,1610612754,Indiana Pacers,1,1,0,1.0,48.0,127.7,125.8,96.5,97.9,31.3,27.8,0.72,3.0,25.9,0.158,0.703,0.5,0.124,0.68,0.681,97.0,97.0,80.83,97,0.667
0022400390,2024-12-22,1610612740,New Orleans Pelicans,1,0,1,0.0,53.0,103.9,106.6,110.8,110.0,-6.9,-3.4,0.74,2.47,21.4,0.246,0.712,0.46,0.124,0.519,0.546,110.1,109.13,90.94,121,0.486
0022400389,2024-12-22,1610612758,Sacramento Kings,1,0,1,0.0,48.0,96.5,97.9,127.7,125.8,-31.3,-27.8,0.6,2.1,15.3,0.297,0.842,0.5,0.103,0.427,0.459,97.0,97.0,80.83,97,0.333
0022400388,2024-12-22,1610612761,Toronto Raptors,1,0,1,0.0,48.0,102.1,102.8,107.0,108.6,-4.9,-5.8,0.786,1.57,21.3,0.294,0.623,0.462,0.196,0.549,0.563,107.1,106.0,88.33,107,0.474
0022400395,2024-12-23,1610612737,Atlanta Hawks,1,1,0,1.0,48.0,115.3,114.7,102.2,102.0,13.1,12.7,0.692,1.17,19.9,0.194,0.654,0.466,0.225,0.658,0.693,101.6,102.0,85.0,102,0.567
0022400393,2024-12-23,1610612738,Boston Celtics,1,0,1,0.0,48.0,97.3,100.0,102.6,102.9,-5.3,-2.9,0.351,0.68,10.0,0.26,0.761,0.5,0.183,0.488,0.542,106.1,104.5,87.08,104,0.457
0022400396,2024-12-23,1610612751,Brooklyn Nets,1,0,1,0.0,48.0,98.1,101.1,116.3,115.8,-18.2,-14.7,0.697,1.53,17.6,0.264,0.821,0.5,0.16,0.47,0.512,95.7,94.5,78.75,94,0.404
0022400391,2024-12-23,1610612766,Charlotte Hornets,1,0,1,0.0,48.0,101.4,103.1,115.9,116.3,-14.5,-13.3,0.676,2.27,18.4,0.232,0.603,0.421,0.112,0.472,0.507,99.0,98.0,81.67,98,0.459
0022400398,2024-12-23,1610612741,Chicago Bulls,1,0,1,0.0,48.0,89.8,90.1,111.5,109.8,-21.6,-19.7,0.75,1.8,19.6,0.185,0.809,0.475,0.149,0.456,0.478,100.9,101.5,84.58,101,0.427
0022400392,2024-12-23,1610612739,Cleveland Cavaliers,1,1,0,1.0,48.0,123.9,125.3,110.3,115.3,13.5,9.9,0.767,3.67,22.8,0.26,0.579,0.43,0.091,0.582,0.613,101.3,98.5,82.08,99,0.564
0022400401,2024-12-23,1610612742,Dallas Mavericks,1,1,0,1.0,48.0,128.2,129.4,103.5,108.0,24.7,21.4,0.563,2.45,18.6,0.327,0.596,0.465,0.108,0.6,0.629,103.7,101.0,84.17,102,0.608
0022400402,2024-12-23,1610612743,Denver Nuggets,1,1,0,1.0,48.0,122.1,124.5,94.1,95.7,27.9,28.7,0.761,2.92,24.5,0.311,0.75,0.546,0.128,0.6,0.617,95.7,94.0,78.33,94,0.633
0022400404,2024-12-23,1610612765,Detroit Pistons,1,1,0,1.0,48.0,117.8,119.4,115.2,115.2,2.7,4.2,0.511,2.0,18.0,0.244,0.757,0.476,0.122,0.571,0.601,99.1,98.5,82.08,98,0.485
0022400403,2024-12-23,1610612744,Golden State Warriors,1,0,1,0.0,48.0,105.8,107.1,110.1,111.0,-4.3,-3.9,0.744,2.64,20.9,0.226,0.729,0.465,0.112,0.5,0.529,100.0,99.0,82.5,98,0.483
0022400391,2024-12-23,1610612745,Houston Rockets,1,1,0,1.0,48.0,115.9,116.3,101.4,103.1,14.5,13.3,0.535,1.92,16.0,0.397,0.768,0.579,0.122,0.5,0.531,99.0,98.0,81.67,98,0.541
0022400403,2024-12-23,1610612754,Indiana Pacers,1,1,0,1.0,48.0,110.1,111.0,105.8,107.1,4.3,3.9,0.578,2.17,18.7,0.271,0.774,0.535,0.12,0.549,0.573,100.0,99.0,82.5,100,0.517
0022400399,2024-12-23,1610612746,LA Clippers,1,1,0,1.0,48.0,104.2,106.5,98.7,102.8,5.5,3.7,0.524,1.29,15.1,0.298,0.631,0.475,0.159,0.484,0.531,110.4,107.0,89.17,107,0.525
0022400404,2024-12-23,1610612747,Los Angeles Lakers,1,0,1,0.0,48.0,115.2,115.2,117.8,119.4,-2.7,-4.2,0.7,1.4,20.6,0.243,0.756,0.524,0.202,0.635,0.671,99.1,98.5,82.08,99,0.515
0022400399,2024-12-23,1610612763,Memphis Grizzlies,1,0,1,0.0,48.0,98.7,102.8,104.2,106.5,-5.5,-3.7,0.684,1.3,16.6,0.369,0.702,0.525,0.187,0.465,0.498,110.4,107.0,89.17,107,0.475
0022400396,2024-12-23,1610612748,Miami Heat,1,1,0,1.0,48.0,116.3,115.8,98.1,101.1,18.2,14.7,0.75,1.69,20.9,0.179,0.736,0.5,0.168,0.61,0.658,95.7,94.5,78.75,95,0.596
0022400398,2024-12-23,1610612749,Milwaukee Bucks,1,1,0,1.0,48.0,111.5,109.8,89.8,90.1,21.6,19.7,0.6,1.85,17.8,0.191,0.815,0.525,0.127,0.563,0.593,100.9,101.5,84.58,102,0.573
0022400395,2024-12-23,1610612750,Minnesota Timberwolves,1,0,1,0.0,48.0,102.2,102.0,115.3,114.7,-13.1,-12.7,0.795,1.48,20.5,0.346,0.806,0.534,0.206,0.505,0.538,101.6,102.0,85.0,102,0.433
0022400397,2024-12-23,1610612752,New York Knicks,1,1,0,1.0,48.0,129.0,132.4,119.9,117.9,9.1,14.5,0.667,2.0,22.7,0.293,0.865,0.564,0.162,0.692,0.704,106.0,105.5,87.92,105,0.541
0022400400,2024-12-23,1610612760,Oklahoma City Thunder,1,1,0,1.0,48.0,113.2,116.0,99.2,99.1,13.9,17.0,0.532,2.08,16.4,0.344,0.732,0.53,0.113,0.491,0.532,107.2,106.0,88.33,106,0.575
0022400393,2024-12-23,1610612753,Orlando Magic,1,1,0,1.0,48.0,102.6,102.9,97.3,100.0,5.3,2.9,0.703,1.3,18.3,0.239,0.74,0.5,0.19,0.524,0.585,106.1,104.5,87.08,105,0.543
0022400394,2024-12-23,1610612755,Philadelphia 76ers,1,1,0,1.0,48.0,105.6,109.9,102.0,105.0,3.6,5.0,0.564,2.0,15.9,0.254,0.886,0.524,0.109,0.505,0.538,104.5,101.0,84.17,101,0.505
0022400402,2024-12-23,1610612756,Phoenix Suns,1,0,1,0.0,48.0,94.1,95.7,122.1,124.5,-27.9,-28.7,0.697,1.53,17.8,0.25,0.689,0.454,0.16,0.476,0.502,95.7,94.0,78.33,94,0.367
0022400401,2024-12-23,1610612757,Portland Trail Blazers,1,0,1,0.0,48.0,103.5,108.0,128.2,129.4,-24.7,-21.4,0.535,1.21,16.0,0.404,0.673,0.535,0.19,0.505,0.533,103.7,101.0,84.17,100,0.393
0022400394,2024-12-23,1610612759,San Antonio Spurs,1,0,1,0.0,48.0,102.0,105.0,105.6,109.9,-3.6,-5.0,0.649,1.33,18.5,0.114,0.746,0.476,0.178,0.549,0.596,104.5,101.0,84.17,101,0.495
0022400397,2024-12-23,1610612761,Toronto Raptors,1,0,1,0.0,48.0,119.9,117.9,129.0,132.4,-9.1,-14.5,0.667,1.87,20.3,0.135,0.707,0.436,0.142,0.617,0.67,106.0,105.5,87.92,106,0.459
0022400392,2024-12-23,1610612762,Utah Jazz,1,0,1,0.0,48.0,110.3,115.3,123.9,125.3,-13.5,-9.9,0.711,1.59,18.2,0.421,0.74,0.57,0.173,0.516,0.546,101.3,98.5,82.08,98,0.436
0022400400,2024-12-23,1610612764,Washington Wizards,1,0,1,0.0,48.0,99.2,99.1,113.2,116.0,-13.9,-17.0,0.694,1.32,17.1,0.268,0.656,0.47,0.179,0.484,0.526,107.2,106.0,88.33,106,0.425
0022400407,2024-12-25,1610612738,Boston Celtics,1,0,1,0.0,48.0,113.2,117.5,121.2,122.9,-8.0,-5.4,0.558,1.85,17.3,0.345,0.83,0.569,0.134,0.558,0.566,99.0,96.5,80.42,97,0.443
0022400406,2024-12-25,1610612742,Dallas Mavericks,1,0,1,0.0,48.0,105.5,108.8,112.0,112.9,-6.5,-4.1,0.417,1.15,12.7,0.235,0.723,0.469,0.143,0.506,0.539,93.8,92.0,76.67,91,0.438
0022400409,2024-12-25,1610612743,Denver Nuggets,1,0,1,0.0,48.0,108.3,107.5,117.3,118.3,-9.0,-10.8,0.556,1.25,15.6,0.326,0.694,0.516,0.172,0.513,0.554,93.1,93.0,77.5,93,0.413
0022400408,2024-12-25,1610612744,Golden State Warriors,1,0,1,0.0,48.0,115.9,118.9,118.7,121.1,-2.7,-2.1,0.634,2.0,18.8,0.347,0.72,0.535,0.137,0.562,0.586,97.2,95.0,79.17,95,0.464
0022400408,2024-12-25,1610612747,Los Angeles Lakers,1,1,0,1.0,48.0,118.7,121.1,115.9,118.9,2.7,2.1,0.732,3.33,21.6,0.28,0.653,0.465,0.095,0.533,0.581,97.2,95.0,79.17,95,0.536
0022400406,2024-12-25,1610612750,Minnesota Timberwolves,1,1,0,1.0,48.0,112.0,112.9,105.5,108.8,6.5,4.1,0.575,2.3,17.8,0.277,0.765,0.531,0.108,0.547,0.572,93.8,92.0,76.67,93,0.562
0022400405,2024-12-25,1610612752,New York Knicks,1,1,0,1.0,48.0,123.1,120.6,116.9,118.8,6.2,1.9,0.578,5.2,18.4,0.316,0.762,0.505,0.052,0.515,0.547,96.3,96.5,80.42,97,0.481
0022400407,2024-12-25,1610612755,Philadelphia 76ers,1,1,0,1.0,48.0,121.2,122.9,113.2,117.5,8.0,5.4,0.683,4.67,21.2,0.17,0.655,0.431,0.063,0.563,0.612,99.0,96.5,80.42,96,0.557
0022400409,2024-12-25,1610612756,Phoenix Suns,1,1,0,1.0,48.0,117.3,118.3,108.3,107.5,9.0,10.8,0.756,3.44,22.3,0.306,0.674,0.484,0.097,0.528,0.568,93.1,93.0,77.5,93,0.587
0022400405,2024-12-25,1610612759,San Antonio Spurs,1,0,1,0.0,48.0,116.9,118.8,123.1,120.6,-6.2,-1.9,0.786,2.2,23.7,0.238,0.684,0.495,0.156,0.602,0.63,96.3,96.5,80.42,96,0.519
0022400413,2024-12-26,1610612737,Atlanta Hawks,1,1,0,1.0,48.0,133.1,133.0,123.6,126.7,9.5,6.4,0.696,2.29,21.1,0.326,0.739,0.539,0.132,0.612,0.678,106.8,105.5,87.92,106,0.554
0022400415,2024-12-26,1610612751,Brooklyn Nets,1,1,0,1.0,48.0,107.1,112.1,101.7,105.0,5.4,7.1,0.641,1.19,18.2,0.283,0.682,0.478,0.212,0.573,0.605,103.5,99.5,82.92,99,0.523
0022400412,2024-12-26,1610612766,Charlotte Hornets,1,0,1,0.0,48.0,101.7,104.8,106.3,106.6,-4.6,-1.8,0.756,1.63,20.5,0.273,0.782,0.527,0.181,0.527,0.549,107.2,105.5,87.92,105,0.487
0022400413,2024-12-26,1610612741,Chicago Bulls,1,0,1,0.0,48.0,123.6,126.7,133.1,133.0,-9.5,-6.4,0.679,2.25,23.5,0.261,0.674,0.461,0.152,0.653,0.661,106.8,105.5,87.92,105,0.446
0022400418,2024-12-26,1610612765,Detroit Pistons,1,1,0,1.0,48.0,111.8,114.0,113.6,113.0,-1.9,1.0,0.658,2.5,17.9,0.283,0.783,0.515,0.1,0.511,0.559,100.7,100.0,83.33,100,0.5
0022400416,2024-12-26,1610612745,Houston Rockets,1,1,0,1.0,48.0,121.8,123.1,104.8,107.8,17.0,15.3,0.413,1.19,13.0,0.434,0.649,0.545,0.154,0.567,0.597,105.5,103.5,86.25,104,0.552
0022400410,2024-12-26,1610612754,Indiana Pacers,1,0,1,0.0,48.0,115.5,114.0,120.5,120.0,-5.0,-6.0,0.667,2.55,19.9,0.26,0.796,0.538,0.11,0.551,0.578,99.1,100.0,83.33,100,0.495
0022400414,2024-12-26,1610612763,Memphis Grizzlies,1,1,0,1.0,48.0,133.9,137.2,106.9,111.5,27.0,25.7,0.621,2.0,20.5,0.5,0.717,0.612,0.159,0.615,0.636,116.8,113.0,94.17,113,0.598
0022400411,2024-12-26,1610612748,Miami Heat,1,1,0,1.0,48.0,92.6,92.7,89.0,90.7,3.6,2.0,0.677,1.0,16.8,0.178,0.696,0.44,0.219,0.507,0.542,97.5,96.5,80.42,96,0.5
0022400415,2024-12-26,1610612749,Milwaukee Bucks,1,0,1,0.0,48.0,101.7,105.0,107.1,112.1,-5.4,-7.1,0.561,1.0,16.9,0.318,0.717,0.522,0.23,0.584,0.595,103.5,99.5,82.92,100,0.477
0022400416,2024-12-26,1610612740,New Orleans Pelicans,1,0,1,0.0,48.0,104.8,107.8,121.8,123.1,-17.0,-15.3,0.674,1.81,19.1,0.351,0.566,0.455,0.155,0.495,0.519,105.5,103.5,86.25,103,0.448
0022400410,2024-12-26,1610612760,Oklahoma City Thunder,1,1,0,1.0,48.0,120.5,120.0,115.5,114.0,5.0,6.0,0.455,6.67,15.3,0.204,0.74,0.462,0.03,0.532,0.568,99.1,100.0,83.33,100,0.505
0022400411,2024-12-26,1610612753,Orlando Magic,1,0,1,0.0,48.0,89.0,90.7,92.6,92.7,-3.6,-2.0,0.412,0.61,11.3,0.304,0.822,0.56,0.237,0.474,0.518,97.5,96.5,80.42,97,0.5
0022400417,2024-12-26,1610612757,Portland Trail Blazers,1,1,0,1.0,48.0,121.2,123.2,121.2,121.2,0.0,2.0,0.578,2.36,19.3,0.229,0.755,0.495,0.111,0.59,0.618,99.8,99.0,82.5,99,0.51
0022400418,2024-12-26,1610612758,Sacramento Kings,1,0,1,0.0,48.0,113.6,113.0,111.8,114.0,1.9,-1.0,0.513,1.43,15.4,0.217,0.717,0.485,0.14,0.561,0.605,100.7,100.0,83.33,100,0.5
0022400414,2024-12-26,1610612761,Toronto Raptors,1,0,1,0.0,48.0,106.9,111.5,133.9,137.2,-27.0,-25.7,0.796,2.6,23.2,0.283,0.5,0.388,0.133,0.519,0.543,116.8,113.0,94.17,113,0.402
0022400417,2024-12-26,1610612762,Utah Jazz,1,0,1,0.0,48.0,121.2,121.2,121.2,123.2,0.0,-2.0,0.634,2.0,19.0,0.245,0.771,0.505,0.131,0.599,0.619,99.8,99.0,82.5,99,0.49
0022400412,2024-12-26,1610612764,Washington Wizards,1,1,0,1.0,48.0,106.3,106.6,101.7,104.8,4.6,1.8,0.641,2.27,17.6,0.218,0.727,0.473,0.104,0.505,0.547,107.2,105.5,87.92,106,0.513
0022400420,2024-12-27,1610612738,Boston Celtics,1,1,0,1.0,48.0,146.8,144.9,104.0,108.2,42.8,36.7,0.66,3.1,20.9,0.413,0.661,0.549,0.102,0.636,0.678,98.9,97.5,81.25,98,0.655
0022400421,2024-12-27,1610612751,Brooklyn Nets,1,0,1,0.0,48.0,87.4,93.5,102.3,101.1,-14.8,-7.5,0.629,1.22,16.4,0.339,0.729,0.519,0.194,0.456,0.465,96.7,94.0,78.33,93,0.388
0022400424,2024-12-27,1610612739,Cleveland Cavaliers,1,1,0,1.0,48.0,138.4,140.6,126.3,128.6,12.1,12.0,0.741,3.64,25.0,0.311,0.721,0.511,0.104,0.682,0.705,107.3,105.5,87.92,106,0.537
0022400425,2024-12-27,1610612742,Dallas Mavericks,1,1,0,1.0,48.0,102.6,106.5,93.8,95.7,8.9,10.8,0.686,1.6,18.8,0.261,0.685,0.49,0.163,0.513,0.56,95.2,92.5,77.08,92,0.559
0022400424,2024-12-27,1610612743,Denver Nuggets,1,0,1,0.0,48.0,126.3,128.6,138.4,140.6,-12.1,-12.0,0.736,3.0,25.0,0.279,0.689,0.489,0.124,0.644,0.662,107.3,105.5,87.92,105,0.463
0022400426,2024-12-27,1610612744,Golden State Warriors,1,0,1,0.0,48.0,93.1,94.8,103.4,104.1,-10.3,-9.2,0.686,1.71,16.7,0.377,0.737,0.515,0.144,0.405,0.443,98.7,97.5,81.25,97,0.455
0022400422,2024-12-27,1610612745,Houston Rockets,1,0,1,0.0,48.0,113.9,119.1,117.7,118.9,-3.8,0.2,0.422,1.36,14.4,0.385,0.705,0.531,0.149,0.543,0.558,97.2,94.5,78.75,94,0.493
0022400420,2024-12-27,1610612754,Indiana Pacers,1,0,1,0.0,48.0,104.0,108.2,146.8,144.9,-42.8,-36.7,0.711,2.25,18.9,0.339,0.587,0.451,0.124,0.478,0.515,98.9,97.5,81.25,97,0.345
0022400426,2024-12-27,1610612746,LA Clippers,1,1,0,1.0,48.0,103.4,104.1,93.1,94.8,10.3,9.2,0.475,0.83,15.0,0.263,0.623,0.485,0.235,0.6,0.625,98.7,97.5,81.25,98,0.545
0022400423,2024-12-27,1610612763,Memphis Grizzlies,1,1,0,1.0,48.0,117.4,120.0,109.0,113.8,8.4,6.2,0.714,1.76,19.4,0.306,0.66,0.49,0.155,0.567,0.632,113.1,109.5,91.25,110,0.529
0022400422,2024-12-27,1610612750,Minnesota Timberwolves,1,1,0,1.0,48.0,117.7,118.9,113.9,119.1,3.8,-0.2,0.595,1.56,18.9,0.295,0.615,0.469,0.168,0.633,0.627,97.2,94.5,78.75,95,0.507
0022400423,2024-12-27,1610612740,New Orleans Pelicans,1,0,1,0.0,48.0,109.0,113.8,117.4,120.0,-8.4,-6.2,0.698,1.76,19.2,0.34,0.694,0.51,0.156,0.505,0.57,113.1,109.5,91.25,109,0.471
0022400419,2024-12-27,1610612752,New York Knicks,1,1,0,1.0,48.0,112.5,113.7,86.5,89.5,26.1,24.2,0.45,1.0,14.2,0.368,0.714,0.574,0.189,0.56,0.6,97.1,95.0,79.17,95,0.673
0022400419,2024-12-27,1610612753,Orlando Magic,1,0,1,0.0,48.0,86.5,89.5,112.5,113.7,-26.1,-24.2,0.625,1.18,15.4,0.286,0.632,0.426,0.179,0.425,0.461,97.1,95.0,79.17,95,0.327
0022400425,2024-12-27,1610612756,Phoenix Suns,1,0,1,0.0,48.0,93.8,95.7,102.6,106.5,-8.9,-10.8,0.719,1.44,17.3,0.315,0.739,0.51,0.172,0.464,0.489,95.2,92.5,77.08,93,0.441
0022400421,2024-12-27,1610612759,San Antonio Spurs,1,1,0,1.0,48.0,102.3,101.1,87.4,93.5,14.8,7.5,0.813,1.73,19.4,0.271,0.661,0.481,0.158,0.487,0.534,96.7,94.0,78.33,95,0.612
0022400427,2024-12-28,1610612737,Atlanta Hawks,1,1,0,1.0,48.0,120.4,122.4,111.2,110.0,9.2,12.4,0.773,2.62,23.9,0.222,0.784,0.521,0.133,0.599,0.627,99.3,99.0,82.5,98,0.555
0022400428,2024-12-28,1610612766,Charlotte Hornets,1,0,1,0.0,48.0,91.9,94.9,103.8,106.0,-11.9,-11.1,0.586,0.94,13.4,0.222,0.771,0.48,0.182,0.431,0.509,102.2,99.5,82.92,99,0.415
0022400430,2024-12-28,1610612741,Chicago Bulls,1,1,0,1.0,48.0,113.2,113.7,100.8,107.8,12.4,6.0,0.733,3.0,22.3,0.269,0.77,0.54,0.108,0.547,0.566,106.3,102.5,85.42,102,0.54
0022400434,2024-12-28,1610612742,Dallas Mavericks,1,0,1,0.0,48.0,117.9,117.3,120.3,122.3,-2.3,-5.0,0.465,1.54,14.6,0.265,0.673,0.469,0.125,0.567,0.607,104.1,103.5,86.25,104,0.457
0022400432,2024-12-28,1610612743,Denver Nuggets,1,1,0,1.0,48.0,129.0,132.7,118.5,118.6,10.6,14.0,0.63,2.07,20.6,0.297,0.66,0.511,0.139,0.64,0.685,103.0,101.5,84.58,101,0.576
0022400432,2024-12-28,1610612765,Detroit Pistons,1,0,1,0.0,48.0,118.5,118.6,129.0,132.7,-10.6,-14.0,0.63,2.42,19.5,0.34,0.703,0.489,0.118,0.547,0.576,103.0,101.5,84.58,102,0.424
0022400431,2024-12-28,1610612744,Golden State Warriors,1,1,0,1.0,48.0,108.6,112.4,103.3,108.2,5.3,4.1,0.634,2.17,17.8,0.397,0.618,0.504,0.124,0.48,0.512,101.0,97.0,80.83,97,0.507
0022400435,2024-12-28,1610612747,Los Angeles Lakers,1,1,0,1.0,48.0,134.0,133.3,120.1,124.5,13.9,8.8,0.717,3.0,23.9,0.176,0.653,0.458,0.111,0.688,0.721,100.1,98.5,82.08,99,0.554
0022400427,2024-12-28,1610612748,Miami Heat,1,0,1,0.0,48.0,111.2,110.0,120.4,122.4,-9.2,-12.4,0.575,2.56,17.2,0.216,0.778,0.479,0.09,0.517,0.562,99.3,99.0,82.5,100,0.445
0022400430,2024-12-28,1610612749,Milwaukee Bucks,1,0,1,0.0,48.0,100.8,107.8,113.2,113.7,-12.4,-6.0,0.659,3.38,18.9,0.23,0.731,0.46,0.078,0.475,0.513,106.3,102.5,85.42,103,0.46
0022400429,2024-12-28,1610612752,New York Knicks,1,1,0,1.0,53.0,119.9,120.4,118.3,117.9,1.6,2.5,0.51,1.73,17.2,0.25,0.74,0.5,0.133,0.577,0.627,101.9,101.89,84.91,113,0.518
0022400428,2024-12-28,1610612760,Oklahoma City Thunder,1,1,0,1.0,48.0,103.8,106.0,91.9,94.9,11.9,11.1,0.69,1.71,20.9,0.229,0.778,0.52,0.17,0.534,0.563,102.2,99.5,82.92,100,0.585
0022400433,2024-12-28,1610612755,Philadelphia 76ers,1,1,0,1.0,48.0,117.2,116.3,107.1,113.3,10.0,3.1,0.611,2.75,16.5,0.26,0.574,0.412,0.082,0.512,0.574,100.4,98.0,81.67,98,0.523
0022400431,2024-12-28,1610612756,Phoenix Suns,1,0,1,0.0,48.0,103.3,108.2,108.6,112.4,-5.3,-4.1,0.538,1.5,15.1,0.382,0.603,0.496,0.144,0.473,0.516,101.0,97.0,80.83,97,0.493
0022400434,2024-12-28,1610612757,Portland Trail Blazers,1,1,0,1.0,48.0,120.3,122.3,117.9,117.3,2.3,5.0,0.587,1.93,18.5,0.327,0.735,0.531,0.136,0.56,0.601,104.1,103.5,86.25,103,0.543
0022400435,2024-12-28,1610612758,Sacramento Kings,1,0,1,0.0,48.0,120.1,124.5,134.0,133.3,-13.9,-8.8,0.76,3.8,24.8,0.347,0.824,0.542,0.102,0.566,0.583,100.1,98.5,82.08,98,0.446
0022400433,2024-12-28,1610612762,Utah Jazz,1,0,1,0.0,48.0,107.1,113.3,117.2,116.3,-10.0,-3.1,0.628,1.23,18.6,0.426,0.74,0.588,0.224,0.551,0.581,100.4,98.0,81.67,98,0.477
0022400429,2024-12-28,1610612764,Washington Wizards,1,0,1,0.0,53.0,118.3,117.9,119.9,120.4,-1.6,-2.5,0.627,1.88,20.4,0.26,0.75,0.5,0.152,0.601,0.625,101.9,101.89,84.91,112,0.482
0022400438,2024-12-29,1610612737,Atlanta Hawks,1,1,0,1.0,48.0,122.1,123.6,94.8,98.2,27.3,25.5,0.652,2.0,19.1,0.327,0.574,0.441,0.136,0.579,0.616,112.1,109.5,91.25,110,0.617
0022400437,2024-12-29,1610612738,Boston Celtics,1,0,1,0.0,48.0,112.5,116.3,127.0,124.2,-14.5,-7.9,0.605,3.25,19.4,0.208,0.739,0.455,0.082,0.548,0.562,99.1,98.5,82.08,98,0.433
0022400436,2024-12-29,1610612751,Brooklyn Nets,1,0,1,0.0,48.0,108.2,116.1,112.1,115.9,-3.9,0.2,0.688,1.29,17.9,0.357,0.608,0.495,0.195,0.527,0.592,92.2,87.5,72.92,87,0.501
0022400439,2024-12-29,1610612745,Houston Rockets,1,0,1,0.0,48.0,103.4,104.2,108.0,108.3,-4.6,-4.2,0.632,1.85,17.1,0.367,0.686,0.514,0.135,0.459,0.487,96.5,96.0,80.0,96,0.458
0022400437,2024-12-29,1610612754,Indiana Pacers,1,1,0,1.0,48.0,127.0,124.2,112.5,116.3,14.5,7.9,0.587,3.0,19.6,0.261,0.792,0.545,0.091,0.58,0.622,99.1,98.5,82.08,99,0.567
0022400440,2024-12-29,1610612763,Memphis Grizzlies,1,0,1,0.0,48.0,95.3,99.1,119.0,122.6,-23.7,-23.6,0.811,1.43,18.8,0.371,0.745,0.54,0.196,0.454,0.499,110.3,106.5,88.75,107,0.395
0022400439,2024-12-29,1610612748,Miami Heat,1,1,0,1.0,48.0,108.0,108.3,103.4,104.2,4.6,4.2,0.568,1.4,15.8,0.314,0.633,0.486,0.156,0.5,0.54,96.5,96.0,80.0,96,0.542
0022400441,2024-12-29,1610612750,Minnesota Timberwolves,1,1,0,1.0,48.0,111.6,115.5,108.6,113.4,3.0,2.1,0.535,2.3,16.0,0.407,0.778,0.584,0.103,0.485,0.517,100.8,97.0,80.83,97,0.491
0022400440,2024-12-29,1610612760,Oklahoma City Thunder,1,1,0,1.0,48.0,119.0,122.6,95.3,99.1,23.7,23.6,0.673,3.5,22.7,0.255,0.629,0.46,0.094,0.573,0.6,110.3,106.5,88.75,106,0.605
0022400436,2024-12-29,1610612753,Orlando Magic,1,1,0,1.0,48.0,112.1,115.9,108.2,116.1,3.9,-0.2,0.811,2.31,22.2,0.392,0.643,0.505,0.148,0.518,0.543,92.2,87.5,72.92,88,0.499
0022400441,2024-12-29,1610612759,San Antonio Spurs,1,0,1,0.0,48.0,108.6,113.4,111.6,115.5,-3.0,-2.1,0.658,2.5,18.7,0.222,0.593,0.416,0.103,0.5,0.554,100.8,97.0,80.83,97,0.509
0022400438,2024-12-29,1610612761,Toronto Raptors,1,0,1,0.0,48.0,94.8,98.2,122.1,123.6,-27.3,-25.5,0.684,0.84,16.8,0.426,0.673,0.559,0.284,0.488,0.552,112.1,109.5,91.25,109,0.383
0022400442,2024-12-30,1610612766,Charlotte Hornets,1,0,1,0.0,53.0,94.1,94.7,98.4,101.8,-4.3,-7.0,0.548,1.64,15.8,0.159,0.71,0.447,0.123,0.465,0.492,104.9,102.79,85.66,114,0.462
0022400442,2024-12-30,1610612741,Chicago Bulls,1,1,0,1.0,53.0,98.4,101.8,94.1,94.7,4.3,7.0,0.795,2.07,19.0,0.29,0.841,0.553,0.133,0.462,0.496,104.9,102.79,85.66,113,0.538
0022400446,2024-12-30,1610612739,Cleveland Cavaliers,1,1,0,1.0,48.0,107.2,107.6,85.2,90.5,22.0,17.1,0.568,1.56,17.5,0.241,0.676,0.484,0.152,0.552,0.563,108.4,105.0,87.5,105,0.593
0022400448,2024-12-30,1610612742,Dallas Mavericks,1,0,1,0.0,48.0,95.5,97.1,103.4,106.8,-8.0,-9.7,0.531,0.94,13.7,0.083,0.621,0.377,0.175,0.5,0.563,105.6,103.0,85.83,103,0.462
0022400445,2024-12-30,1610612743,Denver Nuggets,1,1,0,1.0,48.0,127.7,130.7,115.6,121.0,12.1,9.7,0.717,5.43,23.5,0.426,0.773,0.582,0.069,0.548,0.582,104.0,100.5,83.75,101,0.57
0022400446,2024-12-30,1610612744,Golden State Warriors,1,0,1,0.0,48.0,85.2,90.5,107.2,107.6,-22.0,-17.1,0.606,1.33,13.6,0.324,0.759,0.516,0.143,0.379,0.43,108.4,105.0,87.5,105,0.407
0022400444,2024-12-30,1610612746,LA Clippers,1,1,0,1.0,48.0,115.0,119.6,115.1,115.3,-0.1,4.3,0.585,1.41,17.4,0.383,0.78,0.568,0.175,0.552,0.593,99.5,97.5,81.25,97,0.485
0022400444,2024-12-30,1610612740,New Orleans Pelicans,1,0,1,0.0,48.0,115.1,115.3,115.0,119.6,0.1,-4.3,0.714,1.88,21.9,0.22,0.617,0.432,0.163,0.622,0.641,99.5,97.5,81.25,98,0.515
0022400443,2024-12-30,1610612752,New York Knicks,1,1,0,1.0,48.0,123.5,123.5,103.2,106.0,20.3,17.5,0.756,4.25,21.9,0.339,0.732,0.536,0.078,0.536,0.578,102.3,101.0,84.17,102,0.606
0022400447,2024-12-30,1610612755,Philadelphia 76ers,1,1,0,1.0,48.0,125.5,128.9,98.8,106.2,26.6,22.7,0.465,1.05,15.5,0.364,0.574,0.488,0.196,0.647,0.705,101.9,97.0,80.83,97,0.63
0022400447,2024-12-30,1610612757,Portland Trail Blazers,1,0,1,0.0,48.0,98.8,106.2,125.5,128.9,-26.6,-22.7,0.622,0.88,16.4,0.426,0.636,0.513,0.268,0.532,0.571,101.9,97.0,80.83,97,0.37
0022400448,2024-12-30,1610612758,Sacramento Kings,1,1,0,1.0,48.0,103.4,106.8,95.5,97.1,8.0,9.7,0.595,1.56,16.7,0.379,0.917,0.623,0.155,0.47,0.508,105.6,103.0,85.83,103,0.538
0022400445,2024-12-30,1610612762,Utah Jazz,1,0,1,0.0,48.0,115.6,121.0,127.7,130.7,-12.1,-9.7,0.636,1.75,20.3,0.227,0.574,0.418,0.16,0.587,0.632,104.0,100.5,83.75,100,0.43
0022400443,2024-12-30,1610612764,Washington Wizards,1,0,1,0.0,48.0,103.2,106.0,123.5,123.5,-20.3,-17.5,0.641,1.92,17.9,0.268,0.661,0.464,0.13,0.489,0.521,102.3,101.0,84.17,100,0.394
0022400449,2024-12-31,1610612738,Boston Celtics,1,1,0,1.0,48.0,130.8,130.2,72.6,73.2,58.2,57.0,0.617,2.23,21.2,0.279,0.7,0.524,0.135,0.667,0.668,96.7,96.5,80.42,96,0.802
0022400454,2024-12-31,1610612739,Cleveland Cavaliers,1,1,0,1.0,48.0,120.2,122.0,105.4,110.0,14.8,12.0,0.711,2.91,22.2,0.245,0.741,0.505,0.11,0.581,0.607,102.9,100.0,83.33,100,0.545
0022400450,2024-12-31,1610612754,Indiana Pacers,1,0,1,0.0,48.0,99.8,102.8,112.6,110.1,-12.8,-7.3,0.65,1.44,17.3,0.268,0.768,0.518,0.165,0.517,0.543,109.4,109.0,90.83,109,0.467
0022400451,2024-12-31,1610612746,LA Clippers,1,0,1,0.0,48.0,86.9,87.8,121.6,123.2,-34.6,-35.5,0.567,1.21,13.4,0.224,0.635,0.418,0.143,0.408,0.453,99.6,98.5,82.08,98,0.285
0022400454,2024-12-31,1610612747,Los Angeles Lakers,1,0,1,0.0,48.0,105.4,110.0,120.2,122.0,-14.8,-12.0,0.619,2.89,18.6,0.259,0.755,0.495,0.09,0.489,0.532,102.9,100.0,83.33,100,0.455
0022400453,2024-12-31,1610612763,Memphis Grizzlies,1,1,0,1.0,48.0,106.8,110.4,101.8,106.7,5.0,3.7,0.675,1.59,17.5,0.383,0.704,0.535,0.16,0.505,0.539,109.8,105.5,87.92,106,0.486
0022400450,2024-12-31,1610612749,Milwaukee Bucks,1,1,0,1.0,48.0,112.6,110.1,99.8,102.8,12.8,7.3,0.6,2.25,18.1,0.232,0.732,0.482,0.11,0.526,0.558,109.4,109.0,90.83,109,0.533
0022400452,2024-12-31,1610612750,Minnesota Timberwolves,1,0,1,0.0,48.0,106.8,104.0,110.7,111.9,-3.8,-7.9,0.538,0.88,15.9,0.25,0.75,0.523,0.238,0.589,0.623,100.2,101.0,84.17,101,0.447
0022400452,2024-12-31,1610612760,Oklahoma City Thunder,1,1,0,1.0,48.0,110.7,111.9,106.8,104.0,3.8,7.9,0.595,2.08,18.1,0.25,0.75,0.477,0.119,0.539,0.57,100.2,101.0,84.17,101,0.553
0022400453,2024-12-31,1610612756,Phoenix Suns,1,0,1,0.0,48.0,101.8,106.7,106.8,110.4,-5.0,-3.7,0.667,1.65,18.8,0.296,0.617,0.465,0.162,0.505,0.544,109.8,105.5,87.92,105,0.514
0022400451,2024-12-31,1610612759,San Antonio Spurs,1,1,0,1.0,48.0,121.6,123.2,86.9,87.8,34.6,35.5,0.771,4.11,24.2,0.365,0.776,0.582,0.091,0.536,0.574,99.6,98.5,82.08,99,0.715
0022400449,2024-12-31,1610612761,Toronto Raptors,1,0,1,0.0,48.0,72.6,73.2,130.8,130.2,-58.2,-57.0,0.667,0.86,13.6,0.3,0.721,0.476,0.216,0.372,0.391,96.7,96.5,80.42,97,0.198
0022400461,2025-01-01,1610612737,Atlanta Hawks,1,0,1,0.0,48.0,107.9,110.1,123.8,127.5,-16.0,-17.4,0.756,2.43,21.4,0.276,0.829,0.505,0.128,0.53,0.549,111.7,109.0,90.83,109,0.406
0022400459,2025-01-01,1610612751,Brooklyn Nets,1,0,1,0.0,48.0,107.8,116.5,134.4,132.7,-26.6,-16.2,0.667,2.15,20.6,0.244,0.763,0.482,0.134,0.546,0.59,100.8,97.5,81.25,97,0.42
0022400456,2025-01-01,1610612741,Chicago Bulls,1,0,1,0.0,48.0,97.1,100.0,110.3,114.7,-13.2,-14.7,0.683,1.4,19.2,0.212,0.712,0.462,0.187,0.522,0.545,111.7,108.0,90.0,107,0.441
0022400460,2025-01-01,1610612742,Dallas Mavericks,1,0,1,0.0,48.0,103.1,99.0,100.8,112.2,2.3,-13.2,0.475,0.95,15.2,0.158,0.714,0.471,0.2,0.607,0.603,102.6,99.0,82.5,100,0.479
0022400461,2025-01-01,1610612743,Denver Nuggets,1,1,0,1.0,48.0,123.8,127.5,107.9,110.1,16.0,17.4,0.83,3.38,27.5,0.171,0.724,0.495,0.119,0.628,0.673,111.7,109.0,90.83,109,0.594
0022400455,2025-01-01,1610612765,Detroit Pistons,1,1,0,1.0,48.0,103.5,107.1,92.5,98.0,11.0,9.2,0.61,1.04,18.1,0.385,0.702,0.573,0.245,0.595,0.607,102.6,98.0,81.67,98,0.584
0022400460,2025-01-01,1610612745,Houston Rockets,1,1,0,1.0,48.0,100.8,112.2,103.1,99.0,-2.3,13.2,0.381,1.14,12.5,0.286,0.842,0.529,0.143,0.517,0.555,102.6,99.0,82.5,98,0.521
0022400457,2025-01-01,1610612748,Miami Heat,1,1,0,1.0,48.0,118.7,126.6,112.9,113.7,5.8,12.9,0.773,2.62,24.5,0.275,0.786,0.537,0.138,0.614,0.645,98.0,94.5,78.75,94,0.552
0022400457,2025-01-01,1610612740,New Orleans Pelicans,1,0,1,0.0,48.0,112.9,113.7,118.7,126.6,-5.8,-12.9,0.625,2.27,19.4,0.214,0.725,0.463,0.116,0.556,0.602,98.0,94.5,78.75,95,0.448
0022400458,2025-01-01,1610612752,New York Knicks,1,1,0,1.0,48.0,116.5,117.8,97.5,102.0,19.0,15.8,0.66,2.38,22.0,0.214,0.683,0.49,0.129,0.606,0.626,103.9,101.0,84.17,101,0.63
0022400455,2025-01-01,1610612753,Orlando Magic,1,0,1,0.0,48.0,92.5,98.0,103.5,107.1,-11.0,-9.2,0.486,1.38,13.6,0.298,0.615,0.427,0.133,0.451,0.481,102.6,98.0,81.67,98,0.416
0022400462,2025-01-01,1610612755,Philadelphia 76ers,1,0,1,0.0,48.0,105.8,108.1,115.8,115.3,-10.1,-7.2,0.6,1.26,17.8,0.267,0.636,0.449,0.192,0.565,0.593,99.4,98.5,82.08,99,0.436
0022400462,2025-01-01,1610612758,Sacramento Kings,1,1,0,1.0,48.0,115.8,115.3,105.8,108.1,10.1,7.2,0.585,1.41,17.4,0.364,0.733,0.551,0.173,0.542,0.598,99.4,98.5,82.08,98,0.564
0022400459,2025-01-01,1610612761,Toronto Raptors,1,1,0,1.0,48.0,134.4,132.7,107.8,116.5,26.6,16.2,0.692,3.27,25.2,0.237,0.756,0.518,0.112,0.682,0.694,100.8,97.5,81.25,98,0.58
0022400458,2025-01-01,1610612762,Utah Jazz,1,0,1,0.0,48.0,97.5,102.0,116.5,117.8,-19.0,-15.8,0.59,1.35,16.1,0.317,0.786,0.51,0.168,0.474,0.502,103.9,101.0,84.17,101,0.37
0022400456,2025-01-01,1610612764,Washington Wizards,1,1,0,1.0,48.0,110.3,114.7,97.1,100.0,13.2,14.7,0.735,2.12,22.5,0.288,0.788,0.538,0.156,0.581,0.599,111.7,108.0,90.0,109,0.559
0022400464,2025-01-02,1610612738,Boston Celtics,1,1,0,1.0,48.0,133.1,137.2,129.7,133.7,3.4,3.5,0.652,7.5,23.1,0.304,0.595,0.434,0.047,0.62,0.623,88.7,86.0,71.67,86,0.514
0022400465,2025-01-02,1610612751,Brooklyn Nets,1,1,0,1.0,48.0,112.6,114.1,106.5,111.1,6.2,3.0,0.684,1.86,18.6,0.314,0.673,0.5,0.141,0.5,0.563,101.8,99.0,82.5,99,0.55
0022400467,2025-01-02,1610612744,Golden State Warriors,1,1,0,1.0,48.0,138.2,140.4,104.0,106.1,34.2,34.3,0.774,3.42,27.7,0.229,0.78,0.553,0.121,0.736,0.743,100.8,99.0,82.5,99,0.647
0022400463,2025-01-02,1610612754,Indiana Pacers,1,1,0,1.0,48.0,130.6,133.3,120.7,118.6,9.8,14.8,0.686,4.38,24.0,0.3,0.813,0.5,0.083,0.62,0.621,96.6,96.5,80.42,96,0.5
0022400466,2025-01-02,1610612746,LA Clippers,1,0,1,0.0,48.0,99.5,99.0,115.1,118.4,-15.6,-19.4,0.658,1.25,18.4,0.261,0.844,0.549,0.202,0.537,0.554,99.6,98.5,82.08,99,0.408
0022400468,2025-01-02,1610612747,Los Angeles Lakers,1,1,0,1.0,48.0,116.1,117.5,106.8,109.3,9.3,8.2,0.698,2.31,20.8,0.327,0.683,0.484,0.134,0.537,0.569,98.7,97.0,80.83,97,0.519
0022400463,2025-01-02,1610612748,Miami Heat,1,0,1,0.0,48.0,120.7,118.6,130.6,133.3,-9.8,-14.8,0.791,2.13,24.8,0.188,0.7,0.5,0.165,0.647,0.683,96.6,96.5,80.42,97,0.5
0022400465,2025-01-02,1610612749,Milwaukee Bucks,1,0,1,0.0,48.0,106.5,111.1,112.6,114.1,-6.2,-3.0,0.525,1.5,15.3,0.327,0.686,0.5,0.141,0.506,0.538,101.8,99.0,82.5,99,0.45
0022400464,2025-01-02,1610612750,Minnesota Timberwolves,1,0,1,0.0,48.0,129.7,133.7,133.1,137.2,-3.4,-3.5,0.649,1.5,19.2,0.405,0.696,0.566,0.186,0.642,0.687,88.7,86.0,71.67,86,0.486
0022400466,2025-01-02,1610612760,Oklahoma City Thunder,1,1,0,1.0,48.0,115.1,118.4,99.5,99.0,15.6,19.4,0.674,2.9,21.6,0.156,0.739,0.451,0.102,0.581,0.612,99.6,98.5,82.08,98,0.592
0022400467,2025-01-02,1610612755,Philadelphia 76ers,1,0,1,0.0,48.0,104.0,106.1,138.2,140.4,-34.2,-34.3,0.5,1.55,13.4,0.22,0.771,0.447,0.111,0.475,0.547,100.8,99.0,82.5,99,0.353
0022400468,2025-01-02,1610612757,Portland Trail Blazers,1,0,1,0.0,48.0,106.8,109.3,116.1,117.5,-9.3,-8.2,0.6,1.33,17.9,0.317,0.673,0.516,0.186,0.556,0.594,98.7,97.0,80.83,97,0.481
0022400477,2025-01-03,1610612737,Atlanta Hawks,1,0,1,0.0,48.0,99.1,102.0,117.8,121.4,-18.7,-19.4,0.537,2.75,15.8,0.279,0.553,0.398,0.08,0.44,0.473,102.0,99.0,82.5,100,0.402
0022400471,2025-01-03,1610612738,Boston Celtics,1,1,0,1.0,48.0,125.4,123.9,92.2,98.9,33.2,25.0,0.513,1.43,16.4,0.366,0.625,0.515,0.159,0.63,0.642,90.1,87.5,72.92,88,0.71
0022400469,2025-01-03,1610612766,Charlotte Hornets,1,0,1,0.0,48.0,92.0,94.9,98.3,100.0,-6.3,-5.1,0.758,1.39,18.4,0.226,0.691,0.463,0.182,0.469,0.504,101.0,98.5,82.08,99,0.518
0022400474,2025-01-03,1610612739,Cleveland Cavaliers,1,1,0,1.0,48.0,127.9,128.8,117.1,117.3,10.8,11.5,0.731,4.75,24.5,0.277,0.6,0.458,0.077,0.607,0.627,104.5,104.0,86.67,104,0.572
0022400474,2025-01-03,1610612742,Dallas Mavericks,1,0,1,0.0,48.0,117.1,117.3,127.9,128.8,-10.8,-11.5,0.674,2.42,18.5,0.4,0.723,0.542,0.115,0.49,0.539,104.5,104.0,86.67,104,0.428
0022400475,2025-01-03,1610612743,Denver Nuggets,1,0,1,0.0,48.0,107.8,110.0,108.9,113.0,-1.1,-3.0,0.786,4.13,22.4,0.246,0.661,0.451,0.08,0.51,0.529,102.9,100.0,83.33,100,0.502
0022400469,2025-01-03,1610612765,Detroit Pistons,1,1,0,1.0,48.0,98.3,100.0,92.0,94.9,6.3,5.1,0.538,1.4,15.4,0.309,0.774,0.537,0.153,0.484,0.496,101.0,98.5,82.08,98,0.482
0022400471,2025-01-03,1610612745,Houston Rockets,1,0,1,0.0,48.0,92.2,98.9,125.4,123.9,-33.2,-25.0,0.281,0.64,7.8,0.375,0.634,0.485,0.161,0.42,0.461,90.1,87.5,72.92,87,0.29
0022400477,2025-01-03,1610612747,Los Angeles Lakers,1,1,0,1.0,48.0,117.8,121.4,99.1,102.0,18.7,19.4,0.651,1.47,19.0,0.447,0.721,0.602,0.194,0.563,0.601,102.0,99.0,82.5,98,0.598
0022400476,2025-01-03,1610612763,Memphis Grizzlies,1,0,1,0.0,48.0,123.3,122.0,126.5,130.2,-3.1,-8.2,0.721,1.82,20.1,0.314,0.76,0.535,0.156,0.579,0.634,108.5,107.5,89.58,109,0.494
0022400472,2025-01-03,1610612740,New Orleans Pelicans,1,1,0,1.0,48.0,131.1,128.2,116.6,118.8,14.5,9.3,0.75,4.5,23.5,0.286,0.619,0.44,0.078,0.594,0.625,101.8,102.0,85.0,103,0.55
0022400473,2025-01-03,1610612752,New York Knicks,1,0,1,0.0,48.0,108.7,107.0,117.9,117.0,-9.2,-10.0,0.512,1.83,16.4,0.245,0.814,0.511,0.12,0.528,0.549,98.9,100.0,83.33,100,0.437
0022400473,2025-01-03,1610612760,Oklahoma City Thunder,1,1,0,1.0,48.0,117.9,117.0,108.7,107.0,9.2,10.0,0.628,2.08,20.0,0.186,0.755,0.489,0.13,0.595,0.627,98.9,100.0,83.33,100,0.563
0022400470,2025-01-03,1610612753,Orlando Magic,1,1,0,1.0,48.0,119.8,117.8,108.1,109.0,11.7,8.8,0.865,2.29,23.5,0.318,0.791,0.552,0.156,0.589,0.613,89.1,89.5,74.58,90,0.533
0022400476,2025-01-03,1610612758,Sacramento Kings,1,1,0,1.0,48.0,126.5,130.2,123.3,122.0,3.1,8.2,0.653,3.2,21.3,0.24,0.686,0.465,0.094,0.601,0.632,108.5,107.5,89.58,106,0.506
0022400475,2025-01-03,1610612759,San Antonio Spurs,1,1,0,1.0,48.0,108.9,113.0,107.8,110.0,1.1,3.0,0.674,2.38,20.7,0.339,0.754,0.549,0.13,0.53,0.54,102.9,100.0,83.33,100,0.498
0022400470,2025-01-03,1610612761,Toronto Raptors,1,0,1,0.0,48.0,108.1,109.0,119.8,117.8,-11.7,-8.8,0.737,2.55,22.2,0.209,0.682,0.448,0.124,0.538,0.566,89.1,89.5,74.58,89,0.467
0022400472,2025-01-03,1610612764,Washington Wizards,1,0,1,0.0,48.0,116.6,118.8,131.1,128.2,-14.5,-9.3,0.622,1.33,19.3,0.381,0.714,0.56,0.208,0.589,0.626,101.8,102.0,85.0,101,0.45
0022400486,2025-01-04,1610612737,Atlanta Hawks,1,0,1,0.0,48.0,95.0,95.5,115.4,117.0,-20.4,-21.5,0.789,1.3,20.3,0.154,0.761,0.439,0.209,0.523,0.55,112.0,111.0,92.5,110,0.402
0022400478,2025-01-04,1610612751,Brooklyn Nets,1,0,1,0.0,48.0,88.4,89.5,116.9,116.0,-28.5,-26.5,0.647,1.0,16.3,0.154,0.791,0.442,0.21,0.5,0.52,105.8,105.5,87.92,105,0.321
0022400482,2025-01-04,1610612741,Chicago Bulls,1,1,0,1.0,48.0,131.2,131.1,120.8,117.8,10.4,13.4,0.706,2.77,23.7,0.233,0.642,0.458,0.123,0.649,0.682,105.1,106.5,88.75,106,0.544
0022400484,2025-01-04,1610612743,Denver Nuggets,1,1,0,1.0,53.0,109.8,113.0,98.3,100.9,11.5,12.1,0.681,4.57,20.3,0.286,0.719,0.504,0.065,0.481,0.516,101.5,98.72,82.26,108,0.569
0022400479,2025-01-04,1610612765,Detroit Pistons,1,1,0,1.0,48.0,115.8,119.0,103.5,106.1,12.2,12.9,0.578,1.86,17.9,0.388,0.816,0.602,0.14,0.554,0.584,102.1,99.5,82.92,100,0.597
0022400485,2025-01-04,1610612744,Golden State Warriors,1,1,0,1.0,48.0,121.0,122.2,106.6,113.0,14.4,9.2,0.727,1.78,22.7,0.238,0.568,0.407,0.182,0.661,0.665,103.0,99.5,82.92,99,0.515
0022400480,2025-01-04,1610612754,Indiana Pacers,1,1,0,1.0,48.0,125.7,128.6,113.4,112.5,12.3,16.1,0.761,4.38,23.3,0.373,0.875,0.593,0.082,0.557,0.599,97.7,97.0,80.83,98,0.55
0022400486,2025-01-04,1610612746,LA Clippers,1,1,0,1.0,48.0,115.4,117.0,95.0,95.5,20.4,21.5,0.679,2.12,22.6,0.239,0.846,0.561,0.152,0.62,0.633,112.0,111.0,92.5,112,0.598
0022400485,2025-01-04,1610612763,Memphis Grizzlies,1,0,1,0.0,48.0,106.6,113.0,121.0,122.2,-14.4,-9.2,0.63,1.26,19.6,0.432,0.762,0.593,0.23,0.574,0.594,103.0,99.5,82.92,100,0.485
0022400481,2025-01-04,1610612748,Miami Heat,1,0,1,0.0,48.0,96.9,97.1,129.5,130.8,-32.6,-33.7,0.714,1.67,18.5,0.143,0.612,0.378,0.146,0.494,0.536,104.1,103.5,86.25,103,0.37
0022400483,2025-01-04,1610612749,Milwaukee Bucks,1,0,1,0.0,48.0,99.1,101.0,104.2,105.0,-5.2,-4.0,0.61,2.27,18.5,0.161,0.804,0.451,0.109,0.5,0.515,101.8,100.5,83.75,101,0.478
0022400479,2025-01-04,1610612750,Minnesota Timberwolves,1,0,1,0.0,48.0,103.5,106.1,115.8,119.0,-12.2,-12.9,0.588,1.18,15.6,0.184,0.612,0.398,0.172,0.525,0.574,102.1,99.5,82.92,99,0.403
0022400482,2025-01-04,1610612752,New York Knicks,1,0,1,0.0,48.0,120.8,117.8,131.2,131.1,-10.4,-13.4,0.563,2.08,17.6,0.358,0.767,0.542,0.121,0.536,0.576,105.1,106.5,88.75,107,0.456
0022400478,2025-01-04,1610612755,Philadelphia 76ers,1,1,0,1.0,48.0,116.9,116.0,88.4,89.5,28.5,26.5,0.738,1.72,21.4,0.209,0.846,0.558,0.17,0.604,0.646,105.8,105.5,87.92,106,0.679
0022400480,2025-01-04,1610612756,Phoenix Suns,1,0,1,0.0,48.0,113.4,112.5,125.7,128.6,-12.3,-16.1,0.789,2.31,22.9,0.125,0.627,0.407,0.135,0.564,0.619,97.7,97.0,80.83,96,0.45
0022400483,2025-01-04,1610612757,Portland Trail Blazers,1,1,0,1.0,48.0,104.2,105.0,99.1,101.0,5.2,4.0,0.512,1.17,16.2,0.196,0.839,0.549,0.18,0.559,0.579,101.8,100.5,83.75,100,0.522
0022400484,2025-01-04,1610612759,San Antonio Spurs,1,0,1,0.0,53.0,98.3,100.9,109.8,113.0,-11.5,-12.1,0.683,2.0,18.1,0.281,0.714,0.496,0.127,0.457,0.496,101.5,98.72,82.26,110,0.431
0022400481,2025-01-04,1610612762,Utah Jazz,1,1,0,1.0,48.0,129.5,130.8,96.9,97.1,32.6,33.7,0.596,2.21,20.1,0.388,0.857,0.622,0.135,0.615,0.635,104.1,103.5,86.25,104,0.63
0022400487,2025-01-05,1610612738,Boston Celtics,1,0,1,0.0,48.0,92.4,94.8,105.3,107.1,-12.9,-12.3,0.548,1.06,13.2,0.278,0.735,0.495,0.165,0.418,0.481,99.6,97.5,81.25,97,0.41
0022400488,2025-01-05,1610612766,Charlotte Hornets,1,0,1,0.0,48.0,102.6,106.1,112.7,115.0,-10.1,-8.9,0.5,1.19,14.2,0.315,0.745,0.524,0.162,0.5,0.528,102.2,99.5,82.92,99,0.441
0022400488,2025-01-05,1610612739,Cleveland Cavaliers,1,1,0,1.0,48.0,112.7,115.0,102.6,106.1,10.1,8.9,0.659,2.42,20.6,0.255,0.685,0.476,0.12,0.56,0.581,102.2,99.5,82.92,100,0.559
0022400492,2025-01-05,1610612744,Golden State Warriors,1,0,1,0.0,48.0,97.1,101.0,125.6,129.0,-28.5,-28.0,0.595,1.0,16.7,0.261,0.636,0.444,0.224,0.531,0.557,102.3,99.0,82.5,98,0.344
0022400491,2025-01-05,1610612745,Houston Rockets,1,1,0,1.0,48.0,124.8,128.0,127.3,125.0,-2.5,3.0,0.404,3.17,14.1,0.418,0.744,0.561,0.065,0.545,0.554,92.8,92.5,77.08,93,0.474
0022400491,2025-01-05,1610612747,Los Angeles Lakers,1,0,1,0.0,48.0,127.3,125.0,124.8,128.0,2.5,-3.0,0.684,2.6,20.2,0.256,0.582,0.439,0.109,0.59,0.637,92.8,92.5,77.08,92,0.526
0022400489,2025-01-05,1610612740,New Orleans Pelicans,1,1,0,1.0,48.0,110.2,112.2,95.9,99.0,14.3,13.3,0.703,2.17,18.7,0.283,0.736,0.509,0.122,0.511,0.557,101.0,98.5,82.08,98,0.567
0022400487,2025-01-05,1610612760,Oklahoma City Thunder,1,1,0,1.0,48.0,105.3,107.1,92.4,94.8,12.9,12.3,0.564,1.38,16.5,0.265,0.722,0.505,0.163,0.54,0.566,99.6,97.5,81.25,98,0.59
0022400490,2025-01-05,1610612753,Orlando Magic,1,0,1,0.0,48.0,91.3,94.8,105.1,107.1,-13.7,-12.3,0.714,2.27,17.9,0.288,0.659,0.436,0.113,0.429,0.444,100.3,97.5,81.25,97,0.401
0022400492,2025-01-05,1610612758,Sacramento Kings,1,1,0,1.0,48.0,125.6,129.0,97.1,101.0,28.5,28.0,0.689,1.94,21.1,0.364,0.739,0.556,0.16,0.626,0.667,102.3,99.0,82.5,100,0.656
0022400490,2025-01-05,1610612762,Utah Jazz,1,1,0,1.0,48.0,105.1,107.1,91.3,94.8,13.7,12.3,0.538,0.95,15.9,0.341,0.712,0.564,0.224,0.549,0.59,100.3,97.5,81.25,98,0.599
0022400489,2025-01-05,1610612764,Washington Wizards,1,0,1,0.0,48.0,95.9,99.0,110.2,112.2,-14.3,-13.3,0.658,1.56,18.1,0.264,0.717,0.491,0.162,0.489,0.515,101.0,98.5,82.08,99,0.433
0022400495,2025-01-06,1610612751,Brooklyn Nets,1,0,1,0.0,48.0,102.2,104.2,117.6,120.2,-15.3,-16.0,0.561,1.64,16.1,0.417,0.795,0.566,0.147,0.469,0.481,96.5,94.5,78.75,95,0.421
0022400498,2025-01-06,1610612741,Chicago Bulls,1,1,0,1.0,48.0,105.9,110.7,105.5,106.8,0.5,3.9,0.568,1.92,17.0,0.356,0.673,0.505,0.126,0.495,0.525,105.9,103.0,85.83,103,0.51
0022400499,2025-01-06,1610612742,Dallas Mavericks,1,0,1,0.0,48.0,97.6,98.1,112.9,114.4,-15.3,-16.3,0.625,1.67,17.0,0.279,0.736,0.491,0.142,0.474,0.497,106.0,105.0,87.5,106,0.419
0022400493,2025-01-06,1610612765,Detroit Pistons,1,1,0,1.0,48.0,116.1,121.6,113.6,117.3,2.4,4.3,0.548,1.53,16.2,0.407,0.75,0.561,0.155,0.527,0.569,101.4,97.5,81.25,97,0.481
0022400495,2025-01-06,1610612754,Indiana Pacers,1,1,0,1.0,48.0,117.6,120.2,102.2,104.2,15.3,16.0,0.55,1.83,17.7,0.205,0.583,0.434,0.128,0.582,0.634,96.5,94.5,78.75,94,0.579
0022400500,2025-01-06,1610612746,LA Clippers,1,0,1,0.0,48.0,107.1,111.6,110.8,112.5,-3.7,-0.9,0.622,1.77,17.0,0.309,0.636,0.473,0.137,0.483,0.53,98.2,95.5,79.58,95,0.505
0022400499,2025-01-06,1610612763,Memphis Grizzlies,1,1,0,1.0,48.0,112.9,114.4,97.6,98.1,15.3,16.3,0.6,1.6,16.9,0.264,0.721,0.509,0.144,0.523,0.575,106.0,105.0,87.5,104,0.581
0022400501,2025-01-06,1610612748,Miami Heat,1,0,1,0.0,58.0,101.8,101.7,105.6,106.0,-3.8,-4.3,0.581,1.79,16.1,0.226,0.687,0.465,0.121,0.475,0.518,96.1,96.0,80.0,116,0.495
0022400497,2025-01-06,1610612749,Milwaukee Bucks,1,1,0,1.0,48.0,124.8,124.3,98.8,101.0,25.9,23.3,0.787,1.76,24.8,0.25,0.741,0.544,0.204,0.707,0.722,103.9,103.0,85.83,103,0.62
0022400500,2025-01-06,1610612750,Minnesota Timberwolves,1,1,0,1.0,48.0,110.8,112.5,107.1,111.6,3.7,0.9,0.585,1.6,17.1,0.364,0.691,0.527,0.156,0.533,0.543,98.2,95.5,79.58,96,0.495
0022400496,2025-01-06,1610612752,New York Knicks,1,0,1,0.0,48.0,102.5,103.3,115.8,113.2,-13.3,-9.9,0.444,1.33,13.2,0.298,0.75,0.506,0.132,0.469,0.518,90.3,91.0,75.83,91,0.418
0022400496,2025-01-06,1610612753,Orlando Magic,1,1,0,1.0,48.0,115.8,113.2,102.5,103.3,13.3,9.9,0.59,1.92,18.5,0.25,0.702,0.494,0.132,0.571,0.599,90.3,91.0,75.83,91,0.582
0022400494,2025-01-06,1610612755,Philadelphia 76ers,1,0,1,0.0,48.0,102.7,104.2,112.0,113.5,-9.3,-9.3,0.588,2.0,15.5,0.237,0.814,0.48,0.105,0.477,0.503,96.9,95.5,79.58,95,0.393
0022400494,2025-01-06,1610612756,Phoenix Suns,1,1,0,1.0,48.0,112.0,113.5,102.7,104.2,9.3,9.3,0.78,2.67,23.5,0.186,0.763,0.52,0.125,0.593,0.61,96.9,95.5,79.58,96,0.607
0022400493,2025-01-06,1610612757,Portland Trail Blazers,1,0,1,0.0,48.0,113.6,117.3,116.1,121.6,-2.4,-4.3,0.667,2.0,22.7,0.25,0.593,0.439,0.163,0.622,0.624,101.4,97.5,81.25,98,0.519
0022400501,2025-01-06,1610612758,Sacramento Kings,1,1,0,1.0,58.0,105.6,106.0,101.8,101.7,3.8,4.3,0.667,2.0,18.0,0.313,0.774,0.535,0.129,0.477,0.515,96.1,96.0,80.0,116,0.505
0022400498,2025-01-06,1610612759,San Antonio Spurs,1,0,1,0.0,48.0,105.5,106.8,105.9,110.7,-0.5,-3.9,0.705,1.82,20.5,0.327,0.644,0.495,0.165,0.542,0.548,105.9,103.0,85.83,103,0.49
0022400497,2025-01-06,1610612761,Toronto Raptors,1,0,1,0.0,48.0,98.8,101.0,124.8,124.3,-25.9,-23.3,0.659,1.8,18.8,0.259,0.75,0.456,0.146,0.5,0.519,103.9,103.0,85.83,103,0.38
0022400506,2025-01-07,1610612737,Atlanta Hawks,1,1,0,1.0,48.0,120.9,122.8,110.0,119.8,10.9,3.0,0.745,3.5,23.3,0.283,0.61,0.455,0.099,0.571,0.593,106.3,101.0,84.17,101,0.54
0022400507,2025-01-07,1610612738,Boston Celtics,1,1,0,1.0,48.0,120.7,124.2,109.7,112.8,10.9,11.4,0.682,2.5,21.1,0.378,0.653,0.521,0.126,0.568,0.61,97.2,94.5,78.75,95,0.595
0022400502,2025-01-07,1610612766,Charlotte Hornets,1,1,0,1.0,48.0,109.8,113.9,100.6,103.0,9.2,10.9,0.605,1.64,15.6,0.393,0.778,0.574,0.139,0.454,0.519,104.1,101.0,84.17,101,0.544
0022400504,2025-01-07,1610612742,Dallas Mavericks,1,1,0,1.0,48.0,125.3,128.3,107.1,103.2,18.2,25.1,0.644,2.23,21.6,0.317,0.86,0.595,0.141,0.628,0.64,92.4,93.0,77.5,92,0.575
0022400507,2025-01-07,1610612743,Denver Nuggets,1,0,1,0.0,48.0,109.7,112.8,120.7,124.2,-10.9,-11.4,0.55,1.38,16.5,0.347,0.622,0.479,0.17,0.54,0.566,97.2,94.5,78.75,94,0.405
0022400508,2025-01-07,1610612744,Golden State Warriors,1,0,1,0.0,48.0,96.8,102.1,114.6,120.0,-17.8,-17.9,0.7,2.33,19.7,0.31,0.808,0.545,0.125,0.48,0.489,100.3,95.5,79.58,96,0.441
0022400503,2025-01-07,1610612745,Houston Rockets,1,1,0,1.0,48.0,137.6,135.0,112.2,113.1,25.4,21.9,0.62,3.1,20.4,0.438,0.647,0.545,0.1,0.593,0.63,99.0,99.5,82.92,100,0.627
0022400504,2025-01-07,1610612747,Los Angeles Lakers,1,0,1,0.0,48.0,107.1,103.2,125.3,128.3,-18.2,-25.1,0.588,2.0,16.7,0.14,0.683,0.405,0.106,0.527,0.567,92.4,93.0,77.5,94,0.425
0022400508,2025-01-07,1610612748,Miami Heat,1,1,0,1.0,48.0,114.6,120.0,96.8,102.1,17.8,17.9,0.744,3.2,23.4,0.192,0.69,0.455,0.105,0.56,0.579,100.3,95.5,79.58,95,0.559
0022400505,2025-01-07,1610612750,Minnesota Timberwolves,1,1,0,1.0,48.0,100.6,105.1,91.9,100.0,8.7,5.1,0.684,1.53,18.1,0.345,0.672,0.521,0.172,0.511,0.534,104.5,98.0,81.67,99,0.573
0022400505,2025-01-07,1610612740,New Orleans Pelicans,1,0,1,0.0,48.0,91.9,100.0,100.6,105.1,-8.7,-5.1,0.657,1.64,16.3,0.328,0.655,0.479,0.144,0.436,0.464,104.5,98.0,81.67,97,0.427
0022400502,2025-01-07,1610612756,Phoenix Suns,1,0,1,0.0,48.0,100.6,103.0,109.8,113.9,-9.2,-10.9,0.692,2.45,19.4,0.222,0.607,0.426,0.109,0.467,0.518,104.1,101.0,84.17,101,0.456
0022400506,2025-01-07,1610612762,Utah Jazz,1,0,1,0.0,48.0,110.0,119.8,120.9,122.8,-10.9,-3.0,0.625,1.56,16.8,0.39,0.717,0.545,0.158,0.516,0.565,106.3,101.0,84.17,101,0.46
0022400503,2025-01-07,1610612764,Washington Wizards,1,0,1,0.0,48.0,112.2,113.1,137.6,135.0,-25.4,-21.9,0.512,1.17,15.2,0.353,0.563,0.455,0.182,0.545,0.573,99.0,99.5,82.92,99,0.373
0022400513,2025-01-08,1610612751,Brooklyn Nets,1,0,1,0.0,48.0,96.8,102.1,113.8,117.7,-17.0,-15.6,0.727,1.6,17.6,0.296,0.721,0.485,0.156,0.459,0.514,100.3,96.0,80.0,96,0.418
0022400510,2025-01-08,1610612741,Chicago Bulls,1,0,1,0.0,48.0,109.3,109.7,118.8,127.7,-9.5,-18.0,0.523,1.28,16.7,0.255,0.585,0.43,0.175,0.581,0.599,106.0,102.0,85.0,103,0.413
0022400509,2025-01-08,1610612739,Cleveland Cavaliers,1,1,0,1.0,48.0,123.0,127.7,120.2,122.0,2.8,5.7,0.766,2.4,23.2,0.396,0.714,0.544,0.149,0.606,0.633,103.2,100.5,83.75,101,0.502
0022400515,2025-01-08,1610612743,Denver Nuggets,1,1,0,1.0,48.0,124.2,127.3,102.4,105.1,21.8,22.2,0.592,2.42,21.0,0.227,0.75,0.51,0.121,0.646,0.653,101.0,98.5,82.08,99,0.61
0022400513,2025-01-08,1610612765,Detroit Pistons,1,1,0,1.0,48.0,113.8,117.7,96.8,102.1,17.0,15.6,0.667,2.0,21.7,0.279,0.704,0.515,0.156,0.61,0.619,100.3,96.0,80.0,96,0.582
0022400510,2025-01-08,1610612754,Indiana Pacers,1,1,0,1.0,48.0,118.8,127.7,109.3,109.7,9.5,18.0,0.712,2.85,23.1,0.415,0.745,0.57,0.129,0.57,0.583,106.0,102.0,85.0,101,0.587
0022400515,2025-01-08,1610612746,LA Clippers,1,0,1,0.0,48.0,102.4,105.1,124.2,127.3,-21.8,-22.2,0.467,1.17,11.2,0.25,0.773,0.49,0.122,0.444,0.528,101.0,98.5,82.08,98,0.39
0022400516,2025-01-08,1610612749,Milwaukee Bucks,1,1,0,1.0,48.0,118.9,121.0,104.2,106.1,14.7,14.9,0.591,2.36,18.6,0.3,0.774,0.563,0.11,0.582,0.6,101.3,99.5,82.92,100,0.576
0022400514,2025-01-08,1610612740,New Orleans Pelicans,1,0,1,0.0,48.0,104.3,108.7,127.0,128.0,-22.6,-19.3,0.475,1.0,14.3,0.423,0.548,0.479,0.207,0.511,0.527,94.8,92.5,77.08,92,0.385
0022400511,2025-01-08,1610612752,New York Knicks,1,1,0,1.0,48.0,114.5,117.9,105.8,103.2,8.7,14.7,0.571,1.5,17.3,0.447,0.8,0.609,0.168,0.545,0.579,95.2,95.0,79.17,95,0.53
0022400509,2025-01-08,1610612760,Oklahoma City Thunder,1,0,1,0.0,48.0,120.2,122.0,123.0,127.7,-2.8,-5.7,0.729,2.69,24.0,0.286,0.604,0.456,0.13,0.594,0.626,103.2,100.5,83.75,100,0.498
0022400512,2025-01-08,1610612755,Philadelphia 76ers,1,1,0,1.0,48.0,114.3,118.5,105.1,112.0,9.2,6.5,0.525,2.33,16.4,0.294,0.537,0.419,0.098,0.54,0.566,96.7,92.0,76.67,92,0.534
0022400514,2025-01-08,1610612757,Portland Trail Blazers,1,1,0,1.0,48.0,127.0,128.0,104.3,108.7,22.6,19.3,0.5,1.6,17.8,0.452,0.577,0.521,0.161,0.619,0.635,94.8,92.5,77.08,93,0.615
0022400516,2025-01-08,1610612759,San Antonio Spurs,1,0,1,0.0,48.0,104.2,106.1,118.9,121.0,-14.7,-14.9,0.686,2.67,17.6,0.226,0.7,0.438,0.091,0.463,0.506,101.3,99.5,82.92,99,0.424
0022400511,2025-01-08,1610612761,Toronto Raptors,1,0,1,0.0,48.0,105.8,103.2,114.5,117.9,-8.7,-14.7,0.658,1.47,19.5,0.2,0.553,0.391,0.179,0.558,0.586,95.2,95.0,79.17,95,0.47
0022400512,2025-01-08,1610612764,Washington Wizards,1,0,1,0.0,48.0,105.1,112.0,114.3,118.5,-9.2,-6.5,0.619,1.44,18.2,0.463,0.706,0.581,0.196,0.516,0.526,96.7,92.0,76.67,92,0.466
0022400522,2025-01-09,1610612737,Atlanta Hawks,1,0,1,0.0,48.0,119.2,118.6,128.7,128.1,-9.5,-9.6,0.762,2.91,23.0,0.222,0.649,0.415,0.113,0.576,0.615,96.0,96.5,80.42,97,0.46
0022400517,2025-01-09,1610612739,Cleveland Cavaliers,1,1,0,1.0,48.0,138.9,136.1,127.6,129.9,11.3,6.2,0.66,2.82,21.5,0.348,0.684,0.5,0.113,0.629,0.66,96.9,97.0,80.83,97,0.515
0022400521,2025-01-09,1610612742,Dallas Mavericks,1,1,0,1.0,48.0,117.9,119.4,110.1,113.3,7.8,6.1,0.65,1.86,18.2,0.388,0.679,0.543,0.143,0.511,0.578,100.0,98.0,81.67,98,0.568
0022400518,2025-01-09,1610612765,Detroit Pistons,1,0,1,0.0,48.0,102.9,108.3,111.4,110.3,-8.5,-2.0,0.641,1.67,18.8,0.24,0.667,0.455,0.156,0.535,0.559,98.5,96.5,80.42,96,0.462
0022400518,2025-01-09,1610612744,Golden State Warriors,1,1,0,1.0,48.0,111.4,110.3,102.9,108.3,8.5,2.0,0.78,2.13,21.9,0.333,0.76,0.545,0.155,0.545,0.557,98.5,96.5,80.42,97,0.538
0022400520,2025-01-09,1610612745,Houston Rockets,1,1,0,1.0,48.0,107.2,114.4,107.3,110.6,-0.1,3.8,0.512,1.62,14.3,0.361,0.702,0.509,0.125,0.495,0.522,109.1,104.0,86.67,104,0.487
0022400520,2025-01-09,1610612763,Memphis Grizzlies,1,0,1,0.0,48.0,107.3,110.6,107.2,114.4,0.1,-3.8,0.476,1.0,14.6,0.298,0.639,0.491,0.192,0.56,0.592,109.1,104.0,86.67,104,0.513
0022400523,2025-01-09,1610612748,Miami Heat,1,1,0,1.0,48.0,98.4,101.0,95.4,94.8,3.0,6.2,0.722,1.86,18.6,0.316,0.745,0.519,0.146,0.473,0.497,97.5,96.5,80.42,96,0.528
0022400519,2025-01-09,1610612750,Minnesota Timberwolves,1,1,0,1.0,48.0,109.9,113.0,90.5,95.7,19.4,17.3,0.618,2.1,16.2,0.309,0.632,0.473,0.109,0.471,0.527,96.5,92.5,77.08,92,0.599
0022400519,2025-01-09,1610612753,Orlando Magic,1,0,1,0.0,48.0,90.5,95.7,109.9,113.0,-19.4,-17.3,0.636,1.31,15.8,0.368,0.691,0.527,0.172,0.437,0.467,96.5,92.5,77.08,93,0.401
0022400522,2025-01-09,1610612756,Phoenix Suns,1,1,0,1.0,48.0,128.7,128.1,119.2,118.6,9.5,9.6,0.673,2.06,23.2,0.351,0.778,0.585,0.167,0.653,0.671,96.0,96.5,80.42,96,0.54
0022400521,2025-01-09,1610612757,Portland Trail Blazers,1,0,1,0.0,48.0,110.1,113.3,117.9,119.4,-7.8,-6.1,0.615,1.85,17.1,0.321,0.612,0.457,0.133,0.505,0.545,100.0,98.0,81.67,98,0.432
0022400517,2025-01-09,1610612761,Toronto Raptors,1,0,1,0.0,48.0,127.6,129.9,138.9,136.1,-11.3,-6.2,0.642,2.62,23.8,0.316,0.652,0.5,0.134,0.674,0.665,96.9,97.0,80.83,97,0.485
0022400523,2025-01-09,1610612762,Utah Jazz,1,0,1,0.0,48.0,95.4,94.8,98.4,101.0,-3.0,-6.2,0.606,1.18,15.4,0.255,0.684,0.481,0.175,0.464,0.508,97.5,96.5,80.42,97,0.472
0022400528,2025-01-10,1610612738,Boston Celtics,1,0,1,0.0,48.0,96.3,98.0,111.8,114.0,-15.5,-16.0,0.647,1.47,16.7,0.212,0.655,0.445,0.152,0.47,0.518,101.3,99.5,82.92,99,0.423
0022400531,2025-01-10,1610612751,Brooklyn Nets,1,0,1,0.0,48.0,99.7,102.9,118.6,122.8,-19.0,-19.8,0.684,1.53,18.2,0.278,0.652,0.45,0.167,0.5,0.534,104.9,101.5,84.58,102,0.375
0022400530,2025-01-10,1610612741,Chicago Bulls,1,1,0,1.0,48.0,131.2,131.4,98.4,100.0,32.8,31.4,0.736,2.6,24.8,0.289,0.746,0.556,0.143,0.679,0.682,105.9,105.0,87.5,105,0.667
0022400531,2025-01-10,1610612743,Denver Nuggets,1,1,0,1.0,48.0,118.6,122.8,99.7,102.9,19.0,19.8,0.756,2.27,22.5,0.348,0.722,0.55,0.149,0.569,0.611,104.9,101.5,84.58,101,0.625
0022400525,2025-01-10,1610612744,Golden State Warriors,1,0,1,0.0,48.0,96.3,99.0,110.9,110.2,-14.7,-11.2,0.658,1.79,18.4,0.255,0.738,0.464,0.144,0.473,0.496,98.5,97.5,81.25,97,0.406
0022400525,2025-01-10,1610612754,Indiana Pacers,1,1,0,1.0,48.0,110.9,110.2,96.3,99.0,14.7,11.2,0.628,1.8,19.9,0.262,0.745,0.536,0.153,0.579,0.598,98.5,97.5,81.25,98,0.594
0022400526,2025-01-10,1610612749,Milwaukee Bucks,1,1,0,1.0,48.0,110.0,112.4,109.9,110.4,0.1,2.0,0.419,1.38,14.3,0.25,0.722,0.51,0.134,0.572,0.585,97.8,96.5,80.42,97,0.531
0022400527,2025-01-10,1610612740,New Orleans Pelicans,1,1,0,1.0,48.0,120.1,125.5,118.1,117.3,2.0,8.2,0.705,2.58,21.1,0.36,0.735,0.545,0.122,0.582,0.6,99.9,98.0,81.67,98,0.548
0022400529,2025-01-10,1610612752,New York Knicks,1,0,1,0.0,48.0,98.9,99.0,121.2,123.5,-22.3,-24.5,0.486,1.5,12.9,0.322,0.732,0.49,0.118,0.406,0.476,103.0,102.0,85.0,102,0.388
0022400529,2025-01-10,1610612760,Oklahoma City Thunder,1,1,0,1.0,48.0,121.2,123.5,98.9,99.0,22.3,24.5,0.417,1.33,15.0,0.268,0.678,0.51,0.147,0.618,0.65,103.0,102.0,85.0,102,0.612
0022400526,2025-01-10,1610612753,Orlando Magic,1,0,1,0.0,48.0,109.9,110.4,110.0,112.4,-0.1,-2.0,0.541,1.82,15.3,0.278,0.75,0.49,0.115,0.512,0.544,97.8,96.5,80.42,96,0.469
0022400527,2025-01-10,1610612755,Philadelphia 76ers,1,0,1,0.0,48.0,118.1,117.3,120.1,125.5,-2.0,-8.2,0.548,2.56,17.2,0.265,0.64,0.455,0.092,0.538,0.579,99.9,98.0,81.67,98,0.452
0022400528,2025-01-10,1610612758,Sacramento Kings,1,1,0,1.0,48.0,111.8,114.0,96.3,98.0,15.5,16.0,0.591,2.17,17.8,0.345,0.788,0.555,0.12,0.52,0.538,101.3,99.5,82.92,100,0.577
0022400530,2025-01-10,1610612764,Washington Wizards,1,0,1,0.0,48.0,98.4,100.0,131.2,131.4,-32.8,-31.4,0.667,1.63,17.7,0.254,0.711,0.444,0.152,0.49,0.506,105.9,105.0,87.5,105,0.333
0022400534,2025-01-11,1610612765,Detroit Pistons,1,1,0,1.0,48.0,119.1,123.0,113.0,114.0,6.1,9.0,0.795,2.06,23.8,0.279,0.696,0.515,0.17,0.637,0.66,102.1,100.0,83.33,100,0.564
0022400535,2025-01-11,1610612763,Memphis Grizzlies,1,1,0,1.0,48.0,117.2,124.5,120.9,122.5,-3.7,2.0,0.521,1.92,16.2,0.429,0.769,0.559,0.127,0.519,0.546,105.9,102.0,85.0,102,0.441
0022400536,2025-01-11,1610612748,Miami Heat,1,1,0,1.0,48.0,116.6,122.7,93.9,101.0,22.7,21.6,0.705,2.82,22.1,0.265,0.597,0.45,0.113,0.582,0.601,103.2,97.0,80.83,97,0.62
0022400535,2025-01-11,1610612750,Minnesota Timberwolves,1,0,1,0.0,48.0,120.9,122.5,117.2,124.5,3.7,-2.0,0.787,1.95,25.0,0.231,0.571,0.441,0.186,0.669,0.684,105.9,102.0,85.0,102,0.559
0022400533,2025-01-11,1610612756,Phoenix Suns,1,1,0,1.0,48.0,122.1,121.3,110.5,112.8,11.6,8.5,0.591,2.36,19.4,0.311,0.579,0.461,0.117,0.587,0.604,94.6,94.0,78.33,94,0.547
0022400536,2025-01-11,1610612757,Portland Trail Blazers,1,0,1,0.0,48.0,93.9,101.0,116.6,122.7,-22.7,-21.6,0.667,1.41,16.7,0.403,0.735,0.55,0.175,0.447,0.474,103.2,97.0,80.83,97,0.38
0022400534,2025-01-11,1610612761,Toronto Raptors,1,0,1,0.0,48.0,113.0,114.0,119.1,123.0,-6.1,-9.0,0.675,2.25,18.8,0.304,0.721,0.485,0.12,0.522,0.549,102.1,100.0,83.33,100,0.436
0022400533,2025-01-11,1610612762,Utah Jazz,1,0,1,0.0,48.0,110.5,112.8,122.1,121.3,-11.6,-8.5,0.619,2.0,18.1,0.421,0.689,0.539,0.138,0.484,0.51,94.6,94.0,78.33,94,0.453
0022400542,2025-01-12,1610612738,Boston Celtics,1,1,0,1.0,48.0,114.2,118.8,117.3,117.8,-3.2,1.0,0.523,1.92,15.8,0.383,0.837,0.587,0.119,0.5,0.54,103.3,101.0,84.17,101,0.486
0022400546,2025-01-12,1610612751,Brooklyn Nets,1,0,1,0.0,53.0,107.4,106.7,107.9,108.7,-0.5,-2.0,0.667,2.36,17.6,0.31,0.827,0.555,0.106,0.478,0.517,93.8,93.74,78.11,104,0.524
0022400547,2025-01-12,1610612766,Charlotte Hornets,1,0,1,0.0,48.0,111.0,114.1,119.2,118.8,-8.2,-4.7,0.732,1.88,20.4,0.34,0.787,0.55,0.162,0.527,0.561,101.2,100.0,83.33,99,0.47
0022400541,2025-01-12,1610612741,Chicago Bulls,1,0,1,0.0,48.0,116.9,116.7,122.5,122.8,-5.6,-6.1,0.605,3.25,18.8,0.189,0.769,0.476,0.078,0.559,0.584,101.5,101.5,84.58,102,0.449
0022400543,2025-01-12,1610612739,Cleveland Cavaliers,1,0,1,0.0,48.0,95.0,94.9,104.9,109.1,-10.0,-14.2,0.727,1.85,18.8,0.135,0.741,0.443,0.133,0.464,0.511,100.4,98.5,82.08,98,0.43
0022400540,2025-01-12,1610612742,Dallas Mavericks,1,0,1,0.0,48.0,101.0,105.2,110.0,115.5,-9.0,-10.3,0.771,2.25,19.9,0.245,0.577,0.41,0.125,0.482,0.526,100.9,96.5,80.42,96,0.445
0022400540,2025-01-12,1610612743,Denver Nuggets,1,1,0,1.0,48.0,110.0,115.5,101.0,105.2,9.0,10.3,0.5,1.64,16.2,0.423,0.755,0.59,0.144,0.527,0.545,100.9,96.5,80.42,97,0.555
0022400543,2025-01-12,1610612754,Indiana Pacers,1,1,0,1.0,48.0,104.9,109.1,95.0,94.9,10.0,14.2,0.698,2.5,21.3,0.259,0.865,0.557,0.121,0.527,0.54,100.4,98.5,82.08,99,0.57
0022400539,2025-01-12,1610612749,Milwaukee Bucks,1,0,1,0.0,48.0,105.5,107.1,139.2,140.0,-33.7,-32.9,0.512,1.57,16.1,0.291,0.692,0.457,0.141,0.511,0.522,100.5,99.5,82.92,99,0.333
0022400542,2025-01-12,1610612740,New Orleans Pelicans,1,0,1,0.0,48.0,117.3,117.8,114.2,118.8,3.2,-1.0,0.6,2.4,18.2,0.163,0.617,0.413,0.099,0.564,0.611,103.3,101.0,84.17,101,0.514
0022400539,2025-01-12,1610612752,New York Knicks,1,1,0,1.0,48.0,139.2,140.0,105.5,107.1,33.7,32.9,0.569,2.42,20.6,0.308,0.709,0.543,0.12,0.682,0.71,100.5,99.5,82.92,100,0.667
0022400545,2025-01-12,1610612760,Oklahoma City Thunder,1,1,0,1.0,48.0,125.5,128.3,88.4,89.6,37.1,38.7,0.578,2.0,17.1,0.385,0.789,0.596,0.123,0.542,0.616,108.0,106.0,88.33,106,0.695
0022400544,2025-01-12,1610612753,Orlando Magic,1,1,0,1.0,48.0,106.9,113.0,102.4,107.6,4.5,5.4,0.59,1.35,17.2,0.413,0.775,0.581,0.185,0.531,0.563,97.0,92.0,76.67,92,0.541
0022400544,2025-01-12,1610612755,Philadelphia 76ers,1,0,1,0.0,48.0,102.4,107.6,106.9,113.0,-4.5,-5.4,0.515,0.94,14.5,0.225,0.587,0.419,0.196,0.542,0.606,97.0,92.0,76.67,92,0.459
0022400547,2025-01-12,1610612756,Phoenix Suns,1,1,0,1.0,48.0,119.2,118.8,111.0,114.1,8.2,4.7,0.738,2.58,22.0,0.213,0.66,0.45,0.119,0.58,0.621,101.2,100.0,83.33,101,0.53
0022400541,2025-01-12,1610612758,Sacramento Kings,1,1,0,1.0,48.0,122.5,122.8,116.9,116.7,5.6,6.1,0.702,4.13,22.6,0.231,0.811,0.524,0.079,0.563,0.595,101.5,101.5,84.58,101,0.551
0022400546,2025-01-12,1610612762,Utah Jazz,1,1,0,1.0,53.0,107.9,108.7,107.4,106.7,0.5,2.0,0.625,2.27,18.4,0.173,0.69,0.445,0.107,0.539,0.567,93.8,93.74,78.11,103,0.476
0022400545,2025-01-12,1610612764,Washington Wizards,1,0,1,0.0,48.0,88.4,89.6,125.5,128.3,-37.1,-38.7,0.714,1.11,14.5,0.211,0.615,0.404,0.17,0.392,0.487,108.0,106.0,88.33,106,0.305
0022400549,2025-01-13,1610612765,Detroit Pistons,1,1,0,1.0,48.0,121.7,124.0,118.1,119.0,3.6,5.0,0.435,1.54,14.9,0.304,0.69,0.489,0.13,0.582,0.62,101.3,100.0,83.33,100,0.504
0022400550,2025-01-13,1610612744,Golden State Warriors,1,0,1,0.0,48.0,102.4,107.4,111.1,110.6,-8.8,-3.2,0.657,1.53,16.7,0.375,0.673,0.514,0.16,0.489,0.517,96.1,94.0,78.33,94,0.482
0022400551,2025-01-13,1610612745,Houston Rockets,1,1,0,1.0,48.0,116.9,121.2,114.3,118.0,2.6,3.2,0.683,1.22,19.2,0.432,0.651,0.54,0.232,0.605,0.634,102.9,99.5,82.92,99,0.552
0022400553,2025-01-13,1610612746,LA Clippers,1,1,0,1.0,48.0,106.4,109.0,98.1,98.0,8.4,11.0,0.622,2.33,20.4,0.18,0.808,0.5,0.12,0.554,0.56,101.2,100.0,83.33,100,0.556
0022400552,2025-01-13,1610612747,Los Angeles Lakers,1,0,1,0.0,48.0,104.0,106.3,128.8,131.3,-24.8,-25.0,0.615,1.26,17.3,0.373,0.643,0.495,0.198,0.529,0.542,97.9,96.0,80.0,96,0.365
0022400551,2025-01-13,1610612763,Memphis Grizzlies,1,0,1,0.0,48.0,114.3,118.0,116.9,121.2,-2.6,-3.2,0.333,0.83,11.7,0.349,0.568,0.46,0.18,0.619,0.633,102.9,99.5,82.92,100,0.448
0022400553,2025-01-13,1610612748,Miami Heat,1,0,1,0.0,48.0,98.1,98.0,106.4,109.0,-8.4,-11.0,0.667,1.38,16.7,0.192,0.82,0.5,0.16,0.488,0.527,101.2,100.0,83.33,100,0.444
0022400548,2025-01-13,1610612750,Minnesota Timberwolves,1,1,0,1.0,48.0,118.1,118.8,105.4,106.0,12.7,12.8,0.488,1.05,14.4,0.409,0.815,0.633,0.188,0.578,0.621,101.1,100.5,83.75,101,0.555
0022400549,2025-01-13,1610612752,New York Knicks,1,0,1,0.0,48.0,118.1,119.0,121.7,124.0,-3.6,-5.0,0.65,1.44,18.7,0.31,0.696,0.511,0.18,0.594,0.641,101.3,100.0,83.33,100,0.496
0022400552,2025-01-13,1610612759,San Antonio Spurs,1,1,0,1.0,48.0,128.8,131.3,104.0,106.3,24.8,25.0,0.625,2.73,21.3,0.357,0.627,0.505,0.115,0.606,0.638,97.9,96.0,80.0,96,0.635
0022400550,2025-01-13,1610612761,Toronto Raptors,1,1,0,1.0,48.0,111.1,110.6,102.4,107.4,8.8,3.2,0.683,1.87,20.3,0.327,0.625,0.486,0.16,0.547,0.562,96.1,94.0,78.33,94,0.518
0022400548,2025-01-13,1610612764,Washington Wizards,1,0,1,0.0,48.0,105.4,106.0,118.1,118.8,-12.7,-12.8,0.675,2.45,19.7,0.185,0.591,0.367,0.11,0.533,0.543,101.1,100.5,83.75,100,0.445
0022400556,2025-01-14,1610612737,Atlanta Hawks,1,1,0,1.0,48.0,117.9,118.4,113.7,114.7,4.2,3.7,0.512,1.57,14.9,0.404,0.818,0.584,0.136,0.526,0.557,103.2,102.5,85.42,103,0.48
0022400560,2025-01-14,1610612751,Brooklyn Nets,1,1,0,1.0,48.0,130.8,130.7,113.4,115.2,17.4,15.5,0.735,2.77,24.0,0.349,0.714,0.543,0.129,0.65,0.674,100.7,100.0,83.33,101,0.61
0022400557,2025-01-14,1610612741,Chicago Bulls,1,0,1,0.0,48.0,108.4,110.8,113.9,119.0,-5.6,-8.2,0.689,2.07,19.9,0.39,0.724,0.556,0.147,0.51,0.527,104.4,101.0,84.17,102,0.472
0022400554,2025-01-14,1610612739,Cleveland Cavaliers,1,1,0,1.0,48.0,122.5,124.5,110.7,115.8,11.8,8.7,0.581,1.67,17.4,0.362,0.714,0.542,0.147,0.567,0.619,104.7,101.5,84.58,102,0.531
0022400559,2025-01-14,1610612742,Dallas Mavericks,1,0,1,0.0,48.0,95.5,99.0,116.1,119.2,-20.6,-20.2,0.711,2.25,19.1,0.255,0.61,0.406,0.12,0.472,0.497,102.7,99.5,82.92,100,0.398
0022400559,2025-01-14,1610612743,Denver Nuggets,1,1,0,1.0,48.0,116.1,119.2,95.5,99.0,20.6,20.2,0.651,1.4,19.6,0.39,0.745,0.594,0.202,0.596,0.637,102.7,99.5,82.92,99,0.602
0022400554,2025-01-14,1610612754,Indiana Pacers,1,0,1,0.0,48.0,110.7,115.8,122.5,124.5,-11.8,-8.7,0.682,2.14,20.7,0.286,0.638,0.458,0.139,0.549,0.581,104.7,101.5,84.58,101,0.469
0022400558,2025-01-14,1610612749,Milwaukee Bucks,1,1,0,1.0,48.0,123.9,128.7,111.7,115.0,12.2,13.7,0.653,3.56,21.5,0.321,0.759,0.542,0.089,0.581,0.608,103.9,100.5,83.75,101,0.552
0022400557,2025-01-14,1610612740,New Orleans Pelicans,1,1,0,1.0,48.0,113.9,119.0,108.4,110.8,5.6,8.2,0.762,3.2,21.6,0.276,0.61,0.444,0.1,0.51,0.554,104.4,101.0,84.17,100,0.528
0022400555,2025-01-14,1610612760,Oklahoma City Thunder,1,1,0,1.0,48.0,121.7,120.4,98.3,103.0,23.5,17.4,0.711,1.78,22.9,0.278,0.66,0.5,0.184,0.63,0.664,100.4,98.5,82.08,98,0.616
0022400555,2025-01-14,1610612755,Philadelphia 76ers,1,0,1,0.0,48.0,98.3,103.0,121.7,120.4,-23.5,-17.4,0.622,1.05,16.7,0.34,0.722,0.5,0.222,0.518,0.55,100.4,98.5,82.08,99,0.384
0022400556,2025-01-14,1610612756,Phoenix Suns,1,0,1,0.0,48.0,113.7,114.7,117.9,118.4,-4.2,-3.7,0.651,2.15,20.3,0.182,0.596,0.416,0.127,0.589,0.61,103.2,102.5,85.42,102,0.52
0022400560,2025-01-14,1610612757,Portland Trail Blazers,1,0,1,0.0,48.0,113.4,115.2,130.8,130.7,-17.4,-15.5,0.513,1.18,15.0,0.286,0.651,0.457,0.172,0.552,0.59,100.7,100.0,83.33,99,0.39
0022400558,2025-01-14,1610612758,Sacramento Kings,1,0,1,0.0,48.0,111.7,115.0,123.9,128.7,-12.2,-13.7,0.595,2.78,18.2,0.241,0.679,0.458,0.09,0.532,0.559,103.9,100.5,83.75,100,0.448
0022400563,2025-01-15,1610612737,Atlanta Hawks,1,1,0,1.0,48.0,103.1,105.8,90.0,88.7,13.1,17.1,0.683,2.55,18.9,0.254,0.796,0.491,0.106,0.475,0.501,105.5,105.0,87.5,104,0.536
0022400562,2025-01-15,1610612738,Boston Celtics,1,0,1,0.0,48.0,102.2,103.2,117.5,117.0,-15.3,-13.8,0.667,2.67,17.9,0.271,0.681,0.453,0.096,0.484,0.49,94.3,94.0,78.33,94,0.4
0022400571,2025-01-15,1610612751,Brooklyn Nets,1,0,1,0.0,48.0,67.2,69.8,123.3,129.9,-56.1,-60.1,0.6,0.68,11.5,0.302,0.75,0.465,0.229,0.331,0.361,100.9,96.5,80.42,96,0.112
0022400569,2025-01-15,1610612766,Charlotte Hornets,1,1,0,1.0,48.0,115.6,115.8,108.2,110.9,7.3,5.0,0.6,1.5,19.3,0.302,0.774,0.563,0.178,0.6,0.621,102.4,101.0,84.17,101,0.546
0022400563,2025-01-15,1610612741,Chicago Bulls,1,0,1,0.0,48.0,90.0,88.7,103.1,105.8,-13.1,-17.1,0.59,1.15,16.5,0.204,0.746,0.509,0.189,0.477,0.509,105.5,105.0,87.5,106,0.464
0022400566,2025-01-15,1610612742,Dallas Mavericks,1,0,1,0.0,48.0,105.5,112.6,116.0,115.5,-10.6,-2.9,0.628,1.59,18.4,0.333,0.714,0.533,0.165,0.544,0.574,106.3,103.0,85.83,103,0.489
0022400568,2025-01-15,1610612743,Denver Nuggets,1,0,1,0.0,48.0,113.4,114.9,130.0,137.6,-16.6,-22.7,0.55,1.1,17.1,0.325,0.574,0.46,0.213,0.627,0.641,96.9,93.5,77.92,94,0.417
0022400565,2025-01-15,1610612744,Golden State Warriors,1,1,0,1.0,48.0,128.5,127.5,125.3,127.8,3.2,-0.3,0.65,2.0,19.4,0.386,0.648,0.531,0.143,0.598,0.636,91.0,90.5,75.42,91,0.527
0022400568,2025-01-15,1610612745,Houston Rockets,1,1,0,1.0,48.0,130.0,137.6,113.4,114.9,16.6,22.7,0.571,2.55,19.9,0.426,0.675,0.54,0.118,0.612,0.631,96.9,93.5,77.92,93,0.583
0022400571,2025-01-15,1610612746,LA Clippers,1,1,0,1.0,48.0,123.3,129.9,67.2,69.8,56.1,60.1,0.605,1.63,19.7,0.25,0.698,0.535,0.165,0.62,0.683,100.9,96.5,80.42,97,0.888
0022400570,2025-01-15,1610612747,Los Angeles Lakers,1,1,0,1.0,48.0,120.4,123.2,111.8,113.7,8.6,9.5,0.702,4.71,23.9,0.222,0.829,0.488,0.074,0.594,0.608,96.9,95.0,79.17,95,0.548
0022400567,2025-01-15,1610612763,Memphis Grizzlies,1,1,0,1.0,48.0,123.5,124.0,109.6,111.7,13.8,12.4,0.549,3.5,18.9,0.304,0.808,0.546,0.077,0.573,0.584,104.7,103.5,86.25,104,0.551
0022400570,2025-01-15,1610612748,Miami Heat,1,0,1,0.0,48.0,111.8,113.7,120.4,123.2,-8.6,-9.5,0.641,1.25,19.8,0.171,0.778,0.513,0.211,0.644,0.678,96.9,95.0,79.17,95,0.452
0022400564,2025-01-15,1610612749,Milwaukee Bucks,1,1,0,1.0,48.0,115.7,116.2,85.9,88.6,29.8,27.6,0.533,1.14,17.9,0.167,0.788,0.594,0.2,0.674,0.698,106.8,105.0,87.5,105,0.711
0022400565,2025-01-15,1610612750,Minnesota Timberwolves,1,0,1,0.0,48.0,125.3,127.8,128.5,127.5,-3.2,0.3,0.553,2.33,16.2,0.352,0.614,0.469,0.1,0.541,0.582,91.0,90.5,75.42,90,0.473
0022400566,2025-01-15,1610612740,New Orleans Pelicans,1,1,0,1.0,48.0,116.0,115.5,105.5,112.6,10.6,2.9,0.558,2.4,16.8,0.286,0.667,0.467,0.097,0.51,0.553,106.3,103.0,85.83,103,0.511
0022400561,2025-01-15,1610612752,New York Knicks,1,1,0,1.0,53.0,128.1,127.6,120.0,122.7,8.1,4.9,0.609,1.75,19.6,0.419,0.696,0.562,0.163,0.628,0.647,89.1,88.3,73.58,98,0.538
0022400564,2025-01-15,1610612753,Orlando Magic,1,0,1,0.0,48.0,85.9,88.6,115.7,116.2,-29.8,-27.6,0.727,1.85,16.9,0.212,0.833,0.406,0.124,0.411,0.446,106.8,105.0,87.5,105,0.289
0022400561,2025-01-15,1610612755,Philadelphia 76ers,1,0,1,0.0,53.0,120.0,122.7,128.1,127.6,-8.1,-4.9,0.587,2.25,19.6,0.304,0.581,0.438,0.124,0.571,0.606,89.1,88.3,73.58,97,0.462
0022400567,2025-01-15,1610612759,San Antonio Spurs,1,0,1,0.0,48.0,109.6,111.7,123.5,124.0,-13.8,-12.4,0.55,2.0,16.4,0.192,0.696,0.454,0.107,0.539,0.57,104.7,103.5,86.25,103,0.449
0022400562,2025-01-15,1610612761,Toronto Raptors,1,1,0,1.0,48.0,117.5,117.0,102.2,103.2,15.3,13.8,0.778,3.18,24.3,0.319,0.729,0.547,0.117,0.567,0.575,94.3,94.0,78.33,94,0.6
0022400569,2025-01-15,1610612762,Utah Jazz,1,0,1,0.0,48.0,108.2,110.9,115.6,115.8,-7.3,-5.0,0.698,2.5,21.3,0.226,0.698,0.438,0.119,0.548,0.557,102.4,101.0,84.17,101,0.454
0022400574,2025-01-16,1610612739,Cleveland Cavaliers,1,0,1,0.0,48.0,104.4,106.5,123.1,127.6,-18.8,-21.1,0.762,1.52,20.8,0.294,0.792,0.548,0.196,0.539,0.574,109.0,106.0,88.33,107,0.461
0022400572,2025-01-16,1610612765,Detroit Pistons,1,0,1,0.0,48.0,94.6,98.0,105.0,108.8,-10.4,-10.8,0.611,1.16,15.6,0.304,0.843,0.561,0.186,0.445,0.497,105.7,102.0,85.0,102,0.412
0022400576,2025-01-16,1610612745,Houston Rockets,1,0,1,0.0,48.0,120.3,121.0,122.6,126.9,-2.3,-6.0,0.49,1.71,16.7,0.313,0.68,0.5,0.133,0.591,0.613,106.6,104.5,87.08,105,0.481
0022400572,2025-01-16,1610612754,Indiana Pacers,1,1,0,1.0,48.0,105.0,108.8,94.6,98.0,10.4,10.8,0.683,2.8,20.3,0.157,0.696,0.439,0.098,0.534,0.562,105.7,102.0,85.0,102,0.588
0022400575,2025-01-16,1610612746,LA Clippers,1,1,0,1.0,48.0,118.1,118.0,90.2,90.8,28.0,27.2,0.523,1.28,17.2,0.316,0.741,0.573,0.18,0.628,0.656,99.3,99.0,82.5,100,0.672
0022400574,2025-01-16,1610612760,Oklahoma City Thunder,1,1,0,1.0,48.0,123.1,127.6,104.4,106.5,18.8,21.1,0.472,3.57,17.7,0.208,0.706,0.452,0.067,0.59,0.61,109.0,106.0,88.33,105,0.539
0022400573,2025-01-16,1610612756,Phoenix Suns,1,1,0,1.0,48.0,124.2,123.8,117.3,116.0,7.0,7.8,0.75,2.06,22.1,0.25,0.736,0.515,0.152,0.612,0.659,104.8,105.5,87.92,105,0.534
0022400575,2025-01-16,1610612757,Portland Trail Blazers,1,0,1,0.0,48.0,90.2,90.8,118.1,118.0,-28.0,-27.2,0.706,1.5,17.5,0.259,0.684,0.427,0.163,0.423,0.46,99.3,99.0,82.5,98,0.328
0022400576,2025-01-16,1610612758,Sacramento Kings,1,1,0,1.0,48.0,122.6,126.9,120.3,121.0,2.3,6.0,0.653,2.67,21.2,0.32,0.688,0.5,0.115,0.571,0.613,106.6,104.5,87.08,104,0.519
0022400573,2025-01-16,1610612764,Washington Wizards,1,0,1,0.0,48.0,117.3,116.0,124.2,123.8,-7.0,-7.8,0.609,2.15,18.9,0.264,0.75,0.485,0.123,0.571,0.592,104.8,105.5,87.92,106,0.466
0022400577,2025-01-17,1610612738,Boston Celtics,1,1,0,1.0,48.0,136.4,134.4,98.3,103.3,38.2,31.1,0.595,2.5,19.8,0.282,0.615,0.473,0.111,0.631,0.675,92.2,90.5,75.42,90,0.676
0022400585,2025-01-17,1610612751,Brooklyn Nets,1,0,1,0.0,48.0,108.9,111.0,108.6,112.1,0.3,-1.1,0.757,1.65,20.7,0.348,0.778,0.56,0.187,0.555,0.576,93.3,91.0,75.83,91,0.501
0022400584,2025-01-17,1610612766,Charlotte Hornets,1,1,0,1.0,48.0,120.4,122.5,119.2,119.4,1.2,3.1,0.542,2.17,18.1,0.308,0.667,0.48,0.118,0.568,0.596,103.5,102.5,85.42,102,0.49
0022400584,2025-01-17,1610612741,Chicago Bulls,1,0,1,0.0,48.0,119.2,119.4,120.4,122.5,-1.2,-3.1,0.708,2.43,22.7,0.333,0.692,0.52,0.136,0.579,0.608,103.5,102.5,85.42,103,0.51
0022400583,2025-01-17,1610612742,Dallas Mavericks,1,1,0,1.0,48.0,110.8,111.6,100.7,102.1,10.0,9.5,0.676,1.47,19.8,0.143,0.672,0.45,0.179,0.6,0.626,96.5,95.5,79.58,95,0.59
0022400579,2025-01-17,1610612743,Denver Nuggets,1,1,0,1.0,48.0,133.9,134.3,114.0,111.9,19.9,22.5,0.7,5.83,24.6,0.182,0.804,0.5,0.061,0.63,0.663,99.3,100.0,83.33,99,0.57
0022400585,2025-01-17,1610612747,Los Angeles Lakers,1,1,0,1.0,48.0,108.6,112.1,108.9,111.0,-0.3,1.1,0.632,2.4,19.2,0.222,0.652,0.44,0.11,0.537,0.567,93.3,91.0,75.83,91,0.499
0022400582,2025-01-17,1610612763,Memphis Grizzlies,1,1,0,1.0,48.0,136.5,138.6,110.8,110.9,25.7,27.7,0.709,4.33,25.5,0.289,0.727,0.506,0.089,0.665,0.676,101.9,101.0,84.17,101,0.591
0022400579,2025-01-17,1610612748,Miami Heat,1,0,1,0.0,48.0,114.0,111.9,133.9,134.3,-19.9,-22.5,0.667,3.75,21.4,0.196,0.818,0.5,0.079,0.544,0.582,99.3,100.0,83.33,101,0.43
0022400580,2025-01-17,1610612749,Milwaukee Bucks,1,1,0,1.0,48.0,127.4,128.7,109.2,110.9,18.2,17.8,0.595,1.79,18.0,0.295,0.667,0.495,0.139,0.599,0.656,102.3,101.0,84.17,101,0.565
0022400578,2025-01-17,1610612750,Minnesota Timberwolves,1,1,0,1.0,48.0,128.7,126.1,108.2,108.8,20.4,17.3,0.548,1.44,18.1,0.3,0.709,0.537,0.174,0.671,0.681,90.8,91.5,76.25,92,0.571
0022400581,2025-01-17,1610612740,New Orleans Pelicans,1,1,0,1.0,48.0,128.7,130.8,113.7,119.4,15.1,11.4,0.723,2.62,20.9,0.417,0.745,0.561,0.125,0.58,0.598,106.9,103.5,86.25,104,0.525
0022400578,2025-01-17,1610612752,New York Knicks,1,0,1,0.0,48.0,108.2,108.8,128.7,126.1,-20.4,-17.3,0.543,2.11,15.1,0.291,0.7,0.463,0.099,0.467,0.508,90.8,91.5,76.25,91,0.429
0022400583,2025-01-17,1610612760,Oklahoma City Thunder,1,0,1,0.0,48.0,100.7,102.1,110.8,111.6,-10.0,-9.5,0.686,1.6,17.3,0.328,0.857,0.55,0.156,0.495,0.509,96.5,95.5,79.58,96,0.41
0022400577,2025-01-17,1610612753,Orlando Magic,1,0,1,0.0,48.0,98.3,103.3,136.4,134.4,-38.2,-31.1,0.441,1.25,11.9,0.385,0.718,0.527,0.132,0.445,0.491,92.2,90.5,75.42,91,0.324
0022400582,2025-01-17,1610612759,San Antonio Spurs,1,0,1,0.0,48.0,110.8,110.9,136.5,138.6,-25.7,-27.7,0.725,1.71,20.4,0.273,0.711,0.494,0.168,0.554,0.595,101.9,101.0,84.17,101,0.409
0022400580,2025-01-17,1610612761,Toronto Raptors,1,0,1,0.0,48.0,109.2,110.9,127.4,128.7,-18.2,-17.8,0.721,2.21,20.8,0.333,0.705,0.505,0.139,0.516,0.551,102.3,101.0,84.17,101,0.435
0022400581,2025-01-17,1610612762,Utah Jazz,1,0,1,0.0,48.0,113.7,119.4,128.7,130.8,-15.1,-11.4,0.698,1.88,20.7,0.255,0.583,0.439,0.155,0.576,0.62,106.9,103.5,86.25,103,0.475
0022400587,2025-01-18,1610612737,Atlanta Hawks,1,1,0,1.0,53.0,107.9,109.2,103.5,104.5,4.4,4.6,0.614,1.5,17.9,0.294,0.672,0.508,0.165,0.522,0.565,100.3,99.17,82.64,109,0.544
0022400587,2025-01-18,1610612738,Boston Celtics,1,0,1,0.0,53.0,103.5,104.5,107.9,109.2,-4.4,-4.6,0.575,1.64,15.0,0.328,0.706,0.492,0.127,0.457,0.504,100.3,99.17,82.64,110,0.456
0022400590,2025-01-18,1610612739,Cleveland Cavaliers,1,1,0,1.0,48.0,126.5,129.2,120.2,120.6,6.4,8.5,0.643,3.38,19.4,0.314,0.735,0.52,0.083,0.549,0.602,97.7,96.5,80.42,96,0.516
0022400586,2025-01-18,1610612765,Detroit Pistons,1,0,1,0.0,48.0,116.5,119.8,124.3,125.0,-7.7,-5.2,0.5,2.44,15.5,0.328,0.681,0.486,0.089,0.516,0.551,102.2,100.5,83.75,101,0.429
0022400589,2025-01-18,1610612744,Golden State Warriors,1,1,0,1.0,48.0,122.5,123.2,115.0,117.5,7.5,5.7,0.533,2.4,16.6,0.386,0.745,0.556,0.101,0.542,0.572,99.3,98.0,81.67,99,0.558
0022400591,2025-01-18,1610612745,Houston Rockets,1,1,0,1.0,48.0,115.0,119.0,98.2,100.0,16.8,19.0,0.521,1.79,15.7,0.469,0.82,0.623,0.133,0.509,0.531,106.8,104.0,86.67,105,0.582
0022400588,2025-01-18,1610612754,Indiana Pacers,1,1,0,1.0,48.0,118.4,119.8,104.4,105.2,14.0,14.6,0.682,1.67,21.1,0.39,0.75,0.591,0.188,0.596,0.617,97.4,96.5,80.42,96,0.597
0022400590,2025-01-18,1610612750,Minnesota Timberwolves,1,0,1,0.0,48.0,120.2,120.6,126.5,129.2,-6.4,-8.5,0.628,3.38,19.7,0.265,0.686,0.48,0.082,0.561,0.595,97.7,96.5,80.42,97,0.484
0022400588,2025-01-18,1610612755,Philadelphia 76ers,1,0,1,0.0,48.0,104.4,105.2,118.4,119.8,-14.0,-14.6,0.553,2.33,16.0,0.25,0.61,0.409,0.093,0.483,0.517,97.4,96.5,80.42,97,0.403
0022400586,2025-01-18,1610612756,Phoenix Suns,1,1,0,1.0,48.0,124.3,125.0,116.5,119.8,7.7,5.2,0.581,2.5,17.9,0.319,0.672,0.514,0.1,0.541,0.603,102.2,100.5,83.75,100,0.571
0022400591,2025-01-18,1610612757,Portland Trail Blazers,1,0,1,0.0,48.0,98.2,100.0,115.0,119.0,-16.8,-19.0,0.718,1.47,20.0,0.18,0.531,0.377,0.184,0.523,0.548,106.8,104.0,86.67,103,0.418
0022400589,2025-01-18,1610612764,Washington Wizards,1,0,1,0.0,48.0,115.0,117.5,122.5,123.2,-7.5,-5.7,0.632,1.71,17.9,0.255,0.614,0.444,0.144,0.57,0.593,99.3,98.0,81.67,97,0.442
0022400595,2025-01-19,1610612751,Brooklyn Nets,1,0,1,0.0,48.0,100.6,103.1,131.3,129.6,-30.7,-26.5,0.676,1.47,18.0,0.302,0.775,0.505,0.173,0.494,0.53,98.5,98.0,81.67,98,0.369
0022400597,2025-01-19,1610612741,Chicago Bulls,1,0,1,0.0,48.0,101.6,100.0,108.7,113.0,-7.1,-13.0,0.583,1.31,15.7,0.229,0.62,0.429,0.157,0.494,0.552,102.2,101.0,84.17,102,0.463
0022400593,2025-01-19,1610612743,Denver Nuggets,1,1,0,1.0,48.0,114.6,116.5,100.0,102.0,14.6,14.5,0.6,1.14,17.8,0.359,0.687,0.566,0.216,0.565,0.623,99.3,97.5,81.25,97,0.582
0022400596,2025-01-19,1610612746,LA Clippers,1,1,0,1.0,48.0,119.4,120.8,105.9,107.4,13.5,13.5,0.574,2.08,19.6,0.341,0.795,0.554,0.135,0.59,0.609,96.8,95.5,79.58,96,0.553
0022400596,2025-01-19,1610612747,Los Angeles Lakers,1,0,1,0.0,48.0,105.9,107.4,119.4,120.8,-13.5,-13.5,0.684,1.53,20.2,0.205,0.659,0.446,0.179,0.559,0.605,96.8,95.5,79.58,95,0.447
0022400592,2025-01-19,1610612748,Miami Heat,1,1,0,1.0,48.0,130.1,128.0,107.0,107.0,23.1,21.0,0.7,3.18,23.6,0.289,0.717,0.52,0.11,0.621,0.644,99.2,100.0,83.33,100,0.601
0022400594,2025-01-19,1610612749,Milwaukee Bucks,1,1,0,1.0,48.0,122.8,126.8,109.3,112.4,13.4,14.4,0.721,4.43,22.1,0.25,0.824,0.545,0.072,0.575,0.614,99.9,97.0,80.83,97,0.591
0022400595,2025-01-19,1610612760,Oklahoma City Thunder,1,1,0,1.0,48.0,131.3,129.6,100.6,103.1,30.7,26.5,0.771,3.08,25.7,0.225,0.698,0.495,0.122,0.661,0.685,98.5,98.0,81.67,98,0.631
0022400593,2025-01-19,1610612753,Orlando Magic,1,0,1,0.0,48.0,100.0,102.0,114.6,116.5,-14.6,-14.5,0.789,4.29,20.5,0.313,0.641,0.434,0.071,0.431,0.459,99.3,97.5,81.25,98,0.418
0022400594,2025-01-19,1610612755,Philadelphia 76ers,1,0,1,0.0,48.0,109.3,112.4,122.8,126.8,-13.4,-14.4,0.667,2.89,19.7,0.176,0.75,0.455,0.093,0.547,0.57,99.9,97.0,80.83,97,0.409
0022400597,2025-01-19,1610612757,Portland Trail Blazers,1,1,0,1.0,48.0,108.7,113.0,101.6,100.0,7.1,13.0,0.5,1.17,15.0,0.38,0.771,0.571,0.18,0.522,0.565,102.2,101.0,84.17,100,0.537
0022400598,2025-01-19,1610612758,Sacramento Kings,1,1,0,1.0,48.0,114.4,113.9,90.8,92.6,23.5,21.3,0.609,2.33,18.9,0.24,0.746,0.514,0.111,0.547,0.583,108.8,108.0,90.0,108,0.639
0022400592,2025-01-19,1610612759,San Antonio Spurs,1,0,1,0.0,48.0,107.0,107.0,130.1,128.0,-23.1,-21.0,0.683,1.87,19.6,0.283,0.711,0.48,0.15,0.533,0.546,99.2,100.0,83.33,100,0.399
0022400598,2025-01-19,1610612764,Washington Wizards,1,0,1,0.0,48.0,90.8,92.6,114.4,113.9,-23.5,-21.3,0.594,1.12,13.5,0.254,0.76,0.486,0.157,0.416,0.485,108.8,108.0,90.0,108,0.361
0022400602,2025-01-20,1610612737,Atlanta Hawks,1,0,1,0.0,48.0,107.1,112.2,115.3,120.2,-8.1,-8.0,0.575,0.96,16.4,0.417,0.6,0.505,0.245,0.547,0.581,103.0,98.5,82.08,98,0.441
0022400604,2025-01-20,1610612738,Boston Celtics,1,1,0,1.0,48.0,128.2,130.2,86.0,89.5,42.2,40.7,0.673,3.3,23.4,0.273,0.754,0.552,0.104,0.641,0.654,98.2,95.5,79.58,96,0.696
0022400599,2025-01-20,1610612766,Charlotte Hornets,1,1,0,1.0,48.0,107.9,113.4,107.8,107.1,0.2,6.3,0.7,2.15,18.9,0.387,0.667,0.513,0.134,0.495,0.519,99.7,97.5,81.25,97,0.503
0022400611,2025-01-20,1610612741,Chicago Bulls,1,1,0,1.0,48.0,111.5,116.7,97.6,103.1,14.0,13.5,0.658,2.08,17.5,0.404,0.719,0.561,0.125,0.484,0.531,101.0,96.0,80.0,96,0.569
0022400603,2025-01-20,1610612739,Cleveland Cavaliers,1,1,0,1.0,48.0,119.0,121.6,93.2,93.9,25.9,27.8,0.659,3.0,19.0,0.321,0.886,0.57,0.093,0.532,0.561,98.9,97.5,81.25,97,0.607
0022400599,2025-01-20,1610612742,Dallas Mavericks,1,0,1,0.0,48.0,107.8,107.1,107.9,113.4,-0.2,-6.3,0.5,1.36,14.2,0.333,0.613,0.487,0.143,0.466,0.528,99.7,97.5,81.25,98,0.497
0022400600,2025-01-20,1610612765,Detroit Pistons,1,1,0,1.0,48.0,102.3,105.9,93.2,96.0,9.1,9.9,0.5,0.91,15.0,0.413,0.683,0.566,0.228,0.534,0.566,103.8,100.5,83.75,101,0.606
0022400604,2025-01-20,1610612744,Golden State Warriors,1,0,1,0.0,48.0,86.0,89.5,128.2,130.2,-42.2,-40.7,0.875,2.33,20.3,0.246,0.727,0.448,0.126,0.424,0.439,98.2,95.5,79.58,95,0.304
0022400600,2025-01-20,1610612745,Houston Rockets,1,0,1,0.0,48.0,93.2,96.0,102.3,105.9,-9.1,-9.9,0.514,1.12,13.9,0.317,0.587,0.434,0.17,0.452,0.475,103.8,100.5,83.75,100,0.394
0022400611,2025-01-20,1610612746,LA Clippers,1,0,1,0.0,48.0,97.6,103.1,111.5,116.7,-14.0,-13.5,0.649,2.4,17.6,0.281,0.596,0.439,0.104,0.441,0.488,101.0,96.0,80.0,96,0.431
0022400601,2025-01-20,1610612763,Memphis Grizzlies,1,1,0,1.0,48.0,107.0,105.9,102.0,103.9,4.9,2.0,0.514,1.46,14.1,0.269,0.644,0.468,0.127,0.471,0.535,102.4,102.0,85.0,102,0.534
0022400601,2025-01-20,1610612750,Minnesota Timberwolves,1,0,1,0.0,48.0,102.0,103.9,107.0,105.9,-4.9,-2.0,0.694,1.56,17.0,0.356,0.731,0.532,0.157,0.462,0.505,102.4,102.0,85.0,102,0.466
0022400605,2025-01-20,1610612740,New Orleans Pelicans,1,1,0,1.0,53.0,109.1,108.8,104.2,105.3,4.9,3.5,0.683,2.0,18.8,0.148,0.667,0.433,0.124,0.527,0.587,102.8,102.34,85.28,113,0.533
0022400602,2025-01-20,1610612752,New York Knicks,1,1,0,1.0,48.0,115.3,120.2,107.1,112.2,8.1,8.0,0.66,1.94,20.9,0.4,0.583,0.495,0.162,0.572,0.6,103.0,98.5,82.08,99,0.559
0022400603,2025-01-20,1610612756,Phoenix Suns,1,0,1,0.0,48.0,93.2,93.9,119.0,121.6,-25.9,-27.8,0.611,1.29,17.6,0.114,0.679,0.43,0.173,0.532,0.556,98.9,97.5,81.25,98,0.393
0022400605,2025-01-20,1610612762,Utah Jazz,1,0,1,0.0,53.0,104.2,105.3,109.1,108.8,-4.9,-3.5,0.595,1.79,15.6,0.333,0.852,0.567,0.124,0.448,0.499,102.8,102.34,85.28,113,0.467
0022400606,2025-01-21,1610612751,Brooklyn Nets,1,0,1,0.0,48.0,95.0,100.0,103.0,104.2,-8.0,-4.2,0.656,1.24,15.4,0.362,0.75,0.538,0.179,0.442,0.49,98.1,95.0,79.17,95,0.42
0022400609,2025-01-21,1610612743,Denver Nuggets,1,1,0,1.0,48.0,150.0,148.5,107.4,113.5,42.6,34.9,0.75,2.79,25.7,0.471,0.741,0.636,0.144,0.706,0.75,98.8,96.5,80.42,97,0.667
0022400610,2025-01-21,1610612747,Los Angeles Lakers,1,1,0,1.0,48.0,108.9,112.1,84.0,87.1,24.9,25.0,0.698,2.73,21.7,0.188,0.746,0.505,0.111,0.539,0.567,103.3,100.0,83.33,99,0.64
0022400607,2025-01-21,1610612748,Miami Heat,1,0,1,0.0,48.0,111.1,111.5,123.2,120.8,-12.1,-9.4,0.634,2.6,19.1,0.264,0.745,0.49,0.104,0.516,0.544,95.2,96.0,80.0,96,0.461
0022400606,2025-01-21,1610612752,New York Knicks,1,1,0,1.0,48.0,103.0,104.2,95.0,100.0,8.0,4.2,0.725,2.42,21.3,0.25,0.638,0.462,0.126,0.506,0.531,98.1,95.0,79.17,95,0.58
0022400608,2025-01-21,1610612753,Orlando Magic,1,0,1,0.0,48.0,99.6,100.0,118.1,118.5,-18.5,-18.5,0.457,1.14,12.8,0.302,0.875,0.548,0.151,0.465,0.498,92.8,92.5,77.08,93,0.365
0022400609,2025-01-21,1610612755,Philadelphia 76ers,1,0,1,0.0,48.0,107.4,113.5,150.0,148.5,-42.6,-34.9,0.773,3.4,23.6,0.259,0.529,0.364,0.104,0.536,0.548,98.8,96.5,80.42,96,0.333
0022400607,2025-01-21,1610612757,Portland Trail Blazers,1,1,0,1.0,48.0,123.2,120.8,111.1,111.5,12.1,9.4,0.581,3.13,18.8,0.255,0.736,0.51,0.083,0.58,0.597,95.2,96.0,80.0,96,0.539
0022400608,2025-01-21,1610612761,Toronto Raptors,1,1,0,1.0,48.0,118.1,118.5,99.6,100.0,18.5,18.5,0.744,2.42,23.0,0.125,0.698,0.452,0.13,0.623,0.639,92.8,92.5,77.08,92,0.635
0022400610,2025-01-21,1610612764,Washington Wizards,1,0,1,0.0,48.0,84.0,87.1,108.9,112.1,-24.9,-25.0,0.735,1.92,17.6,0.254,0.813,0.495,0.129,0.416,0.437,103.3,100.0,83.33,101,0.36
0022400612,2025-01-22,1610612737,Atlanta Hawks,1,0,1,0.0,48.0,91.7,96.3,107.2,105.6,-15.5,-9.3,0.641,1.79,16.2,0.324,0.81,0.509,0.13,0.408,0.454,109.9,108.0,90.0,108,0.423
0022400620,2025-01-22,1610612738,Boston Celtics,1,1,0,1.0,53.0,106.6,108.3,103.0,106.6,3.6,1.7,0.585,1.26,16.4,0.28,0.711,0.484,0.176,0.561,0.592,99.4,96.91,80.75,108,0.509
0022400613,2025-01-22,1610612751,Brooklyn Nets,1,0,1,0.0,48.0,89.2,88.4,115.2,113.7,-26.0,-25.3,0.471,0.94,12.1,0.35,0.75,0.528,0.179,0.412,0.432,93.9,95.0,79.17,95,0.343
0022400616,2025-01-22,1610612766,Charlotte Hornets,1,0,1,0.0,48.0,114.2,115.4,123.2,126.9,-9.0,-11.5,0.659,1.69,18.5,0.326,0.633,0.484,0.154,0.541,0.6,106.1,104.0,86.67,104,0.461
0022400615,2025-01-22,1610612739,Cleveland Cavaliers,1,0,1,0.0,48.0,109.8,112.5,107.1,114.7,2.7,-2.2,0.61,1.92,17.5,0.404,0.472,0.436,0.135,0.49,0.513,100.1,95.5,79.58,96,0.503
0022400614,2025-01-22,1610612742,Dallas Mavericks,1,0,1,0.0,48.0,107.2,114.0,117.4,116.2,-10.2,-2.2,0.533,1.6,17.3,0.319,0.778,0.543,0.15,0.544,0.58,102.2,99.5,82.92,100,0.459
0022400612,2025-01-22,1610612765,Detroit Pistons,1,1,0,1.0,48.0,107.2,105.6,91.7,96.3,15.5,9.3,0.643,1.29,18.9,0.19,0.676,0.491,0.194,0.571,0.617,109.9,108.0,90.0,108,0.577
0022400619,2025-01-22,1610612744,Golden State Warriors,1,0,1,0.0,48.0,111.7,118.2,125.4,121.8,-13.7,-3.6,0.721,1.63,21.2,0.314,0.854,0.554,0.192,0.587,0.599,101.4,100.0,83.33,99,0.415
0022400615,2025-01-22,1610612745,Houston Rockets,1,1,0,1.0,48.0,107.1,114.7,109.8,112.5,-2.7,2.2,0.625,1.14,16.9,0.528,0.596,0.564,0.232,0.522,0.546,100.1,95.5,79.58,95,0.497
0022400620,2025-01-22,1610612746,LA Clippers,1,0,1,0.0,53.0,103.0,106.6,106.6,108.3,-3.6,-1.7,0.511,1.04,16.8,0.289,0.72,0.516,0.217,0.572,0.59,99.4,96.91,80.75,106,0.491
0022400616,2025-01-22,1610612763,Memphis Grizzlies,1,1,0,1.0,48.0,123.2,126.9,114.2,115.4,9.0,11.5,0.735,2.25,22.8,0.367,0.674,0.516,0.154,0.607,0.634,106.1,104.0,86.67,104,0.539
0022400614,2025-01-22,1610612750,Minnesota Timberwolves,1,1,0,1.0,48.0,117.4,116.2,107.2,114.0,10.2,2.2,0.703,2.36,19.3,0.222,0.681,0.457,0.111,0.525,0.599,102.2,99.5,82.92,99,0.541
0022400618,2025-01-22,1610612760,Oklahoma City Thunder,1,1,0,1.0,48.0,118.3,118.3,109.0,110.7,9.2,7.6,0.455,1.82,14.3,0.314,0.491,0.404,0.106,0.526,0.58,104.3,103.5,86.25,104,0.561
0022400613,2025-01-22,1610612756,Phoenix Suns,1,1,0,1.0,48.0,115.2,113.7,89.2,88.4,26.0,25.3,0.667,2.55,20.7,0.25,0.65,0.472,0.116,0.557,0.576,93.9,95.0,79.17,95,0.657
0022400619,2025-01-22,1610612758,Sacramento Kings,1,1,0,1.0,48.0,125.4,121.8,111.7,118.2,13.7,3.6,0.585,3.0,18.5,0.146,0.686,0.446,0.079,0.574,0.647,101.4,100.0,83.33,101,0.585
0022400618,2025-01-22,1610612762,Utah Jazz,1,0,1,0.0,48.0,109.0,110.7,118.3,118.3,-9.2,-7.6,0.595,0.93,16.2,0.509,0.686,0.596,0.262,0.544,0.567,104.3,103.5,86.25,103,0.439
0022400623,2025-01-23,1610612737,Atlanta Hawks,1,0,1,0.0,48.0,112.1,113.3,115.6,118.4,-3.5,-5.1,0.714,2.0,20.1,0.286,0.778,0.494,0.143,0.557,0.594,105.9,104.0,86.67,105,0.472
0022400629,2025-01-23,1610612738,Boston Celtics,1,0,1,0.0,48.0,101.1,102.1,119.6,124.5,-18.5,-22.3,0.657,3.29,17.7,0.233,0.673,0.431,0.074,0.462,0.485,96.4,94.0,78.33,94,0.384
0022400628,2025-01-23,1610612741,Chicago Bulls,1,0,1,0.0,48.0,104.0,108.2,124.6,131.0,-20.5,-22.8,0.647,1.69,16.4,0.25,0.589,0.42,0.133,0.483,0.536,103.5,99.0,82.5,98,0.399
0022400625,2025-01-23,1610612742,Dallas Mavericks,1,1,0,1.0,48.0,118.8,118.6,112.0,112.7,6.8,5.9,0.641,1.25,18.2,0.263,0.776,0.552,0.196,0.622,0.673,102.3,102.0,85.0,102,0.549
0022400626,2025-01-23,1610612743,Denver Nuggets,1,1,0,1.0,48.0,119.3,118.9,110.5,110.8,8.9,8.1,0.612,2.73,19.0,0.327,0.698,0.525,0.099,0.55,0.576,111.0,111.0,92.5,111,0.562
0022400628,2025-01-23,1610612744,Golden State Warriors,1,1,0,1.0,48.0,124.6,131.0,104.0,108.2,20.5,22.8,0.804,3.08,23.1,0.411,0.75,0.58,0.12,0.574,0.606,103.5,99.0,82.5,100,0.601
0022400621,2025-01-23,1610612754,Indiana Pacers,1,0,1,0.0,48.0,105.5,104.8,135.1,134.6,-29.6,-29.9,0.705,2.82,21.1,0.2,0.579,0.355,0.105,0.521,0.538,104.0,104.5,87.08,105,0.367
0022400983,2025-01-23,1610612746,LA Clippers,1,1,0,1.0,48.0,106.9,105.8,88.4,89.4,18.5,16.3,0.725,1.61,19.9,0.265,0.73,0.527,0.173,0.528,0.573,104.1,104.0,86.67,104,0.619
0022400629,2025-01-23,1610612747,Los Angeles Lakers,1,1,0,1.0,48.0,119.6,124.5,101.1,102.1,18.5,22.3,0.643,2.7,19.7,0.327,0.767,0.569,0.106,0.556,0.598,96.4,94.0,78.33,94,0.616
0022400624,2025-01-23,1610612748,Miami Heat,1,0,1,0.0,48.0,96.7,97.0,121.6,126.3,-24.9,-29.3,0.765,2.36,18.6,0.246,0.709,0.466,0.111,0.435,0.474,101.0,99.0,82.5,99,0.364
0022400624,2025-01-23,1610612749,Milwaukee Bucks,1,1,0,1.0,48.0,121.6,126.3,96.7,97.0,24.9,29.3,0.696,4.57,21.8,0.291,0.754,0.534,0.071,0.561,0.585,101.0,99.0,82.5,99,0.636
0022400625,2025-01-23,1610612760,Oklahoma City Thunder,1,0,1,0.0,48.0,112.0,112.7,118.8,118.6,-6.8,-5.9,0.619,2.0,18.7,0.224,0.737,0.448,0.127,0.563,0.589,102.3,102.0,85.0,102,0.451
0022400622,2025-01-23,1610612753,Orlando Magic,1,0,1,0.0,48.0,80.9,84.0,103.7,105.2,-22.8,-21.2,0.654,0.77,13.1,0.339,0.711,0.505,0.234,0.382,0.441,97.5,95.0,79.17,94,0.317
0022400622,2025-01-23,1610612757,Portland Trail Blazers,1,1,0,1.0,48.0,103.7,105.2,80.9,84.0,22.8,21.2,0.575,1.53,17.6,0.289,0.661,0.495,0.156,0.543,0.559,97.5,95.0,79.17,96,0.683
0022400626,2025-01-23,1610612758,Sacramento Kings,1,0,1,0.0,48.0,110.5,110.8,119.3,118.9,-8.9,-8.1,0.66,2.38,19.3,0.302,0.673,0.475,0.117,0.509,0.533,111.0,111.0,92.5,111,0.438
0022400621,2025-01-23,1610612759,San Antonio Spurs,1,1,0,1.0,48.0,135.1,134.6,105.5,104.8,29.6,29.9,0.741,2.15,26.4,0.421,0.8,0.645,0.192,0.698,0.71,104.0,104.5,87.08,104,0.633
0022400623,2025-01-23,1610612761,Toronto Raptors,1,1,0,1.0,48.0,115.6,118.4,112.1,113.3,3.5,5.1,0.681,1.6,22.4,0.222,0.714,0.506,0.194,0.636,0.666,105.9,104.0,86.67,103,0.528
0022400983,2025-01-23,1610612764,Washington Wizards,1,0,1,0.0,48.0,88.4,89.4,106.9,105.8,-18.5,-16.3,0.75,1.5,16.6,0.27,0.735,0.473,0.154,0.399,0.45,104.1,104.0,86.67,104,0.381
0022400630,2025-01-24,1610612766,Charlotte Hornets,1,0,1,0.0,48.0,99.7,101.0,103.9,106.3,-4.2,-5.2,0.625,1.25,14.9,0.339,0.63,0.482,0.167,0.429,0.498,97.7,96.0,80.0,96,0.463
0022400631,2025-01-24,1610612739,Cleveland Cavaliers,1,0,1,0.0,48.0,123.6,127.7,130.8,132.0,-7.2,-4.3,0.667,1.88,20.4,0.333,0.609,0.468,0.158,0.639,0.656,102.6,100.5,83.75,101,0.493
0022400632,2025-01-24,1610612763,Memphis Grizzlies,1,1,0,1.0,48.0,136.9,140.4,123.4,126.0,13.5,14.4,0.679,2.92,24.7,0.4,0.675,0.529,0.131,0.649,0.665,101.8,99.5,82.92,99,0.54
0022400632,2025-01-24,1610612740,New Orleans Pelicans,1,0,1,0.0,48.0,123.4,126.0,136.9,140.4,-13.5,-14.4,0.667,2.31,21.1,0.325,0.6,0.471,0.13,0.627,0.649,101.8,99.5,82.92,100,0.46
0022400631,2025-01-24,1610612755,Philadelphia 76ers,1,1,0,1.0,48.0,130.8,132.0,123.6,127.7,7.2,4.3,0.523,1.28,16.3,0.391,0.667,0.532,0.18,0.626,0.667,102.6,100.5,83.75,100,0.507
0022400630,2025-01-24,1610612757,Portland Trail Blazers,1,1,0,1.0,48.0,103.9,106.3,99.7,101.0,4.2,5.2,0.531,1.0,12.9,0.37,0.661,0.518,0.177,0.475,0.53,97.7,96.0,80.0,96,0.537
0022400639,2025-01-25,1610612737,Atlanta Hawks,1,0,1,0.0,48.0,84.7,86.2,103.5,106.4,-18.9,-20.1,0.848,1.17,18.8,0.214,0.76,0.472,0.22,0.458,0.495,112.0,109.5,91.25,109,0.389
0022400635,2025-01-25,1610612738,Boston Celtics,1,1,0,1.0,48.0,122.8,124.5,106.7,110.3,16.1,14.2,0.75,6.6,21.9,0.323,0.654,0.474,0.051,0.524,0.548,99.8,97.5,81.25,98,0.568
0022400636,2025-01-25,1610612751,Brooklyn Nets,1,0,1,0.0,48.0,98.5,99.0,106.5,108.2,-7.9,-9.2,0.767,1.53,17.6,0.212,0.659,0.417,0.153,0.463,0.53,99.0,98.0,81.67,98,0.443
0022400637,2025-01-25,1610612766,Charlotte Hornets,1,1,0,1.0,48.0,121.8,123.0,92.5,91.1,29.3,31.9,0.667,1.87,20.0,0.273,0.778,0.551,0.15,0.625,0.647,100.2,100.5,83.75,100,0.643
0022400642,2025-01-25,1610612741,Chicago Bulls,1,0,1,0.0,48.0,96.2,95.1,105.3,109.0,-9.1,-13.9,0.667,1.2,17.0,0.302,0.811,0.557,0.196,0.494,0.517,102.1,101.0,84.17,102,0.454
0022400640,2025-01-25,1610612739,Cleveland Cavaliers,1,0,1,0.0,48.0,126.6,131.0,136.6,137.8,-10.0,-6.8,0.596,2.55,19.9,0.319,0.652,0.484,0.11,0.61,0.639,101.1,99.0,82.5,100,0.473
0022400635,2025-01-25,1610612742,Dallas Mavericks,1,0,1,0.0,48.0,106.7,110.3,122.8,124.5,-16.1,-14.2,0.462,1.38,13.5,0.346,0.677,0.526,0.134,0.489,0.533,99.8,97.5,81.25,97,0.432
0022400634,2025-01-25,1610612743,Denver Nuggets,1,0,1,0.0,48.0,104.3,106.1,133.5,134.3,-29.2,-28.2,0.744,1.6,21.9,0.347,0.535,0.435,0.204,0.551,0.555,99.7,98.5,82.08,98,0.375
0022400638,2025-01-25,1610612765,Detroit Pistons,1,0,1,0.0,48.0,109.4,111.9,113.4,117.5,-4.0,-5.6,0.55,1.38,16.2,0.271,0.756,0.505,0.158,0.523,0.575,105.0,102.0,85.0,101,0.489
0022400644,2025-01-25,1610612744,Golden State Warriors,1,0,1,0.0,48.0,109.0,112.5,122.3,121.6,-13.3,-9.1,0.732,2.14,21.3,0.306,0.7,0.483,0.146,0.551,0.562,97.8,96.5,80.42,96,0.438
0022400640,2025-01-25,1610612745,Houston Rockets,1,1,0,1.0,48.0,136.6,137.8,126.6,131.0,10.0,6.8,0.578,2.36,18.6,0.348,0.681,0.516,0.112,0.628,0.663,101.1,99.0,82.5,98,0.527
0022400633,2025-01-25,1610612754,Indiana Pacers,1,1,0,1.0,48.0,133.1,133.3,93.3,96.1,39.8,37.3,0.604,3.2,20.9,0.38,0.667,0.529,0.098,0.603,0.629,103.6,102.0,85.0,102,0.683
0022400646,2025-01-25,1610612746,LA Clippers,1,1,0,1.0,48.0,121.7,123.3,114.8,113.6,7.0,9.7,0.432,2.71,13.9,0.283,0.844,0.541,0.068,0.51,0.581,103.1,103.0,85.83,103,0.519
0022400644,2025-01-25,1610612747,Los Angeles Lakers,1,1,0,1.0,48.0,122.3,121.6,109.0,112.5,13.3,9.1,0.617,2.23,21.0,0.3,0.694,0.517,0.134,0.605,0.631,97.8,96.5,80.42,97,0.562
0022400643,2025-01-25,1610612763,Memphis Grizzlies,1,1,0,1.0,48.0,121.4,122.5,100.9,102.0,20.5,20.6,0.651,1.65,19.0,0.378,0.685,0.545,0.167,0.595,0.632,102.5,101.5,84.58,102,0.605
0022400636,2025-01-25,1610612748,Miami Heat,1,1,0,1.0,48.0,106.5,108.2,98.5,99.0,7.9,9.2,0.629,1.0,16.3,0.341,0.788,0.583,0.224,0.525,0.592,99.0,98.0,81.67,98,0.557
0022400646,2025-01-25,1610612749,Milwaukee Bucks,1,0,1,0.0,48.0,114.8,113.6,121.7,123.3,-7.0,-9.7,0.649,1.85,17.9,0.156,0.717,0.459,0.126,0.551,0.623,103.1,103.0,85.83,103,0.481
0022400634,2025-01-25,1610612750,Minnesota Timberwolves,1,1,0,1.0,48.0,133.5,134.3,104.3,106.1,29.2,28.2,0.717,2.38,24.2,0.465,0.653,0.565,0.162,0.632,0.655,99.7,98.5,82.08,99,0.625
0022400637,2025-01-25,1610612740,New Orleans Pelicans,1,0,1,0.0,48.0,92.5,91.1,121.8,123.0,-29.3,-31.9,0.656,1.62,15.7,0.222,0.727,0.449,0.129,0.429,0.482,100.2,100.5,83.75,101,0.357
0022400641,2025-01-25,1610612752,New York Knicks,1,1,0,1.0,48.0,131.0,137.5,114.2,116.5,16.8,21.0,0.769,3.64,24.1,0.407,0.78,0.587,0.106,0.576,0.621,107.1,103.5,86.25,104,0.589
0022400638,2025-01-25,1610612753,Orlando Magic,1,1,0,1.0,48.0,113.4,117.5,109.4,111.9,4.0,5.6,0.55,1.47,16.3,0.244,0.729,0.495,0.146,0.572,0.607,105.0,102.0,85.0,103,0.511
0022400642,2025-01-25,1610612755,Philadelphia 76ers,1,1,0,1.0,48.0,105.3,109.0,96.2,95.1,9.1,13.9,0.548,2.3,17.3,0.189,0.698,0.443,0.1,0.527,0.548,102.1,101.0,84.17,100,0.546
0022400645,2025-01-25,1610612756,Phoenix Suns,1,1,0,1.0,48.0,117.4,120.2,112.4,110.1,5.0,10.1,0.575,2.09,16.7,0.32,0.878,0.596,0.111,0.517,0.582,99.1,99.0,82.5,99,0.531
0022400641,2025-01-25,1610612758,Sacramento Kings,1,0,1,0.0,48.0,114.2,116.5,131.0,137.5,-16.8,-21.0,0.717,2.75,22.6,0.22,0.593,0.413,0.117,0.558,0.588,107.1,103.5,86.25,103,0.411
0022400633,2025-01-25,1610612759,San Antonio Spurs,1,0,1,0.0,48.0,93.3,96.1,133.1,133.3,-39.8,-37.3,0.629,0.92,15.5,0.333,0.62,0.471,0.235,0.476,0.51,103.6,102.0,85.0,102,0.317
0022400639,2025-01-25,1610612761,Toronto Raptors,1,1,0,1.0,48.0,103.5,106.4,84.7,86.2,18.9,20.1,0.738,1.48,20.3,0.24,0.786,0.528,0.191,0.528,0.579,112.0,109.5,91.25,110,0.611
0022400643,2025-01-25,1610612762,Utah Jazz,1,0,1,0.0,48.0,100.9,102.0,121.4,122.5,-20.5,-20.6,0.692,1.59,18.6,0.315,0.622,0.455,0.168,0.489,0.52,102.5,101.5,84.58,101,0.395
0022400645,2025-01-25,1610612764,Washington Wizards,1,0,1,0.0,48.0,112.4,110.1,117.4,120.2,-5.0,-10.1,0.667,3.5,21.1,0.122,0.68,0.404,0.081,0.567,0.58,99.1,99.0,82.5,99,0.469
0022400647,2025-01-26,1610612760,Oklahoma City Thunder,1,1,0,1.0,48.0,122.0,125.5,113.3,113.7,8.6,11.8,0.571,2.67,17.8,0.354,0.633,0.495,0.096,0.528,0.58,96.0,94.5,78.75,94,0.579
0022400647,2025-01-26,1610612757,Portland Trail Blazers,1,0,1,0.0,48.0,113.3,113.7,122.0,125.5,-8.6,-11.8,0.636,1.4,15.8,0.367,0.646,0.505,0.158,0.519,0.579,96.0,94.5,78.75,95,0.421
0022400656,2025-01-27,1610612737,Atlanta Hawks,1,0,1,0.0,48.0,90.3,89.3,97.3,98.0,-7.0,-8.7,0.706,1.09,16.8,0.286,0.732,0.509,0.214,0.465,0.49,102.3,102.5,85.42,103,0.472
0022400650,2025-01-27,1610612738,Boston Celtics,1,0,1,0.0,48.0,115.7,119.1,117.2,121.3,-1.5,-2.1,0.538,1.4,16.9,0.262,0.673,0.489,0.16,0.581,0.631,97.0,94.0,78.33,94,0.508
0022400651,2025-01-27,1610612751,Brooklyn Nets,1,0,1,0.0,48.0,100.8,103.2,114.0,117.0,-13.2,-13.8,0.633,1.19,14.5,0.352,0.615,0.462,0.172,0.427,0.504,95.8,93.5,77.92,93,0.384
0022400648,2025-01-27,1610612766,Charlotte Hornets,1,0,1,0.0,48.0,108.2,111.5,108.1,117.9,0.0,-6.4,0.667,1.86,19.3,0.28,0.6,0.432,0.146,0.529,0.564,101.2,95.5,79.58,96,0.469
0022400655,2025-01-27,1610612741,Chicago Bulls,1,1,0,1.0,48.0,122.3,120.6,112.2,114.2,10.0,6.4,0.714,2.06,22.4,0.306,0.708,0.505,0.159,0.622,0.635,106.7,106.5,88.75,107,0.505
0022400649,2025-01-27,1610612739,Cleveland Cavaliers,1,1,0,1.0,48.0,111.0,114.6,92.1,95.8,18.9,18.8,0.7,2.8,19.7,0.346,0.721,0.549,0.104,0.505,0.544,99.0,95.5,79.58,96,0.611
0022400657,2025-01-27,1610612742,Dallas Mavericks,1,1,0,1.0,48.0,132.0,132.7,102.4,109.1,29.6,23.6,0.796,3.25,25.8,0.311,0.645,0.505,0.122,0.641,0.653,102.0,98.5,82.08,98,0.621
0022400655,2025-01-27,1610612743,Denver Nuggets,1,0,1,0.0,48.0,112.2,114.2,122.3,120.6,-10.0,-6.4,0.692,2.4,23.2,0.292,0.694,0.495,0.142,0.55,0.577,106.7,106.5,88.75,106,0.495
0022400649,2025-01-27,1610612765,Detroit Pistons,1,0,1,0.0,48.0,92.1,95.8,111.0,114.6,-18.9,-18.8,0.649,2.4,17.6,0.279,0.654,0.451,0.105,0.438,0.451,99.0,95.5,79.58,95,0.389
0022400650,2025-01-27,1610612745,Houston Rockets,1,1,0,1.0,48.0,117.2,121.3,115.7,119.1,1.5,2.1,0.707,3.63,20.9,0.327,0.738,0.511,0.085,0.538,0.563,97.0,94.0,78.33,94,0.492
0022400659,2025-01-27,1610612746,LA Clippers,1,0,1,0.0,48.0,112.6,113.5,115.8,116.8,-3.2,-3.3,0.537,1.47,16.9,0.302,0.717,0.517,0.156,0.554,0.594,96.3,95.5,79.58,96,0.521
0022400648,2025-01-27,1610612747,Los Angeles Lakers,1,1,0,1.0,48.0,108.1,117.9,108.2,111.5,0.0,6.4,0.5,1.16,16.3,0.4,0.72,0.568,0.2,0.547,0.58,101.2,95.5,79.58,95,0.531
0022400653,2025-01-27,1610612763,Memphis Grizzlies,1,0,1,0.0,48.0,99.5,101.0,130.1,133.6,-30.5,-32.7,0.512,0.81,14.5,0.373,0.556,0.467,0.248,0.5,0.538,108.2,106.0,88.33,105,0.345
0022400652,2025-01-27,1610612748,Miami Heat,1,1,0,1.0,58.0,109.4,112.6,106.3,106.3,3.2,6.4,0.708,1.89,22.1,0.191,0.724,0.486,0.162,0.603,0.617,93.6,92.28,76.9,111,0.53
0022400658,2025-01-27,1610612749,Milwaukee Bucks,1,1,0,1.0,48.0,124.4,126.3,108.1,111.1,16.3,15.2,0.635,2.75,23.7,0.179,0.694,0.495,0.121,0.674,0.669,101.1,99.0,82.5,99,0.597
0022400656,2025-01-27,1610612750,Minnesota Timberwolves,1,1,0,1.0,48.0,97.3,98.0,90.3,89.3,7.0,8.7,0.529,1.0,13.3,0.268,0.714,0.491,0.176,0.465,0.506,102.3,102.5,85.42,102,0.528
0022400654,2025-01-27,1610612740,New Orleans Pelicans,1,0,1,0.0,48.0,95.2,100.0,102.6,107.6,-7.4,-7.6,0.538,1.62,15.3,0.218,0.672,0.457,0.125,0.472,0.509,109.7,104.5,87.08,104,0.476
0022400653,2025-01-27,1610612752,New York Knicks,1,1,0,1.0,48.0,130.1,133.6,99.5,101.0,30.5,32.7,0.571,2.91,19.6,0.444,0.627,0.533,0.103,0.597,0.617,108.2,106.0,88.33,107,0.655
0022400652,2025-01-27,1610612753,Orlando Magic,1,0,1,0.0,58.0,106.3,106.3,109.4,112.6,-3.2,-6.4,0.711,2.13,20.0,0.276,0.809,0.514,0.134,0.531,0.546,93.6,92.28,76.9,112,0.47
0022400659,2025-01-27,1610612756,Phoenix Suns,1,1,0,1.0,48.0,115.8,116.8,112.6,113.5,3.2,3.3,0.575,1.35,17.7,0.283,0.698,0.483,0.179,0.6,0.618,96.3,95.5,79.58,95,0.479
0022400651,2025-01-27,1610612758,Sacramento Kings,1,1,0,1.0,48.0,114.0,117.0,100.8,103.2,13.2,13.8,0.689,1.72,22.1,0.385,0.648,0.538,0.191,0.604,0.615,95.8,93.5,77.92,94,0.616
0022400654,2025-01-27,1610612761,Toronto Raptors,1,1,0,1.0,48.0,102.6,107.6,95.2,100.0,7.4,7.6,0.721,2.38,19.9,0.328,0.782,0.543,0.124,0.475,0.513,109.7,104.5,87.08,105,0.524
0022400658,2025-01-27,1610612762,Utah Jazz,1,0,1,0.0,48.0,108.1,111.1,124.4,126.3,-16.3,-15.2,0.683,2.55,19.2,0.306,0.821,0.505,0.111,0.5,0.52,101.1,99.0,82.5,99,0.403
0022400657,2025-01-27,1610612764,Washington Wizards,1,0,1,0.0,48.0,102.4,109.1,132.0,132.7,-29.6,-23.6,0.548,2.09,16.0,0.355,0.689,0.495,0.111,0.47,0.498,102.0,98.5,82.08,99,0.379
0022400532,2025-01-28,1610612737,Atlanta Hawks,1,0,1,0.0,48.0,91.4,94.1,97.3,99.0,-5.9,-4.9,0.528,1.06,14.1,0.255,0.791,0.49,0.176,0.466,0.5,103.9,101.5,84.58,102,0.444
0022400661,2025-01-28,1610612744,Golden State Warriors,1,1,0,1.0,48.0,115.6,117.5,106.7,108.4,8.9,9.1,0.806,3.22,19.6,0.373,0.854,0.57,0.093,0.484,0.54,97.6,96.0,80.0,97,0.509
0022400532,2025-01-28,1610612745,Houston Rockets,1,1,0,1.0,48.0,97.3,99.0,91.4,94.1,5.9,4.9,0.514,0.9,14.7,0.209,0.745,0.51,0.208,0.513,0.569,103.9,101.5,84.58,101,0.556
0022400660,2025-01-28,1610612747,Los Angeles Lakers,1,0,1,0.0,48.0,103.9,104.0,119.2,118.0,-15.3,-14.0,0.676,1.14,19.1,0.162,0.74,0.494,0.22,0.583,0.633,99.6,100.0,83.33,100,0.459
0022400662,2025-01-28,1610612749,Milwaukee Bucks,1,0,1,0.0,48.0,115.6,114.3,127.1,128.9,-11.6,-14.6,0.591,2.36,19.4,0.217,0.596,0.409,0.112,0.569,0.59,97.6,97.5,81.25,98,0.447
0022400660,2025-01-28,1610612755,Philadelphia 76ers,1,1,0,1.0,48.0,119.2,118.0,103.9,104.0,15.3,14.0,0.465,2.22,15.0,0.26,0.838,0.506,0.09,0.533,0.578,99.6,100.0,83.33,100,0.541
0022400662,2025-01-28,1610612757,Portland Trail Blazers,1,1,0,1.0,48.0,127.1,128.9,115.6,114.3,11.6,14.6,0.578,1.73,18.3,0.404,0.783,0.591,0.155,0.58,0.623,97.6,97.5,81.25,97,0.553
0022400661,2025-01-28,1610612762,Utah Jazz,1,0,1,0.0,48.0,106.7,108.4,115.6,117.5,-8.9,-9.1,0.769,2.0,22.9,0.146,0.627,0.43,0.158,0.566,0.595,97.6,96.0,80.0,95,0.491
0022400666,2025-01-29,1610612738,Boston Celtics,1,1,0,1.0,48.0,119.7,119.6,97.8,97.1,22.0,22.5,0.78,3.56,22.7,0.146,0.782,0.485,0.088,0.575,0.617,102.1,102.5,85.42,102,0.607
0022400663,2025-01-29,1610612751,Brooklyn Nets,1,1,0,1.0,48.0,112.1,114.3,89.2,92.2,22.8,22.1,0.692,2.45,21.1,0.222,0.627,0.452,0.121,0.55,0.586,92.9,90.5,75.42,91,0.666
0022400663,2025-01-29,1610612766,Charlotte Hornets,1,0,1,0.0,48.0,89.2,92.2,112.1,114.3,-22.8,-22.1,0.643,1.06,13.8,0.373,0.778,0.548,0.189,0.398,0.441,92.9,90.5,75.42,90,0.334
0022400666,2025-01-29,1610612741,Chicago Bulls,1,0,1,0.0,48.0,97.8,97.1,119.7,119.6,-22.0,-22.5,0.757,1.87,19.6,0.218,0.854,0.515,0.146,0.484,0.514,102.1,102.5,85.42,103,0.393
0022400667,2025-01-29,1610612739,Cleveland Cavaliers,1,1,0,1.0,48.0,130.4,131.3,108.6,110.4,21.8,20.8,0.537,4.14,20.9,0.298,0.8,0.543,0.073,0.605,0.614,97.1,96.0,80.0,96,0.561
0022400670,2025-01-29,1610612742,Dallas Mavericks,1,1,0,1.0,48.0,128.7,131.7,131.2,132.0,-2.5,-0.3,0.577,1.58,19.6,0.435,0.745,0.591,0.183,0.646,0.662,105.1,103.5,86.25,104,0.486
0022400668,2025-01-29,1610612743,Denver Nuggets,1,0,1,0.0,48.0,115.3,113.1,120.9,123.2,-5.6,-10.1,0.512,1.5,15.9,0.295,0.813,0.565,0.141,0.548,0.595,99.0,99.0,82.5,99,0.453
0022400664,2025-01-29,1610612765,Detroit Pistons,1,0,1,0.0,48.0,111.8,117.8,129.6,130.4,-17.8,-12.6,0.591,1.73,18.4,0.292,0.825,0.534,0.149,0.562,0.592,104.5,101.5,84.58,101,0.442
0022400673,2025-01-29,1610612744,Golden State Warriors,1,1,0,1.0,48.0,114.5,114.9,101.9,107.9,12.6,6.9,0.75,2.0,21.4,0.205,0.613,0.443,0.149,0.574,0.622,104.2,101.0,84.17,101,0.571
0022400664,2025-01-29,1610612754,Indiana Pacers,1,1,0,1.0,48.0,129.6,130.4,111.8,117.8,17.8,12.6,0.609,2.15,20.4,0.175,0.708,0.466,0.127,0.685,0.703,104.5,101.5,84.58,102,0.558
0022400671,2025-01-29,1610612746,LA Clippers,1,1,0,1.0,48.0,126.6,126.7,114.9,116.0,11.7,10.7,0.542,1.53,17.8,0.432,0.833,0.641,0.168,0.593,0.633,101.1,100.5,83.75,101,0.57
0022400667,2025-01-29,1610612748,Miami Heat,1,0,1,0.0,48.0,108.6,110.4,130.4,131.3,-21.8,-20.8,0.692,1.93,20.5,0.2,0.702,0.457,0.146,0.56,0.592,97.1,96.0,80.0,96,0.439
0022400672,2025-01-29,1610612750,Minnesota Timberwolves,1,1,0,1.0,48.0,122.4,124.7,113.2,115.3,9.1,9.4,0.619,1.63,20.0,0.2,0.711,0.488,0.165,0.647,0.696,99.3,97.5,81.25,97,0.553
0022400670,2025-01-29,1610612740,New Orleans Pelicans,1,0,1,0.0,48.0,131.2,132.0,128.7,131.7,2.5,0.3,0.608,3.88,21.2,0.255,0.565,0.409,0.078,0.609,0.643,105.1,103.5,86.25,103,0.514
0022400668,2025-01-29,1610612752,New York Knicks,1,1,0,1.0,48.0,120.9,123.2,115.3,113.1,5.6,10.1,0.688,5.5,23.4,0.188,0.705,0.435,0.061,0.591,0.604,99.0,99.0,82.5,99,0.547
0022400673,2025-01-29,1610612760,Oklahoma City Thunder,1,0,1,0.0,48.0,101.9,107.9,114.5,114.9,-12.6,-6.9,0.525,1.5,14.4,0.387,0.795,0.557,0.139,0.449,0.495,104.2,101.0,84.17,101,0.429
0022400669,2025-01-29,1610612755,Philadelphia 76ers,1,1,0,1.0,48.0,121.0,123.2,108.9,109.5,12.1,13.7,0.698,3.0,22.7,0.171,0.647,0.435,0.105,0.598,0.638,96.1,95.0,79.17,95,0.533
0022400672,2025-01-29,1610612756,Phoenix Suns,1,0,1,0.0,48.0,113.2,115.3,122.4,124.7,-9.1,-9.4,0.698,1.88,21.6,0.289,0.8,0.513,0.163,0.576,0.602,99.3,97.5,81.25,98,0.447
0022400669,2025-01-29,1610612758,Sacramento Kings,1,0,1,0.0,48.0,108.9,109.5,121.0,123.2,-12.1,-13.7,0.85,2.83,23.1,0.353,0.829,0.565,0.126,0.5,0.533,96.1,95.0,79.17,95,0.467
0022400671,2025-01-29,1610612759,San Antonio Spurs,1,0,1,0.0,48.0,114.9,116.0,126.6,126.7,-11.7,-10.7,0.643,2.7,20.0,0.167,0.568,0.359,0.1,0.563,0.592,101.1,100.5,83.75,100,0.43
0022400665,2025-01-29,1610612761,Toronto Raptors,1,1,0,1.0,48.0,104.3,108.2,80.6,85.4,23.7,22.7,0.738,2.21,21.8,0.271,0.625,0.448,0.143,0.54,0.56,101.7,97.0,80.83,98,0.669
0022400665,2025-01-29,1610612764,Washington Wizards,1,0,1,0.0,48.0,80.6,85.4,104.3,108.2,-23.7,-22.7,0.607,0.63,13.0,0.375,0.729,0.552,0.281,0.424,0.484,101.7,97.0,80.83,96,0.331
0022400675,2025-01-30,1610612737,Atlanta Hawks,1,0,1,0.0,48.0,111.8,112.7,134.6,133.0,-22.8,-20.3,0.683,2.55,19.7,0.226,0.7,0.43,0.108,0.528,0.564,102.3,102.5,85.42,102,0.392
0022400675,2025-01-30,1610612739,Cleveland Cavaliers,1,1,0,1.0,48.0,134.6,133.0,111.8,112.7,22.8,20.3,0.642,2.83,22.8,0.3,0.774,0.57,0.117,0.654,0.686,102.3,102.5,85.42,103,0.608
0022400676,2025-01-30,1610612745,Houston Rockets,1,0,1,0.0,48.0,116.3,121.4,115.6,122.4,0.7,-1.0,0.524,1.83,15.2,0.439,0.617,0.519,0.122,0.5,0.544,103.1,98.0,81.67,98,0.48
0022400674,2025-01-30,1610612747,Los Angeles Lakers,1,1,0,1.0,48.0,131.8,132.7,88.1,93.2,43.7,39.5,0.633,2.82,22.0,0.22,0.667,0.49,0.109,0.628,0.672,105.3,102.0,85.0,101,0.734
0022400676,2025-01-30,1610612763,Memphis Grizzlies,1,1,0,1.0,48.0,115.6,122.4,116.3,121.4,-0.7,1.0,0.479,2.09,16.5,0.383,0.561,0.481,0.112,0.565,0.589,103.1,98.0,81.67,98,0.52
0022400677,2025-01-30,1610612750,Minnesota Timberwolves,1,1,0,1.0,48.0,142.9,146.8,113.0,117.7,29.9,29.1,0.776,2.92,26.4,0.333,0.78,0.571,0.138,0.726,0.745,98.3,95.0,79.17,94,0.636
0022400678,2025-01-30,1610612753,Orlando Magic,1,0,1,0.0,48.0,97.0,97.8,123.1,132.2,-26.2,-34.4,0.412,0.88,11.3,0.367,0.605,0.471,0.174,0.451,0.501,94.7,91.0,75.83,92,0.323
0022400678,2025-01-30,1610612757,Portland Trail Blazers,1,1,0,1.0,48.0,123.1,132.2,97.0,97.8,26.2,34.4,0.561,1.64,18.0,0.395,0.633,0.529,0.156,0.603,0.649,94.7,91.0,75.83,90,0.677
0022400677,2025-01-30,1610612762,Utah Jazz,1,0,1,0.0,48.0,113.0,117.7,142.9,146.8,-29.9,-29.1,0.538,1.4,16.8,0.22,0.667,0.429,0.156,0.597,0.642,98.3,95.0,79.17,96,0.364
0022400674,2025-01-30,1610612764,Washington Wizards,1,0,1,0.0,48.0,88.1,93.2,131.8,132.7,-43.7,-39.5,0.621,1.2,12.7,0.333,0.78,0.51,0.146,0.374,0.453,105.3,102.0,85.0,103,0.266
0022400683,2025-01-31,1610612738,Boston Celtics,1,1,0,1.0,48.0,114.1,114.6,107.1,111.5,7.0,3.0,0.762,2.46,22.9,0.133,0.694,0.426,0.126,0.595,0.618,105.9,103.5,86.25,103,0.569
0022400679,2025-01-31,1610612766,Charlotte Hornets,1,0,1,0.0,48.0,105.5,105.1,113.4,115.5,-7.9,-10.4,0.429,2.0,13.5,0.291,0.725,0.474,0.091,0.474,0.507,98.7,98.0,81.67,99,0.453
0022400682,2025-01-31,1610612741,Chicago Bulls,1,1,0,1.0,48.0,123.9,120.8,102.0,105.0,21.8,15.8,0.756,3.09,23.6,0.196,0.776,0.519,0.109,0.607,0.632,101.2,101.0,84.17,101,0.573
0022400680,2025-01-31,1610612742,Dallas Mavericks,1,0,1,0.0,48.0,103.8,106.3,114.7,120.6,-10.8,-14.4,0.541,1.11,14.8,0.365,0.574,0.478,0.188,0.489,0.53,100.1,96.5,80.42,96,0.444
0022400681,2025-01-31,1610612743,Denver Nuggets,1,1,0,1.0,48.0,137.1,138.4,133.9,134.0,3.2,4.4,0.722,2.05,26.4,0.345,0.659,0.529,0.192,0.732,0.762,100.0,99.5,82.92,99,0.545
0022400680,2025-01-31,1610612765,Detroit Pistons,1,1,0,1.0,48.0,114.7,120.6,103.8,106.3,10.8,14.4,0.383,2.57,12.9,0.426,0.635,0.522,0.072,0.486,0.518,100.1,96.5,80.42,97,0.556
0022400685,2025-01-31,1610612744,Golden State Warriors,1,0,1,0.0,48.0,100.0,101.0,121.4,123.8,-21.4,-22.8,0.722,2.17,17.9,0.234,0.818,0.472,0.115,0.458,0.491,106.0,104.5,87.08,104,0.372
0022400679,2025-01-31,1610612746,LA Clippers,1,1,0,1.0,48.0,113.4,115.5,105.5,105.1,7.9,10.4,0.591,1.44,19.4,0.275,0.709,0.526,0.186,0.611,0.624,98.7,98.0,81.67,97,0.547
0022400684,2025-01-31,1610612749,Milwaukee Bucks,1,0,1,0.0,48.0,113.0,115.7,135.8,138.5,-22.9,-22.8,0.558,2.4,16.6,0.317,0.642,0.469,0.098,0.49,0.529,105.2,103.0,85.83,102,0.378
0022400683,2025-01-31,1610612740,New Orleans Pelicans,1,0,1,0.0,48.0,107.1,111.5,114.1,114.6,-7.0,-3.0,0.364,0.8,11.9,0.306,0.867,0.574,0.192,0.572,0.59,105.9,103.5,86.25,104,0.431
0022400681,2025-01-31,1610612755,Philadelphia 76ers,1,0,1,0.0,48.0,133.9,134.0,137.1,138.4,-3.2,-4.4,0.58,2.07,20.4,0.341,0.655,0.471,0.14,0.672,0.69,100.0,99.5,82.92,100,0.455
0022400685,2025-01-31,1610612756,Phoenix Suns,1,1,0,1.0,48.0,121.4,123.8,100.0,101.0,21.4,22.8,0.82,2.73,26.6,0.182,0.766,0.528,0.143,0.669,0.677,106.0,104.5,87.08,105,0.628
0022400684,2025-01-31,1610612759,San Antonio Spurs,1,1,0,1.0,48.0,135.8,138.5,113.0,115.7,22.9,22.8,0.74,6.17,23.4,0.358,0.683,0.531,0.058,0.608,0.637,105.2,103.0,85.83,104,0.622
0022400682,2025-01-31,1610612761,Toronto Raptors,1,0,1,0.0,48.0,102.0,105.0,123.9,120.8,-21.8,-15.8,0.692,3.86,19.1,0.224,0.804,0.481,0.069,0.478,0.51,101.2,101.0,84.17,101,0.427
0022400686,2025-02-01,1610612737,Atlanta Hawks,1,0,1,0.0,48.0,119.7,122.1,124.5,125.7,-4.8,-3.6,0.689,2.38,20.8,0.286,0.791,0.522,0.125,0.578,0.61,106.0,104.5,87.08,104,0.466
0022400689,2025-02-01,1610612751,Brooklyn Nets,1,1,0,1.0,48.0,116.7,118.3,99.4,106.5,17.3,11.8,0.558,2.18,17.9,0.34,0.65,0.509,0.118,0.552,0.571,96.4,92.5,77.08,93,0.602
0022400688,2025-02-01,1610612766,Charlotte Hornets,1,0,1,0.0,48.0,102.5,104.0,107.2,108.1,-4.7,-4.1,0.756,2.58,20.8,0.321,0.813,0.548,0.12,0.479,0.507,100.6,99.5,82.92,100,0.482
0022400688,2025-02-01,1610612743,Denver Nuggets,1,1,0,1.0,48.0,107.2,108.1,102.5,104.0,4.7,4.1,0.707,2.64,21.2,0.188,0.679,0.452,0.111,0.506,0.553,100.6,99.5,82.92,99,0.518
0022400689,2025-02-01,1610612745,Houston Rockets,1,0,1,0.0,48.0,99.4,106.5,116.7,118.3,-17.3,-11.8,0.474,1.64,13.7,0.35,0.66,0.491,0.12,0.463,0.482,96.4,92.5,77.08,92,0.398
0022400686,2025-02-01,1610612754,Indiana Pacers,1,1,0,1.0,48.0,124.5,125.7,119.7,122.1,4.8,3.6,0.714,2.92,23.5,0.209,0.714,0.478,0.114,0.611,0.653,106.0,104.5,87.08,105,0.534
0022400692,2025-02-01,1610612747,Los Angeles Lakers,1,1,0,1.0,48.0,126.8,129.3,110.5,114.3,16.3,15.0,0.553,1.73,19.7,0.194,0.648,0.467,0.152,0.698,0.72,101.1,98.5,82.08,99,0.55
0022400693,2025-02-01,1610612748,Miami Heat,1,1,0,1.0,48.0,106.6,107.1,104.8,105.1,1.8,2.0,0.732,2.14,21.1,0.286,0.745,0.529,0.143,0.534,0.544,98.4,98.0,81.67,98,0.534
0022400690,2025-02-01,1610612750,Minnesota Timberwolves,1,0,1,0.0,48.0,97.2,103.0,104.5,105.0,-7.3,-2.0,0.763,1.81,19.9,0.298,0.809,0.529,0.16,0.473,0.51,103.2,100.0,83.33,100,0.499
0022400692,2025-02-01,1610612752,New York Knicks,1,0,1,0.0,48.0,110.5,114.3,126.8,129.3,-16.3,-15.0,0.75,2.36,22.0,0.352,0.806,0.533,0.143,0.516,0.542,101.1,98.5,82.08,98,0.45
0022400691,2025-02-01,1610612760,Oklahoma City Thunder,1,1,0,1.0,48.0,135.8,135.8,99.6,104.8,36.2,31.1,0.649,3.08,22.3,0.442,0.788,0.636,0.113,0.621,0.631,108.2,105.5,87.92,106,0.638
0022400687,2025-02-01,1610612753,Orlando Magic,1,0,1,0.0,48.0,95.7,97.1,110.2,111.9,-14.4,-14.8,0.633,2.38,14.0,0.238,0.766,0.464,0.078,0.379,0.465,103.0,101.5,84.58,102,0.407
0022400694,2025-02-01,1610612756,Phoenix Suns,1,0,1,0.0,48.0,104.4,104.9,123.7,123.3,-19.3,-18.4,0.553,1.11,15.4,0.277,0.739,0.505,0.184,0.512,0.566,103.0,103.0,85.83,103,0.381
0022400694,2025-02-01,1610612757,Portland Trail Blazers,1,1,0,1.0,48.0,123.7,123.3,104.4,104.9,19.3,18.4,0.522,2.4,17.4,0.261,0.723,0.495,0.097,0.567,0.619,103.0,103.0,85.83,103,0.619
0022400691,2025-02-01,1610612758,Sacramento Kings,1,0,1,0.0,48.0,99.6,104.8,135.8,135.8,-36.2,-31.1,0.625,3.13,17.4,0.212,0.558,0.364,0.076,0.455,0.494,108.2,105.5,87.92,105,0.362
0022400693,2025-02-01,1610612759,San Antonio Spurs,1,0,1,0.0,48.0,104.8,105.1,106.6,107.1,-1.8,-2.0,0.711,2.45,19.4,0.255,0.714,0.471,0.112,0.484,0.514,98.4,98.0,81.67,98,0.466
0022400687,2025-02-01,1610612762,Utah Jazz,1,1,0,1.0,48.0,110.2,111.9,95.7,97.1,14.4,14.8,0.667,1.63,19.0,0.234,0.762,0.536,0.158,0.548,0.598,103.0,101.5,84.58,101,0.593
0022400690,2025-02-01,1610612764,Washington Wizards,1,1,0,1.0,48.0,104.5,105.0,97.2,103.0,7.3,2.0,0.684,1.53,19.3,0.191,0.702,0.471,0.17,0.548,0.58,103.2,100.0,83.33,100,0.501
0022400698,2025-02-02,1610612738,Boston Celtics,1,1,0,1.0,48.0,124.2,122.9,114.2,113.4,10.0,9.5,0.81,3.78,25.2,0.111,0.796,0.468,0.094,0.625,0.648,95.7,96.5,80.42,96,0.547
0022400695,2025-02-02,1610612741,Chicago Bulls,1,0,1,0.0,48.0,111.4,110.2,117.9,119.8,-6.5,-9.6,0.683,1.4,18.7,0.28,0.804,0.531,0.185,0.567,0.608,107.3,107.0,89.17,108,0.445
0022400696,2025-02-02,1610612739,Cleveland Cavaliers,1,1,0,1.0,48.0,135.8,135.8,93.0,93.5,42.8,42.3,0.736,4.33,26.4,0.073,0.766,0.495,0.085,0.71,0.72,107.3,107.0,89.17,106,0.672
0022400696,2025-02-02,1610612742,Dallas Mavericks,1,0,1,0.0,48.0,93.0,93.5,135.8,135.8,-42.8,-42.3,0.55,2.44,15.3,0.234,0.927,0.505,0.083,0.432,0.461,107.3,107.0,89.17,108,0.328
0022400695,2025-02-02,1610612765,Detroit Pistons,1,1,0,1.0,48.0,117.9,119.8,111.4,110.2,6.5,9.6,0.704,3.45,24.8,0.196,0.72,0.469,0.104,0.596,0.606,107.3,107.0,89.17,106,0.555
0022400697,2025-02-02,1610612746,LA Clippers,1,0,1,0.0,48.0,114.6,112.5,119.7,119.8,-5.1,-7.3,0.512,2.1,16.0,0.292,0.707,0.483,0.104,0.517,0.555,95.1,96.0,80.0,96,0.449
0022400699,2025-02-02,1610612763,Memphis Grizzlies,1,1,0,1.0,48.0,123.7,128.2,114.0,116.7,9.7,11.5,0.712,3.08,22.0,0.483,0.765,0.615,0.117,0.551,0.566,105.5,102.5,85.42,103,0.576
0022400699,2025-02-02,1610612749,Milwaukee Bucks,1,0,1,0.0,48.0,114.0,116.7,123.7,128.2,-9.7,-11.5,0.727,2.46,22.1,0.235,0.517,0.385,0.127,0.593,0.599,105.5,102.5,85.42,102,0.424
0022400698,2025-02-02,1610612755,Philadelphia 76ers,1,0,1,0.0,48.0,114.2,113.4,124.2,122.9,-10.0,-9.5,0.541,2.0,15.7,0.204,0.889,0.532,0.103,0.543,0.583,95.7,96.5,80.42,97,0.453
0022400697,2025-02-02,1610612761,Toronto Raptors,1,1,0,1.0,48.0,119.7,119.8,114.6,112.5,5.1,7.3,0.705,2.21,22.3,0.293,0.708,0.517,0.146,0.594,0.625,95.1,96.0,80.0,96,0.551
0022400701,2025-02-03,1610612737,Atlanta Hawks,1,1,0,1.0,48.0,123.2,125.7,125.3,122.6,-2.2,3.1,0.643,1.93,19.4,0.156,0.762,0.448,0.133,0.617,0.672,105.4,105.5,87.92,105,0.49
0022400700,2025-02-03,1610612766,Charlotte Hornets,1,0,1,0.0,48.0,110.3,112.9,121.4,120.4,-11.1,-7.5,0.667,2.36,18.8,0.24,0.678,0.477,0.109,0.5,0.563,102.7,102.0,85.0,101,0.476
0022400706,2025-02-03,1610612743,Denver Nuggets,1,1,0,1.0,48.0,131.0,133.0,120.6,118.9,10.3,14.0,0.609,4.67,20.3,0.327,0.692,0.515,0.064,0.565,0.604,94.6,94.5,78.75,94,0.571
0022400701,2025-02-03,1610612765,Detroit Pistons,1,0,1,0.0,48.0,125.3,122.6,123.2,125.7,2.2,-3.1,0.721,2.21,21.1,0.238,0.844,0.552,0.132,0.572,0.652,105.4,105.5,87.92,106,0.51
0022400708,2025-02-03,1610612744,Golden State Warriors,1,1,0,1.0,48.0,107.3,109.5,101.6,103.1,5.6,6.3,0.735,1.92,18.8,0.271,0.644,0.477,0.137,0.513,0.559,97.2,95.5,79.58,95,0.558
0022400702,2025-02-03,1610612745,Houston Rockets,1,0,1,0.0,48.0,109.7,114.6,114.6,120.4,-4.9,-5.8,0.563,1.59,17.3,0.456,0.64,0.542,0.165,0.5,0.533,107.9,103.0,85.83,103,0.46
0022400707,2025-02-03,1610612754,Indiana Pacers,1,1,0,1.0,48.0,108.9,108.7,104.5,107.8,4.4,1.0,0.744,3.56,22.5,0.135,0.589,0.37,0.087,0.527,0.561,104.5,103.0,85.83,103,0.529
0022400703,2025-02-03,1610612763,Memphis Grizzlies,1,1,0,1.0,48.0,113.5,114.3,95.8,97.3,17.7,17.0,0.688,2.2,21.2,0.212,0.75,0.481,0.134,0.556,0.594,113.3,112.0,93.33,112,0.586
0022400705,2025-02-03,1610612749,Milwaukee Bucks,1,0,1,0.0,48.0,88.7,92.3,118.5,119.0,-29.8,-26.7,0.686,1.6,16.7,0.267,0.653,0.44,0.144,0.446,0.469,106.9,104.5,87.08,104,0.362
0022400704,2025-02-03,1610612750,Minnesota Timberwolves,1,0,1,0.0,48.0,116.3,121.3,113.9,120.8,2.3,0.4,0.651,3.5,20.6,0.275,0.592,0.43,0.085,0.521,0.564,99.9,95.0,79.17,94,0.489
0022400706,2025-02-03,1610612740,New Orleans Pelicans,1,0,1,0.0,48.0,120.6,118.9,131.0,133.0,-10.3,-14.0,0.711,2.7,19.6,0.308,0.673,0.485,0.105,0.534,0.578,94.6,94.5,78.75,95,0.429
0022400702,2025-02-03,1610612752,New York Knicks,1,1,0,1.0,48.0,114.6,120.4,109.7,114.6,4.9,5.8,0.511,1.71,16.6,0.36,0.544,0.458,0.136,0.538,0.584,107.9,103.0,85.83,103,0.54
0022400705,2025-02-03,1610612760,Oklahoma City Thunder,1,1,0,1.0,48.0,118.5,119.0,88.7,92.3,29.8,26.7,0.549,1.65,18.7,0.347,0.733,0.56,0.162,0.596,0.61,106.9,104.5,87.08,105,0.638
0022400708,2025-02-03,1610612753,Orlando Magic,1,0,1,0.0,48.0,101.6,103.1,107.3,109.5,-5.6,-6.3,0.535,1.92,16.4,0.356,0.729,0.523,0.125,0.475,0.479,97.2,95.5,79.58,96,0.442
0022400709,2025-02-03,1610612756,Phoenix Suns,1,0,1,0.0,53.0,116.3,115.5,119.6,117.5,-3.3,-1.9,0.7,1.87,19.9,0.25,0.692,0.48,0.146,0.559,0.611,92.2,93.28,77.74,103,0.508
0022400709,2025-02-03,1610612757,Portland Trail Blazers,1,1,0,1.0,53.0,119.6,117.5,116.3,115.5,3.3,1.9,0.75,2.31,20.1,0.308,0.75,0.52,0.126,0.539,0.592,92.2,93.28,77.74,103,0.492
0022400704,2025-02-03,1610612758,Sacramento Kings,1,1,0,1.0,48.0,113.9,120.8,116.3,121.3,-2.3,-0.4,0.511,1.92,16.5,0.408,0.725,0.57,0.125,0.543,0.575,99.9,95.0,79.17,96,0.511
0022400703,2025-02-03,1610612759,San Antonio Spurs,1,0,1,0.0,48.0,95.8,97.3,113.5,114.3,-17.7,-17.0,0.756,1.35,19.9,0.25,0.788,0.519,0.205,0.516,0.546,113.3,112.0,93.33,112,0.414
0022400707,2025-02-03,1610612762,Utah Jazz,1,0,1,0.0,48.0,104.5,107.8,108.9,108.7,-4.4,-1.0,0.795,1.63,19.9,0.411,0.865,0.63,0.184,0.5,0.533,104.5,103.0,85.83,103,0.471
0022400700,2025-02-03,1610612764,Washington Wizards,1,1,0,1.0,48.0,121.4,120.4,110.3,112.9,11.1,7.5,0.659,2.64,19.3,0.322,0.76,0.523,0.107,0.53,0.568,102.7,102.0,85.0,103,0.524
0022400710,2025-02-04,1610612738,Boston Celtics,1,1,0,1.0,48.0,108.8,113.1,103.5,106.1,5.3,7.1,0.65,2.17,17.9,0.339,0.724,0.53,0.121,0.495,0.529,102.2,99.0,82.5,99,0.566
0022400711,2025-02-04,1610612751,Brooklyn Nets,1,1,0,1.0,48.0,105.9,108.8,100.1,107.8,5.8,1.0,0.684,1.86,20.0,0.319,0.566,0.45,0.154,0.524,0.553,95.2,90.5,75.42,91,0.546
0022400714,2025-02-04,1610612741,Chicago Bulls,1,1,0,1.0,48.0,128.3,127.9,118.7,121.6,9.6,6.3,0.729,3.5,23.5,0.222,0.74,0.495,0.096,0.632,0.661,104.1,103.0,85.83,104,0.548
0022400710,2025-02-04,1610612739,Cleveland Cavaliers,1,0,1,0.0,48.0,103.5,106.1,108.8,113.1,-5.3,-7.1,0.5,1.38,13.5,0.276,0.661,0.47,0.131,0.456,0.512,102.2,99.0,82.5,99,0.434
0022400712,2025-02-04,1610612742,Dallas Mavericks,1,0,1,0.0,48.0,121.3,122.1,120.0,125.5,1.3,-3.4,0.6,2.0,17.5,0.391,0.674,0.528,0.126,0.535,0.588,97.0,94.5,78.75,95,0.482
0022400711,2025-02-04,1610612745,Houston Rockets,1,0,1,0.0,48.0,100.1,107.8,105.9,108.8,-5.8,-1.0,0.676,1.28,16.9,0.434,0.681,0.55,0.2,0.476,0.511,95.2,90.5,75.42,90,0.454
0022400716,2025-02-04,1610612754,Indiana Pacers,1,0,1,0.0,48.0,93.4,91.8,109.3,114.3,-15.8,-22.5,0.735,1.32,18.4,0.286,0.529,0.41,0.196,0.451,0.493,98.9,97.5,81.25,97,0.412
0022400715,2025-02-04,1610612746,LA Clippers,1,0,1,0.0,48.0,99.6,101.0,126.9,127.1,-27.3,-26.0,0.882,3.0,21.4,0.255,0.707,0.448,0.104,0.449,0.498,96.7,96.0,80.0,96,0.39
0022400715,2025-02-04,1610612747,Los Angeles Lakers,1,1,0,1.0,48.0,126.9,127.1,99.6,101.0,27.3,26.0,0.733,2.2,23.4,0.293,0.745,0.552,0.156,0.667,0.669,96.7,96.0,80.0,96,0.61
0022400714,2025-02-04,1610612748,Miami Heat,1,0,1,0.0,48.0,118.7,121.6,128.3,127.9,-9.6,-6.3,0.674,2.07,20.1,0.26,0.778,0.505,0.137,0.572,0.611,104.1,103.0,85.83,102,0.452
0022400713,2025-02-04,1610612752,New York Knicks,1,1,0,1.0,48.0,120.9,127.4,121.9,121.1,-1.0,6.3,0.553,2.0,17.9,0.49,0.725,0.596,0.137,0.543,0.581,97.2,95.0,79.17,95,0.524
0022400712,2025-02-04,1610612755,Philadelphia 76ers,1,1,0,1.0,48.0,120.0,125.5,121.3,122.1,-1.3,3.4,0.787,2.85,25.5,0.326,0.609,0.472,0.138,0.61,0.625,97.0,94.5,78.75,94,0.518
0022400716,2025-02-04,1610612757,Portland Trail Blazers,1,1,0,1.0,48.0,109.3,114.3,93.4,91.8,15.8,22.5,0.561,1.21,16.1,0.471,0.714,0.59,0.194,0.522,0.563,98.9,97.5,81.25,98,0.588
0022400713,2025-02-04,1610612761,Toronto Raptors,1,0,1,0.0,48.0,121.9,121.1,120.9,127.4,1.0,-6.3,0.628,1.93,20.3,0.275,0.51,0.404,0.147,0.591,0.636,97.2,95.0,79.17,95,0.476
0022400719,2025-02-05,1610612737,Atlanta Hawks,1,0,1,0.0,48.0,112.7,115.7,117.7,117.8,-5.0,-2.0,0.688,1.65,21.4,0.289,0.75,0.536,0.185,0.615,0.632,109.0,107.5,89.58,108,0.487
0022400720,2025-02-05,1610612751,Brooklyn Nets,1,0,1,0.0,48.0,111.9,109.7,125.1,128.0,-13.1,-18.3,0.722,2.6,19.7,0.265,0.737,0.471,0.108,0.512,0.548,93.1,93.0,77.5,93,0.4
0022400717,2025-02-05,1610612766,Charlotte Hornets,1,0,1,0.0,48.0,106.5,109.7,122.1,121.7,-15.6,-12.1,0.553,2.63,16.7,0.264,0.85,0.516,0.086,0.494,0.527,93.8,92.5,77.08,93,0.422
0022400723,2025-02-05,1610612741,Chicago Bulls,1,0,1,0.0,48.0,110.6,113.7,129.2,133.7,-18.6,-20.0,0.625,2.27,19.2,0.213,0.517,0.381,0.116,0.554,0.583,98.0,95.0,79.17,95,0.429
0022400718,2025-02-05,1610612739,Cleveland Cavaliers,1,1,0,1.0,48.0,108.7,116.8,109.2,115.0,-0.5,1.8,0.683,1.17,19.3,0.348,0.623,0.505,0.238,0.576,0.617,106.9,100.5,83.75,101,0.52
0022400726,2025-02-05,1610612743,Denver Nuggets,1,1,0,1.0,48.0,140.4,139.8,112.9,113.3,27.5,26.5,0.702,4.44,25.5,0.326,0.75,0.558,0.087,0.65,0.675,104.0,104.0,86.67,103,0.6
0022400718,2025-02-05,1610612765,Detroit Pistons,1,0,1,0.0,48.0,109.2,115.0,108.7,116.8,0.5,-1.8,0.564,1.83,15.2,0.377,0.652,0.495,0.12,0.459,0.521,106.9,100.5,83.75,100,0.48
0022400725,2025-02-05,1610612744,Golden State Warriors,1,0,1,0.0,48.0,117.6,120.8,124.9,124.8,-7.3,-4.0,0.717,3.67,21.0,0.333,0.702,0.5,0.085,0.545,0.572,106.9,105.5,87.92,106,0.465
0022400722,2025-02-05,1610612763,Memphis Grizzlies,1,1,0,1.0,48.0,138.4,140.8,104.5,108.1,33.9,32.7,0.468,1.22,15.1,0.553,0.667,0.617,0.184,0.618,0.653,101.0,98.5,82.08,98,0.635
0022400721,2025-02-05,1610612748,Miami Heat,1,1,0,1.0,48.0,107.1,109.1,102.2,103.1,4.9,6.0,0.641,1.14,17.7,0.378,0.77,0.604,0.222,0.554,0.588,99.8,98.5,82.08,99,0.537
0022400717,2025-02-05,1610612749,Milwaukee Bucks,1,1,0,1.0,48.0,122.1,121.7,106.5,109.7,15.6,12.1,0.634,2.36,21.0,0.15,0.736,0.484,0.12,0.617,0.646,93.8,92.5,77.08,92,0.578
0022400723,2025-02-05,1610612750,Minnesota Timberwolves,1,1,0,1.0,48.0,129.2,133.7,110.6,113.7,18.6,20.0,0.643,2.45,18.0,0.483,0.787,0.619,0.116,0.531,0.576,98.0,95.0,79.17,95,0.571
0022400726,2025-02-05,1610612740,New Orleans Pelicans,1,0,1,0.0,48.0,112.9,113.3,140.4,139.8,-27.5,-26.5,0.605,2.36,18.1,0.25,0.674,0.442,0.105,0.516,0.57,104.0,104.0,86.67,105,0.4
0022400724,2025-02-05,1610612760,Oklahoma City Thunder,1,1,0,1.0,48.0,136.1,135.9,105.3,104.8,30.8,31.1,0.462,4.0,16.4,0.358,0.85,0.57,0.058,0.569,0.615,103.2,103.5,86.25,103,0.601
0022400727,2025-02-05,1610612753,Orlando Magic,1,1,0,1.0,48.0,134.6,135.4,114.1,115.6,20.5,19.8,0.6,2.73,21.6,0.333,0.628,0.488,0.115,0.659,0.687,97.0,96.0,80.0,96,0.578
0022400721,2025-02-05,1610612755,Philadelphia 76ers,1,0,1,0.0,48.0,102.2,103.1,107.1,109.1,-4.9,-6.0,0.595,4.4,16.4,0.23,0.622,0.396,0.051,0.448,0.482,99.8,98.5,82.08,98,0.463
0022400724,2025-02-05,1610612756,Phoenix Suns,1,0,1,0.0,48.0,105.3,104.8,136.1,135.9,-30.8,-31.1,0.727,1.09,18.0,0.15,0.642,0.43,0.212,0.571,0.645,103.2,103.5,86.25,104,0.399
0022400727,2025-02-05,1610612758,Sacramento Kings,1,0,1,0.0,48.0,114.1,115.6,134.6,135.4,-20.5,-19.8,0.575,1.21,17.0,0.372,0.667,0.512,0.198,0.563,0.601,97.0,96.0,80.0,96,0.422
0022400719,2025-02-05,1610612759,San Antonio Spurs,1,1,0,1.0,48.0,117.7,117.8,112.7,115.7,5.0,2.0,0.706,3.6,23.1,0.25,0.711,0.464,0.093,0.564,0.583,109.0,107.5,89.58,107,0.513
0022400722,2025-02-05,1610612761,Toronto Raptors,1,0,1,0.0,48.0,104.5,108.1,138.4,140.8,-33.9,-32.7,0.718,2.8,19.0,0.333,0.447,0.383,0.101,0.459,0.503,101.0,98.5,82.08,99,0.365
0022400725,2025-02-05,1610612762,Utah Jazz,1,1,0,1.0,48.0,124.9,124.8,117.6,120.8,7.3,4.0,0.625,2.31,20.1,0.298,0.667,0.5,0.124,0.592,0.631,106.9,105.5,87.92,105,0.535
0022400720,2025-02-05,1610612764,Washington Wizards,1,1,0,1.0,48.0,125.1,128.0,111.9,109.7,13.1,18.3,0.909,2.67,28.0,0.263,0.735,0.529,0.161,0.667,0.683,93.1,93.0,77.5,93,0.6
0022400728,2025-02-06,1610612738,Boston Celtics,1,0,1,0.0,48.0,121.7,125.0,128.4,132.3,-6.7,-7.3,0.652,2.14,21.7,0.318,0.707,0.506,0.146,0.607,0.628,98.8,96.0,80.0,96,0.46
0022400728,2025-02-06,1610612742,Dallas Mavericks,1,1,0,1.0,48.0,128.4,132.3,121.7,125.0,6.7,7.3,0.653,2.91,22.9,0.293,0.682,0.494,0.115,0.642,0.662,98.8,96.0,80.0,96,0.54
0022400730,2025-02-06,1610612743,Denver Nuggets,1,1,0,1.0,48.0,111.7,113.1,91.6,91.8,20.1,21.3,0.75,1.65,22.3,0.356,0.75,0.574,0.202,0.602,0.607,99.2,98.5,82.08,99,0.613
0022400731,2025-02-06,1610612744,Golden State Warriors,1,0,1,0.0,48.0,100.2,107.7,119.0,117.6,-18.8,-10.0,0.707,2.42,18.8,0.333,0.805,0.519,0.115,0.485,0.51,106.3,103.0,85.83,104,0.406
0022400729,2025-02-06,1610612745,Houston Rockets,1,0,1,0.0,48.0,118.4,118.8,127.6,130.9,-9.2,-12.2,0.634,2.17,19.1,0.304,0.549,0.433,0.125,0.56,0.592,97.9,96.5,80.42,96,0.494
0022400733,2025-02-06,1610612754,Indiana Pacers,1,1,0,1.0,48.0,117.2,115.5,107.8,110.9,9.4,4.6,0.721,3.88,20.8,0.278,0.714,0.485,0.078,0.521,0.564,102.7,102.0,85.0,103,0.56
0022400733,2025-02-06,1610612746,LA Clippers,1,0,1,0.0,48.0,107.8,110.9,117.2,115.5,-9.4,-4.6,0.61,1.32,17.9,0.286,0.722,0.515,0.188,0.563,0.584,102.7,102.0,85.0,101,0.44
0022400731,2025-02-06,1610612747,Los Angeles Lakers,1,1,0,1.0,48.0,119.0,117.6,100.2,107.7,18.8,10.0,0.667,1.86,19.1,0.195,0.667,0.481,0.137,0.583,0.639,106.3,103.0,85.83,102,0.594
0022400729,2025-02-06,1610612750,Minnesota Timberwolves,1,1,0,1.0,48.0,127.6,130.9,118.4,118.8,9.2,12.2,0.511,1.77,16.1,0.451,0.696,0.567,0.134,0.564,0.607,97.9,96.5,80.42,97,0.506
0022400730,2025-02-06,1610612753,Orlando Magic,1,0,1,0.0,48.0,91.6,91.8,111.7,113.1,-20.1,-21.3,0.677,1.5,15.8,0.25,0.644,0.426,0.143,0.399,0.463,99.2,98.5,82.08,98,0.387
0022400732,2025-02-06,1610612757,Portland Trail Blazers,1,1,0,1.0,48.0,107.0,111.3,104.4,104.1,2.6,7.3,0.641,1.92,18.1,0.302,0.731,0.514,0.134,0.522,0.551,99.3,97.5,81.25,97,0.521
0022400732,2025-02-06,1610612758,Sacramento Kings,1,0,1,0.0,48.0,104.4,104.1,107.0,111.3,-2.6,-7.3,0.568,1.91,15.8,0.269,0.698,0.486,0.112,0.477,0.522,99.3,97.5,81.25,98,0.479
0022400736,2025-02-07,1610612737,Atlanta Hawks,1,1,0,1.0,48.0,115.1,112.7,106.4,106.8,8.7,5.9,0.644,2.64,20.4,0.22,0.818,0.533,0.108,0.56,0.575,101.7,102.5,85.42,102,0.546
0022400737,2025-02-07,1610612751,Brooklyn Nets,1,1,0,1.0,48.0,105.2,108.5,87.5,91.5,17.7,17.0,0.436,1.21,12.7,0.426,0.724,0.58,0.149,0.473,0.505,97.6,94.0,78.33,94,0.608
0022400734,2025-02-07,1610612766,Charlotte Hornets,1,1,0,1.0,48.0,118.6,121.9,118.9,119.6,-0.3,2.3,0.702,3.0,22.4,0.352,0.722,0.537,0.115,0.55,0.564,98.1,96.5,80.42,96,0.514
0022400735,2025-02-07,1610612739,Cleveland Cavaliers,1,1,0,1.0,48.0,129.4,132.7,119.2,122.8,10.2,9.9,0.667,2.29,21.2,0.383,0.623,0.51,0.139,0.596,0.641,103.8,101.0,84.17,101,0.568
0022400738,2025-02-07,1610612765,Detroit Pistons,1,1,0,1.0,48.0,122.0,125.0,114.5,109.8,7.5,15.2,0.727,2.13,20.5,0.414,0.818,0.588,0.15,0.541,0.576,100.1,101.0,84.17,100,0.519
0022400737,2025-02-07,1610612748,Miami Heat,1,0,1,0.0,48.0,87.5,91.5,105.2,108.5,-17.7,-17.0,0.719,1.64,17.3,0.276,0.574,0.42,0.149,0.422,0.451,97.6,94.0,78.33,94,0.392
0022400736,2025-02-07,1610612749,Milwaukee Bucks,1,0,1,0.0,48.0,106.4,106.8,115.1,112.7,-8.7,-5.9,0.683,2.8,20.0,0.182,0.78,0.467,0.097,0.526,0.548,101.7,102.5,85.42,103,0.454
0022400739,2025-02-07,1610612760,Oklahoma City Thunder,1,1,0,1.0,48.0,122.7,124.7,112.0,114.7,10.7,10.0,0.605,2.17,19.1,0.295,0.691,0.515,0.124,0.565,0.62,98.0,96.0,80.0,97,0.58
0022400738,2025-02-07,1610612755,Philadelphia 76ers,1,0,1,0.0,48.0,114.5,109.8,122.0,125.0,-7.5,-15.2,0.634,2.0,19.1,0.182,0.586,0.412,0.127,0.572,0.61,100.1,101.0,84.17,102,0.481
0022400740,2025-02-07,1610612756,Phoenix Suns,1,1,0,1.0,53.0,123.6,125.0,112.6,117.6,11.0,7.4,0.66,3.88,20.0,0.276,0.563,0.434,0.074,0.558,0.596,100.5,97.81,81.51,108,0.544
0022400734,2025-02-07,1610612759,San Antonio Spurs,1,0,1,0.0,48.0,118.9,119.6,118.6,121.9,0.3,-2.3,0.595,3.13,18.4,0.278,0.648,0.463,0.082,0.522,0.566,98.1,96.5,80.42,97,0.486
0022400739,2025-02-07,1610612761,Toronto Raptors,1,0,1,0.0,48.0,112.0,114.7,122.7,124.7,-10.7,-10.0,0.795,2.58,21.7,0.309,0.705,0.485,0.126,0.533,0.549,98.0,96.0,80.0,95,0.42
0022400740,2025-02-07,1610612762,Utah Jazz,1,0,1,0.0,53.0,112.6,117.6,123.6,125.0,-11.0,-7.4,0.604,2.42,17.4,0.437,0.724,0.566,0.111,0.466,0.505,100.5,97.81,81.51,108,0.456
0022400735,2025-02-07,1610612764,Washington Wizards,1,0,1,0.0,48.0,119.2,122.8,129.4,132.7,-10.2,-9.9,0.543,1.67,17.1,0.377,0.617,0.49,0.149,0.574,0.59,103.8,101.0,84.17,101,0.432
0022400744,2025-02-08,1610612737,Atlanta Hawks,1,1,0,1.0,48.0,115.2,117.9,104.5,103.7,10.7,14.2,0.766,3.0,23.5,0.212,0.679,0.448,0.113,0.577,0.598,107.4,106.5,88.75,106,0.548
0022400748,2025-02-08,1610612738,Boston Celtics,1,1,0,1.0,48.0,137.1,137.9,106.4,109.5,30.7,28.4,0.457,1.91,16.2,0.333,0.776,0.571,0.116,0.653,0.685,96.7,95.0,79.17,95,0.617
0022400745,2025-02-08,1610612741,Chicago Bulls,1,0,1,0.0,48.0,107.1,111.0,130.8,132.0,-23.7,-21.0,0.686,1.41,17.6,0.261,0.596,0.43,0.17,0.551,0.599,102.3,100.0,83.33,100,0.405
0022400741,2025-02-08,1610612742,Dallas Mavericks,1,1,0,1.0,48.0,126.1,124.7,105.3,112.9,20.8,11.8,0.564,3.67,17.1,0.304,0.548,0.444,0.065,0.542,0.592,95.8,93.0,77.5,93,0.605
0022400749,2025-02-08,1610612743,Denver Nuggets,1,1,0,1.0,48.0,129.1,132.6,112.2,114.1,16.9,18.5,0.622,2.8,20.0,0.417,0.677,0.564,0.109,0.576,0.613,94.0,92.0,76.67,92,0.603
0022400745,2025-02-08,1610612744,Golden State Warriors,1,1,0,1.0,48.0,130.8,132.0,107.1,111.0,23.7,21.0,0.756,2.27,22.2,0.404,0.739,0.57,0.15,0.606,0.648,102.3,100.0,83.33,100,0.595
0022400741,2025-02-08,1610612745,Houston Rockets,1,0,1,0.0,48.0,105.3,112.9,126.1,124.7,-20.8,-11.8,0.525,2.33,14.8,0.452,0.696,0.556,0.097,0.44,0.479,95.8,93.0,77.5,93,0.395
0022400742,2025-02-08,1610612754,Indiana Pacers,1,0,1,0.0,48.0,115.7,115.8,119.1,122.8,-3.3,-6.9,0.73,2.45,19.1,0.255,0.698,0.457,0.109,0.494,0.579,102.6,101.0,84.17,101,0.466
0022400751,2025-02-08,1610612746,LA Clippers,1,1,0,1.0,48.0,124.7,128.7,111.2,108.9,13.5,19.8,0.706,2.4,24.3,0.275,0.739,0.523,0.149,0.642,0.668,101.6,101.0,84.17,101,0.597
0022400742,2025-02-08,1610612747,Los Angeles Lakers,1,1,0,1.0,48.0,119.1,122.8,115.7,115.8,3.3,6.9,0.63,1.93,20.3,0.302,0.745,0.543,0.149,0.585,0.632,102.6,101.0,84.17,101,0.534
0022400746,2025-02-08,1610612763,Memphis Grizzlies,1,0,1,0.0,48.0,110.7,113.1,122.3,125.0,-11.5,-11.9,0.583,1.62,15.9,0.245,0.581,0.432,0.131,0.519,0.57,101.7,99.5,82.92,99,0.458
0022400747,2025-02-08,1610612750,Minnesota Timberwolves,1,1,0,1.0,48.0,113.6,111.8,95.4,97.0,18.2,14.7,0.535,1.64,17.2,0.214,0.649,0.465,0.137,0.585,0.604,101.5,101.5,84.58,102,0.612
0022400750,2025-02-08,1610612740,New Orleans Pelicans,1,0,1,0.0,48.0,105.4,106.3,109.3,110.8,-4.0,-4.5,0.628,1.69,18.6,0.143,0.717,0.441,0.144,0.556,0.584,112.3,111.0,92.5,111,0.483
0022400748,2025-02-08,1610612752,New York Knicks,1,0,1,0.0,48.0,106.4,109.5,137.1,137.9,-30.7,-28.4,0.457,1.78,13.1,0.224,0.667,0.429,0.095,0.476,0.543,96.7,95.0,79.17,95,0.383
0022400746,2025-02-08,1610612760,Oklahoma City Thunder,1,1,0,1.0,48.0,122.3,125.0,110.7,113.1,11.5,11.9,0.644,3.22,18.7,0.419,0.755,0.568,0.09,0.514,0.547,101.7,99.5,82.92,100,0.542
0022400743,2025-02-08,1610612753,Orlando Magic,1,1,0,1.0,48.0,113.4,115.5,115.9,114.4,-2.5,1.0,0.422,1.27,14.4,0.362,0.865,0.583,0.155,0.568,0.579,97.3,97.0,80.83,97,0.454
0022400749,2025-02-08,1610612756,Phoenix Suns,1,0,1,0.0,48.0,112.2,114.1,129.1,132.6,-16.9,-18.5,0.658,4.17,18.2,0.323,0.583,0.436,0.065,0.474,0.502,94.0,92.0,76.67,92,0.397
0022400747,2025-02-08,1610612757,Portland Trail Blazers,1,0,1,0.0,48.0,95.4,97.0,113.6,111.8,-18.2,-14.7,0.486,1.06,12.9,0.351,0.786,0.535,0.168,0.44,0.482,101.5,101.5,84.58,101,0.388
0022400750,2025-02-08,1610612758,Sacramento Kings,1,1,0,1.0,48.0,109.3,110.8,105.4,106.3,4.0,4.5,0.558,1.33,16.0,0.283,0.857,0.559,0.162,0.533,0.583,112.3,111.0,92.5,111,0.517
0022400743,2025-02-08,1610612759,San Antonio Spurs,1,0,1,0.0,48.0,115.9,114.4,113.4,115.5,2.5,-1.0,0.659,1.93,20.9,0.135,0.638,0.417,0.144,0.617,0.647,97.3,97.0,80.83,97,0.546
0022400751,2025-02-08,1610612762,Utah Jazz,1,0,1,0.0,48.0,111.2,108.9,124.7,128.7,-13.5,-19.8,0.667,1.3,18.7,0.261,0.725,0.477,0.198,0.572,0.605,101.6,101.0,84.17,101,0.403
0022400744,2025-02-08,1610612764,Washington Wizards,1,0,1,0.0,48.0,104.5,103.7,115.2,117.9,-10.7,-14.2,0.634,1.44,17.3,0.321,0.788,0.552,0.168,0.489,0.543,107.4,106.5,88.75,107,0.452
0022400752,2025-02-09,1610612766,Charlotte Hornets,1,0,1,0.0,48.0,109.5,109.7,119.1,121.7,-9.6,-12.1,0.735,1.79,19.2,0.261,0.653,0.463,0.151,0.532,0.579,93.6,92.5,77.08,93,0.439
0022400752,2025-02-09,1610612765,Detroit Pistons,1,1,0,1.0,48.0,119.1,121.7,109.5,109.7,9.6,12.1,0.705,2.82,22.1,0.347,0.739,0.537,0.12,0.55,0.577,93.6,92.5,77.08,92,0.561
0022400753,2025-02-09,1610612745,Houston Rockets,1,1,0,1.0,48.0,91.0,95.9,86.6,88.8,4.4,7.1,0.548,1.13,13.1,0.276,0.817,0.551,0.153,0.419,0.478,101.9,98.0,81.67,98,0.541
0022400754,2025-02-09,1610612749,Milwaukee Bucks,1,1,0,1.0,48.0,126.4,129.8,122.9,125.7,3.5,4.1,0.63,2.42,18.6,0.39,0.795,0.563,0.115,0.552,0.593,105.1,102.5,85.42,104,0.505
0022400754,2025-02-09,1610612755,Philadelphia 76ers,1,0,1,0.0,48.0,122.9,125.7,126.4,129.8,-3.5,-4.1,0.596,2.0,20.3,0.205,0.61,0.437,0.139,0.629,0.652,105.1,102.5,85.42,101,0.495
0022400753,2025-02-09,1610612761,Toronto Raptors,1,0,1,0.0,48.0,86.6,88.8,91.0,95.9,-4.4,-7.1,0.576,1.9,15.0,0.183,0.724,0.449,0.102,0.411,0.446,101.9,98.0,81.67,98,0.459
0022400756,2025-02-10,1610612737,Atlanta Hawks,1,1,0,1.0,48.0,111.6,110.9,106.5,107.1,5.2,3.8,0.763,1.71,21.0,0.2,0.795,0.512,0.168,0.571,0.627,99.9,100.0,83.33,101,0.552
0022400759,2025-02-10,1610612738,Boston Celtics,1,1,0,1.0,48.0,110.1,112.0,94.7,92.4,15.4,19.6,0.615,3.0,19.7,0.13,0.803,0.514,0.087,0.559,0.582,91.6,92.0,76.67,92,0.604
0022400758,2025-02-10,1610612751,Brooklyn Nets,1,1,0,1.0,48.0,99.8,103.2,91.5,95.7,8.4,7.5,0.649,1.41,16.8,0.456,0.646,0.543,0.181,0.452,0.489,97.2,93.5,77.92,94,0.516
0022400758,2025-02-10,1610612766,Charlotte Hornets,1,0,1,0.0,48.0,91.5,95.7,99.8,103.2,-8.4,-7.5,0.563,1.0,14.1,0.354,0.544,0.457,0.194,0.449,0.493,97.2,93.5,77.92,93,0.484
0022400755,2025-02-10,1610612739,Cleveland Cavaliers,1,1,0,1.0,48.0,121.0,126.7,102.7,105.9,18.3,20.8,0.563,1.59,18.6,0.354,0.649,0.514,0.168,0.601,0.623,105.0,101.0,84.17,101,0.612
0022400762,2025-02-10,1610612742,Dallas Mavericks,1,0,1,0.0,53.0,112.7,115.3,114.8,117.3,-2.1,-2.0,0.633,2.38,20.5,0.18,0.63,0.396,0.117,0.595,0.606,102.3,100.08,83.4,111,0.503
0022400763,2025-02-10,1610612743,Denver Nuggets,1,1,0,1.0,48.0,140.7,146.0,111.0,114.7,29.7,31.3,0.733,4.4,28.9,0.25,0.706,0.53,0.1,0.703,0.731,104.6,101.0,84.17,100,0.662
0022400760,2025-02-10,1610612744,Golden State Warriors,1,1,0,1.0,48.0,120.5,120.2,104.8,105.7,15.8,14.5,0.659,3.0,18.4,0.302,0.791,0.521,0.087,0.511,0.57,104.8,104.5,87.08,104,0.599
0022400768,2025-02-10,1610612747,Los Angeles Lakers,1,1,0,1.0,48.0,128.3,124.5,108.8,105.6,19.5,18.9,0.56,2.15,19.4,0.233,0.75,0.505,0.123,0.625,0.661,103.4,106.5,88.75,106,0.576
0022400759,2025-02-10,1610612748,Miami Heat,1,0,1,0.0,48.0,94.7,92.4,110.1,112.0,-15.4,-19.6,0.677,5.25,16.8,0.197,0.87,0.486,0.043,0.397,0.435,91.6,92.0,76.67,92,0.396
0022400760,2025-02-10,1610612749,Milwaukee Bucks,1,0,1,0.0,48.0,104.8,105.7,120.5,120.2,-15.8,-14.5,0.474,0.9,13.6,0.209,0.698,0.479,0.19,0.566,0.61,104.8,104.5,87.08,105,0.401
0022400755,2025-02-10,1610612750,Minnesota Timberwolves,1,0,1,0.0,48.0,102.7,105.9,121.0,126.7,-18.3,-20.8,0.472,1.06,12.3,0.351,0.646,0.486,0.158,0.467,0.518,105.0,101.0,84.17,101,0.388
0022400761,2025-02-10,1610612740,New Orleans Pelicans,1,0,1,0.0,48.0,95.9,100.0,133.0,133.0,-37.1,-33.0,0.528,0.83,14.0,0.314,0.708,0.505,0.228,0.5,0.535,104.2,102.0,85.0,101,0.327
0022400761,2025-02-10,1610612760,Oklahoma City Thunder,1,1,0,1.0,48.0,133.0,133.0,95.9,100.0,37.1,33.0,0.592,2.64,19.9,0.292,0.686,0.495,0.107,0.658,0.671,104.2,102.0,85.0,103,0.673
0022400756,2025-02-10,1610612753,Orlando Magic,1,0,1,0.0,48.0,106.5,107.1,111.6,110.9,-5.2,-3.8,0.595,1.22,16.9,0.205,0.8,0.488,0.182,0.551,0.598,99.9,100.0,83.33,99,0.448
0022400763,2025-02-10,1610612757,Portland Trail Blazers,1,0,1,0.0,48.0,111.0,114.7,140.7,146.0,-29.7,-31.3,0.625,1.56,17.7,0.294,0.75,0.47,0.157,0.54,0.588,104.6,101.0,84.17,102,0.338
0022400762,2025-02-10,1610612758,Sacramento Kings,1,1,0,1.0,53.0,114.8,117.3,112.7,115.3,2.1,2.0,0.528,1.33,18.1,0.37,0.82,0.604,0.191,0.599,0.618,102.3,100.08,83.4,110,0.497
0022400757,2025-02-10,1610612759,San Antonio Spurs,1,1,0,1.0,48.0,128.7,129.7,114.8,117.5,13.9,12.2,0.622,2.33,19.9,0.273,0.673,0.484,0.119,0.608,0.65,103.6,102.0,85.0,101,0.561
0022400768,2025-02-10,1610612762,Utah Jazz,1,0,1,0.0,48.0,108.8,105.6,128.3,124.5,-19.5,-18.9,0.744,1.53,19.6,0.25,0.767,0.495,0.178,0.536,0.589,103.4,106.5,88.75,107,0.424
0022400757,2025-02-10,1610612764,Washington Wizards,1,0,1,0.0,48.0,114.8,117.5,128.7,129.7,-13.9,-12.2,0.578,1.86,17.9,0.327,0.727,0.516,0.136,0.559,0.597,103.6,102.0,85.0,103,0.439
0022400766,2025-02-11,1610612741,Chicago Bulls,1,0,1,0.0,48.0,83.4,87.6,121.4,128.2,-38.0,-40.5,0.629,1.38,14.8,0.329,0.711,0.478,0.152,0.4,0.425,109.5,104.0,86.67,105,0.3
0022400766,2025-02-11,1610612765,Detroit Pistons,1,1,0,1.0,48.0,121.4,128.2,83.4,87.6,38.0,40.5,0.588,2.0,20.5,0.289,0.671,0.522,0.146,0.625,0.649,109.5,104.0,86.67,103,0.7
0022400765,2025-02-11,1610612754,Indiana Pacers,1,0,1,0.0,48.0,113.4,112.7,122.9,128.0,-9.6,-15.3,0.744,3.2,21.9,0.245,0.636,0.43,0.098,0.534,0.572,102.8,101.0,84.17,102,0.455
0022400767,2025-02-11,1610612763,Memphis Grizzlies,1,1,0,1.0,48.0,113.5,112.3,105.0,106.7,8.5,5.6,0.512,1.69,14.8,0.355,0.827,0.57,0.123,0.49,0.532,105.8,105.5,87.92,106,0.473
0022400765,2025-02-11,1610612752,New York Knicks,1,1,0,1.0,48.0,122.9,128.0,113.4,112.7,9.6,15.3,0.755,2.31,24.2,0.364,0.755,0.57,0.16,0.593,0.633,102.8,101.0,84.17,100,0.545
0022400764,2025-02-11,1610612755,Philadelphia 76ers,1,0,1,0.0,48.0,101.4,102.0,104.8,105.0,-3.4,-3.0,0.595,1.57,15.8,0.286,0.733,0.485,0.139,0.456,0.507,101.3,101.0,84.17,101,0.47
0022400767,2025-02-11,1610612756,Phoenix Suns,1,0,1,0.0,48.0,105.0,106.7,113.5,112.3,-8.5,-5.6,0.854,2.92,23.6,0.173,0.645,0.43,0.114,0.511,0.551,105.8,105.5,87.92,105,0.527
0022400764,2025-02-11,1610612761,Toronto Raptors,1,1,0,1.0,48.0,104.8,105.0,101.4,102.0,3.4,3.0,0.605,1.21,16.9,0.267,0.714,0.515,0.188,0.53,0.575,101.3,101.0,84.17,101,0.53
0022400773,2025-02-12,1610612737,Atlanta Hawks,1,0,1,0.0,53.0,122.9,126.5,123.9,127.4,-1.0,-0.9,0.782,3.07,23.1,0.433,0.721,0.553,0.12,0.564,0.59,109.0,105.96,88.3,117,0.507
0022400769,2025-02-12,1610612738,Boston Celtics,1,1,0,1.0,48.0,113.5,116.0,102.7,104.0,10.7,12.0,0.595,1.47,17.1,0.404,0.8,0.607,0.17,0.56,0.579,101.3,99.5,82.92,100,0.533
0022400772,2025-02-12,1610612751,Brooklyn Nets,1,1,0,1.0,48.0,106.8,106.4,99.3,102.1,7.5,4.3,0.575,1.28,17.0,0.383,0.723,0.553,0.191,0.518,0.546,95.1,94.0,78.33,94,0.523
0022400770,2025-02-12,1610612766,Charlotte Hornets,1,0,1,0.0,48.0,91.9,92.5,105.9,109.7,-14.0,-17.2,0.656,1.75,17.1,0.184,0.684,0.453,0.129,0.444,0.491,95.0,93.0,77.5,93,0.439
0022400775,2025-02-12,1610612741,Chicago Bulls,1,0,1,0.0,48.0,102.6,104.8,118.1,121.9,-15.5,-17.1,0.622,1.28,16.3,0.28,0.644,0.453,0.171,0.483,0.554,107.8,105.0,87.5,105,0.4
0022400774,2025-02-12,1610612739,Cleveland Cavaliers,1,1,0,1.0,48.0,121.5,126.0,101.7,103.8,19.9,22.1,0.708,2.62,21.8,0.346,0.755,0.552,0.125,0.576,0.608,107.0,104.0,86.67,104,0.598
0022400782,2025-02-12,1610612742,Dallas Mavericks,1,1,0,1.0,48.0,111.4,112.1,105.0,109.2,6.5,2.9,0.476,1.33,15.3,0.261,0.614,0.456,0.152,0.569,0.593,100.8,98.5,82.08,99,0.5
0022400780,2025-02-12,1610612743,Denver Nuggets,1,1,0,1.0,48.0,121.6,124.5,115.5,116.3,6.1,8.2,0.531,1.86,17.4,0.34,0.722,0.538,0.132,0.589,0.619,106.7,105.0,87.5,106,0.546
0022400775,2025-02-12,1610612765,Detroit Pistons,1,1,0,1.0,48.0,118.1,121.9,102.6,104.8,15.5,17.1,0.667,1.76,20.0,0.356,0.72,0.547,0.162,0.568,0.619,107.8,105.0,87.5,105,0.6
0022400782,2025-02-12,1610612744,Golden State Warriors,1,0,1,0.0,48.0,105.0,109.2,111.4,112.1,-6.5,-2.9,0.707,1.81,19.5,0.386,0.739,0.544,0.163,0.479,0.515,100.8,98.5,82.08,98,0.5
0022400779,2025-02-12,1610612745,Houston Rockets,1,1,0,1.0,48.0,117.2,117.8,110.1,112.1,7.1,5.7,0.696,2.91,21.1,0.368,0.705,0.515,0.109,0.541,0.553,101.2,100.0,83.33,101,0.531
0022400771,2025-02-12,1610612754,Indiana Pacers,1,1,0,1.0,53.0,116.7,121.8,113.0,117.1,3.7,4.7,0.76,4.22,23.2,0.276,0.725,0.486,0.082,0.542,0.579,104.1,100.08,83.4,110,0.529
0022400783,2025-02-12,1610612746,LA Clippers,1,1,0,1.0,48.0,120.0,120.8,105.0,108.6,15.0,12.2,0.617,1.71,19.3,0.319,0.735,0.531,0.16,0.575,0.623,107.6,105.5,87.92,106,0.613
0022400781,2025-02-12,1610612747,Los Angeles Lakers,1,0,1,0.0,48.0,113.1,113.3,129.0,126.0,-15.9,-12.6,0.756,2.21,20.5,0.298,0.75,0.495,0.133,0.554,0.566,103.4,104.5,87.08,105,0.414
0022400783,2025-02-12,1610612763,Memphis Grizzlies,1,0,1,0.0,48.0,105.0,108.6,120.0,120.8,-15.0,-12.2,0.545,1.09,16.9,0.265,0.681,0.469,0.21,0.596,0.596,107.6,105.5,87.92,105,0.387
0022400778,2025-02-12,1610612748,Miami Heat,1,0,1,0.0,48.0,105.2,105.2,116.4,118.6,-11.2,-13.3,0.667,1.5,18.3,0.25,0.735,0.505,0.167,0.525,0.561,97.4,96.5,80.42,96,0.475
0022400776,2025-02-12,1610612749,Milwaukee Bucks,1,1,0,1.0,48.0,100.9,98.1,93.0,96.2,7.9,1.9,0.615,1.85,17.8,0.118,0.712,0.453,0.124,0.511,0.542,105.3,105.0,87.5,105,0.516
0022400776,2025-02-12,1610612750,Minnesota Timberwolves,1,0,1,0.0,48.0,93.0,96.2,100.9,98.1,-7.9,-1.9,0.692,1.93,17.9,0.288,0.882,0.547,0.133,0.427,0.461,105.3,105.0,87.5,105,0.484
0022400777,2025-02-12,1610612740,New Orleans Pelicans,1,0,1,0.0,48.0,112.2,114.4,120.5,121.4,-8.3,-7.0,0.636,3.11,20.1,0.269,0.66,0.461,0.093,0.511,0.545,98.8,97.5,81.25,97,0.458
0022400773,2025-02-12,1610612752,New York Knicks,1,1,0,1.0,53.0,123.9,127.4,122.9,126.5,1.0,0.9,0.519,1.56,17.8,0.279,0.567,0.447,0.154,0.633,0.676,109.0,105.96,88.3,117,0.493
0022400778,2025-02-12,1610612760,Oklahoma City Thunder,1,1,0,1.0,48.0,116.4,118.6,105.2,105.2,11.2,13.3,0.512,1.69,16.7,0.265,0.75,0.495,0.134,0.574,0.594,97.4,96.5,80.42,97,0.525
0022400770,2025-02-12,1610612753,Orlando Magic,1,1,0,1.0,48.0,105.9,109.7,91.9,92.5,14.0,17.2,0.595,2.0,16.5,0.316,0.816,0.547,0.118,0.489,0.519,95.0,93.0,77.5,93,0.561
0022400772,2025-02-12,1610612755,Philadelphia 76ers,1,0,1,0.0,48.0,99.3,102.1,106.8,106.4,-7.5,-4.3,0.714,1.67,18.9,0.277,0.617,0.447,0.16,0.481,0.529,95.1,94.0,78.33,94,0.477
0022400779,2025-02-12,1610612756,Phoenix Suns,1,0,1,0.0,48.0,110.1,112.1,117.2,117.8,-7.1,-5.7,0.543,1.39,18.2,0.295,0.632,0.485,0.182,0.573,0.591,101.2,100.0,83.33,99,0.469
0022400780,2025-02-12,1610612757,Portland Trail Blazers,1,0,1,0.0,48.0,115.5,116.3,121.6,124.5,-6.1,-8.2,0.628,2.25,18.5,0.278,0.66,0.462,0.115,0.532,0.567,106.7,105.0,87.5,104,0.454
0022400777,2025-02-12,1610612758,Sacramento Kings,1,1,0,1.0,48.0,120.5,121.4,112.2,114.4,8.3,7.0,0.683,2.55,19.7,0.34,0.731,0.539,0.112,0.563,0.596,98.8,97.5,81.25,98,0.542
0022400769,2025-02-12,1610612759,San Antonio Spurs,1,0,1,0.0,48.0,102.7,104.0,113.5,116.0,-10.7,-12.0,0.714,3.75,21.4,0.2,0.596,0.393,0.081,0.484,0.508,101.3,99.5,82.92,99,0.467
0022400774,2025-02-12,1610612761,Toronto Raptors,1,0,1,0.0,48.0,101.7,103.8,121.5,126.0,-19.9,-22.1,0.619,1.73,18.2,0.245,0.654,0.448,0.144,0.516,0.539,107.0,104.0,86.67,104,0.402
0022400781,2025-02-12,1610612762,Utah Jazz,1,1,0,1.0,48.0,129.0,126.0,113.1,113.3,15.9,12.6,0.667,2.5,20.7,0.25,0.702,0.505,0.115,0.61,0.652,103.4,104.5,87.08,104,0.586
0022400771,2025-02-12,1610612764,Washington Wizards,1,0,1,0.0,53.0,113.0,117.1,116.7,121.8,-3.7,-4.7,0.617,1.61,19.0,0.275,0.724,0.514,0.162,0.603,0.625,104.1,100.08,83.4,111,0.471
0022400786,2025-02-13,1610612742,Dallas Mavericks,1,1,0,1.0,48.0,118.0,120.4,113.6,117.7,4.3,2.7,0.609,2.0,19.6,0.378,0.647,0.521,0.143,0.583,0.608,99.7,97.0,80.83,98,0.533
0022400784,2025-02-13,1610612744,Golden State Warriors,1,1,0,1.0,48.0,102.1,104.0,92.5,98.0,9.5,6.0,0.743,2.36,18.6,0.255,0.621,0.442,0.109,0.455,0.52,104.4,100.5,83.75,101,0.574
0022400784,2025-02-13,1610612745,Houston Rockets,1,0,1,0.0,48.0,92.5,98.0,102.1,104.0,-9.5,-6.0,0.632,1.2,16.6,0.379,0.745,0.558,0.2,0.473,0.486,104.4,100.5,83.75,100,0.426
0022401004,2025-02-13,1610612746,LA Clippers,1,1,0,1.0,53.0,110.3,111.1,109.0,107.4,1.3,3.7,0.564,1.83,15.1,0.293,0.732,0.475,0.111,0.489,0.546,97.5,97.81,81.51,108,0.515
0022400786,2025-02-13,1610612748,Miami Heat,1,0,1,0.0,48.0,113.6,117.7,118.0,120.4,-4.3,-2.7,0.535,1.77,16.8,0.353,0.622,0.479,0.135,0.527,0.552,99.7,97.0,80.83,96,0.467
0022400787,2025-02-13,1610612750,Minnesota Timberwolves,1,1,0,1.0,48.0,117.6,118.4,104.6,104.1,13.0,14.2,0.667,2.8,19.0,0.373,0.75,0.55,0.102,0.485,0.534,97.6,97.5,81.25,98,0.533
0022400785,2025-02-13,1610612740,New Orleans Pelicans,1,1,0,1.0,53.0,127.3,125.0,115.4,117.7,11.9,7.3,0.696,3.2,21.2,0.163,0.6,0.412,0.089,0.614,0.654,102.0,101.89,84.91,112,0.538
0022400787,2025-02-13,1610612760,Oklahoma City Thunder,1,0,1,0.0,48.0,104.6,104.1,117.6,118.4,-13.0,-14.2,0.676,2.5,18.5,0.25,0.627,0.45,0.103,0.46,0.512,97.6,97.5,81.25,97,0.467
0022400785,2025-02-13,1610612758,Sacramento Kings,1,0,1,0.0,53.0,115.4,117.7,127.3,125.0,-11.9,-7.3,0.776,2.53,21.6,0.4,0.837,0.588,0.133,0.513,0.548,102.0,101.89,84.91,113,0.462
0022401004,2025-02-13,1610612762,Utah Jazz,1,0,1,0.0,53.0,109.0,107.4,110.3,111.1,-1.3,-3.7,0.605,0.88,16.2,0.268,0.707,0.525,0.241,0.603,0.648,97.5,97.81,81.51,108,0.485
0022400524,2025-02-19,1610612766,Charlotte Hornets,1,1,0,1.0,48.0,92.2,98.0,95.8,96.0,-3.6,2.0,0.606,1.05,14.4,0.293,0.745,0.513,0.186,0.462,0.508,104.9,101.5,84.58,102,0.487
0022400524,2025-02-19,1610612747,Los Angeles Lakers,1,0,1,0.0,48.0,95.8,96.0,92.2,98.0,3.6,-2.0,0.784,1.61,20.1,0.255,0.707,0.487,0.178,0.494,0.509,104.9,101.5,84.58,101,0.513
0022400790,2025-02-20,1610612737,Atlanta Hawks,1,0,1,0.0,48.0,102.5,109.1,115.5,115.2,-12.9,-6.1,0.513,2.22,14.3,0.338,0.735,0.509,0.091,0.445,0.481,102.0,99.0,82.5,99,0.432
0022400789,2025-02-20,1610612738,Boston Celtics,1,1,0,1.0,48.0,129.7,129.2,103.5,108.3,26.2,20.8,0.767,3.0,23.2,0.277,0.741,0.525,0.115,0.618,0.649,98.0,96.0,80.0,96,0.59
0022400791,2025-02-20,1610612751,Brooklyn Nets,1,0,1,0.0,48.0,92.1,96.0,103.9,108.9,-11.8,-12.9,0.658,1.56,17.1,0.333,0.554,0.44,0.158,0.453,0.469,105.6,101.0,84.17,101,0.447
0022400794,2025-02-20,1610612766,Charlotte Hornets,1,0,1,0.0,48.0,112.2,113.9,125.2,126.5,-13.0,-12.6,0.651,2.8,19.3,0.276,0.627,0.44,0.099,0.51,0.54,102.8,101.5,84.58,101,0.443
0022400792,2025-02-20,1610612741,Chicago Bulls,1,0,1,0.0,53.0,98.9,100.9,98.8,102.7,0.1,-1.8,0.585,1.6,16.1,0.258,0.742,0.5,0.136,0.49,0.513,102.6,99.62,83.02,110,0.467
0022400791,2025-02-20,1610612739,Cleveland Cavaliers,1,1,0,1.0,48.0,103.9,108.9,92.1,96.0,11.8,12.9,0.475,1.12,13.2,0.446,0.667,0.56,0.168,0.484,0.519,105.6,101.0,84.17,101,0.553
0022400794,2025-02-20,1610612743,Denver Nuggets,1,1,0,1.0,48.0,125.2,126.5,112.2,113.9,13.0,12.6,0.592,2.07,19.3,0.373,0.724,0.56,0.137,0.597,0.614,102.8,101.5,84.58,102,0.557
0022400788,2025-02-20,1610612754,Indiana Pacers,1,1,0,1.0,48.0,123.7,123.3,103.0,110.8,20.7,12.5,0.63,2.64,20.3,0.234,0.661,0.472,0.107,0.599,0.631,106.2,102.5,85.42,103,0.57
0022400793,2025-02-20,1610612746,LA Clippers,1,0,1,0.0,48.0,110.7,111.1,113.9,118.4,-3.2,-7.3,0.683,2.0,19.9,0.286,0.756,0.511,0.141,0.534,0.571,100.6,98.5,82.08,99,0.504
0022400796,2025-02-20,1610612747,Los Angeles Lakers,1,1,0,1.0,48.0,103.8,105.8,96.0,99.0,7.8,6.7,0.513,0.83,14.4,0.341,0.808,0.594,0.231,0.53,0.591,106.1,103.5,86.25,104,0.539
0022400788,2025-02-20,1610612763,Memphis Grizzlies,1,0,1,0.0,48.0,103.0,110.8,123.7,123.3,-20.7,-12.5,0.683,2.15,18.7,0.339,0.766,0.528,0.127,0.475,0.52,106.2,102.5,85.42,102,0.43
0022400793,2025-02-20,1610612749,Milwaukee Bucks,1,1,0,1.0,48.0,113.9,118.4,110.7,111.1,3.2,7.3,0.579,1.22,16.8,0.244,0.714,0.489,0.184,0.581,0.631,100.6,98.5,82.08,98,0.496
0022400792,2025-02-20,1610612752,New York Knicks,1,1,0,1.0,53.0,98.8,102.7,98.9,100.9,-0.1,1.8,0.609,2.15,18.4,0.258,0.742,0.5,0.118,0.495,0.507,102.6,99.62,83.02,110,0.533
0022400790,2025-02-20,1610612753,Orlando Magic,1,1,0,1.0,48.0,115.5,115.2,102.5,109.1,12.9,6.1,0.366,1.88,11.8,0.265,0.662,0.491,0.081,0.518,0.56,102.0,99.0,82.5,99,0.568
0022400789,2025-02-20,1610612755,Philadelphia 76ers,1,0,1,0.0,48.0,103.5,108.3,129.7,129.2,-26.2,-20.8,0.575,2.3,17.3,0.259,0.723,0.475,0.104,0.473,0.518,98.0,96.0,80.0,96,0.41
0022400795,2025-02-20,1610612756,Phoenix Suns,1,0,1,0.0,48.0,106.0,106.9,111.4,116.5,-5.4,-9.6,0.737,1.56,20.6,0.136,0.725,0.453,0.176,0.568,0.607,105.2,102.5,85.42,102,0.445
0022400796,2025-02-20,1610612757,Portland Trail Blazers,1,0,1,0.0,48.0,96.0,99.0,103.8,105.8,-7.8,-6.7,0.711,1.59,19.4,0.192,0.659,0.406,0.165,0.512,0.535,106.1,103.5,86.25,103,0.461
0022400795,2025-02-20,1610612759,San Antonio Spurs,1,1,0,1.0,48.0,111.4,116.5,106.0,106.9,5.4,9.6,0.682,2.73,20.4,0.275,0.864,0.547,0.107,0.554,0.584,105.2,102.5,85.42,103,0.555
0022400797,2025-02-21,1610612739,Cleveland Cavaliers,1,1,0,1.0,48.0,138.4,137.9,100.1,101.9,38.3,35.9,0.679,2.53,24.8,0.316,0.745,0.562,0.146,0.712,0.72,103.8,103.0,85.83,103,0.662
0022400803,2025-02-21,1610612742,Dallas Mavericks,1,1,0,1.0,48.0,106.9,107.8,100.0,99.0,6.9,8.7,0.757,2.0,19.7,0.208,0.714,0.468,0.136,0.523,0.567,103.4,103.5,86.25,103,0.544
0022400802,2025-02-21,1610612765,Detroit Pistons,1,1,0,1.0,48.0,125.4,123.8,107.1,110.0,18.3,13.8,0.66,1.94,20.1,0.468,0.804,0.634,0.158,0.564,0.603,101.2,100.5,83.75,101,0.575
0022400805,2025-02-21,1610612744,Golden State Warriors,1,1,0,1.0,48.0,133.0,136.1,108.1,112.5,24.9,23.6,0.8,3.33,26.3,0.349,0.625,0.482,0.124,0.645,0.672,99.6,96.5,80.42,97,0.594
0022400801,2025-02-21,1610612745,Houston Rockets,1,1,0,1.0,48.0,110.9,117.5,109.1,110.6,1.9,6.9,0.429,0.9,13.2,0.326,0.792,0.576,0.194,0.577,0.617,107.3,103.5,86.25,103,0.5
0022400798,2025-02-21,1610612763,Memphis Grizzlies,1,1,0,1.0,48.0,100.2,102.9,100.5,103.0,-0.2,0.0,0.579,1.47,15.8,0.316,0.684,0.5,0.147,0.451,0.501,104.1,101.5,84.58,102,0.488
0022400800,2025-02-21,1610612748,Miami Heat,1,1,0,1.0,53.0,115.5,117.6,109.8,108.8,5.7,8.8,0.435,1.43,15.0,0.244,0.691,0.49,0.137,0.583,0.613,92.8,92.38,76.98,102,0.534
0022400799,2025-02-21,1610612749,Milwaukee Bucks,1,1,0,1.0,48.0,101.5,103.0,96.3,99.0,5.2,4.0,0.615,1.41,17.8,0.204,0.741,0.485,0.168,0.53,0.557,103.7,101.5,84.58,101,0.527
0022400801,2025-02-21,1610612750,Minnesota Timberwolves,1,0,1,0.0,48.0,109.1,110.6,110.9,117.5,-1.9,-6.9,0.537,2.44,16.2,0.208,0.674,0.424,0.087,0.505,0.556,107.3,103.5,86.25,104,0.5
0022400803,2025-02-21,1610612740,New Orleans Pelicans,1,0,1,0.0,48.0,100.0,99.0,106.9,107.8,-6.9,-8.7,0.658,1.79,17.2,0.286,0.792,0.532,0.135,0.457,0.5,103.4,103.5,86.25,104,0.456
0022400797,2025-02-21,1610612752,New York Knicks,1,0,1,0.0,48.0,100.1,101.9,138.4,137.9,-38.3,-35.9,0.595,1.47,18.0,0.255,0.684,0.438,0.165,0.528,0.542,103.8,103.0,85.83,103,0.338
0022400804,2025-02-21,1610612760,Oklahoma City Thunder,1,1,0,1.0,48.0,129.0,130.0,102.0,104.9,27.0,25.1,0.826,3.17,24.2,0.373,0.63,0.505,0.12,0.572,0.614,102.9,101.0,84.17,100,0.625
0022400798,2025-02-21,1610612753,Orlando Magic,1,0,1,0.0,48.0,100.5,103.0,100.2,102.9,0.2,0.0,0.639,1.64,16.3,0.316,0.684,0.5,0.139,0.46,0.507,104.1,101.5,84.58,101,0.512
0022400805,2025-02-21,1610612758,Sacramento Kings,1,0,1,0.0,48.0,108.1,112.5,133.0,136.1,-24.9,-23.6,0.65,1.08,19.0,0.375,0.651,0.518,0.25,0.576,0.621,99.6,96.5,80.42,96,0.406
0022400802,2025-02-21,1610612759,San Antonio Spurs,1,0,1,0.0,48.0,107.1,110.0,125.4,123.8,-18.3,-13.8,0.628,1.59,19.9,0.196,0.532,0.366,0.17,0.571,0.587,101.2,100.5,83.75,100,0.425
0022400800,2025-02-21,1610612761,Toronto Raptors,1,0,1,0.0,53.0,109.8,108.8,115.5,117.6,-5.7,-8.8,0.658,1.79,17.4,0.309,0.756,0.51,0.137,0.511,0.549,92.8,92.38,76.98,102,0.466
0022400804,2025-02-21,1610612762,Utah Jazz,1,0,1,0.0,48.0,102.0,104.9,129.0,130.0,-27.0,-25.1,0.659,1.29,18.2,0.37,0.627,0.495,0.206,0.539,0.546,102.9,101.0,84.17,102,0.375
0022400799,2025-02-21,1610612764,Washington Wizards,1,0,1,0.0,48.0,96.3,99.0,101.5,103.0,-5.2,-4.0,0.714,1.79,17.7,0.259,0.796,0.515,0.137,0.471,0.511,103.7,101.5,84.58,102,0.473
0022400807,2025-02-22,1610612751,Brooklyn Nets,1,1,0,1.0,48.0,109.0,112.9,110.1,109.6,-1.1,3.3,0.659,1.69,20.5,0.3,0.66,0.5,0.172,0.549,0.588,95.0,93.5,77.92,93,0.532
0022400810,2025-02-22,1610612766,Charlotte Hornets,1,0,1,0.0,48.0,78.4,83.8,131.9,134.3,-53.5,-50.5,0.559,1.12,13.4,0.275,0.65,0.413,0.162,0.372,0.41,109.6,105.0,87.5,105,0.222
0022400806,2025-02-22,1610612741,Chicago Bulls,1,0,1,0.0,48.0,113.1,113.6,116.0,117.5,-2.9,-3.9,0.707,3.22,20.0,0.228,0.766,0.471,0.087,0.51,0.555,103.9,103.0,85.83,103,0.452
0022400808,2025-02-22,1610612743,Denver Nuggets,1,0,1,0.0,48.0,95.9,104.2,126.8,125.5,-30.9,-21.3,0.824,1.27,19.3,0.404,0.739,0.561,0.229,0.494,0.531,100.6,97.0,80.83,96,0.377
0022400809,2025-02-22,1610612745,Houston Rockets,1,0,1,0.0,48.0,107.6,112.7,121.7,122.8,-14.2,-10.0,0.75,4.71,22.3,0.254,0.679,0.461,0.069,0.525,0.533,104.4,101.5,84.58,102,0.46
0022400808,2025-02-22,1610612747,Los Angeles Lakers,1,1,0,1.0,48.0,126.8,125.5,95.9,104.2,30.9,21.3,0.628,3.0,19.7,0.261,0.596,0.439,0.092,0.593,0.634,100.6,97.0,80.83,98,0.623
0022400807,2025-02-22,1610612755,Philadelphia 76ers,1,0,1,0.0,48.0,110.1,109.6,109.0,112.9,1.1,-3.3,0.583,1.62,15.9,0.34,0.7,0.5,0.138,0.482,0.539,95.0,93.5,77.92,94,0.468
0022400806,2025-02-22,1610612756,Phoenix Suns,1,1,0,1.0,48.0,116.0,117.5,113.1,113.6,2.9,3.9,0.674,2.64,20.3,0.234,0.772,0.529,0.107,0.539,0.597,103.9,103.0,85.83,103,0.548
0022400810,2025-02-22,1610612757,Portland Trail Blazers,1,1,0,1.0,48.0,131.9,134.3,78.4,83.8,53.5,50.5,0.725,1.95,23.9,0.35,0.725,0.587,0.181,0.701,0.713,109.6,105.0,87.5,105,0.778
0022400809,2025-02-22,1610612762,Utah Jazz,1,1,0,1.0,48.0,121.7,122.8,107.6,112.7,14.2,10.0,0.571,3.5,19.0,0.321,0.746,0.539,0.079,0.566,0.564,104.4,101.5,84.58,101,0.54
0022400814,2025-02-23,1610612737,Atlanta Hawks,1,0,1,0.0,48.0,124.5,126.5,125.4,129.8,-0.9,-3.3,0.625,2.31,19.2,0.275,0.738,0.484,0.115,0.609,0.639,116.4,113.5,94.58,113,0.465
0022400811,2025-02-23,1610612738,Boston Celtics,1,1,0,1.0,48.0,123.1,122.9,104.1,108.2,19.0,14.7,0.6,2.25,19.9,0.283,0.75,0.531,0.125,0.588,0.616,98.3,96.5,80.42,96,0.587
0022400819,2025-02-23,1610612739,Cleveland Cavaliers,1,1,0,1.0,48.0,121.2,127.7,114.3,124.2,7.0,3.5,0.543,1.79,16.1,0.508,0.655,0.579,0.139,0.53,0.564,107.0,100.0,83.33,101,0.523
0022400812,2025-02-23,1610612742,Dallas Mavericks,1,0,1,0.0,48.0,100.6,102.0,124.6,123.5,-24.0,-21.5,0.632,1.33,18.2,0.174,0.63,0.42,0.18,0.543,0.564,101.2,101.0,84.17,100,0.382
0022400814,2025-02-23,1610612765,Detroit Pistons,1,1,0,1.0,48.0,125.4,129.8,124.5,126.5,0.9,3.3,0.709,2.05,23.8,0.262,0.725,0.516,0.167,0.699,0.712,116.4,113.5,94.58,114,0.535
0022400812,2025-02-23,1610612744,Golden State Warriors,1,1,0,1.0,48.0,124.6,123.5,100.6,102.0,24.0,21.5,0.638,3.0,19.7,0.37,0.826,0.58,0.098,0.541,0.583,101.2,101.0,84.17,102,0.618
0022400813,2025-02-23,1610612754,Indiana Pacers,1,1,0,1.0,48.0,126.6,127.7,106.2,109.9,20.4,17.8,0.674,2.21,21.7,0.282,0.804,0.578,0.139,0.619,0.673,103.2,101.0,84.17,101,0.599
0022400813,2025-02-23,1610612746,LA Clippers,1,0,1,0.0,48.0,106.2,109.9,126.6,127.7,-20.4,-17.8,0.605,2.09,17.3,0.196,0.718,0.422,0.109,0.506,0.558,103.2,101.0,84.17,101,0.401
0022400819,2025-02-23,1610612763,Memphis Grizzlies,1,0,1,0.0,48.0,114.3,124.2,121.2,127.7,-7.0,-3.5,0.667,2.0,19.2,0.345,0.492,0.421,0.141,0.538,0.582,107.0,100.0,83.33,99,0.478
0022400817,2025-02-23,1610612748,Miami Heat,1,0,1,0.0,48.0,112.5,115.3,124.1,123.7,-11.6,-8.4,0.61,2.27,18.4,0.265,0.818,0.527,0.112,0.517,0.568,98.6,97.5,81.25,98,0.478
0022400817,2025-02-23,1610612749,Milwaukee Bucks,1,1,0,1.0,48.0,124.1,123.7,112.5,115.3,11.6,8.4,0.568,2.78,19.2,0.182,0.735,0.473,0.093,0.593,0.627,98.6,97.5,81.25,97,0.522
0022400820,2025-02-23,1610612750,Minnesota Timberwolves,1,0,1,0.0,48.0,123.8,123.0,129.0,131.3,-5.1,-8.3,0.59,1.77,16.3,0.36,0.78,0.549,0.13,0.539,0.607,100.1,99.5,82.92,100,0.446
0022400818,2025-02-23,1610612740,New Orleans Pelicans,1,1,0,1.0,48.0,108.1,109.6,91.4,92.3,16.7,17.3,0.643,1.59,17.8,0.382,0.783,0.605,0.163,0.505,0.541,105.2,104.0,86.67,104,0.59
0022400811,2025-02-23,1610612752,New York Knicks,1,0,1,0.0,48.0,104.1,108.2,123.1,122.9,-19.0,-14.7,0.525,1.91,16.4,0.25,0.717,0.469,0.113,0.511,0.542,98.3,96.5,80.42,97,0.413
0022400820,2025-02-23,1610612760,Oklahoma City Thunder,1,1,0,1.0,48.0,129.0,131.3,123.8,123.0,5.1,8.3,0.667,2.46,22.9,0.22,0.64,0.451,0.131,0.669,0.686,100.1,99.5,82.92,99,0.554
0022400815,2025-02-23,1610612753,Orlando Magic,1,1,0,1.0,48.0,108.2,113.4,86.8,92.8,21.4,20.6,0.625,1.56,17.7,0.385,0.771,0.57,0.165,0.506,0.552,102.7,97.0,80.83,97,0.62
0022400816,2025-02-23,1610612756,Phoenix Suns,1,0,1,0.0,48.0,106.2,106.9,125.5,124.5,-19.3,-17.6,0.512,1.83,16.8,0.156,0.72,0.453,0.118,0.547,0.576,101.9,102.0,85.0,102,0.465
0022400818,2025-02-23,1610612759,San Antonio Spurs,1,0,1,0.0,48.0,91.4,92.3,108.1,109.6,-16.7,-17.3,0.906,2.9,19.6,0.217,0.618,0.395,0.096,0.407,0.444,105.2,104.0,86.67,104,0.41
0022400816,2025-02-23,1610612761,Toronto Raptors,1,1,0,1.0,48.0,125.5,124.5,106.2,106.9,19.3,17.6,0.698,2.14,20.5,0.28,0.844,0.547,0.137,0.602,0.627,101.9,102.0,85.0,102,0.535
0022400815,2025-02-23,1610612764,Washington Wizards,1,0,1,0.0,48.0,86.8,92.8,108.2,113.4,-21.4,-20.6,0.688,1.1,17.1,0.229,0.615,0.43,0.206,0.474,0.513,102.7,97.0,80.83,97,0.38
0022400825,2025-02-24,1610612737,Atlanta Hawks,1,1,0,1.0,48.0,99.7,102.1,86.1,88.7,13.6,13.4,0.725,1.61,20.6,0.32,0.661,0.505,0.188,0.506,0.525,99.1,96.5,80.42,96,0.597
0022400824,2025-02-24,1610612751,Brooklyn Nets,1,0,1,0.0,48.0,102.5,103.1,109.2,112.6,-6.7,-9.5,0.758,1.39,17.4,0.434,0.686,0.534,0.188,0.476,0.523,97.3,95.5,79.58,96,0.437
0022400828,2025-02-24,1610612766,Charlotte Hornets,1,0,1,0.0,48.0,88.4,88.9,127.6,131.3,-39.2,-42.4,0.8,1.26,16.9,0.328,0.634,0.455,0.192,0.412,0.46,100.7,99.0,82.5,99,0.306
0022400823,2025-02-24,1610612741,Chicago Bulls,1,1,0,1.0,48.0,129.3,132.7,100.2,100.9,29.1,31.8,0.711,2.13,21.1,0.289,0.638,0.485,0.14,0.607,0.677,109.8,108.0,90.0,107,0.645
0022400822,2025-02-24,1610612743,Denver Nuggets,1,1,0,1.0,48.0,117.7,120.2,108.5,110.5,9.2,9.7,0.736,1.95,24.4,0.395,0.702,0.556,0.192,0.606,0.624,106.5,104.5,87.08,104,0.553
0022400821,2025-02-24,1610612765,Detroit Pistons,1,1,0,1.0,48.0,103.1,107.1,94.8,97.0,8.3,10.1,0.611,1.38,16.3,0.28,0.678,0.495,0.162,0.513,0.559,102.6,99.5,82.92,99,0.573
0022400822,2025-02-24,1610612754,Indiana Pacers,1,0,1,0.0,48.0,108.5,110.5,117.7,120.2,-9.2,-9.7,0.725,1.61,19.6,0.298,0.605,0.444,0.171,0.553,0.599,106.5,104.5,87.08,105,0.447
0022400821,2025-02-24,1610612746,LA Clippers,1,0,1,0.0,48.0,94.8,97.0,103.1,107.1,-8.3,-10.1,0.649,1.41,16.8,0.322,0.72,0.505,0.17,0.462,0.483,102.6,99.5,82.92,100,0.427
0022400825,2025-02-24,1610612748,Miami Heat,1,0,1,0.0,48.0,86.1,88.7,99.7,102.1,-13.6,-13.4,0.556,0.83,11.4,0.339,0.68,0.495,0.186,0.363,0.448,99.1,96.5,80.42,97,0.403
0022400826,2025-02-24,1610612750,Minnesota Timberwolves,1,1,0,1.0,53.0,112.8,113.9,112.5,111.3,0.3,2.6,0.659,2.23,18.5,0.259,0.719,0.508,0.113,0.5,0.574,104.1,104.15,86.79,115,0.537
0022400826,2025-02-24,1610612760,Oklahoma City Thunder,1,0,1,0.0,53.0,112.5,111.3,112.8,113.9,-0.3,-2.6,0.6,2.45,16.9,0.281,0.741,0.492,0.096,0.495,0.539,104.1,104.15,86.79,115,0.463
0022400823,2025-02-24,1610612755,Philadelphia 76ers,1,0,1,0.0,48.0,100.2,100.9,129.3,132.7,-29.1,-31.8,0.514,1.12,12.8,0.362,0.711,0.515,0.156,0.442,0.51,109.8,108.0,90.0,109,0.355
0022400827,2025-02-24,1610612757,Portland Trail Blazers,1,1,0,1.0,48.0,108.0,111.8,101.5,109.8,6.5,2.0,0.634,2.0,17.3,0.361,0.656,0.508,0.127,0.49,0.525,108.0,102.0,85.0,102,0.533
0022400828,2025-02-24,1610612758,Sacramento Kings,1,1,0,1.0,48.0,127.6,131.3,88.4,88.9,39.2,42.4,0.638,1.67,20.8,0.366,0.672,0.545,0.182,0.655,0.685,100.7,99.0,82.5,99,0.694
0022400827,2025-02-24,1610612762,Utah Jazz,1,0,1,0.0,48.0,101.5,109.8,108.0,111.8,-6.5,-2.0,0.615,1.6,16.3,0.344,0.639,0.492,0.147,0.49,0.527,108.0,102.0,85.0,102,0.467
0022400824,2025-02-24,1610612764,Washington Wizards,1,1,0,1.0,48.0,109.2,112.6,102.5,103.1,6.7,9.5,0.743,1.08,19.7,0.314,0.566,0.466,0.253,0.593,0.66,97.3,95.5,79.58,95,0.563
0022400829,2025-02-25,1610612738,Boston Celtics,1,1,0,1.0,48.0,111.5,114.4,104.1,105.2,7.5,9.2,0.545,1.6,17.4,0.347,0.714,0.516,0.155,0.554,0.575,98.3,96.5,80.42,97,0.504
0022400834,2025-02-25,1610612766,Charlotte Hornets,1,0,1,0.0,48.0,88.5,90.2,123.2,125.5,-34.6,-35.3,0.545,0.72,12.6,0.397,0.648,0.518,0.245,0.433,0.475,103.9,102.0,85.0,102,0.305
0022400830,2025-02-25,1610612739,Cleveland Cavaliers,1,1,0,1.0,48.0,135.5,132.6,85.3,88.2,50.2,44.4,0.556,2.08,19.8,0.243,0.695,0.521,0.13,0.681,0.701,93.1,92.5,77.08,92,0.702
0022400835,2025-02-25,1610612742,Dallas Mavericks,1,0,1,0.0,48.0,97.3,100.0,108.6,108.1,-11.2,-8.1,0.657,1.92,16.5,0.27,0.692,0.461,0.121,0.444,0.477,100.1,99.0,82.5,99,0.425
0022400834,2025-02-25,1610612744,Golden State Warriors,1,1,0,1.0,48.0,123.2,125.5,88.5,90.2,34.6,35.3,0.816,3.33,24.8,0.352,0.603,0.482,0.118,0.565,0.593,103.9,102.0,85.0,102,0.695
0022400831,2025-02-25,1610612745,Houston Rockets,1,1,0,1.0,48.0,100.1,101.0,91.4,98.0,8.7,3.0,0.486,1.06,13.2,0.339,0.774,0.55,0.172,0.473,0.505,103.0,99.0,82.5,99,0.506
0022400835,2025-02-25,1610612747,Los Angeles Lakers,1,1,0,1.0,48.0,108.6,108.1,97.3,100.0,11.2,8.1,0.615,1.71,17.3,0.308,0.73,0.539,0.141,0.511,0.548,100.1,99.0,82.5,99,0.575
0022400832,2025-02-25,1610612763,Memphis Grizzlies,1,1,0,1.0,53.0,128.8,130.2,125.0,125.4,3.9,4.7,0.692,3.0,22.5,0.188,0.717,0.447,0.103,0.626,0.673,106.7,105.96,88.3,116,0.506
0022400831,2025-02-25,1610612749,Milwaukee Bucks,1,0,1,0.0,48.0,91.4,98.0,100.1,101.0,-8.7,-3.0,0.559,1.27,14.7,0.226,0.661,0.45,0.152,0.471,0.51,103.0,99.0,82.5,99,0.494
0022400833,2025-02-25,1610612740,New Orleans Pelicans,1,1,0,1.0,48.0,104.8,106.9,95.4,101.0,9.4,5.9,0.61,1.32,16.8,0.379,0.672,0.526,0.186,0.473,0.519,106.0,102.0,85.0,102,0.525
0022400830,2025-02-25,1610612753,Orlando Magic,1,0,1,0.0,48.0,85.3,88.2,135.5,132.6,-50.2,-44.4,0.636,1.75,16.0,0.305,0.757,0.479,0.129,0.394,0.426,93.1,92.5,77.08,93,0.298
0022400832,2025-02-25,1610612756,Phoenix Suns,1,0,1,0.0,53.0,125.0,125.4,128.8,130.2,-3.9,-4.7,0.736,2.44,22.9,0.283,0.813,0.553,0.136,0.641,0.67,106.7,105.96,88.3,118,0.494
0022400833,2025-02-25,1610612759,San Antonio Spurs,1,0,1,0.0,48.0,95.4,101.0,104.8,106.9,-9.4,-5.9,0.763,1.45,19.5,0.328,0.621,0.474,0.196,0.478,0.51,106.0,102.0,85.0,102,0.475
0022400829,2025-02-25,1610612761,Toronto Raptors,1,0,1,0.0,48.0,104.1,105.2,111.5,114.4,-7.5,-9.2,0.643,1.59,20.0,0.286,0.653,0.484,0.177,0.536,0.561,98.3,96.5,80.42,96,0.496
0022400841,2025-02-26,1610612737,Atlanta Hawks,1,0,1,0.0,48.0,112.0,116.0,138.4,139.4,-26.4,-23.4,0.707,1.71,21.2,0.326,0.706,0.494,0.181,0.58,0.61,96.0,94.0,78.33,94,0.4
0022400836,2025-02-26,1610612738,Boston Celtics,1,0,1,0.0,48.0,98.4,100.0,121.3,119.4,-22.9,-19.4,0.636,1.11,16.7,0.163,0.644,0.394,0.196,0.544,0.56,97.5,97.5,81.25,97,0.356
0022400840,2025-02-26,1610612751,Brooklyn Nets,1,0,1,0.0,48.0,119.8,121.0,124.3,129.0,-4.5,-8.0,0.816,2.07,20.4,0.386,0.674,0.515,0.15,0.532,0.582,102.4,100.0,83.33,100,0.441
0022400842,2025-02-26,1610612741,Chicago Bulls,1,0,1,0.0,48.0,116.0,120.6,126.5,124.5,-10.4,-3.9,0.761,2.06,23.3,0.346,0.69,0.5,0.175,0.59,0.592,98.7,97.5,81.25,97,0.458
0022400836,2025-02-26,1610612765,Detroit Pistons,1,1,0,1.0,48.0,121.3,119.4,98.4,100.0,22.9,19.4,0.617,2.07,20.3,0.356,0.837,0.606,0.143,0.601,0.606,97.5,97.5,81.25,98,0.644
0022400844,2025-02-26,1610612745,Houston Rockets,1,1,0,1.0,48.0,113.3,115.7,100.7,102.9,12.6,12.8,0.458,1.38,15.0,0.436,0.721,0.586,0.157,0.525,0.545,104.7,102.5,85.42,102,0.534
0022400837,2025-02-26,1610612754,Indiana Pacers,1,1,0,1.0,48.0,106.7,107.8,87.5,89.2,19.2,18.6,0.651,1.4,20.1,0.22,0.736,0.511,0.194,0.623,0.63,104.0,102.5,85.42,103,0.622
0022400842,2025-02-26,1610612746,LA Clippers,1,1,0,1.0,48.0,126.5,124.5,116.0,120.6,10.4,3.9,0.75,2.2,22.9,0.31,0.654,0.5,0.153,0.629,0.66,98.7,97.5,81.25,98,0.542
0022400841,2025-02-26,1610612748,Miami Heat,1,1,0,1.0,48.0,138.4,139.4,112.0,116.0,26.4,23.4,0.867,2.29,27.3,0.294,0.674,0.506,0.181,0.743,0.764,96.0,94.0,78.33,94,0.6
0022400838,2025-02-26,1610612752,New York Knicks,1,1,0,1.0,48.0,111.4,112.2,104.2,107.1,7.2,5.1,0.55,1.38,16.9,0.263,0.72,0.523,0.163,0.565,0.613,99.8,98.0,81.67,98,0.551
0022400840,2025-02-26,1610612760,Oklahoma City Thunder,1,1,0,1.0,48.0,124.3,129.0,119.8,121.0,4.5,8.0,0.563,2.25,19.0,0.326,0.614,0.485,0.12,0.583,0.628,102.4,100.0,83.33,100,0.559
0022400838,2025-02-26,1610612755,Philadelphia 76ers,1,0,1,0.0,48.0,104.2,107.1,111.4,112.2,-7.2,-5.1,0.538,1.62,16.0,0.28,0.737,0.477,0.133,0.506,0.542,99.8,98.0,81.67,98,0.449
0022400839,2025-02-26,1610612757,Portland Trail Blazers,1,1,0,1.0,48.0,110.8,120.6,110.5,111.0,0.3,9.6,0.6,1.59,17.0,0.403,0.773,0.557,0.159,0.505,0.554,113.0,108.0,90.0,107,0.49
0022400843,2025-02-26,1610612758,Sacramento Kings,1,1,0,1.0,48.0,116.5,121.6,106.9,103.1,9.6,18.6,0.609,1.75,20.4,0.317,0.86,0.615,0.165,0.615,0.639,97.9,97.5,81.25,97,0.57
0022400844,2025-02-26,1610612759,San Antonio Spurs,1,0,1,0.0,48.0,100.7,102.9,113.3,115.7,-12.6,-12.8,0.667,3.5,19.2,0.279,0.564,0.414,0.078,0.455,0.485,104.7,102.5,85.42,103,0.466
0022400837,2025-02-26,1610612761,Toronto Raptors,1,0,1,0.0,48.0,87.5,89.2,106.7,107.8,-19.2,-18.6,0.622,1.1,16.5,0.264,0.78,0.489,0.206,0.46,0.484,104.0,102.5,85.42,102,0.378
0022400843,2025-02-26,1610612762,Utah Jazz,1,0,1,0.0,48.0,106.9,103.1,116.5,121.6,-9.6,-18.6,0.842,3.2,23.4,0.14,0.683,0.385,0.102,0.548,0.552,97.9,97.5,81.25,98,0.43
0022400839,2025-02-26,1610612764,Washington Wizards,1,0,1,0.0,48.0,110.5,111.0,110.8,120.6,-0.3,-9.6,0.581,1.32,17.4,0.227,0.597,0.443,0.174,0.59,0.62,113.0,108.0,90.0,109,0.51
0022400847,2025-02-27,1610612766,Charlotte Hornets,1,0,1,0.0,48.0,91.7,95.0,100.0,100.0,-8.3,-5.0,0.625,1.67,17.6,0.267,0.78,0.521,0.149,0.444,0.463,103.9,102.0,85.0,101,0.439
0022400847,2025-02-27,1610612742,Dallas Mavericks,1,1,0,1.0,48.0,100.0,100.0,91.7,95.0,8.3,5.0,0.575,2.56,16.5,0.22,0.733,0.479,0.087,0.469,0.495,103.9,102.0,85.0,103,0.561
0022400846,2025-02-27,1610612743,Denver Nuggets,1,0,1,0.0,48.0,102.9,103.7,113.8,113.1,-10.9,-9.4,0.596,2.15,18.3,0.288,0.843,0.545,0.12,0.49,0.51,107.6,107.5,89.58,108,0.46
0022400845,2025-02-27,1610612744,Golden State Warriors,1,1,0,1.0,48.0,124.8,127.4,115.1,119.8,9.7,7.6,0.722,1.86,19.3,0.311,0.574,0.446,0.147,0.576,0.644,98.4,95.5,79.58,95,0.537
0022400849,2025-02-27,1610612747,Los Angeles Lakers,1,1,0,1.0,48.0,111.9,114.4,104.7,107.4,7.2,7.1,0.618,1.62,15.1,0.396,0.765,0.577,0.134,0.482,0.543,98.3,96.0,80.0,97,0.54
0022400846,2025-02-27,1610612749,Milwaukee Bucks,1,1,0,1.0,48.0,113.8,113.1,102.9,103.7,10.9,9.4,0.595,2.27,17.9,0.157,0.712,0.455,0.103,0.544,0.591,107.6,107.5,89.58,107,0.54
0022400849,2025-02-27,1610612750,Minnesota Timberwolves,1,0,1,0.0,48.0,104.7,107.4,111.9,114.4,-7.2,-7.1,0.714,2.08,18.9,0.235,0.604,0.423,0.126,0.488,0.534,98.3,96.0,80.0,95,0.46
0022400848,2025-02-27,1610612740,New Orleans Pelicans,1,1,0,1.0,48.0,124.9,129.2,121.6,119.6,3.3,9.6,0.5,4.17,17.9,0.328,0.686,0.495,0.063,0.563,0.567,97.3,96.5,80.42,96,0.502
0022400845,2025-02-27,1610612753,Orlando Magic,1,0,1,0.0,48.0,115.1,119.8,124.8,127.4,-9.7,-7.6,0.511,1.28,16.5,0.426,0.689,0.554,0.188,0.567,0.593,98.4,95.5,79.58,96,0.463
0022400848,2025-02-27,1610612756,Phoenix Suns,1,0,1,0.0,48.0,121.6,119.6,124.9,129.2,-3.3,-9.6,0.659,2.64,20.4,0.314,0.672,0.505,0.113,0.574,0.589,97.3,96.5,80.42,97,0.498
0022400851,2025-02-28,1610612737,Atlanta Hawks,1,0,1,0.0,48.0,111.1,110.2,123.5,125.0,-12.4,-14.8,0.628,1.42,18.6,0.217,0.74,0.49,0.176,0.574,0.606,108.2,108.0,90.0,108,0.452
0022400852,2025-02-28,1610612738,Boston Celtics,1,0,1,0.0,48.0,124.1,124.7,127.6,130.9,-3.6,-6.1,0.465,1.82,15.6,0.313,0.608,0.465,0.118,0.579,0.601,94.9,93.5,77.92,93,0.457
0022400853,2025-02-28,1610612751,Brooklyn Nets,1,0,1,0.0,48.0,103.2,101.0,117.6,121.0,-14.5,-20.0,0.556,0.95,14.0,0.415,0.667,0.522,0.208,0.454,0.516,100.9,100.5,83.75,101,0.393
0022400855,2025-02-28,1610612741,Chicago Bulls,1,1,0,1.0,53.0,106.8,113.6,102.0,103.6,4.9,10.0,0.711,2.13,20.1,0.304,0.656,0.487,0.136,0.51,0.558,104.1,100.08,83.4,110,0.567
0022400852,2025-02-28,1610612739,Cleveland Cavaliers,1,1,0,1.0,48.0,127.6,130.9,124.1,124.7,3.6,6.1,0.511,2.88,16.9,0.392,0.688,0.535,0.085,0.569,0.601,94.9,93.5,77.92,94,0.543
0022400850,2025-02-28,1610612743,Denver Nuggets,1,1,0,1.0,48.0,124.5,128.8,112.1,114.4,12.4,14.4,0.596,1.4,19.2,0.333,0.719,0.556,0.192,0.661,0.686,106.9,104.0,86.67,104,0.548
0022400850,2025-02-28,1610612765,Detroit Pistons,1,0,1,0.0,48.0,112.1,114.4,124.5,128.8,-12.4,-14.4,0.711,2.91,21.1,0.281,0.667,0.444,0.106,0.515,0.545,106.9,104.0,86.67,104,0.452
0022400854,2025-02-28,1610612754,Indiana Pacers,1,0,1,0.0,48.0,129.7,129.0,134.8,134.4,-5.1,-5.4,0.745,3.5,25.2,0.268,0.611,0.429,0.108,0.653,0.656,92.6,93.0,77.5,93,0.479
0022400859,2025-02-28,1610612746,LA Clippers,1,0,1,0.0,48.0,102.8,106.3,112.0,110.4,-9.2,-4.2,0.641,1.39,17.7,0.4,0.738,0.554,0.188,0.5,0.53,97.0,96.0,80.0,96,0.455
0022400859,2025-02-28,1610612747,Los Angeles Lakers,1,1,0,1.0,48.0,112.0,110.4,102.8,106.3,9.2,4.2,0.487,1.27,15.1,0.262,0.6,0.446,0.156,0.556,0.591,97.0,96.0,80.0,96,0.545
0022400856,2025-02-28,1610612763,Memphis Grizzlies,1,0,1,0.0,48.0,109.0,111.9,110.6,110.7,-1.6,1.2,0.591,1.37,17.6,0.42,0.792,0.612,0.188,0.489,0.545,103.4,102.0,85.0,101,0.491
0022400854,2025-02-28,1610612748,Miami Heat,1,1,0,1.0,48.0,134.8,134.4,129.7,129.0,5.1,5.4,0.708,2.27,24.1,0.389,0.732,0.571,0.161,0.673,0.697,92.6,93.0,77.5,93,0.521
0022400858,2025-02-28,1610612750,Minnesota Timberwolves,1,0,1,0.0,48.0,112.4,114.9,113.4,114.7,-1.0,0.1,0.795,5.0,23.5,0.233,0.625,0.407,0.069,0.535,0.541,103.2,101.5,84.58,101,0.49
0022400857,2025-02-28,1610612740,New Orleans Pelicans,1,0,1,0.0,48.0,113.0,114.9,129.2,133.0,-16.3,-18.1,0.636,1.87,20.4,0.348,0.706,0.5,0.16,0.569,0.577,96.2,94.0,78.33,94,0.432
0022400856,2025-02-28,1610612752,New York Knicks,1,1,0,1.0,48.0,110.6,110.7,109.0,111.9,1.6,-1.2,0.659,3.22,20.4,0.208,0.58,0.388,0.087,0.532,0.559,103.4,102.0,85.0,103,0.509
0022400851,2025-02-28,1610612760,Oklahoma City Thunder,1,1,0,1.0,48.0,123.5,125.0,111.1,110.2,12.4,14.8,0.725,3.08,23.4,0.26,0.783,0.51,0.111,0.619,0.635,108.2,108.0,90.0,108,0.548
0022400857,2025-02-28,1610612756,Phoenix Suns,1,1,0,1.0,48.0,129.2,133.0,113.0,114.9,16.3,18.1,0.745,2.06,25.4,0.294,0.652,0.5,0.181,0.728,0.738,96.2,94.0,78.33,94,0.568
0022400853,2025-02-28,1610612757,Portland Trail Blazers,1,1,0,1.0,48.0,117.6,121.0,103.2,101.0,14.5,20.0,0.689,1.41,21.5,0.333,0.585,0.478,0.22,0.673,0.673,100.9,100.5,83.75,100,0.607
0022400855,2025-02-28,1610612761,Toronto Raptors,1,0,1,0.0,53.0,102.0,103.6,106.8,113.6,-4.9,-10.0,0.698,1.76,18.8,0.344,0.696,0.513,0.153,0.481,0.514,104.1,100.08,83.4,111,0.433
0022400858,2025-02-28,1610612762,Utah Jazz,1,1,0,1.0,48.0,113.4,114.7,112.4,114.9,1.0,-0.1,0.745,1.75,22.6,0.375,0.767,0.593,0.196,0.587,0.596,103.2,101.5,84.58,102,0.51
0022400861,2025-03-01,1610612751,Brooklyn Nets,1,0,1,0.0,48.0,85.1,89.5,108.7,110.6,-23.6,-21.1,0.655,1.36,12.8,0.368,0.743,0.495,0.133,0.337,0.426,108.1,104.5,87.08,105,0.318
0022400860,2025-03-01,1610612766,Charlotte Hornets,1,0,1,0.0,48.0,98.4,100.0,114.7,113.0,-16.4,-13.0,0.683,1.65,19.7,0.264,0.735,0.49,0.17,0.516,0.523,100.1,100.0,83.33,100,0.416
0022400865,2025-03-01,1610612742,Dallas Mavericks,1,0,1,0.0,48.0,111.4,114.7,130.2,129.4,-18.7,-14.7,0.581,2.27,18.0,0.231,0.644,0.423,0.108,0.533,0.574,103.2,102.0,85.0,102,0.395
0022400861,2025-03-01,1610612765,Detroit Pistons,1,1,0,1.0,48.0,108.7,110.6,85.1,89.5,23.6,21.1,0.795,1.15,21.5,0.257,0.632,0.505,0.26,0.625,0.678,108.1,104.5,87.08,104,0.682
0022400864,2025-03-01,1610612744,Golden State Warriors,1,0,1,0.0,48.0,112.9,119.0,124.4,126.0,-11.4,-7.0,0.717,2.2,21.3,0.393,0.717,0.539,0.15,0.52,0.549,103.3,100.0,83.33,100,0.49
0022400862,2025-03-01,1610612745,Houston Rockets,1,0,1,0.0,48.0,103.9,106.2,116.2,118.9,-12.3,-12.8,0.486,1.13,13.7,0.302,0.682,0.474,0.165,0.506,0.536,98.2,96.0,80.0,97,0.413
0022400863,2025-03-01,1610612763,Memphis Grizzlies,1,0,1,0.0,48.0,122.1,124.3,123.0,126.2,-0.9,-1.9,0.62,2.38,20.7,0.333,0.638,0.484,0.126,0.584,0.617,105.2,103.0,85.83,103,0.505
0022400865,2025-03-01,1610612749,Milwaukee Bucks,1,1,0,1.0,48.0,130.2,129.4,111.4,114.7,18.7,14.7,0.75,2.54,21.9,0.356,0.769,0.577,0.127,0.58,0.645,103.2,102.0,85.0,102,0.605
0022400864,2025-03-01,1610612755,Philadelphia 76ers,1,1,0,1.0,48.0,124.4,126.0,112.9,119.0,11.4,7.0,0.6,1.93,19.3,0.283,0.607,0.461,0.14,0.641,0.647,103.3,100.0,83.33,100,0.51
0022400862,2025-03-01,1610612758,Sacramento Kings,1,1,0,1.0,48.0,116.2,118.9,103.9,106.2,12.3,12.8,0.477,1.5,16.2,0.318,0.698,0.526,0.147,0.557,0.587,98.2,96.0,80.0,95,0.587
0022400863,2025-03-01,1610612759,San Antonio Spurs,1,1,0,1.0,48.0,123.0,126.2,122.1,124.3,0.9,1.9,0.66,2.54,21.6,0.362,0.667,0.516,0.126,0.594,0.615,105.2,103.0,85.83,103,0.495
0022400860,2025-03-01,1610612764,Washington Wizards,1,1,0,1.0,48.0,114.7,113.0,98.4,100.0,16.4,13.0,0.825,2.2,22.6,0.265,0.736,0.51,0.15,0.551,0.592,100.1,100.0,83.33,100,0.584
0022400866,2025-03-02,1610612738,Boston Celtics,1,1,0,1.0,48.0,117.2,118.3,107.6,108.4,9.6,9.9,0.703,1.86,20.0,0.25,0.75,0.511,0.151,0.564,0.612,94.8,94.0,78.33,93,0.525
0022400868,2025-03-02,1610612741,Chicago Bulls,1,0,1,0.0,48.0,114.4,113.1,124.6,129.6,-10.2,-16.5,0.545,1.71,17.5,0.304,0.791,0.539,0.141,0.557,0.584,99.9,98.5,82.08,99,0.436
0022400867,2025-03-02,1610612739,Cleveland Cavaliers,1,1,0,1.0,53.0,116.3,117.7,109.0,114.2,7.3,3.5,0.643,1.8,17.4,0.276,0.636,0.451,0.133,0.531,0.592,105.4,102.34,85.28,113,0.536
0022400866,2025-03-02,1610612743,Denver Nuggets,1,0,1,0.0,48.0,107.6,108.4,117.2,118.3,-9.6,-9.9,0.659,2.25,20.3,0.25,0.75,0.489,0.126,0.547,0.561,94.8,94.0,78.33,95,0.475
0022400868,2025-03-02,1610612754,Indiana Pacers,1,1,0,1.0,48.0,124.6,129.6,114.4,113.1,10.2,16.5,0.708,2.83,24.1,0.209,0.696,0.461,0.122,0.661,0.669,99.9,98.5,82.08,98,0.564
0022400874,2025-03-02,1610612746,LA Clippers,1,0,1,0.0,48.0,104.6,110.9,117.6,118.7,-13.0,-7.8,0.632,2.0,18.2,0.32,0.721,0.505,0.13,0.5,0.534,94.6,91.5,76.25,92,0.461
0022400874,2025-03-02,1610612747,Los Angeles Lakers,1,1,0,1.0,48.0,117.6,118.7,104.6,110.9,13.0,7.8,0.553,1.24,16.9,0.279,0.68,0.495,0.187,0.61,0.629,94.6,91.5,76.25,91,0.539
0022400869,2025-03-02,1610612748,Miami Heat,1,0,1,0.0,53.0,110.8,112.0,112.0,116.0,-1.1,-4.0,0.644,2.23,21.5,0.14,0.64,0.409,0.13,0.601,0.615,92.7,90.57,75.47,100,0.5
0022400873,2025-03-02,1610612750,Minnesota Timberwolves,1,1,0,1.0,48.0,111.3,112.6,97.6,96.1,13.6,16.5,0.718,3.5,20.1,0.145,0.723,0.412,0.078,0.538,0.573,102.3,102.5,85.42,103,0.551
0022400872,2025-03-02,1610612740,New Orleans Pelicans,1,1,0,1.0,48.0,121.1,125.5,112.6,118.6,8.5,6.9,0.66,3.18,22.7,0.346,0.712,0.529,0.108,0.593,0.594,106.6,102.0,85.0,102,0.533
0022400869,2025-03-02,1610612752,New York Knicks,1,1,0,1.0,53.0,112.0,116.0,110.8,112.0,1.1,4.0,0.587,2.08,18.6,0.36,0.86,0.591,0.13,0.558,0.571,92.7,90.57,75.47,100,0.5
0022400871,2025-03-02,1610612760,Oklahoma City Thunder,1,1,0,1.0,48.0,139.3,143.1,125.7,129.4,13.6,13.7,0.618,4.86,22.5,0.319,0.773,0.538,0.069,0.639,0.665,104.9,102.0,85.0,102,0.548
0022400870,2025-03-02,1610612753,Orlando Magic,1,0,1,0.0,48.0,110.3,108.5,108.1,111.8,2.2,-3.3,0.567,1.21,14.0,0.256,0.667,0.483,0.149,0.5,0.597,94.3,93.5,77.92,94,0.5
0022400873,2025-03-02,1610612756,Phoenix Suns,1,0,1,0.0,48.0,97.6,96.1,111.3,112.6,-13.6,-16.5,0.686,1.09,17.3,0.277,0.855,0.588,0.216,0.519,0.555,102.3,102.5,85.42,102,0.449
0022400867,2025-03-02,1610612757,Portland Trail Blazers,1,0,1,0.0,53.0,109.0,114.2,116.3,117.7,-7.3,-3.5,0.595,1.25,16.0,0.364,0.724,0.549,0.177,0.51,0.579,105.4,102.34,85.28,113,0.464
0022400871,2025-03-02,1610612759,San Antonio Spurs,1,0,1,0.0,48.0,125.7,129.4,139.3,143.1,-13.6,-13.7,0.706,2.77,24.3,0.227,0.681,0.462,0.127,0.659,0.673,104.9,102.0,85.0,102,0.452
0022400870,2025-03-02,1610612761,Toronto Raptors,1,1,0,1.0,48.0,108.1,111.8,110.3,108.5,-2.2,3.3,0.595,1.47,16.8,0.333,0.744,0.517,0.161,0.506,0.558,94.3,93.5,77.92,93,0.5
0022400872,2025-03-02,1610612762,Utah Jazz,1,0,1,0.0,48.0,112.6,118.6,121.1,125.5,-8.5,-6.9,0.761,2.69,23.2,0.288,0.654,0.471,0.127,0.563,0.585,106.6,102.0,85.0,102,0.467
0022400878,2025-03-03,1610612737,Atlanta Hawks,1,1,0,1.0,48.0,130.1,130.7,121.5,128.7,8.6,2.0,0.636,2.92,23.2,0.341,0.478,0.411,0.119,0.641,0.638,104.2,101.0,84.17,101,0.495
0022400875,2025-03-03,1610612766,Charlotte Hornets,1,0,1,0.0,48.0,92.2,98.1,116.0,113.3,-23.8,-15.3,0.588,1.18,14.7,0.228,0.737,0.482,0.165,0.459,0.502,106.0,104.0,86.67,103,0.368
0022400880,2025-03-03,1610612742,Dallas Mavericks,1,0,1,0.0,48.0,103.6,105.4,130.8,129.8,-27.2,-24.4,0.8,2.0,21.4,0.233,0.744,0.488,0.151,0.5,0.56,93.9,93.5,77.92,93,0.42
0022400881,2025-03-03,1610612765,Detroit Pistons,1,1,0,1.0,48.0,122.6,122.9,92.1,98.1,30.5,24.8,0.627,2.46,21.2,0.239,0.688,0.468,0.119,0.614,0.642,112.2,108.5,90.42,109,0.678
0022400875,2025-03-03,1610612744,Golden State Warriors,1,1,0,1.0,48.0,116.0,113.3,92.2,98.1,23.8,15.3,0.825,3.67,21.7,0.263,0.772,0.518,0.086,0.516,0.564,106.0,104.0,86.67,105,0.632
0022400879,2025-03-03,1610612745,Houston Rockets,1,0,1,0.0,48.0,116.9,118.5,127.0,124.5,-10.1,-6.0,0.408,1.25,13.8,0.315,0.68,0.49,0.148,0.564,0.59,108.7,109.0,90.83,108,0.436
0022400878,2025-03-03,1610612763,Memphis Grizzlies,1,0,1,0.0,48.0,121.5,128.7,130.1,130.7,-8.6,-2.0,0.766,1.8,22.5,0.522,0.659,0.589,0.198,0.575,0.625,104.2,101.0,84.17,101,0.505
0022400877,2025-03-03,1610612748,Miami Heat,1,1,0,1.0,48.0,109.4,108.2,90.3,91.8,19.1,16.3,0.795,2.58,23.0,0.14,0.833,0.526,0.122,0.555,0.589,98.3,98.0,81.67,98,0.618
0022400879,2025-03-03,1610612760,Oklahoma City Thunder,1,1,0,1.0,48.0,127.0,124.5,116.9,118.5,10.1,6.0,0.646,2.38,19.7,0.32,0.685,0.51,0.118,0.582,0.629,108.7,109.0,90.83,110,0.564
0022400876,2025-03-03,1610612755,Philadelphia 76ers,1,0,1,0.0,48.0,107.7,107.4,123.5,125.3,-15.8,-17.9,0.659,3.38,19.6,0.291,0.561,0.429,0.084,0.489,0.506,95.5,95.0,79.17,95,0.429
0022400876,2025-03-03,1610612757,Portland Trail Blazers,1,1,0,1.0,48.0,123.5,125.3,107.7,107.4,15.8,17.9,0.542,2.36,17.8,0.439,0.709,0.571,0.116,0.54,0.554,95.5,95.0,79.17,95,0.571
0022400880,2025-03-03,1610612758,Sacramento Kings,1,1,0,1.0,48.0,130.8,129.8,103.6,105.4,27.2,24.4,0.723,4.86,24.5,0.256,0.767,0.512,0.074,0.611,0.64,93.9,93.5,77.92,94,0.58
0022400881,2025-03-03,1610612762,Utah Jazz,1,0,1,0.0,48.0,92.1,98.1,122.6,122.9,-30.5,-24.8,0.543,0.68,13.4,0.313,0.761,0.532,0.259,0.488,0.552,112.2,108.5,90.42,108,0.322
0022400877,2025-03-03,1610612764,Washington Wizards,1,0,1,0.0,48.0,90.3,91.8,109.4,108.2,-19.1,-16.3,0.71,1.69,17.1,0.167,0.86,0.474,0.133,0.429,0.48,98.3,98.0,81.67,98,0.382
0022400884,2025-03-04,1610612737,Atlanta Hawks,1,0,1,0.0,48.0,110.5,112.0,113.3,115.5,-2.7,-3.4,0.717,2.75,21.6,0.207,0.74,0.454,0.111,0.535,0.558,110.8,109.0,90.83,108,0.475
0022400888,2025-03-04,1610612751,Brooklyn Nets,1,0,1,0.0,48.0,116.2,114.1,125.2,130.9,-9.0,-16.8,0.744,2.23,21.0,0.286,0.66,0.469,0.131,0.552,0.593,99.3,98.0,81.67,99,0.438
0022400886,2025-03-04,1610612741,Chicago Bulls,1,0,1,0.0,48.0,105.9,108.3,125.8,128.7,-19.9,-20.4,0.681,4.57,20.6,0.25,0.727,0.478,0.065,0.495,0.516,110.5,108.0,90.0,108,0.44
0022400886,2025-03-04,1610612739,Cleveland Cavaliers,1,1,0,1.0,48.0,125.8,128.7,105.9,108.3,19.9,20.4,0.587,3.0,18.0,0.273,0.75,0.522,0.083,0.556,0.618,110.5,108.0,90.0,108,0.56
0022400885,2025-03-04,1610612744,Golden State Warriors,1,1,0,1.0,48.0,113.6,116.3,103.4,105.2,10.1,11.2,0.698,2.31,21.3,0.304,0.698,0.515,0.133,0.563,0.592,99.5,97.5,81.25,98,0.587
0022400882,2025-03-04,1610612745,Houston Rockets,1,0,1,0.0,48.0,102.6,105.2,116.9,119.8,-14.3,-14.6,0.55,1.57,14.7,0.484,0.81,0.613,0.144,0.454,0.466,98.9,96.5,80.42,97,0.392
0022400882,2025-03-04,1610612754,Indiana Pacers,1,1,0,1.0,48.0,116.9,119.8,102.6,105.2,14.3,14.6,0.773,2.62,24.6,0.19,0.516,0.387,0.135,0.61,0.636,98.9,96.5,80.42,96,0.608
0022400889,2025-03-04,1610612746,LA Clippers,1,0,1,0.0,48.0,123.3,125.8,124.1,129.3,-0.8,-3.5,0.674,4.14,21.6,0.279,0.738,0.506,0.075,0.566,0.617,95.4,92.5,77.08,93,0.5
0022400890,2025-03-04,1610612747,Los Angeles Lakers,1,1,0,1.0,48.0,136.2,138.8,113.6,116.2,22.6,22.6,0.667,2.13,21.6,0.432,0.72,0.585,0.153,0.639,0.667,100.6,98.5,82.08,98,0.577
0022400884,2025-03-04,1610612749,Milwaukee Bucks,1,1,0,1.0,48.0,113.3,115.5,110.5,112.0,2.7,3.4,0.551,1.8,18.0,0.26,0.793,0.546,0.136,0.568,0.598,110.8,109.0,90.83,110,0.525
0022400887,2025-03-04,1610612750,Minnesota Timberwolves,1,1,0,1.0,48.0,125.4,127.3,113.3,113.1,12.1,14.1,0.63,1.53,21.3,0.229,0.708,0.506,0.192,0.679,0.712,99.7,99.0,82.5,99,0.565
0022400890,2025-03-04,1610612740,New Orleans Pelicans,1,0,1,0.0,48.0,113.6,116.2,136.2,138.8,-22.6,-22.6,0.63,3.22,20.4,0.28,0.568,0.415,0.091,0.543,0.562,100.6,98.5,82.08,99,0.423
0022400885,2025-03-04,1610612752,New York Knicks,1,0,1,0.0,48.0,103.4,105.2,113.6,116.3,-10.1,-11.2,0.634,1.86,18.7,0.302,0.696,0.485,0.144,0.489,0.517,99.5,97.5,81.25,97,0.413
0022400883,2025-03-04,1610612753,Orlando Magic,1,0,1,0.0,48.0,112.9,115.3,111.3,117.5,1.5,-2.2,0.7,2.0,20.6,0.217,0.625,0.426,0.143,0.572,0.607,101.3,97.5,81.25,98,0.499
0022400887,2025-03-04,1610612755,Philadelphia 76ers,1,0,1,0.0,48.0,113.3,113.1,125.4,127.3,-12.1,-14.1,0.524,1.69,16.3,0.292,0.771,0.494,0.131,0.541,0.572,99.7,99.0,82.5,99,0.435
0022400889,2025-03-04,1610612756,Phoenix Suns,1,1,0,1.0,48.0,124.1,129.3,123.3,125.8,0.8,3.5,0.756,2.82,23.1,0.262,0.721,0.494,0.12,0.6,0.648,95.4,92.5,77.08,92,0.5
0022400888,2025-03-04,1610612759,San Antonio Spurs,1,1,0,1.0,48.0,125.2,130.9,116.2,114.1,9.0,16.8,0.712,2.47,24.7,0.34,0.714,0.531,0.155,0.642,0.639,99.3,98.0,81.67,97,0.562
0022400883,2025-03-04,1610612761,Toronto Raptors,1,1,0,1.0,48.0,111.3,117.5,112.9,115.3,-1.5,2.2,0.737,1.4,19.7,0.375,0.783,0.574,0.206,0.55,0.597,101.3,97.5,81.25,97,0.501
0022400891,2025-03-05,1610612738,Boston Celtics,1,1,0,1.0,48.0,132.7,134.7,121.1,122.9,11.6,11.8,0.533,2.4,17.3,0.396,0.766,0.57,0.105,0.582,0.613,97.0,95.5,79.58,95,0.547
0022400892,2025-03-05,1610612766,Charlotte Hornets,1,0,1,0.0,48.0,112.3,114.6,130.6,130.2,-18.3,-15.6,0.619,1.73,18.2,0.386,0.755,0.557,0.156,0.505,0.534,96.8,96.0,80.0,96,0.436
0022400893,2025-03-05,1610612739,Cleveland Cavaliers,1,1,0,1.0,48.0,112.4,113.1,108.1,108.1,4.3,5.1,0.634,2.0,19.0,0.265,0.78,0.525,0.131,0.552,0.579,99.3,99.0,82.5,99,0.516
0022400897,2025-03-05,1610612742,Dallas Mavericks,1,0,1,0.0,48.0,99.6,102.9,128.8,130.5,-29.2,-27.6,0.667,3.0,21.0,0.158,0.711,0.379,0.096,0.526,0.522,106.9,104.5,87.08,104,0.377
0022400896,2025-03-05,1610612743,Denver Nuggets,1,1,0,1.0,48.0,113.5,116.0,109.8,112.2,3.7,3.8,0.7,2.15,19.6,0.327,0.698,0.52,0.13,0.529,0.579,101.2,99.0,82.5,100,0.547
0022400898,2025-03-05,1610612765,Detroit Pistons,1,0,1,0.0,48.0,112.3,119.8,128.9,128.1,-16.5,-8.3,0.6,2.08,19.7,0.326,0.811,0.55,0.135,0.587,0.609,98.9,96.0,80.0,96,0.464
0022400898,2025-03-05,1610612746,LA Clippers,1,1,0,1.0,48.0,128.9,128.1,112.3,119.8,16.5,8.3,0.409,1.8,14.9,0.189,0.674,0.45,0.104,0.631,0.673,98.9,96.0,80.0,96,0.536
0022400895,2025-03-05,1610612763,Memphis Grizzlies,1,0,1,0.0,48.0,97.5,99.0,116.1,114.3,-18.6,-15.2,0.568,1.31,15.2,0.259,0.907,0.546,0.154,0.456,0.512,104.5,104.5,87.08,104,0.423
0022400893,2025-03-05,1610612748,Miami Heat,1,0,1,0.0,48.0,108.1,108.1,112.4,113.1,-4.3,-5.1,0.806,2.07,20.9,0.22,0.735,0.475,0.141,0.512,0.569,99.3,99.0,82.5,99,0.484
0022400897,2025-03-05,1610612749,Milwaukee Bucks,1,1,0,1.0,48.0,128.8,130.5,99.6,102.9,29.2,27.6,0.558,1.71,20.0,0.289,0.842,0.621,0.162,0.674,0.704,106.9,104.5,87.08,105,0.623
0022400892,2025-03-05,1610612750,Minnesota Timberwolves,1,1,0,1.0,48.0,130.6,130.2,112.3,114.6,18.3,15.6,0.614,4.5,20.1,0.245,0.614,0.443,0.063,0.606,0.627,96.8,96.0,80.0,96,0.564
0022400895,2025-03-05,1610612760,Oklahoma City Thunder,1,1,0,1.0,48.0,116.1,114.3,97.5,99.0,18.6,15.2,0.614,2.45,19.9,0.093,0.741,0.454,0.105,0.592,0.629,104.5,104.5,87.08,105,0.577
0022400891,2025-03-05,1610612757,Portland Trail Blazers,1,0,1,0.0,48.0,121.1,122.9,132.7,134.7,-11.6,-11.8,0.422,2.38,15.1,0.234,0.604,0.43,0.083,0.589,0.605,97.0,95.5,79.58,96,0.453
0022400896,2025-03-05,1610612758,Sacramento Kings,1,0,1,0.0,48.0,109.8,112.2,113.5,116.0,-3.7,-3.8,0.5,1.83,16.2,0.302,0.673,0.48,0.122,0.516,0.538,101.2,99.0,82.5,98,0.453
0022400894,2025-03-05,1610612762,Utah Jazz,1,0,1,0.0,48.0,113.2,117.3,117.1,119.0,-3.9,-1.7,0.447,1.4,14.4,0.356,0.754,0.552,0.144,0.535,0.556,107.3,104.5,87.08,104,0.453
0022400894,2025-03-05,1610612764,Washington Wizards,1,1,0,1.0,48.0,117.1,119.0,113.2,117.3,3.9,1.7,0.762,3.56,21.2,0.246,0.644,0.448,0.086,0.532,0.58,107.3,104.5,87.08,105,0.547
0022400899,2025-03-06,1610612737,Atlanta Hawks,1,1,0,1.0,48.0,124.1,124.0,118.6,119.2,5.5,4.8,0.64,3.56,21.9,0.298,0.766,0.532,0.09,0.585,0.608,99.7,99.5,82.92,100,0.531
0022400900,2025-03-06,1610612738,Boston Celtics,1,1,0,1.0,48.0,134.1,132.3,106.8,112.9,27.3,19.4,0.696,2.91,22.5,0.378,0.564,0.48,0.118,0.61,0.636,95.0,93.0,77.5,93,0.591
0022400901,2025-03-06,1610612751,Brooklyn Nets,1,0,1,0.0,48.0,120.3,122.7,123.4,126.0,-3.1,-3.4,0.682,2.5,21.7,0.279,0.581,0.43,0.124,0.592,0.627,98.5,96.5,80.42,97,0.482
0022400944,2025-03-06,1610612741,Chicago Bulls,1,1,0,1.0,48.0,118.8,122.5,114.3,119.4,4.5,3.1,0.581,1.32,17.4,0.378,0.706,0.552,0.186,0.587,0.63,106.4,102.5,85.42,102,0.493
0022400901,2025-03-06,1610612744,Golden State Warriors,1,1,0,1.0,48.0,123.4,126.0,120.3,122.7,3.1,3.4,0.775,1.82,21.4,0.419,0.721,0.57,0.177,0.561,0.63,98.5,96.5,80.42,96,0.518
0022400902,2025-03-06,1610612745,Houston Rockets,1,1,0,1.0,48.0,110.2,111.2,99.5,100.0,10.7,11.2,0.717,1.74,23.1,0.286,0.667,0.5,0.194,0.623,0.613,98.2,97.5,81.25,98,0.607
0022400899,2025-03-06,1610612754,Indiana Pacers,1,0,1,0.0,48.0,118.6,119.2,124.1,124.0,-5.5,-4.8,0.614,2.45,19.7,0.234,0.702,0.468,0.111,0.56,0.599,99.7,99.5,82.92,99,0.469
0022400903,2025-03-06,1610612747,Los Angeles Lakers,1,1,0,1.0,53.0,106.3,108.7,99.0,102.8,7.3,5.8,0.658,1.47,17.1,0.333,0.672,0.518,0.163,0.506,0.558,98.0,95.09,79.25,104,0.533
0022400902,2025-03-06,1610612740,New Orleans Pelicans,1,0,1,0.0,48.0,99.5,100.0,110.2,111.2,-10.7,-11.2,0.548,1.13,12.9,0.333,0.714,0.5,0.155,0.428,0.497,98.2,97.5,81.25,97,0.393
0022400903,2025-03-06,1610612752,New York Knicks,1,0,1,0.0,53.0,99.0,102.8,106.3,108.7,-7.3,-5.8,0.541,1.25,13.7,0.328,0.667,0.482,0.151,0.447,0.504,98.0,95.09,79.25,106,0.467
0022400944,2025-03-06,1610612753,Orlando Magic,1,0,1,0.0,48.0,114.3,119.4,118.8,122.5,-4.5,-3.1,0.65,2.17,18.1,0.294,0.622,0.448,0.117,0.511,0.588,106.4,102.5,85.42,103,0.507
0022400900,2025-03-06,1610612755,Philadelphia 76ers,1,0,1,0.0,48.0,106.8,112.9,134.1,132.3,-27.3,-19.4,0.725,1.81,20.1,0.436,0.622,0.52,0.172,0.5,0.524,95.0,93.0,77.5,93,0.409
0022400904,2025-03-07,1610612766,Charlotte Hornets,1,0,1,0.0,48.0,113.3,114.7,114.1,115.7,-0.7,-1.0,0.659,2.42,20.3,0.269,0.766,0.505,0.118,0.549,0.578,103.3,102.0,85.0,102,0.49
0022400904,2025-03-07,1610612739,Cleveland Cavaliers,1,1,0,1.0,48.0,114.1,115.7,113.3,114.7,0.7,1.0,0.5,1.14,12.4,0.234,0.731,0.495,0.137,0.493,0.599,103.3,102.0,85.0,102,0.51
0022400906,2025-03-07,1610612742,Dallas Mavericks,1,0,1,0.0,48.0,103.2,105.7,114.0,116.2,-10.8,-10.5,0.649,2.0,16.6,0.271,0.614,0.44,0.114,0.464,0.521,107.3,105.0,87.5,105,0.439
0022400909,2025-03-07,1610612743,Denver Nuggets,1,1,0,1.0,53.0,140.7,136.7,128.5,129.4,12.2,7.3,0.789,5.0,27.6,0.209,0.786,0.494,0.083,0.696,0.71,97.7,98.72,82.26,109,0.533
0022400911,2025-03-07,1610612746,LA Clippers,1,1,0,1.0,48.0,105.7,107.1,95.1,96.9,10.6,10.2,0.622,1.92,17.2,0.241,0.684,0.468,0.122,0.506,0.545,99.6,98.0,81.67,98,0.534
0022400906,2025-03-07,1610612763,Memphis Grizzlies,1,1,0,1.0,48.0,114.0,116.2,103.2,105.7,10.8,10.5,0.56,2.55,18.1,0.386,0.729,0.56,0.105,0.509,0.54,107.3,105.0,87.5,105,0.561
0022400907,2025-03-07,1610612748,Miami Heat,1,0,1,0.0,48.0,108.5,109.5,112.6,112.8,-4.1,-3.3,0.707,3.22,21.6,0.2,0.791,0.473,0.095,0.539,0.554,95.0,94.5,78.75,95,0.483
0022400907,2025-03-07,1610612750,Minnesota Timberwolves,1,1,0,1.0,48.0,112.6,112.8,108.5,109.5,4.1,3.3,0.7,2.0,21.4,0.209,0.8,0.527,0.149,0.605,0.608,95.0,94.5,78.75,94,0.517
0022400911,2025-03-07,1610612752,New York Knicks,1,0,1,0.0,48.0,95.1,96.9,105.7,107.1,-10.6,-10.2,0.714,1.67,17.7,0.316,0.759,0.532,0.153,0.434,0.48,99.6,98.0,81.67,98,0.466
0022400908,2025-03-07,1610612760,Oklahoma City Thunder,1,1,0,1.0,48.0,106.5,104.9,84.0,86.4,22.5,18.5,0.641,1.92,18.9,0.111,0.714,0.463,0.127,0.548,0.585,103.2,102.5,85.42,102,0.659
0022400909,2025-03-07,1610612756,Phoenix Suns,1,0,1,0.0,53.0,128.5,129.4,140.7,136.7,-12.2,-7.3,0.706,2.77,23.4,0.214,0.791,0.506,0.119,0.648,0.679,97.7,98.72,82.26,109,0.467
0022400908,2025-03-07,1610612757,Portland Trail Blazers,1,0,1,0.0,48.0,84.0,86.4,106.5,104.9,-22.5,-18.5,0.455,0.88,11.0,0.286,0.889,0.537,0.165,0.389,0.432,103.2,102.5,85.42,103,0.341
0022400910,2025-03-07,1610612758,Sacramento Kings,1,1,0,1.0,48.0,131.8,133.7,113.4,116.0,18.4,17.7,0.633,3.88,21.4,0.388,0.774,0.588,0.084,0.599,0.608,96.2,94.5,78.75,95,0.581
0022400910,2025-03-07,1610612759,San Antonio Spurs,1,0,1,0.0,48.0,113.4,116.0,131.8,133.7,-18.4,-17.7,0.675,3.38,20.3,0.226,0.612,0.412,0.085,0.552,0.561,96.2,94.5,78.75,94,0.419
0022400905,2025-03-07,1610612761,Toronto Raptors,1,1,0,1.0,48.0,113.1,114.6,101.7,103.8,11.4,10.8,0.675,2.7,17.4,0.379,0.528,0.445,0.097,0.452,0.507,105.7,104.0,86.67,103,0.523
0022400905,2025-03-07,1610612762,Utah Jazz,1,0,1,0.0,48.0,101.7,103.8,113.1,114.6,-11.4,-10.8,0.538,0.84,13.9,0.472,0.621,0.555,0.238,0.512,0.539,105.7,104.0,86.67,105,0.477
0022400914,2025-03-08,1610612737,Atlanta Hawks,1,1,0,1.0,48.0,111.9,118.8,109.1,115.7,2.8,3.1,0.511,1.35,15.6,0.434,0.6,0.519,0.168,0.515,0.565,107.7,101.5,84.58,101,0.511
0022400918,2025-03-08,1610612738,Boston Celtics,1,1,0,1.0,48.0,118.1,118.1,102.9,106.3,15.2,11.8,0.6,2.4,18.6,0.245,0.725,0.49,0.106,0.554,0.584,96.1,94.5,78.75,94,0.577
0022400912,2025-03-08,1610612751,Brooklyn Nets,1,0,1,0.0,48.0,109.0,115.9,112.9,122.1,-3.9,-6.2,0.526,1.54,16.3,0.333,0.525,0.442,0.148,0.549,0.576,93.3,87.0,72.5,88,0.489
0022400912,2025-03-08,1610612766,Charlotte Hornets,1,1,0,1.0,48.0,112.9,122.1,109.0,115.9,3.9,6.2,0.625,2.5,18.0,0.475,0.667,0.558,0.116,0.464,0.5,93.3,87.0,72.5,86,0.511
0022400916,2025-03-08,1610612741,Chicago Bulls,1,1,0,1.0,48.0,109.2,108.6,101.5,103.8,7.6,4.8,0.675,2.7,19.6,0.12,0.831,0.505,0.095,0.517,0.573,105.9,105.0,87.5,105,0.558
0022400919,2025-03-08,1610612765,Detroit Pistons,1,0,1,0.0,48.0,102.0,104.8,104.5,108.5,-2.5,-3.7,0.436,0.85,12.4,0.283,0.673,0.476,0.19,0.488,0.545,108.9,105.5,87.92,105,0.446
0022400919,2025-03-08,1610612744,Golden State Warriors,1,1,0,1.0,48.0,104.5,108.5,102.0,104.8,2.5,3.7,0.743,1.37,17.4,0.327,0.717,0.524,0.179,0.488,0.564,108.9,105.5,87.92,106,0.554
0022400913,2025-03-08,1610612745,Houston Rockets,1,1,0,1.0,48.0,140.1,144.6,114.7,114.7,25.4,29.8,0.582,2.91,20.9,0.435,0.618,0.535,0.109,0.641,0.674,103.1,101.5,84.58,101,0.616
0022400914,2025-03-08,1610612754,Indiana Pacers,1,0,1,0.0,48.0,109.1,115.7,111.9,118.8,-2.8,-3.1,0.707,1.81,19.0,0.4,0.566,0.481,0.157,0.489,0.55,107.7,101.5,84.58,102,0.489
0022400918,2025-03-08,1610612747,Los Angeles Lakers,1,0,1,0.0,48.0,102.9,106.3,118.1,118.1,-15.2,-11.8,0.462,1.29,14.2,0.275,0.755,0.51,0.147,0.529,0.542,96.1,94.5,78.75,95,0.423
0022400916,2025-03-08,1610612748,Miami Heat,1,0,1,0.0,48.0,101.5,103.8,109.2,108.6,-7.6,-4.8,0.61,2.78,17.9,0.169,0.88,0.495,0.086,0.49,0.517,105.9,105.0,87.5,105,0.442
0022400917,2025-03-08,1610612749,Milwaukee Bucks,1,0,1,0.0,48.0,115.8,114.7,116.4,116.8,-0.6,-2.1,0.415,1.31,14.4,0.158,0.833,0.513,0.137,0.62,0.64,94.7,95.0,79.17,95,0.524
0022400913,2025-03-08,1610612740,New Orleans Pelicans,1,0,1,0.0,48.0,114.7,114.7,140.1,144.6,-25.4,-29.8,0.604,2.07,19.1,0.382,0.565,0.465,0.137,0.545,0.552,103.1,101.5,84.58,102,0.384
0022400917,2025-03-08,1610612753,Orlando Magic,1,1,0,1.0,48.0,116.4,116.8,115.8,114.7,0.6,2.1,0.452,1.9,15.7,0.167,0.842,0.488,0.105,0.585,0.614,94.7,95.0,79.17,95,0.476
0022400915,2025-03-08,1610612761,Toronto Raptors,1,0,1,0.0,48.0,115.6,114.7,113.3,116.8,2.3,-2.1,0.6,1.6,15.9,0.439,0.542,0.491,0.147,0.474,0.541,102.7,101.5,84.58,102,0.494
0022400915,2025-03-08,1610612764,Washington Wizards,1,1,0,1.0,48.0,113.3,116.8,115.6,114.7,-2.3,2.1,0.659,1.81,18.5,0.458,0.561,0.509,0.158,0.505,0.536,102.7,101.5,84.58,101,0.506
0022400922,2025-03-09,1610612739,Cleveland Cavaliers,1,1,0,1.0,48.0,113.9,112.0,98.1,101.0,15.8,11.0,0.641,1.67,17.9,0.294,0.648,0.476,0.15,0.551,0.581,100.1,99.5,82.92,100,0.566
0022400921,2025-03-09,1610612742,Dallas Mavericks,1,0,1,0.0,48.0,119.5,117.2,126.4,126.3,-6.8,-9.1,0.674,4.14,21.8,0.109,0.75,0.39,0.071,0.585,0.61,98.0,99.0,82.5,99,0.438
0022400920,2025-03-09,1610612743,Denver Nuggets,1,0,1,0.0,48.0,103.2,104.0,127.0,128.3,-23.8,-24.2,0.55,2.75,16.1,0.27,0.76,0.487,0.081,0.474,0.487,99.9,99.0,82.5,99,0.365
0022400926,2025-03-09,1610612765,Detroit Pistons,1,1,0,1.0,48.0,115.4,113.3,101.7,107.7,13.7,5.6,0.512,1.57,15.6,0.292,0.742,0.545,0.133,0.546,0.589,106.6,104.5,87.08,105,0.611
0022400927,2025-03-09,1610612746,LA Clippers,1,1,0,1.0,53.0,112.1,113.3,112.2,110.0,-0.1,3.3,0.535,2.3,18.4,0.089,0.776,0.447,0.102,0.593,0.603,89.2,89.66,74.72,98,0.475
0022400923,2025-03-09,1610612763,Memphis Grizzlies,1,1,0,1.0,48.0,108.8,113.8,103.1,108.3,5.7,5.5,0.585,1.71,16.6,0.475,0.679,0.571,0.149,0.48,0.498,99.6,95.0,79.17,94,0.513
0022400922,2025-03-09,1610612749,Milwaukee Bucks,1,0,1,0.0,48.0,98.1,101.0,113.9,112.0,-15.8,-11.0,0.436,0.94,12.6,0.352,0.706,0.524,0.182,0.478,0.505,100.1,99.5,82.92,99,0.434
0022400925,2025-03-09,1610612750,Minnesota Timberwolves,1,1,0,1.0,48.0,140.2,142.4,128.4,125.3,11.7,17.2,0.717,2.92,24.5,0.419,0.725,0.566,0.131,0.668,0.694,98.6,99.0,82.5,99,0.554
0022400923,2025-03-09,1610612740,New Orleans Pelicans,1,0,1,0.0,48.0,103.1,108.3,108.8,113.8,-5.7,-5.5,0.686,1.71,17.6,0.321,0.525,0.429,0.146,0.488,0.537,99.6,95.0,79.17,96,0.487
0022400920,2025-03-09,1610612760,Oklahoma City Thunder,1,1,0,1.0,48.0,127.0,128.3,103.2,104.0,23.8,24.2,0.543,5.0,18.4,0.24,0.73,0.513,0.051,0.559,0.605,99.9,99.0,82.5,99,0.635
0022400924,2025-03-09,1610612755,Philadelphia 76ers,1,1,0,1.0,48.0,113.5,115.6,106.4,111.9,7.1,3.7,0.628,1.5,17.4,0.352,0.691,0.523,0.165,0.531,0.589,112.8,109.0,90.83,109,0.533
0022400921,2025-03-09,1610612756,Phoenix Suns,1,1,0,1.0,48.0,126.4,126.3,119.5,117.2,6.8,9.1,0.673,2.54,23.4,0.25,0.891,0.61,0.131,0.643,0.68,98.0,99.0,82.5,99,0.562
0022400926,2025-03-09,1610612757,Portland Trail Blazers,1,0,1,0.0,48.0,101.7,107.7,115.4,113.3,-13.7,-5.6,0.472,1.31,12.5,0.258,0.708,0.455,0.125,0.468,0.523,106.6,104.5,87.08,104,0.389
0022400927,2025-03-09,1610612758,Sacramento Kings,1,0,1,0.0,53.0,112.2,110.0,112.1,113.3,0.1,-3.3,0.675,3.38,19.6,0.224,0.911,0.553,0.08,0.511,0.561,89.2,89.66,74.72,100,0.525
0022400925,2025-03-09,1610612759,San Antonio Spurs,1,0,1,0.0,48.0,128.4,125.3,140.2,142.4,-11.7,-17.2,0.553,2.17,19.1,0.275,0.581,0.434,0.121,0.618,0.649,98.6,99.0,82.5,99,0.446
0022400924,2025-03-09,1610612762,Utah Jazz,1,0,1,0.0,48.0,106.4,111.9,113.5,115.6,-7.1,-3.7,0.641,1.39,16.7,0.309,0.648,0.477,0.165,0.516,0.572,112.8,109.0,90.83,109,0.467
0022400928,2025-03-10,1610612737,Atlanta Hawks,1,1,0,1.0,48.0,125.5,129.4,117.4,120.6,8.2,8.8,0.642,2.27,22.1,0.383,0.783,0.581,0.147,0.617,0.634,105.0,102.0,85.0,102,0.54
0022400929,2025-03-10,1610612738,Boston Celtics,1,1,0,1.0,48.0,116.4,115.2,109.9,110.2,6.5,4.9,0.7,3.11,19.9,0.259,0.717,0.486,0.091,0.527,0.565,98.1,98.5,82.08,99,0.542
0022400930,2025-03-10,1610612751,Brooklyn Nets,1,1,0,1.0,48.0,117.8,116.8,107.6,114.9,10.2,1.9,0.595,3.14,16.2,0.328,0.694,0.495,0.074,0.511,0.538,97.3,94.5,78.75,95,0.503
0022400931,2025-03-10,1610612766,Charlotte Hornets,1,1,0,1.0,48.0,108.1,110.5,103.2,107.4,4.9,3.2,0.722,2.6,19.4,0.26,0.653,0.455,0.105,0.483,0.546,98.0,95.0,79.17,95,0.517
0022400933,2025-03-10,1610612741,Chicago Bulls,1,1,0,1.0,48.0,107.9,112.0,92.5,95.4,15.4,16.7,0.612,1.67,19.7,0.28,0.778,0.558,0.167,0.561,0.581,111.8,108.0,90.0,108,0.561
0022400937,2025-03-10,1610612742,Dallas Mavericks,1,1,0,1.0,48.0,130.1,135.7,127.0,131.6,3.1,4.1,0.532,2.27,18.2,0.372,0.667,0.527,0.112,0.602,0.657,101.9,98.0,81.67,98,0.536
0022400936,2025-03-10,1610612743,Denver Nuggets,1,1,0,1.0,48.0,143.1,141.4,120.9,128.3,22.2,13.1,0.615,2.67,22.9,0.294,0.648,0.511,0.121,0.709,0.738,101.4,99.0,82.5,99,0.568
0022400938,2025-03-10,1610612744,Golden State Warriors,1,1,0,1.0,48.0,129.7,130.0,117.1,118.8,12.6,11.2,0.778,1.94,23.5,0.333,0.612,0.484,0.18,0.653,0.69,101.4,100.5,83.75,100,0.55
0022400934,2025-03-10,1610612745,Houston Rockets,1,1,0,1.0,48.0,100.1,104.3,90.8,92.3,9.3,12.0,0.571,1.0,14.3,0.483,0.754,0.622,0.215,0.483,0.5,94.7,92.0,76.67,93,0.575
0022400933,2025-03-10,1610612754,Indiana Pacers,1,0,1,0.0,48.0,92.5,95.4,107.9,112.0,-15.4,-16.7,0.75,3.0,19.7,0.222,0.72,0.442,0.093,0.446,0.471,111.8,108.0,90.0,108,0.439
0022400930,2025-03-10,1610612747,Los Angeles Lakers,1,0,1,0.0,48.0,107.6,114.9,117.8,116.8,-10.2,-1.9,0.838,2.07,22.1,0.306,0.672,0.505,0.16,0.547,0.578,97.3,94.5,78.75,94,0.497
0022400935,2025-03-10,1610612763,Memphis Grizzlies,1,1,0,1.0,48.0,117.8,122.4,117.2,119.2,0.6,3.3,0.65,1.73,18.7,0.333,0.58,0.459,0.153,0.564,0.613,101.3,98.5,82.08,98,0.508
0022400931,2025-03-10,1610612748,Miami Heat,1,0,1,0.0,48.0,103.2,107.4,108.1,110.5,-4.9,-3.2,0.615,1.5,17.6,0.347,0.74,0.545,0.168,0.518,0.544,98.0,95.0,79.17,95,0.483
0022400939,2025-03-10,1610612752,New York Knicks,1,1,0,1.0,48.0,126.1,133.0,102.5,104.0,23.6,29.0,0.756,2.13,23.0,0.35,0.667,0.527,0.16,0.667,0.697,103.4,100.0,83.33,100,0.659
0022400936,2025-03-10,1610612760,Oklahoma City Thunder,1,0,1,0.0,48.0,120.9,128.3,143.1,141.4,-22.2,-13.1,0.617,2.64,19.7,0.352,0.706,0.489,0.111,0.565,0.593,101.4,99.0,82.5,99,0.432
0022400934,2025-03-10,1610612753,Orlando Magic,1,0,1,0.0,48.0,90.8,92.3,100.1,104.3,-9.3,-12.0,0.536,1.67,12.4,0.246,0.517,0.378,0.099,0.372,0.435,94.7,92.0,76.67,91,0.425
0022400928,2025-03-10,1610612755,Philadelphia 76ers,1,0,1,0.0,48.0,117.4,120.6,125.5,129.4,-8.2,-8.8,0.63,2.64,20.6,0.217,0.617,0.419,0.108,0.593,0.616,105.0,102.0,85.0,102,0.46
0022400935,2025-03-10,1610612756,Phoenix Suns,1,0,1,0.0,48.0,117.2,119.2,117.8,122.4,-0.6,-3.3,0.756,1.94,20.5,0.42,0.667,0.541,0.162,0.567,0.592,101.3,98.5,82.08,99,0.492
0022400938,2025-03-10,1610612757,Portland Trail Blazers,1,0,1,0.0,48.0,117.1,118.8,129.7,130.0,-12.6,-11.2,0.705,1.63,20.5,0.388,0.667,0.516,0.188,0.582,0.609,101.4,100.5,83.75,101,0.45
0022400939,2025-03-10,1610612758,Sacramento Kings,1,0,1,0.0,48.0,102.5,104.0,126.1,133.0,-23.6,-29.0,0.5,1.0,13.3,0.333,0.65,0.473,0.18,0.477,0.534,103.4,100.0,83.33,100,0.341
0022400937,2025-03-10,1610612759,San Antonio Spurs,1,0,1,0.0,48.0,127.0,131.6,130.1,135.7,-3.1,-4.1,0.592,3.22,20.3,0.333,0.628,0.473,0.092,0.612,0.617,101.9,98.0,81.67,98,0.464
0022400932,2025-03-10,1610612761,Toronto Raptors,1,1,0,1.0,48.0,115.8,120.2,100.4,104.0,15.4,16.2,0.605,2.89,16.4,0.459,0.696,0.573,0.091,0.468,0.489,103.2,99.5,82.92,99,0.539
0022400929,2025-03-10,1610612762,Utah Jazz,1,0,1,0.0,48.0,109.9,110.2,116.4,115.2,-6.5,-4.9,0.674,2.42,20.4,0.283,0.741,0.514,0.122,0.521,0.538,98.1,98.5,82.08,98,0.458
0022400932,2025-03-10,1610612764,Washington Wizards,1,0,1,0.0,48.0,100.4,104.0,115.8,120.2,-15.4,-16.2,0.658,3.13,17.1,0.304,0.541,0.427,0.08,0.438,0.466,103.2,99.5,82.92,100,0.461
0022400940,2025-03-11,1610612751,Brooklyn Nets,1,0,1,0.0,48.0,107.0,109.5,105.8,113.5,1.2,-4.1,0.795,2.07,22.8,0.208,0.608,0.414,0.158,0.56,0.577,100.1,95.5,79.58,95,0.476
0022400940,2025-03-11,1610612739,Cleveland Cavaliers,1,1,0,1.0,48.0,105.8,113.5,107.0,109.5,-1.2,4.1,0.59,1.53,16.7,0.392,0.792,0.586,0.156,0.494,0.545,100.1,95.5,79.58,96,0.524
0022400941,2025-03-11,1610612765,Detroit Pistons,1,1,0,1.0,48.0,117.6,119.4,101.2,100.0,16.4,19.4,0.604,2.42,19.2,0.339,0.759,0.553,0.117,0.538,0.556,103.2,103.0,85.83,103,0.598
0022400942,2025-03-11,1610612754,Indiana Pacers,1,1,0,1.0,48.0,115.1,117.3,112.5,115.2,2.6,2.2,0.682,3.0,22.4,0.13,0.75,0.433,0.102,0.58,0.606,100.6,98.5,82.08,98,0.509
0022400943,2025-03-11,1610612746,LA Clippers,1,0,1,0.0,48.0,120.1,120.0,127.1,129.6,-7.0,-9.6,0.739,3.09,23.3,0.265,0.605,0.414,0.11,0.576,0.6,99.9,99.0,82.5,100,0.467
0022400942,2025-03-11,1610612749,Milwaukee Bucks,1,0,1,0.0,48.0,112.5,115.2,115.1,117.3,-2.6,-2.2,0.744,2.13,22.7,0.25,0.87,0.567,0.152,0.595,0.617,100.6,98.5,82.08,99,0.491
0022400943,2025-03-11,1610612740,New Orleans Pelicans,1,1,0,1.0,48.0,127.1,129.6,120.1,120.0,7.0,9.6,0.723,1.79,23.1,0.395,0.735,0.586,0.194,0.653,0.683,99.9,99.0,82.5,98,0.533
0022400941,2025-03-11,1610612764,Washington Wizards,1,0,1,0.0,48.0,101.2,100.0,117.6,119.4,-16.4,-19.4,0.541,1.54,14.6,0.241,0.661,0.447,0.126,0.473,0.511,103.2,103.0,85.83,103,0.402
0022400945,2025-03-12,1610612737,Atlanta Hawks,1,1,0,1.0,48.0,115.9,117.1,102.9,103.8,13.0,13.4,0.703,1.86,17.8,0.278,0.68,0.471,0.133,0.5,0.585,106.5,105.5,87.92,105,0.544
0022400946,2025-03-12,1610612738,Boston Celtics,1,0,1,0.0,48.0,115.1,116.7,119.9,121.6,-4.8,-5.0,0.61,1.92,18.1,0.321,0.686,0.5,0.135,0.543,0.564,97.8,96.5,80.42,96,0.466
0022400945,2025-03-12,1610612766,Charlotte Hornets,1,0,1,0.0,48.0,102.9,103.8,115.9,117.1,-13.0,-13.4,0.725,1.38,19.2,0.32,0.722,0.529,0.198,0.534,0.573,106.5,105.5,87.92,106,0.456
0022400951,2025-03-12,1610612742,Dallas Mavericks,1,0,1,0.0,48.0,112.1,114.9,121.1,122.3,-9.0,-7.5,0.667,1.67,22.2,0.103,0.622,0.381,0.178,0.636,0.656,103.8,102.0,85.0,101,0.465
0022400952,2025-03-12,1610612743,Denver Nuggets,1,0,1,0.0,48.0,98.3,99.0,115.0,121.1,-16.7,-22.1,0.556,2.0,15.3,0.273,0.625,0.437,0.104,0.444,0.481,98.4,95.5,79.58,96,0.4
0022400949,2025-03-12,1610612745,Houston Rockets,1,1,0,1.0,48.0,114.4,116.8,110.9,110.6,3.6,6.2,0.625,2.78,18.7,0.314,0.829,0.523,0.095,0.523,0.561,95.4,94.5,78.75,95,0.501
0022400948,2025-03-12,1610612746,LA Clippers,1,1,0,1.0,48.0,127.2,129.3,112.8,111.8,14.3,17.5,0.533,1.33,18.6,0.371,0.761,0.593,0.196,0.678,0.687,92.9,92.5,77.08,92,0.563
0022400950,2025-03-12,1610612763,Memphis Grizzlies,1,1,0,1.0,48.0,113.8,115.1,106.2,106.5,7.6,8.6,0.698,3.33,21.1,0.111,0.636,0.376,0.085,0.564,0.591,107.8,107.0,89.17,106,0.538
0022400948,2025-03-12,1610612748,Miami Heat,1,0,1,0.0,48.0,112.8,111.8,127.2,129.3,-14.3,-17.5,0.675,2.45,20.6,0.239,0.629,0.407,0.118,0.56,0.577,92.9,92.5,77.08,93,0.437
0022400952,2025-03-12,1610612750,Minnesota Timberwolves,1,1,0,1.0,48.0,115.0,121.1,98.3,99.0,16.7,22.1,0.721,2.07,21.5,0.375,0.727,0.563,0.158,0.572,0.593,98.4,95.5,79.58,95,0.6
0022400953,2025-03-12,1610612752,New York Knicks,1,1,0,1.0,53.0,106.7,109.6,107.6,110.8,-0.9,-1.2,0.614,1.8,18.1,0.358,0.545,0.454,0.144,0.532,0.554,95.9,93.28,77.74,104,0.543
0022400946,2025-03-12,1610612760,Oklahoma City Thunder,1,1,0,1.0,48.0,119.9,121.6,115.1,116.7,4.8,5.0,0.475,1.58,14.4,0.314,0.679,0.5,0.124,0.567,0.606,97.8,96.5,80.42,97,0.534
0022400947,2025-03-12,1610612755,Philadelphia 76ers,1,0,1,0.0,48.0,100.3,101.0,104.5,113.5,-4.2,-12.5,0.463,2.11,13.9,0.241,0.542,0.393,0.087,0.464,0.497,108.8,104.0,86.67,104,0.439
0022400949,2025-03-12,1610612756,Phoenix Suns,1,0,1,0.0,48.0,110.9,110.6,114.4,116.8,-3.6,-6.2,0.564,1.29,18.0,0.171,0.686,0.477,0.181,0.603,0.636,95.4,94.5,78.75,94,0.499
0022400953,2025-03-12,1610612757,Portland Trail Blazers,1,0,1,0.0,53.0,107.6,110.8,106.7,109.6,0.9,1.2,0.5,0.8,13.6,0.455,0.642,0.546,0.245,0.539,0.559,95.9,93.28,77.74,102,0.457
0022400951,2025-03-12,1610612759,San Antonio Spurs,1,1,0,1.0,48.0,121.1,122.3,112.1,114.9,9.0,7.5,0.64,2.0,21.3,0.378,0.897,0.619,0.155,0.59,0.624,103.8,102.0,85.0,103,0.535
0022400947,2025-03-12,1610612761,Toronto Raptors,1,1,0,1.0,48.0,104.5,113.5,100.3,101.0,4.2,12.5,0.75,1.5,20.1,0.458,0.759,0.607,0.212,0.52,0.547,108.8,104.0,86.67,104,0.561
0022400950,2025-03-12,1610612762,Utah Jazz,1,0,1,0.0,48.0,106.2,106.5,113.8,115.1,-7.6,-8.6,0.571,1.04,15.8,0.364,0.889,0.624,0.213,0.533,0.562,107.8,107.0,89.17,108,0.462
0022400956,2025-03-13,1610612751,Brooklyn Nets,1,0,1,0.0,48.0,112.3,113.4,120.3,119.6,-7.9,-6.2,0.744,3.56,21.5,0.364,0.725,0.538,0.093,0.505,0.529,97.2,97.0,80.83,97,0.469
0022400956,2025-03-13,1610612741,Chicago Bulls,1,1,0,1.0,48.0,120.3,119.6,112.3,113.4,7.9,6.2,0.585,3.0,17.8,0.275,0.636,0.462,0.082,0.517,0.572,97.2,97.0,80.83,97,0.531
0022400954,2025-03-13,1610612765,Detroit Pistons,1,0,1,0.0,48.0,116.9,115.7,119.6,118.3,-2.7,-2.6,0.59,1.92,16.2,0.22,0.755,0.485,0.111,0.518,0.601,107.4,108.5,90.42,108,0.48
0022400957,2025-03-13,1610612744,Golden State Warriors,1,1,0,1.0,48.0,133.3,134.0,105.4,105.1,27.9,29.0,0.778,2.19,24.8,0.257,0.822,0.575,0.165,0.718,0.734,98.1,98.0,81.67,97,0.614
0022400955,2025-03-13,1610612747,Los Angeles Lakers,1,0,1,0.0,48.0,102.0,103.9,119.4,122.3,-17.4,-18.4,0.474,1.29,14.1,0.154,0.776,0.455,0.137,0.523,0.558,104.7,102.5,85.42,102,0.368
0022400955,2025-03-13,1610612749,Milwaukee Bucks,1,1,0,1.0,48.0,119.4,122.3,102.0,103.9,17.4,18.4,0.732,2.5,20.8,0.224,0.846,0.545,0.117,0.576,0.627,104.7,102.5,85.42,103,0.632
0022401141,2025-03-13,1610612740,New Orleans Pelicans,1,0,1,0.0,48.0,103.1,102.2,120.3,124.2,-17.3,-22.0,0.657,1.77,18.3,0.267,0.69,0.471,0.143,0.487,0.527,92.1,91.0,75.83,91,0.417
0022401141,2025-03-13,1610612753,Orlando Magic,1,1,0,1.0,48.0,120.3,124.2,103.1,102.2,17.3,22.0,0.581,2.27,19.4,0.31,0.733,0.529,0.121,0.596,0.621,92.1,91.0,75.83,91,0.583
0022400957,2025-03-13,1610612758,Sacramento Kings,1,0,1,0.0,48.0,105.4,105.1,133.3,134.0,-27.9,-29.0,0.676,1.67,18.9,0.178,0.743,0.425,0.152,0.557,0.586,98.1,98.0,81.67,99,0.386
0022400954,2025-03-13,1610612764,Washington Wizards,1,1,0,1.0,48.0,119.6,118.3,116.9,115.7,2.7,2.6,0.698,1.88,19.9,0.245,0.78,0.515,0.147,0.589,0.633,107.4,108.5,90.42,109,0.52
0022400960,2025-03-14,1610612737,Atlanta Hawks,1,0,1,0.0,48.0,97.5,98.0,118.9,122.2,-21.3,-24.2,0.676,1.39,17.6,0.327,0.762,0.521,0.18,0.472,0.513,101.1,99.5,82.92,100,0.392
0022400958,2025-03-14,1610612738,Boston Celtics,1,1,0,1.0,48.0,108.7,112.0,97.3,98.9,11.4,13.0,0.5,1.2,14.5,0.298,0.767,0.522,0.163,0.548,0.58,94.1,92.0,76.67,92,0.53
0022400964,2025-03-14,1610612766,Charlotte Hornets,1,1,0,1.0,48.0,137.6,146.5,131.8,136.7,5.8,9.7,0.824,2.1,26.8,0.472,0.592,0.541,0.202,0.753,0.777,103.5,98.5,82.08,99,0.555
0022400962,2025-03-14,1610612739,Cleveland Cavaliers,1,1,0,1.0,48.0,120.3,120.9,112.5,113.8,7.9,7.1,0.727,2.0,20.9,0.224,0.76,0.495,0.145,0.608,0.649,110.4,109.5,91.25,110,0.545
0022400961,2025-03-14,1610612742,Dallas Mavericks,1,0,1,0.0,48.0,94.8,93.2,127.5,130.4,-32.8,-37.2,0.359,1.75,11.4,0.105,0.627,0.352,0.078,0.457,0.483,102.8,102.5,85.42,103,0.325
0022400965,2025-03-14,1610612743,Denver Nuggets,1,1,0,1.0,48.0,125.1,127.2,123.5,124.8,1.6,2.4,0.682,2.5,20.3,0.326,0.632,0.495,0.117,0.594,0.644,103.4,102.0,85.0,103,0.532
0022400961,2025-03-14,1610612745,Houston Rockets,1,1,0,1.0,48.0,127.5,130.4,94.8,93.2,32.8,37.2,0.5,2.45,18.2,0.373,0.895,0.648,0.108,0.586,0.603,102.8,102.5,85.42,102,0.675
0022400959,2025-03-14,1610612754,Indiana Pacers,1,1,0,1.0,48.0,116.8,119.1,103.4,106.4,13.3,12.8,0.705,2.82,22.1,0.306,0.7,0.505,0.117,0.551,0.578,96.3,94.0,78.33,94,0.601
0022400960,2025-03-14,1610612746,LA Clippers,1,1,0,1.0,48.0,118.9,122.2,97.5,98.0,21.3,24.2,0.574,1.93,19.9,0.238,0.673,0.479,0.141,0.616,0.638,101.1,99.5,82.92,99,0.608
0022400965,2025-03-14,1610612747,Los Angeles Lakers,1,0,1,0.0,48.0,123.5,124.8,125.1,127.2,-1.6,-2.4,0.653,3.56,20.8,0.368,0.674,0.505,0.089,0.538,0.562,103.4,102.0,85.0,101,0.468
0022400962,2025-03-14,1610612763,Memphis Grizzlies,1,0,1,0.0,48.0,112.5,113.8,120.3,120.9,-7.9,-7.1,0.521,1.79,17.1,0.24,0.776,0.505,0.128,0.552,0.584,110.4,109.5,91.25,109,0.455
0022400958,2025-03-14,1610612748,Miami Heat,1,0,1,0.0,48.0,97.3,98.9,108.7,112.0,-11.4,-13.0,0.529,1.0,15.0,0.233,0.702,0.478,0.196,0.54,0.552,94.1,92.0,76.67,92,0.47
0022400963,2025-03-14,1610612750,Minnesota Timberwolves,1,1,0,1.0,48.0,115.3,116.8,107.1,112.1,8.3,4.7,0.619,1.63,18.7,0.3,0.82,0.589,0.158,0.613,0.639,103.0,100.0,83.33,101,0.577
0022400963,2025-03-14,1610612753,Orlando Magic,1,0,1,0.0,48.0,107.1,112.1,115.3,116.8,-8.3,-4.7,0.45,1.64,14.3,0.18,0.7,0.411,0.111,0.517,0.562,103.0,100.0,83.33,99,0.423
0022400959,2025-03-14,1610612755,Philadelphia 76ers,1,0,1,0.0,48.0,103.4,106.4,116.8,119.1,-13.3,-12.8,0.351,0.81,10.7,0.3,0.694,0.495,0.17,0.518,0.545,96.3,94.0,78.33,94,0.399
0022400967,2025-03-14,1610612756,Phoenix Suns,1,1,0,1.0,48.0,129.3,129.8,109.5,110.4,19.8,19.4,0.805,2.36,24.3,0.231,0.643,0.444,0.149,0.671,0.698,95.6,95.0,79.17,94,0.582
0022400967,2025-03-14,1610612758,Sacramento Kings,1,0,1,0.0,48.0,109.5,110.4,129.3,129.8,-19.8,-19.4,0.625,1.32,18.4,0.357,0.769,0.556,0.198,0.543,0.59,95.6,95.0,79.17,96,0.418
0022400964,2025-03-14,1610612759,San Antonio Spurs,1,0,1,0.0,48.0,131.8,136.7,137.6,146.5,-5.8,-9.7,0.563,1.93,18.8,0.408,0.528,0.459,0.143,0.616,0.64,103.5,98.5,82.08,98,0.445
0022400966,2025-03-14,1610612761,Toronto Raptors,1,1,0,1.0,48.0,113.1,110.5,103.8,105.4,9.3,5.2,0.636,1.87,18.2,0.265,0.86,0.566,0.132,0.549,0.592,112.5,113.0,94.17,114,0.569
0022400966,2025-03-14,1610612762,Utah Jazz,1,0,1,0.0,48.0,103.8,105.4,113.1,110.5,-9.3,-5.2,0.59,1.35,16.2,0.14,0.735,0.434,0.152,0.528,0.575,112.5,113.0,94.17,112,0.431
0022400968,2025-03-15,1610612738,Boston Celtics,1,1,0,1.0,48.0,131.6,135.3,130.3,131.4,1.3,3.9,0.659,3.63,22.7,0.333,0.551,0.447,0.094,0.601,0.623,87.0,85.5,71.25,85,0.523
0022400968,2025-03-15,1610612751,Brooklyn Nets,1,0,1,0.0,48.0,130.3,131.4,131.6,135.3,-1.3,-3.9,0.81,3.78,24.1,0.449,0.667,0.553,0.105,0.578,0.59,87.0,85.5,71.25,86,0.477
0022400970,2025-03-15,1610612741,Chicago Bulls,1,0,1,0.0,48.0,107.5,111.8,108.9,113.6,-1.4,-1.8,0.558,2.18,17.6,0.196,0.593,0.409,0.108,0.538,0.57,106.7,102.5,85.42,102,0.492
0022400975,2025-03-15,1610612743,Denver Nuggets,1,0,1,0.0,48.0,111.3,116.0,118.3,121.2,-7.0,-5.1,0.833,2.22,24.7,0.327,0.68,0.505,0.17,0.568,0.6,108.5,105.0,87.5,106,0.507
0022400969,2025-03-15,1610612765,Detroit Pistons,1,0,1,0.0,48.0,102.2,102.9,105.9,107.6,-3.7,-4.7,0.69,1.71,20.6,0.167,0.723,0.442,0.163,0.557,0.571,105.7,104.5,87.08,104,0.496
0022400974,2025-03-15,1610612744,Golden State Warriors,1,1,0,1.0,48.0,103.5,104.3,102.5,100.0,1.1,4.3,0.758,2.27,19.2,0.231,0.72,0.471,0.118,0.476,0.523,92.7,93.5,77.92,93,0.522
0022400970,2025-03-15,1610612745,Houston Rockets,1,1,0,1.0,48.0,108.9,113.6,107.5,111.8,1.4,1.8,0.545,1.71,16.0,0.407,0.804,0.591,0.136,0.52,0.535,106.7,102.5,85.42,103,0.508
0022400972,2025-03-15,1610612754,Indiana Pacers,1,0,1,0.0,48.0,114.7,119.0,125.4,124.8,-10.7,-5.8,0.63,2.42,20.3,0.264,0.778,0.472,0.12,0.568,0.585,102.1,100.5,83.75,100,0.437
0022400971,2025-03-15,1610612763,Memphis Grizzlies,1,1,0,1.0,48.0,128.5,128.9,92.3,92.9,36.2,36.0,0.608,2.82,22.3,0.262,0.782,0.557,0.113,0.62,0.642,97.9,97.5,81.25,97,0.674
0022400971,2025-03-15,1610612748,Miami Heat,1,0,1,0.0,48.0,92.3,92.9,128.5,128.9,-36.2,-36.0,0.686,1.71,18.0,0.218,0.738,0.443,0.143,0.449,0.481,97.9,97.5,81.25,98,0.326
0022400972,2025-03-15,1610612749,Milwaukee Bucks,1,1,0,1.0,48.0,125.4,124.8,114.7,119.0,10.7,5.8,0.651,1.65,20.4,0.222,0.736,0.528,0.168,0.639,0.697,102.1,100.5,83.75,101,0.563
0022400973,2025-03-15,1610612740,New Orleans Pelicans,1,0,1,0.0,48.0,111.8,115.0,118.4,119.0,-6.6,-4.0,0.739,1.89,22.5,0.37,0.804,0.598,0.18,0.565,0.594,101.7,100.0,83.33,100,0.508
0022400974,2025-03-15,1610612752,New York Knicks,1,0,1,0.0,48.0,102.5,100.0,103.5,104.3,-1.1,-4.3,0.541,1.54,15.6,0.28,0.769,0.529,0.138,0.483,0.512,92.7,93.5,77.92,94,0.478
0022400969,2025-03-15,1610612760,Oklahoma City Thunder,1,1,0,1.0,48.0,105.9,107.6,102.2,102.9,3.7,4.7,0.395,0.94,12.6,0.277,0.833,0.558,0.171,0.539,0.573,105.7,104.5,87.08,105,0.504
0022400973,2025-03-15,1610612759,San Antonio Spurs,1,1,0,1.0,48.0,118.4,119.0,111.8,115.0,6.6,4.0,0.667,2.6,19.1,0.196,0.63,0.402,0.1,0.56,0.604,101.7,100.0,83.33,100,0.492
0022400975,2025-03-15,1610612764,Washington Wizards,1,1,0,1.0,48.0,118.3,121.2,111.3,116.0,7.0,5.1,0.739,2.0,22.1,0.32,0.673,0.495,0.163,0.584,0.615,108.5,105.0,87.5,104,0.493
0022400978,2025-03-16,1610612737,Atlanta Hawks,1,0,1,0.0,48.0,109.0,112.9,116.1,122.0,-7.0,-9.1,0.643,1.93,19.0,0.327,0.633,0.48,0.139,0.528,0.567,104.8,100.5,83.75,101,0.489
0022400978,2025-03-16,1610612751,Brooklyn Nets,1,1,0,1.0,48.0,116.1,122.0,109.0,112.9,7.0,9.1,0.767,1.94,21.9,0.367,0.673,0.52,0.17,0.572,0.609,104.8,100.5,83.75,100,0.511
0022400538,2025-03-16,1610612766,Charlotte Hornets,1,0,1,0.0,48.0,89.8,88.9,126.6,124.2,-36.8,-35.4,0.73,2.45,19.6,0.211,0.66,0.421,0.111,0.426,0.449,97.5,99.0,82.5,99,0.344
0022400979,2025-03-16,1610612739,Cleveland Cavaliers,1,0,1,0.0,48.0,100.2,103.0,107.0,106.9,-6.8,-3.9,0.525,1.5,14.9,0.345,0.66,0.491,0.14,0.469,0.491,101.9,100.5,83.75,100,0.446
0022400976,2025-03-16,1610612742,Dallas Mavericks,1,0,1,0.0,48.0,118.8,120.2,124.3,125.0,-5.5,-4.8,0.565,1.73,18.2,0.289,0.766,0.533,0.144,0.586,0.624,104.9,104.0,86.67,104,0.488
0022400538,2025-03-16,1610612746,LA Clippers,1,1,0,1.0,48.0,126.6,124.2,89.8,88.9,36.8,35.4,0.667,2.73,20.5,0.34,0.789,0.579,0.111,0.554,0.596,97.5,99.0,82.5,99,0.656
0022400977,2025-03-16,1610612747,Los Angeles Lakers,1,1,0,1.0,48.0,109.1,113.8,97.7,101.1,11.4,12.8,0.629,2.2,17.3,0.22,0.673,0.457,0.106,0.519,0.563,98.2,94.5,78.75,94,0.556
0022400982,2025-03-16,1610612749,Milwaukee Bucks,1,0,1,0.0,48.0,107.7,108.2,118.6,123.5,-11.0,-15.2,0.636,2.33,16.2,0.218,0.689,0.43,0.093,0.476,0.538,99.8,97.5,81.25,97,0.388
0022400981,2025-03-16,1610612750,Minnesota Timberwolves,1,1,0,1.0,48.0,125.0,124.3,93.9,100.0,31.0,24.3,0.625,3.0,19.7,0.358,0.679,0.519,0.097,0.567,0.59,105.5,102.5,85.42,103,0.649
0022400982,2025-03-16,1610612760,Oklahoma City Thunder,1,1,0,1.0,48.0,118.6,123.5,107.7,108.2,11.0,15.2,0.652,3.0,21.1,0.311,0.782,0.57,0.102,0.573,0.605,99.8,97.5,81.25,98,0.613
0022400979,2025-03-16,1610612753,Orlando Magic,1,1,0,1.0,48.0,107.0,106.9,100.2,103.0,6.8,3.9,0.618,1.17,15.1,0.34,0.655,0.509,0.178,0.5,0.563,101.9,100.5,83.75,101,0.554
0022400976,2025-03-16,1610612755,Philadelphia 76ers,1,1,0,1.0,48.0,124.3,125.0,118.8,120.2,5.5,4.8,0.438,1.91,15.4,0.234,0.711,0.467,0.106,0.598,0.634,104.9,104.0,86.67,104,0.512
0022400977,2025-03-16,1610612756,Phoenix Suns,1,0,1,0.0,48.0,97.7,101.1,109.1,113.8,-11.4,-12.8,0.714,1.79,18.1,0.327,0.78,0.543,0.147,0.444,0.489,98.2,94.5,78.75,95,0.444
0022400980,2025-03-16,1610612757,Portland Trail Blazers,1,1,0,1.0,48.0,106.1,106.1,100.2,104.1,5.9,2.0,0.583,0.95,14.8,0.415,0.586,0.505,0.222,0.511,0.547,100.4,98.5,82.08,99,0.511
0022400980,2025-03-16,1610612761,Toronto Raptors,1,0,1,0.0,48.0,100.2,104.1,106.1,106.1,-5.9,-2.0,0.763,1.61,19.2,0.414,0.585,0.495,0.184,0.457,0.496,100.4,98.5,82.08,98,0.489
0022400981,2025-03-16,1610612762,Utah Jazz,1,0,1,0.0,48.0,93.9,100.0,125.0,124.3,-31.0,-24.3,0.59,1.05,16.2,0.321,0.642,0.481,0.216,0.5,0.528,105.5,102.5,85.42,102,0.351
0022400989,2025-03-17,1610612741,Chicago Bulls,1,1,0,1.0,48.0,104.7,105.7,89.3,92.4,15.4,13.3,0.69,2.64,19.9,0.214,0.83,0.514,0.105,0.505,0.533,107.4,105.0,87.5,105,0.596
0022400990,2025-03-17,1610612743,Denver Nuggets,1,1,0,1.0,48.0,110.8,109.6,100.1,101.9,10.7,7.7,0.744,1.45,20.3,0.44,0.731,0.588,0.212,0.543,0.57,103.9,103.5,86.25,104,0.551
0022400987,2025-03-17,1610612765,Detroit Pistons,1,1,0,1.0,48.0,127.3,128.3,78.5,81.0,48.8,47.3,0.717,2.36,22.8,0.325,0.689,0.545,0.141,0.625,0.656,101.5,99.5,82.92,99,0.771
0022400990,2025-03-17,1610612744,Golden State Warriors,1,0,1,0.0,48.0,100.1,101.9,110.8,109.6,-10.7,-7.7,0.585,1.2,17.0,0.269,0.56,0.412,0.194,0.536,0.548,103.9,103.5,86.25,103,0.449
0022400985,2025-03-17,1610612745,Houston Rockets,1,1,0,1.0,53.0,131.4,130.9,120.2,126.9,11.3,4.1,0.686,2.33,20.5,0.448,0.74,0.583,0.136,0.579,0.612,101.2,98.72,82.26,110,0.554
0022400986,2025-03-17,1610612754,Indiana Pacers,1,1,0,1.0,53.0,116.7,116.8,109.4,113.0,7.3,3.8,0.583,1.4,17.9,0.294,0.691,0.5,0.177,0.582,0.616,105.0,103.25,86.04,113,0.502
0022400537,2025-03-17,1610612747,Los Angeles Lakers,1,1,0,1.0,48.0,123.1,123.8,106.7,110.1,16.4,13.7,0.773,3.78,23.1,0.265,0.745,0.5,0.089,0.594,0.622,101.9,100.0,83.33,101,0.578
0022400992,2025-03-17,1610612763,Memphis Grizzlies,1,0,1,0.0,48.0,119.3,117.3,125.5,126.9,-6.1,-9.6,0.545,1.33,16.8,0.326,0.723,0.527,0.173,0.561,0.615,103.7,104.0,86.67,104,0.468
0022400984,2025-03-17,1610612748,Miami Heat,1,0,1,0.0,48.0,95.7,97.9,117.6,120.8,-21.9,-22.9,0.59,1.1,17.3,0.295,0.646,0.478,0.216,0.512,0.544,99.0,96.5,80.42,97,0.425
0022400986,2025-03-17,1610612750,Minnesota Timberwolves,1,0,1,0.0,53.0,109.4,113.0,116.7,116.8,-7.3,-3.8,0.568,1.67,16.0,0.309,0.706,0.5,0.13,0.521,0.576,105.0,103.25,86.04,115,0.498
0022400987,2025-03-17,1610612740,New Orleans Pelicans,1,0,1,0.0,48.0,78.5,81.0,127.3,128.3,-48.8,-47.3,0.643,1.06,13.2,0.311,0.675,0.455,0.17,0.355,0.408,101.5,99.5,82.92,100,0.229
0022400984,2025-03-17,1610612752,New York Knicks,1,1,0,1.0,48.0,117.6,120.8,95.7,97.9,21.9,22.9,0.638,2.14,21.0,0.354,0.705,0.522,0.146,0.579,0.594,99.0,96.5,80.42,96,0.575
0022400985,2025-03-17,1610612755,Philadelphia 76ers,1,0,1,0.0,53.0,120.2,126.9,131.4,130.9,-11.3,-4.1,0.438,1.31,14.8,0.26,0.552,0.417,0.148,0.632,0.646,101.2,98.72,82.26,108,0.446
0022400991,2025-03-17,1610612756,Phoenix Suns,1,1,0,1.0,48.0,133.5,134.4,91.6,93.7,41.9,40.7,0.723,3.4,23.8,0.311,0.729,0.548,0.104,0.62,0.654,96.9,95.5,79.58,96,0.709
0022400995,2025-03-17,1610612757,Portland Trail Blazers,1,1,0,1.0,48.0,109.4,113.1,94.8,97.0,14.6,16.1,0.595,2.78,17.6,0.317,0.704,0.5,0.091,0.5,0.522,102.3,99.5,82.92,99,0.565
0022400992,2025-03-17,1610612758,Sacramento Kings,1,1,0,1.0,48.0,125.5,126.9,119.3,117.3,6.1,9.6,0.761,2.5,23.0,0.277,0.674,0.473,0.135,0.636,0.652,103.7,104.0,86.67,104,0.532
0022400537,2025-03-17,1610612759,San Antonio Spurs,1,0,1,0.0,48.0,106.7,110.1,123.1,123.8,-16.4,-13.7,0.732,1.76,21.3,0.255,0.735,0.5,0.172,0.551,0.579,101.9,100.0,83.33,99,0.422
0022400991,2025-03-17,1610612761,Toronto Raptors,1,0,1,0.0,48.0,91.6,93.7,133.5,134.4,-41.9,-40.7,0.645,1.67,15.3,0.271,0.689,0.452,0.126,0.414,0.458,96.9,95.5,79.58,95,0.291
0022400989,2025-03-17,1610612762,Utah Jazz,1,0,1,0.0,48.0,89.3,92.4,104.7,105.7,-15.4,-13.3,0.571,1.18,14.9,0.17,0.786,0.486,0.162,0.459,0.507,107.4,105.0,87.5,105,0.404
0022400995,2025-03-17,1610612764,Washington Wizards,1,0,1,0.0,48.0,94.8,97.0,109.4,113.1,-14.6,-16.1,0.711,1.69,19.0,0.296,0.683,0.5,0.16,0.478,0.499,102.3,99.5,82.92,100,0.435
0022400993,2025-03-18,1610612737,Atlanta Hawks,1,1,0,1.0,48.0,134.5,135.4,101.8,104.1,32.8,31.3,0.54,2.45,19.4,0.311,0.745,0.533,0.111,0.656,0.673,99.9,98.5,82.08,99,0.62
0022400994,2025-03-18,1610612738,Boston Celtics,1,1,0,1.0,48.0,108.7,110.6,99.5,103.2,9.2,7.4,0.686,1.85,18.8,0.217,0.782,0.525,0.138,0.544,0.586,96.1,93.5,77.92,94,0.584
0022400994,2025-03-18,1610612751,Brooklyn Nets,1,0,1,0.0,48.0,99.5,103.2,108.7,110.6,-9.2,-7.4,0.583,2.33,16.7,0.218,0.783,0.475,0.097,0.483,0.503,96.1,93.5,77.92,93,0.416
0022400993,2025-03-18,1610612766,Charlotte Hornets,1,0,1,0.0,48.0,101.8,104.1,134.5,135.4,-32.8,-31.3,0.658,1.47,18.5,0.255,0.689,0.467,0.173,0.512,0.547,99.9,98.5,82.08,98,0.38
0022400997,2025-03-18,1610612739,Cleveland Cavaliers,1,0,1,0.0,48.0,118.5,125.3,138.5,137.5,-20.0,-12.2,0.659,3.22,20.9,0.3,0.575,0.422,0.095,0.567,0.587,97.9,95.5,79.58,95,0.416
0022401012,2025-03-18,1610612744,Golden State Warriors,1,1,0,1.0,48.0,105.6,108.3,96.0,96.9,9.7,11.5,0.781,1.32,18.7,0.283,0.9,0.604,0.198,0.526,0.588,97.7,96.0,80.0,96,0.563
0022400997,2025-03-18,1610612746,LA Clippers,1,1,0,1.0,48.0,138.5,137.5,118.5,125.3,20.0,12.2,0.609,2.15,19.9,0.425,0.7,0.578,0.135,0.643,0.685,97.9,95.5,79.58,96,0.584
0022401012,2025-03-18,1610612749,Milwaukee Bucks,1,0,1,0.0,48.0,96.0,96.9,105.6,108.3,-9.7,-11.5,0.613,1.9,15.8,0.1,0.717,0.396,0.104,0.468,0.512,97.7,96.0,80.0,96,0.437
0022401007,2025-03-19,1610612741,Chicago Bulls,1,0,1,0.0,48.0,120.7,121.0,123.5,125.7,-2.9,-4.7,0.592,2.23,21.2,0.182,0.667,0.442,0.13,0.628,0.635,101.5,100.5,83.75,100,0.466
0022401009,2025-03-19,1610612739,Cleveland Cavaliers,1,0,1,0.0,48.0,124.1,121.4,126.8,126.8,-2.7,-5.4,0.522,2.0,18.5,0.205,0.674,0.459,0.122,0.625,0.647,96.5,97.5,81.25,98,0.5
0022400998,2025-03-19,1610612742,Dallas Mavericks,1,0,1,0.0,48.0,121.2,123.6,130.7,127.4,-9.5,-3.8,0.479,1.77,16.5,0.222,0.857,0.529,0.123,0.608,0.642,105.7,106.0,88.33,106,0.472
0022401006,2025-03-19,1610612743,Denver Nuggets,1,0,1,0.0,48.0,104.6,105.9,118.4,117.6,-13.8,-11.8,0.61,1.32,17.6,0.313,0.778,0.538,0.186,0.546,0.561,102.3,102.0,85.0,102,0.448
0022401000,2025-03-19,1610612765,Detroit Pistons,1,1,0,1.0,48.0,117.3,117.2,113.1,114.1,4.2,3.0,0.543,1.92,18.1,0.311,0.735,0.532,0.131,0.555,0.586,99.4,99.0,82.5,99,0.52
0022400999,2025-03-19,1610612745,Houston Rockets,1,1,0,1.0,48.0,117.1,120.8,109.3,111.3,7.8,9.5,0.474,1.13,13.8,0.364,0.679,0.536,0.167,0.537,0.61,98.9,96.5,80.42,96,0.548
0022400998,2025-03-19,1610612754,Indiana Pacers,1,1,0,1.0,48.0,130.7,127.4,121.2,123.6,9.5,3.8,0.644,2.64,20.6,0.143,0.778,0.471,0.104,0.646,0.687,105.7,106.0,88.33,106,0.528
0022401006,2025-03-19,1610612747,Los Angeles Lakers,1,1,0,1.0,48.0,118.4,117.6,104.6,105.9,13.8,11.8,0.595,1.79,18.2,0.222,0.688,0.462,0.137,0.602,0.629,102.3,102.0,85.0,102,0.552
0022401008,2025-03-19,1610612763,Memphis Grizzlies,1,0,1,0.0,48.0,97.8,99.0,114.7,115.0,-16.9,-16.0,0.622,2.3,17.0,0.228,0.579,0.404,0.1,0.446,0.489,100.7,100.0,83.33,100,0.433
0022401000,2025-03-19,1610612748,Miami Heat,1,0,1,0.0,48.0,113.1,114.1,117.3,117.2,-4.2,-3.0,0.545,1.85,17.6,0.265,0.689,0.468,0.131,0.544,0.577,99.4,99.0,82.5,99,0.48
0022401001,2025-03-19,1610612750,Minnesota Timberwolves,1,0,1,0.0,48.0,117.5,117.3,115.9,121.4,1.6,-4.1,0.6,1.5,16.0,0.255,0.64,0.454,0.143,0.558,0.619,100.3,98.0,81.67,98,0.49
0022401001,2025-03-19,1610612740,New Orleans Pelicans,1,1,0,1.0,48.0,115.9,121.4,117.5,117.3,-1.6,4.1,0.596,1.87,19.4,0.36,0.745,0.546,0.153,0.601,0.603,100.3,98.0,81.67,98,0.51
0022401003,2025-03-19,1610612752,New York Knicks,1,0,1,0.0,48.0,110.2,109.4,121.5,126.3,-11.2,-16.9,0.718,2.55,19.7,0.316,0.604,0.448,0.115,0.484,0.519,97.0,95.5,79.58,96,0.444
0022401002,2025-03-19,1610612760,Oklahoma City Thunder,1,1,0,1.0,48.0,130.6,134.3,98.0,100.0,32.6,34.3,0.766,2.57,24.0,0.319,0.726,0.55,0.141,0.656,0.673,101.9,99.5,82.92,99,0.67
0022400999,2025-03-19,1610612753,Orlando Magic,1,0,1,0.0,48.0,109.3,111.3,117.1,120.8,-7.8,-9.5,0.561,1.92,16.9,0.321,0.636,0.464,0.124,0.495,0.536,98.9,96.5,80.42,97,0.452
0022401002,2025-03-19,1610612755,Philadelphia 76ers,1,0,1,0.0,48.0,98.0,100.0,130.6,134.3,-32.6,-34.3,0.686,2.0,17.0,0.274,0.681,0.45,0.12,0.463,0.49,101.9,99.5,82.92,100,0.33
0022401007,2025-03-19,1610612756,Phoenix Suns,1,1,0,1.0,48.0,123.5,125.7,120.7,121.0,2.9,4.7,0.723,3.09,22.4,0.333,0.818,0.558,0.109,0.568,0.606,101.5,100.5,83.75,101,0.534
0022401008,2025-03-19,1610612757,Portland Trail Blazers,1,1,0,1.0,48.0,114.7,115.0,97.8,99.0,16.9,16.0,0.625,1.47,16.8,0.421,0.772,0.596,0.17,0.51,0.546,100.7,100.0,83.33,100,0.567
0022401009,2025-03-19,1610612758,Sacramento Kings,1,1,0,1.0,48.0,126.8,126.8,124.1,121.4,2.7,5.4,0.609,2.15,20.0,0.326,0.795,0.541,0.134,0.593,0.627,96.5,97.5,81.25,97,0.5
0022401003,2025-03-19,1610612759,San Antonio Spurs,1,1,0,1.0,48.0,121.5,126.3,110.2,109.4,11.2,16.9,0.622,1.87,19.9,0.396,0.684,0.552,0.158,0.589,0.607,97.0,95.5,79.58,95,0.556
0022400627,2025-03-19,1610612762,Utah Jazz,1,1,0,1.0,48.0,122.0,128.0,109.9,110.9,12.1,17.1,0.6,1.76,20.8,0.341,0.673,0.527,0.17,0.657,0.66,103.4,100.5,83.75,100,0.54
0022400627,2025-03-19,1610612764,Washington Wizards,1,0,1,0.0,48.0,109.9,110.9,122.0,128.0,-12.1,-17.1,0.698,2.14,20.4,0.327,0.659,0.473,0.139,0.527,0.555,103.4,100.5,83.75,101,0.46
0022401011,2025-03-20,1610612751,Brooklyn Nets,1,0,1,0.0,53.0,89.3,90.8,95.8,95.5,-6.5,-4.6,0.556,1.25,13.8,0.239,0.745,0.447,0.147,0.426,0.454,99.9,99.17,82.64,109,0.4
0022401010,2025-03-20,1610612766,Charlotte Hornets,1,1,0,1.0,48.0,119.2,119.8,101.2,102.1,18.0,17.7,0.581,2.08,18.7,0.289,0.768,0.554,0.125,0.574,0.602,96.6,96.0,80.0,96,0.563
0022401013,2025-03-20,1610612741,Chicago Bulls,1,1,0,1.0,48.0,128.7,132.0,117.0,118.4,11.7,13.6,0.711,2.29,22.4,0.357,0.739,0.557,0.144,0.61,0.657,99.3,97.5,81.25,97,0.564
0022401005,2025-03-20,1610612744,Golden State Warriors,1,1,0,1.0,48.0,110.0,111.4,111.4,110.7,-1.3,0.7,0.789,2.0,19.9,0.286,0.794,0.478,0.143,0.528,0.572,104.3,104.0,86.67,105,0.492
0022401011,2025-03-20,1610612754,Indiana Pacers,1,1,0,1.0,53.0,95.8,95.5,89.3,90.8,6.5,4.6,0.514,0.72,12.9,0.255,0.761,0.553,0.227,0.481,0.555,99.9,99.17,82.64,110,0.6
0022400996,2025-03-20,1610612747,Los Angeles Lakers,1,0,1,0.0,48.0,91.7,91.8,120.5,121.6,-28.7,-29.9,0.765,1.18,18.7,0.32,0.755,0.535,0.227,0.482,0.5,97.5,97.0,80.83,97,0.352
0022400996,2025-03-20,1610612749,Milwaukee Bucks,1,1,0,1.0,48.0,120.5,121.6,91.7,91.8,28.7,29.9,0.6,2.67,18.0,0.245,0.68,0.465,0.093,0.542,0.596,97.5,97.0,80.83,97,0.648
0022401010,2025-03-20,1610612752,New York Knicks,1,0,1,0.0,48.0,101.2,102.1,119.2,119.8,-18.0,-17.7,0.722,3.71,19.3,0.232,0.711,0.446,0.073,0.456,0.496,96.6,96.0,80.0,96,0.437
0022401013,2025-03-20,1610612758,Sacramento Kings,1,0,1,0.0,48.0,117.0,118.4,128.7,132.0,-11.7,-13.6,0.659,2.25,20.0,0.261,0.643,0.443,0.122,0.564,0.603,99.3,97.5,81.25,98,0.436
0022401005,2025-03-20,1610612761,Toronto Raptors,1,0,1,0.0,48.0,111.4,110.7,110.0,111.4,1.3,-0.7,0.727,1.39,22.5,0.206,0.714,0.522,0.223,0.635,0.66,104.3,104.0,86.67,103,0.508
0022401020,2025-03-21,1610612738,Boston Celtics,1,1,0,1.0,48.0,122.2,126.0,101.8,103.1,20.4,22.9,0.6,2.45,18.8,0.389,0.745,0.554,0.115,0.552,0.582,98.2,96.0,80.0,96,0.601
0022401017,2025-03-21,1610612766,Charlotte Hornets,1,0,1,0.0,48.0,110.7,110.4,140.3,145.4,-29.6,-34.9,0.784,1.81,22.0,0.163,0.595,0.376,0.167,0.581,0.618,98.1,96.5,80.42,96,0.386
0022401021,2025-03-21,1610612739,Cleveland Cavaliers,1,0,1,0.0,48.0,117.7,116.7,124.8,128.1,-7.2,-11.5,0.571,2.18,17.6,0.296,0.636,0.449,0.115,0.537,0.559,96.8,96.0,80.0,96,0.456
0022401019,2025-03-21,1610612742,Dallas Mavericks,1,1,0,1.0,48.0,116.2,119.4,111.0,113.6,5.2,5.8,0.595,1.25,17.7,0.341,0.667,0.526,0.194,0.6,0.642,105.6,103.0,85.83,103,0.545
0022401022,2025-03-21,1610612743,Denver Nuggets,1,0,1,0.0,48.0,110.9,113.5,128.0,133.3,-17.1,-19.8,0.632,1.14,17.6,0.4,0.558,0.482,0.219,0.559,0.617,99.2,96.0,80.0,96,0.398
0022401019,2025-03-21,1610612765,Detroit Pistons,1,0,1,0.0,48.0,111.0,113.6,116.2,119.4,-5.2,-5.8,0.522,1.71,16.6,0.333,0.659,0.474,0.136,0.526,0.55,105.6,103.0,85.83,103,0.455
0022401015,2025-03-21,1610612745,Houston Rockets,1,1,0,1.0,48.0,107.1,106.3,103.0,103.2,4.1,3.1,0.359,0.82,10.9,0.36,0.838,0.563,0.177,0.548,0.547,95.2,95.5,79.58,96,0.487
0022401023,2025-03-21,1610612746,LA Clippers,1,1,0,1.0,48.0,125.0,130.6,107.2,108.0,17.7,22.6,0.644,1.93,21.8,0.167,0.754,0.527,0.153,0.686,0.716,101.6,99.0,82.5,98,0.611
0022401023,2025-03-21,1610612763,Memphis Grizzlies,1,0,1,0.0,48.0,107.2,108.0,125.0,130.6,-17.7,-22.6,0.7,2.8,19.9,0.246,0.833,0.473,0.1,0.521,0.536,101.6,99.0,82.5,100,0.389
0022401015,2025-03-21,1610612748,Miami Heat,1,0,1,0.0,48.0,103.0,103.2,107.1,106.3,-4.1,-3.1,0.658,1.19,19.8,0.162,0.64,0.437,0.221,0.589,0.619,95.2,95.5,79.58,95,0.513
0022401016,2025-03-21,1610612750,Minnesota Timberwolves,1,1,0,1.0,48.0,131.6,135.4,96.2,94.9,35.4,40.5,0.833,2.86,26.1,0.341,0.757,0.538,0.141,0.646,0.685,99.2,98.5,82.08,99,0.685
0022401016,2025-03-21,1610612740,New Orleans Pelicans,1,0,1,0.0,48.0,96.2,94.9,131.6,135.4,-35.4,-40.5,0.588,0.77,15.9,0.243,0.659,0.462,0.265,0.581,0.599,99.2,98.5,82.08,98,0.315
0022401017,2025-03-21,1610612760,Oklahoma City Thunder,1,1,0,1.0,48.0,140.3,145.4,110.7,110.4,29.6,34.9,0.537,3.22,20.3,0.405,0.837,0.624,0.093,0.686,0.695,98.1,96.5,80.42,97,0.614
0022401014,2025-03-21,1610612753,Orlando Magic,1,1,0,1.0,48.0,118.0,120.0,102.6,105.0,15.4,15.0,0.543,1.92,17.9,0.314,0.778,0.552,0.13,0.568,0.59,102.0,100.0,83.33,100,0.56
0022401018,2025-03-21,1610612755,Philadelphia 76ers,1,0,1,0.0,48.0,114.5,116.5,124.4,123.1,-9.9,-6.6,0.652,1.5,21.1,0.25,0.738,0.513,0.194,0.654,0.668,103.9,103.5,86.25,103,0.465
0022401021,2025-03-21,1610612756,Phoenix Suns,1,1,0,1.0,48.0,124.8,128.1,117.7,116.7,7.2,11.5,0.688,2.2,22.8,0.364,0.704,0.551,0.156,0.625,0.644,96.8,96.0,80.0,96,0.544
0022401022,2025-03-21,1610612757,Portland Trail Blazers,1,1,0,1.0,48.0,128.0,133.3,110.9,113.5,17.1,19.8,0.638,1.76,20.8,0.442,0.6,0.518,0.177,0.621,0.653,99.2,96.0,80.0,96,0.602
0022401018,2025-03-21,1610612759,San Antonio Spurs,1,1,0,1.0,48.0,124.4,123.1,114.5,116.5,9.9,6.6,0.766,2.4,23.8,0.262,0.75,0.487,0.144,0.635,0.66,103.9,103.5,86.25,104,0.535
0022401020,2025-03-21,1610612762,Utah Jazz,1,0,1,0.0,48.0,101.8,103.1,122.2,126.0,-20.4,-22.9,0.632,1.41,18.2,0.255,0.611,0.446,0.177,0.536,0.554,98.2,96.0,80.0,96,0.399
0022401014,2025-03-21,1610612764,Washington Wizards,1,0,1,0.0,48.0,102.6,105.0,118.0,120.0,-15.4,-15.0,0.622,1.53,17.2,0.222,0.686,0.448,0.15,0.523,0.551,102.0,100.0,83.33,100,0.44
0022401025,2025-03-22,1610612737,Atlanta Hawks,1,1,0,1.0,48.0,124.1,124.0,115.6,113.9,8.5,10.1,0.755,2.31,25.2,0.238,0.83,0.551,0.16,0.657,0.66,99.7,100.5,83.75,100,0.528
0022401024,2025-03-22,1610612751,Brooklyn Nets,1,0,1,0.0,48.0,101.5,101.0,105.6,106.9,-4.1,-6.0,0.513,1.33,14.6,0.268,0.826,0.52,0.147,0.517,0.528,101.9,101.5,84.58,102,0.436
0022401028,2025-03-22,1610612741,Chicago Bulls,1,1,0,1.0,48.0,139.3,137.7,107.8,109.5,31.5,28.2,0.732,4.1,25.8,0.286,0.745,0.528,0.094,0.682,0.697,105.7,105.5,87.92,106,0.657
0022401025,2025-03-22,1610612744,Golden State Warriors,1,0,1,0.0,48.0,115.6,113.9,124.1,124.0,-8.5,-10.1,0.718,2.8,20.4,0.17,0.762,0.449,0.099,0.56,0.602,99.7,100.5,83.75,101,0.472
0022401024,2025-03-22,1610612754,Indiana Pacers,1,1,0,1.0,48.0,105.6,106.9,101.5,101.0,4.1,6.0,0.8,2.13,22.7,0.174,0.732,0.48,0.149,0.542,0.579,101.9,101.5,84.58,101,0.564
0022401028,2025-03-22,1610612747,Los Angeles Lakers,1,0,1,0.0,48.0,107.8,109.5,139.3,137.7,-31.5,-28.2,0.561,1.1,16.4,0.255,0.714,0.472,0.2,0.582,0.607,105.7,105.5,87.92,105,0.343
0022401027,2025-03-22,1610612749,Milwaukee Bucks,1,1,0,1.0,48.0,124.2,125.3,114.1,117.4,10.1,7.9,0.5,2.2,17.5,0.302,0.627,0.479,0.11,0.601,0.614,93.2,91.5,76.25,91,0.538
0022401026,2025-03-22,1610612752,New York Knicks,1,1,0,1.0,48.0,116.3,116.2,96.8,98.1,19.5,18.1,0.659,1.81,19.5,0.327,0.736,0.539,0.152,0.555,0.593,105.6,105.0,87.5,105,0.62
0022401027,2025-03-22,1610612758,Sacramento Kings,1,0,1,0.0,48.0,114.1,117.4,124.2,125.3,-10.1,-7.9,0.512,2.63,16.2,0.373,0.698,0.521,0.087,0.5,0.536,93.2,91.5,76.25,92,0.462
0022401026,2025-03-22,1610612764,Washington Wizards,1,0,1,0.0,48.0,96.8,98.1,116.3,116.2,-19.5,-18.1,0.538,1.05,15.0,0.264,0.673,0.461,0.19,0.506,0.534,105.6,105.0,87.5,105,0.38
0022401031,2025-03-23,1610612737,Atlanta Hawks,1,1,0,1.0,48.0,127.3,132.0,110.9,119.0,16.4,13.0,0.729,2.06,23.6,0.333,0.611,0.495,0.17,0.649,0.683,105.5,100.0,83.33,100,0.582
0022401034,2025-03-23,1610612738,Boston Celtics,1,1,0,1.0,48.0,140.0,140.2,120.8,126.1,19.2,14.1,0.646,3.44,22.8,0.31,0.644,0.483,0.098,0.676,0.685,94.1,92.0,76.67,92,0.557
0022401032,2025-03-23,1610612766,Charlotte Hornets,1,0,1,0.0,48.0,104.2,109.4,127.3,128.4,-23.1,-19.0,0.585,1.2,17.3,0.413,0.757,0.566,0.208,0.534,0.566,98.3,95.5,79.58,96,0.412
0022401030,2025-03-23,1610612739,Cleveland Cavaliers,1,1,0,1.0,48.0,116.9,120.0,86.7,91.0,30.2,29.0,0.636,4.0,19.3,0.293,0.678,0.487,0.07,0.516,0.547,103.8,100.0,83.33,100,0.669
0022401035,2025-03-23,1610612743,Denver Nuggets,1,1,0,1.0,48.0,119.0,124.7,118.1,120.7,0.9,4.1,0.636,3.11,20.3,0.375,0.679,0.538,0.097,0.563,0.589,95.7,92.5,77.08,93,0.534
0022401029,2025-03-23,1610612765,Detroit Pistons,1,1,0,1.0,48.0,135.2,138.8,129.9,134.0,5.2,4.8,0.553,3.25,18.6,0.364,0.622,0.481,0.082,0.622,0.656,100.3,97.5,81.25,98,0.506
0022401035,2025-03-23,1610612745,Houston Rockets,1,0,1,0.0,48.0,118.1,120.7,119.0,124.7,-0.9,-4.1,0.641,4.17,18.7,0.321,0.625,0.462,0.065,0.5,0.534,95.7,92.5,77.08,92,0.466
0022401036,2025-03-23,1610612746,LA Clippers,1,0,1,0.0,48.0,103.8,104.1,103.2,106.2,0.6,-2.1,0.571,1.43,15.4,0.286,0.732,0.524,0.144,0.476,0.535,98.6,97.0,80.83,97,0.49
0022401032,2025-03-23,1610612748,Miami Heat,1,1,0,1.0,48.0,127.3,128.4,104.2,109.4,23.1,19.0,0.574,2.25,20.6,0.243,0.587,0.434,0.126,0.646,0.672,98.3,95.5,79.58,95,0.588
0022401029,2025-03-23,1610612740,New Orleans Pelicans,1,0,1,0.0,48.0,129.9,134.0,135.2,138.8,-5.2,-4.8,0.714,1.94,24.0,0.378,0.636,0.519,0.186,0.694,0.706,100.3,97.5,81.25,97,0.494
0022401036,2025-03-23,1610612760,Oklahoma City Thunder,1,1,0,1.0,48.0,103.2,106.2,103.8,104.1,-0.6,2.1,0.757,3.11,20.1,0.268,0.714,0.476,0.093,0.467,0.511,98.6,97.0,80.83,97,0.51
0022401031,2025-03-23,1610612755,Philadelphia 76ers,1,0,1,0.0,48.0,110.9,119.0,127.3,132.0,-16.4,-13.0,0.6,1.85,16.6,0.389,0.667,0.505,0.13,0.5,0.555,105.5,100.0,83.33,100,0.418
0022401034,2025-03-23,1610612757,Portland Trail Blazers,1,0,1,0.0,48.0,120.8,126.1,140.0,140.2,-19.2,-14.1,0.558,2.0,18.2,0.356,0.69,0.517,0.13,0.597,0.61,94.1,92.0,76.67,92,0.443
0022401033,2025-03-23,1610612759,San Antonio Spurs,1,1,0,1.0,48.0,121.7,119.4,85.8,87.3,35.9,32.2,0.659,1.93,18.9,0.283,0.655,0.49,0.136,0.558,0.615,102.4,102.5,85.42,103,0.685
0022401033,2025-03-23,1610612761,Toronto Raptors,1,0,1,0.0,48.0,85.8,87.3,121.7,119.4,-35.9,-32.2,0.771,1.23,18.1,0.345,0.717,0.51,0.216,0.435,0.455,102.4,102.5,85.42,102,0.315
0022401030,2025-03-23,1610612762,Utah Jazz,1,0,1,0.0,48.0,86.7,91.0,116.9,120.0,-30.2,-29.0,0.781,1.19,17.4,0.322,0.707,0.513,0.21,0.449,0.469,103.8,100.0,83.33,100,0.331
0022401044,2025-03-24,1610612738,Boston Celtics,1,1,0,1.0,48.0,114.4,114.1,97.1,99.0,17.3,15.2,0.683,2.8,20.1,0.25,0.816,0.525,0.101,0.561,0.572,98.3,97.5,81.25,99,0.568
0022401040,2025-03-24,1610612751,Brooklyn Nets,1,0,1,0.0,48.0,107.3,106.3,127.6,127.7,-20.3,-21.3,0.75,1.58,22.1,0.268,0.707,0.488,0.2,0.583,0.6,94.1,94.5,78.75,95,0.42
0022401042,2025-03-24,1610612741,Chicago Bulls,1,1,0,1.0,48.0,128.4,127.7,116.0,117.8,12.4,9.9,0.689,3.1,21.2,0.286,0.611,0.456,0.099,0.588,0.63,101.5,101.0,84.17,101,0.523
0022401040,2025-03-24,1610612742,Dallas Mavericks,1,1,0,1.0,48.0,127.6,127.7,107.3,106.3,20.3,21.3,0.694,3.09,24.5,0.293,0.732,0.512,0.117,0.621,0.638,94.1,94.5,78.75,94,0.58
0022401042,2025-03-24,1610612743,Denver Nuggets,1,0,1,0.0,48.0,116.0,117.8,128.4,127.7,-12.4,-9.9,0.739,2.83,21.9,0.389,0.714,0.544,0.119,0.531,0.553,101.5,101.0,84.17,101,0.477
0022401037,2025-03-24,1610612754,Indiana Pacers,1,1,0,1.0,48.0,115.4,114.4,99.6,100.0,15.7,14.4,0.652,2.5,20.7,0.229,0.8,0.52,0.115,0.559,0.594,103.3,103.5,86.25,104,0.578
0022401038,2025-03-24,1610612747,Los Angeles Lakers,1,0,1,0.0,48.0,114.8,115.2,128.1,131.1,-13.3,-15.9,0.514,1.73,15.4,0.319,0.651,0.478,0.12,0.525,0.574,92.2,91.0,75.83,92,0.43
0022401043,2025-03-24,1610612749,Milwaukee Bucks,1,0,1,0.0,48.0,113.1,116.5,117.5,117.4,-4.4,-0.9,0.649,3.43,19.0,0.235,0.644,0.427,0.077,0.518,0.553,92.8,91.5,76.25,91,0.488
0022401037,2025-03-24,1610612750,Minnesota Timberwolves,1,0,1,0.0,48.0,99.6,100.0,115.4,114.4,-15.7,-14.4,0.591,1.53,18.7,0.2,0.771,0.48,0.165,0.533,0.54,103.3,103.5,86.25,103,0.422
0022401041,2025-03-24,1610612740,New Orleans Pelicans,1,1,0,1.0,48.0,115.8,117.9,103.8,105.3,12.0,12.6,0.837,2.12,24.2,0.4,0.741,0.586,0.179,0.58,0.604,96.0,94.5,78.75,95,0.612
0022401038,2025-03-24,1610612753,Orlando Magic,1,1,0,1.0,48.0,128.1,131.1,114.8,115.2,13.3,15.9,0.595,2.78,19.2,0.349,0.681,0.522,0.1,0.582,0.62,92.2,91.0,75.83,90,0.57
0022401041,2025-03-24,1610612755,Philadelphia 76ers,1,0,1,0.0,48.0,103.8,105.3,115.8,117.9,-12.0,-12.6,0.559,1.58,15.1,0.259,0.6,0.414,0.128,0.471,0.519,96.0,94.5,78.75,94,0.388
0022401043,2025-03-24,1610612756,Phoenix Suns,1,1,0,1.0,48.0,117.5,117.4,113.1,116.5,4.4,0.9,0.641,1.56,18.9,0.356,0.765,0.573,0.174,0.561,0.601,92.8,91.5,76.25,92,0.512
0022401044,2025-03-24,1610612758,Sacramento Kings,1,0,1,0.0,48.0,97.1,99.0,114.4,114.1,-17.3,-15.2,0.59,1.53,18.0,0.184,0.75,0.475,0.156,0.5,0.523,98.3,97.5,81.25,96,0.432
0022401039,2025-03-24,1610612761,Toronto Raptors,1,1,0,1.0,48.0,103.8,104.7,94.6,97.2,9.2,7.5,0.683,2.33,18.1,0.317,0.75,0.528,0.112,0.455,0.496,108.9,107.0,89.17,107,0.549
0022401039,2025-03-24,1610612764,Washington Wizards,1,0,1,0.0,48.0,94.6,97.2,103.8,104.7,-9.2,-7.5,0.686,1.41,16.4,0.25,0.683,0.472,0.159,0.466,0.51,108.9,107.0,89.17,107,0.451
0022401049,2025-03-25,1610612737,Atlanta Hawks,1,0,1,0.0,48.0,108.0,112.9,112.3,117.5,-4.3,-4.6,0.744,2.29,20.6,0.361,0.604,0.474,0.139,0.49,0.52,106.7,102.0,85.0,101,0.44
0022401045,2025-03-25,1610612766,Charlotte Hornets,1,0,1,0.0,48.0,103.8,110.6,115.2,116.8,-11.4,-6.2,0.703,2.36,19.5,0.255,0.667,0.453,0.117,0.5,0.535,98.3,94.5,78.75,94,0.447
0022401051,2025-03-25,1610612739,Cleveland Cavaliers,1,1,0,1.0,48.0,121.4,127.1,110.3,114.4,11.2,12.7,0.583,2.0,20.4,0.325,0.594,0.49,0.146,0.614,0.639,100.6,96.5,80.42,96,0.563
0022401048,2025-03-25,1610612742,Dallas Mavericks,1,0,1,0.0,48.0,110.8,109.7,119.7,126.7,-8.9,-17.0,0.442,1.19,14.7,0.179,0.763,0.468,0.155,0.575,0.621,104.5,102.0,85.0,103,0.421
0022401046,2025-03-25,1610612765,Detroit Pistons,1,1,0,1.0,48.0,129.8,131.2,101.3,103.2,28.5,28.0,0.75,3.0,24.6,0.216,0.65,0.485,0.118,0.66,0.685,94.4,93.0,77.5,93,0.671
0022401047,2025-03-25,1610612744,Golden State Warriors,1,0,1,0.0,48.0,93.4,94.5,121.4,124.4,-27.9,-29.9,0.606,1.25,15.6,0.315,0.694,0.467,0.176,0.452,0.478,92.2,90.5,75.42,91,0.342
0022401049,2025-03-25,1610612745,Houston Rockets,1,1,0,1.0,48.0,112.3,117.5,108.0,112.9,4.3,4.6,0.405,1.06,12.2,0.396,0.639,0.526,0.155,0.511,0.572,106.7,102.0,85.0,103,0.56
0022401050,2025-03-25,1610612763,Memphis Grizzlies,1,1,0,1.0,48.0,143.0,145.8,105.4,106.2,37.5,39.6,0.731,4.22,24.7,0.435,0.848,0.641,0.094,0.633,0.661,97.8,96.5,80.42,96,0.649
0022401047,2025-03-25,1610612748,Miami Heat,1,1,0,1.0,48.0,121.4,124.4,93.4,94.5,27.9,29.9,0.605,1.44,20.5,0.306,0.685,0.533,0.2,0.669,0.681,92.2,90.5,75.42,90,0.658
0022401048,2025-03-25,1610612752,New York Knicks,1,1,0,1.0,48.0,119.7,126.7,110.8,109.7,8.9,17.0,0.755,2.67,26.7,0.237,0.821,0.532,0.149,0.652,0.66,104.5,102.0,85.0,101,0.579
0022401052,2025-03-25,1610612760,Oklahoma City Thunder,1,1,0,1.0,48.0,118.9,121.0,102.7,105.0,16.2,16.0,0.698,1.76,21.4,0.238,0.839,0.582,0.17,0.64,0.666,102.0,100.0,83.33,100,0.569
0022401045,2025-03-25,1610612753,Orlando Magic,1,1,0,1.0,48.0,115.2,116.8,103.8,110.6,11.4,6.2,0.537,2.0,16.5,0.333,0.745,0.547,0.116,0.528,0.564,98.3,94.5,78.75,95,0.553
0022401051,2025-03-25,1610612757,Portland Trail Blazers,1,0,1,0.0,48.0,110.3,114.4,121.4,127.1,-11.2,-12.7,0.7,2.8,18.8,0.406,0.675,0.51,0.103,0.485,0.506,100.6,96.5,80.42,97,0.437
0022401052,2025-03-25,1610612758,Sacramento Kings,1,0,1,0.0,48.0,102.7,105.0,118.9,121.0,-16.2,-16.0,0.865,2.91,22.7,0.161,0.762,0.418,0.11,0.533,0.545,102.0,100.0,83.33,100,0.431
0022401046,2025-03-25,1610612759,San Antonio Spurs,1,0,1,0.0,48.0,101.3,103.2,129.8,131.2,-28.5,-28.0,0.636,1.91,15.6,0.35,0.784,0.515,0.118,0.44,0.481,94.4,93.0,77.5,93,0.329
0022401050,2025-03-25,1610612762,Utah Jazz,1,0,1,0.0,48.0,105.4,106.2,143.0,145.8,-37.5,-39.6,0.706,1.71,18.8,0.152,0.565,0.359,0.144,0.545,0.587,97.8,96.5,80.42,97,0.351
0022401058,2025-03-26,1610612738,Boston Celtics,1,1,0,1.0,48.0,133.8,137.5,102.8,106.3,31.0,31.3,0.733,3.0,22.8,0.356,0.717,0.551,0.115,0.629,0.669,99.0,96.0,80.0,96,0.649
0022401054,2025-03-26,1610612751,Brooklyn Nets,1,0,1,0.0,48.0,81.6,83.5,108.3,111.5,-26.7,-28.0,0.516,0.8,12.3,0.19,0.639,0.42,0.194,0.402,0.451,106.2,103.5,86.25,103,0.305
0022401057,2025-03-26,1610612743,Denver Nuggets,1,1,0,1.0,48.0,124.9,127.0,119.7,118.2,5.2,8.8,0.735,3.6,24.2,0.289,0.826,0.56,0.1,0.633,0.637,99.7,99.5,82.92,100,0.547
0022401055,2025-03-26,1610612754,Indiana Pacers,1,0,1,0.0,48.0,121.0,125.3,124.3,125.0,-3.3,0.3,0.705,3.1,22.8,0.222,0.78,0.488,0.105,0.592,0.624,97.5,95.5,79.58,95,0.517
0022401056,2025-03-26,1610612746,LA Clippers,1,1,0,1.0,48.0,139.1,137.0,116.9,121.5,22.3,15.5,0.6,5.4,20.5,0.289,0.717,0.505,0.054,0.602,0.639,93.6,92.5,77.08,92,0.524
0022401055,2025-03-26,1610612747,Los Angeles Lakers,1,1,0,1.0,48.0,124.3,125.0,121.0,125.3,3.3,-0.3,0.634,1.73,19.8,0.22,0.778,0.512,0.156,0.627,0.67,97.5,95.5,79.58,96,0.483
0022401057,2025-03-26,1610612749,Milwaukee Bucks,1,0,1,0.0,48.0,119.7,118.2,124.9,127.0,-5.2,-8.8,0.652,2.73,21.9,0.174,0.711,0.44,0.111,0.607,0.618,99.7,99.5,82.92,99,0.453
0022401056,2025-03-26,1610612752,New York Knicks,1,0,1,0.0,48.0,116.9,121.5,139.1,137.0,-22.3,-15.5,0.833,3.5,25.0,0.283,0.711,0.495,0.108,0.577,0.603,93.6,92.5,77.08,93,0.476
0022401053,2025-03-26,1610612755,Philadelphia 76ers,1,0,1,0.0,48.0,115.4,116.3,121.1,122.7,-5.7,-6.4,0.524,4.4,16.1,0.293,0.706,0.486,0.051,0.5,0.534,98.5,97.5,81.25,98,0.468
0022401058,2025-03-26,1610612756,Phoenix Suns,1,0,1,0.0,48.0,102.8,106.3,133.8,137.5,-31.0,-31.3,0.611,1.57,16.7,0.283,0.644,0.449,0.146,0.489,0.53,99.0,96.0,80.0,96,0.351
0022401054,2025-03-26,1610612761,Toronto Raptors,1,1,0,1.0,48.0,108.3,111.5,81.6,83.5,26.7,28.0,0.791,2.83,21.3,0.361,0.81,0.58,0.115,0.471,0.517,106.2,103.5,86.25,104,0.695
0022401053,2025-03-26,1610612764,Washington Wizards,1,1,0,1.0,48.0,121.1,122.7,115.4,116.3,5.7,6.4,0.625,2.73,21.1,0.294,0.707,0.514,0.113,0.6,0.593,98.5,97.5,81.25,97,0.532
0022401062,2025-03-27,1610612737,Atlanta Hawks,1,0,1,0.0,48.0,114.5,114.3,124.7,125.8,-10.3,-11.5,0.628,1.69,20.1,0.22,0.795,0.5,0.163,0.627,0.638,97.8,97.5,81.25,98,0.473
0022401063,2025-03-27,1610612741,Chicago Bulls,1,1,0,1.0,48.0,112.6,113.3,112.6,112.5,0.0,0.8,0.767,2.2,21.7,0.264,0.851,0.54,0.143,0.571,0.585,104.8,104.5,87.08,105,0.491
0022401059,2025-03-27,1610612739,Cleveland Cavaliers,1,1,0,1.0,48.0,116.0,120.4,109.2,113.7,6.8,6.7,0.717,2.36,21.2,0.382,0.682,0.545,0.136,0.551,0.58,106.6,102.5,85.42,103,0.575
0022401060,2025-03-27,1610612742,Dallas Mavericks,1,1,0,1.0,48.0,103.4,104.1,94.3,94.8,9.1,9.3,0.568,1.4,16.7,0.186,0.76,0.495,0.155,0.545,0.576,97.6,97.0,80.83,97,0.585
0022401065,2025-03-27,1610612745,Houston Rockets,1,1,0,1.0,48.0,119.4,123.5,110.6,113.4,8.8,10.1,0.553,2.89,17.6,0.414,0.846,0.588,0.092,0.52,0.548,100.4,97.5,81.25,98,0.533
0022401061,2025-03-27,1610612754,Indiana Pacers,1,1,0,1.0,48.0,158.3,158.8,109.6,104.8,48.7,54.0,0.814,3.2,29.3,0.412,0.755,0.614,0.147,0.788,0.807,100.9,103.0,85.83,102,0.702
0022401063,2025-03-27,1610612747,Los Angeles Lakers,1,0,1,0.0,48.0,112.6,112.5,112.6,113.3,0.0,-0.8,0.667,2.73,21.3,0.149,0.736,0.46,0.106,0.56,0.591,104.8,104.5,87.08,104,0.509
0022401064,2025-03-27,1610612763,Memphis Grizzlies,1,0,1,0.0,48.0,100.9,100.0,116.5,120.2,-15.6,-20.2,0.848,1.47,20.1,0.149,0.717,0.43,0.183,0.519,0.583,105.2,104.0,86.67,104,0.417
0022401062,2025-03-27,1610612748,Miami Heat,1,1,0,1.0,48.0,124.7,125.8,114.5,114.3,10.3,11.5,0.591,1.86,19.8,0.205,0.78,0.5,0.144,0.646,0.672,97.8,97.5,81.25,97,0.527
0022401064,2025-03-27,1610612760,Oklahoma City Thunder,1,1,0,1.0,48.0,116.5,120.2,100.9,100.0,15.6,20.2,0.636,2.33,19.3,0.283,0.851,0.57,0.115,0.561,0.611,105.2,104.0,86.67,104,0.583
0022401060,2025-03-27,1610612753,Orlando Magic,1,0,1,0.0,48.0,94.3,94.8,103.4,104.1,-9.1,-9.3,0.412,0.82,11.4,0.24,0.814,0.505,0.175,0.456,0.508,97.6,97.0,80.83,97,0.415
0022401066,2025-03-27,1610612757,Portland Trail Blazers,1,0,1,0.0,48.0,110.9,110.3,130.8,132.0,-19.8,-21.6,0.657,1.92,16.9,0.315,0.607,0.415,0.124,0.489,0.538,97.2,97.0,80.83,97,0.376
0022401066,2025-03-27,1610612758,Sacramento Kings,1,1,0,1.0,48.0,130.8,132.0,110.9,110.3,19.8,21.6,0.5,1.14,18.3,0.393,0.685,0.585,0.216,0.716,0.745,97.2,97.0,80.83,97,0.624
0022401059,2025-03-27,1610612759,San Antonio Spurs,1,0,1,0.0,48.0,109.2,113.7,116.0,120.4,-6.8,-6.7,0.628,2.7,18.0,0.318,0.618,0.455,0.098,0.472,0.503,106.6,102.5,85.42,102,0.425
0022401065,2025-03-27,1610612762,Utah Jazz,1,0,1,0.0,48.0,110.6,113.4,119.4,123.5,-8.8,-10.1,0.674,1.81,22.0,0.154,0.586,0.412,0.165,0.614,0.636,100.4,97.5,81.25,97,0.467
0022401061,2025-03-27,1610612764,Washington Wizards,1,0,1,0.0,48.0,109.6,104.8,158.3,158.8,-48.7,-54.0,0.5,1.27,14.1,0.245,0.588,0.386,0.144,0.512,0.565,100.9,103.0,85.83,104,0.298
0022401068,2025-03-28,1610612751,Brooklyn Nets,1,0,1,0.0,48.0,94.8,98.0,127.8,130.7,-32.9,-32.7,0.818,1.8,18.9,0.246,0.868,0.485,0.147,0.449,0.498,104.4,101.5,84.58,102,0.348
0022401069,2025-03-28,1610612766,Charlotte Hornets,1,0,1,0.0,48.0,90.1,100.0,111.8,110.2,-21.7,-10.2,0.744,1.61,19.3,0.407,0.772,0.586,0.186,0.453,0.473,102.1,97.5,81.25,97,0.457
0022401067,2025-03-28,1610612739,Cleveland Cavaliers,1,0,1,0.0,48.0,116.5,118.4,127.4,131.7,-10.9,-13.2,0.41,1.07,11.7,0.367,0.635,0.505,0.146,0.554,0.606,104.6,102.0,85.0,103,0.448
0022401073,2025-03-28,1610612743,Denver Nuggets,1,1,0,1.0,48.0,123.7,125.2,86.5,90.3,37.2,35.0,0.792,2.11,25.2,0.263,0.667,0.515,0.175,0.645,0.677,105.9,103.0,85.83,103,0.722
0022401067,2025-03-28,1610612765,Detroit Pistons,1,1,0,1.0,48.0,127.4,131.7,116.5,118.4,10.9,13.2,0.568,1.92,17.2,0.365,0.633,0.495,0.129,0.56,0.619,104.6,102.0,85.0,101,0.552
0022401072,2025-03-28,1610612744,Golden State Warriors,1,1,0,1.0,48.0,113.5,116.8,99.7,100.0,13.9,16.8,0.763,2.64,19.7,0.39,0.667,0.518,0.116,0.484,0.53,96.5,95.0,79.17,95,0.57
0022401068,2025-03-28,1610612746,LA Clippers,1,1,0,1.0,48.0,127.8,130.7,94.8,98.0,32.9,32.7,0.659,2.23,21.5,0.132,0.754,0.515,0.129,0.669,0.715,104.4,101.5,84.58,101,0.652
0022401070,2025-03-28,1610612749,Milwaukee Bucks,1,0,1,0.0,48.0,111.0,112.6,122.1,120.8,-11.0,-8.2,0.585,1.5,19.4,0.132,0.667,0.43,0.168,0.633,0.642,95.7,95.5,79.58,95,0.438
0022401071,2025-03-28,1610612750,Minnesota Timberwolves,1,1,0,1.0,48.0,129.5,130.5,117.6,116.0,12.0,14.6,0.66,2.38,22.0,0.349,0.8,0.566,0.137,0.635,0.655,94.2,94.5,78.75,95,0.565
0022401072,2025-03-28,1610612740,New Orleans Pelicans,1,0,1,0.0,48.0,99.7,100.0,113.5,116.8,-13.9,-16.8,0.727,1.5,17.6,0.333,0.61,0.482,0.168,0.451,0.509,96.5,95.0,79.17,95,0.43
0022401070,2025-03-28,1610612752,New York Knicks,1,1,0,1.0,48.0,122.1,120.8,111.0,112.6,11.0,8.2,0.622,3.11,20.1,0.333,0.868,0.57,0.094,0.548,0.58,95.7,95.5,79.58,96,0.562
0022401071,2025-03-28,1610612756,Phoenix Suns,1,0,1,0.0,48.0,117.6,116.0,129.5,130.5,-12.0,-14.6,0.683,1.75,21.5,0.2,0.651,0.434,0.17,0.633,0.643,94.2,94.5,78.75,94,0.435
0022401069,2025-03-28,1610612761,Toronto Raptors,1,1,0,1.0,48.0,111.8,110.2,90.1,100.0,21.7,10.2,0.667,4.67,20.3,0.228,0.593,0.414,0.061,0.516,0.531,102.1,97.5,81.25,98,0.543
0022401073,2025-03-28,1610612762,Utah Jazz,1,0,1,0.0,48.0,86.5,90.3,123.7,125.2,-37.2,-35.0,0.636,1.17,14.5,0.333,0.737,0.485,0.175,0.392,0.449,105.9,103.0,85.83,103,0.278
0022401080,2025-03-29,1610612738,Boston Celtics,1,1,0,1.0,48.0,123.6,127.4,118.2,115.6,5.3,11.7,0.711,2.91,22.1,0.38,0.774,0.583,0.116,0.569,0.594,95.9,95.5,79.58,95,0.557
0022401075,2025-03-29,1610612751,Brooklyn Nets,1,1,0,1.0,48.0,116.4,118.6,113.7,114.3,2.7,4.3,0.641,1.79,18.4,0.3,0.776,0.535,0.144,0.545,0.594,98.7,97.5,81.25,97,0.488
0022401077,2025-03-29,1610612741,Chicago Bulls,1,0,1,0.0,48.0,109.6,110.2,110.9,110.1,-1.2,0.1,0.721,1.63,20.3,0.292,0.839,0.587,0.176,0.549,0.586,108.4,108.5,90.42,108,0.501
0022401077,2025-03-29,1610612742,Dallas Mavericks,1,1,0,1.0,48.0,110.9,110.1,109.6,110.2,1.2,-0.1,0.596,4.67,19.3,0.161,0.708,0.413,0.055,0.51,0.544,108.4,108.5,90.42,109,0.499
0022401079,2025-03-29,1610612754,Indiana Pacers,1,0,1,0.0,48.0,107.3,105.7,124.4,126.9,-17.1,-21.2,0.692,2.08,18.9,0.22,0.766,0.485,0.124,0.529,0.564,104.8,104.5,87.08,105,0.43
0022401078,2025-03-29,1610612747,Los Angeles Lakers,1,1,0,1.0,48.0,126.6,128.8,119.9,123.3,6.7,5.5,0.667,2.31,20.5,0.261,0.75,0.511,0.125,0.612,0.664,105.9,103.5,86.25,104,0.528
0022401078,2025-03-29,1610612763,Memphis Grizzlies,1,0,1,0.0,48.0,119.9,123.3,126.6,128.8,-6.7,-5.5,0.66,2.75,22.4,0.25,0.739,0.489,0.117,0.6,0.617,105.9,103.5,86.25,103,0.472
0022401076,2025-03-29,1610612748,Miami Heat,1,1,0,1.0,48.0,125.9,126.9,100.9,102.2,25.0,24.7,0.75,3.0,22.9,0.36,0.814,0.57,0.118,0.581,0.598,93.9,93.0,77.5,93,0.591
0022401079,2025-03-29,1610612760,Oklahoma City Thunder,1,1,0,1.0,48.0,124.4,126.9,107.3,105.7,17.1,21.2,0.542,2.6,18.4,0.234,0.78,0.515,0.096,0.601,0.634,104.8,104.5,87.08,104,0.57
0022401074,2025-03-29,1610612753,Orlando Magic,1,1,0,1.0,48.0,120.3,124.7,94.0,93.8,26.3,30.9,0.705,2.21,21.4,0.36,0.776,0.566,0.144,0.596,0.608,98.7,97.0,80.83,97,0.646
0022401076,2025-03-29,1610612755,Philadelphia 76ers,1,0,1,0.0,48.0,100.9,102.2,125.9,126.9,-25.0,-24.7,0.737,1.56,21.7,0.186,0.64,0.43,0.194,0.586,0.578,93.9,93.0,77.5,93,0.409
0022401074,2025-03-29,1610612758,Sacramento Kings,1,0,1,0.0,48.0,94.0,93.8,120.3,124.7,-26.3,-30.9,0.5,1.06,13.7,0.224,0.64,0.434,0.165,0.463,0.507,98.7,97.0,80.83,97,0.354
0022401080,2025-03-29,1610612759,San Antonio Spurs,1,0,1,0.0,48.0,118.2,115.6,123.6,127.4,-5.3,-11.7,0.658,5.0,18.9,0.226,0.62,0.417,0.052,0.517,0.561,95.9,95.5,79.58,96,0.443
0022401075,2025-03-29,1610612764,Washington Wizards,1,0,1,0.0,48.0,113.7,114.3,116.4,118.6,-2.7,-4.3,0.568,3.5,16.2,0.224,0.7,0.465,0.061,0.488,0.563,98.7,97.5,81.25,98,0.512
0022401083,2025-03-30,1610612737,Atlanta Hawks,1,1,0,1.0,48.0,140.2,139.4,113.8,119.2,26.4,20.2,0.72,4.0,23.1,0.333,0.717,0.521,0.087,0.622,0.663,106.2,104.0,86.67,104,0.601
0022401085,2025-03-30,1610612766,Charlotte Hornets,1,0,1,0.0,48.0,89.5,91.3,95.6,95.1,-6.1,-3.9,0.625,1.33,14.4,0.262,0.732,0.487,0.146,0.396,0.461,103.7,103.0,85.83,103,0.469
0022401081,2025-03-30,1610612739,Cleveland Cavaliers,1,1,0,1.0,48.0,123.2,122.1,114.4,117.3,8.8,4.8,0.702,3.3,22.4,0.213,0.735,0.479,0.096,0.586,0.616,104.9,104.0,86.67,104,0.552
0022401084,2025-03-30,1610612765,Detroit Pistons,1,0,1,0.0,48.0,103.9,108.3,121.0,126.8,-17.1,-18.5,0.647,3.14,15.9,0.308,0.604,0.441,0.073,0.421,0.477,100.9,96.5,80.42,96,0.366
0022401086,2025-03-30,1610612744,Golden State Warriors,1,1,0,1.0,48.0,136.6,141.0,100.9,101.0,35.7,40.0,0.75,3.23,26.3,0.318,0.83,0.582,0.124,0.686,0.702,106.7,105.0,87.5,105,0.683
0022401088,2025-03-30,1610612745,Houston Rockets,1,1,0,1.0,48.0,139.6,143.7,105.3,103.8,34.3,39.9,0.661,3.7,23.7,0.348,0.739,0.543,0.097,0.663,0.679,104.7,104.0,86.67,103,0.644
0022401081,2025-03-30,1610612746,LA Clippers,1,0,1,0.0,48.0,114.4,117.3,123.2,122.1,-8.8,-4.8,0.556,1.79,17.6,0.265,0.787,0.521,0.135,0.57,0.594,104.9,104.0,86.67,104,0.448
0022401083,2025-03-30,1610612749,Milwaukee Bucks,1,0,1,0.0,48.0,113.8,119.2,140.2,139.4,-26.4,-20.2,0.538,1.5,15.2,0.283,0.667,0.479,0.135,0.549,0.614,106.2,104.0,86.67,104,0.399
0022401084,2025-03-30,1610612750,Minnesota Timberwolves,1,1,0,1.0,48.0,121.0,126.8,103.9,108.3,17.1,18.5,0.545,2.4,17.0,0.396,0.692,0.559,0.103,0.538,0.577,100.9,96.5,80.42,97,0.634
0022401085,2025-03-30,1610612740,New Orleans Pelicans,1,1,0,1.0,48.0,95.6,95.1,89.5,91.3,6.1,3.9,0.632,1.41,16.9,0.268,0.738,0.513,0.165,0.462,0.493,103.7,103.0,85.83,103,0.531
0022401082,2025-03-30,1610612752,New York Knicks,1,1,0,1.0,48.0,114.9,117.0,98.8,98.9,16.2,18.1,0.6,1.8,20.3,0.293,0.736,0.543,0.16,0.595,0.613,94.9,94.0,78.33,94,0.612
0022401087,2025-03-30,1610612755,Philadelphia 76ers,1,0,1,0.0,48.0,101.5,100.0,116.6,117.6,-15.1,-17.6,0.595,1.39,17.4,0.213,0.714,0.485,0.165,0.517,0.56,108.1,108.5,90.42,109,0.461
0022401088,2025-03-30,1610612756,Phoenix Suns,1,0,1,0.0,48.0,105.3,103.8,139.6,143.7,-34.3,-39.9,0.595,1.32,17.7,0.261,0.652,0.457,0.181,0.54,0.577,104.7,104.0,86.67,105,0.356
0022401082,2025-03-30,1610612757,Portland Trail Blazers,1,0,1,0.0,48.0,98.8,98.9,114.9,117.0,-16.2,-18.1,0.5,1.36,15.0,0.264,0.707,0.457,0.149,0.489,0.499,94.9,94.0,78.33,94,0.388
0022401086,2025-03-30,1610612759,San Antonio Spurs,1,0,1,0.0,48.0,100.9,101.0,136.6,141.0,-35.7,-40.0,0.75,1.43,21.1,0.17,0.682,0.418,0.2,0.571,0.582,106.7,105.0,87.5,105,0.317
0022401087,2025-03-30,1610612761,Toronto Raptors,1,1,0,1.0,48.0,116.6,117.6,101.5,100.0,15.1,17.6,0.653,2.91,20.5,0.286,0.787,0.515,0.102,0.558,0.572,108.1,108.5,90.42,108,0.539
0022401093,2025-03-31,1610612738,Boston Celtics,1,1,0,1.0,48.0,111.0,113.6,98.1,101.0,13.0,12.6,0.769,2.31,20.3,0.263,0.849,0.545,0.126,0.516,0.561,105.2,102.5,85.42,103,0.56
0022401095,2025-03-31,1610612751,Brooklyn Nets,1,1,0,1.0,48.0,113.2,117.7,112.6,114.7,0.6,3.0,0.821,4.0,23.0,0.259,0.7,0.471,0.083,0.544,0.572,98.3,95.5,79.58,96,0.504
0022401089,2025-03-31,1610612766,Charlotte Hornets,1,1,0,1.0,48.0,116.8,115.8,107.5,111.6,9.3,4.2,0.767,1.83,23.7,0.268,0.667,0.5,0.189,0.631,0.638,96.4,95.0,79.17,95,0.548
0022401094,2025-03-31,1610612741,Chicago Bulls,1,0,1,0.0,48.0,101.7,103.5,128.2,128.3,-26.5,-24.8,0.659,1.45,18.6,0.259,0.75,0.49,0.177,0.531,0.557,114.1,113.0,94.17,113,0.393
0022401095,2025-03-31,1610612742,Dallas Mavericks,1,0,1,0.0,48.0,112.6,114.7,113.2,117.7,-0.6,-3.0,0.707,2.9,20.9,0.3,0.741,0.529,0.105,0.535,0.552,98.3,95.5,79.58,95,0.496
0022401096,2025-03-31,1610612745,Houston Rockets,1,0,1,0.0,48.0,96.6,99.0,105.3,106.1,-8.7,-7.1,0.703,1.73,18.4,0.302,0.796,0.551,0.152,0.472,0.508,100.1,98.5,82.08,99,0.477
0022401090,2025-03-31,1610612754,Indiana Pacers,1,1,0,1.0,48.0,108.1,109.9,103.3,106.9,4.7,3.0,0.667,2.15,20.3,0.188,0.75,0.48,0.129,0.544,0.58,104.1,101.5,84.58,101,0.533
0022401091,2025-03-31,1610612746,LA Clippers,1,1,0,1.0,48.0,100.7,102.1,91.9,93.5,8.8,8.6,0.5,1.13,14.3,0.348,0.83,0.591,0.17,0.488,0.531,95.0,93.5,77.92,94,0.566
0022401096,2025-03-31,1610612747,Los Angeles Lakers,1,1,0,1.0,48.0,105.3,106.1,96.6,99.0,8.7,7.1,0.629,2.0,16.8,0.204,0.698,0.449,0.112,0.483,0.532,100.1,98.5,82.08,98,0.523
0022401093,2025-03-31,1610612763,Memphis Grizzlies,1,0,1,0.0,48.0,98.1,101.0,111.0,113.6,-13.0,-12.6,0.512,1.91,16.0,0.151,0.737,0.455,0.108,0.505,0.52,105.2,102.5,85.42,102,0.44
0022401092,2025-03-31,1610612748,Miami Heat,1,1,0,1.0,48.0,111.6,113.2,87.9,88.7,23.6,24.5,0.617,1.53,19.1,0.333,0.873,0.613,0.179,0.554,0.579,107.2,106.0,88.33,106,0.636
0022401094,2025-03-31,1610612760,Oklahoma City Thunder,1,1,0,1.0,48.0,128.2,128.3,101.7,103.5,26.5,24.8,0.75,2.79,23.8,0.25,0.741,0.51,0.124,0.648,0.671,114.1,113.0,94.17,113,0.607
0022401091,2025-03-31,1610612753,Orlando Magic,1,0,1,0.0,48.0,91.9,93.5,100.7,102.1,-8.8,-8.6,0.6,1.2,15.1,0.17,0.652,0.409,0.161,0.441,0.508,95.0,93.5,77.92,93,0.434
0022401090,2025-03-31,1610612758,Sacramento Kings,1,0,1,0.0,48.0,103.3,106.9,108.1,109.9,-4.7,-3.0,0.512,1.83,16.1,0.25,0.813,0.52,0.118,0.533,0.548,104.1,101.5,84.58,102,0.467
0022401089,2025-03-31,1610612762,Utah Jazz,1,0,1,0.0,48.0,107.5,111.6,116.8,115.8,-9.3,-4.2,0.641,2.5,18.2,0.333,0.732,0.5,0.105,0.479,0.517,96.4,95.0,79.17,95,0.452
0022401092,2025-03-31,1610612764,Washington Wizards,1,0,1,0.0,48.0,87.9,88.7,111.6,113.2,-23.6,-24.5,0.647,1.22,16.3,0.127,0.667,0.387,0.17,0.471,0.5,107.2,106.0,88.33,106,0.364
0022401097,2025-04-01,1610612737,Atlanta Hawks,1,0,1,0.0,48.0,100.6,102.7,112.5,115.5,-11.9,-12.7,0.634,1.3,17.2,0.288,0.6,0.455,0.182,0.484,0.542,112.6,110.0,91.67,110,0.449
0022401099,2025-04-01,1610612741,Chicago Bulls,1,1,0,1.0,48.0,134.5,131.7,112.6,113.5,21.9,18.3,0.72,3.0,24.0,0.282,0.774,0.565,0.115,0.648,0.686,103.4,104.0,86.67,104,0.609
0022401102,2025-04-01,1610612743,Denver Nuggets,1,0,1,0.0,58.0,120.5,121.9,121.7,122.8,-1.2,-0.9,0.702,1.83,20.9,0.256,0.603,0.462,0.158,0.616,0.66,95.3,94.34,78.62,114,0.554
0022401100,2025-04-01,1610612744,Golden State Warriors,1,1,0,1.0,48.0,124.9,126.4,114.0,116.8,10.9,9.6,0.69,2.64,18.8,0.351,0.74,0.533,0.104,0.535,0.602,108.5,106.5,88.75,106,0.545
0022401100,2025-04-01,1610612763,Memphis Grizzlies,1,0,1,0.0,48.0,114.0,116.8,124.9,126.4,-10.9,-9.6,0.5,1.38,15.6,0.26,0.649,0.467,0.15,0.576,0.615,108.5,106.5,88.75,107,0.455
0022401101,2025-04-01,1610612749,Milwaukee Bucks,1,1,0,1.0,48.0,136.3,135.7,122.7,128.1,13.6,7.6,0.627,1.6,23.5,0.25,0.625,0.5,0.204,0.804,0.825,98.9,97.0,80.83,98,0.586
0022401102,2025-04-01,1610612750,Minnesota Timberwolves,1,1,0,1.0,58.0,121.7,122.8,120.5,121.9,1.2,0.9,0.673,2.5,20.1,0.397,0.744,0.538,0.123,0.554,0.574,95.3,94.34,78.62,114,0.446
0022401098,2025-04-01,1610612752,New York Knicks,1,1,0,1.0,48.0,103.5,108.2,93.2,94.8,10.3,13.5,0.639,1.21,16.4,0.392,0.673,0.53,0.196,0.494,0.544,99.6,96.5,80.42,97,0.551
0022400988,2025-04-01,1610612753,Orlando Magic,1,1,0,1.0,48.0,118.0,122.1,108.8,111.7,9.2,10.4,0.651,2.15,20.4,0.319,0.721,0.511,0.137,0.578,0.609,97.4,94.5,78.75,95,0.56
0022401098,2025-04-01,1610612755,Philadelphia 76ers,1,0,1,0.0,48.0,93.2,94.8,103.5,108.2,-10.3,-13.5,0.676,1.15,17.0,0.327,0.608,0.47,0.208,0.457,0.502,99.6,96.5,80.42,96,0.449
0022401101,2025-04-01,1610612756,Phoenix Suns,1,0,1,0.0,48.0,122.7,128.1,136.3,135.7,-13.6,-7.6,0.591,1.86,18.6,0.375,0.75,0.5,0.146,0.576,0.607,98.9,97.0,80.83,96,0.414
0022401097,2025-04-01,1610612757,Portland Trail Blazers,1,1,0,1.0,48.0,112.5,115.5,100.6,102.7,11.9,12.7,0.638,1.76,18.3,0.4,0.712,0.545,0.155,0.519,0.553,112.6,110.0,91.67,110,0.551
0022400988,2025-04-01,1610612759,San Antonio Spurs,1,0,1,0.0,48.0,108.8,111.7,118.0,122.1,-9.2,-10.4,0.6,1.41,18.6,0.279,0.681,0.489,0.181,0.574,0.593,97.4,94.5,78.75,94,0.44
0022401099,2025-04-01,1610612761,Toronto Raptors,1,0,1,0.0,48.0,112.6,113.5,134.5,131.7,-21.9,-18.3,0.795,2.92,23.3,0.226,0.718,0.435,0.115,0.557,0.579,103.4,104.0,86.67,104,0.391
0022401109,2025-04-02,1610612737,Atlanta Hawks,1,0,1,0.0,48.0,111.7,114.6,116.2,116.5,-4.6,-1.9,0.69,2.64,19.6,0.286,0.833,0.52,0.107,0.51,0.553,104.5,103.0,85.83,103,0.457
0022401106,2025-04-02,1610612738,Boston Celtics,1,0,1,0.0,48.0,117.0,119.8,139.5,144.2,-22.5,-24.4,0.615,1.85,18.2,0.449,0.651,0.543,0.151,0.517,0.548,88.5,86.0,71.67,86,0.398
0022401104,2025-04-02,1610612766,Charlotte Hornets,1,0,1,0.0,48.0,110.6,110.5,126.1,125.3,-15.4,-14.7,0.488,1.11,15.9,0.282,0.755,0.545,0.189,0.59,0.611,94.7,95.0,79.17,95,0.437
0022401103,2025-04-02,1610612739,Cleveland Cavaliers,1,1,0,1.0,48.0,126.3,127.8,106.6,110.5,19.7,17.3,0.46,1.77,16.5,0.467,0.647,0.563,0.134,0.596,0.619,98.3,96.0,80.0,97,0.592
0022401109,2025-04-02,1610612742,Dallas Mavericks,1,1,0,1.0,48.0,116.2,116.5,111.7,114.6,4.6,1.9,0.614,1.8,19.7,0.167,0.714,0.48,0.146,0.62,0.65,104.5,103.0,85.83,103,0.543
0022401110,2025-04-02,1610612743,Denver Nuggets,1,0,1,0.0,48.0,101.0,101.0,107.9,107.6,-7.0,-6.7,0.632,2.0,16.6,0.258,0.821,0.525,0.114,0.464,0.495,104.9,105.0,87.5,105,0.471
0022401108,2025-04-02,1610612765,Detroit Pistons,1,0,1,0.0,48.0,95.4,100.0,111.6,115.5,-16.2,-15.5,0.556,1.05,14.2,0.333,0.655,0.495,0.184,0.461,0.515,107.3,103.0,85.83,103,0.378
0022401107,2025-04-02,1610612745,Houston Rockets,1,1,0,1.0,48.0,137.0,138.8,100.8,102.9,36.2,35.9,0.536,3.0,19.4,0.442,0.793,0.627,0.097,0.63,0.636,104.2,102.5,85.42,103,0.632
0022401104,2025-04-02,1610612754,Indiana Pacers,1,1,0,1.0,48.0,126.1,125.3,110.6,110.5,15.4,14.7,0.617,4.83,21.5,0.245,0.718,0.455,0.063,0.589,0.599,94.7,95.0,79.17,95,0.563
0022401111,2025-04-02,1610612746,LA Clippers,1,1,0,1.0,48.0,115.8,118.8,98.2,101.0,17.6,17.7,0.675,2.08,21.1,0.128,0.727,0.446,0.135,0.612,0.652,99.1,96.5,80.42,96,0.566
0022401106,2025-04-02,1610612748,Miami Heat,1,1,0,1.0,48.0,139.5,144.2,117.0,119.8,22.5,24.4,0.651,5.6,21.7,0.349,0.551,0.457,0.058,0.602,0.653,88.5,86.0,71.67,86,0.602
0022401111,2025-04-02,1610612740,New Orleans Pelicans,1,0,1,0.0,48.0,98.2,101.0,115.8,118.8,-17.6,-17.7,0.674,1.71,21.0,0.273,0.872,0.554,0.175,0.529,0.545,99.1,96.5,80.42,97,0.434
0022401103,2025-04-02,1610612752,New York Knicks,1,0,1,0.0,48.0,106.6,110.5,126.3,127.8,-19.7,-17.3,0.6,1.5,17.5,0.353,0.533,0.438,0.168,0.506,0.539,98.3,96.0,80.0,95,0.408
0022401108,2025-04-02,1610612760,Oklahoma City Thunder,1,1,0,1.0,48.0,111.6,115.5,95.4,100.0,16.2,15.5,0.595,2.5,17.0,0.345,0.667,0.505,0.097,0.49,0.543,107.3,103.0,85.83,103,0.622
0022401105,2025-04-02,1610612758,Sacramento Kings,1,0,1,0.0,48.0,109.6,111.0,117.3,117.2,-7.7,-6.2,0.625,2.27,17.2,0.362,0.814,0.554,0.11,0.474,0.517,100.1,99.5,82.92,100,0.485
0022401110,2025-04-02,1610612759,San Antonio Spurs,1,1,0,1.0,48.0,107.9,107.6,101.0,101.0,7.0,6.7,0.628,2.7,19.0,0.179,0.742,0.475,0.095,0.531,0.55,104.9,105.0,87.5,105,0.529
0022401107,2025-04-02,1610612762,Utah Jazz,1,0,1,0.0,48.0,100.8,102.9,137.0,138.8,-36.2,-35.9,0.625,2.5,18.0,0.207,0.558,0.373,0.098,0.479,0.504,104.2,102.5,85.42,102,0.368
0022401105,2025-04-02,1610612764,Washington Wizards,1,1,0,1.0,48.0,117.3,117.2,109.6,111.0,7.7,6.2,0.558,1.71,18.3,0.186,0.638,0.446,0.141,0.613,0.631,100.1,99.5,82.92,99,0.515
0022401113,2025-04-03,1610612751,Brooklyn Nets,1,0,1,0.0,48.0,95.0,98.9,110.2,114.1,-15.3,-15.2,0.789,2.5,22.4,0.255,0.651,0.436,0.132,0.489,0.496,95.0,91.5,76.25,91,0.43
0022401117,2025-04-03,1610612744,Golden State Warriors,1,1,0,1.0,48.0,130.0,133.7,125.9,126.1,4.0,7.6,0.769,2.31,21.6,0.378,0.673,0.532,0.141,0.591,0.643,93.4,92.0,76.67,92,0.551
0022401117,2025-04-03,1610612747,Los Angeles Lakers,1,0,1,0.0,48.0,125.9,126.1,130.0,133.7,-4.0,-7.6,0.59,2.3,17.6,0.327,0.622,0.468,0.109,0.558,0.603,93.4,92.0,76.67,92,0.449
0022401114,2025-04-03,1610612763,Memphis Grizzlies,1,1,0,1.0,48.0,111.7,112.2,108.7,109.1,3.0,3.2,0.6,1.33,17.8,0.277,0.672,0.495,0.184,0.565,0.595,98.9,98.5,82.08,98,0.519
0022401114,2025-04-03,1610612748,Miami Heat,1,0,1,0.0,48.0,108.7,109.1,111.7,112.2,-3.0,-3.2,0.615,2.18,16.9,0.328,0.723,0.505,0.111,0.484,0.522,98.9,98.5,82.08,99,0.481
0022401115,2025-04-03,1610612749,Milwaukee Bucks,1,1,0,1.0,48.0,130.1,131.3,111.5,117.7,18.6,13.5,0.696,2.91,23.4,0.225,0.673,0.472,0.115,0.659,0.671,99.1,96.0,80.0,96,0.563
0022401113,2025-04-03,1610612750,Minnesota Timberwolves,1,1,0,1.0,48.0,110.2,114.1,95.0,98.9,15.3,15.2,0.692,1.5,20.1,0.349,0.745,0.564,0.196,0.583,0.602,95.0,91.5,76.25,92,0.57
0022401112,2025-04-03,1610612753,Orlando Magic,1,1,0,1.0,48.0,118.5,121.1,102.3,109.0,16.2,12.1,0.711,2.25,20.1,0.362,0.723,0.543,0.133,0.53,0.586,93.4,89.5,74.58,90,0.623
0022401115,2025-04-03,1610612755,Philadelphia 76ers,1,0,1,0.0,48.0,111.5,117.7,130.1,131.3,-18.6,-13.5,0.698,2.0,21.1,0.327,0.775,0.528,0.156,0.551,0.58,99.1,96.0,80.0,96,0.437
0022401116,2025-04-03,1610612757,Portland Trail Blazers,1,1,0,1.0,48.0,108.9,110.9,99.8,102.0,9.1,8.9,0.476,0.8,14.1,0.467,0.704,0.596,0.248,0.547,0.591,103.0,101.0,84.17,101,0.559
0022401116,2025-04-03,1610612761,Toronto Raptors,1,0,1,0.0,48.0,99.8,102.0,108.9,110.9,-9.1,-8.9,0.659,1.61,19.9,0.296,0.533,0.404,0.178,0.521,0.524,103.0,101.0,84.17,101,0.441
0022401112,2025-04-03,1610612764,Washington Wizards,1,0,1,0.0,48.0,102.3,109.0,118.5,121.1,-16.2,-12.1,0.421,1.23,13.6,0.277,0.638,0.457,0.146,0.518,0.54,93.4,89.5,74.58,89,0.377
0022401120,2025-04-04,1610612738,Boston Celtics,1,1,0,1.0,48.0,131.3,130.9,108.6,110.8,22.7,20.1,0.622,4.0,21.2,0.273,0.759,0.541,0.074,0.598,0.636,94.3,93.5,77.92,94,0.59
0022401118,2025-04-04,1610612766,Charlotte Hornets,1,0,1,0.0,48.0,102.0,106.3,126.1,128.9,-24.1,-22.6,0.515,1.31,13.1,0.321,0.714,0.51,0.135,0.446,0.521,99.5,96.5,80.42,96,0.402
0022401122,2025-04-04,1610612741,Chicago Bulls,1,1,0,1.0,48.0,109.6,108.3,103.7,105.6,5.9,2.6,0.61,1.39,17.1,0.265,0.703,0.528,0.165,0.529,0.586,108.3,108.0,90.0,109,0.573
0022401124,2025-04-04,1610612739,Cleveland Cavaliers,1,1,0,1.0,48.0,110.5,111.8,107.3,110.8,3.3,1.0,0.756,1.82,21.7,0.229,0.722,0.49,0.167,0.598,0.612,104.3,102.0,85.0,102,0.516
0022401127,2025-04-04,1610612742,Dallas Mavericks,1,0,1,0.0,48.0,90.6,91.9,116.3,115.2,-25.7,-23.2,0.543,1.06,15.0,0.191,0.739,0.462,0.182,0.481,0.514,99.2,99.0,82.5,99,0.394
0022401125,2025-04-04,1610612743,Denver Nuggets,1,0,1,0.0,48.0,105.3,107.2,119.3,120.4,-13.9,-13.2,0.7,1.08,20.9,0.257,0.681,0.5,0.268,0.622,0.652,98.8,97.5,81.25,97,0.464
0022401121,2025-04-04,1610612765,Detroit Pistons,1,1,0,1.0,48.0,113.7,114.7,105.2,102.9,8.5,11.8,0.659,1.93,18.8,0.294,0.709,0.509,0.137,0.528,0.58,101.3,102.0,85.0,102,0.584
0022401125,2025-04-04,1610612744,Golden State Warriors,1,1,0,1.0,48.0,119.3,120.4,105.3,107.2,13.9,13.2,0.581,1.79,18.1,0.319,0.743,0.5,0.143,0.58,0.615,98.8,97.5,81.25,98,0.536
0022401123,2025-04-04,1610612745,Houston Rockets,1,1,0,1.0,48.0,119.7,122.5,107.1,108.8,12.5,13.7,0.533,1.6,16.6,0.404,0.771,0.589,0.147,0.56,0.604,104.0,102.0,85.0,102,0.571
0022401119,2025-04-04,1610612754,Indiana Pacers,1,1,0,1.0,48.0,137.6,137.3,104.4,108.7,33.2,28.5,0.745,5.43,25.0,0.255,0.606,0.46,0.069,0.64,0.662,104.5,102.5,85.42,102,0.686
0022401127,2025-04-04,1610612746,LA Clippers,1,1,0,1.0,48.0,116.3,115.2,90.6,91.9,25.7,23.2,0.523,1.77,17.2,0.261,0.809,0.538,0.131,0.573,0.594,99.2,99.0,82.5,99,0.606
0022401126,2025-04-04,1610612747,Los Angeles Lakers,1,1,0,1.0,48.0,128.7,130.5,115.3,113.7,13.5,16.8,0.634,2.0,19.7,0.308,0.652,0.494,0.137,0.62,0.679,95.0,95.0,79.17,95,0.576
0022401126,2025-04-04,1610612740,New Orleans Pelicans,1,0,1,0.0,48.0,115.3,113.7,128.7,130.5,-13.5,-16.8,0.675,1.59,19.6,0.348,0.692,0.506,0.179,0.573,0.589,95.0,95.0,79.17,95,0.424
0022401123,2025-04-04,1610612760,Oklahoma City Thunder,1,0,1,0.0,48.0,107.1,108.8,119.7,122.5,-12.5,-13.7,0.558,1.6,17.5,0.229,0.596,0.411,0.147,0.556,0.581,104.0,102.0,85.0,102,0.429
0022401120,2025-04-04,1610612756,Phoenix Suns,1,0,1,0.0,48.0,108.6,110.8,131.3,130.9,-22.7,-20.1,0.585,3.0,18.5,0.241,0.727,0.459,0.086,0.505,0.526,94.3,93.5,77.92,93,0.41
0022401122,2025-04-04,1610612757,Portland Trail Blazers,1,0,1,0.0,48.0,103.7,105.6,109.6,108.3,-5.9,-2.6,0.523,4.6,15.1,0.297,0.735,0.472,0.047,0.43,0.46,108.3,108.0,90.0,107,0.427
0022401118,2025-04-04,1610612758,Sacramento Kings,1,1,0,1.0,48.0,126.1,128.9,102.0,106.3,24.1,22.6,0.578,3.25,19.0,0.286,0.679,0.49,0.082,0.582,0.618,99.5,96.5,80.42,97,0.598
0022401124,2025-04-04,1610612759,San Antonio Spurs,1,0,1,0.0,48.0,107.3,110.8,110.5,111.8,-3.3,-1.0,0.659,2.25,19.0,0.278,0.771,0.51,0.118,0.521,0.552,104.3,102.0,85.0,102,0.484
0022401121,2025-04-04,1610612761,Toronto Raptors,1,0,1,0.0,48.0,105.2,102.9,113.7,114.7,-8.5,-11.8,0.632,1.5,16.9,0.291,0.706,0.491,0.157,0.489,0.526,101.3,102.0,85.0,102,0.416
0022401119,2025-04-04,1610612762,Utah Jazz,1,0,1,0.0,48.0,104.4,108.7,137.6,137.3,-33.2,-28.5,0.538,1.62,14.0,0.394,0.745,0.54,0.126,0.452,0.495,104.5,102.5,85.42,103,0.314
0022401128,2025-04-05,1610612737,Atlanta Hawks,1,0,1,0.0,48.0,105.8,107.1,120.6,124.7,-14.8,-17.6,0.585,1.6,17.8,0.271,0.775,0.5,0.153,0.545,0.563,99.8,97.5,81.25,98,0.421
0022401132,2025-04-05,1610612742,Dallas Mavericks,1,0,1,0.0,48.0,103.3,104.0,132.6,135.0,-29.4,-31.0,0.529,1.13,13.7,0.26,0.727,0.479,0.16,0.481,0.549,101.3,100.0,83.33,100,0.358
0022401129,2025-04-05,1610612765,Detroit Pistons,1,0,1,0.0,48.0,98.0,99.0,104.0,104.8,-6.1,-5.8,0.649,3.43,17.1,0.2,0.655,0.424,0.067,0.443,0.485,104.9,104.0,86.67,104,0.486
0022401132,2025-04-05,1610612746,LA Clippers,1,1,0,1.0,48.0,132.6,135.0,103.3,104.0,29.4,31.0,0.574,4.43,21.7,0.273,0.74,0.521,0.07,0.62,0.644,101.3,100.0,83.33,100,0.642
0022401129,2025-04-05,1610612763,Memphis Grizzlies,1,1,0,1.0,48.0,104.0,104.8,98.0,99.0,6.1,5.8,0.487,1.27,13.3,0.345,0.8,0.576,0.144,0.463,0.51,104.9,104.0,86.67,104,0.514
0022401131,2025-04-05,1610612748,Miami Heat,1,0,1,0.0,53.0,107.4,108.5,114.4,114.2,-7.0,-5.7,0.558,2.4,16.4,0.267,0.891,0.538,0.094,0.495,0.527,96.4,96.0,80.0,106,0.43
0022401131,2025-04-05,1610612749,Milwaukee Bucks,1,1,0,1.0,53.0,114.4,114.2,107.4,108.5,7.0,5.7,0.644,3.22,20.7,0.109,0.733,0.462,0.085,0.563,0.606,96.4,96.0,80.0,106,0.57
0022401130,2025-04-05,1610612750,Minnesota Timberwolves,1,1,0,1.0,48.0,120.3,120.0,111.7,114.7,8.6,5.3,0.537,1.47,16.4,0.395,0.7,0.559,0.158,0.574,0.608,96.2,95.0,79.17,95,0.549
0022401128,2025-04-05,1610612752,New York Knicks,1,1,0,1.0,48.0,120.6,124.7,105.8,107.1,14.8,17.6,0.711,2.29,23.2,0.225,0.729,0.5,0.144,0.625,0.655,99.8,97.5,81.25,97,0.579
0022401130,2025-04-05,1610612755,Philadelphia 76ers,1,0,1,0.0,48.0,111.7,114.7,120.3,120.0,-8.6,-5.3,0.591,2.36,19.1,0.3,0.605,0.441,0.116,0.549,0.558,96.2,95.0,79.17,95,0.451
0022401136,2025-04-06,1610612737,Atlanta Hawks,1,1,0,1.0,48.0,140.3,144.1,131.0,132.7,9.3,11.4,0.796,3.58,26.7,0.381,0.791,0.588,0.118,0.684,0.708,103.6,101.5,84.58,102,0.553
0022401137,2025-04-06,1610612738,Boston Celtics,1,1,0,1.0,48.0,138.3,137.8,100.7,100.0,37.7,37.8,0.688,2.36,22.1,0.54,0.75,0.647,0.156,0.612,0.616,89.5,90.0,75.0,90,0.664
0022401134,2025-04-06,1610612751,Brooklyn Nets,1,0,1,0.0,48.0,99.2,99.1,109.4,109.1,-10.2,-10.0,0.641,1.04,17.2,0.222,0.75,0.505,0.218,0.537,0.581,109.8,110.0,91.67,110,0.46
0022401133,2025-04-06,1610612766,Charlotte Hornets,1,0,1,0.0,48.0,111.5,112.5,127.5,127.2,-16.0,-14.7,0.61,1.79,17.9,0.261,0.791,0.517,0.135,0.529,0.585,103.9,103.5,86.25,104,0.451
0022401133,2025-04-06,1610612741,Chicago Bulls,1,1,0,1.0,48.0,127.5,127.2,111.5,112.5,16.0,14.7,0.565,2.0,18.8,0.209,0.739,0.483,0.126,0.628,0.663,103.9,103.5,86.25,103,0.549
0022401138,2025-04-06,1610612739,Cleveland Cavaliers,1,0,1,0.0,48.0,113.7,116.5,119.2,125.0,-5.5,-8.5,0.674,1.94,21.5,0.34,0.7,0.506,0.165,0.58,0.586,100.0,96.5,80.42,97,0.475
0022401142,2025-04-06,1610612743,Denver Nuggets,1,0,1,0.0,48.0,114.4,114.3,119.9,119.0,-5.5,-4.8,0.66,2.54,22.1,0.239,0.82,0.542,0.124,0.581,0.595,104.6,105.0,87.5,105,0.477
0022401143,2025-04-06,1610612744,Golden State Warriors,1,0,1,0.0,48.0,97.1,98.0,106.0,108.2,-8.8,-10.2,0.757,1.4,19.3,0.352,0.66,0.505,0.204,0.506,0.512,99.4,98.0,81.67,98,0.462
0022401143,2025-04-06,1610612745,Houston Rockets,1,1,0,1.0,48.0,106.0,108.2,97.1,98.0,8.8,10.2,0.578,1.63,18.3,0.34,0.648,0.495,0.163,0.538,0.53,99.4,98.0,81.67,98,0.538
0022401142,2025-04-06,1610612754,Indiana Pacers,1,1,0,1.0,48.0,119.9,119.0,114.4,114.3,5.5,4.8,0.739,5.67,23.0,0.18,0.761,0.458,0.057,0.557,0.594,104.6,105.0,87.5,105,0.523
0022401135,2025-04-06,1610612747,Los Angeles Lakers,1,1,0,1.0,48.0,125.4,132.6,106.1,103.1,19.3,29.5,0.543,1.47,18.9,0.333,0.811,0.609,0.179,0.679,0.689,96.9,95.5,79.58,95,0.601
0022400617,2025-04-06,1610612749,Milwaukee Bucks,1,1,0,1.0,48.0,112.5,111.0,102.7,107.0,9.8,4.0,0.674,4.14,20.6,0.231,0.764,0.505,0.07,0.527,0.546,101.4,100.0,83.33,100,0.532
0022400617,2025-04-06,1610612740,New Orleans Pelicans,1,0,1,0.0,48.0,102.7,107.0,112.5,111.0,-9.8,-4.0,0.721,2.58,21.5,0.236,0.769,0.495,0.12,0.516,0.529,101.4,100.0,83.33,100,0.468
0022401140,2025-04-06,1610612752,New York Knicks,1,1,0,1.0,48.0,119.7,117.9,100.7,104.3,19.1,13.6,0.7,1.87,21.4,0.229,0.667,0.494,0.158,0.622,0.662,95.5,94.5,78.75,95,0.627
0022401135,2025-04-06,1610612760,Oklahoma City Thunder,1,0,1,0.0,48.0,106.1,103.1,125.4,132.6,-19.3,-29.5,0.513,2.86,15.9,0.189,0.667,0.391,0.073,0.5,0.52,96.9,95.5,79.58,96,0.399
0022401140,2025-04-06,1610612756,Phoenix Suns,1,0,1,0.0,48.0,100.7,104.3,119.7,117.9,-19.1,-13.6,0.513,1.67,15.2,0.333,0.771,0.506,0.128,0.446,0.488,95.5,94.5,78.75,94,0.373
0022401139,2025-04-06,1610612757,Portland Trail Blazers,1,1,0,1.0,48.0,111.2,112.1,99.8,101.9,11.5,10.3,0.595,1.67,17.5,0.234,0.714,0.495,0.14,0.556,0.595,108.6,107.0,89.17,107,0.559
0022401138,2025-04-06,1610612758,Sacramento Kings,1,1,0,1.0,48.0,119.2,125.0,113.7,116.5,5.5,8.5,0.568,1.47,18.8,0.3,0.66,0.494,0.177,0.622,0.654,100.0,96.5,80.42,96,0.525
0022401139,2025-04-06,1610612759,San Antonio Spurs,1,0,1,0.0,48.0,99.8,101.9,111.2,112.1,-11.5,-10.3,0.634,1.44,17.4,0.286,0.766,0.505,0.168,0.489,0.523,108.6,107.0,89.17,107,0.441
0022401134,2025-04-06,1610612761,Toronto Raptors,1,1,0,1.0,48.0,109.4,109.1,99.2,99.1,10.2,10.0,0.638,1.58,19.6,0.25,0.778,0.495,0.173,0.564,0.579,109.8,110.0,91.67,110,0.54
0022401136,2025-04-06,1610612762,Utah Jazz,1,0,1,0.0,48.0,131.0,132.7,140.3,144.1,-9.3,-11.4,0.644,2.9,20.9,0.209,0.619,0.412,0.099,0.632,0.675,103.6,101.5,84.58,101,0.447
0022401137,2025-04-06,1610612764,Washington Wizards,1,0,1,0.0,48.0,100.7,100.0,138.3,137.8,-37.7,-37.8,0.6,2.1,16.9,0.25,0.46,0.353,0.111,0.477,0.498,89.5,90.0,75.0,90,0.336
0022401144,2025-04-07,1610612765,Detroit Pistons,1,0,1,0.0,48.0,120.2,123.2,131.1,135.1,-10.9,-11.9,0.714,3.33,21.1,0.327,0.553,0.434,0.095,0.545,0.577,97.1,94.5,78.75,95,0.471
0022401145,2025-04-07,1610612748,Miami Heat,1,1,0,1.0,48.0,118.7,120.6,107.1,108.2,11.5,12.4,0.578,2.0,19.1,0.283,0.685,0.5,0.134,0.596,0.612,98.3,97.0,80.83,97,0.574
0022401145,2025-04-07,1610612755,Philadelphia 76ers,1,0,1,0.0,48.0,107.1,108.2,118.7,120.6,-11.5,-12.4,0.526,1.54,14.9,0.315,0.717,0.5,0.134,0.5,0.53,98.3,97.0,80.83,97,0.426
0022401144,2025-04-07,1610612758,Sacramento Kings,1,1,0,1.0,48.0,131.1,135.1,120.2,123.2,10.9,11.9,0.426,1.67,14.8,0.447,0.673,0.566,0.128,0.577,0.617,97.1,94.5,78.75,94,0.529
0022401149,2025-04-08,1610612737,Atlanta Hawks,1,0,1,0.0,48.0,110.1,115.5,120.6,122.7,-10.5,-7.2,0.625,1.39,17.7,0.4,0.622,0.505,0.186,0.534,0.573,100.2,97.0,80.83,97,0.439
0022401151,2025-04-08,1610612738,Boston Celtics,1,1,0,1.0,53.0,114.4,116.7,114.7,114.7,-0.2,2.0,0.65,1.73,18.6,0.24,0.643,0.453,0.147,0.569,0.607,93.3,92.38,76.98,102,0.491
0022401150,2025-04-08,1610612751,Brooklyn Nets,1,1,0,1.0,48.0,116.0,116.7,110.0,110.7,6.0,6.0,0.732,1.88,21.3,0.209,0.739,0.483,0.157,0.596,0.636,103.1,102.5,85.42,102,0.52
0022401146,2025-04-08,1610612766,Charlotte Hornets,1,0,1,0.0,48.0,99.9,101.0,118.7,125.3,-18.8,-24.2,0.595,1.47,17.1,0.2,0.63,0.423,0.152,0.525,0.549,102.3,99.0,82.5,99,0.394
0022401147,2025-04-08,1610612741,Chicago Bulls,1,0,1,0.0,48.0,110.4,108.7,131.4,132.4,-21.0,-23.7,0.634,1.3,18.1,0.311,0.667,0.5,0.192,0.564,0.599,102.5,103.0,85.83,104,0.431
0022401147,2025-04-08,1610612739,Cleveland Cavaliers,1,1,0,1.0,48.0,131.4,132.4,110.4,108.7,21.0,23.7,0.686,2.69,22.7,0.333,0.689,0.5,0.127,0.635,0.638,102.5,103.0,85.83,102,0.569
0022401154,2025-04-08,1610612744,Golden State Warriors,1,1,0,1.0,48.0,127.9,129.1,94.4,94.1,33.5,35.1,0.689,2.07,19.6,0.462,0.759,0.613,0.146,0.565,0.616,102.3,102.0,85.0,103,0.671
0022401148,2025-04-08,1610612754,Indiana Pacers,1,1,0,1.0,48.0,104.8,108.3,99.4,102.1,5.4,6.3,0.636,2.33,15.6,0.31,0.685,0.491,0.094,0.431,0.503,98.9,96.0,80.0,96,0.571
0022401155,2025-04-08,1610612746,LA Clippers,1,1,0,1.0,48.0,118.4,122.0,115.8,117.0,2.6,5.0,0.625,1.76,20.1,0.404,0.783,0.591,0.17,0.591,0.61,102.0,100.0,83.33,100,0.531
0022401153,2025-04-08,1610612747,Los Angeles Lakers,1,0,1,0.0,48.0,116.2,121.2,129.8,136.0,-13.6,-14.8,0.568,1.11,15.1,0.388,0.636,0.519,0.192,0.575,0.623,104.0,99.5,82.92,99,0.454
0022401146,2025-04-08,1610612763,Memphis Grizzlies,1,1,0,1.0,48.0,118.7,125.3,99.9,101.0,18.8,24.2,0.548,1.64,16.4,0.37,0.8,0.577,0.141,0.548,0.594,102.3,99.0,82.5,99,0.606
0022401152,2025-04-08,1610612749,Milwaukee Bucks,1,1,0,1.0,48.0,114.6,117.0,106.2,109.6,8.4,7.4,0.675,2.25,19.9,0.313,0.714,0.515,0.128,0.548,0.579,96.5,94.0,78.33,94,0.547
0022401152,2025-04-08,1610612750,Minnesota Timberwolves,1,0,1,0.0,48.0,106.2,109.6,114.6,117.0,-8.4,-7.4,0.61,1.79,18.9,0.286,0.688,0.485,0.149,0.534,0.554,96.5,94.0,78.33,94,0.453
0022401150,2025-04-08,1610612740,New Orleans Pelicans,1,0,1,0.0,48.0,110.0,110.7,116.0,116.7,-6.0,-6.0,0.667,1.53,18.6,0.261,0.791,0.517,0.165,0.549,0.596,103.1,102.5,85.42,103,0.48
0022401151,2025-04-08,1610612752,New York Knicks,1,0,1,0.0,53.0,114.7,114.7,114.4,116.7,0.2,-2.0,0.583,2.55,18.8,0.357,0.76,0.547,0.108,0.53,0.541,93.3,92.38,76.98,102,0.509
0022401153,2025-04-08,1610612760,Oklahoma City Thunder,1,1,0,1.0,48.0,129.8,136.0,116.2,121.2,13.6,14.8,0.5,3.71,17.8,0.364,0.612,0.481,0.07,0.587,0.603,104.0,99.5,82.92,100,0.546
0022401149,2025-04-08,1610612753,Orlando Magic,1,1,0,1.0,48.0,120.6,122.7,110.1,115.5,10.5,7.2,0.548,1.64,16.8,0.378,0.6,0.495,0.144,0.583,0.609,100.2,97.0,80.83,97,0.561
0022401154,2025-04-08,1610612756,Phoenix Suns,1,0,1,0.0,48.0,94.4,94.1,127.9,129.1,-33.5,-35.1,0.629,1.16,16.2,0.241,0.538,0.387,0.188,0.466,0.502,102.3,102.0,85.0,101,0.329
0022401155,2025-04-08,1610612759,San Antonio Spurs,1,0,1,0.0,48.0,115.8,117.0,118.4,122.0,-2.6,-5.0,0.644,1.71,20.9,0.217,0.596,0.409,0.17,0.629,0.636,102.0,100.0,83.33,100,0.469
0022401148,2025-04-08,1610612764,Washington Wizards,1,0,1,0.0,48.0,99.4,102.1,104.8,108.3,-5.4,-6.3,0.474,1.29,13.7,0.315,0.69,0.509,0.146,0.478,0.502,98.9,96.0,80.0,96,0.429
0022401156,2025-04-09,1610612738,Boston Celtics,1,0,1,0.0,48.0,82.9,85.4,103.8,105.5,-20.8,-20.1,0.625,1.25,16.5,0.235,0.685,0.467,0.18,0.433,0.449,92.1,90.0,75.0,89,0.406
0022401158,2025-04-09,1610612766,Charlotte Hornets,1,0,1,0.0,48.0,93.2,94.1,123.2,124.8,-30.0,-30.6,0.639,1.21,17.2,0.184,0.667,0.443,0.186,0.506,0.539,102.7,101.5,84.58,102,0.379
0022401160,2025-04-09,1610612741,Chicago Bulls,1,1,0,1.0,48.0,118.1,116.7,109.4,107.8,8.8,8.9,0.717,2.06,22.8,0.233,0.755,0.511,0.157,0.596,0.628,101.1,102.5,85.42,102,0.549
0022401159,2025-04-09,1610612742,Dallas Mavericks,1,0,1,0.0,48.0,104.2,103.2,116.4,117.9,-12.2,-14.7,0.833,1.5,22.4,0.263,0.627,0.472,0.213,0.563,0.591,94.7,94.5,78.75,94,0.484
0022401165,2025-04-09,1610612743,Denver Nuggets,1,1,0,1.0,48.0,131.0,131.9,120.2,123.4,10.8,8.5,0.698,4.29,21.7,0.333,0.72,0.531,0.074,0.576,0.622,95.6,94.0,78.33,94,0.571
0022401163,2025-04-09,1610612744,Golden State Warriors,1,0,1,0.0,48.0,117.7,116.8,119.7,122.6,-2.0,-5.7,0.806,2.42,20.1,0.37,0.721,0.526,0.126,0.512,0.564,94.8,94.0,78.33,95,0.499
0022401166,2025-04-09,1610612745,Houston Rockets,1,0,1,0.0,48.0,117.7,118.2,134.9,135.4,-17.2,-17.2,0.533,1.71,18.0,0.227,0.69,0.453,0.141,0.625,0.633,99.4,99.0,82.5,99,0.418
0022401166,2025-04-09,1610612746,LA Clippers,1,1,0,1.0,48.0,134.9,135.4,117.7,118.2,17.2,17.2,0.688,2.75,22.8,0.31,0.773,0.547,0.121,0.639,0.681,99.4,99.0,82.5,99,0.582
0022401159,2025-04-09,1610612747,Los Angeles Lakers,1,1,0,1.0,48.0,116.4,117.9,104.2,103.2,12.2,14.7,0.524,1.83,16.2,0.373,0.737,0.528,0.126,0.533,0.564,94.7,94.5,78.75,95,0.516
0022401160,2025-04-09,1610612748,Miami Heat,1,0,1,0.0,48.0,109.4,107.8,118.1,116.7,-8.8,-8.9,0.636,2.15,19.6,0.245,0.767,0.489,0.126,0.543,0.558,101.1,102.5,85.42,103,0.451
0022401164,2025-04-09,1610612760,Oklahoma City Thunder,1,1,0,1.0,48.0,122.7,123.8,110.5,109.8,12.2,14.0,0.533,2.0,17.8,0.25,0.771,0.522,0.119,0.593,0.639,101.6,101.5,84.58,101,0.545
0022401156,2025-04-09,1610612753,Orlando Magic,1,1,0,1.0,48.0,103.8,105.5,82.9,85.4,20.8,20.1,0.622,2.3,18.0,0.315,0.765,0.533,0.11,0.495,0.508,92.1,90.0,75.0,91,0.594
0022401157,2025-04-09,1610612755,Philadelphia 76ers,1,1,0,1.0,48.0,114.3,117.3,98.8,99.0,15.5,18.3,0.513,1.18,13.6,0.397,0.732,0.561,0.163,0.516,0.566,105.5,104.0,86.67,104,0.577
0022401164,2025-04-09,1610612756,Phoenix Suns,1,0,1,0.0,48.0,110.5,109.8,122.7,123.8,-12.2,-14.0,0.738,2.07,21.7,0.229,0.75,0.478,0.147,0.569,0.587,101.6,101.5,84.58,102,0.455
0022401162,2025-04-09,1610612757,Portland Trail Blazers,1,0,1,0.0,53.0,105.6,107.7,115.0,113.7,-9.4,-6.0,0.563,1.59,16.9,0.295,0.646,0.45,0.145,0.514,0.542,106.4,105.96,88.3,117,0.449
0022401165,2025-04-09,1610612758,Sacramento Kings,1,0,1,0.0,48.0,120.2,123.4,131.0,131.9,-10.8,-8.5,0.581,3.13,18.8,0.28,0.667,0.469,0.085,0.554,0.583,95.6,94.0,78.33,94,0.429
0022401163,2025-04-09,1610612759,San Antonio Spurs,1,1,0,1.0,48.0,119.7,122.6,117.7,116.8,2.0,5.7,0.59,1.53,18.0,0.279,0.63,0.474,0.161,0.593,0.632,94.8,94.0,78.33,93,0.501
0022401158,2025-04-09,1610612761,Toronto Raptors,1,1,0,1.0,48.0,123.2,124.8,93.2,94.1,30.0,30.6,0.755,4.11,23.6,0.333,0.816,0.557,0.089,0.563,0.577,102.7,101.5,84.58,101,0.621
0022401162,2025-04-09,1610612762,Utah Jazz,1,1,0,1.0,53.0,115.0,113.7,105.6,107.7,9.4,6.0,0.54,1.13,16.8,0.354,0.705,0.55,0.205,0.587,0.618,106.4,105.96,88.3,117,0.551
0022401157,2025-04-09,1610612764,Washington Wizards,1,0,1,0.0,48.0,98.8,99.0,114.3,117.3,-15.5,-18.3,0.647,1.29,15.6,0.268,0.603,0.439,0.163,0.448,0.514,105.5,104.0,86.67,104,0.423
0022401169,2025-04-10,1610612737,Atlanta Hawks,1,1,0,1.0,48.0,124.9,124.3,100.3,100.9,24.6,23.4,0.75,2.4,23.8,0.195,0.763,0.53,0.14,0.661,0.675,107.6,107.5,89.58,107,0.65
0022401169,2025-04-10,1610612751,Brooklyn Nets,1,0,1,0.0,48.0,100.3,100.9,124.9,124.3,-24.6,-23.4,0.861,1.63,20.3,0.237,0.805,0.47,0.176,0.522,0.547,107.6,107.5,89.58,108,0.35
0022401168,2025-04-10,1610612739,Cleveland Cavaliers,1,0,1,0.0,48.0,108.0,110.9,112.0,115.2,-4.0,-4.3,0.558,2.18,16.8,0.321,0.788,0.546,0.109,0.526,0.54,102.8,100.0,83.33,101,0.482
0022401167,2025-04-10,1610612765,Detroit Pistons,1,1,0,1.0,48.0,119.9,122.3,103.8,111.6,16.1,10.8,0.426,1.33,15.9,0.324,0.6,0.483,0.16,0.622,0.639,99.0,94.5,78.75,94,0.505
0022401168,2025-04-10,1610612754,Indiana Pacers,1,1,0,1.0,48.0,112.0,115.2,108.0,110.9,4.0,4.3,0.651,2.8,20.3,0.212,0.679,0.454,0.101,0.538,0.56,102.8,100.0,83.33,99,0.518
0022401170,2025-04-10,1610612763,Memphis Grizzlies,1,0,1,0.0,48.0,118.8,121.4,131.4,138.2,-12.6,-16.9,0.565,1.73,18.3,0.265,0.683,0.456,0.146,0.618,0.636,106.3,102.5,85.42,103,0.432
0022401161,2025-04-10,1610612749,Milwaukee Bucks,1,1,0,1.0,48.0,125.7,127.1,105.4,103.7,20.3,23.4,0.551,2.25,19.1,0.149,0.714,0.456,0.112,0.644,0.659,106.8,107.0,89.17,107,0.59
0022401170,2025-04-10,1610612750,Minnesota Timberwolves,1,1,0,1.0,48.0,131.4,138.2,118.8,121.4,12.6,16.9,0.604,1.81,20.3,0.317,0.735,0.544,0.157,0.667,0.71,106.3,102.5,85.42,102,0.568
0022401161,2025-04-10,1610612740,New Orleans Pelicans,1,0,1,0.0,48.0,105.4,103.7,125.7,127.1,-20.3,-23.4,0.683,1.75,18.7,0.286,0.851,0.544,0.15,0.505,0.532,106.8,107.0,89.17,107,0.41
0022401167,2025-04-10,1610612752,New York Knicks,1,0,1,0.0,48.0,103.8,111.6,119.9,122.3,-16.1,-10.8,0.762,1.88,21.8,0.4,0.676,0.517,0.179,0.528,0.551,99.0,94.5,78.75,95,0.495
0022401173,2025-04-11,1610612737,Atlanta Hawks,1,1,0,1.0,48.0,122.1,124.0,105.2,107.8,16.9,16.2,0.622,1.87,19.0,0.358,0.655,0.509,0.15,0.564,0.593,103.1,101.0,84.17,100,0.558
0022401174,2025-04-11,1610612738,Boston Celtics,1,1,0,1.0,48.0,129.6,130.0,91.8,94.0,37.8,36.0,0.714,3.5,23.8,0.25,0.729,0.514,0.1,0.637,0.648,101.3,100.0,83.33,100,0.662
0022401179,2025-04-11,1610612751,Brooklyn Nets,1,0,1,0.0,48.0,98.4,98.9,123.5,127.2,-25.1,-28.3,0.727,2.4,18.0,0.283,0.711,0.449,0.109,0.433,0.467,93.6,92.0,76.67,92,0.324
0022401174,2025-04-11,1610612766,Charlotte Hornets,1,0,1,0.0,48.0,91.8,94.0,129.6,130.0,-37.8,-36.0,0.694,1.47,17.9,0.271,0.75,0.486,0.17,0.468,0.483,101.3,100.0,83.33,100,0.338
0022401176,2025-04-11,1610612741,Chicago Bulls,1,1,0,1.0,48.0,115.9,116.7,83.7,86.4,32.2,30.3,0.744,2.46,21.5,0.294,0.75,0.533,0.127,0.532,0.579,104.5,102.5,85.42,102,0.658
0022401175,2025-04-11,1610612739,Cleveland Cavaliers,1,1,0,1.0,48.0,117.1,114.9,104.3,109.7,12.8,5.2,0.605,1.53,17.6,0.333,0.704,0.542,0.16,0.565,0.599,95.0,93.5,77.92,94,0.562
0022401178,2025-04-11,1610612742,Dallas Mavericks,1,1,0,1.0,48.0,118.7,119.2,99.1,98.1,19.6,21.2,0.694,1.7,22.4,0.349,0.719,0.57,0.192,0.635,0.643,103.7,104.0,86.67,104,0.644
0022401180,2025-04-11,1610612743,Denver Nuggets,1,1,0,1.0,48.0,109.7,114.7,103.5,105.8,6.3,8.9,0.727,2.46,21.3,0.314,0.778,0.552,0.127,0.511,0.559,106.0,102.5,85.42,102,0.574
0022401171,2025-04-11,1610612765,Detroit Pistons,1,0,1,0.0,48.0,114.5,119.0,119.2,125.0,-4.7,-6.0,0.652,2.73,20.8,0.269,0.698,0.486,0.11,0.591,0.59,104.4,100.0,83.33,100,0.458
0022401183,2025-04-11,1610612744,Golden State Warriors,1,1,0,1.0,48.0,99.7,101.0,82.9,84.3,16.7,16.7,0.788,1.73,18.8,0.212,0.696,0.463,0.147,0.482,0.54,103.5,102.0,85.0,102,0.613
0022401185,2025-04-11,1610612745,Houston Rockets,1,0,1,0.0,48.0,101.6,103.8,130.8,133.3,-29.2,-29.5,0.537,1.16,15.9,0.224,0.811,0.477,0.181,0.556,0.572,107.1,105.0,87.5,105,0.371
0022401172,2025-04-11,1610612754,Indiana Pacers,1,0,1,0.0,48.0,107.1,108.5,121.4,122.9,-14.3,-14.4,0.6,1.2,15.9,0.404,0.718,0.538,0.189,0.517,0.551,106.8,105.5,87.92,106,0.409
0022401184,2025-04-11,1610612746,LA Clippers,1,1,0,1.0,48.0,111.1,111.0,108.1,107.5,3.0,3.5,0.475,1.58,16.1,0.195,0.694,0.467,0.132,0.558,0.588,91.7,92.0,76.67,91,0.499
0022401185,2025-04-11,1610612747,Los Angeles Lakers,1,1,0,1.0,48.0,130.8,133.3,101.6,103.8,29.2,29.5,0.528,2.15,20.0,0.189,0.776,0.523,0.124,0.718,0.714,107.1,105.0,87.5,105,0.629
0022401180,2025-04-11,1610612763,Memphis Grizzlies,1,0,1,0.0,48.0,103.5,105.8,109.7,114.7,-6.3,-8.9,0.634,2.0,18.4,0.222,0.686,0.448,0.126,0.527,0.549,106.0,102.5,85.42,103,0.426
0022401177,2025-04-11,1610612748,Miami Heat,1,1,0,1.0,48.0,143.4,143.0,97.4,98.1,46.0,44.9,0.621,4.0,22.4,0.367,0.763,0.583,0.084,0.654,0.673,106.7,106.5,88.75,107,0.695
0022401171,2025-04-11,1610612749,Milwaukee Bucks,1,1,0,1.0,48.0,119.2,125.0,114.5,119.0,4.7,6.0,0.698,4.29,20.5,0.302,0.731,0.514,0.07,0.548,0.59,104.4,100.0,83.33,100,0.542
0022401179,2025-04-11,1610612750,Minnesota Timberwolves,1,1,0,1.0,48.0,123.5,127.2,98.4,98.9,25.1,28.3,0.643,2.25,20.8,0.289,0.717,0.551,0.13,0.617,0.652,93.6,92.0,76.67,92,0.676
0022401177,2025-04-11,1610612740,New Orleans Pelicans,1,0,1,0.0,48.0,97.4,98.1,143.4,143.0,-46.0,-44.9,0.711,1.8,18.4,0.237,0.633,0.417,0.142,0.474,0.501,106.7,106.5,88.75,106,0.305
0022401175,2025-04-11,1610612752,New York Knicks,1,0,1,0.0,48.0,104.3,109.7,117.1,114.9,-12.8,-5.2,0.611,2.0,16.8,0.296,0.667,0.458,0.118,0.5,0.527,95.0,93.5,77.92,93,0.438
0022401181,2025-04-11,1610612760,Oklahoma City Thunder,1,1,0,1.0,48.0,131.0,135.5,102.0,102.8,28.9,32.7,0.732,4.1,26.5,0.152,0.667,0.455,0.093,0.68,0.686,109.8,107.5,89.58,107,0.648
0022401172,2025-04-11,1610612753,Orlando Magic,1,1,0,1.0,48.0,121.4,122.9,107.1,108.5,14.3,14.4,0.653,1.6,21.6,0.282,0.596,0.462,0.19,0.653,0.684,106.8,105.5,87.92,105,0.591
0022401173,2025-04-11,1610612755,Philadelphia 76ers,1,0,1,0.0,48.0,105.2,107.8,122.1,124.0,-16.9,-16.2,0.674,1.93,19.3,0.345,0.642,0.491,0.147,0.505,0.531,103.1,101.0,84.17,102,0.442
0022401182,2025-04-11,1610612756,Phoenix Suns,1,1,0,1.0,48.0,119.6,119.4,93.9,100.0,25.7,19.4,0.614,2.45,19.4,0.288,0.788,0.538,0.112,0.563,0.586,101.1,98.0,81.67,98,0.579
0022401183,2025-04-11,1610612757,Portland Trail Blazers,1,0,1,0.0,48.0,82.9,84.3,99.7,101.0,-16.7,-16.7,0.656,0.95,15.0,0.304,0.788,0.537,0.216,0.412,0.454,103.5,102.0,85.0,102,0.387
0022401184,2025-04-11,1610612758,Sacramento Kings,1,0,1,0.0,48.0,108.1,107.5,111.1,111.0,-3.0,-3.5,0.622,2.09,17.6,0.306,0.805,0.533,0.118,0.494,0.541,91.7,92.0,76.67,93,0.501
0022401182,2025-04-11,1610612759,San Antonio Spurs,1,0,1,0.0,48.0,93.9,100.0,119.6,119.4,-25.7,-19.4,0.718,1.87,20.4,0.212,0.712,0.462,0.153,0.506,0.519,101.1,98.0,81.67,98,0.421
0022401178,2025-04-11,1610612761,Toronto Raptors,1,0,1,0.0,48.0,99.1,98.1,118.7,119.2,-19.6,-21.2,0.55,2.0,15.3,0.281,0.651,0.43,0.106,0.455,0.473,103.7,104.0,86.67,104,0.356
0022401181,2025-04-11,1610612762,Utah Jazz,1,0,1,0.0,48.0,102.0,102.8,131.0,135.5,-28.9,-32.7,0.59,1.44,15.1,0.333,0.848,0.545,0.148,0.461,0.496,109.8,107.5,89.58,108,0.352
0022401176,2025-04-11,1610612764,Washington Wizards,1,0,1,0.0,48.0,83.7,86.4,115.9,116.7,-32.2,-30.3,0.743,1.44,18.2,0.25,0.706,0.467,0.175,0.44,0.462,104.5,102.5,85.42,103,0.342
0022401186,2025-04-13,1610612737,Atlanta Hawks,1,1,0,1.0,48.0,117.7,118.2,107.6,106.1,10.1,12.1,0.681,2.0,22.5,0.262,0.735,0.516,0.162,0.631,0.633,98.5,99.0,82.5,99,0.538
0022401187,2025-04-13,1610612738,Boston Celtics,1,1,0,1.0,48.0,99.2,103.3,93.6,95.6,5.7,7.8,0.629,1.69,16.5,0.375,0.655,0.518,0.144,0.467,0.486,92.8,90.0,75.0,90,0.55
0022401188,2025-04-13,1610612751,Brooklyn Nets,1,0,1,0.0,48.0,107.1,108.2,113.6,115.3,-6.5,-7.1,0.553,1.11,16.7,0.2,0.725,0.495,0.196,0.595,0.618,98.7,97.5,81.25,97,0.46
0022401187,2025-04-13,1610612766,Charlotte Hornets,1,0,1,0.0,48.0,93.6,95.6,99.2,103.3,-5.7,-7.8,0.719,1.35,17.4,0.345,0.625,0.482,0.189,0.441,0.463,92.8,90.0,75.0,90,0.45
0022401191,2025-04-13,1610612741,Chicago Bulls,1,1,0,1.0,48.0,111.1,114.0,94.2,95.3,16.9,18.7,0.617,2.23,18.6,0.339,0.767,0.555,0.121,0.519,0.546,109.0,107.0,89.17,107,0.595
0022401189,2025-04-13,1610612739,Cleveland Cavaliers,1,0,1,0.0,58.0,91.7,95.2,98.7,99.2,-7.0,-4.1,0.477,0.95,12.4,0.316,0.736,0.52,0.177,0.461,0.473,106.1,103.86,86.55,124,0.397
0022401194,2025-04-13,1610612742,Dallas Mavericks,1,0,1,0.0,48.0,92.7,95.1,127.4,129.4,-34.7,-34.3,0.526,1.11,14.7,0.275,0.577,0.427,0.176,0.466,0.502,104.1,102.0,85.0,102,0.335
0022401193,2025-04-13,1610612743,Denver Nuggets,1,1,0,1.0,48.0,126.5,127.3,110.8,113.3,15.6,14.0,0.622,3.11,20.0,0.318,0.672,0.52,0.091,0.568,0.62,99.9,98.5,82.08,99,0.593
0022401192,2025-04-13,1610612765,Detroit Pistons,1,0,1,0.0,53.0,118.6,122.0,126.5,128.4,-7.9,-6.4,0.686,2.69,21.5,0.322,0.816,0.515,0.119,0.579,0.588,100.9,98.72,82.26,109,0.473
0022401198,2025-04-13,1610612744,Golden State Warriors,1,0,1,0.0,53.0,116.5,119.0,122.9,125.3,-6.3,-6.3,0.721,1.94,22.5,0.175,0.667,0.418,0.16,0.639,0.668,91.9,90.11,75.09,100,0.473
0022401193,2025-04-13,1610612745,Houston Rockets,1,0,1,0.0,48.0,110.8,113.3,126.5,127.3,-15.6,-14.0,0.711,3.2,21.5,0.328,0.682,0.48,0.102,0.51,0.523,99.9,98.5,82.08,98,0.407
0022401189,2025-04-13,1610612754,Indiana Pacers,1,1,0,1.0,58.0,98.7,99.2,91.7,95.2,7.0,4.1,0.563,2.08,16.0,0.264,0.684,0.48,0.102,0.445,0.49,106.1,103.86,86.55,127,0.603
0022401198,2025-04-13,1610612746,LA Clippers,1,1,0,1.0,53.0,122.9,125.3,116.5,119.0,6.3,6.3,0.583,1.75,20.0,0.333,0.825,0.582,0.162,0.64,0.66,91.9,90.11,75.09,99,0.527
0022401199,2025-04-13,1610612747,Los Angeles Lakers,1,0,1,0.0,48.0,86.0,89.0,115.7,119.8,-29.6,-30.8,0.677,1.0,16.0,0.373,0.508,0.446,0.231,0.444,0.47,94.2,91.0,75.83,91,0.384
0022401194,2025-04-13,1610612763,Memphis Grizzlies,1,1,0,1.0,48.0,127.4,129.4,92.7,95.1,34.7,34.3,0.596,2.58,20.0,0.423,0.725,0.573,0.118,0.572,0.597,104.1,102.0,85.0,102,0.665
0022401190,2025-04-13,1610612748,Miami Heat,1,0,1,0.0,48.0,115.4,114.6,116.1,116.7,-0.8,-2.1,0.571,3.5,19.7,0.224,0.826,0.516,0.078,0.551,0.571,102.4,102.5,85.42,103,0.51
0022401192,2025-04-13,1610612749,Milwaukee Bucks,1,1,0,1.0,53.0,126.5,128.4,118.6,122.0,7.9,6.4,0.6,1.43,20.5,0.184,0.678,0.485,0.193,0.715,0.732,100.9,98.72,82.26,109,0.527
0022401195,2025-04-13,1610612750,Minnesota Timberwolves,1,1,0,1.0,48.0,114.8,119.6,106.2,107.1,8.6,12.4,0.5,1.77,16.4,0.37,0.765,0.562,0.134,0.536,0.552,99.9,97.5,81.25,97,0.546
0022401196,2025-04-13,1610612740,New Orleans Pelicans,1,0,1,0.0,48.0,94.2,99.0,111.8,115.0,-17.6,-16.0,0.629,1.69,15.8,0.298,0.644,0.474,0.129,0.423,0.48,104.5,100.5,83.75,101,0.455
0022401188,2025-04-13,1610612752,New York Knicks,1,1,0,1.0,48.0,113.6,115.3,107.1,108.2,6.5,7.1,0.73,2.25,19.4,0.275,0.8,0.505,0.122,0.523,0.58,98.7,97.5,81.25,98,0.54
0022401196,2025-04-13,1610612760,Oklahoma City Thunder,1,1,0,1.0,48.0,111.8,115.0,94.2,99.0,17.6,16.0,0.39,1.6,11.7,0.356,0.702,0.526,0.1,0.464,0.523,104.5,100.5,83.75,100,0.545
0022401186,2025-04-13,1610612753,Orlando Magic,1,0,1,0.0,48.0,107.6,106.1,117.7,118.2,-10.1,-12.1,0.625,1.67,18.2,0.265,0.738,0.484,0.152,0.54,0.555,98.5,99.0,82.5,99,0.462
0022401191,2025-04-13,1610612755,Philadelphia 76ers,1,0,1,0.0,48.0,94.2,95.3,111.1,114.0,-16.9,-18.7,0.556,1.33,14.2,0.233,0.661,0.445,0.14,0.447,0.494,109.0,107.0,89.17,107,0.405
0022401200,2025-04-13,1610612756,Phoenix Suns,1,0,1,0.0,48.0,108.1,108.9,118.1,121.1,-9.9,-12.2,0.7,2.15,21.9,0.239,0.69,0.455,0.144,0.565,0.566,91.5,90.0,75.0,90,0.436
0022401199,2025-04-13,1610612757,Portland Trail Blazers,1,1,0,1.0,48.0,115.7,119.8,86.0,89.0,29.6,30.8,0.643,1.69,18.2,0.492,0.627,0.554,0.176,0.516,0.518,94.2,91.0,75.83,91,0.616
0022401200,2025-04-13,1610612758,Sacramento Kings,1,1,0,1.0,48.0,118.1,121.1,108.1,108.9,9.9,12.2,0.674,2.38,23.1,0.31,0.761,0.545,0.144,0.602,0.61,91.5,90.0,75.0,90,0.564
0022401197,2025-04-13,1610612759,San Antonio Spurs,1,1,0,1.0,48.0,123.7,119.0,112.3,114.6,11.3,4.5,0.512,1.83,16.2,0.238,0.745,0.526,0.114,0.577,0.637,103.1,104.0,86.67,105,0.565
0022401197,2025-04-13,1610612761,Toronto Raptors,1,0,1,0.0,48.0,112.3,114.6,123.7,119.0,-11.3,-4.5,0.696,2.46,21.5,0.255,0.762,0.474,0.126,0.546,0.567,103.1,104.0,86.67,103,0.435
0022401195,2025-04-13,1610612762,Utah Jazz,1,0,1,0.0,48.0,106.2,107.1,114.8,119.6,-8.6,-12.4,0.6,1.71,17.9,0.235,0.63,0.438,0.143,0.539,0.559,99.9,97.5,81.25,98,0.454
0022401190,2025-04-13,1610612764,Washington Wizards,1,1,0,1.0,48.0,116.1,116.7,115.4,114.6,0.8,2.1,0.717,3.0,23.1,0.174,0.776,0.484,0.108,0.6,0.61,102.4,102.5,85.42,102,0.49
