GAME_ID,TEAM_ID,TEAM_ABBREVIATION,GAME_DATE,PREV_CITY,CURRENT_CITY,DISTANCE_MILES,TRAVEL_DIRECTION,TIMEZONE_SHIFT_HOURS
0022400064,1610612737,ATL,2024-10-23,Atlanta,Atlanta,0.0,,0.0
0022400079,1610612737,ATL,2024-10-25,Atlanta,Atlanta,0.0,,0.0
0022400100,1610612737,ATL,2024-10-27,Atlanta,Oklahoma City,754.7,W,-1.0
0022400103,1610612737,ATL,2024-10-28,Oklahoma City,Atlanta,754.7,E,1.0
0022400121,1610612737,ATL,2024-10-30,Atlanta,Washington,542.5,NE,0.0
0022400135,1610612737,ATL,2024-11-01,Washington,Atlanta,542.5,SW,0.0
0022400152,1610612737,ATL,2024-11-03,Atlanta,New Orleans,424.8,SW,-1.0
0022400157,1610612737,ATL,2024-11-04,New Orleans,Atlanta,424.8,NE,1.0
0022400171,1610612737,ATL,2024-11-06,Atlanta,Atlanta,0.0,,0.0
0022400185,1610612737,ATL,2024-11-08,Atlanta,Detroit,597.5,N,0.0
0022400198,1610612737,ATL,2024-11-09,Detroit,Atlanta,597.5,S,0.0
0022400001,1610612737,ATL,2024-11-12,Atlanta,Boston,936.1,NE,0.0
0022400012,1610612737,ATL,2024-11-15,Boston,Atlanta,936.1,SW,0.0
0022400239,1610612737,ATL,2024-11-17,Atlanta,Portland,2167.7,NW,-3.0
0022400250,1610612737,ATL,2024-11-18,Portland,Sacramento,484.0,S,0.0
0022400258,1610612737,ATL,2024-11-20,Sacramento,San Francisco,74.0,SW,0.0
0022400030,1610612737,ATL,2024-11-22,San Francisco,Chicago,1851.0,E,2.0
0022400280,1610612737,ATL,2024-11-25,Chicago,Atlanta,589.0,S,1.0
0022400287,1610612737,ATL,2024-11-27,Atlanta,Cleveland,554.8,N,0.0
0022400041,1610612737,ATL,2024-11-29,Cleveland,Atlanta,554.8,S,0.0
0022400300,1610612737,ATL,2024-11-30,Atlanta,Charlotte,226.5,NE,0.0
0022400315,1610612737,ATL,2024-12-02,Charlotte,Atlanta,226.5,SW,0.0
0022400323,1610612737,ATL,2024-12-04,Atlanta,Milwaukee,669.3,N,-1.0
0022400334,1610612737,ATL,2024-12-06,Milwaukee,Atlanta,669.3,S,1.0
0022400350,1610612737,ATL,2024-12-08,Atlanta,Atlanta,0.0,,0.0
0022401202,1610612737,ATL,2024-12-11,Atlanta,New York,747.9,NE,0.0
0022401229,1610612737,ATL,2024-12-14,New York,Milwaukee,732.5,W,-1.0
0022400370,1610612737,ATL,2024-12-19,Milwaukee,San Antonio,1106.6,SW,0.0
0022400378,1610612737,ATL,2024-12-21,San Antonio,Atlanta,878.0,NE,1.0
0022400395,1610612737,ATL,2024-12-23,Atlanta,Atlanta,0.0,,0.0
0022400413,1610612737,ATL,2024-12-26,Atlanta,Atlanta,0.0,,0.0
0022400427,1610612737,ATL,2024-12-28,Atlanta,Atlanta,0.0,,0.0
0022400438,1610612737,ATL,2024-12-29,Atlanta,Toronto,734.3,N,0.0
0022400461,1610612737,ATL,2025-01-01,Toronto,Denver,1343.6,W,-2.0
0022400477,1610612737,ATL,2025-01-03,Denver,Los Angeles,830.8,SW,-1.0
0022400486,1610612737,ATL,2025-01-04,Los Angeles,Inglewood,8.0,SW,0.0
0022400506,1610612737,ATL,2025-01-07,Inglewood,Salt Lake City,589.0,NE,1.0
0022400522,1610612737,ATL,2025-01-09,Salt Lake City,Phoenix,506.0,S,0.0
0022400556,1610612737,ATL,2025-01-14,Phoenix,Atlanta,1588.0,E,2.0
0022400563,1610612737,ATL,2025-01-15,Atlanta,Chicago,589.0,N,-1.0
0022400587,1610612737,ATL,2025-01-18,Chicago,Boston,850.6,E,1.0
0022400602,1610612737,ATL,2025-01-20,Boston,New York,188.2,SW,0.0
0022400612,1610612737,ATL,2025-01-22,New York,Atlanta,747.9,SW,0.0
0022400623,1610612737,ATL,2025-01-23,Atlanta,Atlanta,0.0,,0.0
0022400639,1610612737,ATL,2025-01-25,Atlanta,Atlanta,0.0,,0.0
0022400656,1610612737,ATL,2025-01-27,Atlanta,Minneapolis,907.7,NW,-1.0
0022400532,1610612737,ATL,2025-01-28,Minneapolis,Atlanta,907.7,SE,1.0
0022400675,1610612737,ATL,2025-01-30,Atlanta,Cleveland,554.8,N,0.0
0022400686,1610612737,ATL,2025-02-01,Cleveland,Indianapolis,263.0,SW,0.0
0022400701,1610612737,ATL,2025-02-03,Indianapolis,Detroit,240.4,NE,0.0
0022400719,1610612737,ATL,2025-02-05,Detroit,Atlanta,597.5,S,0.0
0022400736,1610612737,ATL,2025-02-07,Atlanta,Atlanta,0.0,,0.0
0022400744,1610612737,ATL,2025-02-08,Atlanta,Washington,542.5,NE,0.0
0022400756,1610612737,ATL,2025-02-10,Washington,Orlando,758.1,S,0.0
0022400773,1610612737,ATL,2025-02-12,Orlando,New York,941.6,NE,0.0
0022400790,1610612737,ATL,2025-02-20,New York,Atlanta,747.9,SW,0.0
0022400814,1610612737,ATL,2025-02-23,Atlanta,Atlanta,0.0,,0.0
0022400825,1610612737,ATL,2025-02-24,Atlanta,Atlanta,0.0,,0.0
0022400841,1610612737,ATL,2025-02-26,Atlanta,Miami,606.0,SE,0.0
0022400851,1610612737,ATL,2025-02-28,Miami,Atlanta,606.0,NW,0.0
0022400878,1610612737,ATL,2025-03-03,Atlanta,Memphis,335.9,W,-1.0
0022400884,1610612737,ATL,2025-03-04,Memphis,Atlanta,335.9,E,1.0
0022400899,1610612737,ATL,2025-03-06,Atlanta,Atlanta,0.0,,0.0
0022400914,1610612737,ATL,2025-03-08,Atlanta,Atlanta,0.0,,0.0
0022400928,1610612737,ATL,2025-03-10,Atlanta,Atlanta,0.0,,0.0
0022400945,1610612737,ATL,2025-03-12,Atlanta,Atlanta,0.0,,0.0
0022400960,1610612737,ATL,2025-03-14,Atlanta,Atlanta,0.0,,0.0
0022400978,1610612737,ATL,2025-03-16,Atlanta,Brooklyn,745.8,NE,0.0
0022400993,1610612737,ATL,2025-03-18,Brooklyn,Charlotte,530.7,SW,0.0
0022401025,1610612737,ATL,2025-03-22,Charlotte,Atlanta,226.5,SW,0.0
0022401031,1610612737,ATL,2025-03-23,Atlanta,Atlanta,0.0,,0.0
0022401049,1610612737,ATL,2025-03-25,Atlanta,Houston,700.7,W,-1.0
0022401062,1610612737,ATL,2025-03-27,Houston,Miami,966.6,E,1.0
0022401083,1610612737,ATL,2025-03-30,Miami,Milwaukee,1270.2,N,-1.0
0022401097,1610612737,ATL,2025-04-01,Milwaukee,Atlanta,669.3,S,1.0
0022401109,1610612737,ATL,2025-04-02,Atlanta,Dallas,719.8,W,-1.0
0022401128,1610612737,ATL,2025-04-05,Dallas,Atlanta,719.8,E,1.0
0022401136,1610612737,ATL,2025-04-06,Atlanta,Atlanta,0.0,,0.0
0022401149,1610612737,ATL,2025-04-08,Atlanta,Orlando,402.1,SE,0.0
0022401169,1610612737,ATL,2025-04-10,Orlando,Brooklyn,938.0,NE,0.0
0022401173,1610612737,ATL,2025-04-11,Brooklyn,Philadelphia,83.0,SW,0.0
0022401186,1610612737,ATL,2025-04-13,Philadelphia,Atlanta,663.0,SW,0.0
0022400061,1610612738,BOS,2024-10-22,Boston,Boston,0.0,,0.0
0022400073,1610612738,BOS,2024-10-24,Boston,Washington,393.6,SW,0.0
0022400089,1610612738,BOS,2024-10-26,Washington,Detroit,395.7,NW,0.0
0022400104,1610612738,BOS,2024-10-28,Detroit,Boston,611.9,E,0.0
0022400119,1610612738,BOS,2024-10-30,Boston,Indianapolis,805.4,W,0.0
0022400132,1610612738,BOS,2024-11-01,Indianapolis,Charlotte,428.0,SE,0.0
0022400141,1610612738,BOS,2024-11-02,Charlotte,Charlotte,0.0,,0.0
0022400157,1610612738,BOS,2024-11-04,Charlotte,Atlanta,226.5,SW,0.0
0022400172,1610612738,BOS,2024-11-06,Atlanta,Boston,936.1,NE,0.0
0022400187,1610612738,BOS,2024-11-08,Boston,Boston,0.0,,0.0
0022400202,1610612738,BOS,2024-11-10,Boston,Milwaukee,855.6,W,-1.0
0022400001,1610612738,BOS,2024-11-12,Milwaukee,Boston,855.6,E,1.0
0022400218,1610612738,BOS,2024-11-13,Boston,Brooklyn,190.4,SW,0.0
0022400230,1610612738,BOS,2024-11-16,Brooklyn,Boston,190.4,NE,0.0
0022400021,1610612738,BOS,2024-11-19,Boston,Boston,0.0,,0.0
0022400028,1610612738,BOS,2024-11-22,Boston,Washington,393.6,SW,0.0
0022400271,1610612738,BOS,2024-11-24,Washington,Boston,393.6,NE,0.0
0022400281,1610612738,BOS,2024-11-25,Boston,Boston,0.0,,0.0
0022400047,1610612738,BOS,2024-11-29,Boston,Chicago,850.6,W,-1.0
0022400307,1610612738,BOS,2024-12-01,Chicago,Cleveland,309.9,E,1.0
0022400316,1610612738,BOS,2024-12-02,Cleveland,Boston,549.1,E,0.0
0022400319,1610612738,BOS,2024-12-04,Boston,Boston,0.0,,0.0
0022400335,1610612738,BOS,2024-12-06,Boston,Boston,0.0,,0.0
0022400345,1610612738,BOS,2024-12-07,Boston,Boston,0.0,,0.0
0022401205,1610612738,BOS,2024-12-12,Boston,Boston,0.0,,0.0
0022401217,1610612738,BOS,2024-12-15,Boston,Washington,393.6,SW,0.0
0022400363,1610612738,BOS,2024-12-19,Washington,Boston,393.6,NE,0.0
0022400381,1610612738,BOS,2024-12-21,Boston,Chicago,850.6,W,-1.0
0022400393,1610612738,BOS,2024-12-23,Chicago,Orlando,987.1,SE,1.0
0022400407,1610612738,BOS,2024-12-25,Orlando,Boston,1116.1,NE,0.0
0022400420,1610612738,BOS,2024-12-27,Boston,Boston,0.0,,0.0
0022400437,1610612738,BOS,2024-12-29,Boston,Boston,0.0,,0.0
0022400449,1610612738,BOS,2024-12-31,Boston,Boston,0.0,,0.0
0022400464,1610612738,BOS,2025-01-02,Boston,Minneapolis,1121.1,W,-1.0
0022400471,1610612738,BOS,2025-01-03,Minneapolis,Houston,1058.3,S,0.0
0022400487,1610612738,BOS,2025-01-05,Houston,Oklahoma City,414.1,N,0.0
0022400507,1610612738,BOS,2025-01-07,Oklahoma City,Denver,505.5,NW,-1.0
0022400528,1610612738,BOS,2025-01-10,Denver,Boston,1766.0,E,2.0
0022400542,1610612738,BOS,2025-01-12,Boston,Boston,0.0,,0.0
0022400562,1610612738,BOS,2025-01-15,Boston,Toronto,429.2,W,0.0
0022400577,1610612738,BOS,2025-01-17,Toronto,Boston,429.2,E,0.0
0022400587,1610612738,BOS,2025-01-18,Boston,Boston,0.0,,0.0
0022400604,1610612738,BOS,2025-01-20,Boston,San Francisco,2691.2,W,-3.0
0022400620,1610612738,BOS,2025-01-22,San Francisco,Inglewood,347.9,SE,0.0
0022400629,1610612738,BOS,2025-01-23,Inglewood,Los Angeles,8.0,NE,0.0
0022400635,1610612738,BOS,2025-01-25,Los Angeles,Dallas,1238.2,E,2.0
0022400650,1610612738,BOS,2025-01-27,Dallas,Boston,1549.3,NE,1.0
0022400666,1610612738,BOS,2025-01-29,Boston,Boston,0.0,,0.0
0022400683,1610612738,BOS,2025-01-31,Boston,New Orleans,1359.0,SW,-1.0
0022400698,1610612738,BOS,2025-02-02,New Orleans,Philadelphia,1086.5,NE,1.0
0022400710,1610612738,BOS,2025-02-04,Philadelphia,Cleveland,358.6,W,0.0
0022400728,1610612738,BOS,2025-02-06,Cleveland,Boston,549.1,E,0.0
0022400748,1610612738,BOS,2025-02-08,Boston,New York,188.2,SW,0.0
0022400759,1610612738,BOS,2025-02-10,New York,Miami,1093.6,S,0.0
0022400769,1610612738,BOS,2025-02-12,Miami,Boston,1257.4,N,0.0
0022400789,1610612738,BOS,2025-02-20,Boston,Philadelphia,273.4,SW,0.0
0022400811,1610612738,BOS,2025-02-23,Philadelphia,Boston,273.4,NE,0.0
0022400829,1610612738,BOS,2025-02-25,Boston,Toronto,429.2,W,0.0
0022400836,1610612738,BOS,2025-02-26,Toronto,Detroit,206.4,SW,0.0
0022400852,1610612738,BOS,2025-02-28,Detroit,Boston,611.9,E,0.0
0022400866,1610612738,BOS,2025-03-02,Boston,Boston,0.0,,0.0
0022400891,1610612738,BOS,2025-03-05,Boston,Boston,0.0,,0.0
0022400900,1610612738,BOS,2025-03-06,Boston,Boston,0.0,,0.0
0022400918,1610612738,BOS,2025-03-08,Boston,Boston,0.0,,0.0
0022400929,1610612738,BOS,2025-03-10,Boston,Boston,0.0,,0.0
0022400946,1610612738,BOS,2025-03-12,Boston,Boston,0.0,,0.0
0022400958,1610612738,BOS,2025-03-14,Boston,Miami,1257.4,SW,0.0
0022400968,1610612738,BOS,2025-03-15,Miami,Brooklyn,1089.6,N,0.0
0022400994,1610612738,BOS,2025-03-18,Brooklyn,Boston,190.4,NE,0.0
0022401020,1610612738,BOS,2025-03-21,Boston,Salt Lake City,2093.7,W,-2.0
0022401034,1610612738,BOS,2025-03-23,Salt Lake City,Portland,633.9,NW,-1.0
0022401044,1610612738,BOS,2025-03-24,Portland,Sacramento,484.0,S,0.0
0022401058,1610612738,BOS,2025-03-26,Sacramento,Phoenix,634.7,SE,0.0
0022401080,1610612738,BOS,2025-03-29,Phoenix,San Antonio,849.5,E,2.0
0022401093,1610612738,BOS,2025-03-31,San Antonio,Memphis,628.6,NE,0.0
0022401106,1610612738,BOS,2025-04-02,Memphis,Boston,1135.1,NE,1.0
0022401120,1610612738,BOS,2025-04-04,Boston,Boston,0.0,,0.0
0022401137,1610612738,BOS,2025-04-06,Boston,Boston,0.0,,0.0
0022401151,1610612738,BOS,2025-04-08,Boston,New York,188.2,SW,0.0
0022401156,1610612738,BOS,2025-04-09,New York,Orlando,941.6,SW,0.0
0022401174,1610612738,BOS,2025-04-11,Orlando,Boston,1116.1,NE,0.0
0022401187,1610612738,BOS,2025-04-13,Boston,Boston,0.0,,0.0
0022400067,1610612739,CLE,2024-10-23,Cleveland,Toronto,189.2,NE,0.0
0022400080,1610612739,CLE,2024-10-25,Toronto,Cleveland,189.2,SW,0.0
0022400090,1610612739,CLE,2024-10-26,Cleveland,Washington,304.7,SE,0.0
0022400106,1610612739,CLE,2024-10-28,Washington,New York,205.4,NE,0.0
0022400118,1610612739,CLE,2024-10-30,New York,Cleveland,403.7,W,0.0
0022400133,1610612739,CLE,2024-11-01,Cleveland,Cleveland,0.0,,0.0
0022400145,1610612739,CLE,2024-11-02,Cleveland,Milwaukee,335.9,W,-1.0
0022400154,1610612739,CLE,2024-11-04,Milwaukee,Cleveland,335.9,E,1.0
0022400175,1610612739,CLE,2024-11-06,Cleveland,New Orleans,925.3,SW,-1.0
0022400188,1610612739,CLE,2024-11-08,New Orleans,Cleveland,925.3,NE,1.0
0022400199,1610612739,CLE,2024-11-09,Cleveland,Cleveland,0.0,,0.0
0022400212,1610612739,CLE,2024-11-11,Cleveland,Chicago,309.9,W,-1.0
0022400220,1610612739,CLE,2024-11-13,Chicago,Philadelphia,666.5,E,1.0
0022400013,1610612739,CLE,2024-11-15,Philadelphia,Cleveland,358.6,W,0.0
0022400236,1610612739,CLE,2024-11-17,Cleveland,Cleveland,0.0,,0.0
0022400021,1610612739,CLE,2024-11-19,Cleveland,Boston,549.1,E,0.0
0022400252,1610612739,CLE,2024-11-20,Boston,Cleveland,549.1,W,0.0
0022400275,1610612739,CLE,2024-11-24,Cleveland,Cleveland,0.0,,0.0
0022400287,1610612739,CLE,2024-11-27,Cleveland,Cleveland,0.0,,0.0
0022400041,1610612739,CLE,2024-11-29,Cleveland,Atlanta,554.8,S,0.0
0022400307,1610612739,CLE,2024-12-01,Atlanta,Cleveland,554.8,N,0.0
0022400051,1610612739,CLE,2024-12-03,Cleveland,Cleveland,0.0,,0.0
0022400325,1610612739,CLE,2024-12-05,Cleveland,Cleveland,0.0,,0.0
0022400340,1610612739,CLE,2024-12-07,Cleveland,Charlotte,435.7,S,0.0
0022400351,1610612739,CLE,2024-12-08,Charlotte,Miami,653.7,S,0.0
0022401208,1610612739,CLE,2024-12-13,Miami,Cleveland,1089.2,N,0.0
0022401224,1610612739,CLE,2024-12-16,Cleveland,Brooklyn,405.4,E,0.0
0022400374,1610612739,CLE,2024-12-20,Brooklyn,Cleveland,405.4,W,0.0
0022400380,1610612739,CLE,2024-12-21,Cleveland,Cleveland,0.0,,0.0
0022400392,1610612739,CLE,2024-12-23,Cleveland,Cleveland,0.0,,0.0
0022400424,1610612739,CLE,2024-12-27,Cleveland,Denver,1225.2,W,-2.0
0022400446,1610612739,CLE,2024-12-30,Denver,San Francisco,944.8,W,-1.0
0022400454,1610612739,CLE,2024-12-31,San Francisco,Los Angeles,345.5,SE,0.0
0022400474,1610612739,CLE,2025-01-03,Los Angeles,Dallas,1238.2,E,2.0
0022400488,1610612739,CLE,2025-01-05,Dallas,Cleveland,1024.9,NE,1.0
0022400509,1610612739,CLE,2025-01-08,Cleveland,Cleveland,0.0,,0.0
0022400517,1610612739,CLE,2025-01-09,Cleveland,Cleveland,0.0,,0.0
0022400543,1610612739,CLE,2025-01-12,Cleveland,Cleveland,0.0,,0.0
0022400554,1610612739,CLE,2025-01-14,Cleveland,Indianapolis,263.0,SW,0.0
0022400574,1610612739,CLE,2025-01-16,Indianapolis,Oklahoma City,688.4,W,-1.0
0022400590,1610612739,CLE,2025-01-18,Oklahoma City,Minneapolis,694.2,N,0.0
0022400603,1610612739,CLE,2025-01-20,Minneapolis,Cleveland,630.2,E,1.0
0022400615,1610612739,CLE,2025-01-22,Cleveland,Houston,1114.5,SW,-1.0
0022400631,1610612739,CLE,2025-01-24,Houston,Philadelphia,1338.0,NE,1.0
0022400640,1610612739,CLE,2025-01-25,Philadelphia,Cleveland,358.6,W,0.0
0022400649,1610612739,CLE,2025-01-27,Cleveland,Cleveland,0.0,,0.0
0022400667,1610612739,CLE,2025-01-29,Cleveland,Miami,1089.2,S,0.0
0022400675,1610612739,CLE,2025-01-30,Miami,Cleveland,1089.2,N,0.0
0022400696,1610612739,CLE,2025-02-02,Cleveland,Cleveland,0.0,,0.0
0022400710,1610612739,CLE,2025-02-04,Cleveland,Cleveland,0.0,,0.0
0022400718,1610612739,CLE,2025-02-05,Cleveland,Detroit,91.3,NW,0.0
0022400735,1610612739,CLE,2025-02-07,Detroit,Washington,395.7,SE,0.0
0022400755,1610612739,CLE,2025-02-10,Washington,Cleveland,304.7,NW,0.0
0022400774,1610612739,CLE,2025-02-12,Cleveland,Toronto,189.2,NE,0.0
0022400791,1610612739,CLE,2025-02-20,Toronto,Brooklyn,344.0,SE,0.0
0022400797,1610612739,CLE,2025-02-21,Brooklyn,Cleveland,405.4,W,0.0
0022400819,1610612739,CLE,2025-02-23,Cleveland,Cleveland,0.0,,0.0
0022400830,1610612739,CLE,2025-02-25,Cleveland,Orlando,895.4,S,0.0
0022400852,1610612739,CLE,2025-02-28,Orlando,Boston,1116.1,NE,0.0
0022400867,1610612739,CLE,2025-03-02,Boston,Cleveland,549.1,W,0.0
0022400886,1610612739,CLE,2025-03-04,Cleveland,Chicago,309.9,W,-1.0
0022400893,1610612739,CLE,2025-03-05,Chicago,Cleveland,309.9,E,1.0
0022400904,1610612739,CLE,2025-03-07,Cleveland,Charlotte,435.7,S,0.0
0022400922,1610612739,CLE,2025-03-09,Charlotte,Milwaukee,659.6,NW,-1.0
0022400940,1610612739,CLE,2025-03-11,Milwaukee,Cleveland,335.9,E,1.0
0022400962,1610612739,CLE,2025-03-14,Cleveland,Memphis,630.7,SW,-1.0
0022400979,1610612739,CLE,2025-03-16,Memphis,Cleveland,630.7,NE,1.0
0022400997,1610612739,CLE,2025-03-18,Cleveland,Inglewood,2053.4,W,-3.0
0022401009,1610612739,CLE,2025-03-19,Inglewood,Sacramento,365.3,NW,0.0
0022401021,1610612739,CLE,2025-03-21,Sacramento,Phoenix,634.7,SE,0.0
0022401030,1610612739,CLE,2025-03-23,Phoenix,Salt Lake City,506.0,N,1.0
0022401051,1610612739,CLE,2025-03-25,Salt Lake City,Portland,633.9,NW,-1.0
0022401059,1610612739,CLE,2025-03-27,Portland,Cleveland,2049.6,E,3.0
0022401067,1610612739,CLE,2025-03-28,Cleveland,Detroit,91.3,NW,0.0
0022401081,1610612739,CLE,2025-03-30,Detroit,Cleveland,91.3,SE,0.0
0022401103,1610612739,CLE,2025-04-02,Cleveland,Cleveland,0.0,,0.0
0022401124,1610612739,CLE,2025-04-04,Cleveland,San Antonio,1254.4,SW,-1.0
0022401138,1610612739,CLE,2025-04-06,San Antonio,Cleveland,1254.4,NE,1.0
0022401147,1610612739,CLE,2025-04-08,Cleveland,Cleveland,0.0,,0.0
0022401168,1610612739,CLE,2025-04-10,Cleveland,Indianapolis,263.0,SW,0.0
0022401175,1610612739,CLE,2025-04-11,Indianapolis,New York,644.4,E,0.0
0022401189,1610612739,CLE,2025-04-13,New York,Cleveland,403.7,W,0.0
0022400069,1610612740,NOP,2024-10-23,New Orleans,New Orleans,0.0,,0.0
0022400086,1610612740,NOP,2024-10-25,New Orleans,Portland,2059.5,NW,-2.0
0022400099,1610612740,NOP,2024-10-27,Portland,Portland,0.0,,0.0
0022400116,1610612740,NOP,2024-10-29,Portland,San Francisco,536.6,S,0.0
0022400126,1610612740,NOP,2024-10-30,San Francisco,San Francisco,0.0,,0.0
0022400138,1610612740,NOP,2024-11-01,San Francisco,New Orleans,1920.0,E,2.0
0022400152,1610612740,NOP,2024-11-03,New Orleans,New Orleans,0.0,,0.0
0022400164,1610612740,NOP,2024-11-04,New Orleans,New Orleans,0.0,,0.0
0022400175,1610612740,NOP,2024-11-06,New Orleans,New Orleans,0.0,,0.0
0022400186,1610612740,NOP,2024-11-08,New Orleans,Orlando,533.2,E,1.0
0022400214,1610612740,NOP,2024-11-11,Orlando,New Orleans,533.2,W,-1.0
0022400221,1610612740,NOP,2024-11-13,New Orleans,Oklahoma City,575.8,NW,0.0
0022400017,1610612740,NOP,2024-11-15,Oklahoma City,New Orleans,575.8,SE,0.0
0022400231,1610612740,NOP,2024-11-16,New Orleans,New Orleans,0.0,,0.0
0022400024,1610612740,NOP,2024-11-19,New Orleans,Dallas,442.7,NW,0.0
0022400252,1610612740,NOP,2024-11-20,Dallas,Cleveland,1024.9,NE,1.0
0022400032,1610612740,NOP,2024-11-22,Cleveland,New Orleans,925.3,SW,-1.0
0022400279,1610612740,NOP,2024-11-25,New Orleans,Indianapolis,713.6,N,1.0
0022400295,1610612740,NOP,2024-11-27,Indianapolis,New Orleans,713.6,S,-1.0
0022400042,1610612740,NOP,2024-11-29,New Orleans,Memphis,358.5,N,0.0
0022400308,1610612740,NOP,2024-12-01,Memphis,New York,955.1,NE,1.0
0022400315,1610612740,NOP,2024-12-02,New York,Atlanta,747.9,SW,0.0
0022400330,1610612740,NOP,2024-12-05,Atlanta,New Orleans,424.8,SW,-1.0
0022400342,1610612740,NOP,2024-12-07,New Orleans,New Orleans,0.0,,0.0
0022400354,1610612740,NOP,2024-12-08,New Orleans,San Antonio,502.7,W,0.0
0022401207,1610612740,NOP,2024-12-12,San Antonio,New Orleans,502.7,E,0.0
0022401216,1610612740,NOP,2024-12-15,New Orleans,Indianapolis,713.6,N,1.0
0022400365,1610612740,NOP,2024-12-19,Indianapolis,Houston,866.0,SW,-1.0
0022400384,1610612740,NOP,2024-12-21,Houston,New Orleans,316.7,E,0.0
0022400390,1610612740,NOP,2024-12-22,New Orleans,New Orleans,0.0,,0.0
0022400416,1610612740,NOP,2024-12-26,New Orleans,New Orleans,0.0,,0.0
0022400423,1610612740,NOP,2024-12-27,New Orleans,New Orleans,0.0,,0.0
0022400444,1610612740,NOP,2024-12-30,New Orleans,New Orleans,0.0,,0.0
0022400457,1610612740,NOP,2025-01-01,New Orleans,Miami,669.1,SE,1.0
0022400472,1610612740,NOP,2025-01-03,Miami,New Orleans,669.1,NW,-1.0
0022400489,1610612740,NOP,2025-01-05,New Orleans,Washington,965.9,NE,1.0
0022400505,1610612740,NOP,2025-01-07,Washington,New Orleans,965.9,SW,-1.0
0022400514,1610612740,NOP,2025-01-08,New Orleans,New Orleans,0.0,,0.0
0022400527,1610612740,NOP,2025-01-10,New Orleans,Philadelphia,1086.5,NE,1.0
0022400542,1610612740,NOP,2025-01-12,Philadelphia,Boston,273.4,NE,0.0
0022400557,1610612740,NOP,2025-01-14,Boston,Chicago,850.6,W,-1.0
0022400566,1610612740,NOP,2025-01-15,Chicago,New Orleans,835.2,S,0.0
0022400581,1610612740,NOP,2025-01-17,New Orleans,New Orleans,0.0,,0.0
0022400605,1610612740,NOP,2025-01-20,New Orleans,New Orleans,0.0,,0.0
0022400632,1610612740,NOP,2025-01-24,New Orleans,Memphis,358.5,N,0.0
0022400637,1610612740,NOP,2025-01-25,Memphis,Charlotte,520.0,E,1.0
0022400654,1610612740,NOP,2025-01-27,Charlotte,Toronto,586.8,N,0.0
0022400670,1610612740,NOP,2025-01-29,Toronto,New Orleans,1114.1,SW,-1.0
0022400683,1610612740,NOP,2025-01-31,New Orleans,New Orleans,0.0,,0.0
0022400706,1610612740,NOP,2025-02-03,New Orleans,Denver,1081.3,NW,-1.0
0022400726,1610612740,NOP,2025-02-05,Denver,Denver,0.0,,0.0
0022400750,1610612740,NOP,2025-02-08,Denver,Sacramento,885.9,W,-1.0
0022400761,1610612740,NOP,2025-02-10,Sacramento,Oklahoma City,1336.6,E,2.0
0022400777,1610612740,NOP,2025-02-12,Oklahoma City,New Orleans,575.8,SE,0.0
0022400785,1610612740,NOP,2025-02-13,New Orleans,New Orleans,0.0,,0.0
0022400803,1610612740,NOP,2025-02-21,New Orleans,Dallas,442.7,NW,0.0
0022400818,1610612740,NOP,2025-02-23,Dallas,New Orleans,442.7,SE,0.0
0022400833,1610612740,NOP,2025-02-25,New Orleans,New Orleans,0.0,,0.0
0022400848,1610612740,NOP,2025-02-27,New Orleans,Phoenix,1312.5,W,-1.0
0022400857,1610612740,NOP,2025-02-28,Phoenix,Phoenix,0.0,,0.0
0022400872,1610612740,NOP,2025-03-02,Phoenix,Salt Lake City,506.0,N,0.0
0022400890,1610612740,NOP,2025-03-04,Salt Lake City,Los Angeles,581.0,SW,-1.0
0022400902,1610612740,NOP,2025-03-06,Los Angeles,New Orleans,1670.2,E,2.0
0022400913,1610612740,NOP,2025-03-08,New Orleans,Houston,316.7,W,0.0
0022400923,1610612740,NOP,2025-03-09,Houston,New Orleans,316.7,E,0.0
0022400943,1610612740,NOP,2025-03-11,New Orleans,New Orleans,0.0,,0.0
0022401141,1610612740,NOP,2025-03-13,New Orleans,New Orleans,0.0,,0.0
0022400973,1610612740,NOP,2025-03-15,New Orleans,San Antonio,502.7,W,0.0
0022400987,1610612740,NOP,2025-03-17,San Antonio,New Orleans,502.7,E,0.0
0022401001,1610612740,NOP,2025-03-19,New Orleans,Minneapolis,1053.0,N,0.0
0022401016,1610612740,NOP,2025-03-21,Minneapolis,Minneapolis,0.0,,0.0
0022401029,1610612740,NOP,2025-03-23,Minneapolis,Detroit,542.0,E,1.0
0022401041,1610612740,NOP,2025-03-24,Detroit,New Orleans,940.9,SW,-1.0
0022401072,1610612740,NOP,2025-03-28,New Orleans,New Orleans,0.0,,0.0
0022401085,1610612740,NOP,2025-03-30,New Orleans,New Orleans,0.0,,0.0
0022401111,1610612740,NOP,2025-04-02,New Orleans,Inglewood,1674.3,W,-2.0
0022401126,1610612740,NOP,2025-04-04,Inglewood,Los Angeles,8.0,NE,0.0
0022400617,1610612740,NOP,2025-04-06,Los Angeles,New Orleans,1670.2,E,2.0
0022401150,1610612740,NOP,2025-04-08,New Orleans,Brooklyn,1169.1,NE,1.0
0022401161,1610612740,NOP,2025-04-10,Brooklyn,Milwaukee,734.8,W,-1.0
0022401177,1610612740,NOP,2025-04-11,Milwaukee,New Orleans,912.7,S,0.0
0022401196,1610612740,NOP,2025-04-13,New Orleans,New Orleans,0.0,,0.0
0022400069,1610612741,CHI,2024-10-23,Chicago,New Orleans,835.2,S,0.0
0022400083,1610612741,CHI,2024-10-25,New Orleans,Milwaukee,912.7,N,0.0
0022400091,1610612741,CHI,2024-10-26,Milwaukee,Chicago,81.4,S,0.0
0022400108,1610612741,CHI,2024-10-28,Chicago,Memphis,483.2,S,0.0
0022400123,1610612741,CHI,2024-10-30,Memphis,Chicago,483.2,N,0.0
0022400136,1610612741,CHI,2024-11-01,Chicago,Brooklyn,715.3,E,1.0
0022400160,1610612741,CHI,2024-11-04,Brooklyn,Chicago,715.3,W,-1.0
0022400176,1610612741,CHI,2024-11-06,Chicago,Dallas,803.0,SW,0.0
0022400181,1610612741,CHI,2024-11-07,Dallas,Chicago,803.0,NE,0.0
0022400198,1610612741,CHI,2024-11-09,Chicago,Atlanta,589.0,S,1.0
0022400212,1610612741,CHI,2024-11-11,Atlanta,Chicago,589.0,N,-1.0
0022400219,1610612741,CHI,2024-11-13,Chicago,New York,713.5,E,1.0
0022400013,1610612741,CHI,2024-11-15,New York,Cleveland,403.7,W,0.0
0022400241,1610612741,CHI,2024-11-17,Cleveland,Chicago,309.9,W,-1.0
0022400244,1610612741,CHI,2024-11-18,Chicago,Detroit,238.9,E,1.0
0022400253,1610612741,CHI,2024-11-20,Detroit,Milwaukee,251.6,W,-1.0
0022400030,1610612741,CHI,2024-11-22,Milwaukee,Chicago,81.4,S,0.0
0022400266,1610612741,CHI,2024-11-23,Chicago,Chicago,0.0,,0.0
0022400035,1610612741,CHI,2024-11-26,Chicago,Washington,596.8,E,1.0
0022400289,1610612741,CHI,2024-11-27,Washington,Orlando,758.1,S,0.0
0022400047,1610612741,CHI,2024-11-29,Orlando,Chicago,987.1,N,-1.0
0022400317,1610612741,CHI,2024-12-02,Chicago,Chicago,0.0,,0.0
0022400331,1610612741,CHI,2024-12-05,Chicago,San Antonio,1049.5,SW,0.0
0022400336,1610612741,CHI,2024-12-06,San Antonio,Chicago,1049.5,NE,0.0
0022400347,1610612741,CHI,2024-12-08,Chicago,Chicago,0.0,,0.0
0022401212,1610612741,CHI,2024-12-13,Chicago,Chicago,0.0,,0.0
0022401223,1610612741,CHI,2024-12-16,Chicago,Toronto,437.8,E,1.0
0022400363,1610612741,CHI,2024-12-19,Toronto,Boston,429.2,E,0.0
0022400381,1610612741,CHI,2024-12-21,Boston,Chicago,850.6,W,-1.0
0022400398,1610612741,CHI,2024-12-23,Chicago,Chicago,0.0,,0.0
0022400413,1610612741,CHI,2024-12-26,Chicago,Atlanta,589.0,S,1.0
0022400430,1610612741,CHI,2024-12-28,Atlanta,Chicago,589.0,N,-1.0
0022400442,1610612741,CHI,2024-12-30,Chicago,Charlotte,589.4,SE,1.0
0022400456,1610612741,CHI,2025-01-01,Charlotte,Washington,329.7,NE,0.0
0022400482,1610612741,CHI,2025-01-04,Washington,Chicago,596.8,NW,-1.0
0022400498,1610612741,CHI,2025-01-06,Chicago,Chicago,0.0,,0.0
0022400510,1610612741,CHI,2025-01-08,Chicago,Indianapolis,166.4,SE,1.0
0022400530,1610612741,CHI,2025-01-10,Indianapolis,Chicago,166.4,NW,-1.0
0022400541,1610612741,CHI,2025-01-12,Chicago,Chicago,0.0,,0.0
0022400557,1610612741,CHI,2025-01-14,Chicago,Chicago,0.0,,0.0
0022400563,1610612741,CHI,2025-01-15,Chicago,Chicago,0.0,,0.0
0022400584,1610612741,CHI,2025-01-17,Chicago,Chicago,0.0,,0.0
0022400597,1610612741,CHI,2025-01-19,Chicago,Portland,1751.7,W,-2.0
0022400611,1610612741,CHI,2025-01-20,Portland,Inglewood,832.5,S,0.0
0022400628,1610612741,CHI,2025-01-23,Inglewood,San Francisco,347.9,NW,0.0
0022400642,1610612741,CHI,2025-01-25,San Francisco,Chicago,1851.0,E,2.0
0022400655,1610612741,CHI,2025-01-27,Chicago,Chicago,0.0,,0.0
0022400666,1610612741,CHI,2025-01-29,Chicago,Boston,850.6,E,1.0
0022400682,1610612741,CHI,2025-01-31,Boston,Toronto,429.2,W,0.0
0022400695,1610612741,CHI,2025-02-02,Toronto,Detroit,206.4,SW,0.0
0022400714,1610612741,CHI,2025-02-04,Detroit,Chicago,238.9,W,-1.0
0022400723,1610612741,CHI,2025-02-05,Chicago,Minneapolis,353.2,NW,0.0
0022400745,1610612741,CHI,2025-02-08,Minneapolis,Chicago,353.2,SE,0.0
0022400766,1610612741,CHI,2025-02-11,Chicago,Chicago,0.0,,0.0
0022400775,1610612741,CHI,2025-02-12,Chicago,Chicago,0.0,,0.0
0022400792,1610612741,CHI,2025-02-20,Chicago,New York,713.5,E,1.0
0022400806,1610612741,CHI,2025-02-22,New York,Chicago,713.5,W,-1.0
0022400823,1610612741,CHI,2025-02-24,Chicago,Philadelphia,666.5,E,1.0
0022400842,1610612741,CHI,2025-02-26,Philadelphia,Chicago,666.5,W,-1.0
0022400855,1610612741,CHI,2025-02-28,Chicago,Chicago,0.0,,0.0
0022400868,1610612741,CHI,2025-03-02,Chicago,Indianapolis,166.4,SE,1.0
0022400886,1610612741,CHI,2025-03-04,Indianapolis,Chicago,166.4,NW,-1.0
0022400944,1610612741,CHI,2025-03-06,Chicago,Orlando,987.1,SE,1.0
0022400916,1610612741,CHI,2025-03-08,Orlando,Miami,204.3,S,0.0
0022400933,1610612741,CHI,2025-03-10,Miami,Chicago,1191.3,N,-1.0
0022400956,1610612741,CHI,2025-03-13,Chicago,Chicago,0.0,,0.0
0022400970,1610612741,CHI,2025-03-15,Chicago,Houston,941.3,SW,0.0
0022400989,1610612741,CHI,2025-03-17,Houston,Salt Lake City,1200.6,NW,-1.0
0022401007,1610612741,CHI,2025-03-19,Salt Lake City,Phoenix,506.0,S,-1.0
0022401013,1610612741,CHI,2025-03-20,Phoenix,Sacramento,634.7,NW,0.0
0022401028,1610612741,CHI,2025-03-22,Sacramento,Los Angeles,361.4,SE,0.0
0022401042,1610612741,CHI,2025-03-24,Los Angeles,Denver,830.8,NE,1.0
0022401063,1610612741,CHI,2025-03-27,Denver,Chicago,916.7,E,1.0
0022401077,1610612741,CHI,2025-03-29,Chicago,Chicago,0.0,,0.0
0022401094,1610612741,CHI,2025-03-31,Chicago,Oklahoma City,690.9,SW,0.0
0022401099,1610612741,CHI,2025-04-01,Oklahoma City,Chicago,690.9,NE,0.0
0022401122,1610612741,CHI,2025-04-04,Chicago,Chicago,0.0,,0.0
0022401133,1610612741,CHI,2025-04-06,Chicago,Charlotte,589.4,SE,1.0
0022401147,1610612741,CHI,2025-04-08,Charlotte,Cleveland,435.7,N,0.0
0022401160,1610612741,CHI,2025-04-09,Cleveland,Chicago,309.9,W,-1.0
0022401176,1610612741,CHI,2025-04-11,Chicago,Chicago,0.0,,0.0
0022401191,1610612741,CHI,2025-04-13,Chicago,Philadelphia,666.5,E,1.0
0022400074,1610612742,DAL,2024-10-24,Dallas,Dallas,0.0,,0.0
0022400095,1610612742,DAL,2024-10-26,Dallas,Phoenix,883.5,W,-2.0
0022400110,1610612742,DAL,2024-10-28,Phoenix,Dallas,883.5,E,2.0
0022400114,1610612742,DAL,2024-10-29,Dallas,Minneapolis,863.1,N,0.0
0022400129,1610612742,DAL,2024-10-31,Minneapolis,Dallas,863.1,S,0.0
0022400153,1610612742,DAL,2024-11-03,Dallas,Dallas,0.0,,0.0
0022400165,1610612742,DAL,2024-11-04,Dallas,Dallas,0.0,,0.0
0022400176,1610612742,DAL,2024-11-06,Dallas,Dallas,0.0,,0.0
0022400190,1610612742,DAL,2024-11-08,Dallas,Dallas,0.0,,0.0
0022400208,1610612742,DAL,2024-11-10,Dallas,Denver,662.5,NW,-1.0
0022400007,1610612742,DAL,2024-11-12,Denver,San Francisco,944.8,W,-1.0
0022400228,1610612742,DAL,2024-11-14,San Francisco,Salt Lake City,597.6,NE,1.0
0022400232,1610612742,DAL,2024-11-16,Salt Lake City,Dallas,998.4,SE,1.0
0022400242,1610612742,DAL,2024-11-17,Dallas,Oklahoma City,189.0,N,0.0
0022400024,1610612742,DAL,2024-11-19,Oklahoma City,Dallas,189.0,S,0.0
0022400033,1610612742,DAL,2024-11-22,Dallas,Denver,662.5,NW,-1.0
0022400273,1610612742,DAL,2024-11-24,Denver,Miami,1725.7,SE,2.0
0022400280,1610612742,DAL,2024-11-25,Miami,Atlanta,606.0,NW,0.0
0022400292,1610612742,DAL,2024-11-27,Atlanta,Dallas,719.8,W,-1.0
0022400304,1610612742,DAL,2024-11-30,Dallas,Salt Lake City,998.4,NW,-1.0
0022400312,1610612742,DAL,2024-12-01,Salt Lake City,Portland,633.9,NW,-1.0
0022400056,1610612742,DAL,2024-12-03,Portland,Dallas,1630.0,SE,2.0
0022400326,1610612742,DAL,2024-12-05,Dallas,Washington,1183.0,NE,1.0
0022400344,1610612742,DAL,2024-12-07,Washington,Toronto,350.0,N,0.0
0022401203,1610612742,DAL,2024-12-10,Toronto,Oklahoma City,1115.8,SW,-1.0
0022401228,1610612742,DAL,2024-12-15,Oklahoma City,San Francisco,1384.4,W,-2.0
0022400368,1610612742,DAL,2024-12-19,San Francisco,Dallas,1478.1,E,2.0
0022400385,1610612742,DAL,2024-12-21,Dallas,Dallas,0.0,,0.0
0022400401,1610612742,DAL,2024-12-23,Dallas,Dallas,0.0,,0.0
0022400406,1610612742,DAL,2024-12-25,Dallas,Dallas,0.0,,0.0
0022400425,1610612742,DAL,2024-12-27,Dallas,Phoenix,883.5,W,-1.0
0022400434,1610612742,DAL,2024-12-28,Phoenix,Portland,1006.3,NW,-1.0
0022400448,1610612742,DAL,2024-12-30,Portland,Sacramento,484.0,S,0.0
0022400460,1610612742,DAL,2025-01-01,Sacramento,Houston,1606.9,E,2.0
0022400474,1610612742,DAL,2025-01-03,Houston,Dallas,226.8,N,0.0
0022400499,1610612742,DAL,2025-01-06,Dallas,Memphis,419.8,NE,0.0
0022400504,1610612742,DAL,2025-01-07,Memphis,Dallas,419.8,W,0.0
0022400521,1610612742,DAL,2025-01-09,Dallas,Dallas,0.0,,0.0
0022400540,1610612742,DAL,2025-01-12,Dallas,Dallas,0.0,,0.0
0022400559,1610612742,DAL,2025-01-14,Dallas,Dallas,0.0,,0.0
0022400566,1610612742,DAL,2025-01-15,Dallas,New Orleans,442.7,SE,0.0
0022400583,1610612742,DAL,2025-01-17,New Orleans,Dallas,442.7,NW,0.0
0022400599,1610612742,DAL,2025-01-20,Dallas,Charlotte,929.0,E,1.0
0022400614,1610612742,DAL,2025-01-22,Charlotte,Dallas,929.0,W,-1.0
0022400625,1610612742,DAL,2025-01-23,Dallas,Oklahoma City,189.0,N,0.0
0022400635,1610612742,DAL,2025-01-25,Oklahoma City,Dallas,189.0,S,0.0
0022400657,1610612742,DAL,2025-01-27,Dallas,Dallas,0.0,,0.0
0022400670,1610612742,DAL,2025-01-29,Dallas,New Orleans,442.7,SE,0.0
0022400680,1610612742,DAL,2025-01-31,New Orleans,Detroit,940.9,NE,1.0
0022400696,1610612742,DAL,2025-02-02,Detroit,Cleveland,91.3,SE,0.0
0022400712,1610612742,DAL,2025-02-04,Cleveland,Philadelphia,358.6,E,0.0
0022400728,1610612742,DAL,2025-02-06,Philadelphia,Boston,273.4,NE,0.0
0022400741,1610612742,DAL,2025-02-08,Boston,Dallas,1549.3,W,-1.0
0022400762,1610612742,DAL,2025-02-10,Dallas,Dallas,0.0,,0.0
0022400782,1610612742,DAL,2025-02-12,Dallas,Dallas,0.0,,0.0
0022400786,1610612742,DAL,2025-02-13,Dallas,Dallas,0.0,,0.0
0022400803,1610612742,DAL,2025-02-21,Dallas,Dallas,0.0,,0.0
0022400812,1610612742,DAL,2025-02-23,Dallas,San Francisco,1478.1,W,-2.0
0022400835,1610612742,DAL,2025-02-25,San Francisco,Los Angeles,345.5,SE,0.0
0022400847,1610612742,DAL,2025-02-27,Los Angeles,Dallas,1238.2,E,2.0
0022400865,1610612742,DAL,2025-03-01,Dallas,Dallas,0.0,,0.0
0022400880,1610612742,DAL,2025-03-03,Dallas,Dallas,0.0,,0.0
0022400897,1610612742,DAL,2025-03-05,Dallas,Milwaukee,857.3,NE,0.0
0022400906,1610612742,DAL,2025-03-07,Milwaukee,Dallas,857.3,SW,0.0
0022400921,1610612742,DAL,2025-03-09,Dallas,Dallas,0.0,,0.0
0022400937,1610612742,DAL,2025-03-10,Dallas,San Antonio,251.5,SW,0.0
0022400951,1610612742,DAL,2025-03-12,San Antonio,San Antonio,0.0,,0.0
0022400961,1610612742,DAL,2025-03-14,San Antonio,Houston,186.1,E,0.0
0022400976,1610612742,DAL,2025-03-16,Houston,Dallas,226.8,N,0.0
0022400998,1610612742,DAL,2025-03-19,Dallas,Indianapolis,763.5,NE,1.0
0022401019,1610612742,DAL,2025-03-21,Indianapolis,Dallas,763.5,SW,-1.0
0022401040,1610612742,DAL,2025-03-24,Dallas,Brooklyn,1371.7,NE,1.0
0022401048,1610612742,DAL,2025-03-25,Brooklyn,New York,4.8,N,0.0
0022401060,1610612742,DAL,2025-03-27,New York,Orlando,941.6,SW,0.0
0022401077,1610612742,DAL,2025-03-29,Orlando,Chicago,987.1,N,-1.0
0022401095,1610612742,DAL,2025-03-31,Chicago,Dallas,803.0,SW,0.0
0022401109,1610612742,DAL,2025-04-02,Dallas,Dallas,0.0,,0.0
0022401127,1610612742,DAL,2025-04-04,Dallas,Inglewood,1242.8,W,-2.0
0022401132,1610612742,DAL,2025-04-05,Inglewood,Inglewood,0.0,,0.0
0022401159,1610612742,DAL,2025-04-09,Inglewood,Dallas,1242.8,E,2.0
0022401178,1610612742,DAL,2025-04-11,Dallas,Dallas,0.0,,0.0
0022401194,1610612742,DAL,2025-04-13,Dallas,Memphis,419.8,NE,0.0
0022400075,1610612743,DEN,2024-10-24,Denver,Denver,0.0,,0.0
0022400087,1610612743,DEN,2024-10-26,Denver,Denver,0.0,,0.0
0022400107,1610612743,DEN,2024-10-28,Denver,Toronto,1343.6,E,2.0
0022400113,1610612743,DEN,2024-10-29,Toronto,Brooklyn,344.0,SE,0.0
0022400139,1610612743,DEN,2024-11-01,Brooklyn,Minneapolis,1019.2,NW,-1.0
0022400148,1610612743,DEN,2024-11-02,Minneapolis,Denver,698.5,SW,-1.0
0022400166,1610612743,DEN,2024-11-04,Denver,Denver,0.0,,0.0
0022400177,1610612743,DEN,2024-11-06,Denver,Denver,0.0,,0.0
0022400194,1610612743,DEN,2024-11-08,Denver,Denver,0.0,,0.0
0022400208,1610612743,DEN,2024-11-10,Denver,Denver,0.0,,0.0
0022400017,1610612743,DEN,2024-11-15,Denver,New Orleans,1081.3,SE,1.0
0022400238,1610612743,DEN,2024-11-17,New Orleans,Memphis,358.5,N,0.0
0022400023,1610612743,DEN,2024-11-19,Memphis,Memphis,0.0,,0.0
0022400033,1610612743,DEN,2024-11-22,Memphis,Denver,878.8,NW,-1.0
0022400270,1610612743,DEN,2024-11-23,Denver,Los Angeles,830.8,SW,-1.0
0022400283,1610612743,DEN,2024-11-25,Los Angeles,Denver,830.8,NE,1.0
0022400298,1610612743,DEN,2024-11-27,Denver,Salt Lake City,370.1,W,0.0
0022400314,1610612743,DEN,2024-12-01,Salt Lake City,Inglewood,589.0,SW,-1.0
0022400058,1610612743,DEN,2024-12-03,Inglewood,Denver,838.0,NE,1.0
0022400325,1610612743,DEN,2024-12-05,Denver,Cleveland,1225.2,E,2.0
0022400341,1610612743,DEN,2024-12-07,Cleveland,Washington,304.7,SE,0.0
0022400350,1610612743,DEN,2024-12-08,Washington,Atlanta,542.5,SW,0.0
0022401213,1610612743,DEN,2024-12-13,Atlanta,Denver,1210.4,NW,-2.0
0022401225,1610612743,DEN,2024-12-16,Denver,Sacramento,885.9,W,-1.0
0022400371,1610612743,DEN,2024-12-19,Sacramento,Portland,484.0,N,0.0
0022400390,1610612743,DEN,2024-12-22,Portland,New Orleans,2059.5,E,2.0
0022400402,1610612743,DEN,2024-12-23,New Orleans,Denver,1081.3,NW,-1.0
0022400409,1610612743,DEN,2024-12-25,Denver,Phoenix,585.4,SW,0.0
0022400424,1610612743,DEN,2024-12-27,Phoenix,Denver,585.4,NE,0.0
0022400432,1610612743,DEN,2024-12-28,Denver,Denver,0.0,,0.0
0022400445,1610612743,DEN,2024-12-30,Denver,Salt Lake City,370.1,W,0.0
0022400461,1610612743,DEN,2025-01-01,Salt Lake City,Denver,370.1,E,0.0
0022400475,1610612743,DEN,2025-01-03,Denver,Denver,0.0,,0.0
0022400484,1610612743,DEN,2025-01-04,Denver,San Antonio,804.6,SE,1.0
0022400507,1610612743,DEN,2025-01-07,San Antonio,Denver,804.6,NW,-1.0
0022400515,1610612743,DEN,2025-01-08,Denver,Denver,0.0,,0.0
0022400531,1610612743,DEN,2025-01-10,Denver,Denver,0.0,,0.0
0022400540,1610612743,DEN,2025-01-12,Denver,Dallas,662.5,SE,1.0
0022400559,1610612743,DEN,2025-01-14,Dallas,Dallas,0.0,,0.0
0022400568,1610612743,DEN,2025-01-15,Dallas,Denver,662.5,NW,-1.0
0022400579,1610612743,DEN,2025-01-17,Denver,Miami,1725.7,SE,2.0
0022400593,1610612743,DEN,2025-01-19,Miami,Orlando,204.3,N,0.0
0022400609,1610612743,DEN,2025-01-21,Orlando,Denver,1550.1,NW,-2.0
0022400626,1610612743,DEN,2025-01-23,Denver,Denver,0.0,,0.0
0022400634,1610612743,DEN,2025-01-25,Denver,Minneapolis,698.5,NE,1.0
0022400655,1610612743,DEN,2025-01-27,Minneapolis,Chicago,353.2,SE,0.0
0022400668,1610612743,DEN,2025-01-29,Chicago,New York,713.5,E,1.0
0022400681,1610612743,DEN,2025-01-31,New York,Philadelphia,85.4,SW,0.0
0022400688,1610612743,DEN,2025-02-01,Philadelphia,Charlotte,447.8,SW,0.0
0022400706,1610612743,DEN,2025-02-03,Charlotte,Denver,1356.9,W,-2.0
0022400726,1610612743,DEN,2025-02-05,Denver,Denver,0.0,,0.0
0022400730,1610612743,DEN,2025-02-06,Denver,Denver,0.0,,0.0
0022400749,1610612743,DEN,2025-02-08,Denver,Phoenix,585.4,SW,0.0
0022400763,1610612743,DEN,2025-02-10,Phoenix,Denver,585.4,NE,0.0
0022400780,1610612743,DEN,2025-02-12,Denver,Denver,0.0,,0.0
0022400794,1610612743,DEN,2025-02-20,Denver,Denver,0.0,,0.0
0022400808,1610612743,DEN,2025-02-22,Denver,Denver,0.0,,0.0
0022400822,1610612743,DEN,2025-02-24,Denver,Indianapolis,999.5,E,2.0
0022400846,1610612743,DEN,2025-02-27,Indianapolis,Milwaukee,244.4,N,-1.0
0022400850,1610612743,DEN,2025-02-28,Milwaukee,Detroit,251.6,E,1.0
0022400866,1610612743,DEN,2025-03-02,Detroit,Boston,611.9,E,0.0
0022400896,1610612743,DEN,2025-03-05,Boston,Denver,1766.0,W,-2.0
0022400909,1610612743,DEN,2025-03-07,Denver,Denver,0.0,,0.0
0022400920,1610612743,DEN,2025-03-09,Denver,Oklahoma City,505.5,SE,1.0
0022400936,1610612743,DEN,2025-03-10,Oklahoma City,Oklahoma City,0.0,,0.0
0022400952,1610612743,DEN,2025-03-12,Oklahoma City,Denver,505.5,NW,-1.0
0022400965,1610612743,DEN,2025-03-14,Denver,Denver,0.0,,0.0
0022400975,1610612743,DEN,2025-03-15,Denver,Denver,0.0,,0.0
0022400990,1610612743,DEN,2025-03-17,Denver,San Francisco,944.8,W,-1.0
0022401006,1610612743,DEN,2025-03-19,San Francisco,Los Angeles,345.5,SE,0.0
0022401022,1610612743,DEN,2025-03-21,Los Angeles,Portland,827.1,N,0.0
0022401035,1610612743,DEN,2025-03-23,Portland,Houston,1834.4,SE,2.0
0022401042,1610612743,DEN,2025-03-24,Houston,Denver,880.3,NW,-1.0
0022401057,1610612743,DEN,2025-03-26,Denver,Denver,0.0,,0.0
0022401073,1610612743,DEN,2025-03-28,Denver,Denver,0.0,,0.0
0022401102,1610612743,DEN,2025-04-01,Denver,Denver,0.0,,0.0
0022401110,1610612743,DEN,2025-04-02,Denver,Denver,0.0,,0.0
0022401125,1610612743,DEN,2025-04-04,Denver,San Francisco,944.8,W,-1.0
0022401142,1610612743,DEN,2025-04-06,San Francisco,Denver,944.8,E,1.0
0022401165,1610612743,DEN,2025-04-09,Denver,Sacramento,885.9,W,-1.0
0022401180,1610612743,DEN,2025-04-11,Sacramento,Denver,885.9,E,1.0
0022401193,1610612743,DEN,2025-04-13,Denver,Houston,880.3,SE,1.0
0022400072,1610612744,GSW,2024-10-23,San Francisco,Portland,536.6,N,0.0
0022400084,1610612744,GSW,2024-10-25,Portland,Salt Lake City,633.9,SE,1.0
0022400101,1610612744,GSW,2024-10-27,Salt Lake City,San Francisco,597.6,W,-1.0
0022400116,1610612744,GSW,2024-10-29,San Francisco,San Francisco,0.0,,0.0
0022400126,1610612744,GSW,2024-10-30,San Francisco,San Francisco,0.0,,0.0
0022400144,1610612744,GSW,2024-11-02,San Francisco,Houston,1641.3,E,2.0
0022400155,1610612744,GSW,2024-11-04,Houston,Washington,1219.1,NE,1.0
0022400172,1610612744,GSW,2024-11-06,Washington,Boston,393.6,NE,0.0
0022400188,1610612744,GSW,2024-11-08,Boston,Cleveland,549.1,W,0.0
0022400207,1610612744,GSW,2024-11-10,Cleveland,Oklahoma City,950.2,W,-1.0
0022400007,1610612744,GSW,2024-11-12,Oklahoma City,San Francisco,1384.4,W,-2.0
0022400019,1610612744,GSW,2024-11-15,San Francisco,San Francisco,0.0,,0.0
0022400251,1610612744,GSW,2024-11-18,San Francisco,Inglewood,347.9,SE,0.0
0022400258,1610612744,GSW,2024-11-20,Inglewood,San Francisco,347.9,NW,0.0
0022400032,1610612744,GSW,2024-11-22,San Francisco,New Orleans,1920.0,E,2.0
0022400269,1610612744,GSW,2024-11-23,New Orleans,San Antonio,502.7,W,0.0
0022400284,1610612744,GSW,2024-11-25,San Antonio,San Francisco,1488.5,NW,-2.0
0022400299,1610612744,GSW,2024-11-27,San Francisco,San Francisco,0.0,,0.0
0022400303,1610612744,GSW,2024-11-30,San Francisco,Phoenix,651.4,SE,1.0
0022400058,1610612744,GSW,2024-12-03,Phoenix,Denver,585.4,NE,0.0
0022400332,1610612744,GSW,2024-12-05,Denver,San Francisco,944.8,W,-1.0
0022400338,1610612744,GSW,2024-12-06,San Francisco,San Francisco,0.0,,0.0
0022400355,1610612744,GSW,2024-12-08,San Francisco,San Francisco,0.0,,0.0
0022401204,1610612744,GSW,2024-12-11,San Francisco,Houston,1641.3,E,2.0
0022401228,1610612744,GSW,2024-12-15,Houston,San Francisco,1641.3,NW,-2.0
0022400366,1610612744,GSW,2024-12-19,San Francisco,Memphis,1797.4,E,2.0
0022400383,1610612744,GSW,2024-12-21,Memphis,Minneapolis,700.9,N,0.0
0022400403,1610612744,GSW,2024-12-23,Minneapolis,San Francisco,1579.5,W,-2.0
0022400408,1610612744,GSW,2024-12-25,San Francisco,San Francisco,0.0,,0.0
0022400426,1610612744,GSW,2024-12-27,San Francisco,Inglewood,347.9,SE,0.0
0022400431,1610612744,GSW,2024-12-28,Inglewood,San Francisco,347.9,NW,0.0
0022400446,1610612744,GSW,2024-12-30,San Francisco,San Francisco,0.0,,0.0
0022400467,1610612744,GSW,2025-01-02,San Francisco,San Francisco,0.0,,0.0
0022400485,1610612744,GSW,2025-01-04,San Francisco,San Francisco,0.0,,0.0
0022400492,1610612744,GSW,2025-01-05,San Francisco,San Francisco,0.0,,0.0
0022400508,1610612744,GSW,2025-01-07,San Francisco,San Francisco,0.0,,0.0
0022400518,1610612744,GSW,2025-01-09,San Francisco,Detroit,2085.2,E,3.0
0022400525,1610612744,GSW,2025-01-10,Detroit,Indianapolis,240.4,SW,0.0
0022400550,1610612744,GSW,2025-01-13,Indianapolis,Toronto,440.3,NE,0.0
0022400565,1610612744,GSW,2025-01-15,Toronto,Minneapolis,692.4,W,-1.0
0022400589,1610612744,GSW,2025-01-18,Minneapolis,San Francisco,1579.5,W,-2.0
0022400604,1610612744,GSW,2025-01-20,San Francisco,San Francisco,0.0,,0.0
0022400619,1610612744,GSW,2025-01-22,San Francisco,Sacramento,74.0,NE,0.0
0022400628,1610612744,GSW,2025-01-23,Sacramento,San Francisco,74.0,SW,0.0
0022400644,1610612744,GSW,2025-01-25,San Francisco,San Francisco,0.0,,0.0
0022400661,1610612744,GSW,2025-01-28,San Francisco,San Francisco,0.0,,0.0
0022400673,1610612744,GSW,2025-01-29,San Francisco,San Francisco,0.0,,0.0
0022400685,1610612744,GSW,2025-01-31,San Francisco,San Francisco,0.0,,0.0
0022400708,1610612744,GSW,2025-02-03,San Francisco,San Francisco,0.0,,0.0
0022400725,1610612744,GSW,2025-02-05,San Francisco,Salt Lake City,597.6,NE,1.0
0022400731,1610612744,GSW,2025-02-06,Salt Lake City,Los Angeles,581.0,SW,-1.0
0022400745,1610612744,GSW,2025-02-08,Los Angeles,Chicago,1741.6,NE,2.0
0022400760,1610612744,GSW,2025-02-10,Chicago,Milwaukee,81.4,N,0.0
0022400782,1610612744,GSW,2025-02-12,Milwaukee,Dallas,857.3,SW,0.0
0022400784,1610612744,GSW,2025-02-13,Dallas,Houston,226.8,SE,0.0
0022400805,1610612744,GSW,2025-02-21,Houston,Sacramento,1606.9,NW,-2.0
0022400812,1610612744,GSW,2025-02-23,Sacramento,San Francisco,74.0,SW,0.0
0022400834,1610612744,GSW,2025-02-25,San Francisco,San Francisco,0.0,,0.0
0022400845,1610612744,GSW,2025-02-27,San Francisco,Orlando,2435.3,E,3.0
0022400864,1610612744,GSW,2025-03-01,Orlando,Philadelphia,860.9,NE,0.0
0022400875,1610612744,GSW,2025-03-03,Philadelphia,Charlotte,447.8,SW,0.0
0022400885,1610612744,GSW,2025-03-04,Charlotte,New York,533.3,NE,0.0
0022400901,1610612744,GSW,2025-03-06,New York,Brooklyn,4.8,S,0.0
0022400919,1610612744,GSW,2025-03-08,Brooklyn,San Francisco,2566.3,W,-3.0
0022400938,1610612744,GSW,2025-03-10,San Francisco,San Francisco,0.0,,0.0
0022400957,1610612744,GSW,2025-03-13,San Francisco,San Francisco,0.0,,0.0
0022400974,1610612744,GSW,2025-03-15,San Francisco,San Francisco,0.0,,0.0
0022400990,1610612744,GSW,2025-03-17,San Francisco,San Francisco,0.0,,0.0
0022401012,1610612744,GSW,2025-03-18,San Francisco,San Francisco,0.0,,0.0
0022401005,1610612744,GSW,2025-03-20,San Francisco,San Francisco,0.0,,0.0
0022401025,1610612744,GSW,2025-03-22,San Francisco,Atlanta,2133.3,E,3.0
0022401047,1610612744,GSW,2025-03-25,Atlanta,Miami,606.0,SE,0.0
0022401072,1610612744,GSW,2025-03-28,Miami,New Orleans,669.1,NW,-1.0
0022401086,1610612744,GSW,2025-03-30,New Orleans,San Antonio,502.7,W,0.0
0022401100,1610612744,GSW,2025-04-01,San Antonio,Memphis,628.6,NE,0.0
0022401117,1610612744,GSW,2025-04-03,Memphis,Los Angeles,1601.4,W,-2.0
0022401125,1610612744,GSW,2025-04-04,Los Angeles,San Francisco,345.5,NW,0.0
0022401143,1610612744,GSW,2025-04-06,San Francisco,San Francisco,0.0,,0.0
0022401154,1610612744,GSW,2025-04-08,San Francisco,Phoenix,651.4,SE,0.0
0022401163,1610612744,GSW,2025-04-09,Phoenix,San Francisco,651.4,NW,0.0
0022401183,1610612744,GSW,2025-04-11,San Francisco,Portland,536.6,N,0.0
0022401198,1610612744,GSW,2025-04-13,Portland,San Francisco,536.6,S,0.0
0022400068,1610612745,HOU,2024-10-23,Houston,Houston,0.0,,0.0
0022400082,1610612745,HOU,2024-10-25,Houston,Houston,0.0,,0.0
0022400094,1610612745,HOU,2024-10-26,Houston,San Antonio,186.1,W,0.0
0022400109,1610612745,HOU,2024-10-28,San Antonio,San Antonio,0.0,,0.0
0022400129,1610612745,HOU,2024-10-31,San Antonio,Dallas,251.5,N,0.0
0022400144,1610612745,HOU,2024-11-02,Dallas,Houston,226.8,SE,0.0
0022400161,1610612745,HOU,2024-11-04,Houston,Houston,0.0,,0.0
0022400173,1610612745,HOU,2024-11-06,Houston,Houston,0.0,,0.0
0022400192,1610612745,HOU,2024-11-08,Houston,Oklahoma City,414.1,N,0.0
0022400201,1610612745,HOU,2024-11-10,Oklahoma City,Detroit,909.4,NE,1.0
0022400213,1610612745,HOU,2024-11-11,Detroit,Houston,1106.3,SW,-1.0
0022400222,1610612745,HOU,2024-11-13,Houston,Houston,0.0,,0.0
0022400016,1610612745,HOU,2024-11-15,Houston,Houston,0.0,,0.0
0022400241,1610612745,HOU,2024-11-17,Houston,Chicago,941.3,NE,0.0
0022400248,1610612745,HOU,2024-11-18,Chicago,Milwaukee,81.4,N,0.0
0022400254,1610612745,HOU,2024-11-20,Milwaukee,Houston,1006.5,SW,0.0
0022400031,1610612745,HOU,2024-11-22,Houston,Houston,0.0,,0.0
0022400267,1610612745,HOU,2024-11-23,Houston,Houston,0.0,,0.0
0022400037,1610612745,HOU,2024-11-26,Houston,Minneapolis,1058.3,N,0.0
0022400290,1610612745,HOU,2024-11-27,Minneapolis,Philadelphia,984.9,E,1.0
0022400310,1610612745,HOU,2024-12-01,Philadelphia,Houston,1338.0,SW,-1.0
0022400059,1610612745,HOU,2024-12-03,Houston,Sacramento,1606.9,NW,-2.0
0022400332,1610612745,HOU,2024-12-05,Sacramento,San Francisco,74.0,SW,0.0
0022400356,1610612745,HOU,2024-12-08,San Francisco,Inglewood,347.9,SE,0.0
0022401204,1610612745,HOU,2024-12-11,Inglewood,Houston,1376.4,E,2.0
0022401230,1610612745,HOU,2024-12-14,Houston,Oklahoma City,414.1,N,0.0
0022400365,1610612745,HOU,2024-12-19,Oklahoma City,Houston,414.1,S,0.0
0022400388,1610612745,HOU,2024-12-22,Houston,Toronto,1301.3,NE,1.0
0022400391,1610612745,HOU,2024-12-23,Toronto,Charlotte,586.8,S,0.0
0022400416,1610612745,HOU,2024-12-26,Charlotte,New Orleans,649.5,SW,-1.0
0022400422,1610612745,HOU,2024-12-27,New Orleans,Houston,316.7,W,0.0
0022400439,1610612745,HOU,2024-12-29,Houston,Houston,0.0,,0.0
0022400460,1610612745,HOU,2025-01-01,Houston,Houston,0.0,,0.0
0022400471,1610612745,HOU,2025-01-03,Houston,Houston,0.0,,0.0
0022400491,1610612745,HOU,2025-01-05,Houston,Houston,0.0,,0.0
0022400503,1610612745,HOU,2025-01-07,Houston,Washington,1219.1,NE,1.0
0022400520,1610612745,HOU,2025-01-09,Washington,Memphis,763.5,W,-1.0
0022400551,1610612745,HOU,2025-01-13,Memphis,Houston,484.1,SW,0.0
0022400568,1610612745,HOU,2025-01-15,Houston,Denver,880.3,NW,-1.0
0022400576,1610612745,HOU,2025-01-16,Denver,Sacramento,885.9,W,-1.0
0022400591,1610612745,HOU,2025-01-18,Sacramento,Portland,484.0,N,0.0
0022400600,1610612745,HOU,2025-01-20,Portland,Houston,1834.4,SE,2.0
0022400615,1610612745,HOU,2025-01-22,Houston,Houston,0.0,,0.0
0022400640,1610612745,HOU,2025-01-25,Houston,Cleveland,1114.5,NE,1.0
0022400650,1610612745,HOU,2025-01-27,Cleveland,Boston,549.1,E,0.0
0022400532,1610612745,HOU,2025-01-28,Boston,Atlanta,936.1,SW,0.0
0022400676,1610612745,HOU,2025-01-30,Atlanta,Memphis,335.9,W,-1.0
0022400689,1610612745,HOU,2025-02-01,Memphis,Houston,484.1,SW,0.0
0022400702,1610612745,HOU,2025-02-03,Houston,New York,1419.3,NE,1.0
0022400711,1610612745,HOU,2025-02-04,New York,Brooklyn,4.8,S,0.0
0022400729,1610612745,HOU,2025-02-06,Brooklyn,Minneapolis,1019.2,NW,-1.0
0022400741,1610612745,HOU,2025-02-08,Minneapolis,Dallas,863.1,S,0.0
0022400753,1610612745,HOU,2025-02-09,Dallas,Houston,226.8,SE,0.0
0022400779,1610612745,HOU,2025-02-12,Houston,Houston,0.0,,0.0
0022400784,1610612745,HOU,2025-02-13,Houston,Houston,0.0,,0.0
0022400801,1610612745,HOU,2025-02-21,Houston,Houston,0.0,,0.0
0022400809,1610612745,HOU,2025-02-22,Houston,Salt Lake City,1200.6,NW,-1.0
0022400831,1610612745,HOU,2025-02-25,Salt Lake City,Houston,1200.6,SE,1.0
0022400844,1610612745,HOU,2025-02-26,Houston,Houston,0.0,,0.0
0022400862,1610612745,HOU,2025-03-01,Houston,Houston,0.0,,0.0
0022400879,1610612745,HOU,2025-03-03,Houston,Oklahoma City,414.1,N,0.0
0022400882,1610612745,HOU,2025-03-04,Oklahoma City,Indianapolis,688.4,NE,1.0
0022400902,1610612745,HOU,2025-03-06,Indianapolis,New Orleans,713.6,S,-1.0
0022400913,1610612745,HOU,2025-03-08,New Orleans,Houston,316.7,W,0.0
0022400934,1610612745,HOU,2025-03-10,Houston,Houston,0.0,,0.0
0022400949,1610612745,HOU,2025-03-12,Houston,Houston,0.0,,0.0
0022400961,1610612745,HOU,2025-03-14,Houston,Houston,0.0,,0.0
0022400970,1610612745,HOU,2025-03-15,Houston,Houston,0.0,,0.0
0022400985,1610612745,HOU,2025-03-17,Houston,Houston,0.0,,0.0
0022400999,1610612745,HOU,2025-03-19,Houston,Orlando,847.1,E,1.0
0022401015,1610612745,HOU,2025-03-21,Orlando,Miami,204.3,S,0.0
0022401035,1610612745,HOU,2025-03-23,Miami,Houston,966.6,W,-1.0
0022401049,1610612745,HOU,2025-03-25,Houston,Houston,0.0,,0.0
0022401065,1610612745,HOU,2025-03-27,Houston,Salt Lake City,1200.6,NW,-1.0
0022401088,1610612745,HOU,2025-03-30,Salt Lake City,Phoenix,506.0,S,-1.0
0022401096,1610612745,HOU,2025-03-31,Phoenix,Los Angeles,358.3,W,0.0
0022401107,1610612745,HOU,2025-04-02,Los Angeles,Houston,1372.8,E,2.0
0022401123,1610612745,HOU,2025-04-04,Houston,Houston,0.0,,0.0
0022401143,1610612745,HOU,2025-04-06,Houston,San Francisco,1641.3,NW,-2.0
0022401166,1610612745,HOU,2025-04-09,San Francisco,Inglewood,347.9,SE,0.0
0022401185,1610612745,HOU,2025-04-11,Inglewood,Los Angeles,8.0,NE,0.0
0022401193,1610612745,HOU,2025-04-13,Los Angeles,Houston,1372.8,E,2.0
0022400071,1610612746,LAC,2024-10-23,Inglewood,Inglewood,0.0,,0.0
0022400087,1610612746,LAC,2024-10-26,Inglewood,Denver,838.0,NE,1.0
0022400101,1610612746,LAC,2024-10-27,Denver,San Francisco,944.8,W,-1.0
0022400127,1610612746,LAC,2024-10-30,San Francisco,Inglewood,347.9,SE,0.0
0022400131,1610612746,LAC,2024-10-31,Inglewood,Inglewood,0.0,,0.0
0022400150,1610612746,LAC,2024-11-02,Inglewood,Inglewood,0.0,,0.0
0022400168,1610612746,LAC,2024-11-04,Inglewood,Inglewood,0.0,,0.0
0022400179,1610612746,LAC,2024-11-06,Inglewood,Inglewood,0.0,,0.0
0022400196,1610612746,LAC,2024-11-08,Inglewood,Sacramento,365.3,NW,0.0
0022400200,1610612746,LAC,2024-11-09,Sacramento,Inglewood,365.3,SE,0.0
0022400215,1610612746,LAC,2024-11-11,Inglewood,Oklahoma City,1185.4,E,2.0
0022400222,1610612746,LAC,2024-11-13,Oklahoma City,Houston,414.1,S,0.0
0022400016,1610612746,LAC,2024-11-15,Houston,Houston,0.0,,0.0
0022400243,1610612746,LAC,2024-11-17,Houston,Inglewood,1376.4,W,-2.0
0022400251,1610612746,LAC,2024-11-18,Inglewood,Inglewood,0.0,,0.0
0022400259,1610612746,LAC,2024-11-20,Inglewood,Inglewood,0.0,,0.0
0022400034,1610612746,LAC,2024-11-22,Inglewood,Inglewood,0.0,,0.0
0022400274,1610612746,LAC,2024-11-24,Inglewood,Philadelphia,2396.2,NE,3.0
0022400281,1610612746,LAC,2024-11-25,Philadelphia,Boston,273.4,NE,0.0
0022400291,1610612746,LAC,2024-11-27,Boston,Washington,393.6,SW,0.0
0022400044,1610612746,LAC,2024-11-29,Washington,Minneapolis,932.8,NW,-1.0
0022400314,1610612746,LAC,2024-12-01,Minneapolis,Inglewood,1529.9,W,-2.0
0022400060,1610612746,LAC,2024-12-03,Inglewood,Inglewood,0.0,,0.0
0022400324,1610612746,LAC,2024-12-04,Inglewood,Inglewood,0.0,,0.0
0022400356,1610612746,LAC,2024-12-08,Inglewood,Inglewood,0.0,,0.0
0022401213,1610612746,LAC,2024-12-13,Inglewood,Denver,838.0,NE,1.0
0022401226,1610612746,LAC,2024-12-16,Denver,Inglewood,838.0,SW,-1.0
0022400368,1610612746,LAC,2024-12-19,Inglewood,Dallas,1242.8,E,2.0
0022400385,1610612746,LAC,2024-12-21,Dallas,Dallas,0.0,,0.0
0022400399,1610612746,LAC,2024-12-23,Dallas,Memphis,419.8,NE,0.0
0022400426,1610612746,LAC,2024-12-27,Memphis,Inglewood,1606.9,W,-2.0
0022400444,1610612746,LAC,2024-12-30,Inglewood,New Orleans,1674.3,E,2.0
0022400451,1610612746,LAC,2024-12-31,New Orleans,San Antonio,502.7,W,0.0
0022400466,1610612746,LAC,2025-01-02,San Antonio,Oklahoma City,420.5,N,0.0
0022400486,1610612746,LAC,2025-01-04,Oklahoma City,Inglewood,1185.4,W,-2.0
0022400500,1610612746,LAC,2025-01-06,Inglewood,Minneapolis,1529.9,NE,2.0
0022400515,1610612746,LAC,2025-01-08,Minneapolis,Denver,698.5,SW,-1.0
0022400553,1610612746,LAC,2025-01-13,Denver,Inglewood,838.0,SW,-1.0
0022400571,1610612746,LAC,2025-01-15,Inglewood,Inglewood,0.0,,0.0
0022400575,1610612746,LAC,2025-01-16,Inglewood,Portland,832.5,N,0.0
0022400596,1610612746,LAC,2025-01-19,Portland,Inglewood,832.5,S,0.0
0022400611,1610612746,LAC,2025-01-20,Inglewood,Inglewood,0.0,,0.0
0022400620,1610612746,LAC,2025-01-22,Inglewood,Inglewood,0.0,,0.0
0022400983,1610612746,LAC,2025-01-23,Inglewood,Inglewood,0.0,,0.0
0022400646,1610612746,LAC,2025-01-25,Inglewood,Inglewood,0.0,,0.0
0022400659,1610612746,LAC,2025-01-27,Inglewood,Phoenix,362.1,E,1.0
0022400671,1610612746,LAC,2025-01-29,Phoenix,San Antonio,849.5,E,1.0
0022400679,1610612746,LAC,2025-01-31,San Antonio,Charlotte,1100.8,NE,1.0
0022400697,1610612746,LAC,2025-02-02,Charlotte,Toronto,586.8,N,0.0
0022400715,1610612746,LAC,2025-02-04,Toronto,Inglewood,2180.0,W,-3.0
0022400733,1610612746,LAC,2025-02-06,Inglewood,Inglewood,0.0,,0.0
0022400751,1610612746,LAC,2025-02-08,Inglewood,Inglewood,0.0,,0.0
0022400783,1610612746,LAC,2025-02-12,Inglewood,Inglewood,0.0,,0.0
0022401004,1610612746,LAC,2025-02-13,Inglewood,Salt Lake City,589.0,NE,1.0
0022400793,1610612746,LAC,2025-02-20,Salt Lake City,Milwaukee,1239.0,E,1.0
0022400813,1610612746,LAC,2025-02-23,Milwaukee,Indianapolis,244.4,SE,1.0
0022400821,1610612746,LAC,2025-02-24,Indianapolis,Detroit,240.4,NE,0.0
0022400842,1610612746,LAC,2025-02-26,Detroit,Chicago,238.9,W,-1.0
0022400859,1610612746,LAC,2025-02-28,Chicago,Los Angeles,1741.6,W,-2.0
0022400874,1610612746,LAC,2025-03-02,Los Angeles,Los Angeles,0.0,,0.0
0022400889,1610612746,LAC,2025-03-04,Los Angeles,Phoenix,358.3,E,1.0
0022400898,1610612746,LAC,2025-03-05,Phoenix,Inglewood,362.1,W,-1.0
0022400911,1610612746,LAC,2025-03-07,Inglewood,Inglewood,0.0,,0.0
0022400927,1610612746,LAC,2025-03-09,Inglewood,Inglewood,0.0,,0.0
0022400943,1610612746,LAC,2025-03-11,Inglewood,New Orleans,1674.3,E,2.0
0022400948,1610612746,LAC,2025-03-12,New Orleans,Miami,669.1,SE,1.0
0022400960,1610612746,LAC,2025-03-14,Miami,Atlanta,606.0,NW,0.0
0022400538,1610612746,LAC,2025-03-16,Atlanta,Inglewood,1938.9,W,-3.0
0022400997,1610612746,LAC,2025-03-18,Inglewood,Inglewood,0.0,,0.0
0022401023,1610612746,LAC,2025-03-21,Inglewood,Inglewood,0.0,,0.0
0022401036,1610612746,LAC,2025-03-23,Inglewood,Inglewood,0.0,,0.0
0022401056,1610612746,LAC,2025-03-26,Inglewood,New York,2454.2,NE,3.0
0022401068,1610612746,LAC,2025-03-28,New York,Brooklyn,4.8,S,0.0
0022401081,1610612746,LAC,2025-03-30,Brooklyn,Cleveland,405.4,W,0.0
0022401091,1610612746,LAC,2025-03-31,Cleveland,Orlando,895.4,S,0.0
0022401111,1610612746,LAC,2025-04-02,Orlando,Inglewood,2203.0,W,-3.0
0022401127,1610612746,LAC,2025-04-04,Inglewood,Inglewood,0.0,,0.0
0022401132,1610612746,LAC,2025-04-05,Inglewood,Inglewood,0.0,,0.0
0022401155,1610612746,LAC,2025-04-08,Inglewood,Inglewood,0.0,,0.0
0022401166,1610612746,LAC,2025-04-09,Inglewood,Inglewood,0.0,,0.0
0022401184,1610612746,LAC,2025-04-11,Inglewood,Sacramento,365.3,NW,0.0
0022401198,1610612746,LAC,2025-04-13,Sacramento,San Francisco,74.0,SW,0.0
0022400062,1610612747,LAL,2024-10-22,Los Angeles,Los Angeles,0.0,,0.0
0022400085,1610612747,LAL,2024-10-25,Los Angeles,Los Angeles,0.0,,0.0
0022400096,1610612747,LAL,2024-10-26,Los Angeles,Los Angeles,0.0,,0.0
0022400111,1610612747,LAL,2024-10-28,Los Angeles,Phoenix,358.3,E,0.0
0022400118,1610612747,LAL,2024-10-30,Phoenix,Cleveland,1745.9,NE,3.0
0022400137,1610612747,LAL,2024-11-01,Cleveland,Toronto,189.2,NE,0.0
0022400156,1610612747,LAL,2024-11-04,Toronto,Detroit,206.4,SW,0.0
0022400174,1610612747,LAL,2024-11-06,Detroit,Memphis,623.9,SW,-1.0
0022400195,1610612747,LAL,2024-11-08,Memphis,Los Angeles,1601.4,W,-2.0
0022400211,1610612747,LAL,2024-11-10,Los Angeles,Los Angeles,0.0,,0.0
0022400225,1610612747,LAL,2024-11-13,Los Angeles,Los Angeles,0.0,,0.0
0022400015,1610612747,LAL,2024-11-15,Los Angeles,San Antonio,1205.9,E,2.0
0022400231,1610612747,LAL,2024-11-16,San Antonio,New Orleans,502.7,E,0.0
0022400026,1610612747,LAL,2024-11-19,New Orleans,Los Angeles,1670.2,W,-2.0
0022400263,1610612747,LAL,2024-11-21,Los Angeles,Los Angeles,0.0,,0.0
0022400270,1610612747,LAL,2024-11-23,Los Angeles,Los Angeles,0.0,,0.0
0022400039,1610612747,LAL,2024-11-26,Los Angeles,Phoenix,358.3,E,1.0
0022400296,1610612747,LAL,2024-11-27,Phoenix,San Antonio,849.5,E,1.0
0022400048,1610612747,LAL,2024-11-29,San Antonio,Los Angeles,1205.9,W,-2.0
0022400311,1610612747,LAL,2024-12-01,Los Angeles,Salt Lake City,581.0,NE,1.0
0022400318,1610612747,LAL,2024-12-02,Salt Lake City,Minneapolis,984.4,NE,1.0
0022400321,1610612747,LAL,2024-12-04,Minneapolis,Miami,1513.1,SE,1.0
0022400334,1610612747,LAL,2024-12-06,Miami,Atlanta,606.0,NW,0.0
0022400358,1610612747,LAL,2024-12-08,Atlanta,Los Angeles,1933.6,W,-3.0
0022401210,1610612747,LAL,2024-12-13,Los Angeles,Minneapolis,1522.4,NE,2.0
0022401220,1610612747,LAL,2024-12-15,Minneapolis,Los Angeles,1522.4,W,-2.0
0022400372,1610612747,LAL,2024-12-19,Los Angeles,Sacramento,361.4,NW,0.0
0022400376,1610612747,LAL,2024-12-21,Sacramento,Sacramento,0.0,,0.0
0022400404,1610612747,LAL,2024-12-23,Sacramento,Los Angeles,361.4,SE,0.0
0022400408,1610612747,LAL,2024-12-25,Los Angeles,San Francisco,345.5,NW,0.0
0022400435,1610612747,LAL,2024-12-28,San Francisco,Los Angeles,345.5,SE,0.0
0022400454,1610612747,LAL,2024-12-31,Los Angeles,Los Angeles,0.0,,0.0
0022400468,1610612747,LAL,2025-01-02,Los Angeles,Los Angeles,0.0,,0.0
0022400477,1610612747,LAL,2025-01-03,Los Angeles,Los Angeles,0.0,,0.0
0022400491,1610612747,LAL,2025-01-05,Los Angeles,Houston,1372.8,E,2.0
0022400504,1610612747,LAL,2025-01-07,Houston,Dallas,226.8,N,0.0
0022400552,1610612747,LAL,2025-01-13,Dallas,Los Angeles,1238.2,W,-2.0
0022400570,1610612747,LAL,2025-01-15,Los Angeles,Los Angeles,0.0,,0.0
0022400585,1610612747,LAL,2025-01-17,Los Angeles,Los Angeles,0.0,,0.0
0022400596,1610612747,LAL,2025-01-19,Los Angeles,Inglewood,8.0,SW,0.0
0022400610,1610612747,LAL,2025-01-21,Inglewood,Los Angeles,8.0,NE,0.0
0022400629,1610612747,LAL,2025-01-23,Los Angeles,Los Angeles,0.0,,0.0
0022400644,1610612747,LAL,2025-01-25,Los Angeles,San Francisco,345.5,NW,0.0
0022400648,1610612747,LAL,2025-01-27,San Francisco,Charlotte,2295.5,E,3.0
0022400660,1610612747,LAL,2025-01-28,Charlotte,Philadelphia,447.8,NE,0.0
0022400674,1610612747,LAL,2025-01-30,Philadelphia,Washington,120.6,SW,0.0
0022400692,1610612747,LAL,2025-02-01,Washington,New York,205.4,NE,0.0
0022400715,1610612747,LAL,2025-02-04,New York,Inglewood,2454.2,W,-3.0
0022400731,1610612747,LAL,2025-02-06,Inglewood,Los Angeles,8.0,NE,0.0
0022400742,1610612747,LAL,2025-02-08,Los Angeles,Los Angeles,0.0,,0.0
0022400768,1610612747,LAL,2025-02-10,Los Angeles,Los Angeles,0.0,,0.0
0022400781,1610612747,LAL,2025-02-12,Los Angeles,Salt Lake City,581.0,NE,1.0
0022400524,1610612747,LAL,2025-02-19,Salt Lake City,Los Angeles,581.0,SW,-1.0
0022400796,1610612747,LAL,2025-02-20,Los Angeles,Portland,827.1,N,0.0
0022400808,1610612747,LAL,2025-02-22,Portland,Denver,979.7,E,1.0
0022400835,1610612747,LAL,2025-02-25,Denver,Los Angeles,830.8,SW,-1.0
0022400849,1610612747,LAL,2025-02-27,Los Angeles,Los Angeles,0.0,,0.0
0022400859,1610612747,LAL,2025-02-28,Los Angeles,Los Angeles,0.0,,0.0
0022400874,1610612747,LAL,2025-03-02,Los Angeles,Los Angeles,0.0,,0.0
0022400890,1610612747,LAL,2025-03-04,Los Angeles,Los Angeles,0.0,,0.0
0022400903,1610612747,LAL,2025-03-06,Los Angeles,Los Angeles,0.0,,0.0
0022400918,1610612747,LAL,2025-03-08,Los Angeles,Boston,2592.2,NE,3.0
0022400930,1610612747,LAL,2025-03-10,Boston,Brooklyn,190.4,SW,0.0
0022400955,1610612747,LAL,2025-03-13,Brooklyn,Milwaukee,734.8,W,-1.0
0022400965,1610612747,LAL,2025-03-14,Milwaukee,Denver,912.8,W,-1.0
0022400977,1610612747,LAL,2025-03-16,Denver,Los Angeles,830.8,SW,-1.0
0022400537,1610612747,LAL,2025-03-17,Los Angeles,Los Angeles,0.0,,0.0
0022401006,1610612747,LAL,2025-03-19,Los Angeles,Los Angeles,0.0,,0.0
0022400996,1610612747,LAL,2025-03-20,Los Angeles,Los Angeles,0.0,,0.0
0022401028,1610612747,LAL,2025-03-22,Los Angeles,Los Angeles,0.0,,0.0
0022401038,1610612747,LAL,2025-03-24,Los Angeles,Orlando,2198.6,E,3.0
0022401055,1610612747,LAL,2025-03-26,Orlando,Indianapolis,821.8,N,0.0
0022401063,1610612747,LAL,2025-03-27,Indianapolis,Chicago,166.4,NW,-1.0
0022401078,1610612747,LAL,2025-03-29,Chicago,Memphis,483.2,S,0.0
0022401096,1610612747,LAL,2025-03-31,Memphis,Los Angeles,1601.4,W,-2.0
0022401117,1610612747,LAL,2025-04-03,Los Angeles,Los Angeles,0.0,,0.0
0022401126,1610612747,LAL,2025-04-04,Los Angeles,Los Angeles,0.0,,0.0
0022401135,1610612747,LAL,2025-04-06,Los Angeles,Oklahoma City,1180.0,E,2.0
0022401153,1610612747,LAL,2025-04-08,Oklahoma City,Oklahoma City,0.0,,0.0
0022401159,1610612747,LAL,2025-04-09,Oklahoma City,Dallas,189.0,S,0.0
0022401185,1610612747,LAL,2025-04-11,Dallas,Los Angeles,1238.2,W,-2.0
0022401199,1610612747,LAL,2025-04-13,Los Angeles,Portland,827.1,N,0.0
0022400065,1610612748,MIA,2024-10-23,Miami,Miami,0.0,,0.0
0022400088,1610612748,MIA,2024-10-26,Miami,Charlotte,653.7,N,0.0
0022400105,1610612748,MIA,2024-10-28,Charlotte,Miami,653.7,S,0.0
0022400122,1610612748,MIA,2024-10-30,Miami,Miami,0.0,,0.0
0022400147,1610612748,MIA,2024-11-02,Miami,Washington,924.8,N,0.0
0022400159,1610612748,MIA,2024-11-04,Washington,Miami,924.8,S,0.0
0022400178,1610612748,MIA,2024-11-06,Miami,Phoenix,1978.4,NW,-2.0
0022400194,1610612748,MIA,2024-11-08,Phoenix,Denver,585.4,NE,0.0
0022400206,1610612748,MIA,2024-11-10,Denver,Minneapolis,698.5,NE,1.0
0022400002,1610612748,MIA,2024-11-12,Minneapolis,Detroit,542.0,E,1.0
0022400009,1610612748,MIA,2024-11-15,Detroit,Indianapolis,240.4,SW,0.0
0022400235,1610612748,MIA,2024-11-17,Indianapolis,Indianapolis,0.0,,0.0
0022400245,1610612748,MIA,2024-11-18,Indianapolis,Miami,1025.8,S,0.0
0022400273,1610612748,MIA,2024-11-24,Miami,Miami,0.0,,0.0
0022400036,1610612748,MIA,2024-11-26,Miami,Miami,0.0,,0.0
0022400286,1610612748,MIA,2024-11-27,Miami,Charlotte,653.7,N,0.0
0022400046,1610612748,MIA,2024-11-29,Charlotte,Miami,653.7,S,0.0
0022400309,1610612748,MIA,2024-12-01,Miami,Toronto,1235.0,N,0.0
0022400316,1610612748,MIA,2024-12-02,Toronto,Boston,429.2,E,0.0
0022400321,1610612748,MIA,2024-12-04,Boston,Miami,1257.4,SW,0.0
0022400346,1610612748,MIA,2024-12-07,Miami,Miami,0.0,,0.0
0022400351,1610612748,MIA,2024-12-08,Miami,Miami,0.0,,0.0
0022401206,1610612748,MIA,2024-12-12,Miami,Miami,0.0,,0.0
0022401221,1610612748,MIA,2024-12-16,Miami,Detroit,1155.7,N,0.0
0022400375,1610612748,MIA,2024-12-20,Detroit,Miami,1155.7,S,0.0
0022400377,1610612748,MIA,2024-12-21,Miami,Orlando,204.3,N,0.0
0022400396,1610612748,MIA,2024-12-23,Orlando,Miami,204.3,S,0.0
0022400411,1610612748,MIA,2024-12-26,Miami,Orlando,204.3,N,0.0
0022400427,1610612748,MIA,2024-12-28,Orlando,Atlanta,402.1,NW,0.0
0022400439,1610612748,MIA,2024-12-29,Atlanta,Houston,700.7,W,-1.0
0022400457,1610612748,MIA,2025-01-01,Houston,Miami,966.6,E,1.0
0022400463,1610612748,MIA,2025-01-02,Miami,Miami,0.0,,0.0
0022400481,1610612748,MIA,2025-01-04,Miami,Miami,0.0,,0.0
0022400501,1610612748,MIA,2025-01-06,Miami,Sacramento,2547.8,NW,-3.0
0022400508,1610612748,MIA,2025-01-07,Sacramento,San Francisco,74.0,SW,0.0
0022400523,1610612748,MIA,2025-01-09,San Francisco,Salt Lake City,597.6,NE,1.0
0022400536,1610612748,MIA,2025-01-11,Salt Lake City,Portland,633.9,NW,-1.0
0022400553,1610612748,MIA,2025-01-13,Portland,Inglewood,832.5,S,0.0
0022400570,1610612748,MIA,2025-01-15,Inglewood,Los Angeles,8.0,NE,0.0
0022400579,1610612748,MIA,2025-01-17,Los Angeles,Miami,2336.7,E,3.0
0022400592,1610612748,MIA,2025-01-19,Miami,Miami,0.0,,0.0
0022400607,1610612748,MIA,2025-01-21,Miami,Miami,0.0,,0.0
0022400624,1610612748,MIA,2025-01-23,Miami,Milwaukee,1270.2,N,-1.0
0022400636,1610612748,MIA,2025-01-25,Milwaukee,Brooklyn,734.8,E,1.0
0022400652,1610612748,MIA,2025-01-27,Brooklyn,Miami,1089.6,S,0.0
0022400667,1610612748,MIA,2025-01-29,Miami,Miami,0.0,,0.0
0022400693,1610612748,MIA,2025-02-01,Miami,San Antonio,1144.2,W,-1.0
0022400714,1610612748,MIA,2025-02-04,San Antonio,Chicago,1049.5,NE,0.0
0022400721,1610612748,MIA,2025-02-05,Chicago,Philadelphia,666.5,E,1.0
0022400737,1610612748,MIA,2025-02-07,Philadelphia,Brooklyn,83.0,NE,0.0
0022400759,1610612748,MIA,2025-02-10,Brooklyn,Miami,1089.6,S,0.0
0022400778,1610612748,MIA,2025-02-12,Miami,Oklahoma City,1225.5,NW,-1.0
0022400786,1610612748,MIA,2025-02-13,Oklahoma City,Dallas,189.0,S,0.0
0022400800,1610612748,MIA,2025-02-21,Dallas,Toronto,1203.1,NE,1.0
0022400817,1610612748,MIA,2025-02-23,Toronto,Milwaukee,430.8,W,-1.0
0022400825,1610612748,MIA,2025-02-24,Milwaukee,Atlanta,669.3,S,1.0
0022400841,1610612748,MIA,2025-02-26,Atlanta,Miami,606.0,SE,0.0
0022400854,1610612748,MIA,2025-02-28,Miami,Miami,0.0,,0.0
0022400869,1610612748,MIA,2025-03-02,Miami,Miami,0.0,,0.0
0022400877,1610612748,MIA,2025-03-03,Miami,Miami,0.0,,0.0
0022400893,1610612748,MIA,2025-03-05,Miami,Cleveland,1089.2,N,0.0
0022400907,1610612748,MIA,2025-03-07,Cleveland,Miami,1089.2,S,0.0
0022400916,1610612748,MIA,2025-03-08,Miami,Miami,0.0,,0.0
0022400931,1610612748,MIA,2025-03-10,Miami,Miami,0.0,,0.0
0022400948,1610612748,MIA,2025-03-12,Miami,Miami,0.0,,0.0
0022400958,1610612748,MIA,2025-03-14,Miami,Miami,0.0,,0.0
0022400971,1610612748,MIA,2025-03-15,Miami,Memphis,872.5,NW,-1.0
0022400984,1610612748,MIA,2025-03-17,Memphis,New York,955.1,NE,1.0
0022401000,1610612748,MIA,2025-03-19,New York,Miami,1093.6,S,0.0
0022401015,1610612748,MIA,2025-03-21,Miami,Miami,0.0,,0.0
0022401032,1610612748,MIA,2025-03-23,Miami,Miami,0.0,,0.0
0022401047,1610612748,MIA,2025-03-25,Miami,Miami,0.0,,0.0
0022401062,1610612748,MIA,2025-03-27,Miami,Miami,0.0,,0.0
0022401076,1610612748,MIA,2025-03-29,Miami,Philadelphia,1017.6,N,0.0
0022401092,1610612748,MIA,2025-03-31,Philadelphia,Washington,120.6,SW,0.0
0022401106,1610612748,MIA,2025-04-02,Washington,Boston,393.6,NE,0.0
0022401114,1610612748,MIA,2025-04-03,Boston,Miami,1257.4,SW,0.0
0022401131,1610612748,MIA,2025-04-05,Miami,Miami,0.0,,0.0
0022401145,1610612748,MIA,2025-04-07,Miami,Miami,0.0,,0.0
0022401160,1610612748,MIA,2025-04-09,Miami,Chicago,1191.3,N,-1.0
0022401177,1610612748,MIA,2025-04-11,Chicago,New Orleans,835.2,S,0.0
0022401190,1610612748,MIA,2025-04-13,New Orleans,Miami,669.1,SE,1.0
0022400066,1610612749,MIL,2024-10-23,Milwaukee,Philadelphia,693.8,E,1.0
0022400083,1610612749,MIL,2024-10-25,Philadelphia,Milwaukee,693.8,W,-1.0
0022400098,1610612749,MIL,2024-10-27,Milwaukee,Brooklyn,734.8,E,1.0
0022400104,1610612749,MIL,2024-10-28,Brooklyn,Boston,190.4,NE,0.0
0022400128,1610612749,MIL,2024-10-31,Boston,Memphis,1135.1,W,-1.0
0022400145,1610612749,MIL,2024-11-02,Memphis,Milwaukee,558.1,N,0.0
0022400154,1610612749,MIL,2024-11-04,Milwaukee,Cleveland,335.9,E,1.0
0022400182,1610612749,MIL,2024-11-07,Cleveland,Milwaukee,335.9,W,-1.0
0022400189,1610612749,MIL,2024-11-08,Milwaukee,New York,732.5,E,1.0
0022400202,1610612749,MIL,2024-11-10,New York,Milwaukee,732.5,W,-1.0
0022400005,1610612749,MIL,2024-11-12,Milwaukee,Milwaukee,0.0,,0.0
0022400223,1610612749,MIL,2024-11-13,Milwaukee,Milwaukee,0.0,,0.0
0022400229,1610612749,MIL,2024-11-16,Milwaukee,Charlotte,659.6,SE,1.0
0022400248,1610612749,MIL,2024-11-18,Charlotte,Milwaukee,659.6,NW,-1.0
0022400253,1610612749,MIL,2024-11-20,Milwaukee,Milwaukee,0.0,,0.0
0022400029,1610612749,MIL,2024-11-22,Milwaukee,Milwaukee,0.0,,0.0
0022400268,1610612749,MIL,2024-11-23,Milwaukee,Milwaukee,0.0,,0.0
0022400036,1610612749,MIL,2024-11-26,Milwaukee,Miami,1270.2,SE,1.0
0022400302,1610612749,MIL,2024-11-30,Miami,Milwaukee,1270.2,N,-1.0
0022400052,1610612749,MIL,2024-12-03,Milwaukee,Detroit,251.6,E,1.0
0022400323,1610612749,MIL,2024-12-04,Detroit,Milwaukee,251.6,W,-1.0
0022400335,1610612749,MIL,2024-12-06,Milwaukee,Boston,855.6,E,1.0
0022400348,1610612749,MIL,2024-12-08,Boston,Brooklyn,190.4,SW,0.0
0022401201,1610612749,MIL,2024-12-10,Brooklyn,Milwaukee,734.8,W,-1.0
0022401229,1610612749,MIL,2024-12-14,Milwaukee,Milwaukee,0.0,,0.0
0022400374,1610612749,MIL,2024-12-20,Milwaukee,Cleveland,335.9,E,1.0
0022400382,1610612749,MIL,2024-12-21,Cleveland,Milwaukee,335.9,W,-1.0
0022400398,1610612749,MIL,2024-12-23,Milwaukee,Chicago,81.4,S,0.0
0022400415,1610612749,MIL,2024-12-26,Chicago,Milwaukee,81.4,N,0.0
0022400430,1610612749,MIL,2024-12-28,Milwaukee,Chicago,81.4,S,0.0
0022400450,1610612749,MIL,2024-12-31,Chicago,Indianapolis,166.4,SE,1.0
0022400465,1610612749,MIL,2025-01-02,Indianapolis,Milwaukee,244.4,N,-1.0
0022400483,1610612749,MIL,2025-01-04,Milwaukee,Milwaukee,0.0,,0.0
0022400497,1610612749,MIL,2025-01-06,Milwaukee,Toronto,430.8,E,1.0
0022400516,1610612749,MIL,2025-01-08,Toronto,Milwaukee,430.8,W,-1.0
0022400526,1610612749,MIL,2025-01-10,Milwaukee,Orlando,1066.2,S,1.0
0022400539,1610612749,MIL,2025-01-12,Orlando,New York,941.6,NE,0.0
0022400558,1610612749,MIL,2025-01-14,New York,Milwaukee,732.5,W,-1.0
0022400564,1610612749,MIL,2025-01-15,Milwaukee,Milwaukee,0.0,,0.0
0022400580,1610612749,MIL,2025-01-17,Milwaukee,Milwaukee,0.0,,0.0
0022400594,1610612749,MIL,2025-01-19,Milwaukee,Milwaukee,0.0,,0.0
0022400624,1610612749,MIL,2025-01-23,Milwaukee,Milwaukee,0.0,,0.0
0022400646,1610612749,MIL,2025-01-25,Milwaukee,Inglewood,1749.5,W,-2.0
0022400658,1610612749,MIL,2025-01-27,Inglewood,Salt Lake City,589.0,NE,1.0
0022400662,1610612749,MIL,2025-01-28,Salt Lake City,Portland,633.9,NW,-1.0
0022400684,1610612749,MIL,2025-01-31,Portland,San Antonio,1720.8,SE,2.0
0022400699,1610612749,MIL,2025-02-02,San Antonio,Milwaukee,1106.6,NE,0.0
0022400705,1610612749,MIL,2025-02-03,Milwaukee,Oklahoma City,732.6,SW,0.0
0022400717,1610612749,MIL,2025-02-05,Oklahoma City,Charlotte,938.9,E,1.0
0022400736,1610612749,MIL,2025-02-07,Charlotte,Atlanta,226.5,SW,0.0
0022400754,1610612749,MIL,2025-02-09,Atlanta,Milwaukee,669.3,N,-1.0
0022400760,1610612749,MIL,2025-02-10,Milwaukee,Milwaukee,0.0,,0.0
0022400776,1610612749,MIL,2025-02-12,Milwaukee,Minneapolis,297.9,NW,0.0
0022400793,1610612749,MIL,2025-02-20,Minneapolis,Milwaukee,297.9,SE,0.0
0022400799,1610612749,MIL,2025-02-21,Milwaukee,Washington,635.9,SE,1.0
0022400817,1610612749,MIL,2025-02-23,Washington,Milwaukee,635.9,NW,-1.0
0022400831,1610612749,MIL,2025-02-25,Milwaukee,Houston,1006.5,SW,0.0
0022400846,1610612749,MIL,2025-02-27,Houston,Milwaukee,1006.5,N,0.0
0022400865,1610612749,MIL,2025-03-01,Milwaukee,Dallas,857.3,SW,0.0
0022400884,1610612749,MIL,2025-03-04,Dallas,Atlanta,719.8,E,1.0
0022400897,1610612749,MIL,2025-03-05,Atlanta,Milwaukee,669.3,N,-1.0
0022400917,1610612749,MIL,2025-03-08,Milwaukee,Milwaukee,0.0,,0.0
0022400922,1610612749,MIL,2025-03-09,Milwaukee,Milwaukee,0.0,,0.0
0022400942,1610612749,MIL,2025-03-11,Milwaukee,Indianapolis,244.4,SE,1.0
0022400955,1610612749,MIL,2025-03-13,Indianapolis,Milwaukee,244.4,N,-1.0
0022400972,1610612749,MIL,2025-03-15,Milwaukee,Milwaukee,0.0,,0.0
0022400982,1610612749,MIL,2025-03-16,Milwaukee,Milwaukee,0.0,,0.0
0022401012,1610612749,MIL,2025-03-18,Milwaukee,San Francisco,1836.4,W,-2.0
0022400996,1610612749,MIL,2025-03-20,San Francisco,Los Angeles,345.5,SE,0.0
0022401027,1610612749,MIL,2025-03-22,Los Angeles,Sacramento,361.4,NW,0.0
0022401043,1610612749,MIL,2025-03-24,Sacramento,Phoenix,634.7,SE,0.0
0022401057,1610612749,MIL,2025-03-26,Phoenix,Denver,585.4,NE,1.0
0022401070,1610612749,MIL,2025-03-28,Denver,Milwaukee,912.8,E,1.0
0022401083,1610612749,MIL,2025-03-30,Milwaukee,Milwaukee,0.0,,0.0
0022401101,1610612749,MIL,2025-04-01,Milwaukee,Milwaukee,0.0,,0.0
0022401115,1610612749,MIL,2025-04-03,Milwaukee,Philadelphia,693.8,E,1.0
0022401131,1610612749,MIL,2025-04-05,Philadelphia,Miami,1017.6,S,0.0
0022400617,1610612749,MIL,2025-04-06,Miami,New Orleans,669.1,NW,-1.0
0022401152,1610612749,MIL,2025-04-08,New Orleans,Milwaukee,912.7,N,0.0
0022401161,1610612749,MIL,2025-04-10,Milwaukee,Milwaukee,0.0,,0.0
0022401171,1610612749,MIL,2025-04-11,Milwaukee,Detroit,251.6,E,1.0
0022401192,1610612749,MIL,2025-04-13,Detroit,Milwaukee,251.6,W,-1.0
0022400062,1610612750,MIN,2024-10-22,Minneapolis,Los Angeles,1522.4,W,-2.0
0022400076,1610612750,MIN,2024-10-24,Los Angeles,Sacramento,361.4,NW,0.0
0022400093,1610612750,MIN,2024-10-26,Sacramento,Minneapolis,1511.1,NE,2.0
0022400114,1610612750,MIN,2024-10-29,Minneapolis,Minneapolis,0.0,,0.0
0022400139,1610612750,MIN,2024-11-01,Minneapolis,Minneapolis,0.0,,0.0
0022400146,1610612750,MIN,2024-11-02,Minneapolis,San Antonio,1110.9,S,0.0
0022400162,1610612750,MIN,2024-11-04,San Antonio,Minneapolis,1110.9,N,0.0
0022400181,1610612750,MIN,2024-11-07,Minneapolis,Chicago,353.2,SE,0.0
0022400193,1610612750,MIN,2024-11-08,Chicago,Minneapolis,353.2,NW,0.0
0022400206,1610612750,MIN,2024-11-10,Minneapolis,Minneapolis,0.0,,0.0
0022400008,1610612750,MIN,2024-11-12,Minneapolis,Portland,1422.0,W,-2.0
0022400226,1610612750,MIN,2024-11-13,Portland,Portland,0.0,,0.0
0022400020,1610612750,MIN,2024-11-15,Portland,Sacramento,484.0,S,0.0
0022400234,1610612750,MIN,2024-11-17,Sacramento,Minneapolis,1511.1,NE,2.0
0022400261,1610612750,MIN,2024-11-21,Minneapolis,Toronto,692.4,E,1.0
0022400271,1610612750,MIN,2024-11-24,Toronto,Boston,429.2,E,0.0
0022400037,1610612750,MIN,2024-11-26,Boston,Minneapolis,1121.1,W,-1.0
0022400294,1610612750,MIN,2024-11-27,Minneapolis,Minneapolis,0.0,,0.0
0022400044,1610612750,MIN,2024-11-29,Minneapolis,Minneapolis,0.0,,0.0
0022400318,1610612750,MIN,2024-12-02,Minneapolis,Minneapolis,0.0,,0.0
0022400324,1610612750,MIN,2024-12-04,Minneapolis,Inglewood,1529.9,W,-2.0
0022400338,1610612750,MIN,2024-12-06,Inglewood,San Francisco,347.9,NW,0.0
0022400355,1610612750,MIN,2024-12-08,San Francisco,San Francisco,0.0,,0.0
0022401210,1610612750,MIN,2024-12-13,San Francisco,Minneapolis,1579.5,NE,2.0
0022401218,1610612750,MIN,2024-12-15,Minneapolis,San Antonio,1110.9,S,0.0
0022400367,1610612750,MIN,2024-12-19,San Antonio,Minneapolis,1110.9,N,0.0
0022400383,1610612750,MIN,2024-12-21,Minneapolis,Minneapolis,0.0,,0.0
0022400395,1610612750,MIN,2024-12-23,Minneapolis,Atlanta,907.7,SE,1.0
0022400406,1610612750,MIN,2024-12-25,Atlanta,Dallas,719.8,W,-1.0
0022400422,1610612750,MIN,2024-12-27,Dallas,Houston,226.8,SE,0.0
0022400441,1610612750,MIN,2024-12-29,Houston,Minneapolis,1058.3,N,0.0
0022400452,1610612750,MIN,2024-12-31,Minneapolis,Oklahoma City,694.2,S,0.0
0022400464,1610612750,MIN,2025-01-02,Oklahoma City,Minneapolis,694.2,N,0.0
0022400479,1610612750,MIN,2025-01-04,Minneapolis,Detroit,542.0,E,1.0
0022400500,1610612750,MIN,2025-01-06,Detroit,Minneapolis,542.0,NW,-1.0
0022400505,1610612750,MIN,2025-01-07,Minneapolis,New Orleans,1053.0,S,0.0
0022400519,1610612750,MIN,2025-01-09,New Orleans,Orlando,533.2,E,1.0
0022400535,1610612750,MIN,2025-01-11,Orlando,Minneapolis,1309.6,NW,-1.0
0022400548,1610612750,MIN,2025-01-13,Minneapolis,Washington,932.8,E,1.0
0022400565,1610612750,MIN,2025-01-15,Washington,Minneapolis,932.8,NW,-1.0
0022400578,1610612750,MIN,2025-01-17,Minneapolis,New York,1016.5,E,1.0
0022400590,1610612750,MIN,2025-01-18,New York,Minneapolis,1016.5,NW,-1.0
0022400601,1610612750,MIN,2025-01-20,Minneapolis,Memphis,700.9,S,0.0
0022400614,1610612750,MIN,2025-01-22,Memphis,Dallas,419.8,W,0.0
0022400634,1610612750,MIN,2025-01-25,Dallas,Minneapolis,863.1,N,0.0
0022400656,1610612750,MIN,2025-01-27,Minneapolis,Minneapolis,0.0,,0.0
0022400672,1610612750,MIN,2025-01-29,Minneapolis,Phoenix,1278.1,SW,-1.0
0022400677,1610612750,MIN,2025-01-30,Phoenix,Salt Lake City,506.0,N,0.0
0022400690,1610612750,MIN,2025-02-01,Salt Lake City,Minneapolis,984.4,NE,1.0
0022400704,1610612750,MIN,2025-02-03,Minneapolis,Minneapolis,0.0,,0.0
0022400723,1610612750,MIN,2025-02-05,Minneapolis,Minneapolis,0.0,,0.0
0022400729,1610612750,MIN,2025-02-06,Minneapolis,Minneapolis,0.0,,0.0
0022400747,1610612750,MIN,2025-02-08,Minneapolis,Minneapolis,0.0,,0.0
0022400755,1610612750,MIN,2025-02-10,Minneapolis,Cleveland,630.2,E,1.0
0022400776,1610612750,MIN,2025-02-12,Cleveland,Minneapolis,630.2,NW,-1.0
0022400787,1610612750,MIN,2025-02-13,Minneapolis,Minneapolis,0.0,,0.0
0022400801,1610612750,MIN,2025-02-21,Minneapolis,Houston,1058.3,S,0.0
0022400820,1610612750,MIN,2025-02-23,Houston,Minneapolis,1058.3,N,0.0
0022400826,1610612750,MIN,2025-02-24,Minneapolis,Oklahoma City,694.2,S,0.0
0022400849,1610612750,MIN,2025-02-27,Oklahoma City,Los Angeles,1180.0,W,-2.0
0022400858,1610612750,MIN,2025-02-28,Los Angeles,Salt Lake City,581.0,NE,1.0
0022400873,1610612750,MIN,2025-03-02,Salt Lake City,Phoenix,506.0,S,0.0
0022400887,1610612750,MIN,2025-03-04,Phoenix,Minneapolis,1278.1,NE,1.0
0022400892,1610612750,MIN,2025-03-05,Minneapolis,Charlotte,939.3,SE,1.0
0022400907,1610612750,MIN,2025-03-07,Charlotte,Miami,653.7,S,0.0
0022400925,1610612750,MIN,2025-03-09,Miami,Minneapolis,1513.1,NW,-1.0
0022400952,1610612750,MIN,2025-03-12,Minneapolis,Denver,698.5,SW,-1.0
0022400963,1610612750,MIN,2025-03-14,Denver,Minneapolis,698.5,NE,1.0
0022400981,1610612750,MIN,2025-03-16,Minneapolis,Minneapolis,0.0,,0.0
0022400986,1610612750,MIN,2025-03-17,Minneapolis,Minneapolis,0.0,,0.0
0022401001,1610612750,MIN,2025-03-19,Minneapolis,Minneapolis,0.0,,0.0
0022401016,1610612750,MIN,2025-03-21,Minneapolis,Minneapolis,0.0,,0.0
0022401037,1610612750,MIN,2025-03-24,Minneapolis,Indianapolis,511.4,SE,1.0
0022401071,1610612750,MIN,2025-03-28,Indianapolis,Minneapolis,511.4,NW,-1.0
0022401084,1610612750,MIN,2025-03-30,Minneapolis,Minneapolis,0.0,,0.0
0022401102,1610612750,MIN,2025-04-01,Minneapolis,Denver,698.5,SW,-1.0
0022401113,1610612750,MIN,2025-04-03,Denver,Brooklyn,1630.1,E,2.0
0022401130,1610612750,MIN,2025-04-05,Brooklyn,Philadelphia,83.0,SW,0.0
0022401152,1610612750,MIN,2025-04-08,Philadelphia,Milwaukee,693.8,W,-1.0
0022401170,1610612750,MIN,2025-04-10,Milwaukee,Memphis,558.1,S,0.0
0022401179,1610612750,MIN,2025-04-11,Memphis,Minneapolis,700.9,N,0.0
0022401195,1610612750,MIN,2025-04-13,Minneapolis,Minneapolis,0.0,,0.0
0022400064,1610612751,BKN,2024-10-23,Brooklyn,Atlanta,745.8,SW,0.0
0022400077,1610612751,BKN,2024-10-25,Atlanta,Orlando,402.1,SE,0.0
0022400098,1610612751,BKN,2024-10-27,Orlando,Brooklyn,938.0,NE,0.0
0022400113,1610612751,BKN,2024-10-29,Brooklyn,Brooklyn,0.0,,0.0
0022400124,1610612751,BKN,2024-10-30,Brooklyn,Memphis,954.5,W,-1.0
0022400136,1610612751,BKN,2024-11-01,Memphis,Brooklyn,954.5,NE,1.0
0022400151,1610612751,BKN,2024-11-03,Brooklyn,Brooklyn,0.0,,0.0
0022400158,1610612751,BKN,2024-11-04,Brooklyn,Brooklyn,0.0,,0.0
0022400187,1610612751,BKN,2024-11-08,Brooklyn,Boston,190.4,NE,0.0
0022400199,1610612751,BKN,2024-11-09,Boston,Cleveland,549.1,W,0.0
0022400214,1610612751,BKN,2024-11-11,Cleveland,New Orleans,925.3,SW,-1.0
0022400218,1610612751,BKN,2024-11-13,New Orleans,Brooklyn,1169.1,NE,1.0
0022400014,1610612751,BKN,2024-11-15,Brooklyn,New York,4.8,N,0.0
0022400240,1610612751,BKN,2024-11-17,New York,New York,0.0,,0.0
0022400022,1610612751,BKN,2024-11-19,New York,Brooklyn,4.8,S,0.0
0022400027,1610612751,BKN,2024-11-22,Brooklyn,Philadelphia,83.0,SW,0.0
0022400276,1610612751,BKN,2024-11-24,Philadelphia,Sacramento,2452.6,W,-3.0
0022400284,1610612751,BKN,2024-11-25,Sacramento,San Francisco,74.0,SW,0.0
0022400297,1610612751,BKN,2024-11-27,San Francisco,Phoenix,651.4,SE,1.0
0022400043,1610612751,BKN,2024-11-29,Phoenix,Brooklyn,2141.3,NE,2.0
0022400305,1610612751,BKN,2024-12-01,Brooklyn,Brooklyn,0.0,,0.0
0022400317,1610612751,BKN,2024-12-02,Brooklyn,Chicago,715.3,W,-1.0
0022400320,1610612751,BKN,2024-12-04,Chicago,Brooklyn,715.3,E,1.0
0022400348,1610612751,BKN,2024-12-08,Brooklyn,Brooklyn,0.0,,0.0
0022401211,1610612751,BKN,2024-12-13,Brooklyn,Memphis,954.5,W,-1.0
0022401224,1610612751,BKN,2024-12-16,Memphis,Brooklyn,954.5,NE,1.0
0022400364,1610612751,BKN,2024-12-19,Brooklyn,Toronto,344.0,NW,0.0
0022400379,1610612751,BKN,2024-12-21,Toronto,Brooklyn,344.0,SE,0.0
0022400396,1610612751,BKN,2024-12-23,Brooklyn,Miami,1089.6,S,0.0
0022400415,1610612751,BKN,2024-12-26,Miami,Milwaukee,1270.2,N,-1.0
0022400421,1610612751,BKN,2024-12-27,Milwaukee,Brooklyn,734.8,E,1.0
0022400436,1610612751,BKN,2024-12-29,Brooklyn,Orlando,938.0,SW,0.0
0022400459,1610612751,BKN,2025-01-01,Orlando,Toronto,1049.5,N,0.0
0022400465,1610612751,BKN,2025-01-02,Toronto,Milwaukee,430.8,W,-1.0
0022400478,1610612751,BKN,2025-01-04,Milwaukee,Brooklyn,734.8,E,1.0
0022400495,1610612751,BKN,2025-01-06,Brooklyn,Brooklyn,0.0,,0.0
0022400513,1610612751,BKN,2025-01-08,Brooklyn,Brooklyn,0.0,,0.0
0022400531,1610612751,BKN,2025-01-10,Brooklyn,Denver,1630.1,W,-2.0
0022400546,1610612751,BKN,2025-01-12,Denver,Salt Lake City,370.1,W,0.0
0022400560,1610612751,BKN,2025-01-14,Salt Lake City,Portland,633.9,NW,-1.0
0022400571,1610612751,BKN,2025-01-15,Portland,Inglewood,832.5,S,0.0
0022400585,1610612751,BKN,2025-01-17,Inglewood,Los Angeles,8.0,NE,0.0
0022400595,1610612751,BKN,2025-01-19,Los Angeles,Oklahoma City,1180.0,E,2.0
0022400606,1610612751,BKN,2025-01-21,Oklahoma City,Brooklyn,1325.7,NE,1.0
0022400613,1610612751,BKN,2025-01-22,Brooklyn,Brooklyn,0.0,,0.0
0022400636,1610612751,BKN,2025-01-25,Brooklyn,Brooklyn,0.0,,0.0
0022400651,1610612751,BKN,2025-01-27,Brooklyn,Brooklyn,0.0,,0.0
0022400663,1610612751,BKN,2025-01-29,Brooklyn,Charlotte,530.7,SW,0.0
0022400689,1610612751,BKN,2025-02-01,Charlotte,Houston,925.8,W,-1.0
0022400711,1610612751,BKN,2025-02-04,Houston,Brooklyn,1418.2,NE,1.0
0022400720,1610612751,BKN,2025-02-05,Brooklyn,Brooklyn,0.0,,0.0
0022400737,1610612751,BKN,2025-02-07,Brooklyn,Brooklyn,0.0,,0.0
0022400758,1610612751,BKN,2025-02-10,Brooklyn,Brooklyn,0.0,,0.0
0022400772,1610612751,BKN,2025-02-12,Brooklyn,Brooklyn,0.0,,0.0
0022400791,1610612751,BKN,2025-02-20,Brooklyn,Brooklyn,0.0,,0.0
0022400807,1610612751,BKN,2025-02-22,Brooklyn,Philadelphia,83.0,SW,0.0
0022400824,1610612751,BKN,2025-02-24,Philadelphia,Washington,120.6,SW,0.0
0022400840,1610612751,BKN,2025-02-26,Washington,Brooklyn,203.3,NE,0.0
0022400853,1610612751,BKN,2025-02-28,Brooklyn,Brooklyn,0.0,,0.0
0022400861,1610612751,BKN,2025-03-01,Brooklyn,Detroit,483.3,W,0.0
0022400888,1610612751,BKN,2025-03-04,Detroit,San Antonio,1236.2,SW,-1.0
0022400901,1610612751,BKN,2025-03-06,San Antonio,Brooklyn,1579.3,NE,1.0
0022400912,1610612751,BKN,2025-03-08,Brooklyn,Charlotte,530.7,SW,0.0
0022400930,1610612751,BKN,2025-03-10,Charlotte,Brooklyn,530.7,NE,0.0
0022400940,1610612751,BKN,2025-03-11,Brooklyn,Cleveland,405.4,W,0.0
0022400956,1610612751,BKN,2025-03-13,Cleveland,Chicago,309.9,W,-1.0
0022400968,1610612751,BKN,2025-03-15,Chicago,Brooklyn,715.3,E,1.0
0022400978,1610612751,BKN,2025-03-16,Brooklyn,Brooklyn,0.0,,0.0
0022400994,1610612751,BKN,2025-03-18,Brooklyn,Boston,190.4,NE,0.0
0022401011,1610612751,BKN,2025-03-20,Boston,Indianapolis,805.4,W,0.0
0022401024,1610612751,BKN,2025-03-22,Indianapolis,Indianapolis,0.0,,0.0
0022401040,1610612751,BKN,2025-03-24,Indianapolis,Brooklyn,645.2,E,0.0
0022401054,1610612751,BKN,2025-03-26,Brooklyn,Brooklyn,0.0,,0.0
0022401068,1610612751,BKN,2025-03-28,Brooklyn,Brooklyn,0.0,,0.0
0022401075,1610612751,BKN,2025-03-29,Brooklyn,Washington,203.3,SW,0.0
0022401095,1610612751,BKN,2025-03-31,Washington,Dallas,1183.0,W,-1.0
0022401113,1610612751,BKN,2025-04-03,Dallas,Brooklyn,1371.7,NE,1.0
0022401134,1610612751,BKN,2025-04-06,Brooklyn,Brooklyn,0.0,,0.0
0022401150,1610612751,BKN,2025-04-08,Brooklyn,Brooklyn,0.0,,0.0
0022401169,1610612751,BKN,2025-04-10,Brooklyn,Brooklyn,0.0,,0.0
0022401179,1610612751,BKN,2025-04-11,Brooklyn,Minneapolis,1019.2,NW,-1.0
0022401188,1610612751,BKN,2025-04-13,Minneapolis,Brooklyn,1019.2,E,1.0
0022400061,1610612752,NYK,2024-10-22,New York,Boston,188.2,NE,0.0
0022400081,1610612752,NYK,2024-10-25,Boston,New York,188.2,SW,0.0
0022400106,1610612752,NYK,2024-10-28,New York,New York,0.0,,0.0
0022400122,1610612752,NYK,2024-10-30,New York,Miami,1093.6,S,0.0
0022400134,1610612752,NYK,2024-11-01,Miami,Detroit,1155.7,N,0.0
0022400161,1610612752,NYK,2024-11-04,Detroit,Houston,1106.3,SW,-1.0
0022400171,1610612752,NYK,2024-11-06,Houston,Atlanta,700.7,NE,1.0
0022400189,1610612752,NYK,2024-11-08,Atlanta,New York,747.9,NE,0.0
0022400203,1610612752,NYK,2024-11-10,New York,Indianapolis,644.4,W,0.0
0022400004,1610612752,NYK,2024-11-12,Indianapolis,Philadelphia,582.5,E,0.0
0022400219,1610612752,NYK,2024-11-13,Philadelphia,New York,85.4,NE,0.0
0022400014,1610612752,NYK,2024-11-15,New York,New York,0.0,,0.0
0022400240,1610612752,NYK,2024-11-17,New York,New York,0.0,,0.0
0022400246,1610612752,NYK,2024-11-18,New York,New York,0.0,,0.0
0022400257,1610612752,NYK,2024-11-20,New York,Phoenix,2140.5,W,-2.0
0022400264,1610612752,NYK,2024-11-23,Phoenix,Salt Lake City,506.0,N,0.0
0022400283,1610612752,NYK,2024-11-25,Salt Lake City,Denver,370.1,E,0.0
0022400292,1610612752,NYK,2024-11-27,Denver,Dallas,662.5,SE,1.0
0022400040,1610612752,NYK,2024-11-29,Dallas,Charlotte,929.0,E,1.0
0022400308,1610612752,NYK,2024-12-01,Charlotte,New York,533.3,NE,0.0
0022400053,1610612752,NYK,2024-12-03,New York,New York,0.0,,0.0
0022400327,1610612752,NYK,2024-12-05,New York,New York,0.0,,0.0
0022400343,1610612752,NYK,2024-12-07,New York,New York,0.0,,0.0
0022400359,1610612752,NYK,2024-12-09,New York,Toronto,340.4,NW,0.0
0022401202,1610612752,NYK,2024-12-11,Toronto,New York,340.4,SE,0.0
0022401227,1610612752,NYK,2024-12-15,New York,Orlando,941.6,SW,0.0
0022400367,1610612752,NYK,2024-12-19,Orlando,Minneapolis,1309.6,NW,-1.0
0022400384,1610612752,NYK,2024-12-21,Minneapolis,New Orleans,1053.0,S,0.0
0022400397,1610612752,NYK,2024-12-23,New Orleans,New York,1171.0,NE,1.0
0022400405,1610612752,NYK,2024-12-25,New York,New York,0.0,,0.0
0022400419,1610612752,NYK,2024-12-27,New York,Orlando,941.6,SW,0.0
0022400429,1610612752,NYK,2024-12-28,Orlando,Washington,758.1,N,0.0
0022400443,1610612752,NYK,2024-12-30,Washington,Washington,0.0,,0.0
0022400458,1610612752,NYK,2025-01-01,Washington,New York,205.4,NE,0.0
0022400473,1610612752,NYK,2025-01-03,New York,Oklahoma City,1325.4,W,-1.0
0022400482,1610612752,NYK,2025-01-04,Oklahoma City,Chicago,690.9,NE,0.0
0022400496,1610612752,NYK,2025-01-06,Chicago,New York,713.5,E,1.0
0022400511,1610612752,NYK,2025-01-08,New York,New York,0.0,,0.0
0022400529,1610612752,NYK,2025-01-10,New York,New York,0.0,,0.0
0022400539,1610612752,NYK,2025-01-12,New York,New York,0.0,,0.0
0022400549,1610612752,NYK,2025-01-13,New York,New York,0.0,,0.0
0022400561,1610612752,NYK,2025-01-15,New York,Philadelphia,85.4,SW,0.0
0022400578,1610612752,NYK,2025-01-17,Philadelphia,New York,85.4,NE,0.0
0022400602,1610612752,NYK,2025-01-20,New York,New York,0.0,,0.0
0022400606,1610612752,NYK,2025-01-21,New York,Brooklyn,4.8,S,0.0
0022400641,1610612752,NYK,2025-01-25,Brooklyn,New York,4.8,N,0.0
0022400653,1610612752,NYK,2025-01-27,New York,New York,0.0,,0.0
0022400668,1610612752,NYK,2025-01-29,New York,New York,0.0,,0.0
0022400692,1610612752,NYK,2025-02-01,New York,New York,0.0,,0.0
0022400702,1610612752,NYK,2025-02-03,New York,New York,0.0,,0.0
0022400713,1610612752,NYK,2025-02-04,New York,Toronto,340.4,NW,0.0
0022400748,1610612752,NYK,2025-02-08,Toronto,New York,340.4,SE,0.0
0022400765,1610612752,NYK,2025-02-11,New York,Indianapolis,644.4,W,0.0
0022400773,1610612752,NYK,2025-02-12,Indianapolis,New York,644.4,E,0.0
0022400792,1610612752,NYK,2025-02-20,New York,New York,0.0,,0.0
0022400797,1610612752,NYK,2025-02-21,New York,Cleveland,403.7,W,0.0
0022400811,1610612752,NYK,2025-02-23,Cleveland,Boston,549.1,E,0.0
0022400838,1610612752,NYK,2025-02-26,Boston,New York,188.2,SW,0.0
0022400856,1610612752,NYK,2025-02-28,New York,Memphis,955.1,W,-1.0
0022400869,1610612752,NYK,2025-03-02,Memphis,Miami,872.5,SE,1.0
0022400885,1610612752,NYK,2025-03-04,Miami,New York,1093.6,N,0.0
0022400903,1610612752,NYK,2025-03-06,New York,Los Angeles,2447.6,W,-3.0
0022400911,1610612752,NYK,2025-03-07,Los Angeles,Inglewood,8.0,SW,0.0
0022400939,1610612752,NYK,2025-03-10,Inglewood,Sacramento,365.3,NW,0.0
0022400953,1610612752,NYK,2025-03-12,Sacramento,Portland,484.0,N,0.0
0022400974,1610612752,NYK,2025-03-15,Portland,San Francisco,536.6,S,0.0
0022400984,1610612752,NYK,2025-03-17,San Francisco,New York,2564.4,E,3.0
0022401003,1610612752,NYK,2025-03-19,New York,San Antonio,1580.2,W,-1.0
0022401010,1610612752,NYK,2025-03-20,San Antonio,Charlotte,1100.8,NE,1.0
0022401026,1610612752,NYK,2025-03-22,Charlotte,New York,533.3,NE,0.0
0022401048,1610612752,NYK,2025-03-25,New York,New York,0.0,,0.0
0022401056,1610612752,NYK,2025-03-26,New York,New York,0.0,,0.0
0022401070,1610612752,NYK,2025-03-28,New York,Milwaukee,732.5,W,-1.0
0022401082,1610612752,NYK,2025-03-30,Milwaukee,New York,732.5,E,1.0
0022401098,1610612752,NYK,2025-04-01,New York,New York,0.0,,0.0
0022401103,1610612752,NYK,2025-04-02,New York,Cleveland,403.7,W,0.0
0022401128,1610612752,NYK,2025-04-05,Cleveland,Atlanta,554.8,S,0.0
0022401140,1610612752,NYK,2025-04-06,Atlanta,New York,747.9,NE,0.0
0022401151,1610612752,NYK,2025-04-08,New York,New York,0.0,,0.0
0022401167,1610612752,NYK,2025-04-10,New York,Detroit,481.0,W,0.0
0022401175,1610612752,NYK,2025-04-11,Detroit,New York,481.0,E,0.0
0022401188,1610612752,NYK,2025-04-13,New York,Brooklyn,4.8,S,0.0
0022400065,1610612753,ORL,2024-10-23,Orlando,Miami,204.3,S,0.0
0022400077,1610612753,ORL,2024-10-25,Miami,Orlando,204.3,N,0.0
0022400092,1610612753,ORL,2024-10-26,Orlando,Memphis,682.6,NW,-1.0
0022400102,1610612753,ORL,2024-10-28,Memphis,Orlando,682.6,SE,1.0
0022400123,1610612753,ORL,2024-10-30,Orlando,Chicago,987.1,N,-1.0
0022400133,1610612753,ORL,2024-11-01,Chicago,Cleveland,309.9,E,1.0
0022400153,1610612753,ORL,2024-11-03,Cleveland,Dallas,1024.9,SW,-1.0
0022400163,1610612753,ORL,2024-11-04,Dallas,Oklahoma City,189.0,N,0.0
0022400170,1610612753,ORL,2024-11-06,Oklahoma City,Indianapolis,688.4,NE,1.0
0022400186,1610612753,ORL,2024-11-08,Indianapolis,Orlando,821.8,S,0.0
0022400204,1610612753,ORL,2024-11-10,Orlando,Orlando,0.0,,0.0
0022400003,1610612753,ORL,2024-11-12,Orlando,Orlando,0.0,,0.0
0022400217,1610612753,ORL,2024-11-13,Orlando,Orlando,0.0,,0.0
0022400010,1610612753,ORL,2024-11-15,Orlando,Orlando,0.0,,0.0
0022400249,1610612753,ORL,2024-11-18,Orlando,Phoenix,1842.0,W,-2.0
0022400259,1610612753,ORL,2024-11-20,Phoenix,Inglewood,362.1,W,-1.0
0022400263,1610612753,ORL,2024-11-21,Inglewood,Los Angeles,8.0,NE,0.0
0022400265,1610612753,ORL,2024-11-23,Los Angeles,Orlando,2198.6,E,3.0
0022400277,1610612753,ORL,2024-11-25,Orlando,Charlotte,463.1,N,0.0
0022400289,1610612753,ORL,2024-11-27,Charlotte,Orlando,463.1,S,0.0
0022400043,1610612753,ORL,2024-11-29,Orlando,Brooklyn,938.0,NE,0.0
0022400305,1610612753,ORL,2024-12-01,Brooklyn,Brooklyn,0.0,,0.0
0022400053,1610612753,ORL,2024-12-03,Brooklyn,New York,4.8,N,0.0
0022400322,1610612753,ORL,2024-12-04,New York,Philadelphia,85.4,SW,0.0
0022400333,1610612753,ORL,2024-12-06,Philadelphia,Philadelphia,0.0,,0.0
0022400352,1610612753,ORL,2024-12-08,Philadelphia,Orlando,860.9,SW,0.0
0022401201,1610612753,ORL,2024-12-10,Orlando,Milwaukee,1066.2,N,-1.0
0022401227,1610612753,ORL,2024-12-15,Milwaukee,Orlando,1066.2,S,1.0
0022400361,1610612753,ORL,2024-12-19,Orlando,Orlando,0.0,,0.0
0022400377,1610612753,ORL,2024-12-21,Orlando,Orlando,0.0,,0.0
0022400393,1610612753,ORL,2024-12-23,Orlando,Orlando,0.0,,0.0
0022400411,1610612753,ORL,2024-12-26,Orlando,Orlando,0.0,,0.0
0022400419,1610612753,ORL,2024-12-27,Orlando,Orlando,0.0,,0.0
0022400436,1610612753,ORL,2024-12-29,Orlando,Orlando,0.0,,0.0
0022400455,1610612753,ORL,2025-01-01,Orlando,Detroit,958.2,N,0.0
0022400470,1610612753,ORL,2025-01-03,Detroit,Toronto,206.4,NE,0.0
0022400490,1610612753,ORL,2025-01-05,Toronto,Orlando,1049.5,S,0.0
0022400496,1610612753,ORL,2025-01-06,Orlando,New York,941.6,NE,0.0
0022400519,1610612753,ORL,2025-01-09,New York,Orlando,941.6,SW,0.0
0022400526,1610612753,ORL,2025-01-10,Orlando,Orlando,0.0,,0.0
0022400544,1610612753,ORL,2025-01-12,Orlando,Orlando,0.0,,0.0
0022400564,1610612753,ORL,2025-01-15,Orlando,Milwaukee,1066.2,N,-1.0
0022400577,1610612753,ORL,2025-01-17,Milwaukee,Boston,855.6,E,1.0
0022400593,1610612753,ORL,2025-01-19,Boston,Orlando,1116.1,SW,0.0
0022400608,1610612753,ORL,2025-01-21,Orlando,Toronto,1049.5,N,0.0
0022400622,1610612753,ORL,2025-01-23,Toronto,Orlando,1049.5,S,0.0
0022400638,1610612753,ORL,2025-01-25,Orlando,Orlando,0.0,,0.0
0022400652,1610612753,ORL,2025-01-27,Orlando,Miami,204.3,S,0.0
0022400678,1610612753,ORL,2025-01-30,Miami,Portland,2704.4,NW,-3.0
0022400687,1610612753,ORL,2025-02-01,Portland,Salt Lake City,633.9,SE,1.0
0022400708,1610612753,ORL,2025-02-03,Salt Lake City,San Francisco,597.6,W,-1.0
0022400727,1610612753,ORL,2025-02-05,San Francisco,Sacramento,74.0,NE,0.0
0022400730,1610612753,ORL,2025-02-06,Sacramento,Denver,885.9,E,1.0
0022400743,1610612753,ORL,2025-02-08,Denver,Orlando,1550.1,SE,2.0
0022400756,1610612753,ORL,2025-02-10,Orlando,Orlando,0.0,,0.0
0022400770,1610612753,ORL,2025-02-12,Orlando,Orlando,0.0,,0.0
0022400790,1610612753,ORL,2025-02-20,Orlando,Atlanta,402.1,NW,0.0
0022400798,1610612753,ORL,2025-02-21,Atlanta,Orlando,402.1,SE,0.0
0022400815,1610612753,ORL,2025-02-23,Orlando,Orlando,0.0,,0.0
0022400830,1610612753,ORL,2025-02-25,Orlando,Orlando,0.0,,0.0
0022400845,1610612753,ORL,2025-02-27,Orlando,Orlando,0.0,,0.0
0022400870,1610612753,ORL,2025-03-02,Orlando,Orlando,0.0,,0.0
0022400883,1610612753,ORL,2025-03-04,Orlando,Orlando,0.0,,0.0
0022400944,1610612753,ORL,2025-03-06,Orlando,Orlando,0.0,,0.0
0022400917,1610612753,ORL,2025-03-08,Orlando,Milwaukee,1066.2,N,-1.0
0022400934,1610612753,ORL,2025-03-10,Milwaukee,Houston,1006.5,SW,0.0
0022401141,1610612753,ORL,2025-03-13,Houston,New Orleans,316.7,E,0.0
0022400963,1610612753,ORL,2025-03-14,New Orleans,Minneapolis,1053.0,N,0.0
0022400979,1610612753,ORL,2025-03-16,Minneapolis,Cleveland,630.2,E,1.0
0022400999,1610612753,ORL,2025-03-19,Cleveland,Orlando,895.4,S,0.0
0022401014,1610612753,ORL,2025-03-21,Orlando,Washington,758.1,N,0.0
0022401038,1610612753,ORL,2025-03-24,Washington,Orlando,758.1,S,0.0
0022401045,1610612753,ORL,2025-03-25,Orlando,Charlotte,463.1,N,0.0
0022401060,1610612753,ORL,2025-03-27,Charlotte,Orlando,463.1,S,0.0
0022401074,1610612753,ORL,2025-03-29,Orlando,Orlando,0.0,,0.0
0022401091,1610612753,ORL,2025-03-31,Orlando,Orlando,0.0,,0.0
0022400988,1610612753,ORL,2025-04-01,Orlando,San Antonio,1031.6,W,-1.0
0022401112,1610612753,ORL,2025-04-03,San Antonio,Washington,1383.4,NE,1.0
0022401149,1610612753,ORL,2025-04-08,Washington,Orlando,758.1,S,0.0
0022401156,1610612753,ORL,2025-04-09,Orlando,Orlando,0.0,,0.0
0022401172,1610612753,ORL,2025-04-11,Orlando,Indianapolis,821.8,N,0.0
0022401186,1610612753,ORL,2025-04-13,Indianapolis,Atlanta,426.3,S,0.0
0022400063,1610612754,IND,2024-10-23,Indianapolis,Detroit,240.4,NE,0.0
0022400081,1610612754,IND,2024-10-25,Detroit,New York,481.0,E,0.0
0022400097,1610612754,IND,2024-10-27,New York,Indianapolis,644.4,W,0.0
0022400102,1610612754,IND,2024-10-28,Indianapolis,Orlando,821.8,S,0.0
0022400119,1610612754,IND,2024-10-30,Orlando,Indianapolis,821.8,N,0.0
0022400138,1610612754,IND,2024-11-01,Indianapolis,New Orleans,713.6,S,-1.0
0022400165,1610612754,IND,2024-11-04,New Orleans,Dallas,442.7,NW,0.0
0022400170,1610612754,IND,2024-11-06,Dallas,Indianapolis,763.5,NE,1.0
0022400184,1610612754,IND,2024-11-08,Indianapolis,Charlotte,428.0,SE,0.0
0022400203,1610612754,IND,2024-11-10,Charlotte,Indianapolis,428.0,NW,0.0
0022400217,1610612754,IND,2024-11-13,Indianapolis,Orlando,821.8,S,0.0
0022400009,1610612754,IND,2024-11-15,Orlando,Indianapolis,821.8,N,0.0
0022400235,1610612754,IND,2024-11-17,Indianapolis,Indianapolis,0.0,,0.0
0022400247,1610612754,IND,2024-11-18,Indianapolis,Toronto,440.3,NE,0.0
0022400254,1610612754,IND,2024-11-20,Toronto,Houston,1301.3,SW,-1.0
0022400029,1610612754,IND,2024-11-22,Houston,Milwaukee,1006.5,N,0.0
0022400272,1610612754,IND,2024-11-24,Milwaukee,Indianapolis,244.4,SE,1.0
0022400279,1610612754,IND,2024-11-25,Indianapolis,Indianapolis,0.0,,0.0
0022400288,1610612754,IND,2024-11-27,Indianapolis,Indianapolis,0.0,,0.0
0022400045,1610612754,IND,2024-11-29,Indianapolis,Indianapolis,0.0,,0.0
0022400306,1610612754,IND,2024-12-01,Indianapolis,Memphis,384.3,SW,-1.0
0022400054,1610612754,IND,2024-12-03,Memphis,Toronto,817.2,NE,1.0
0022400320,1610612754,IND,2024-12-04,Toronto,Brooklyn,344.0,SE,0.0
0022400336,1610612754,IND,2024-12-06,Brooklyn,Chicago,715.3,W,-1.0
0022400349,1610612754,IND,2024-12-08,Chicago,Indianapolis,166.4,SE,1.0
0022401209,1610612754,IND,2024-12-13,Indianapolis,Philadelphia,582.5,E,0.0
0022401216,1610612754,IND,2024-12-15,Philadelphia,Indianapolis,582.5,W,0.0
0022400369,1610612754,IND,2024-12-19,Indianapolis,Phoenix,1496.2,W,-2.0
0022400389,1610612754,IND,2024-12-22,Phoenix,Sacramento,634.7,NW,-1.0
0022400403,1610612754,IND,2024-12-23,Sacramento,San Francisco,74.0,SW,0.0
0022400410,1610612754,IND,2024-12-26,San Francisco,Indianapolis,1943.5,E,3.0
0022400420,1610612754,IND,2024-12-27,Indianapolis,Boston,805.4,E,0.0
0022400437,1610612754,IND,2024-12-29,Boston,Boston,0.0,,0.0
0022400450,1610612754,IND,2024-12-31,Boston,Indianapolis,805.4,W,0.0
0022400463,1610612754,IND,2025-01-02,Indianapolis,Miami,1025.8,S,0.0
0022400480,1610612754,IND,2025-01-04,Miami,Indianapolis,1025.8,N,0.0
0022400495,1610612754,IND,2025-01-06,Indianapolis,Brooklyn,645.2,E,0.0
0022400510,1610612754,IND,2025-01-08,Brooklyn,Indianapolis,645.2,W,0.0
0022400525,1610612754,IND,2025-01-10,Indianapolis,Indianapolis,0.0,,0.0
0022400543,1610612754,IND,2025-01-12,Indianapolis,Cleveland,263.0,NE,0.0
0022400554,1610612754,IND,2025-01-14,Cleveland,Indianapolis,263.0,SW,0.0
0022400572,1610612754,IND,2025-01-16,Indianapolis,Detroit,240.4,NE,0.0
0022400588,1610612754,IND,2025-01-18,Detroit,Indianapolis,240.4,SW,0.0
0022400621,1610612754,IND,2025-01-23,Indianapolis,Indianapolis,0.0,,0.0
0022400633,1610612754,IND,2025-01-25,Indianapolis,San Antonio,997.1,SW,-1.0
0022400664,1610612754,IND,2025-01-29,San Antonio,Indianapolis,997.1,NE,1.0
0022400686,1610612754,IND,2025-02-01,Indianapolis,Indianapolis,0.0,,0.0
0022400707,1610612754,IND,2025-02-03,Indianapolis,Salt Lake City,1354.3,W,-2.0
0022400716,1610612754,IND,2025-02-04,Salt Lake City,Portland,633.9,NW,-1.0
0022400733,1610612754,IND,2025-02-06,Portland,Inglewood,832.5,S,0.0
0022400742,1610612754,IND,2025-02-08,Inglewood,Los Angeles,8.0,NE,0.0
0022400765,1610612754,IND,2025-02-11,Los Angeles,Indianapolis,1807.4,E,3.0
0022400771,1610612754,IND,2025-02-12,Indianapolis,Washington,491.6,E,0.0
0022400788,1610612754,IND,2025-02-20,Washington,Indianapolis,491.6,W,0.0
0022400813,1610612754,IND,2025-02-23,Indianapolis,Indianapolis,0.0,,0.0
0022400822,1610612754,IND,2025-02-24,Indianapolis,Indianapolis,0.0,,0.0
0022400837,1610612754,IND,2025-02-26,Indianapolis,Indianapolis,0.0,,0.0
0022400854,1610612754,IND,2025-02-28,Indianapolis,Miami,1025.8,S,0.0
0022400868,1610612754,IND,2025-03-02,Miami,Indianapolis,1025.8,N,0.0
0022400882,1610612754,IND,2025-03-04,Indianapolis,Indianapolis,0.0,,0.0
0022400899,1610612754,IND,2025-03-06,Indianapolis,Atlanta,426.3,S,0.0
0022400914,1610612754,IND,2025-03-08,Atlanta,Atlanta,0.0,,0.0
0022400933,1610612754,IND,2025-03-10,Atlanta,Chicago,589.0,N,-1.0
0022400942,1610612754,IND,2025-03-11,Chicago,Indianapolis,166.4,SE,1.0
0022400959,1610612754,IND,2025-03-14,Indianapolis,Philadelphia,582.5,E,0.0
0022400972,1610612754,IND,2025-03-15,Philadelphia,Milwaukee,693.8,W,-1.0
0022400986,1610612754,IND,2025-03-17,Milwaukee,Minneapolis,297.9,NW,0.0
0022400998,1610612754,IND,2025-03-19,Minneapolis,Indianapolis,511.4,SE,1.0
0022401011,1610612754,IND,2025-03-20,Indianapolis,Indianapolis,0.0,,0.0
0022401024,1610612754,IND,2025-03-22,Indianapolis,Indianapolis,0.0,,0.0
0022401037,1610612754,IND,2025-03-24,Indianapolis,Indianapolis,0.0,,0.0
0022401055,1610612754,IND,2025-03-26,Indianapolis,Indianapolis,0.0,,0.0
0022401061,1610612754,IND,2025-03-27,Indianapolis,Washington,491.6,E,0.0
0022401079,1610612754,IND,2025-03-29,Washington,Oklahoma City,1150.3,W,-1.0
0022401090,1610612754,IND,2025-03-31,Oklahoma City,Indianapolis,688.4,NE,1.0
0022401104,1610612754,IND,2025-04-02,Indianapolis,Indianapolis,0.0,,0.0
0022401119,1610612754,IND,2025-04-04,Indianapolis,Indianapolis,0.0,,0.0
0022401142,1610612754,IND,2025-04-06,Indianapolis,Denver,999.5,W,-2.0
0022401148,1610612754,IND,2025-04-08,Denver,Indianapolis,999.5,E,2.0
0022401168,1610612754,IND,2025-04-10,Indianapolis,Indianapolis,0.0,,0.0
0022401172,1610612754,IND,2025-04-11,Indianapolis,Indianapolis,0.0,,0.0
0022401189,1610612754,IND,2025-04-13,Indianapolis,Cleveland,263.0,NE,0.0
0022400066,1610612755,PHI,2024-10-23,Philadelphia,Philadelphia,0.0,,0.0
0022400078,1610612755,PHI,2024-10-25,Philadelphia,Toronto,337.3,NW,0.0
0022400097,1610612755,PHI,2024-10-27,Toronto,Indianapolis,440.3,SW,0.0
0022400120,1610612755,PHI,2024-10-30,Indianapolis,Philadelphia,582.5,E,0.0
0022400142,1610612755,PHI,2024-11-02,Philadelphia,Philadelphia,0.0,,0.0
0022400167,1610612755,PHI,2024-11-04,Philadelphia,Phoenix,2077.5,W,-2.0
0022400179,1610612755,PHI,2024-11-06,Phoenix,Inglewood,362.1,W,-1.0
0022400195,1610612755,PHI,2024-11-08,Inglewood,Los Angeles,8.0,NE,0.0
0022400205,1610612755,PHI,2024-11-10,Los Angeles,Philadelphia,2389.6,NE,3.0
0022400004,1610612755,PHI,2024-11-12,Philadelphia,Philadelphia,0.0,,0.0
0022400220,1610612755,PHI,2024-11-13,Philadelphia,Philadelphia,0.0,,0.0
0022400010,1610612755,PHI,2024-11-15,Philadelphia,Orlando,860.9,SW,0.0
0022400245,1610612755,PHI,2024-11-18,Orlando,Miami,204.3,S,0.0
0022400255,1610612755,PHI,2024-11-20,Miami,Memphis,872.5,NW,-1.0
0022400027,1610612755,PHI,2024-11-22,Memphis,Philadelphia,877.9,NE,1.0
0022400274,1610612755,PHI,2024-11-24,Philadelphia,Philadelphia,0.0,,0.0
0022400290,1610612755,PHI,2024-11-27,Philadelphia,Philadelphia,0.0,,0.0
0022400301,1610612755,PHI,2024-11-30,Philadelphia,Detroit,443.4,NW,0.0
0022400050,1610612755,PHI,2024-12-03,Detroit,Charlotte,505.9,S,0.0
0022400322,1610612755,PHI,2024-12-04,Charlotte,Philadelphia,447.8,NE,0.0
0022400333,1610612755,PHI,2024-12-06,Philadelphia,Philadelphia,0.0,,0.0
0022400347,1610612755,PHI,2024-12-08,Philadelphia,Chicago,666.5,W,-1.0
0022401209,1610612755,PHI,2024-12-13,Chicago,Philadelphia,666.5,E,1.0
0022401222,1610612755,PHI,2024-12-16,Philadelphia,Charlotte,447.8,SW,0.0
0022400373,1610612755,PHI,2024-12-20,Charlotte,Philadelphia,447.8,NE,0.0
0022400380,1610612755,PHI,2024-12-21,Philadelphia,Cleveland,358.6,W,0.0
0022400394,1610612755,PHI,2024-12-23,Cleveland,Philadelphia,358.6,E,0.0
0022400407,1610612755,PHI,2024-12-25,Philadelphia,Boston,273.4,NE,0.0
0022400433,1610612755,PHI,2024-12-28,Boston,Salt Lake City,2093.7,W,-2.0
0022400447,1610612755,PHI,2024-12-30,Salt Lake City,Portland,633.9,NW,-1.0
0022400462,1610612755,PHI,2025-01-01,Portland,Sacramento,484.0,S,0.0
0022400467,1610612755,PHI,2025-01-02,Sacramento,San Francisco,74.0,SW,0.0
0022400478,1610612755,PHI,2025-01-04,San Francisco,Brooklyn,2566.3,E,3.0
0022400494,1610612755,PHI,2025-01-06,Brooklyn,Philadelphia,83.0,SW,0.0
0022400512,1610612755,PHI,2025-01-08,Philadelphia,Philadelphia,0.0,,0.0
0022400527,1610612755,PHI,2025-01-10,Philadelphia,Philadelphia,0.0,,0.0
0022400544,1610612755,PHI,2025-01-12,Philadelphia,Orlando,860.9,SW,0.0
0022400555,1610612755,PHI,2025-01-14,Orlando,Philadelphia,860.9,NE,0.0
0022400561,1610612755,PHI,2025-01-15,Philadelphia,Philadelphia,0.0,,0.0
0022400588,1610612755,PHI,2025-01-18,Philadelphia,Indianapolis,582.5,W,0.0
0022400594,1610612755,PHI,2025-01-19,Indianapolis,Milwaukee,244.4,N,-1.0
0022400609,1610612755,PHI,2025-01-21,Milwaukee,Denver,912.8,W,-1.0
0022400631,1610612755,PHI,2025-01-24,Denver,Philadelphia,1575.8,E,2.0
0022400642,1610612755,PHI,2025-01-25,Philadelphia,Chicago,666.5,W,-1.0
0022400660,1610612755,PHI,2025-01-28,Chicago,Philadelphia,666.5,E,1.0
0022400669,1610612755,PHI,2025-01-29,Philadelphia,Philadelphia,0.0,,0.0
0022400681,1610612755,PHI,2025-01-31,Philadelphia,Philadelphia,0.0,,0.0
0022400698,1610612755,PHI,2025-02-02,Philadelphia,Philadelphia,0.0,,0.0
0022400712,1610612755,PHI,2025-02-04,Philadelphia,Philadelphia,0.0,,0.0
0022400721,1610612755,PHI,2025-02-05,Philadelphia,Philadelphia,0.0,,0.0
0022400738,1610612755,PHI,2025-02-07,Philadelphia,Detroit,443.4,NW,0.0
0022400754,1610612755,PHI,2025-02-09,Detroit,Milwaukee,251.6,W,-1.0
0022400764,1610612755,PHI,2025-02-11,Milwaukee,Philadelphia,693.8,E,1.0
0022400772,1610612755,PHI,2025-02-12,Philadelphia,Brooklyn,83.0,NE,0.0
0022400789,1610612755,PHI,2025-02-20,Brooklyn,Philadelphia,83.0,SW,0.0
0022400807,1610612755,PHI,2025-02-22,Philadelphia,Philadelphia,0.0,,0.0
0022400823,1610612755,PHI,2025-02-24,Philadelphia,Philadelphia,0.0,,0.0
0022400838,1610612755,PHI,2025-02-26,Philadelphia,New York,85.4,NE,0.0
0022400864,1610612755,PHI,2025-03-01,New York,Philadelphia,85.4,SW,0.0
0022400876,1610612755,PHI,2025-03-03,Philadelphia,Philadelphia,0.0,,0.0
0022400887,1610612755,PHI,2025-03-04,Philadelphia,Minneapolis,984.9,NW,-1.0
0022400900,1610612755,PHI,2025-03-06,Minneapolis,Boston,1121.1,E,1.0
0022400924,1610612755,PHI,2025-03-09,Boston,Philadelphia,273.4,SW,0.0
0022400928,1610612755,PHI,2025-03-10,Philadelphia,Atlanta,663.0,SW,0.0
0022400947,1610612755,PHI,2025-03-12,Atlanta,Toronto,734.3,N,0.0
0022400959,1610612755,PHI,2025-03-14,Toronto,Philadelphia,337.3,SE,0.0
0022400976,1610612755,PHI,2025-03-16,Philadelphia,Dallas,1296.4,W,-1.0
0022400985,1610612755,PHI,2025-03-17,Dallas,Houston,226.8,SE,0.0
0022401002,1610612755,PHI,2025-03-19,Houston,Oklahoma City,414.1,N,0.0
0022401018,1610612755,PHI,2025-03-21,Oklahoma City,San Antonio,420.5,S,0.0
0022401031,1610612755,PHI,2025-03-23,San Antonio,Atlanta,878.0,NE,1.0
0022401041,1610612755,PHI,2025-03-24,Atlanta,New Orleans,424.8,SW,-1.0
0022401053,1610612755,PHI,2025-03-26,New Orleans,Philadelphia,1086.5,NE,1.0
0022401076,1610612755,PHI,2025-03-29,Philadelphia,Philadelphia,0.0,,0.0
0022401087,1610612755,PHI,2025-03-30,Philadelphia,Philadelphia,0.0,,0.0
0022401098,1610612755,PHI,2025-04-01,Philadelphia,New York,85.4,NE,0.0
0022401115,1610612755,PHI,2025-04-03,New York,Philadelphia,85.4,SW,0.0
0022401130,1610612755,PHI,2025-04-05,Philadelphia,Philadelphia,0.0,,0.0
0022401145,1610612755,PHI,2025-04-07,Philadelphia,Miami,1017.6,S,0.0
0022401157,1610612755,PHI,2025-04-09,Miami,Washington,924.8,N,0.0
0022401173,1610612755,PHI,2025-04-11,Washington,Philadelphia,120.6,NE,0.0
0022401191,1610612755,PHI,2025-04-13,Philadelphia,Philadelphia,0.0,,0.0
0022400071,1610612756,PHX,2024-10-23,Phoenix,Inglewood,362.1,W,0.0
0022400085,1610612756,PHX,2024-10-25,Inglewood,Los Angeles,8.0,NE,0.0
0022400095,1610612756,PHX,2024-10-26,Los Angeles,Phoenix,358.3,E,0.0
0022400111,1610612756,PHX,2024-10-28,Phoenix,Phoenix,0.0,,0.0
0022400131,1610612756,PHX,2024-10-31,Phoenix,Inglewood,362.1,W,0.0
0022400149,1610612756,PHX,2024-11-02,Inglewood,Phoenix,362.1,E,0.0
0022400167,1610612756,PHX,2024-11-04,Phoenix,Phoenix,0.0,,0.0
0022400178,1610612756,PHX,2024-11-06,Phoenix,Phoenix,0.0,,0.0
0022400190,1610612756,PHX,2024-11-08,Phoenix,Dallas,883.5,E,1.0
0022400209,1610612756,PHX,2024-11-10,Dallas,Phoenix,883.5,W,-1.0
0022400006,1610612756,PHX,2024-11-12,Phoenix,Salt Lake City,506.0,N,0.0
0022400227,1610612756,PHX,2024-11-13,Salt Lake City,Sacramento,532.1,W,-1.0
0022400018,1610612756,PHX,2024-11-15,Sacramento,Oklahoma City,1336.6,E,2.0
0022400234,1610612756,PHX,2024-11-17,Oklahoma City,Minneapolis,694.2,N,0.0
0022400249,1610612756,PHX,2024-11-18,Minneapolis,Phoenix,1278.1,SW,-1.0
0022400257,1610612756,PHX,2024-11-20,Phoenix,Phoenix,0.0,,0.0
0022400039,1610612756,PHX,2024-11-26,Phoenix,Phoenix,0.0,,0.0
0022400297,1610612756,PHX,2024-11-27,Phoenix,Phoenix,0.0,,0.0
0022400303,1610612756,PHX,2024-11-30,Phoenix,Phoenix,0.0,,0.0
0022400057,1610612756,PHX,2024-12-03,Phoenix,Phoenix,0.0,,0.0
0022400330,1610612756,PHX,2024-12-05,Phoenix,New Orleans,1312.5,E,1.0
0022400346,1610612756,PHX,2024-12-07,New Orleans,Miami,669.1,SE,1.0
0022400352,1610612756,PHX,2024-12-08,Miami,Orlando,204.3,N,0.0
0022401214,1610612756,PHX,2024-12-13,Orlando,Salt Lake City,1916.0,NW,-2.0
0022401219,1610612756,PHX,2024-12-15,Salt Lake City,Phoenix,506.0,S,0.0
0022400369,1610612756,PHX,2024-12-19,Phoenix,Phoenix,0.0,,0.0
0022400387,1610612756,PHX,2024-12-21,Phoenix,Phoenix,0.0,,0.0
0022400402,1610612756,PHX,2024-12-23,Phoenix,Denver,585.4,NE,0.0
0022400409,1610612756,PHX,2024-12-25,Denver,Phoenix,585.4,SW,0.0
0022400425,1610612756,PHX,2024-12-27,Phoenix,Phoenix,0.0,,0.0
0022400431,1610612756,PHX,2024-12-28,Phoenix,San Francisco,651.4,NW,-1.0
0022400453,1610612756,PHX,2024-12-31,San Francisco,Phoenix,651.4,SE,1.0
0022400480,1610612756,PHX,2025-01-04,Phoenix,Indianapolis,1496.2,NE,2.0
0022400494,1610612756,PHX,2025-01-06,Indianapolis,Philadelphia,582.5,E,0.0
0022400502,1610612756,PHX,2025-01-07,Philadelphia,Charlotte,447.8,SW,0.0
0022400522,1610612756,PHX,2025-01-09,Charlotte,Phoenix,1778.9,W,-2.0
0022400533,1610612756,PHX,2025-01-11,Phoenix,Phoenix,0.0,,0.0
0022400547,1610612756,PHX,2025-01-12,Phoenix,Phoenix,0.0,,0.0
0022400556,1610612756,PHX,2025-01-14,Phoenix,Atlanta,1588.0,E,2.0
0022400573,1610612756,PHX,2025-01-16,Atlanta,Washington,542.5,NE,0.0
0022400586,1610612756,PHX,2025-01-18,Washington,Detroit,395.7,NW,0.0
0022400603,1610612756,PHX,2025-01-20,Detroit,Cleveland,91.3,SE,0.0
0022400613,1610612756,PHX,2025-01-22,Cleveland,Brooklyn,405.4,E,0.0
0022400645,1610612756,PHX,2025-01-25,Brooklyn,Phoenix,2141.3,W,-2.0
0022400659,1610612756,PHX,2025-01-27,Phoenix,Phoenix,0.0,,0.0
0022400672,1610612756,PHX,2025-01-29,Phoenix,Phoenix,0.0,,0.0
0022400685,1610612756,PHX,2025-01-31,Phoenix,San Francisco,651.4,NW,-1.0
0022400694,1610612756,PHX,2025-02-01,San Francisco,Portland,536.6,N,0.0
0022400709,1610612756,PHX,2025-02-03,Portland,Portland,0.0,,0.0
0022400724,1610612756,PHX,2025-02-05,Portland,Oklahoma City,1484.6,E,2.0
0022400740,1610612756,PHX,2025-02-07,Oklahoma City,Phoenix,840.1,W,-1.0
0022400749,1610612756,PHX,2025-02-08,Phoenix,Phoenix,0.0,,0.0
0022400767,1610612756,PHX,2025-02-11,Phoenix,Phoenix,0.0,,0.0
0022400779,1610612756,PHX,2025-02-12,Phoenix,Houston,1014.7,E,1.0
0022400795,1610612756,PHX,2025-02-20,Houston,San Antonio,186.1,W,0.0
0022400806,1610612756,PHX,2025-02-22,San Antonio,Chicago,1049.5,NE,0.0
0022400816,1610612756,PHX,2025-02-23,Chicago,Toronto,437.8,E,1.0
0022400832,1610612756,PHX,2025-02-25,Toronto,Memphis,817.2,SW,-1.0
0022400848,1610612756,PHX,2025-02-27,Memphis,Phoenix,1259.9,W,-1.0
0022400857,1610612756,PHX,2025-02-28,Phoenix,Phoenix,0.0,,0.0
0022400873,1610612756,PHX,2025-03-02,Phoenix,Phoenix,0.0,,0.0
0022400889,1610612756,PHX,2025-03-04,Phoenix,Phoenix,0.0,,0.0
0022400909,1610612756,PHX,2025-03-07,Phoenix,Denver,585.4,NE,0.0
0022400921,1610612756,PHX,2025-03-09,Denver,Dallas,662.5,SE,1.0
0022400935,1610612756,PHX,2025-03-10,Dallas,Memphis,419.8,NE,0.0
0022400949,1610612756,PHX,2025-03-12,Memphis,Houston,484.1,SW,0.0
0022400967,1610612756,PHX,2025-03-14,Houston,Phoenix,1014.7,W,-2.0
0022400977,1610612756,PHX,2025-03-16,Phoenix,Los Angeles,358.3,W,0.0
0022400991,1610612756,PHX,2025-03-17,Los Angeles,Phoenix,358.3,E,0.0
0022401007,1610612756,PHX,2025-03-19,Phoenix,Phoenix,0.0,,0.0
0022401021,1610612756,PHX,2025-03-21,Phoenix,Phoenix,0.0,,0.0
0022401043,1610612756,PHX,2025-03-24,Phoenix,Phoenix,0.0,,0.0
0022401058,1610612756,PHX,2025-03-26,Phoenix,Phoenix,0.0,,0.0
0022401071,1610612756,PHX,2025-03-28,Phoenix,Minneapolis,1278.1,NE,2.0
0022401088,1610612756,PHX,2025-03-30,Minneapolis,Phoenix,1278.1,SW,-2.0
0022401101,1610612756,PHX,2025-04-01,Phoenix,Milwaukee,1461.7,NE,2.0
0022401120,1610612756,PHX,2025-04-04,Milwaukee,Boston,855.6,E,1.0
0022401140,1610612756,PHX,2025-04-06,Boston,New York,188.2,SW,0.0
0022401154,1610612756,PHX,2025-04-08,New York,Phoenix,2140.5,W,-3.0
0022401164,1610612756,PHX,2025-04-09,Phoenix,Phoenix,0.0,,0.0
0022401182,1610612756,PHX,2025-04-11,Phoenix,Phoenix,0.0,,0.0
0022401200,1610612756,PHX,2025-04-13,Phoenix,Sacramento,634.7,NW,0.0
0022400072,1610612757,POR,2024-10-23,Portland,Portland,0.0,,0.0
0022400086,1610612757,POR,2024-10-25,Portland,Portland,0.0,,0.0
0022400099,1610612757,POR,2024-10-27,Portland,Portland,0.0,,0.0
0022400112,1610612757,POR,2024-10-28,Portland,Sacramento,484.0,S,0.0
0022400127,1610612757,POR,2024-10-30,Sacramento,Inglewood,365.3,SE,0.0
0022400140,1610612757,POR,2024-11-01,Inglewood,Portland,832.5,N,0.0
0022400149,1610612757,POR,2024-11-02,Portland,Phoenix,1006.3,SE,0.0
0022400164,1610612757,POR,2024-11-04,Phoenix,New Orleans,1312.5,E,1.0
0022400183,1610612757,POR,2024-11-07,New Orleans,San Antonio,502.7,W,0.0
0022400193,1610612757,POR,2024-11-08,San Antonio,Minneapolis,1110.9,N,0.0
0022400210,1610612757,POR,2024-11-10,Minneapolis,Portland,1422.0,W,-2.0
0022400008,1610612757,POR,2024-11-12,Portland,Portland,0.0,,0.0
0022400226,1610612757,POR,2024-11-13,Portland,Portland,0.0,,0.0
0022400239,1610612757,POR,2024-11-17,Portland,Portland,0.0,,0.0
0022400256,1610612757,POR,2024-11-20,Portland,Oklahoma City,1484.6,E,2.0
0022400031,1610612757,POR,2024-11-22,Oklahoma City,Houston,414.1,S,0.0
0022400267,1610612757,POR,2024-11-23,Houston,Houston,0.0,,0.0
0022400282,1610612757,POR,2024-11-25,Houston,Memphis,484.1,NE,0.0
0022400288,1610612757,POR,2024-11-27,Memphis,Indianapolis,384.3,NE,1.0
0022400049,1610612757,POR,2024-11-29,Indianapolis,Portland,1880.7,NW,-3.0
0022400312,1610612757,POR,2024-12-01,Portland,Portland,0.0,,0.0
0022400060,1610612757,POR,2024-12-03,Portland,Inglewood,832.5,S,0.0
0022400339,1610612757,POR,2024-12-06,Inglewood,Portland,832.5,N,0.0
0022400358,1610612757,POR,2024-12-08,Portland,Los Angeles,827.1,S,0.0
0022401215,1610612757,POR,2024-12-13,Los Angeles,Portland,827.1,N,0.0
0022401219,1610612757,POR,2024-12-15,Portland,Phoenix,1006.3,SE,1.0
0022400371,1610612757,POR,2024-12-19,Phoenix,Portland,1006.3,NW,-1.0
0022400386,1610612757,POR,2024-12-21,Portland,San Antonio,1720.8,SE,2.0
0022400401,1610612757,POR,2024-12-23,San Antonio,Dallas,251.5,N,0.0
0022400417,1610612757,POR,2024-12-26,Dallas,Portland,1630.0,NW,-2.0
0022400434,1610612757,POR,2024-12-28,Portland,Portland,0.0,,0.0
0022400447,1610612757,POR,2024-12-30,Portland,Portland,0.0,,0.0
0022400468,1610612757,POR,2025-01-02,Portland,Los Angeles,827.1,S,0.0
0022400483,1610612757,POR,2025-01-04,Los Angeles,Milwaukee,1742.4,NE,2.0
0022400493,1610612757,POR,2025-01-06,Milwaukee,Detroit,251.6,E,1.0
0022400514,1610612757,POR,2025-01-08,Detroit,New Orleans,940.9,SW,-1.0
0022400521,1610612757,POR,2025-01-09,New Orleans,Dallas,442.7,NW,0.0
0022400536,1610612757,POR,2025-01-11,Dallas,Portland,1630.0,NW,-2.0
0022400560,1610612757,POR,2025-01-14,Portland,Portland,0.0,,0.0
0022400575,1610612757,POR,2025-01-16,Portland,Portland,0.0,,0.0
0022400591,1610612757,POR,2025-01-18,Portland,Portland,0.0,,0.0
0022400597,1610612757,POR,2025-01-19,Portland,Portland,0.0,,0.0
0022400607,1610612757,POR,2025-01-21,Portland,Miami,2704.4,E,3.0
0022400622,1610612757,POR,2025-01-23,Miami,Orlando,204.3,N,0.0
0022400630,1610612757,POR,2025-01-24,Orlando,Charlotte,463.1,N,0.0
0022400647,1610612757,POR,2025-01-26,Charlotte,Portland,2284.8,NW,-3.0
0022400662,1610612757,POR,2025-01-28,Portland,Portland,0.0,,0.0
0022400678,1610612757,POR,2025-01-30,Portland,Portland,0.0,,0.0
0022400694,1610612757,POR,2025-02-01,Portland,Portland,0.0,,0.0
0022400709,1610612757,POR,2025-02-03,Portland,Portland,0.0,,0.0
0022400716,1610612757,POR,2025-02-04,Portland,Portland,0.0,,0.0
0022400732,1610612757,POR,2025-02-06,Portland,Portland,0.0,,0.0
0022400747,1610612757,POR,2025-02-08,Portland,Minneapolis,1422.0,E,2.0
0022400763,1610612757,POR,2025-02-10,Minneapolis,Denver,698.5,SW,-1.0
0022400780,1610612757,POR,2025-02-12,Denver,Denver,0.0,,0.0
0022400796,1610612757,POR,2025-02-20,Denver,Portland,979.7,NW,-1.0
0022400810,1610612757,POR,2025-02-22,Portland,Portland,0.0,,0.0
0022400827,1610612757,POR,2025-02-24,Portland,Salt Lake City,633.9,SE,1.0
0022400839,1610612757,POR,2025-02-26,Salt Lake City,Washington,1843.0,E,2.0
0022400853,1610612757,POR,2025-02-28,Washington,Brooklyn,203.3,NE,0.0
0022400867,1610612757,POR,2025-03-02,Brooklyn,Cleveland,405.4,W,0.0
0022400876,1610612757,POR,2025-03-03,Cleveland,Philadelphia,358.6,E,0.0
0022400891,1610612757,POR,2025-03-05,Philadelphia,Boston,273.4,NE,0.0
0022400908,1610612757,POR,2025-03-07,Boston,Oklahoma City,1492.8,W,-1.0
0022400926,1610612757,POR,2025-03-09,Oklahoma City,Portland,1484.6,NW,-2.0
0022400938,1610612757,POR,2025-03-10,Portland,San Francisco,536.6,S,0.0
0022400953,1610612757,POR,2025-03-12,San Francisco,Portland,536.6,N,0.0
0022400980,1610612757,POR,2025-03-16,Portland,Portland,0.0,,0.0
0022400995,1610612757,POR,2025-03-17,Portland,Portland,0.0,,0.0
0022401008,1610612757,POR,2025-03-19,Portland,Portland,0.0,,0.0
0022401022,1610612757,POR,2025-03-21,Portland,Portland,0.0,,0.0
0022401034,1610612757,POR,2025-03-23,Portland,Portland,0.0,,0.0
0022401051,1610612757,POR,2025-03-25,Portland,Portland,0.0,,0.0
0022401066,1610612757,POR,2025-03-27,Portland,Sacramento,484.0,S,0.0
0022401082,1610612757,POR,2025-03-30,Sacramento,New York,2500.2,E,3.0
0022401097,1610612757,POR,2025-04-01,New York,Atlanta,747.9,SW,0.0
0022401116,1610612757,POR,2025-04-03,Atlanta,Toronto,734.3,N,0.0
0022401122,1610612757,POR,2025-04-04,Toronto,Chicago,437.8,W,-1.0
0022401139,1610612757,POR,2025-04-06,Chicago,Portland,1751.7,W,-2.0
0022401162,1610612757,POR,2025-04-09,Portland,Salt Lake City,633.9,SE,1.0
0022401183,1610612757,POR,2025-04-11,Salt Lake City,Portland,633.9,NW,-1.0
0022401199,1610612757,POR,2025-04-13,Portland,Portland,0.0,,0.0
0022400076,1610612758,SAC,2024-10-24,Sacramento,Sacramento,0.0,,0.0
0022400096,1610612758,SAC,2024-10-26,Sacramento,Los Angeles,361.4,SE,0.0
0022400112,1610612758,SAC,2024-10-28,Los Angeles,Sacramento,361.4,NW,0.0
0022400115,1610612758,SAC,2024-10-29,Sacramento,Salt Lake City,532.1,E,1.0
0022400135,1610612758,SAC,2024-11-01,Salt Lake City,Atlanta,1580.5,E,2.0
0022400143,1610612758,SAC,2024-11-02,Atlanta,Toronto,734.3,N,0.0
0022400159,1610612758,SAC,2024-11-04,Toronto,Miami,1235.0,S,0.0
0022400180,1610612758,SAC,2024-11-06,Miami,Sacramento,2547.8,NW,-3.0
0022400196,1610612758,SAC,2024-11-08,Sacramento,Sacramento,0.0,,0.0
0022400209,1610612758,SAC,2024-11-10,Sacramento,Phoenix,634.7,SE,1.0
0022400216,1610612758,SAC,2024-11-11,Phoenix,San Antonio,849.5,E,1.0
0022400227,1610612758,SAC,2024-11-13,San Antonio,Sacramento,1459.0,NW,-2.0
0022400020,1610612758,SAC,2024-11-15,Sacramento,Sacramento,0.0,,0.0
0022400233,1610612758,SAC,2024-11-16,Sacramento,Sacramento,0.0,,0.0
0022400250,1610612758,SAC,2024-11-18,Sacramento,Sacramento,0.0,,0.0
0022400034,1610612758,SAC,2024-11-22,Sacramento,Inglewood,365.3,SE,0.0
0022400276,1610612758,SAC,2024-11-24,Inglewood,Sacramento,365.3,NW,0.0
0022400285,1610612758,SAC,2024-11-25,Sacramento,Sacramento,0.0,,0.0
0022400294,1610612758,SAC,2024-11-27,Sacramento,Minneapolis,1511.1,NE,2.0
0022400049,1610612758,SAC,2024-11-29,Minneapolis,Portland,1422.0,W,-2.0
0022400313,1610612758,SAC,2024-12-01,Portland,Sacramento,484.0,S,0.0
0022400059,1610612758,SAC,2024-12-03,Sacramento,Sacramento,0.0,,0.0
0022400329,1610612758,SAC,2024-12-05,Sacramento,Memphis,1746.2,E,2.0
0022400337,1610612758,SAC,2024-12-06,Memphis,San Antonio,628.6,SW,0.0
0022400357,1610612758,SAC,2024-12-08,San Antonio,Sacramento,1459.0,NW,-2.0
0022401207,1610612758,SAC,2024-12-12,Sacramento,New Orleans,1879.8,E,2.0
0022401225,1610612758,SAC,2024-12-16,New Orleans,Sacramento,1879.8,NW,-2.0
0022400372,1610612758,SAC,2024-12-19,Sacramento,Sacramento,0.0,,0.0
0022400376,1610612758,SAC,2024-12-21,Sacramento,Sacramento,0.0,,0.0
0022400389,1610612758,SAC,2024-12-22,Sacramento,Sacramento,0.0,,0.0
0022400418,1610612758,SAC,2024-12-26,Sacramento,Sacramento,0.0,,0.0
0022400435,1610612758,SAC,2024-12-28,Sacramento,Los Angeles,361.4,SE,0.0
0022400448,1610612758,SAC,2024-12-30,Los Angeles,Sacramento,361.4,NW,0.0
0022400462,1610612758,SAC,2025-01-01,Sacramento,Sacramento,0.0,,0.0
0022400476,1610612758,SAC,2025-01-03,Sacramento,Sacramento,0.0,,0.0
0022400492,1610612758,SAC,2025-01-05,Sacramento,San Francisco,74.0,SW,0.0
0022400501,1610612758,SAC,2025-01-06,San Francisco,Sacramento,74.0,NE,0.0
0022400528,1610612758,SAC,2025-01-10,Sacramento,Boston,2625.0,E,3.0
0022400541,1610612758,SAC,2025-01-12,Boston,Chicago,850.6,W,-1.0
0022400558,1610612758,SAC,2025-01-14,Chicago,Milwaukee,81.4,N,0.0
0022400576,1610612758,SAC,2025-01-16,Milwaukee,Sacramento,1770.9,W,-2.0
0022400598,1610612758,SAC,2025-01-19,Sacramento,Sacramento,0.0,,0.0
0022400619,1610612758,SAC,2025-01-22,Sacramento,Sacramento,0.0,,0.0
0022400626,1610612758,SAC,2025-01-23,Sacramento,Denver,885.9,E,1.0
0022400641,1610612758,SAC,2025-01-25,Denver,New York,1628.5,E,2.0
0022400651,1610612758,SAC,2025-01-27,New York,Brooklyn,4.8,S,0.0
0022400669,1610612758,SAC,2025-01-29,Brooklyn,Philadelphia,83.0,SW,0.0
0022400691,1610612758,SAC,2025-02-01,Philadelphia,Oklahoma City,1256.0,W,-1.0
0022400704,1610612758,SAC,2025-02-03,Oklahoma City,Minneapolis,694.2,N,0.0
0022400727,1610612758,SAC,2025-02-05,Minneapolis,Sacramento,1511.1,W,-2.0
0022400732,1610612758,SAC,2025-02-06,Sacramento,Portland,484.0,N,0.0
0022400750,1610612758,SAC,2025-02-08,Portland,Sacramento,484.0,S,0.0
0022400762,1610612758,SAC,2025-02-10,Sacramento,Dallas,1437.2,E,2.0
0022400777,1610612758,SAC,2025-02-12,Dallas,New Orleans,442.7,SE,0.0
0022400785,1610612758,SAC,2025-02-13,New Orleans,New Orleans,0.0,,0.0
0022400805,1610612758,SAC,2025-02-21,New Orleans,Sacramento,1879.8,NW,-2.0
0022400828,1610612758,SAC,2025-02-24,Sacramento,Sacramento,0.0,,0.0
0022400843,1610612758,SAC,2025-02-26,Sacramento,Salt Lake City,532.1,E,1.0
0022400862,1610612758,SAC,2025-03-01,Salt Lake City,Houston,1200.6,SE,1.0
0022400880,1610612758,SAC,2025-03-03,Houston,Dallas,226.8,N,0.0
0022400896,1610612758,SAC,2025-03-05,Dallas,Denver,662.5,NW,-1.0
0022400910,1610612758,SAC,2025-03-07,Denver,Sacramento,885.9,W,-1.0
0022400927,1610612758,SAC,2025-03-09,Sacramento,Inglewood,365.3,SE,0.0
0022400939,1610612758,SAC,2025-03-10,Inglewood,Sacramento,365.3,NW,0.0
0022400957,1610612758,SAC,2025-03-13,Sacramento,San Francisco,74.0,SW,0.0
0022400967,1610612758,SAC,2025-03-14,San Francisco,Phoenix,651.4,SE,0.0
0022400992,1610612758,SAC,2025-03-17,Phoenix,Sacramento,634.7,NW,0.0
0022401009,1610612758,SAC,2025-03-19,Sacramento,Sacramento,0.0,,0.0
0022401013,1610612758,SAC,2025-03-20,Sacramento,Sacramento,0.0,,0.0
0022401027,1610612758,SAC,2025-03-22,Sacramento,Sacramento,0.0,,0.0
0022401044,1610612758,SAC,2025-03-24,Sacramento,Sacramento,0.0,,0.0
0022401052,1610612758,SAC,2025-03-25,Sacramento,Sacramento,0.0,,0.0
0022401066,1610612758,SAC,2025-03-27,Sacramento,Sacramento,0.0,,0.0
0022401074,1610612758,SAC,2025-03-29,Sacramento,Orlando,2390.8,E,3.0
0022401090,1610612758,SAC,2025-03-31,Orlando,Indianapolis,821.8,N,0.0
0022401105,1610612758,SAC,2025-04-02,Indianapolis,Washington,491.6,E,0.0
0022401118,1610612758,SAC,2025-04-04,Washington,Charlotte,329.7,SW,0.0
0022401138,1610612758,SAC,2025-04-06,Charlotte,Cleveland,435.7,N,0.0
0022401144,1610612758,SAC,2025-04-07,Cleveland,Detroit,91.3,NW,0.0
0022401165,1610612758,SAC,2025-04-09,Detroit,Sacramento,2020.3,W,-3.0
0022401184,1610612758,SAC,2025-04-11,Sacramento,Sacramento,0.0,,0.0
0022401200,1610612758,SAC,2025-04-13,Sacramento,Sacramento,0.0,,0.0
0022400074,1610612759,SAS,2024-10-24,San Antonio,Dallas,251.5,N,0.0
0022400094,1610612759,SAS,2024-10-26,Dallas,San Antonio,251.5,SW,0.0
0022400109,1610612759,SAS,2024-10-28,San Antonio,San Antonio,0.0,,0.0
0022400125,1610612759,SAS,2024-10-30,San Antonio,Oklahoma City,420.5,N,0.0
0022400130,1610612759,SAS,2024-10-31,Oklahoma City,Salt Lake City,862.2,NW,-1.0
0022400146,1610612759,SAS,2024-11-02,Salt Lake City,San Antonio,1089.8,SE,1.0
0022400168,1610612759,SAS,2024-11-04,San Antonio,Inglewood,1209.0,W,-2.0
0022400173,1610612759,SAS,2024-11-06,Inglewood,Houston,1376.4,E,2.0
0022400183,1610612759,SAS,2024-11-07,Houston,San Antonio,186.1,W,0.0
0022400197,1610612759,SAS,2024-11-09,San Antonio,San Antonio,0.0,,0.0
0022400216,1610612759,SAS,2024-11-11,San Antonio,San Antonio,0.0,,0.0
0022400224,1610612759,SAS,2024-11-13,San Antonio,San Antonio,0.0,,0.0
0022400015,1610612759,SAS,2024-11-15,San Antonio,San Antonio,0.0,,0.0
0022400232,1610612759,SAS,2024-11-16,San Antonio,Dallas,251.5,N,0.0
0022400025,1610612759,SAS,2024-11-19,Dallas,San Antonio,251.5,SW,0.0
0022400262,1610612759,SAS,2024-11-21,San Antonio,San Antonio,0.0,,0.0
0022400269,1610612759,SAS,2024-11-23,San Antonio,San Antonio,0.0,,0.0
0022400038,1610612759,SAS,2024-11-26,San Antonio,Salt Lake City,1089.8,NW,-1.0
0022400296,1610612759,SAS,2024-11-27,Salt Lake City,San Antonio,1089.8,SE,1.0
0022400313,1610612759,SAS,2024-12-01,San Antonio,Sacramento,1459.0,NW,-2.0
0022400057,1610612759,SAS,2024-12-03,Sacramento,Phoenix,634.7,SE,1.0
0022400331,1610612759,SAS,2024-12-05,Phoenix,San Antonio,849.5,E,1.0
0022400337,1610612759,SAS,2024-12-06,San Antonio,San Antonio,0.0,,0.0
0022400354,1610612759,SAS,2024-12-08,San Antonio,San Antonio,0.0,,0.0
0022401215,1610612759,SAS,2024-12-13,San Antonio,Portland,1720.8,NW,-2.0
0022401218,1610612759,SAS,2024-12-15,Portland,San Antonio,1720.8,SE,2.0
0022400370,1610612759,SAS,2024-12-19,San Antonio,San Antonio,0.0,,0.0
0022400386,1610612759,SAS,2024-12-21,San Antonio,San Antonio,0.0,,0.0
0022400394,1610612759,SAS,2024-12-23,San Antonio,Philadelphia,1500.7,NE,1.0
0022400405,1610612759,SAS,2024-12-25,Philadelphia,New York,85.4,NE,0.0
0022400421,1610612759,SAS,2024-12-27,New York,Brooklyn,4.8,S,0.0
0022400441,1610612759,SAS,2024-12-29,Brooklyn,Minneapolis,1019.2,NW,-1.0
0022400451,1610612759,SAS,2024-12-31,Minneapolis,San Antonio,1110.9,S,0.0
0022400475,1610612759,SAS,2025-01-03,San Antonio,Denver,804.6,NW,-1.0
0022400484,1610612759,SAS,2025-01-04,Denver,San Antonio,804.6,SE,1.0
0022400498,1610612759,SAS,2025-01-06,San Antonio,Chicago,1049.5,NE,0.0
0022400516,1610612759,SAS,2025-01-08,Chicago,Milwaukee,81.4,N,0.0
0022400552,1610612759,SAS,2025-01-13,Milwaukee,Los Angeles,1742.4,W,-2.0
0022400567,1610612759,SAS,2025-01-15,Los Angeles,San Antonio,1205.9,E,2.0
0022400582,1610612759,SAS,2025-01-17,San Antonio,San Antonio,0.0,,0.0
0022400592,1610612759,SAS,2025-01-19,San Antonio,Miami,1144.2,E,1.0
0022400621,1610612759,SAS,2025-01-23,Miami,Indianapolis,1025.8,N,0.0
0022400633,1610612759,SAS,2025-01-25,Indianapolis,San Antonio,997.1,SW,-1.0
0022400671,1610612759,SAS,2025-01-29,San Antonio,San Antonio,0.0,,0.0
0022400684,1610612759,SAS,2025-01-31,San Antonio,San Antonio,0.0,,0.0
0022400693,1610612759,SAS,2025-02-01,San Antonio,San Antonio,0.0,,0.0
0022400703,1610612759,SAS,2025-02-03,San Antonio,Memphis,628.6,NE,0.0
0022400719,1610612759,SAS,2025-02-05,Memphis,Atlanta,335.9,E,1.0
0022400734,1610612759,SAS,2025-02-07,Atlanta,Charlotte,226.5,NE,0.0
0022400743,1610612759,SAS,2025-02-08,Charlotte,Orlando,463.1,S,0.0
0022400757,1610612759,SAS,2025-02-10,Orlando,Washington,758.1,N,0.0
0022400769,1610612759,SAS,2025-02-12,Washington,Boston,393.6,NE,0.0
0022400795,1610612759,SAS,2025-02-20,Boston,San Antonio,1762.3,W,-1.0
0022400802,1610612759,SAS,2025-02-21,San Antonio,San Antonio,0.0,,0.0
0022400818,1610612759,SAS,2025-02-23,San Antonio,New Orleans,502.7,E,0.0
0022400833,1610612759,SAS,2025-02-25,New Orleans,New Orleans,0.0,,0.0
0022400844,1610612759,SAS,2025-02-26,New Orleans,Houston,316.7,W,0.0
0022400863,1610612759,SAS,2025-03-01,Houston,Memphis,484.1,NE,0.0
0022400871,1610612759,SAS,2025-03-02,Memphis,San Antonio,628.6,SW,0.0
0022400888,1610612759,SAS,2025-03-04,San Antonio,San Antonio,0.0,,0.0
0022400910,1610612759,SAS,2025-03-07,San Antonio,Sacramento,1459.0,NW,-2.0
0022400925,1610612759,SAS,2025-03-09,Sacramento,Minneapolis,1511.1,NE,2.0
0022400937,1610612759,SAS,2025-03-10,Minneapolis,San Antonio,1110.9,S,0.0
0022400951,1610612759,SAS,2025-03-12,San Antonio,San Antonio,0.0,,0.0
0022400964,1610612759,SAS,2025-03-14,San Antonio,San Antonio,0.0,,0.0
0022400973,1610612759,SAS,2025-03-15,San Antonio,San Antonio,0.0,,0.0
0022400537,1610612759,SAS,2025-03-17,San Antonio,Los Angeles,1205.9,W,-2.0
0022401003,1610612759,SAS,2025-03-19,Los Angeles,San Antonio,1205.9,E,2.0
0022401018,1610612759,SAS,2025-03-21,San Antonio,San Antonio,0.0,,0.0
0022401033,1610612759,SAS,2025-03-23,San Antonio,Toronto,1437.2,NE,1.0
0022401046,1610612759,SAS,2025-03-25,Toronto,Detroit,206.4,SW,0.0
0022401059,1610612759,SAS,2025-03-27,Detroit,Cleveland,91.3,SE,0.0
0022401080,1610612759,SAS,2025-03-29,Cleveland,San Antonio,1254.4,SW,-1.0
0022401086,1610612759,SAS,2025-03-30,San Antonio,San Antonio,0.0,,0.0
0022400988,1610612759,SAS,2025-04-01,San Antonio,San Antonio,0.0,,0.0
0022401110,1610612759,SAS,2025-04-02,San Antonio,Denver,804.6,NW,-1.0
0022401124,1610612759,SAS,2025-04-04,Denver,San Antonio,804.6,SE,1.0
0022401139,1610612759,SAS,2025-04-06,San Antonio,Portland,1720.8,NW,-2.0
0022401155,1610612759,SAS,2025-04-08,Portland,Inglewood,832.5,S,0.0
0022401163,1610612759,SAS,2025-04-09,Inglewood,San Francisco,347.9,NW,0.0
0022401182,1610612759,SAS,2025-04-11,San Francisco,Phoenix,651.4,SE,0.0
0022401197,1610612759,SAS,2025-04-13,Phoenix,San Antonio,849.5,E,2.0
0022400075,1610612760,OKC,2024-10-24,Oklahoma City,Denver,505.5,NW,-1.0
0022400091,1610612760,OKC,2024-10-26,Denver,Chicago,916.7,E,1.0
0022400100,1610612760,OKC,2024-10-27,Chicago,Oklahoma City,690.9,SW,0.0
0022400125,1610612760,OKC,2024-10-30,Oklahoma City,Oklahoma City,0.0,,0.0
0022400140,1610612760,OKC,2024-11-01,Oklahoma City,Portland,1484.6,NW,-2.0
0022400150,1610612760,OKC,2024-11-02,Portland,Inglewood,832.5,S,0.0
0022400163,1610612760,OKC,2024-11-04,Inglewood,Oklahoma City,1185.4,E,2.0
0022400177,1610612760,OKC,2024-11-06,Oklahoma City,Denver,505.5,NW,-1.0
0022400192,1610612760,OKC,2024-11-08,Denver,Oklahoma City,505.5,SE,1.0
0022400207,1610612760,OKC,2024-11-10,Oklahoma City,Oklahoma City,0.0,,0.0
0022400215,1610612760,OKC,2024-11-11,Oklahoma City,Oklahoma City,0.0,,0.0
0022400221,1610612760,OKC,2024-11-13,Oklahoma City,Oklahoma City,0.0,,0.0
0022400018,1610612760,OKC,2024-11-15,Oklahoma City,Oklahoma City,0.0,,0.0
0022400242,1610612760,OKC,2024-11-17,Oklahoma City,Oklahoma City,0.0,,0.0
0022400025,1610612760,OKC,2024-11-19,Oklahoma City,San Antonio,420.5,S,0.0
0022400256,1610612760,OKC,2024-11-20,San Antonio,Oklahoma City,420.5,N,0.0
0022400285,1610612760,OKC,2024-11-25,Oklahoma City,Sacramento,1336.6,W,-2.0
0022400299,1610612760,OKC,2024-11-27,Sacramento,San Francisco,74.0,SW,0.0
0022400048,1610612760,OKC,2024-11-29,San Francisco,Los Angeles,345.5,SE,0.0
0022400310,1610612760,OKC,2024-12-01,Los Angeles,Houston,1372.8,E,2.0
0022400055,1610612760,OKC,2024-12-03,Houston,Oklahoma City,414.1,N,0.0
0022400328,1610612760,OKC,2024-12-05,Oklahoma City,Toronto,1115.8,NE,1.0
0022400342,1610612760,OKC,2024-12-07,Toronto,New Orleans,1114.1,SW,-1.0
0022401203,1610612760,OKC,2024-12-10,New Orleans,Oklahoma City,575.8,NW,0.0
0022401230,1610612760,OKC,2024-12-14,Oklahoma City,Oklahoma City,0.0,,0.0
0022400361,1610612760,OKC,2024-12-19,Oklahoma City,Orlando,1057.5,E,1.0
0022400375,1610612760,OKC,2024-12-20,Orlando,Miami,204.3,S,0.0
0022400400,1610612760,OKC,2024-12-23,Miami,Oklahoma City,1225.5,NW,-1.0
0022400410,1610612760,OKC,2024-12-26,Oklahoma City,Indianapolis,688.4,NE,1.0
0022400428,1610612760,OKC,2024-12-28,Indianapolis,Charlotte,428.0,SE,0.0
0022400440,1610612760,OKC,2024-12-29,Charlotte,Oklahoma City,938.9,W,-1.0
0022400452,1610612760,OKC,2024-12-31,Oklahoma City,Oklahoma City,0.0,,0.0
0022400466,1610612760,OKC,2025-01-02,Oklahoma City,Oklahoma City,0.0,,0.0
0022400473,1610612760,OKC,2025-01-03,Oklahoma City,Oklahoma City,0.0,,0.0
0022400487,1610612760,OKC,2025-01-05,Oklahoma City,Oklahoma City,0.0,,0.0
0022400509,1610612760,OKC,2025-01-08,Oklahoma City,Cleveland,950.2,NE,1.0
0022400529,1610612760,OKC,2025-01-10,Cleveland,New York,403.7,E,0.0
0022400545,1610612760,OKC,2025-01-12,New York,Washington,205.4,SW,0.0
0022400555,1610612760,OKC,2025-01-14,Washington,Philadelphia,120.6,NE,0.0
0022400574,1610612760,OKC,2025-01-16,Philadelphia,Oklahoma City,1256.0,W,-1.0
0022400583,1610612760,OKC,2025-01-17,Oklahoma City,Dallas,189.0,S,0.0
0022400595,1610612760,OKC,2025-01-19,Dallas,Oklahoma City,189.0,N,0.0
0022400618,1610612760,OKC,2025-01-22,Oklahoma City,Oklahoma City,0.0,,0.0
0022400625,1610612760,OKC,2025-01-23,Oklahoma City,Oklahoma City,0.0,,0.0
0022400647,1610612760,OKC,2025-01-26,Oklahoma City,Portland,1484.6,NW,-2.0
0022400673,1610612760,OKC,2025-01-29,Portland,San Francisco,536.6,S,0.0
0022400691,1610612760,OKC,2025-02-01,San Francisco,Oklahoma City,1384.4,E,2.0
0022400705,1610612760,OKC,2025-02-03,Oklahoma City,Oklahoma City,0.0,,0.0
0022400724,1610612760,OKC,2025-02-05,Oklahoma City,Oklahoma City,0.0,,0.0
0022400739,1610612760,OKC,2025-02-07,Oklahoma City,Oklahoma City,0.0,,0.0
0022400746,1610612760,OKC,2025-02-08,Oklahoma City,Memphis,421.4,E,0.0
0022400761,1610612760,OKC,2025-02-10,Memphis,Oklahoma City,421.4,W,0.0
0022400778,1610612760,OKC,2025-02-12,Oklahoma City,Oklahoma City,0.0,,0.0
0022400787,1610612760,OKC,2025-02-13,Oklahoma City,Minneapolis,694.2,N,0.0
0022400804,1610612760,OKC,2025-02-21,Minneapolis,Salt Lake City,984.4,W,-1.0
0022400820,1610612760,OKC,2025-02-23,Salt Lake City,Minneapolis,984.4,NE,1.0
0022400826,1610612760,OKC,2025-02-24,Minneapolis,Oklahoma City,694.2,S,0.0
0022400840,1610612760,OKC,2025-02-26,Oklahoma City,Brooklyn,1325.7,NE,1.0
0022400851,1610612760,OKC,2025-02-28,Brooklyn,Atlanta,745.8,SW,0.0
0022400871,1610612760,OKC,2025-03-02,Atlanta,San Antonio,878.0,W,-1.0
0022400879,1610612760,OKC,2025-03-03,San Antonio,Oklahoma City,420.5,N,0.0
0022400895,1610612760,OKC,2025-03-05,Oklahoma City,Memphis,421.4,E,0.0
0022400908,1610612760,OKC,2025-03-07,Memphis,Oklahoma City,421.4,W,0.0
0022400920,1610612760,OKC,2025-03-09,Oklahoma City,Oklahoma City,0.0,,0.0
0022400936,1610612760,OKC,2025-03-10,Oklahoma City,Oklahoma City,0.0,,0.0
0022400946,1610612760,OKC,2025-03-12,Oklahoma City,Boston,1492.8,NE,1.0
0022400969,1610612760,OKC,2025-03-15,Boston,Detroit,611.9,W,0.0
0022400982,1610612760,OKC,2025-03-16,Detroit,Milwaukee,251.6,W,-1.0
0022401002,1610612760,OKC,2025-03-19,Milwaukee,Oklahoma City,732.6,SW,0.0
0022401017,1610612760,OKC,2025-03-21,Oklahoma City,Oklahoma City,0.0,,0.0
0022401036,1610612760,OKC,2025-03-23,Oklahoma City,Inglewood,1185.4,W,-2.0
0022401052,1610612760,OKC,2025-03-25,Inglewood,Sacramento,365.3,NW,0.0
0022401064,1610612760,OKC,2025-03-27,Sacramento,Oklahoma City,1336.6,E,2.0
0022401079,1610612760,OKC,2025-03-29,Oklahoma City,Oklahoma City,0.0,,0.0
0022401094,1610612760,OKC,2025-03-31,Oklahoma City,Oklahoma City,0.0,,0.0
0022401108,1610612760,OKC,2025-04-02,Oklahoma City,Oklahoma City,0.0,,0.0
0022401123,1610612760,OKC,2025-04-04,Oklahoma City,Houston,414.1,S,0.0
0022401135,1610612760,OKC,2025-04-06,Houston,Oklahoma City,414.1,N,0.0
0022401153,1610612760,OKC,2025-04-08,Oklahoma City,Oklahoma City,0.0,,0.0
0022401164,1610612760,OKC,2025-04-09,Oklahoma City,Phoenix,840.1,W,-2.0
0022401181,1610612760,OKC,2025-04-11,Phoenix,Salt Lake City,506.0,N,1.0
0022401196,1610612760,OKC,2025-04-13,Salt Lake City,New Orleans,1432.8,SE,1.0
0022400067,1610612761,TOR,2024-10-23,Toronto,Toronto,0.0,,0.0
0022400078,1610612761,TOR,2024-10-25,Toronto,Toronto,0.0,,0.0
0022400093,1610612761,TOR,2024-10-26,Toronto,Minneapolis,692.4,W,-1.0
0022400107,1610612761,TOR,2024-10-28,Minneapolis,Toronto,692.4,E,1.0
0022400117,1610612761,TOR,2024-10-30,Toronto,Charlotte,586.8,S,0.0
0022400137,1610612761,TOR,2024-11-01,Charlotte,Toronto,586.8,N,0.0
0022400143,1610612761,TOR,2024-11-02,Toronto,Toronto,0.0,,0.0
0022400166,1610612761,TOR,2024-11-04,Toronto,Denver,1343.6,W,-2.0
0022400180,1610612761,TOR,2024-11-06,Denver,Sacramento,885.9,W,-1.0
0022400200,1610612761,TOR,2024-11-09,Sacramento,Inglewood,365.3,SE,0.0
0022400211,1610612761,TOR,2024-11-10,Inglewood,Los Angeles,8.0,NE,0.0
0022400005,1610612761,TOR,2024-11-12,Los Angeles,Milwaukee,1742.4,NE,2.0
0022400011,1610612761,TOR,2024-11-15,Milwaukee,Toronto,430.8,E,1.0
0022400230,1610612761,TOR,2024-11-16,Toronto,Boston,429.2,E,0.0
0022400247,1610612761,TOR,2024-11-18,Boston,Toronto,429.2,W,0.0
0022400261,1610612761,TOR,2024-11-21,Toronto,Toronto,0.0,,0.0
0022400275,1610612761,TOR,2024-11-24,Toronto,Cleveland,189.2,SW,0.0
0022400278,1610612761,TOR,2024-11-25,Cleveland,Detroit,91.3,NW,0.0
0022400295,1610612761,TOR,2024-11-27,Detroit,New Orleans,940.9,SW,-1.0
0022400046,1610612761,TOR,2024-11-29,New Orleans,Miami,669.1,SE,1.0
0022400309,1610612761,TOR,2024-12-01,Miami,Toronto,1235.0,N,0.0
0022400054,1610612761,TOR,2024-12-03,Toronto,Toronto,0.0,,0.0
0022400328,1610612761,TOR,2024-12-05,Toronto,Toronto,0.0,,0.0
0022400344,1610612761,TOR,2024-12-07,Toronto,Toronto,0.0,,0.0
0022400359,1610612761,TOR,2024-12-09,Toronto,Toronto,0.0,,0.0
0022401206,1610612761,TOR,2024-12-12,Toronto,Miami,1235.0,S,0.0
0022401223,1610612761,TOR,2024-12-16,Miami,Toronto,1235.0,N,0.0
0022400364,1610612761,TOR,2024-12-19,Toronto,Toronto,0.0,,0.0
0022400388,1610612761,TOR,2024-12-22,Toronto,Toronto,0.0,,0.0
0022400397,1610612761,TOR,2024-12-23,Toronto,New York,340.4,SE,0.0
0022400414,1610612761,TOR,2024-12-26,New York,Memphis,955.1,W,-1.0
0022400438,1610612761,TOR,2024-12-29,Memphis,Toronto,817.2,NE,1.0
0022400449,1610612761,TOR,2024-12-31,Toronto,Boston,429.2,E,0.0
0022400459,1610612761,TOR,2025-01-01,Boston,Toronto,429.2,W,0.0
0022400470,1610612761,TOR,2025-01-03,Toronto,Toronto,0.0,,0.0
0022400497,1610612761,TOR,2025-01-06,Toronto,Toronto,0.0,,0.0
0022400511,1610612761,TOR,2025-01-08,Toronto,New York,340.4,SE,0.0
0022400517,1610612761,TOR,2025-01-09,New York,Cleveland,403.7,W,0.0
0022400534,1610612761,TOR,2025-01-11,Cleveland,Detroit,91.3,NW,0.0
0022400550,1610612761,TOR,2025-01-13,Detroit,Toronto,206.4,NE,0.0
0022400562,1610612761,TOR,2025-01-15,Toronto,Toronto,0.0,,0.0
0022400580,1610612761,TOR,2025-01-17,Toronto,Milwaukee,430.8,W,-1.0
0022400608,1610612761,TOR,2025-01-21,Milwaukee,Toronto,430.8,E,1.0
0022400623,1610612761,TOR,2025-01-23,Toronto,Atlanta,734.3,SW,0.0
0022400639,1610612761,TOR,2025-01-25,Atlanta,Atlanta,0.0,,0.0
0022400654,1610612761,TOR,2025-01-27,Atlanta,Toronto,734.3,N,0.0
0022400665,1610612761,TOR,2025-01-29,Toronto,Washington,350.0,S,0.0
0022400682,1610612761,TOR,2025-01-31,Washington,Toronto,350.0,N,0.0
0022400697,1610612761,TOR,2025-02-02,Toronto,Toronto,0.0,,0.0
0022400713,1610612761,TOR,2025-02-04,Toronto,Toronto,0.0,,0.0
0022400722,1610612761,TOR,2025-02-05,Toronto,Toronto,0.0,,0.0
0022400739,1610612761,TOR,2025-02-07,Toronto,Oklahoma City,1115.8,SW,-1.0
0022400753,1610612761,TOR,2025-02-09,Oklahoma City,Houston,414.1,S,0.0
0022400764,1610612761,TOR,2025-02-11,Houston,Philadelphia,1338.0,NE,1.0
0022400774,1610612761,TOR,2025-02-12,Philadelphia,Toronto,337.3,NW,0.0
0022400800,1610612761,TOR,2025-02-21,Toronto,Toronto,0.0,,0.0
0022400816,1610612761,TOR,2025-02-23,Toronto,Toronto,0.0,,0.0
0022400829,1610612761,TOR,2025-02-25,Toronto,Toronto,0.0,,0.0
0022400837,1610612761,TOR,2025-02-26,Toronto,Indianapolis,440.3,SW,0.0
0022400855,1610612761,TOR,2025-02-28,Indianapolis,Chicago,166.4,NW,-1.0
0022400870,1610612761,TOR,2025-03-02,Chicago,Orlando,987.1,SE,1.0
0022400883,1610612761,TOR,2025-03-04,Orlando,Orlando,0.0,,0.0
0022400905,1610612761,TOR,2025-03-07,Orlando,Toronto,1049.5,N,0.0
0022400915,1610612761,TOR,2025-03-08,Toronto,Toronto,0.0,,0.0
0022400932,1610612761,TOR,2025-03-10,Toronto,Toronto,0.0,,0.0
0022400947,1610612761,TOR,2025-03-12,Toronto,Toronto,0.0,,0.0
0022400966,1610612761,TOR,2025-03-14,Toronto,Salt Lake City,1665.5,W,-2.0
0022400980,1610612761,TOR,2025-03-16,Salt Lake City,Portland,633.9,NW,-1.0
0022400991,1610612761,TOR,2025-03-17,Portland,Phoenix,1006.3,SE,0.0
0022401005,1610612761,TOR,2025-03-20,Phoenix,San Francisco,651.4,NW,0.0
0022401033,1610612761,TOR,2025-03-23,San Francisco,Toronto,2263.0,NE,3.0
0022401039,1610612761,TOR,2025-03-24,Toronto,Washington,350.0,S,0.0
0022401054,1610612761,TOR,2025-03-26,Washington,Brooklyn,203.3,NE,0.0
0022401069,1610612761,TOR,2025-03-28,Brooklyn,Toronto,344.0,NW,0.0
0022401087,1610612761,TOR,2025-03-30,Toronto,Philadelphia,337.3,SE,0.0
0022401099,1610612761,TOR,2025-04-01,Philadelphia,Chicago,666.5,W,-1.0
0022401116,1610612761,TOR,2025-04-03,Chicago,Toronto,437.8,E,1.0
0022401121,1610612761,TOR,2025-04-04,Toronto,Toronto,0.0,,0.0
0022401134,1610612761,TOR,2025-04-06,Toronto,Brooklyn,344.0,SE,0.0
0022401158,1610612761,TOR,2025-04-09,Brooklyn,Toronto,344.0,NW,0.0
0022401178,1610612761,TOR,2025-04-11,Toronto,Dallas,1203.1,SW,-1.0
0022401197,1610612761,TOR,2025-04-13,Dallas,San Antonio,251.5,SW,0.0
0022400070,1610612762,UTA,2024-10-23,Salt Lake City,Salt Lake City,0.0,,0.0
0022400084,1610612762,UTA,2024-10-25,Salt Lake City,Salt Lake City,0.0,,0.0
0022400110,1610612762,UTA,2024-10-28,Salt Lake City,Dallas,998.4,SE,1.0
0022400115,1610612762,UTA,2024-10-29,Dallas,Salt Lake City,998.4,NW,-1.0
0022400130,1610612762,UTA,2024-10-31,Salt Lake City,Salt Lake City,0.0,,0.0
0022400148,1610612762,UTA,2024-11-02,Salt Lake City,Denver,370.1,E,0.0
0022400160,1610612762,UTA,2024-11-04,Denver,Chicago,916.7,E,1.0
0022400182,1610612762,UTA,2024-11-07,Chicago,Milwaukee,81.4,N,0.0
0022400197,1610612762,UTA,2024-11-09,Milwaukee,San Antonio,1106.6,SW,0.0
0022400006,1610612762,UTA,2024-11-12,San Antonio,Salt Lake City,1089.8,NW,-1.0
0022400228,1610612762,UTA,2024-11-14,Salt Lake City,Salt Lake City,0.0,,0.0
0022400233,1610612762,UTA,2024-11-16,Salt Lake City,Sacramento,532.1,W,-1.0
0022400243,1610612762,UTA,2024-11-17,Sacramento,Inglewood,365.3,SE,0.0
0022400026,1610612762,UTA,2024-11-19,Inglewood,Los Angeles,8.0,NE,0.0
0022400262,1610612762,UTA,2024-11-21,Los Angeles,San Antonio,1205.9,E,2.0
0022400264,1610612762,UTA,2024-11-23,San Antonio,Salt Lake City,1089.8,NW,-1.0
0022400038,1610612762,UTA,2024-11-26,Salt Lake City,Salt Lake City,0.0,,0.0
0022400298,1610612762,UTA,2024-11-27,Salt Lake City,Salt Lake City,0.0,,0.0
0022400304,1610612762,UTA,2024-11-30,Salt Lake City,Salt Lake City,0.0,,0.0
0022400311,1610612762,UTA,2024-12-01,Salt Lake City,Salt Lake City,0.0,,0.0
0022400055,1610612762,UTA,2024-12-03,Salt Lake City,Oklahoma City,862.2,E,1.0
0022400339,1610612762,UTA,2024-12-06,Oklahoma City,Portland,1484.6,NW,-2.0
0022400357,1610612762,UTA,2024-12-08,Portland,Sacramento,484.0,S,0.0
0022401214,1610612762,UTA,2024-12-13,Sacramento,Salt Lake City,532.1,E,1.0
0022401226,1610612762,UTA,2024-12-16,Salt Lake City,Inglewood,589.0,SW,-1.0
0022400360,1610612762,UTA,2024-12-19,Inglewood,Detroit,1987.3,NE,3.0
0022400379,1610612762,UTA,2024-12-21,Detroit,Brooklyn,483.3,E,0.0
0022400392,1610612762,UTA,2024-12-23,Brooklyn,Cleveland,405.4,W,0.0
0022400417,1610612762,UTA,2024-12-26,Cleveland,Portland,2049.6,W,-3.0
0022400433,1610612762,UTA,2024-12-28,Portland,Salt Lake City,633.9,SE,1.0
0022400445,1610612762,UTA,2024-12-30,Salt Lake City,Salt Lake City,0.0,,0.0
0022400458,1610612762,UTA,2025-01-01,Salt Lake City,New York,1968.2,E,2.0
0022400481,1610612762,UTA,2025-01-04,New York,Miami,1093.6,S,0.0
0022400490,1610612762,UTA,2025-01-05,Miami,Orlando,204.3,N,0.0
0022400506,1610612762,UTA,2025-01-07,Orlando,Salt Lake City,1916.0,NW,-2.0
0022400523,1610612762,UTA,2025-01-09,Salt Lake City,Salt Lake City,0.0,,0.0
0022400533,1610612762,UTA,2025-01-11,Salt Lake City,Phoenix,506.0,S,0.0
0022400546,1610612762,UTA,2025-01-12,Phoenix,Salt Lake City,506.0,N,0.0
0022400569,1610612762,UTA,2025-01-15,Salt Lake City,Salt Lake City,0.0,,0.0
0022400581,1610612762,UTA,2025-01-17,Salt Lake City,New Orleans,1432.8,SE,1.0
0022400605,1610612762,UTA,2025-01-20,New Orleans,New Orleans,0.0,,0.0
0022400618,1610612762,UTA,2025-01-22,New Orleans,Oklahoma City,575.8,NW,0.0
0022400643,1610612762,UTA,2025-01-25,Oklahoma City,Memphis,421.4,E,0.0
0022400658,1610612762,UTA,2025-01-27,Memphis,Salt Lake City,1248.5,NW,-1.0
0022400661,1610612762,UTA,2025-01-28,Salt Lake City,San Francisco,597.6,W,-1.0
0022400677,1610612762,UTA,2025-01-30,San Francisco,Salt Lake City,597.6,NE,1.0
0022400687,1610612762,UTA,2025-02-01,Salt Lake City,Salt Lake City,0.0,,0.0
0022400707,1610612762,UTA,2025-02-03,Salt Lake City,Salt Lake City,0.0,,0.0
0022400725,1610612762,UTA,2025-02-05,Salt Lake City,Salt Lake City,0.0,,0.0
0022400740,1610612762,UTA,2025-02-07,Salt Lake City,Phoenix,506.0,S,0.0
0022400751,1610612762,UTA,2025-02-08,Phoenix,Inglewood,362.1,W,-1.0
0022400768,1610612762,UTA,2025-02-10,Inglewood,Los Angeles,8.0,NE,0.0
0022400781,1610612762,UTA,2025-02-12,Los Angeles,Salt Lake City,581.0,NE,1.0
0022401004,1610612762,UTA,2025-02-13,Salt Lake City,Salt Lake City,0.0,,0.0
0022400804,1610612762,UTA,2025-02-21,Salt Lake City,Salt Lake City,0.0,,0.0
0022400809,1610612762,UTA,2025-02-22,Salt Lake City,Salt Lake City,0.0,,0.0
0022400827,1610612762,UTA,2025-02-24,Salt Lake City,Salt Lake City,0.0,,0.0
0022400843,1610612762,UTA,2025-02-26,Salt Lake City,Salt Lake City,0.0,,0.0
0022400858,1610612762,UTA,2025-02-28,Salt Lake City,Salt Lake City,0.0,,0.0
0022400872,1610612762,UTA,2025-03-02,Salt Lake City,Salt Lake City,0.0,,0.0
0022400881,1610612762,UTA,2025-03-03,Salt Lake City,Salt Lake City,0.0,,0.0
0022400894,1610612762,UTA,2025-03-05,Salt Lake City,Washington,1843.0,E,2.0
0022400905,1610612762,UTA,2025-03-07,Washington,Toronto,350.0,N,0.0
0022400924,1610612762,UTA,2025-03-09,Toronto,Philadelphia,337.3,SE,0.0
0022400929,1610612762,UTA,2025-03-10,Philadelphia,Boston,273.4,NE,0.0
0022400950,1610612762,UTA,2025-03-12,Boston,Memphis,1135.1,W,-1.0
0022400966,1610612762,UTA,2025-03-14,Memphis,Salt Lake City,1248.5,NW,-1.0
0022400981,1610612762,UTA,2025-03-16,Salt Lake City,Minneapolis,984.4,NE,1.0
0022400989,1610612762,UTA,2025-03-17,Minneapolis,Salt Lake City,984.4,W,-1.0
0022400627,1610612762,UTA,2025-03-19,Salt Lake City,Salt Lake City,0.0,,0.0
0022401020,1610612762,UTA,2025-03-21,Salt Lake City,Salt Lake City,0.0,,0.0
0022401030,1610612762,UTA,2025-03-23,Salt Lake City,Salt Lake City,0.0,,0.0
0022401050,1610612762,UTA,2025-03-25,Salt Lake City,Salt Lake City,0.0,,0.0
0022401065,1610612762,UTA,2025-03-27,Salt Lake City,Salt Lake City,0.0,,0.0
0022401073,1610612762,UTA,2025-03-28,Salt Lake City,Denver,370.1,E,0.0
0022401089,1610612762,UTA,2025-03-31,Denver,Charlotte,1356.9,E,2.0
0022401107,1610612762,UTA,2025-04-02,Charlotte,Houston,925.8,W,-1.0
0022401119,1610612762,UTA,2025-04-04,Houston,Indianapolis,866.0,NE,1.0
0022401136,1610612762,UTA,2025-04-06,Indianapolis,Atlanta,426.3,S,0.0
0022401162,1610612762,UTA,2025-04-09,Atlanta,Salt Lake City,1580.5,NW,-2.0
0022401181,1610612762,UTA,2025-04-11,Salt Lake City,Salt Lake City,0.0,,0.0
0022401195,1610612762,UTA,2025-04-13,Salt Lake City,Minneapolis,984.4,NE,1.0
0022400070,1610612763,MEM,2024-10-23,Memphis,Salt Lake City,1248.5,NW,-1.0
0022400082,1610612763,MEM,2024-10-25,Salt Lake City,Houston,1200.6,SE,1.0
0022400092,1610612763,MEM,2024-10-26,Houston,Memphis,484.1,NE,0.0
0022400108,1610612763,MEM,2024-10-28,Memphis,Memphis,0.0,,0.0
0022400124,1610612763,MEM,2024-10-30,Memphis,Memphis,0.0,,0.0
0022400128,1610612763,MEM,2024-10-31,Memphis,Memphis,0.0,,0.0
0022400142,1610612763,MEM,2024-11-02,Memphis,Philadelphia,877.9,NE,1.0
0022400158,1610612763,MEM,2024-11-04,Philadelphia,Brooklyn,83.0,NE,0.0
0022400174,1610612763,MEM,2024-11-06,Brooklyn,Memphis,954.5,W,-1.0
0022400191,1610612763,MEM,2024-11-08,Memphis,Memphis,0.0,,0.0
0022400210,1610612763,MEM,2024-11-10,Memphis,Portland,1845.9,NW,-2.0
0022400225,1610612763,MEM,2024-11-13,Portland,Los Angeles,827.1,S,0.0
0022400019,1610612763,MEM,2024-11-15,Los Angeles,San Francisco,345.5,NW,0.0
0022400238,1610612763,MEM,2024-11-17,San Francisco,Memphis,1797.4,E,2.0
0022400023,1610612763,MEM,2024-11-19,Memphis,Memphis,0.0,,0.0
0022400255,1610612763,MEM,2024-11-20,Memphis,Memphis,0.0,,0.0
0022400266,1610612763,MEM,2024-11-23,Memphis,Chicago,483.2,N,0.0
0022400282,1610612763,MEM,2024-11-25,Chicago,Memphis,483.2,S,0.0
0022400293,1610612763,MEM,2024-11-27,Memphis,Memphis,0.0,,0.0
0022400042,1610612763,MEM,2024-11-29,Memphis,Memphis,0.0,,0.0
0022400306,1610612763,MEM,2024-12-01,Memphis,Memphis,0.0,,0.0
0022400056,1610612763,MEM,2024-12-03,Memphis,Dallas,419.8,W,0.0
0022400329,1610612763,MEM,2024-12-05,Dallas,Memphis,419.8,NE,0.0
0022400345,1610612763,MEM,2024-12-07,Memphis,Boston,1135.1,NE,1.0
0022400353,1610612763,MEM,2024-12-08,Boston,Washington,393.6,SW,0.0
0022401211,1610612763,MEM,2024-12-13,Washington,Memphis,763.5,W,-1.0
0022401220,1610612763,MEM,2024-12-15,Memphis,Los Angeles,1601.4,W,-2.0
0022400366,1610612763,MEM,2024-12-19,Los Angeles,Memphis,1601.4,E,2.0
0022400378,1610612763,MEM,2024-12-21,Memphis,Atlanta,335.9,E,1.0
0022400399,1610612763,MEM,2024-12-23,Atlanta,Memphis,335.9,W,-1.0
0022400414,1610612763,MEM,2024-12-26,Memphis,Memphis,0.0,,0.0
0022400423,1610612763,MEM,2024-12-27,Memphis,New Orleans,358.5,S,0.0
0022400440,1610612763,MEM,2024-12-29,New Orleans,Oklahoma City,575.8,NW,0.0
0022400453,1610612763,MEM,2024-12-31,Oklahoma City,Phoenix,840.1,W,-1.0
0022400476,1610612763,MEM,2025-01-03,Phoenix,Sacramento,634.7,NW,-1.0
0022400485,1610612763,MEM,2025-01-04,Sacramento,San Francisco,74.0,SW,0.0
0022400499,1610612763,MEM,2025-01-06,San Francisco,Memphis,1797.4,E,2.0
0022400520,1610612763,MEM,2025-01-09,Memphis,Memphis,0.0,,0.0
0022400535,1610612763,MEM,2025-01-11,Memphis,Minneapolis,700.9,N,0.0
0022400551,1610612763,MEM,2025-01-13,Minneapolis,Houston,1058.3,S,0.0
0022400567,1610612763,MEM,2025-01-15,Houston,San Antonio,186.1,W,0.0
0022400582,1610612763,MEM,2025-01-17,San Antonio,San Antonio,0.0,,0.0
0022400601,1610612763,MEM,2025-01-20,San Antonio,Memphis,628.6,NE,0.0
0022400616,1610612763,MEM,2025-01-22,Memphis,Memphis,0.0,,0.0
0022400632,1610612763,MEM,2025-01-24,Memphis,Memphis,0.0,,0.0
0022400643,1610612763,MEM,2025-01-25,Memphis,Memphis,0.0,,0.0
0022400653,1610612763,MEM,2025-01-27,Memphis,New York,955.1,NE,1.0
0022400676,1610612763,MEM,2025-01-30,New York,Memphis,955.1,W,-1.0
0022400699,1610612763,MEM,2025-02-02,Memphis,Milwaukee,558.1,N,0.0
0022400703,1610612763,MEM,2025-02-03,Milwaukee,Memphis,558.1,S,0.0
0022400722,1610612763,MEM,2025-02-05,Memphis,Toronto,817.2,NE,1.0
0022400746,1610612763,MEM,2025-02-08,Toronto,Memphis,817.2,SW,-1.0
0022400767,1610612763,MEM,2025-02-11,Memphis,Phoenix,1259.9,W,-1.0
0022400783,1610612763,MEM,2025-02-12,Phoenix,Inglewood,362.1,W,-1.0
0022400788,1610612763,MEM,2025-02-20,Inglewood,Indianapolis,1813.9,E,3.0
0022400798,1610612763,MEM,2025-02-21,Indianapolis,Orlando,821.8,S,0.0
0022400819,1610612763,MEM,2025-02-23,Orlando,Cleveland,895.4,N,0.0
0022400832,1610612763,MEM,2025-02-25,Cleveland,Memphis,630.7,SW,-1.0
0022400856,1610612763,MEM,2025-02-28,Memphis,Memphis,0.0,,0.0
0022400863,1610612763,MEM,2025-03-01,Memphis,Memphis,0.0,,0.0
0022400878,1610612763,MEM,2025-03-03,Memphis,Memphis,0.0,,0.0
0022400895,1610612763,MEM,2025-03-05,Memphis,Memphis,0.0,,0.0
0022400906,1610612763,MEM,2025-03-07,Memphis,Dallas,419.8,W,0.0
0022400923,1610612763,MEM,2025-03-09,Dallas,New Orleans,442.7,SE,0.0
0022400935,1610612763,MEM,2025-03-10,New Orleans,Memphis,358.5,N,0.0
0022400950,1610612763,MEM,2025-03-12,Memphis,Memphis,0.0,,0.0
0022400962,1610612763,MEM,2025-03-14,Memphis,Memphis,0.0,,0.0
0022400971,1610612763,MEM,2025-03-15,Memphis,Memphis,0.0,,0.0
0022400992,1610612763,MEM,2025-03-17,Memphis,Sacramento,1746.2,W,-2.0
0022401008,1610612763,MEM,2025-03-19,Sacramento,Portland,484.0,N,0.0
0022401023,1610612763,MEM,2025-03-21,Portland,Inglewood,832.5,S,0.0
0022401050,1610612763,MEM,2025-03-25,Inglewood,Salt Lake City,589.0,NE,1.0
0022401064,1610612763,MEM,2025-03-27,Salt Lake City,Oklahoma City,862.2,E,1.0
0022401078,1610612763,MEM,2025-03-29,Oklahoma City,Memphis,421.4,E,0.0
0022401093,1610612763,MEM,2025-03-31,Memphis,Memphis,0.0,,0.0
0022401100,1610612763,MEM,2025-04-01,Memphis,Memphis,0.0,,0.0
0022401114,1610612763,MEM,2025-04-03,Memphis,Miami,872.5,SE,1.0
0022401129,1610612763,MEM,2025-04-05,Miami,Detroit,1155.7,N,0.0
0022401146,1610612763,MEM,2025-04-08,Detroit,Charlotte,505.9,S,0.0
0022401170,1610612763,MEM,2025-04-10,Charlotte,Memphis,520.0,W,-1.0
0022401180,1610612763,MEM,2025-04-11,Memphis,Denver,878.8,NW,-1.0
0022401194,1610612763,MEM,2025-04-13,Denver,Memphis,878.8,E,1.0
0022400073,1610612764,WAS,2024-10-24,Washington,Washington,0.0,,0.0
0022400090,1610612764,WAS,2024-10-26,Washington,Washington,0.0,,0.0
0022400103,1610612764,WAS,2024-10-28,Washington,Atlanta,542.5,SW,0.0
0022400121,1610612764,WAS,2024-10-30,Atlanta,Washington,542.5,NE,0.0
0022400147,1610612764,WAS,2024-11-02,Washington,Washington,0.0,,0.0
0022400155,1610612764,WAS,2024-11-04,Washington,Washington,0.0,,0.0
0022400191,1610612764,WAS,2024-11-08,Washington,Memphis,763.5,W,-1.0
0022400204,1610612764,WAS,2024-11-10,Memphis,Orlando,682.6,SE,1.0
0022400213,1610612764,WAS,2024-11-11,Orlando,Houston,847.1,W,-1.0
0022400224,1610612764,WAS,2024-11-13,Houston,San Antonio,186.1,W,0.0
0022400012,1610612764,WAS,2024-11-15,San Antonio,Atlanta,878.0,NE,1.0
0022400237,1610612764,WAS,2024-11-17,Atlanta,Washington,542.5,NE,0.0
0022400246,1610612764,WAS,2024-11-18,Washington,New York,205.4,NE,0.0
0022400028,1610612764,WAS,2024-11-22,New York,Washington,205.4,SW,0.0
0022400272,1610612764,WAS,2024-11-24,Washington,Indianapolis,491.6,W,0.0
0022400035,1610612764,WAS,2024-11-26,Indianapolis,Washington,491.6,E,0.0
0022400291,1610612764,WAS,2024-11-27,Washington,Washington,0.0,,0.0
0022400302,1610612764,WAS,2024-11-30,Washington,Milwaukee,635.9,NW,-1.0
0022400051,1610612764,WAS,2024-12-03,Milwaukee,Cleveland,335.9,E,1.0
0022400326,1610612764,WAS,2024-12-05,Cleveland,Washington,304.7,SE,0.0
0022400341,1610612764,WAS,2024-12-07,Washington,Washington,0.0,,0.0
0022400353,1610612764,WAS,2024-12-08,Washington,Washington,0.0,,0.0
0022401208,1610612764,WAS,2024-12-13,Washington,Cleveland,304.7,NW,0.0
0022401217,1610612764,WAS,2024-12-15,Cleveland,Washington,304.7,SE,0.0
0022400362,1610612764,WAS,2024-12-19,Washington,Washington,0.0,,0.0
0022400382,1610612764,WAS,2024-12-21,Washington,Milwaukee,635.9,NW,-1.0
0022400400,1610612764,WAS,2024-12-23,Milwaukee,Oklahoma City,732.6,SW,0.0
0022400412,1610612764,WAS,2024-12-26,Oklahoma City,Washington,1150.3,E,1.0
0022400429,1610612764,WAS,2024-12-28,Washington,Washington,0.0,,0.0
0022400443,1610612764,WAS,2024-12-30,Washington,Washington,0.0,,0.0
0022400456,1610612764,WAS,2025-01-01,Washington,Washington,0.0,,0.0
0022400472,1610612764,WAS,2025-01-03,Washington,New Orleans,965.9,SW,-1.0
0022400489,1610612764,WAS,2025-01-05,New Orleans,Washington,965.9,NE,1.0
0022400503,1610612764,WAS,2025-01-07,Washington,Washington,0.0,,0.0
0022400512,1610612764,WAS,2025-01-08,Washington,Philadelphia,120.6,NE,0.0
0022400530,1610612764,WAS,2025-01-10,Philadelphia,Chicago,666.5,W,-1.0
0022400545,1610612764,WAS,2025-01-12,Chicago,Washington,596.8,E,1.0
0022400548,1610612764,WAS,2025-01-13,Washington,Washington,0.0,,0.0
0022400573,1610612764,WAS,2025-01-16,Washington,Washington,0.0,,0.0
0022400589,1610612764,WAS,2025-01-18,Washington,San Francisco,2434.3,W,-3.0
0022400598,1610612764,WAS,2025-01-19,San Francisco,Sacramento,74.0,NE,0.0
0022400610,1610612764,WAS,2025-01-21,Sacramento,Los Angeles,361.4,SE,0.0
0022400983,1610612764,WAS,2025-01-23,Los Angeles,Inglewood,8.0,SW,0.0
0022400645,1610612764,WAS,2025-01-25,Inglewood,Phoenix,362.1,E,1.0
0022400657,1610612764,WAS,2025-01-27,Phoenix,Dallas,883.5,E,1.0
0022400665,1610612764,WAS,2025-01-29,Dallas,Washington,1183.0,NE,1.0
0022400674,1610612764,WAS,2025-01-30,Washington,Washington,0.0,,0.0
0022400690,1610612764,WAS,2025-02-01,Washington,Minneapolis,932.8,NW,-1.0
0022400700,1610612764,WAS,2025-02-03,Minneapolis,Charlotte,939.3,SE,1.0
0022400720,1610612764,WAS,2025-02-05,Charlotte,Brooklyn,530.7,NE,0.0
0022400735,1610612764,WAS,2025-02-07,Brooklyn,Washington,203.3,SW,0.0
0022400744,1610612764,WAS,2025-02-08,Washington,Washington,0.0,,0.0
0022400757,1610612764,WAS,2025-02-10,Washington,Washington,0.0,,0.0
0022400771,1610612764,WAS,2025-02-12,Washington,Washington,0.0,,0.0
0022400799,1610612764,WAS,2025-02-21,Washington,Washington,0.0,,0.0
0022400815,1610612764,WAS,2025-02-23,Washington,Orlando,758.1,S,0.0
0022400824,1610612764,WAS,2025-02-24,Orlando,Washington,758.1,N,0.0
0022400839,1610612764,WAS,2025-02-26,Washington,Washington,0.0,,0.0
0022400860,1610612764,WAS,2025-03-01,Washington,Charlotte,329.7,SW,0.0
0022400877,1610612764,WAS,2025-03-03,Charlotte,Miami,653.7,S,0.0
0022400894,1610612764,WAS,2025-03-05,Miami,Washington,924.8,N,0.0
0022400915,1610612764,WAS,2025-03-08,Washington,Toronto,350.0,N,0.0
0022400932,1610612764,WAS,2025-03-10,Toronto,Toronto,0.0,,0.0
0022400941,1610612764,WAS,2025-03-11,Toronto,Detroit,206.4,SW,0.0
0022400954,1610612764,WAS,2025-03-13,Detroit,Detroit,0.0,,0.0
0022400975,1610612764,WAS,2025-03-15,Detroit,Denver,1154.6,W,-2.0
0022400995,1610612764,WAS,2025-03-17,Denver,Portland,979.7,NW,-1.0
0022400627,1610612764,WAS,2025-03-19,Portland,Salt Lake City,633.9,SE,1.0
0022401014,1610612764,WAS,2025-03-21,Salt Lake City,Washington,1843.0,E,2.0
0022401026,1610612764,WAS,2025-03-22,Washington,New York,205.4,NE,0.0
0022401039,1610612764,WAS,2025-03-24,New York,Washington,205.4,SW,0.0
0022401053,1610612764,WAS,2025-03-26,Washington,Philadelphia,120.6,NE,0.0
0022401061,1610612764,WAS,2025-03-27,Philadelphia,Washington,120.6,SW,0.0
0022401075,1610612764,WAS,2025-03-29,Washington,Washington,0.0,,0.0
0022401092,1610612764,WAS,2025-03-31,Washington,Washington,0.0,,0.0
0022401105,1610612764,WAS,2025-04-02,Washington,Washington,0.0,,0.0
0022401112,1610612764,WAS,2025-04-03,Washington,Washington,0.0,,0.0
0022401137,1610612764,WAS,2025-04-06,Washington,Boston,393.6,NE,0.0
0022401148,1610612764,WAS,2025-04-08,Boston,Indianapolis,805.4,W,0.0
0022401157,1610612764,WAS,2025-04-09,Indianapolis,Washington,491.6,E,0.0
0022401176,1610612764,WAS,2025-04-11,Washington,Chicago,596.8,NW,-1.0
0022401190,1610612764,WAS,2025-04-13,Chicago,Miami,1191.3,SE,1.0
0022400063,1610612765,DET,2024-10-23,Detroit,Detroit,0.0,,0.0
0022400080,1610612765,DET,2024-10-25,Detroit,Cleveland,91.3,SE,0.0
0022400089,1610612765,DET,2024-10-26,Cleveland,Detroit,91.3,NW,0.0
0022400105,1610612765,DET,2024-10-28,Detroit,Miami,1155.7,S,0.0
0022400120,1610612765,DET,2024-10-30,Miami,Philadelphia,1017.6,N,0.0
0022400134,1610612765,DET,2024-11-01,Philadelphia,Detroit,443.4,NW,0.0
0022400151,1610612765,DET,2024-11-03,Detroit,Brooklyn,483.3,E,0.0
0022400156,1610612765,DET,2024-11-04,Brooklyn,Detroit,483.3,W,0.0
0022400169,1610612765,DET,2024-11-06,Detroit,Charlotte,505.9,S,0.0
0022400185,1610612765,DET,2024-11-08,Charlotte,Detroit,505.9,N,0.0
0022400201,1610612765,DET,2024-11-10,Detroit,Detroit,0.0,,0.0
0022400002,1610612765,DET,2024-11-12,Detroit,Detroit,0.0,,0.0
0022400223,1610612765,DET,2024-11-13,Detroit,Milwaukee,251.6,W,-1.0
0022400011,1610612765,DET,2024-11-15,Milwaukee,Toronto,430.8,E,1.0
0022400237,1610612765,DET,2024-11-17,Toronto,Washington,350.0,S,0.0
0022400244,1610612765,DET,2024-11-18,Washington,Detroit,395.7,NW,0.0
0022400260,1610612765,DET,2024-11-21,Detroit,Charlotte,505.9,S,0.0
0022400265,1610612765,DET,2024-11-23,Charlotte,Orlando,463.1,S,0.0
0022400278,1610612765,DET,2024-11-25,Orlando,Detroit,958.2,N,0.0
0022400293,1610612765,DET,2024-11-27,Detroit,Memphis,623.9,SW,-1.0
0022400045,1610612765,DET,2024-11-29,Memphis,Indianapolis,384.3,NE,1.0
0022400301,1610612765,DET,2024-11-30,Indianapolis,Detroit,240.4,NE,0.0
0022400052,1610612765,DET,2024-12-03,Detroit,Detroit,0.0,,0.0
0022400319,1610612765,DET,2024-12-04,Detroit,Boston,611.9,E,0.0
0022400343,1610612765,DET,2024-12-07,Boston,New York,188.2,SW,0.0
0022401205,1610612765,DET,2024-12-12,New York,Boston,188.2,NE,0.0
0022401221,1610612765,DET,2024-12-16,Boston,Detroit,611.9,W,0.0
0022400360,1610612765,DET,2024-12-19,Detroit,Detroit,0.0,,0.0
0022400387,1610612765,DET,2024-12-21,Detroit,Phoenix,1687.1,W,-2.0
0022400404,1610612765,DET,2024-12-23,Phoenix,Los Angeles,358.3,W,-1.0
0022400418,1610612765,DET,2024-12-26,Los Angeles,Sacramento,361.4,NW,0.0
0022400432,1610612765,DET,2024-12-28,Sacramento,Denver,885.9,E,1.0
0022400455,1610612765,DET,2025-01-01,Denver,Detroit,1154.6,E,2.0
0022400469,1610612765,DET,2025-01-03,Detroit,Detroit,0.0,,0.0
0022400479,1610612765,DET,2025-01-04,Detroit,Detroit,0.0,,0.0
0022400493,1610612765,DET,2025-01-06,Detroit,Detroit,0.0,,0.0
0022400513,1610612765,DET,2025-01-08,Detroit,Brooklyn,483.3,E,0.0
0022400518,1610612765,DET,2025-01-09,Brooklyn,Detroit,483.3,W,0.0
0022400534,1610612765,DET,2025-01-11,Detroit,Detroit,0.0,,0.0
0022400549,1610612765,DET,2025-01-13,Detroit,New York,481.0,E,0.0
0022400572,1610612765,DET,2025-01-16,New York,Detroit,481.0,W,0.0
0022400586,1610612765,DET,2025-01-18,Detroit,Detroit,0.0,,0.0
0022400600,1610612765,DET,2025-01-20,Detroit,Houston,1106.3,SW,-1.0
0022400612,1610612765,DET,2025-01-22,Houston,Atlanta,700.7,NE,1.0
0022400638,1610612765,DET,2025-01-25,Atlanta,Orlando,402.1,SE,0.0
0022400649,1610612765,DET,2025-01-27,Orlando,Cleveland,895.4,N,0.0
0022400664,1610612765,DET,2025-01-29,Cleveland,Indianapolis,263.0,SW,0.0
0022400680,1610612765,DET,2025-01-31,Indianapolis,Detroit,240.4,NE,0.0
0022400695,1610612765,DET,2025-02-02,Detroit,Detroit,0.0,,0.0
0022400701,1610612765,DET,2025-02-03,Detroit,Detroit,0.0,,0.0
0022400718,1610612765,DET,2025-02-05,Detroit,Detroit,0.0,,0.0
0022400738,1610612765,DET,2025-02-07,Detroit,Detroit,0.0,,0.0
0022400752,1610612765,DET,2025-02-09,Detroit,Detroit,0.0,,0.0
0022400766,1610612765,DET,2025-02-11,Detroit,Chicago,238.9,W,-1.0
0022400775,1610612765,DET,2025-02-12,Chicago,Chicago,0.0,,0.0
0022400802,1610612765,DET,2025-02-21,Chicago,San Antonio,1049.5,SW,0.0
0022400814,1610612765,DET,2025-02-23,San Antonio,Atlanta,878.0,NE,1.0
0022400821,1610612765,DET,2025-02-24,Atlanta,Detroit,597.5,N,0.0
0022400836,1610612765,DET,2025-02-26,Detroit,Detroit,0.0,,0.0
0022400850,1610612765,DET,2025-02-28,Detroit,Detroit,0.0,,0.0
0022400861,1610612765,DET,2025-03-01,Detroit,Detroit,0.0,,0.0
0022400881,1610612765,DET,2025-03-03,Detroit,Salt Lake City,1488.3,W,-2.0
0022400898,1610612765,DET,2025-03-05,Salt Lake City,Inglewood,589.0,SW,-1.0
0022400919,1610612765,DET,2025-03-08,Inglewood,San Francisco,347.9,NW,0.0
0022400926,1610612765,DET,2025-03-09,San Francisco,Portland,536.6,N,0.0
0022400941,1610612765,DET,2025-03-11,Portland,Detroit,1963.0,E,3.0
0022400954,1610612765,DET,2025-03-13,Detroit,Detroit,0.0,,0.0
0022400969,1610612765,DET,2025-03-15,Detroit,Detroit,0.0,,0.0
0022400987,1610612765,DET,2025-03-17,Detroit,New Orleans,940.9,SW,-1.0
0022401000,1610612765,DET,2025-03-19,New Orleans,Miami,669.1,SE,1.0
0022401019,1610612765,DET,2025-03-21,Miami,Dallas,1110.8,NW,-1.0
0022401029,1610612765,DET,2025-03-23,Dallas,Detroit,999.2,NE,1.0
0022401046,1610612765,DET,2025-03-25,Detroit,Detroit,0.0,,0.0
0022401067,1610612765,DET,2025-03-28,Detroit,Detroit,0.0,,0.0
0022401084,1610612765,DET,2025-03-30,Detroit,Minneapolis,542.0,NW,-1.0
0022401108,1610612765,DET,2025-04-02,Minneapolis,Oklahoma City,694.2,S,0.0
0022401121,1610612765,DET,2025-04-04,Oklahoma City,Toronto,1115.8,NE,1.0
0022401129,1610612765,DET,2025-04-05,Toronto,Detroit,206.4,SW,0.0
0022401144,1610612765,DET,2025-04-07,Detroit,Detroit,0.0,,0.0
0022401167,1610612765,DET,2025-04-10,Detroit,Detroit,0.0,,0.0
0022401171,1610612765,DET,2025-04-11,Detroit,Detroit,0.0,,0.0
0022401192,1610612765,DET,2025-04-13,Detroit,Milwaukee,251.6,W,-1.0
0022400068,1610612766,CHA,2024-10-23,Charlotte,Houston,925.8,W,-1.0
0022400079,1610612766,CHA,2024-10-25,Houston,Atlanta,700.7,NE,1.0
0022400088,1610612766,CHA,2024-10-26,Atlanta,Charlotte,226.5,NE,0.0
0022400117,1610612766,CHA,2024-10-30,Charlotte,Charlotte,0.0,,0.0
0022400132,1610612766,CHA,2024-11-01,Charlotte,Charlotte,0.0,,0.0
0022400141,1610612766,CHA,2024-11-02,Charlotte,Charlotte,0.0,,0.0
0022400162,1610612766,CHA,2024-11-04,Charlotte,Minneapolis,939.3,NW,-1.0
0022400169,1610612766,CHA,2024-11-06,Minneapolis,Charlotte,939.3,SE,1.0
0022400184,1610612766,CHA,2024-11-08,Charlotte,Charlotte,0.0,,0.0
0022400205,1610612766,CHA,2024-11-10,Charlotte,Philadelphia,447.8,NE,0.0
0022400003,1610612766,CHA,2024-11-12,Philadelphia,Orlando,860.9,SW,0.0
0022400229,1610612766,CHA,2024-11-16,Orlando,Charlotte,463.1,N,0.0
0022400236,1610612766,CHA,2024-11-17,Charlotte,Cleveland,435.7,N,0.0
0022400022,1610612766,CHA,2024-11-19,Cleveland,Brooklyn,405.4,E,0.0
0022400260,1610612766,CHA,2024-11-21,Brooklyn,Charlotte,530.7,SW,0.0
0022400268,1610612766,CHA,2024-11-23,Charlotte,Milwaukee,659.6,NW,-1.0
0022400277,1610612766,CHA,2024-11-25,Milwaukee,Charlotte,659.6,SE,1.0
0022400286,1610612766,CHA,2024-11-27,Charlotte,Charlotte,0.0,,0.0
0022400040,1610612766,CHA,2024-11-29,Charlotte,Charlotte,0.0,,0.0
0022400300,1610612766,CHA,2024-11-30,Charlotte,Charlotte,0.0,,0.0
0022400050,1610612766,CHA,2024-12-03,Charlotte,Charlotte,0.0,,0.0
0022400327,1610612766,CHA,2024-12-05,Charlotte,New York,533.3,NE,0.0
0022400340,1610612766,CHA,2024-12-07,New York,Charlotte,533.3,SW,0.0
0022400349,1610612766,CHA,2024-12-08,Charlotte,Indianapolis,428.0,NW,0.0
0022401212,1610612766,CHA,2024-12-13,Indianapolis,Chicago,166.4,NW,-1.0
0022401222,1610612766,CHA,2024-12-16,Chicago,Charlotte,589.4,SE,1.0
0022400362,1610612766,CHA,2024-12-19,Charlotte,Washington,329.7,NE,0.0
0022400373,1610612766,CHA,2024-12-20,Washington,Philadelphia,120.6,NE,0.0
0022400391,1610612766,CHA,2024-12-23,Philadelphia,Charlotte,447.8,SW,0.0
0022400412,1610612766,CHA,2024-12-26,Charlotte,Washington,329.7,NE,0.0
0022400428,1610612766,CHA,2024-12-28,Washington,Charlotte,329.7,SW,0.0
0022400442,1610612766,CHA,2024-12-30,Charlotte,Charlotte,0.0,,0.0
0022400469,1610612766,CHA,2025-01-03,Charlotte,Detroit,505.9,N,0.0
0022400488,1610612766,CHA,2025-01-05,Detroit,Cleveland,91.3,SE,0.0
0022400502,1610612766,CHA,2025-01-07,Cleveland,Charlotte,435.7,S,0.0
0022400547,1610612766,CHA,2025-01-12,Charlotte,Phoenix,1778.9,W,-2.0
0022400569,1610612766,CHA,2025-01-15,Phoenix,Salt Lake City,506.0,N,0.0
0022400584,1610612766,CHA,2025-01-17,Salt Lake City,Chicago,1255.3,E,1.0
0022400599,1610612766,CHA,2025-01-20,Chicago,Charlotte,589.4,SE,1.0
0022400616,1610612766,CHA,2025-01-22,Charlotte,Memphis,520.0,W,-1.0
0022400630,1610612766,CHA,2025-01-24,Memphis,Charlotte,520.0,E,1.0
0022400637,1610612766,CHA,2025-01-25,Charlotte,Charlotte,0.0,,0.0
0022400648,1610612766,CHA,2025-01-27,Charlotte,Charlotte,0.0,,0.0
0022400663,1610612766,CHA,2025-01-29,Charlotte,Charlotte,0.0,,0.0
0022400679,1610612766,CHA,2025-01-31,Charlotte,Charlotte,0.0,,0.0
0022400688,1610612766,CHA,2025-02-01,Charlotte,Charlotte,0.0,,0.0
0022400700,1610612766,CHA,2025-02-03,Charlotte,Charlotte,0.0,,0.0
0022400717,1610612766,CHA,2025-02-05,Charlotte,Charlotte,0.0,,0.0
0022400734,1610612766,CHA,2025-02-07,Charlotte,Charlotte,0.0,,0.0
0022400752,1610612766,CHA,2025-02-09,Charlotte,Detroit,505.9,N,0.0
0022400758,1610612766,CHA,2025-02-10,Detroit,Brooklyn,483.3,E,0.0
0022400770,1610612766,CHA,2025-02-12,Brooklyn,Orlando,938.0,SW,0.0
0022400524,1610612766,CHA,2025-02-19,Orlando,Los Angeles,2198.6,W,-3.0
0022400794,1610612766,CHA,2025-02-20,Los Angeles,Denver,830.8,NE,1.0
0022400810,1610612766,CHA,2025-02-22,Denver,Portland,979.7,NW,-1.0
0022400828,1610612766,CHA,2025-02-24,Portland,Sacramento,484.0,S,0.0
0022400834,1610612766,CHA,2025-02-25,Sacramento,San Francisco,74.0,SW,0.0
0022400847,1610612766,CHA,2025-02-27,San Francisco,Dallas,1478.1,E,2.0
0022400860,1610612766,CHA,2025-03-01,Dallas,Charlotte,929.0,E,1.0
0022400875,1610612766,CHA,2025-03-03,Charlotte,Charlotte,0.0,,0.0
0022400892,1610612766,CHA,2025-03-05,Charlotte,Charlotte,0.0,,0.0
0022400904,1610612766,CHA,2025-03-07,Charlotte,Charlotte,0.0,,0.0
0022400912,1610612766,CHA,2025-03-08,Charlotte,Charlotte,0.0,,0.0
0022400931,1610612766,CHA,2025-03-10,Charlotte,Miami,653.7,S,0.0
0022400945,1610612766,CHA,2025-03-12,Miami,Atlanta,606.0,NW,0.0
0022400964,1610612766,CHA,2025-03-14,Atlanta,San Antonio,878.0,W,-1.0
0022400538,1610612766,CHA,2025-03-16,San Antonio,Inglewood,1209.0,W,-2.0
0022400993,1610612766,CHA,2025-03-18,Inglewood,Charlotte,2122.4,E,3.0
0022401010,1610612766,CHA,2025-03-20,Charlotte,Charlotte,0.0,,0.0
0022401017,1610612766,CHA,2025-03-21,Charlotte,Oklahoma City,938.9,W,-1.0
0022401032,1610612766,CHA,2025-03-23,Oklahoma City,Miami,1225.5,SE,1.0
0022401045,1610612766,CHA,2025-03-25,Miami,Charlotte,653.7,N,0.0
0022401069,1610612766,CHA,2025-03-28,Charlotte,Toronto,586.8,N,0.0
0022401085,1610612766,CHA,2025-03-30,Toronto,New Orleans,1114.1,SW,-1.0
0022401089,1610612766,CHA,2025-03-31,New Orleans,Charlotte,649.5,NE,1.0
0022401104,1610612766,CHA,2025-04-02,Charlotte,Indianapolis,428.0,NW,0.0
0022401118,1610612766,CHA,2025-04-04,Indianapolis,Charlotte,428.0,SE,0.0
0022401133,1610612766,CHA,2025-04-06,Charlotte,Charlotte,0.0,,0.0
0022401146,1610612766,CHA,2025-04-08,Charlotte,Charlotte,0.0,,0.0
0022401158,1610612766,CHA,2025-04-09,Charlotte,Toronto,586.8,N,0.0
0022401174,1610612766,CHA,2025-04-11,Toronto,Boston,429.2,E,0.0
0022401187,1610612766,CHA,2025-04-13,Boston,Boston,0.0,,0.0
