GAME_ID,GAME_DATE,TEAM_ID,TEAM_NAME,GP,W,L,W_PCT,MIN,E_OFF_RATING,OFF_RATING,E_DEF_RATING,DEF_RATING,E_NET_RATING,NET_RATING,AST_PCT,AST_TO,AST_RATIO,OREB_PCT,DREB_PCT,REB_PCT,TM_TOV_PCT,EFG_PCT,TS_PCT,E_PACE,PACE,PACE_PER40,POSS,PIE
0022300061,2023-10-24,1610612743,Denver Nuggets,1,1,0,1.0,48.0,119.9,125.3,109.4,111.5,10.5,13.8,0.604,2.42,21.2,0.289,0.654,0.485,0.126,0.604,0.618,98.5,95.5,79.58,95,0.579
0022300062,2023-10-24,1610612744,Golden State Warriors,1,0,1,0.0,48.0,97.8,102.0,103.4,106.9,-5.6,-5.0,0.528,1.73,13.1,0.358,0.604,0.467,0.108,0.406,0.459,105.4,101.5,84.58,102,0.436
0022300061,2023-10-24,1610612747,Los Angeles Lakers,1,0,1,0.0,48.0,109.4,111.5,119.9,125.3,-10.5,-13.8,0.561,1.92,16.8,0.346,0.711,0.515,0.125,0.511,0.541,98.5,95.5,79.58,96,0.421
0022300062,2023-10-24,1610612756,Phoenix Suns,1,1,0,1.0,48.0,103.4,106.9,97.8,102.0,5.6,5.0,0.548,1.21,15.9,0.396,0.642,0.533,0.188,0.5,0.527,105.4,101.5,84.58,101,0.564
0022300063,2023-10-25,1610612737,Atlanta Hawks,1,0,1,0.0,48.0,102.3,105.8,111.1,111.5,-8.8,-5.8,0.615,2.0,16.7,0.276,0.674,0.452,0.115,0.446,0.512,106.0,104.0,86.67,104,0.451
0022300065,2023-10-25,1610612738,Boston Celtics,1,1,0,1.0,48.0,114.4,112.5,101.5,107.2,12.8,5.3,0.486,1.38,14.9,0.171,0.636,0.458,0.135,0.558,0.611,98.4,96.5,80.42,96,0.592
0022300067,2023-10-25,1610612751,Brooklyn Nets,1,0,1,0.0,48.0,112.5,113.0,114.7,115.2,-2.2,-2.2,0.714,1.67,20.8,0.348,0.804,0.588,0.18,0.554,0.592,99.9,99.5,82.92,100,0.528
0022300063,2023-10-25,1610612766,Charlotte Hornets,1,1,0,1.0,48.0,111.1,111.5,102.3,105.8,8.8,5.8,0.791,1.79,22.4,0.326,0.724,0.548,0.183,0.564,0.595,106.0,104.0,86.67,104,0.549
0022300070,2023-10-25,1610612741,Chicago Bulls,1,0,1,0.0,48.0,102.0,105.1,122.9,124.0,-20.8,-18.9,0.667,2.0,18.4,0.304,0.789,0.5,0.131,0.479,0.51,101.4,99.5,82.92,99,0.411
0022300067,2023-10-25,1610612739,Cleveland Cavaliers,1,1,0,1.0,48.0,114.7,115.2,112.5,113.0,2.2,2.2,0.568,2.5,18.7,0.196,0.652,0.412,0.101,0.559,0.579,99.9,99.5,82.92,99,0.472
0022300073,2023-10-25,1610612742,Dallas Mavericks,1,1,0,1.0,48.0,116.5,117.8,109.5,111.2,7.0,6.5,0.511,2.0,16.6,0.283,0.745,0.5,0.112,0.551,0.577,108.4,107.0,89.17,107,0.493
0022300068,2023-10-25,1610612765,Detroit Pistons,1,0,1,0.0,48.0,103.4,106.3,109.1,108.4,-5.6,-2.2,0.683,1.65,19.3,0.375,0.702,0.54,0.177,0.505,0.517,96.5,95.5,79.58,96,0.493
0022300066,2023-10-25,1610612745,Houston Rockets,1,0,1,0.0,48.0,87.7,90.5,119.0,120.8,-31.3,-30.3,0.594,1.0,15.2,0.212,0.543,0.367,0.2,0.481,0.5,97.7,95.5,79.58,95,0.285
0022300064,2023-10-25,1610612754,Indiana Pacers,1,1,0,1.0,48.0,125.1,128.8,107.4,109.1,17.8,19.7,0.679,3.17,23.0,0.314,0.768,0.551,0.108,0.617,0.637,113.0,110.5,92.08,111,0.572
0022300074,2023-10-25,1610612746,LA Clippers,1,1,0,1.0,48.0,121.7,124.2,107.3,112.1,14.5,12.1,0.766,2.0,23.5,0.4,0.635,0.526,0.182,0.611,0.634,102.3,99.0,82.5,99,0.601
0022300071,2023-10-25,1610612763,Memphis Grizzlies,1,0,1,0.0,48.0,99.2,100.0,106.0,107.8,-6.8,-7.8,0.605,1.77,16.4,0.232,0.717,0.451,0.125,0.484,0.521,104.7,103.5,86.25,104,0.457
0022300068,2023-10-25,1610612748,Miami Heat,1,1,0,1.0,48.0,109.1,108.4,103.4,106.3,5.6,2.2,0.595,3.14,16.4,0.298,0.625,0.46,0.074,0.446,0.498,96.5,95.5,79.58,95,0.507
0022300069,2023-10-25,1610612750,Minnesota Timberwolves,1,0,1,0.0,48.0,87.3,93.1,94.1,96.0,-6.8,-3.0,0.588,1.43,13.7,0.368,0.793,0.563,0.139,0.38,0.429,105.4,101.0,84.17,101,0.477
0022300071,2023-10-25,1610612740,New Orleans Pelicans,1,1,0,1.0,48.0,106.0,107.8,99.2,100.0,6.8,7.8,0.55,1.05,15.9,0.283,0.768,0.549,0.204,0.553,0.586,104.7,103.5,86.25,103,0.543
0022300065,2023-10-25,1610612752,New York Knicks,1,0,1,0.0,48.0,101.5,107.2,114.4,112.5,-12.8,-5.3,0.667,2.18,16.6,0.364,0.829,0.542,0.113,0.464,0.48,98.4,96.5,80.42,97,0.408
0022300070,2023-10-25,1610612760,Oklahoma City Thunder,1,1,0,1.0,48.0,122.9,124.0,102.0,105.1,20.8,18.9,0.667,1.88,22.1,0.211,0.696,0.5,0.16,0.665,0.69,101.4,99.5,82.92,100,0.589
0022300066,2023-10-25,1610612753,Orlando Magic,1,1,0,1.0,48.0,119.0,120.8,87.7,90.5,31.3,30.3,0.452,1.19,14.3,0.457,0.788,0.633,0.167,0.534,0.589,97.7,95.5,79.58,96,0.715
0022300074,2023-10-25,1610612757,Portland Trail Blazers,1,0,1,0.0,48.0,107.3,112.1,121.7,124.2,-14.5,-12.1,0.455,1.11,14.5,0.365,0.6,0.474,0.182,0.527,0.552,102.3,99.0,82.5,99,0.399
0022300072,2023-10-25,1610612758,Sacramento Kings,1,1,0,1.0,48.0,120.6,123.8,111.1,108.6,9.5,15.2,0.617,2.42,19.3,0.281,0.686,0.472,0.114,0.554,0.587,105.2,105.0,87.5,105,0.535
0022300073,2023-10-25,1610612759,San Antonio Spurs,1,0,1,0.0,48.0,109.5,111.2,116.5,117.8,-7.0,-6.5,0.717,1.74,22.0,0.255,0.717,0.5,0.178,0.579,0.603,108.4,107.0,89.17,107,0.507
0022300069,2023-10-25,1610612761,Toronto Raptors,1,1,0,1.0,48.0,94.1,96.0,87.3,93.1,6.8,3.0,0.75,1.93,19.3,0.207,0.632,0.437,0.139,0.478,0.5,105.4,101.0,84.17,101,0.523
0022300072,2023-10-25,1610612762,Utah Jazz,1,0,1,0.0,48.0,111.1,108.6,120.6,123.8,-9.5,-15.2,0.537,1.57,15.4,0.314,0.719,0.528,0.133,0.5,0.545,105.2,105.0,87.5,105,0.465
0022300064,2023-10-25,1610612764,Washington Wizards,1,0,1,0.0,48.0,107.4,109.1,125.1,128.8,-17.8,-19.7,0.636,2.0,18.5,0.232,0.686,0.449,0.127,0.505,0.552,113.0,110.5,92.08,110,0.428
0022300076,2023-10-26,1610612747,Los Angeles Lakers,1,1,0,1.0,48.0,95.5,96.2,90.4,90.5,5.1,5.7,0.667,1.5,17.4,0.192,0.735,0.455,0.154,0.458,0.517,104.9,104.5,87.08,104,0.565
0022300075,2023-10-26,1610612749,Milwaukee Bucks,1,1,0,1.0,48.0,114.7,112.4,113.2,112.5,1.5,-0.1,0.488,1.43,14.9,0.2,0.905,0.54,0.133,0.574,0.609,103.1,104.5,87.08,105,0.505
0022300075,2023-10-26,1610612755,Philadelphia 76ers,1,0,1,0.0,48.0,113.2,112.5,114.7,112.4,-1.5,0.1,0.61,1.67,18.8,0.095,0.8,0.46,0.144,0.613,0.634,103.1,104.5,87.08,104,0.495
0022300076,2023-10-26,1610612756,Phoenix Suns,1,0,1,0.0,48.0,90.4,90.5,95.5,96.2,-5.1,-5.7,0.471,0.67,11.9,0.265,0.808,0.545,0.229,0.475,0.521,104.9,104.5,87.08,105,0.435
0022300079,2023-10-27,1610612737,Atlanta Hawks,1,0,1,0.0,48.0,114.1,111.1,118.5,118.9,-4.4,-7.8,0.667,2.0,19.2,0.255,0.706,0.49,0.13,0.552,0.599,105.8,107.0,89.17,108,0.495
0022300080,2023-10-27,1610612738,Boston Celtics,1,1,0,1.0,48.0,116.3,119.0,110.9,112.1,5.4,6.9,0.444,1.33,14.2,0.382,0.769,0.57,0.15,0.558,0.576,101.2,99.5,82.92,100,0.508
0022300084,2023-10-27,1610612751,Brooklyn Nets,1,0,1,0.0,48.0,117.2,117.6,119.8,123.8,-2.6,-6.1,0.667,1.88,20.7,0.277,0.76,0.526,0.157,0.603,0.622,103.4,101.5,84.58,102,0.493
0022300077,2023-10-27,1610612766,Charlotte Hornets,1,0,1,0.0,48.0,90.0,91.7,100.0,103.7,-10.0,-12.1,0.606,1.11,14.1,0.267,0.646,0.435,0.167,0.415,0.481,110.5,107.5,89.58,108,0.424
0022300082,2023-10-27,1610612741,Chicago Bulls,1,1,0,1.0,53.0,91.8,95.4,93.6,94.5,-1.9,0.9,0.486,1.06,12.3,0.299,0.796,0.509,0.156,0.414,0.467,101.1,98.72,82.26,109,0.483
0022300081,2023-10-27,1610612739,Cleveland Cavaliers,1,0,1,0.0,48.0,97.1,100.0,100.6,102.9,-3.5,-2.9,0.526,1.43,14.6,0.211,0.816,0.491,0.133,0.478,0.514,107.7,105.0,87.5,105,0.479
0022300084,2023-10-27,1610612742,Dallas Mavericks,1,1,0,1.0,48.0,119.8,123.8,117.2,117.6,2.6,6.1,0.455,2.22,15.0,0.24,0.723,0.474,0.089,0.566,0.605,103.4,101.5,84.58,101,0.507
0022300078,2023-10-27,1610612743,Denver Nuggets,1,1,0,1.0,48.0,99.2,104.9,101.4,101.0,-2.2,3.9,0.659,1.42,18.9,0.275,0.694,0.48,0.184,0.545,0.563,105.7,103.0,85.83,103,0.52
0022300077,2023-10-27,1610612765,Detroit Pistons,1,1,0,1.0,48.0,100.0,103.7,90.0,91.7,10.0,12.1,0.7,1.17,18.5,0.354,0.733,0.565,0.224,0.511,0.561,110.5,107.5,89.58,107,0.576
0022300087,2023-10-27,1610612744,Golden State Warriors,1,1,0,1.0,48.0,116.0,117.3,102.9,108.6,13.1,8.7,0.667,1.68,22.2,0.225,0.696,0.5,0.183,0.632,0.655,108.0,104.5,87.08,104,0.564
0022300083,2023-10-27,1610612745,Houston Rockets,1,0,1,0.0,53.0,105.4,109.9,112.2,113.5,-6.8,-3.6,0.577,1.67,19.1,0.333,0.717,0.523,0.162,0.56,0.561,103.3,100.53,83.77,111,0.447
0022300085,2023-10-27,1610612746,LA Clippers,1,0,1,0.0,48.0,118.8,118.0,116.9,120.0,1.9,-2.0,0.415,1.06,13.7,0.205,0.6,0.436,0.16,0.623,0.661,101.0,100.0,83.33,100,0.501
0022300078,2023-10-27,1610612763,Memphis Grizzlies,1,0,1,0.0,48.0,101.4,101.0,99.2,104.9,2.2,-3.9,0.595,1.05,15.8,0.306,0.725,0.52,0.204,0.5,0.55,105.7,103.0,85.83,103,0.48
0022300080,2023-10-27,1610612748,Miami Heat,1,0,1,0.0,48.0,110.9,112.1,116.3,119.0,-5.4,-6.9,0.632,2.0,17.9,0.231,0.618,0.43,0.121,0.517,0.56,101.2,99.5,82.92,99,0.492
0022300079,2023-10-27,1610612752,New York Knicks,1,1,0,1.0,48.0,118.5,118.9,114.1,111.1,4.4,7.8,0.698,1.88,19.9,0.294,0.745,0.51,0.151,0.589,0.616,105.8,107.0,89.17,106,0.505
0022300081,2023-10-27,1610612760,Oklahoma City Thunder,1,1,0,1.0,48.0,100.6,102.9,97.1,100.0,3.5,2.9,0.55,1.22,16.2,0.184,0.789,0.509,0.171,0.534,0.566,107.7,105.0,87.5,105,0.521
0022300086,2023-10-27,1610612753,Orlando Magic,1,1,0,1.0,48.0,105.1,106.3,98.7,101.0,6.3,5.2,0.611,1.57,16.8,0.271,0.648,0.471,0.146,0.513,0.548,97.7,96.0,80.0,96,0.599
0022300086,2023-10-27,1610612757,Portland Trail Blazers,1,0,1,0.0,48.0,98.7,101.0,105.1,106.3,-6.3,-5.2,0.429,0.94,11.6,0.352,0.729,0.529,0.167,0.449,0.499,97.7,96.0,80.0,96,0.401
0022300087,2023-10-27,1610612758,Sacramento Kings,1,0,1,0.0,48.0,102.9,108.6,116.0,117.3,-13.1,-8.7,0.585,1.71,16.7,0.304,0.775,0.5,0.133,0.5,0.534,108.0,104.5,87.08,105,0.436
0022300083,2023-10-27,1610612759,San Antonio Spurs,1,1,0,1.0,53.0,112.2,113.5,105.4,109.9,6.8,3.6,0.696,1.78,20.3,0.283,0.667,0.477,0.162,0.559,0.593,103.3,100.53,83.77,111,0.553
0022300082,2023-10-27,1610612761,Toronto Raptors,1,0,1,0.0,53.0,93.6,94.5,91.8,95.4,1.9,-0.9,0.641,1.09,17.4,0.204,0.701,0.491,0.211,0.518,0.542,101.1,98.72,82.26,109,0.517
0022300085,2023-10-27,1610612762,Utah Jazz,1,1,0,1.0,48.0,116.9,120.0,118.8,118.0,-1.9,2.0,0.643,1.93,18.2,0.4,0.795,0.564,0.14,0.521,0.568,101.0,100.0,83.33,100,0.499
0022300088,2023-10-28,1610612741,Chicago Bulls,1,0,1,0.0,48.0,107.3,109.7,121.9,126.9,-14.6,-17.2,0.41,2.0,13.0,0.25,0.581,0.394,0.086,0.478,0.51,95.9,93.0,77.5,93,0.378
0022300091,2023-10-28,1610612739,Cleveland Cavaliers,1,0,1,0.0,48.0,114.7,114.1,122.0,127.6,-7.3,-13.4,0.674,4.14,19.6,0.356,0.706,0.518,0.071,0.495,0.516,100.5,98.5,82.08,99,0.442
0022300088,2023-10-28,1610612765,Detroit Pistons,1,1,0,1.0,48.0,121.9,126.9,107.3,109.7,14.6,17.2,0.644,1.71,20.7,0.419,0.75,0.606,0.183,0.593,0.622,95.9,93.0,77.5,93,0.622
0022300091,2023-10-28,1610612754,Indiana Pacers,1,1,0,1.0,48.0,122.0,127.6,114.7,114.1,7.3,13.4,0.75,4.5,24.3,0.294,0.644,0.482,0.082,0.566,0.593,100.5,98.5,82.08,98,0.558
0022300089,2023-10-28,1610612763,Memphis Grizzlies,1,0,1,0.0,48.0,99.1,103.9,109.0,108.7,-9.9,-4.7,0.692,1.5,19.3,0.231,0.759,0.5,0.176,0.533,0.558,105.3,103.0,85.83,102,0.477
0022300093,2023-10-28,1610612748,Miami Heat,1,0,1,0.0,48.0,90.8,91.8,107.6,107.1,-16.8,-15.2,0.686,1.6,17.9,0.226,0.795,0.485,0.153,0.471,0.483,98.8,98.5,82.08,98,0.392
0022300093,2023-10-28,1610612750,Minnesota Timberwolves,1,1,0,1.0,48.0,107.6,107.1,90.8,91.8,16.8,15.2,0.682,1.88,21.7,0.205,0.774,0.515,0.162,0.581,0.592,98.8,98.5,82.08,99,0.608
0022300090,2023-10-28,1610612740,New Orleans Pelicans,1,1,0,1.0,48.0,93.2,95.0,86.2,87.0,7.0,8.0,0.5,1.54,15.6,0.154,0.678,0.432,0.129,0.511,0.51,102.0,100.5,83.75,101,0.528
0022300090,2023-10-28,1610612752,New York Knicks,1,0,1,0.0,48.0,86.2,87.0,93.2,95.0,-7.0,-8.0,0.576,1.0,13.9,0.322,0.846,0.568,0.19,0.406,0.444,102.0,100.5,83.75,100,0.472
0022300092,2023-10-28,1610612755,Philadelphia 76ers,1,1,0,1.0,48.0,117.2,121.3,112.2,116.3,5.0,5.0,0.581,2.27,18.7,0.333,0.66,0.505,0.117,0.558,0.598,96.3,93.0,77.5,94,0.554
0022300094,2023-10-28,1610612756,Phoenix Suns,1,1,0,1.0,48.0,124.4,124.8,102.8,104.0,21.6,20.8,0.689,2.82,21.8,0.244,0.673,0.484,0.109,0.588,0.647,101.2,100.5,83.75,101,0.615
0022300092,2023-10-28,1610612761,Toronto Raptors,1,0,1,0.0,48.0,112.2,116.3,117.2,121.3,-5.0,-5.0,0.737,2.15,20.4,0.34,0.667,0.495,0.141,0.534,0.561,96.3,93.0,77.5,92,0.446
0022300094,2023-10-28,1610612762,Utah Jazz,1,0,1,0.0,48.0,102.8,104.0,124.4,124.8,-21.6,-20.8,0.65,1.37,18.3,0.327,0.756,0.516,0.19,0.505,0.535,101.2,100.5,83.75,100,0.385
0022300089,2023-10-28,1610612764,Washington Wizards,1,1,0,1.0,48.0,109.0,108.7,99.1,103.9,9.9,4.7,0.625,2.08,17.6,0.241,0.769,0.5,0.115,0.516,0.55,105.3,103.0,85.83,104,0.523
0022300097,2023-10-29,1610612737,Atlanta Hawks,1,1,0,1.0,48.0,119.0,122.1,104.0,107.8,15.1,14.3,0.681,1.88,20.6,0.396,0.694,0.546,0.163,0.586,0.618,106.2,103.0,85.83,104,0.618
0022300095,2023-10-29,1610612743,Denver Nuggets,1,1,0,1.0,48.0,132.3,134.7,94.1,97.9,38.2,36.8,0.642,2.62,24.1,0.333,0.736,0.573,0.137,0.665,0.683,98.8,96.0,80.0,95,0.666
0022300096,2023-10-29,1610612744,Golden State Warriors,1,1,0,1.0,48.0,109.1,111.6,99.6,101.1,9.5,10.5,0.771,1.93,20.1,0.25,0.772,0.533,0.147,0.543,0.582,96.2,94.5,78.75,95,0.568
0022300096,2023-10-29,1610612745,Houston Rockets,1,0,1,0.0,48.0,99.6,101.1,109.1,111.6,-9.5,-10.5,0.647,3.14,17.2,0.228,0.75,0.467,0.074,0.428,0.483,96.2,94.5,78.75,94,0.432
0022300099,2023-10-29,1610612746,LA Clippers,1,1,0,1.0,48.0,114.7,119.4,78.3,79.8,36.4,39.6,0.489,1.44,16.4,0.304,0.792,0.566,0.155,0.604,0.614,106.6,103.5,86.25,103,0.719
0022300100,2023-10-29,1610612747,Los Angeles Lakers,1,0,1,0.0,53.0,108.6,111.4,111.3,116.8,-2.8,-5.4,0.628,2.25,17.3,0.259,0.817,0.542,0.105,0.515,0.562,106.7,102.79,85.66,114,0.492
0022300097,2023-10-29,1610612749,Milwaukee Bucks,1,0,1,0.0,48.0,104.0,107.8,119.0,122.1,-15.1,-14.3,0.564,0.96,15.8,0.306,0.604,0.454,0.225,0.547,0.58,106.2,103.0,85.83,102,0.382
0022300095,2023-10-29,1610612760,Oklahoma City Thunder,1,0,1,0.0,48.0,94.1,97.9,132.3,134.7,-38.2,-36.8,0.595,2.2,16.5,0.264,0.667,0.427,0.103,0.444,0.485,98.8,96.0,80.0,97,0.334
0022300098,2023-10-29,1610612755,Philadelphia 76ers,1,1,0,1.0,48.0,120.5,122.3,92.7,95.1,27.7,27.2,0.7,1.75,19.2,0.341,0.7,0.548,0.155,0.555,0.633,105.1,103.0,85.83,103,0.68
0022300098,2023-10-29,1610612757,Portland Trail Blazers,1,0,1,0.0,48.0,92.7,95.1,120.5,122.3,-27.7,-27.2,0.528,1.19,13.6,0.3,0.659,0.452,0.155,0.42,0.473,105.1,103.0,85.83,103,0.32
0022300100,2023-10-29,1610612758,Sacramento Kings,1,1,0,1.0,53.0,111.3,116.8,108.6,111.4,2.8,5.4,0.612,3.0,19.5,0.183,0.741,0.458,0.088,0.553,0.576,106.7,102.79,85.66,113,0.508
0022300099,2023-10-29,1610612759,San Antonio Spurs,1,0,1,0.0,48.0,78.3,79.8,114.7,119.4,-36.4,-39.6,0.7,0.84,15.4,0.208,0.696,0.434,0.24,0.444,0.477,106.6,103.5,86.25,104,0.281
0022300104,2023-10-30,1610612737,Atlanta Hawks,1,1,0,1.0,48.0,125.8,130.9,112.3,114.1,13.5,16.8,0.583,2.55,21.2,0.184,0.688,0.465,0.113,0.64,0.676,100.8,98.0,81.67,97,0.591
0022300103,2023-10-30,1610612738,Boston Celtics,1,1,0,1.0,48.0,116.6,121.2,104.5,102.9,12.1,18.3,0.608,1.72,20.0,0.385,0.745,0.563,0.173,0.593,0.6,105.3,104.0,86.67,104,0.557
0022300101,2023-10-30,1610612751,Brooklyn Nets,1,1,0,1.0,48.0,126.6,126.7,113.3,115.2,13.3,11.4,0.51,1.79,17.7,0.262,0.78,0.543,0.133,0.632,0.658,105.9,105.0,87.5,105,0.522
0022300101,2023-10-30,1610612766,Charlotte Hornets,1,0,1,0.0,48.0,113.3,115.2,126.6,126.7,-13.3,-11.4,0.702,3.3,22.4,0.22,0.738,0.457,0.095,0.531,0.577,105.9,105.0,87.5,105,0.478
0022300102,2023-10-30,1610612741,Chicago Bulls,1,1,0,1.0,48.0,108.1,108.7,100.0,101.9,8.1,6.8,0.475,1.46,14.1,0.265,0.717,0.5,0.126,0.494,0.556,104.3,103.0,85.83,103,0.538
0022300106,2023-10-30,1610612742,Dallas Mavericks,1,1,0,1.0,48.0,120.7,122.5,107.0,106.8,13.7,15.8,0.571,1.6,17.8,0.196,0.786,0.52,0.147,0.637,0.661,103.2,102.5,85.42,102,0.574
0022300110,2023-10-30,1610612743,Denver Nuggets,1,1,0,1.0,48.0,112.8,112.2,101.4,104.1,11.5,8.2,0.681,2.46,23.2,0.19,0.644,0.455,0.133,0.613,0.601,99.0,98.0,81.67,98,0.58
0022300109,2023-10-30,1610612765,Detroit Pistons,1,0,1,0.0,48.0,106.1,108.7,118.9,119.2,-12.8,-10.5,0.795,1.82,20.7,0.286,0.775,0.49,0.165,0.511,0.551,104.9,103.5,86.25,103,0.416
0022300108,2023-10-30,1610612744,Golden State Warriors,1,1,0,1.0,48.0,129.0,128.7,100.6,102.0,28.4,26.7,0.549,1.87,18.4,0.46,0.75,0.618,0.149,0.597,0.609,101.1,100.5,83.75,101,0.644
0022300102,2023-10-30,1610612754,Indiana Pacers,1,0,1,0.0,48.0,100.0,101.9,108.1,108.7,-8.1,-6.8,0.722,1.53,18.1,0.283,0.735,0.5,0.165,0.477,0.53,104.3,103.0,85.83,103,0.462
0022300111,2023-10-30,1610612747,Los Angeles Lakers,1,1,0,1.0,48.0,106.1,107.1,101.1,104.0,5.0,3.0,0.667,1.75,21.2,0.125,0.7,0.47,0.162,0.582,0.61,100.9,99.0,82.5,99,0.564
0022300106,2023-10-30,1610612763,Memphis Grizzlies,1,0,1,0.0,48.0,107.0,106.8,120.7,122.5,-13.7,-15.8,0.524,1.83,16.2,0.214,0.804,0.48,0.117,0.533,0.546,103.2,102.5,85.42,103,0.426
0022300107,2023-10-30,1610612748,Miami Heat,1,0,1,0.0,48.0,110.9,108.6,114.9,116.2,-4.0,-7.6,0.659,1.8,19.1,0.2,0.739,0.473,0.143,0.552,0.601,104.5,105.0,87.5,105,0.496
0022300107,2023-10-30,1610612749,Milwaukee Bucks,1,1,0,1.0,48.0,114.9,116.2,110.9,108.6,4.0,7.6,0.545,1.6,17.0,0.261,0.8,0.527,0.143,0.575,0.609,104.5,105.0,87.5,105,0.504
0022300104,2023-10-30,1610612750,Minnesota Timberwolves,1,0,1,0.0,48.0,112.3,114.1,125.8,130.9,-13.5,-16.8,0.545,1.71,17.5,0.313,0.816,0.535,0.141,0.578,0.585,100.8,98.0,81.67,99,0.409
0022300108,2023-10-30,1610612740,New Orleans Pelicans,1,0,1,0.0,48.0,100.6,102.0,129.0,128.7,-28.4,-26.7,0.605,2.09,16.8,0.25,0.54,0.382,0.11,0.462,0.488,101.1,100.5,83.75,100,0.356
0022300109,2023-10-30,1610612760,Oklahoma City Thunder,1,1,0,1.0,48.0,118.9,119.2,106.1,108.7,12.8,10.5,0.477,1.4,15.7,0.225,0.714,0.51,0.144,0.608,0.65,104.9,103.5,86.25,104,0.584
0022300111,2023-10-30,1610612753,Orlando Magic,1,0,1,0.0,48.0,101.1,104.0,106.1,107.1,-5.0,-3.0,0.737,2.55,19.3,0.3,0.875,0.53,0.111,0.474,0.5,100.9,99.0,82.5,99,0.436
0022300105,2023-10-30,1610612757,Portland Trail Blazers,1,1,0,1.0,48.0,104.7,106.5,92.3,97.8,12.4,8.6,0.526,1.25,15.5,0.327,0.667,0.514,0.172,0.512,0.54,96.6,93.0,77.5,93,0.547
0022300105,2023-10-30,1610612761,Toronto Raptors,1,0,1,0.0,48.0,92.3,97.8,104.7,106.5,-12.4,-8.6,0.5,1.58,14.4,0.333,0.673,0.486,0.129,0.426,0.452,96.6,93.0,77.5,93,0.453
0022300110,2023-10-30,1610612762,Utah Jazz,1,0,1,0.0,48.0,101.4,104.1,112.8,112.2,-11.5,-8.2,0.714,2.31,20.1,0.356,0.81,0.545,0.133,0.485,0.488,99.0,98.0,81.67,98,0.42
0022300103,2023-10-30,1610612764,Washington Wizards,1,0,1,0.0,48.0,104.5,102.9,116.6,121.2,-12.1,-18.3,0.667,1.73,18.2,0.255,0.615,0.437,0.144,0.511,0.543,105.3,104.0,86.67,104,0.443
0022300112,2023-10-31,1610612739,Cleveland Cavaliers,1,0,1,0.0,48.0,92.6,94.8,110.1,112.4,-17.5,-17.6,0.528,1.27,14.5,0.293,0.66,0.463,0.156,0.446,0.468,98.6,96.5,80.42,96,0.408
0022300114,2023-10-31,1610612746,LA Clippers,1,1,0,1.0,48.0,111.2,112.4,97.6,98.1,13.6,14.3,0.659,1.81,19.7,0.277,0.813,0.547,0.152,0.573,0.595,105.3,104.5,87.08,105,0.582
0022300112,2023-10-31,1610612752,New York Knicks,1,1,0,1.0,48.0,110.1,112.4,92.6,94.8,17.5,17.6,0.474,1.29,13.7,0.34,0.707,0.537,0.144,0.517,0.562,98.6,96.5,80.42,97,0.592
0022300114,2023-10-31,1610612753,Orlando Magic,1,0,1,0.0,48.0,97.6,98.1,111.2,112.4,-13.6,-14.3,0.605,1.44,16.9,0.188,0.723,0.453,0.154,0.512,0.534,105.3,104.5,87.08,104,0.418
0022300113,2023-10-31,1610612756,Phoenix Suns,1,0,1,0.0,48.0,111.1,114.0,109.7,113.9,1.4,0.1,0.69,1.53,20.9,0.244,0.75,0.527,0.19,0.614,0.636,103.7,100.5,83.75,100,0.521
0022300113,2023-10-31,1610612759,San Antonio Spurs,1,1,0,1.0,48.0,109.7,113.9,111.1,114.0,-1.4,-0.1,0.581,2.08,18.0,0.25,0.756,0.473,0.119,0.543,0.57,103.7,100.5,83.75,101,0.479
0022300117,2023-11-01,1610612737,Atlanta Hawks,1,1,0,1.0,48.0,115.0,118.2,107.9,109.0,7.1,9.2,0.565,1.24,17.0,0.362,0.827,0.606,0.191,0.549,0.613,112.6,110.5,92.08,110,0.542
0022300118,2023-11-01,1610612738,Boston Celtics,1,1,0,1.0,48.0,141.8,144.9,96.9,97.2,44.8,47.7,0.5,2.08,18.2,0.366,0.825,0.633,0.121,0.674,0.722,108.3,107.0,89.17,107,0.682
0022300119,2023-11-01,1610612751,Brooklyn Nets,1,1,0,1.0,48.0,104.4,104.8,99.1,102.9,5.2,1.9,0.73,1.5,18.9,0.25,0.741,0.51,0.173,0.549,0.583,105.2,103.0,85.83,104,0.549
0022300122,2023-11-01,1610612766,Charlotte Hornets,1,0,1,0.0,48.0,116.7,116.7,122.9,125.5,-6.3,-8.8,0.467,1.31,14.9,0.367,0.744,0.543,0.157,0.561,0.589,103.1,102.0,85.0,102,0.45
0022300124,2023-11-01,1610612741,Chicago Bulls,1,0,1,0.0,48.0,110.7,110.5,119.6,120.0,-8.9,-9.5,0.452,1.46,14.8,0.292,0.667,0.479,0.137,0.534,0.559,95.1,95.0,79.17,95,0.456
0022300120,2023-11-01,1610612739,Cleveland Cavaliers,1,1,0,1.0,48.0,100.2,97.9,86.2,92.7,14.0,5.2,0.688,1.22,17.5,0.163,0.652,0.459,0.186,0.514,0.574,99.0,96.5,80.42,97,0.574
0022300124,2023-11-01,1610612742,Dallas Mavericks,1,1,0,1.0,48.0,119.6,120.0,110.7,110.5,8.9,9.5,0.622,1.53,17.2,0.333,0.708,0.521,0.158,0.58,0.611,95.1,95.0,79.17,95,0.544
0022300123,2023-11-01,1610612743,Denver Nuggets,1,0,1,0.0,48.0,85.2,89.9,109.0,112.2,-23.8,-22.3,0.605,1.44,16.4,0.305,0.739,0.495,0.162,0.427,0.443,102.6,98.5,82.08,99,0.358
0022300115,2023-11-01,1610612765,Detroit Pistons,1,0,1,0.0,48.0,94.5,95.3,104.2,104.8,-9.7,-9.5,0.6,1.33,17.4,0.176,0.795,0.463,0.17,0.506,0.532,106.2,105.5,87.92,106,0.411
0022300126,2023-11-01,1610612744,Golden State Warriors,1,1,0,1.0,48.0,103.4,105.2,101.9,103.1,1.6,2.1,0.821,1.78,23.2,0.205,0.648,0.449,0.186,0.549,0.582,98.9,97.5,81.25,97,0.523
0022300122,2023-11-01,1610612745,Houston Rockets,1,1,0,1.0,48.0,122.9,125.5,116.7,116.7,6.3,8.8,0.795,2.06,23.8,0.256,0.633,0.457,0.167,0.649,0.68,103.1,102.0,85.0,102,0.55
0022300118,2023-11-01,1610612754,Indiana Pacers,1,0,1,0.0,48.0,96.9,97.2,141.8,144.9,-44.8,-47.7,0.565,2.89,18.2,0.175,0.634,0.367,0.084,0.48,0.489,108.3,107.0,89.17,107,0.318
0022300127,2023-11-01,1610612746,LA Clippers,1,0,1,0.0,53.0,111.7,113.6,117.3,119.3,-5.6,-5.6,0.468,1.69,15.1,0.241,0.74,0.472,0.118,0.545,0.564,100.9,99.17,82.64,110,0.422
0022300127,2023-11-01,1610612747,Los Angeles Lakers,1,1,0,1.0,53.0,117.3,119.3,111.7,113.6,5.6,5.6,0.609,2.0,18.8,0.26,0.759,0.528,0.128,0.572,0.614,100.9,99.17,82.64,109,0.578
0022300125,2023-11-01,1610612763,Memphis Grizzlies,1,0,1,0.0,48.0,97.3,100.9,122.5,124.3,-25.3,-23.4,0.714,1.56,16.3,0.323,0.738,0.486,0.148,0.438,0.495,110.3,107.5,89.58,108,0.374
0022300119,2023-11-01,1610612748,Miami Heat,1,0,1,0.0,48.0,99.1,102.9,104.4,104.8,-5.2,-1.9,0.564,1.22,15.9,0.259,0.75,0.49,0.176,0.5,0.531,105.2,103.0,85.83,102,0.451
0022300116,2023-11-01,1610612749,Milwaukee Bucks,1,0,1,0.0,48.0,113.6,113.3,129.8,134.0,-16.2,-20.8,0.543,1.58,15.0,0.217,0.575,0.384,0.122,0.546,0.599,98.9,97.5,81.25,98,0.39
0022300123,2023-11-01,1610612750,Minnesota Timberwolves,1,1,0,1.0,48.0,109.0,112.2,85.2,89.9,23.8,22.3,0.526,1.43,15.4,0.261,0.695,0.505,0.143,0.506,0.58,102.6,98.5,82.08,98,0.642
0022300121,2023-11-01,1610612740,New Orleans Pelicans,1,1,0,1.0,48.0,106.0,105.8,98.1,101.9,7.9,3.8,0.575,2.09,15.3,0.348,0.784,0.533,0.106,0.456,0.479,105.9,104.0,86.67,104,0.48
0022300120,2023-11-01,1610612752,New York Knicks,1,0,1,0.0,48.0,86.2,92.7,100.2,97.9,-14.0,-5.2,0.563,1.29,13.1,0.348,0.837,0.541,0.146,0.375,0.423,99.0,96.5,80.42,96,0.426
0022300121,2023-11-01,1610612760,Oklahoma City Thunder,1,0,1,0.0,48.0,98.1,101.9,106.0,105.8,-7.9,-3.8,0.605,1.53,16.7,0.216,0.652,0.467,0.144,0.472,0.535,105.9,104.0,86.67,104,0.52
0022300115,2023-11-01,1610612757,Portland Trail Blazers,1,1,0,1.0,48.0,104.2,104.8,94.5,95.3,9.7,9.5,0.605,1.35,16.8,0.205,0.824,0.537,0.162,0.512,0.576,106.2,105.5,87.92,105,0.589
0022300126,2023-11-01,1610612758,Sacramento Kings,1,0,1,0.0,48.0,101.9,103.1,103.4,105.2,-1.6,-2.1,0.667,1.6,17.0,0.352,0.795,0.551,0.153,0.472,0.515,98.9,97.5,81.25,98,0.477
0022300116,2023-11-01,1610612761,Toronto Raptors,1,1,0,1.0,48.0,129.8,134.0,113.6,113.3,16.2,20.8,0.686,1.94,23.5,0.425,0.783,0.616,0.186,0.643,0.669,98.9,97.5,81.25,97,0.61
0022300125,2023-11-01,1610612762,Utah Jazz,1,1,0,1.0,48.0,122.5,124.3,97.3,100.9,25.3,23.4,0.745,1.67,22.9,0.262,0.677,0.514,0.196,0.667,0.682,110.3,107.5,89.58,107,0.626
0022300117,2023-11-01,1610612764,Washington Wizards,1,0,1,0.0,48.0,107.9,109.0,115.0,118.2,-7.1,-9.2,0.627,2.91,21.1,0.173,0.638,0.394,0.099,0.554,0.565,112.6,110.5,92.08,111,0.458
0022300129,2023-11-02,1610612765,Detroit Pistons,1,0,1,0.0,48.0,113.2,116.0,124.5,123.8,-11.3,-7.8,0.732,1.88,19.6,0.426,0.767,0.577,0.16,0.505,0.55,101.4,100.5,83.75,100,0.417
0022300129,2023-11-02,1610612740,New Orleans Pelicans,1,1,0,1.0,48.0,124.5,123.8,113.2,116.0,11.3,7.8,0.692,2.25,19.7,0.233,0.574,0.423,0.119,0.575,0.655,101.4,100.5,83.75,101,0.583
0022300130,2023-11-02,1610612753,Orlando Magic,1,1,0,1.0,48.0,106.6,107.5,105.2,105.6,1.5,1.9,0.692,1.59,18.6,0.226,0.686,0.452,0.159,0.518,0.57,107.6,107.0,89.17,107,0.532
0022300128,2023-11-02,1610612755,Philadelphia 76ers,1,1,0,1.0,48.0,111.8,117.5,101.7,103.1,10.1,14.4,0.5,1.5,15.3,0.358,0.767,0.542,0.144,0.505,0.553,99.7,96.5,80.42,97,0.541
0022300131,2023-11-02,1610612756,Phoenix Suns,1,0,1,0.0,48.0,120.5,122.2,128.5,130.7,-8.0,-8.5,0.605,1.86,19.8,0.154,0.702,0.453,0.141,0.638,0.662,101.6,100.0,83.33,99,0.449
0022300131,2023-11-02,1610612759,San Antonio Spurs,1,1,0,1.0,48.0,128.5,130.7,120.5,122.2,8.0,8.5,0.725,4.63,24.3,0.298,0.846,0.547,0.079,0.612,0.636,101.6,100.0,83.33,101,0.551
0022300128,2023-11-02,1610612761,Toronto Raptors,1,0,1,0.0,48.0,101.7,103.1,111.8,117.5,-10.1,-14.4,0.789,1.58,22.1,0.233,0.642,0.458,0.198,0.544,0.567,99.7,96.5,80.42,96,0.459
0022300130,2023-11-02,1610612762,Utah Jazz,1,0,1,0.0,48.0,105.2,105.6,106.6,107.5,-1.5,-1.9,0.659,1.35,18.1,0.314,0.774,0.548,0.187,0.528,0.563,107.6,107.0,89.17,107,0.468
0022300004,2023-11-03,1610612751,Brooklyn Nets,1,1,0,1.0,48.0,107.7,116.0,111.3,112.6,-3.6,3.3,0.727,2.91,22.5,0.296,0.735,0.505,0.117,0.552,0.555,98.7,94.5,78.75,94,0.516
0022300004,2023-11-03,1610612741,Chicago Bulls,1,0,1,0.0,48.0,111.3,112.6,107.7,116.0,3.6,-3.3,0.488,2.1,16.4,0.265,0.704,0.495,0.105,0.545,0.562,98.7,94.5,78.75,95,0.484
0022300001,2023-11-03,1610612739,Cleveland Cavaliers,1,0,1,0.0,48.0,112.6,112.6,111.5,118.6,1.2,-6.0,0.614,2.08,19.6,0.178,0.682,0.427,0.126,0.571,0.611,105.8,102.5,85.42,103,0.507
0022300006,2023-11-03,1610612742,Dallas Mavericks,1,0,1,0.0,48.0,115.8,115.2,122.1,128.9,-6.4,-13.7,0.659,1.8,19.7,0.244,0.521,0.387,0.152,0.576,0.61,100.4,98.0,81.67,99,0.449
0022300006,2023-11-03,1610612743,Denver Nuggets,1,1,0,1.0,48.0,122.1,128.9,115.8,115.2,6.4,13.7,0.673,1.65,21.6,0.479,0.756,0.613,0.206,0.597,0.617,100.4,98.0,81.67,97,0.551
0022300005,2023-11-03,1610612744,Golden State Warriors,1,1,0,1.0,48.0,131.5,133.0,128.5,132.4,3.1,0.6,0.735,2.4,22.5,0.391,0.714,0.531,0.142,0.63,0.67,107.7,105.5,87.92,106,0.523
0022300001,2023-11-03,1610612754,Indiana Pacers,1,1,0,1.0,48.0,111.5,118.6,112.6,112.6,-1.2,6.0,0.622,1.47,19.6,0.318,0.822,0.573,0.186,0.61,0.627,105.8,102.5,85.42,102,0.493
0022300007,2023-11-03,1610612763,Memphis Grizzlies,1,0,1,0.0,53.0,101.1,104.6,103.8,107.5,-2.6,-2.8,0.617,1.71,19.5,0.275,0.71,0.513,0.157,0.542,0.555,100.8,97.36,81.13,108,0.516
0022300003,2023-11-03,1610612748,Miami Heat,1,1,0,1.0,48.0,120.8,118.6,109.1,111.8,11.7,6.9,0.729,1.67,24.3,0.212,0.821,0.542,0.206,0.681,0.702,102.3,102.0,85.0,102,0.55
0022300002,2023-11-03,1610612749,Milwaukee Bucks,1,1,0,1.0,48.0,108.6,110.0,102.9,104.0,5.6,6.0,0.686,1.71,18.0,0.18,0.683,0.455,0.14,0.549,0.583,101.7,100.5,83.75,100,0.549
0022300002,2023-11-03,1610612752,New York Knicks,1,0,1,0.0,48.0,102.9,104.0,108.6,110.0,-5.6,-6.0,0.474,1.64,13.0,0.317,0.82,0.545,0.109,0.448,0.491,101.7,100.5,83.75,101,0.451
0022300005,2023-11-03,1610612760,Oklahoma City Thunder,1,0,1,0.0,48.0,128.5,132.4,131.5,133.0,-3.1,-0.6,0.52,1.37,18.4,0.286,0.609,0.469,0.181,0.693,0.722,107.7,105.5,87.92,105,0.477
0022300007,2023-11-03,1610612757,Portland Trail Blazers,1,1,0,1.0,53.0,103.8,107.5,101.1,104.6,2.6,2.8,0.487,1.36,13.2,0.29,0.725,0.487,0.131,0.453,0.514,100.8,97.36,81.13,107,0.484
0022300003,2023-11-03,1610612764,Washington Wizards,1,0,1,0.0,48.0,109.1,111.8,120.8,118.6,-11.7,-6.9,0.717,1.65,23.2,0.179,0.788,0.458,0.196,0.648,0.644,102.3,102.0,85.0,102,0.45
0022300135,2023-11-04,1610612737,Atlanta Hawks,1,1,0,1.0,48.0,126.1,129.5,110.2,109.4,15.8,20.1,0.622,2.15,19.2,0.451,0.756,0.594,0.137,0.559,0.594,96.4,95.5,79.58,95,0.547
0022300136,2023-11-04,1610612738,Boston Celtics,1,1,0,1.0,48.0,120.5,124.0,110.2,114.0,10.4,10.0,0.512,2.0,16.1,0.3,0.746,0.541,0.11,0.561,0.609,103.2,100.0,83.33,100,0.571
0022300136,2023-11-04,1610612751,Brooklyn Nets,1,0,1,0.0,48.0,110.2,114.0,120.5,124.0,-10.4,-10.0,0.512,3.67,16.2,0.254,0.7,0.459,0.06,0.515,0.53,103.2,100.0,83.33,100,0.429
0022300133,2023-11-04,1610612766,Charlotte Hornets,1,1,0,1.0,48.0,126.1,127.6,119.2,125.3,6.9,2.3,0.489,1.77,17.0,0.341,0.62,0.495,0.133,0.58,0.637,101.6,98.5,82.08,98,0.52
0022300139,2023-11-04,1610612741,Chicago Bulls,1,0,1,0.0,48.0,102.9,103.1,127.9,125.5,-24.9,-22.4,0.718,2.55,20.6,0.204,0.738,0.451,0.112,0.494,0.525,97.2,98.0,81.67,98,0.391
0022300139,2023-11-04,1610612743,Denver Nuggets,1,1,0,1.0,48.0,127.9,125.5,102.9,103.1,24.9,22.4,0.738,2.58,22.1,0.262,0.796,0.549,0.122,0.617,0.653,97.2,98.0,81.67,98,0.609
0022300137,2023-11-04,1610612745,Houston Rockets,1,1,0,1.0,48.0,110.5,111.5,93.3,94.7,17.2,16.8,0.7,2.55,20.3,0.294,0.836,0.575,0.115,0.534,0.558,96.1,95.0,79.17,96,0.607
0022300133,2023-11-04,1610612754,Indiana Pacers,1,0,1,0.0,48.0,119.2,125.3,126.1,127.6,-6.9,-2.3,0.689,2.07,20.8,0.38,0.659,0.505,0.152,0.602,0.62,101.6,98.5,82.08,99,0.48
0022300134,2023-11-04,1610612747,Los Angeles Lakers,1,0,1,0.0,48.0,100.8,103.1,112.8,123.7,-12.1,-20.7,0.459,1.0,13.2,0.319,0.552,0.448,0.173,0.488,0.542,103.3,97.5,81.25,98,0.414
0022300138,2023-11-04,1610612750,Minnesota Timberwolves,1,1,0,1.0,48.0,127.3,128.1,95.5,97.9,31.8,30.2,0.556,2.27,18.9,0.275,0.621,0.48,0.115,0.611,0.65,98.1,96.5,80.42,96,0.698
0022300135,2023-11-04,1610612740,New Orleans Pelicans,1,0,1,0.0,48.0,110.2,109.4,126.1,129.5,-15.8,-20.1,0.6,2.18,18.3,0.244,0.549,0.406,0.115,0.524,0.563,96.4,95.5,79.58,96,0.453
0022300134,2023-11-04,1610612753,Orlando Magic,1,1,0,1.0,48.0,112.8,123.7,100.8,103.1,12.1,20.7,0.63,1.81,19.1,0.448,0.681,0.552,0.165,0.515,0.549,103.3,97.5,81.25,97,0.586
0022300132,2023-11-04,1610612755,Philadelphia 76ers,1,1,0,1.0,48.0,111.0,113.1,100.5,101.0,10.5,12.1,0.558,1.33,17.0,0.375,0.712,0.561,0.182,0.539,0.572,100.2,99.0,82.5,99,0.519
0022300132,2023-11-04,1610612756,Phoenix Suns,1,0,1,0.0,48.0,100.5,101.0,111.0,113.1,-10.5,-12.1,0.688,2.0,15.9,0.288,0.625,0.439,0.111,0.41,0.483,100.2,99.0,82.5,99,0.481
0022300137,2023-11-04,1610612758,Sacramento Kings,1,0,1,0.0,48.0,93.3,94.7,110.5,111.5,-17.2,-16.8,0.625,1.82,16.3,0.164,0.706,0.425,0.117,0.446,0.482,96.1,95.0,79.17,94,0.393
0022300138,2023-11-04,1610612762,Utah Jazz,1,0,1,0.0,48.0,95.5,97.9,127.3,128.1,-31.8,-30.2,0.571,1.11,14.5,0.379,0.725,0.52,0.186,0.451,0.482,98.1,96.5,80.42,97,0.302
0022300143,2023-11-05,1610612766,Charlotte Hornets,1,0,1,0.0,48.0,110.0,113.5,115.8,120.4,-5.8,-6.9,0.612,3.33,19.9,0.309,0.736,0.519,0.087,0.535,0.545,107.2,103.5,86.25,104,0.457
0022300142,2023-11-05,1610612739,Cleveland Cavaliers,1,1,0,1.0,48.0,114.6,113.9,100.8,102.0,13.9,11.9,0.634,1.44,18.4,0.318,0.682,0.536,0.178,0.56,0.603,101.8,101.5,84.58,101,0.591
0022300143,2023-11-05,1610612742,Dallas Mavericks,1,1,0,1.0,48.0,115.8,120.4,110.0,113.5,5.8,6.9,0.721,2.82,20.9,0.264,0.691,0.481,0.107,0.549,0.59,107.2,103.5,86.25,103,0.543
0022300140,2023-11-05,1610612765,Detroit Pistons,1,0,1,0.0,48.0,106.9,108.2,116.8,121.2,-9.9,-13.0,0.581,1.56,18.7,0.244,0.591,0.416,0.163,0.54,0.569,101.0,98.5,82.08,98,0.41
0022300142,2023-11-05,1610612744,Golden State Warriors,1,0,1,0.0,48.0,100.8,102.0,114.6,113.9,-13.9,-11.9,0.765,2.0,17.8,0.318,0.682,0.464,0.127,0.447,0.485,101.8,101.5,84.58,102,0.409
0022300144,2023-11-05,1610612763,Memphis Grizzlies,1,1,0,1.0,48.0,110.1,114.3,100.4,100.0,9.7,14.3,0.6,1.59,19.7,0.261,0.661,0.486,0.173,0.579,0.591,100.7,99.0,82.5,98,0.579
0022300140,2023-11-05,1610612756,Phoenix Suns,1,1,0,1.0,48.0,116.8,121.2,106.9,108.2,9.9,13.0,0.674,1.61,19.9,0.409,0.756,0.584,0.182,0.547,0.608,101.0,98.5,82.08,99,0.59
0022300144,2023-11-05,1610612757,Portland Trail Blazers,1,0,1,0.0,48.0,100.4,100.0,110.1,114.3,-9.7,-14.3,0.622,1.64,16.2,0.339,0.739,0.514,0.14,0.463,0.492,100.7,99.0,82.5,100,0.421
0022300141,2023-11-05,1610612759,San Antonio Spurs,1,0,1,0.0,53.0,105.7,106.4,111.4,113.9,-5.6,-7.5,0.625,1.76,19.9,0.26,0.684,0.486,0.156,0.552,0.57,99.7,98.26,81.89,109,0.488
0022300141,2023-11-05,1610612761,Toronto Raptors,1,1,0,1.0,53.0,111.4,113.9,105.7,106.4,5.6,7.5,0.659,1.93,18.7,0.316,0.74,0.514,0.139,0.552,0.567,99.7,98.26,81.89,108,0.512
0022300155,2023-11-06,1610612737,Atlanta Hawks,1,0,1,0.0,48.0,110.3,109.3,118.7,118.9,-8.4,-9.5,0.711,1.8,16.9,0.403,0.76,0.556,0.14,0.441,0.504,106.1,106.5,88.75,107,0.45
0022300154,2023-11-06,1610612738,Boston Celtics,1,0,1,0.0,53.0,95.6,98.2,100.0,102.7,-4.4,-4.5,0.556,1.11,13.4,0.305,0.776,0.519,0.162,0.451,0.51,103.2,100.53,83.77,111,0.457
0022300149,2023-11-06,1610612751,Brooklyn Nets,1,0,1,0.0,48.0,120.5,120.2,123.4,126.5,-2.9,-6.3,0.449,2.75,16.2,0.25,0.706,0.476,0.077,0.564,0.586,104.1,103.0,85.83,104,0.47
0022300152,2023-11-06,1610612741,Chicago Bulls,1,1,0,1.0,48.0,130.8,130.0,113.6,114.1,17.2,15.9,0.542,3.25,18.8,0.255,0.617,0.436,0.08,0.613,0.641,99.4,99.5,82.92,100,0.551
0022300147,2023-11-06,1610612742,Dallas Mavericks,1,1,0,1.0,48.0,112.2,118.2,94.5,103.0,17.6,15.2,0.512,1.4,16.4,0.196,0.667,0.429,0.152,0.591,0.62,106.1,99.0,82.5,99,0.548
0022300156,2023-11-06,1610612743,Denver Nuggets,1,1,0,1.0,48.0,128.7,134.0,114.2,114.9,14.5,19.1,0.725,3.7,24.5,0.304,0.761,0.533,0.1,0.616,0.637,102.9,100.5,83.75,100,0.581
0022300145,2023-11-06,1610612765,Detroit Pistons,1,0,1,0.0,48.0,111.0,112.4,119.7,123.7,-8.8,-11.3,0.605,1.44,17.7,0.238,0.611,0.448,0.165,0.556,0.611,99.2,97.0,80.83,97,0.469
0022300145,2023-11-06,1610612744,Golden State Warriors,1,1,0,1.0,48.0,119.7,123.7,111.0,112.4,8.8,11.3,0.565,2.36,18.2,0.389,0.762,0.552,0.113,0.536,0.565,99.2,97.0,80.83,97,0.531
0022300153,2023-11-06,1610612745,Houston Rockets,1,1,0,1.0,48.0,131.4,131.2,104.5,104.3,26.8,26.9,0.651,2.55,21.9,0.212,0.714,0.512,0.118,0.673,0.702,92.8,93.0,77.5,93,0.675
0022300146,2023-11-06,1610612754,Indiana Pacers,1,1,0,1.0,48.0,136.8,143.4,104.5,103.7,32.3,39.7,0.691,2.53,24.1,0.375,0.759,0.602,0.142,0.684,0.723,108.7,106.5,88.75,106,0.646
0022300151,2023-11-06,1610612746,LA Clippers,1,0,1,0.0,48.0,102.1,100.0,113.4,115.6,-11.3,-15.6,0.583,0.95,16.7,0.211,0.553,0.4,0.227,0.568,0.606,96.5,96.5,80.42,97,0.417
0022300150,2023-11-06,1610612747,Los Angeles Lakers,1,0,1,0.0,48.0,107.9,108.1,105.8,109.1,2.1,-1.0,0.636,1.65,21.2,0.128,0.708,0.448,0.172,0.593,0.614,100.6,99.0,82.5,99,0.492
0022300150,2023-11-06,1610612748,Miami Heat,1,1,0,1.0,48.0,105.8,109.1,107.9,108.1,-2.1,1.0,0.732,1.67,21.0,0.292,0.872,0.552,0.182,0.534,0.568,100.6,99.0,82.5,99,0.508
0022300149,2023-11-06,1610612749,Milwaukee Bucks,1,1,0,1.0,48.0,123.4,126.5,120.5,120.2,2.9,6.3,0.565,2.6,18.2,0.294,0.75,0.524,0.098,0.563,0.605,104.1,103.0,85.83,102,0.53
0022300154,2023-11-06,1610612750,Minnesota Timberwolves,1,1,0,1.0,53.0,100.0,102.7,95.6,98.2,4.4,4.5,0.591,1.08,17.6,0.224,0.695,0.481,0.216,0.594,0.594,103.2,100.53,83.77,111,0.543
0022300156,2023-11-06,1610612740,New Orleans Pelicans,1,0,1,0.0,48.0,114.2,114.9,128.7,134.0,-14.5,-19.1,0.533,1.85,17.6,0.239,0.696,0.467,0.129,0.572,0.6,102.9,100.5,83.75,101,0.419
0022300151,2023-11-06,1610612752,New York Knicks,1,1,0,1.0,48.0,113.4,115.6,102.1,100.0,11.3,15.6,0.683,1.4,19.3,0.447,0.789,0.6,0.208,0.534,0.579,96.5,96.5,80.42,96,0.583
0022300155,2023-11-06,1610612760,Oklahoma City Thunder,1,1,0,1.0,48.0,118.7,118.9,110.3,109.3,8.4,9.5,0.6,2.08,18.6,0.24,0.597,0.444,0.123,0.553,0.605,106.1,106.5,88.75,106,0.55
0022300147,2023-11-06,1610612753,Orlando Magic,1,0,1,0.0,48.0,94.5,103.0,112.2,118.2,-17.6,-15.2,0.675,1.29,19.3,0.333,0.804,0.571,0.212,0.518,0.549,106.1,99.0,82.5,99,0.452
0022300148,2023-11-06,1610612755,Philadelphia 76ers,1,1,0,1.0,48.0,129.4,131.5,112.5,115.3,16.9,16.2,0.725,2.31,23.0,0.31,0.714,0.527,0.144,0.626,0.683,113.3,111.0,92.5,111,0.604
0022300153,2023-11-06,1610612758,Sacramento Kings,1,0,1,0.0,48.0,104.5,104.3,131.4,131.2,-26.8,-26.9,0.611,1.47,17.1,0.286,0.788,0.488,0.161,0.531,0.54,92.8,93.0,77.5,93,0.325
0022300146,2023-11-06,1610612759,San Antonio Spurs,1,0,1,0.0,48.0,104.5,103.7,136.8,143.4,-32.3,-39.7,0.65,2.36,17.7,0.241,0.625,0.398,0.103,0.468,0.518,108.7,106.5,88.75,107,0.354
0022300152,2023-11-06,1610612762,Utah Jazz,1,0,1,0.0,48.0,113.6,114.1,130.8,130.0,-17.2,-15.9,0.78,1.39,21.5,0.383,0.745,0.564,0.232,0.57,0.604,99.4,99.5,82.92,99,0.449
0022300148,2023-11-06,1610612764,Washington Wizards,1,0,1,0.0,48.0,112.5,115.3,129.4,131.5,-16.9,-16.2,0.633,1.63,19.9,0.286,0.69,0.473,0.171,0.583,0.611,113.3,111.0,92.5,111,0.396
0022300159,2023-11-08,1610612738,Boston Celtics,1,0,1,0.0,48.0,99.7,100.0,102.3,103.9,-2.7,-3.9,0.778,2.15,19.7,0.214,0.722,0.464,0.126,0.478,0.518,103.5,102.5,85.42,103,0.487
0022300160,2023-11-08,1610612751,Brooklyn Nets,1,1,0,1.0,48.0,102.3,103.1,91.4,94.9,10.9,8.2,0.595,1.57,16.4,0.263,0.691,0.473,0.144,0.484,0.512,99.7,97.5,81.25,97,0.515
0022300157,2023-11-08,1610612766,Charlotte Hornets,1,0,1,0.0,48.0,110.1,113.7,124.5,128.2,-14.5,-14.4,0.415,0.77,12.9,0.326,0.691,0.531,0.216,0.57,0.614,105.7,102.5,85.42,102,0.455
0022300162,2023-11-08,1610612741,Chicago Bulls,1,0,1,0.0,53.0,103.5,105.5,105.5,106.4,-2.0,-0.9,0.714,2.14,20.0,0.232,0.66,0.44,0.128,0.51,0.542,100.1,98.72,82.26,109,0.475
0022300167,2023-11-08,1610612739,Cleveland Cavaliers,1,0,1,0.0,48.0,110.8,115.4,126.5,123.1,-15.7,-7.7,0.619,1.3,17.8,0.348,0.721,0.528,0.192,0.56,0.604,104.7,104.0,86.67,104,0.46
0022300168,2023-11-08,1610612742,Dallas Mavericks,1,0,1,0.0,48.0,107.8,109.4,117.7,122.1,-10.0,-12.7,0.625,1.56,17.6,0.224,0.655,0.452,0.151,0.577,0.594,107.8,105.0,87.5,106,0.444
0022300169,2023-11-08,1610612743,Denver Nuggets,1,1,0,1.0,48.0,110.6,111.3,110.0,108.2,0.5,3.1,0.585,4.0,17.8,0.259,0.765,0.505,0.062,0.505,0.531,96.6,97.0,80.83,97,0.517
0022300165,2023-11-08,1610612765,Detroit Pistons,1,0,1,0.0,48.0,104.4,110.3,110.0,112.1,-5.6,-1.9,0.583,1.47,18.5,0.314,0.863,0.588,0.178,0.526,0.562,111.1,107.0,89.17,107,0.505
0022300169,2023-11-08,1610612744,Golden State Warriors,1,0,1,0.0,48.0,110.0,108.2,110.6,111.3,-0.5,-3.1,0.568,2.33,16.2,0.235,0.741,0.495,0.093,0.494,0.539,96.6,97.0,80.83,97,0.483
0022300163,2023-11-08,1610612745,Houston Rockets,1,1,0,1.0,48.0,127.5,129.3,94.4,94.9,33.1,34.3,0.51,2.0,18.3,0.362,0.868,0.63,0.131,0.624,0.631,100.0,99.0,82.5,99,0.639
0022300158,2023-11-08,1610612754,Indiana Pacers,1,1,0,1.0,48.0,124.3,126.4,107.4,111.3,17.0,15.1,0.5,2.17,17.6,0.32,0.615,0.471,0.113,0.579,0.61,108.9,106.0,88.33,106,0.585
0022300160,2023-11-08,1610612746,LA Clippers,1,0,1,0.0,48.0,91.4,94.9,102.3,103.1,-10.9,-8.2,0.611,1.38,16.1,0.309,0.737,0.527,0.163,0.44,0.481,99.7,97.5,81.25,98,0.485
0022300163,2023-11-08,1610612747,Los Angeles Lakers,1,0,1,0.0,48.0,94.4,94.9,127.5,129.3,-33.1,-34.3,0.556,2.22,16.1,0.132,0.638,0.37,0.091,0.465,0.492,100.0,99.0,82.5,99,0.361
0022300164,2023-11-08,1610612763,Memphis Grizzlies,1,0,1,0.0,48.0,98.7,103.0,106.8,108.0,-8.1,-5.0,0.571,1.43,14.6,0.316,0.705,0.485,0.141,0.45,0.498,102.2,99.5,82.92,99,0.403
0022300164,2023-11-08,1610612748,Miami Heat,1,1,0,1.0,48.0,106.8,108.0,98.7,103.0,8.1,5.0,0.629,1.16,16.5,0.295,0.684,0.515,0.19,0.526,0.593,102.2,99.5,82.92,100,0.597
0022300165,2023-11-08,1610612749,Milwaukee Bucks,1,1,0,1.0,48.0,110.0,112.1,104.4,110.3,5.6,1.9,0.463,1.9,14.3,0.137,0.686,0.412,0.093,0.517,0.576,111.1,107.0,89.17,107,0.495
0022300166,2023-11-08,1610612750,Minnesota Timberwolves,1,1,0,1.0,48.0,119.0,117.3,92.9,99.0,26.0,18.3,0.667,1.67,20.7,0.256,0.707,0.515,0.173,0.64,0.659,105.6,103.0,85.83,104,0.648
0022300166,2023-11-08,1610612740,New Orleans Pelicans,1,0,1,0.0,48.0,92.9,99.0,119.0,117.3,-26.0,-18.3,0.639,1.35,16.2,0.293,0.744,0.485,0.167,0.43,0.492,105.6,103.0,85.83,102,0.352
0022300161,2023-11-08,1610612752,New York Knicks,1,1,0,1.0,48.0,125.1,128.6,107.4,107.1,17.7,21.4,0.609,7.0,19.4,0.327,0.755,0.529,0.041,0.555,0.574,99.2,98.0,81.67,98,0.561
0022300167,2023-11-08,1610612760,Oklahoma City Thunder,1,1,0,1.0,48.0,126.5,123.1,110.8,115.4,15.7,7.7,0.523,1.64,16.5,0.279,0.652,0.472,0.135,0.581,0.645,104.7,104.0,86.67,104,0.54
0022300159,2023-11-08,1610612755,Philadelphia 76ers,1,1,0,1.0,48.0,102.3,103.9,99.7,100.0,2.7,3.9,0.476,1.43,14.6,0.278,0.786,0.536,0.137,0.489,0.522,103.5,102.5,85.42,102,0.513
0022300162,2023-11-08,1610612756,Phoenix Suns,1,1,0,1.0,53.0,105.5,106.4,103.5,105.5,2.0,0.9,0.842,1.45,20.1,0.34,0.768,0.56,0.202,0.528,0.574,100.1,98.72,82.26,109,0.525
0022300170,2023-11-08,1610612757,Portland Trail Blazers,1,0,1,0.0,53.0,106.5,110.3,108.3,111.0,-1.8,-0.7,0.591,1.44,18.3,0.217,0.611,0.43,0.168,0.552,0.591,100.7,97.81,81.51,107,0.463
0022300170,2023-11-08,1610612758,Sacramento Kings,1,1,0,1.0,53.0,108.3,111.0,106.5,110.3,1.8,0.7,0.78,1.52,20.0,0.389,0.783,0.57,0.193,0.522,0.572,100.7,97.81,81.51,109,0.537
0022300161,2023-11-08,1610612759,San Antonio Spurs,1,0,1,0.0,48.0,107.4,107.1,125.1,128.6,-17.7,-21.4,0.705,2.38,22.0,0.245,0.673,0.471,0.133,0.539,0.548,99.2,98.0,81.67,98,0.439
0022300168,2023-11-08,1610612761,Toronto Raptors,1,1,0,1.0,48.0,117.7,122.1,107.8,109.4,10.0,12.7,0.551,2.25,18.0,0.345,0.776,0.548,0.115,0.551,0.573,107.8,105.0,87.5,104,0.556
0022300158,2023-11-08,1610612762,Utah Jazz,1,0,1,0.0,48.0,107.4,111.3,124.3,126.4,-17.0,-15.1,0.578,1.18,17.2,0.385,0.68,0.529,0.208,0.526,0.568,108.9,106.0,88.33,106,0.415
0022300157,2023-11-08,1610612764,Washington Wizards,1,1,0,1.0,48.0,124.5,128.2,110.1,113.7,14.5,14.4,0.553,2.36,17.8,0.309,0.674,0.469,0.107,0.577,0.611,105.7,102.5,85.42,103,0.545
0022300172,2023-11-09,1610612737,Atlanta Hawks,1,1,0,1.0,48.0,110.9,115.4,111.8,114.4,-0.9,1.0,0.537,1.22,15.7,0.298,0.615,0.465,0.173,0.571,0.611,107.3,104.0,86.67,104,0.517
0022300171,2023-11-09,1610612754,Indiana Pacers,1,1,0,1.0,48.0,120.2,124.8,115.4,121.6,4.8,3.2,0.614,2.08,19.3,0.24,0.773,0.489,0.129,0.587,0.625,106.1,101.5,84.58,101,0.483
0022300171,2023-11-09,1610612749,Milwaukee Bucks,1,0,1,0.0,48.0,115.4,121.6,120.2,124.8,-4.8,-3.2,0.5,1.64,17.2,0.227,0.76,0.511,0.137,0.58,0.63,106.1,101.5,84.58,102,0.517
0022300172,2023-11-09,1610612753,Orlando Magic,1,0,1,0.0,48.0,111.8,114.4,110.9,115.4,0.9,-1.0,0.452,1.0,13.4,0.385,0.702,0.535,0.183,0.522,0.565,107.3,104.0,86.67,104,0.483
0022300010,2023-11-10,1610612738,Boston Celtics,1,1,0,1.0,48.0,124.3,126.0,111.6,109.2,12.8,16.9,0.707,3.63,20.1,0.333,0.766,0.529,0.083,0.537,0.569,96.6,97.0,80.83,96,0.567
0022300010,2023-11-10,1610612751,Brooklyn Nets,1,0,1,0.0,48.0,111.6,109.2,124.3,126.0,-12.8,-16.9,0.684,2.17,19.4,0.234,0.667,0.471,0.122,0.535,0.576,96.6,97.0,80.83,98,0.433
0022300009,2023-11-10,1610612766,Charlotte Hornets,1,1,0,1.0,48.0,118.9,120.4,111.6,115.8,7.2,4.5,0.62,3.1,18.5,0.531,0.813,0.652,0.097,0.482,0.507,104.6,102.0,85.0,103,0.551
0022300014,2023-11-10,1610612742,Dallas Mavericks,1,1,0,1.0,48.0,139.2,145.5,127.5,128.6,11.7,16.9,0.588,3.33,20.4,0.396,0.574,0.484,0.091,0.617,0.658,101.1,98.5,82.08,99,0.565
0022300008,2023-11-10,1610612765,Detroit Pistons,1,0,1,0.0,48.0,104.2,108.2,115.1,116.3,-10.9,-8.2,0.7,1.65,20.0,0.3,0.736,0.524,0.173,0.512,0.554,100.4,98.0,81.67,98,0.454
0022300011,2023-11-10,1610612745,Houston Rockets,1,1,0,1.0,48.0,103.7,105.1,101.0,104.1,2.6,0.9,0.556,2.22,15.2,0.25,0.778,0.485,0.091,0.466,0.518,100.1,98.0,81.67,99,0.535
0022300014,2023-11-10,1610612746,LA Clippers,1,0,1,0.0,48.0,127.5,128.6,139.2,145.5,-11.7,-16.9,0.488,1.5,15.1,0.426,0.604,0.516,0.143,0.534,0.607,101.1,98.5,82.08,98,0.435
0022300015,2023-11-10,1610612747,Los Angeles Lakers,1,1,0,1.0,48.0,120.8,123.2,116.8,120.2,4.0,3.0,0.643,2.45,19.7,0.239,0.63,0.45,0.111,0.571,0.616,101.4,99.0,82.5,99,0.548
0022300012,2023-11-10,1610612763,Memphis Grizzlies,1,0,1,0.0,48.0,116.7,121.0,124.8,125.7,-8.1,-4.7,0.5,2.09,16.3,0.345,0.694,0.484,0.11,0.55,0.567,102.7,100.5,83.75,100,0.408
0022300013,2023-11-10,1610612750,Minnesota Timberwolves,1,1,0,1.0,48.0,112.6,111.4,102.5,104.8,10.2,6.7,0.535,1.28,16.1,0.313,0.755,0.545,0.171,0.552,0.592,105.6,105.0,87.5,105,0.525
0022300011,2023-11-10,1610612740,New Orleans Pelicans,1,0,1,0.0,48.0,101.0,104.1,103.7,105.1,-2.6,-0.9,0.353,0.67,10.1,0.222,0.75,0.515,0.186,0.507,0.561,100.1,98.0,81.67,97,0.465
0022300016,2023-11-10,1610612760,Oklahoma City Thunder,1,0,1,0.0,48.0,93.3,99.0,102.7,105.0,-9.4,-6.0,0.564,1.38,16.7,0.224,0.618,0.433,0.162,0.489,0.521,103.6,99.5,82.92,99,0.476
0022300008,2023-11-10,1610612755,Philadelphia 76ers,1,1,0,1.0,48.0,115.1,116.3,104.2,108.2,10.9,8.2,0.657,2.56,17.2,0.264,0.7,0.476,0.092,0.476,0.564,100.4,98.0,81.67,98,0.546
0022300015,2023-11-10,1610612756,Phoenix Suns,1,0,1,0.0,48.0,116.8,120.2,120.8,123.2,-4.0,-3.0,0.524,1.69,15.6,0.37,0.761,0.55,0.131,0.527,0.562,101.4,99.0,82.5,99,0.452
0022300016,2023-11-10,1610612758,Sacramento Kings,1,1,0,1.0,48.0,102.7,105.0,93.3,99.0,9.4,6.0,0.737,1.56,19.0,0.382,0.776,0.567,0.18,0.489,0.524,103.6,99.5,82.92,100,0.524
0022300013,2023-11-10,1610612759,San Antonio Spurs,1,0,1,0.0,48.0,102.5,104.8,112.6,111.4,-10.2,-6.7,0.674,2.07,20.0,0.245,0.688,0.455,0.133,0.533,0.548,105.6,105.0,87.5,105,0.475
0022300012,2023-11-10,1610612762,Utah Jazz,1,1,0,1.0,48.0,124.8,125.7,116.7,121.0,8.1,4.7,0.683,1.33,20.1,0.306,0.655,0.516,0.208,0.658,0.715,102.7,100.5,83.75,101,0.592
0022300009,2023-11-10,1610612764,Washington Wizards,1,0,1,0.0,48.0,111.6,115.8,118.9,120.4,-7.2,-4.5,0.651,1.87,20.3,0.188,0.469,0.348,0.149,0.568,0.604,104.6,102.0,85.0,101,0.449
0022300175,2023-11-11,1610612737,Atlanta Hawks,1,0,1,0.0,48.0,106.9,105.8,113.6,113.6,-6.6,-7.8,0.605,1.05,16.2,0.314,0.795,0.537,0.214,0.54,0.574,102.5,103.0,85.83,103,0.438
0022300174,2023-11-11,1610612738,Boston Celtics,1,1,0,1.0,48.0,117.3,121.9,94.0,95.9,23.4,26.0,0.638,2.31,22.4,0.186,0.776,0.525,0.135,0.634,0.638,99.9,97.0,80.83,96,0.605
0022300176,2023-11-11,1610612739,Cleveland Cavaliers,1,1,0,1.0,48.0,112.5,113.5,101.7,104.8,10.8,8.7,0.622,2.09,16.5,0.222,0.632,0.432,0.106,0.494,0.562,106.6,104.5,87.08,104,0.555
0022300176,2023-11-11,1610612744,Golden State Warriors,1,0,1,0.0,48.0,101.7,104.8,112.5,113.5,-10.8,-8.7,0.703,1.3,17.1,0.368,0.778,0.568,0.19,0.483,0.533,106.6,104.5,87.08,105,0.445
0022300175,2023-11-11,1610612748,Miami Heat,1,1,0,1.0,48.0,113.6,113.6,106.9,105.8,6.6,7.8,0.561,1.53,17.0,0.205,0.686,0.463,0.146,0.56,0.616,102.5,103.0,85.83,103,0.562
0022300173,2023-11-11,1610612749,Milwaukee Bucks,1,0,1,0.0,48.0,95.1,97.0,111.6,113.1,-16.5,-16.1,0.658,1.32,18.9,0.205,0.66,0.447,0.19,0.552,0.551,101.2,99.5,82.92,100,0.432
0022300173,2023-11-11,1610612753,Orlando Magic,1,1,0,1.0,48.0,111.6,113.1,95.1,97.0,16.5,16.1,0.667,1.5,17.1,0.34,0.795,0.553,0.162,0.488,0.563,101.2,99.5,82.92,99,0.568
0022300174,2023-11-11,1610612761,Toronto Raptors,1,0,1,0.0,48.0,94.0,95.9,117.3,121.9,-23.4,-26.0,0.714,2.78,18.7,0.224,0.814,0.475,0.092,0.44,0.479,99.9,97.0,80.83,98,0.395
0022300178,2023-11-12,1610612751,Brooklyn Nets,1,1,0,1.0,48.0,96.4,99.0,90.4,91.3,6.0,7.8,0.595,1.16,14.7,0.403,0.814,0.603,0.184,0.439,0.478,104.9,103.0,85.83,103,0.524
0022300177,2023-11-12,1610612766,Charlotte Hornets,1,0,1,0.0,48.0,111.6,113.8,130.0,138.7,-18.4,-24.9,0.477,1.75,15.8,0.358,0.674,0.5,0.128,0.532,0.541,97.5,93.5,77.92,94,0.373
0022300181,2023-11-12,1610612741,Chicago Bulls,1,1,0,1.0,48.0,121.4,124.0,108.6,110.2,12.8,13.8,0.5,3.14,16.8,0.265,0.577,0.426,0.073,0.544,0.583,98.7,97.0,80.83,96,0.546
0022300183,2023-11-12,1610612742,Dallas Mavericks,1,1,0,1.0,48.0,124.5,125.9,116.2,114.8,8.3,11.1,0.58,4.83,19.7,0.185,0.714,0.437,0.056,0.588,0.611,108.0,108.0,90.0,108,0.535
0022300182,2023-11-12,1610612743,Denver Nuggets,1,0,1,0.0,48.0,108.2,110.6,110.6,113.8,-2.4,-3.2,0.571,2.18,18.2,0.32,0.698,0.515,0.117,0.511,0.535,96.5,94.0,78.33,94,0.499
0022300181,2023-11-12,1610612765,Detroit Pistons,1,0,1,0.0,48.0,108.6,110.2,121.4,124.0,-12.8,-13.8,0.684,1.63,18.1,0.423,0.735,0.574,0.163,0.494,0.543,98.7,97.0,80.83,98,0.454
0022300186,2023-11-12,1610612744,Golden State Warriors,1,0,1,0.0,48.0,106.5,110.0,115.8,114.9,-9.3,-4.9,0.649,1.71,16.4,0.355,0.75,0.519,0.14,0.448,0.508,101.8,100.5,83.75,100,0.408
0022300182,2023-11-12,1610612745,Houston Rockets,1,1,0,1.0,48.0,110.6,113.8,108.2,110.6,2.4,3.2,0.541,2.22,15.6,0.302,0.68,0.485,0.096,0.483,0.536,96.5,94.0,78.33,94,0.501
0022300180,2023-11-12,1610612754,Indiana Pacers,1,0,1,0.0,48.0,125.5,126.0,133.3,137.0,-7.7,-11.0,0.66,3.1,21.8,0.25,0.472,0.371,0.1,0.611,0.641,101.6,100.0,83.33,100,0.488
0022300179,2023-11-12,1610612746,LA Clippers,1,0,1,0.0,48.0,97.9,104.1,101.4,109.4,-3.4,-5.3,0.703,1.63,18.6,0.34,0.654,0.5,0.165,0.506,0.531,103.3,96.5,80.42,97,0.5
0022300187,2023-11-12,1610612747,Los Angeles Lakers,1,1,0,1.0,48.0,113.4,114.9,104.8,108.9,8.6,5.9,0.659,3.0,19.7,0.2,0.778,0.489,0.089,0.512,0.578,103.6,101.0,84.17,101,0.566
0022300179,2023-11-12,1610612763,Memphis Grizzlies,1,1,0,1.0,48.0,101.4,109.4,97.9,104.1,3.4,5.3,0.676,1.56,18.0,0.346,0.66,0.5,0.167,0.494,0.533,103.3,96.5,80.42,96,0.5
0022300184,2023-11-12,1610612748,Miami Heat,1,1,0,1.0,48.0,120.2,118.0,110.5,114.1,9.7,3.9,0.667,3.71,18.7,0.25,0.7,0.471,0.07,0.506,0.577,100.2,99.5,82.92,100,0.517
0022300186,2023-11-12,1610612750,Minnesota Timberwolves,1,1,0,1.0,48.0,115.8,114.9,106.5,110.0,9.3,4.9,0.628,1.93,19.4,0.25,0.645,0.481,0.139,0.579,0.609,101.8,100.5,83.75,101,0.592
0022300183,2023-11-12,1610612740,New Orleans Pelicans,1,0,1,0.0,48.0,116.2,114.8,124.5,125.9,-8.3,-11.1,0.66,1.72,20.3,0.286,0.815,0.563,0.167,0.603,0.61,108.0,108.0,90.0,108,0.465
0022300177,2023-11-12,1610612752,New York Knicks,1,1,0,1.0,48.0,130.0,138.7,111.6,113.8,18.4,24.9,0.532,2.78,18.9,0.326,0.642,0.5,0.097,0.626,0.644,97.5,93.5,77.92,93,0.627
0022300185,2023-11-12,1610612760,Oklahoma City Thunder,1,1,0,1.0,48.0,115.6,115.6,101.4,103.1,14.2,12.5,0.575,2.56,18.3,0.182,0.611,0.418,0.094,0.549,0.597,96.8,96.0,80.0,96,0.566
0022300180,2023-11-12,1610612755,Philadelphia 76ers,1,1,0,1.0,48.0,133.3,137.0,125.5,126.0,7.7,11.0,0.528,2.33,17.9,0.528,0.75,0.629,0.12,0.571,0.602,101.6,100.0,83.33,100,0.512
0022300185,2023-11-12,1610612756,Phoenix Suns,1,0,1,0.0,48.0,101.4,103.1,115.6,115.6,-14.2,-12.5,0.625,1.18,14.6,0.389,0.818,0.582,0.177,0.44,0.512,96.8,96.0,80.0,96,0.434
0022300187,2023-11-12,1610612757,Portland Trail Blazers,1,0,1,0.0,48.0,104.8,108.9,113.4,114.9,-8.6,-5.9,0.644,1.81,20.7,0.222,0.8,0.511,0.158,0.572,0.585,103.6,101.0,84.17,101,0.434
0022300184,2023-11-12,1610612759,San Antonio Spurs,1,0,1,0.0,48.0,110.5,114.1,120.2,118.0,-9.7,-3.9,0.833,2.06,23.6,0.3,0.75,0.529,0.172,0.566,0.587,100.2,99.5,82.92,99,0.483
0022300178,2023-11-12,1610612764,Washington Wizards,1,0,1,0.0,48.0,90.4,91.3,96.4,99.0,-6.0,-7.8,0.606,1.67,14.9,0.186,0.597,0.397,0.117,0.432,0.475,104.9,103.0,85.83,103,0.476
0022300188,2023-11-13,1610612738,Boston Celtics,1,1,0,1.0,48.0,128.0,129.5,109.4,115.3,18.6,14.3,0.675,2.45,21.6,0.282,0.646,0.483,0.125,0.627,0.662,89.3,86.5,72.08,88,0.598
0022300190,2023-11-13,1610612741,Chicago Bulls,1,0,1,0.0,48.0,109.8,111.2,112.5,120.4,-2.7,-9.2,0.632,3.0,16.9,0.317,0.596,0.443,0.082,0.45,0.499,102.1,98.0,81.67,98,0.469
0022300191,2023-11-13,1610612739,Cleveland Cavaliers,1,0,1,0.0,48.0,125.7,126.3,139.4,137.5,-13.7,-11.2,0.533,2.18,17.8,0.333,0.769,0.529,0.116,0.582,0.609,95.1,95.5,79.58,95,0.437
0022300190,2023-11-13,1610612749,Milwaukee Bucks,1,1,0,1.0,48.0,112.5,120.4,109.8,111.2,2.7,9.2,0.548,1.35,16.3,0.404,0.683,0.557,0.173,0.556,0.585,102.1,98.0,81.67,98,0.531
0022300188,2023-11-13,1610612752,New York Knicks,1,0,1,0.0,48.0,109.4,115.3,128.0,129.5,-18.6,-14.3,0.515,1.42,14.3,0.354,0.718,0.517,0.141,0.513,0.547,89.3,86.5,72.08,85,0.402
0022300191,2023-11-13,1610612758,Sacramento Kings,1,1,0,1.0,48.0,139.4,137.5,125.7,126.3,13.7,11.2,0.653,3.2,23.4,0.231,0.667,0.471,0.104,0.711,0.712,95.1,95.5,79.58,96,0.563
0022300189,2023-11-13,1610612761,Toronto Raptors,1,1,0,1.0,48.0,106.7,107.8,103.6,105.9,3.1,1.8,0.622,1.47,18.7,0.373,0.791,0.564,0.184,0.522,0.55,103.6,102.0,85.0,103,0.521
0022300189,2023-11-13,1610612764,Washington Wizards,1,0,1,0.0,48.0,103.6,105.9,106.7,107.8,-3.1,-1.8,0.744,1.45,22.5,0.209,0.627,0.436,0.218,0.583,0.599,103.6,102.0,85.0,101,0.479
0022300018,2023-11-14,1610612737,Atlanta Hawks,1,1,0,1.0,48.0,123.0,121.2,116.4,116.5,6.6,4.6,0.622,2.0,19.4,0.279,0.681,0.489,0.135,0.586,0.64,102.8,103.5,86.25,104,0.52
0022300020,2023-11-14,1610612751,Brooklyn Nets,1,1,0,1.0,48.0,128.1,130.5,105.9,109.5,22.2,21.1,0.478,1.38,16.7,0.356,0.708,0.538,0.168,0.653,0.661,97.5,95.0,79.17,95,0.561
0022300017,2023-11-14,1610612766,Charlotte Hornets,1,0,1,0.0,48.0,109.7,111.7,118.9,115.6,-9.2,-3.9,0.583,1.17,16.3,0.304,0.75,0.522,0.191,0.537,0.579,94.5,95.0,79.17,94,0.421
0022300022,2023-11-14,1610612742,Dallas Mavericks,1,0,1,0.0,48.0,104.3,102.8,123.1,126.0,-18.7,-23.2,0.658,1.25,16.7,0.352,0.714,0.524,0.187,0.5,0.542,105.9,105.5,87.92,107,0.382
0022300024,2023-11-14,1610612743,Denver Nuggets,1,1,0,1.0,48.0,116.7,118.1,115.4,113.7,1.3,4.4,0.667,1.86,20.2,0.243,0.68,0.494,0.149,0.589,0.637,94.3,94.5,78.75,94,0.536
0022300018,2023-11-14,1610612765,Detroit Pistons,1,0,1,0.0,48.0,116.4,116.5,123.0,121.2,-6.6,-4.6,0.766,2.12,23.4,0.319,0.721,0.511,0.165,0.578,0.599,102.8,103.5,86.25,103,0.48
0022300025,2023-11-14,1610612744,Golden State Warriors,1,0,1,0.0,48.0,99.0,103.1,102.7,104.0,-3.7,-0.9,0.757,1.4,19.7,0.308,0.745,0.515,0.204,0.494,0.531,101.6,99.0,82.5,98,0.487
0022300019,2023-11-14,1610612754,Indiana Pacers,1,1,0,1.0,48.0,121.6,122.2,112.1,114.5,9.5,7.7,0.667,2.91,21.2,0.224,0.773,0.484,0.102,0.586,0.614,110.5,109.0,90.83,108,0.526
0022300024,2023-11-14,1610612746,LA Clippers,1,0,1,0.0,48.0,115.4,113.7,116.7,118.1,-1.3,-4.4,0.568,1.91,15.9,0.32,0.757,0.506,0.116,0.506,0.559,94.3,94.5,78.75,95,0.464
0022300026,2023-11-14,1610612747,Los Angeles Lakers,1,1,0,1.0,48.0,133.3,138.1,99.7,109.2,33.5,29.0,0.638,1.58,21.0,0.444,0.676,0.596,0.196,0.716,0.732,103.9,97.5,81.25,97,0.652
0022300026,2023-11-14,1610612763,Memphis Grizzlies,1,0,1,0.0,48.0,99.7,109.2,133.3,138.1,-33.5,-29.0,0.718,3.11,18.9,0.324,0.556,0.404,0.092,0.462,0.481,103.9,97.5,81.25,98,0.348
0022300017,2023-11-14,1610612748,Miami Heat,1,1,0,1.0,48.0,118.9,115.6,109.7,111.7,9.2,3.9,0.65,3.25,19.5,0.25,0.696,0.478,0.083,0.53,0.582,94.5,95.0,79.17,96,0.579
0022300025,2023-11-14,1610612750,Minnesota Timberwolves,1,1,0,1.0,48.0,102.7,104.0,99.0,103.1,3.7,0.9,0.667,1.2,17.6,0.255,0.692,0.485,0.2,0.531,0.576,101.6,99.0,82.5,100,0.513
0022300022,2023-11-14,1610612740,New Orleans Pelicans,1,1,0,1.0,48.0,123.1,126.0,104.3,102.8,18.7,23.2,0.673,2.54,21.9,0.286,0.648,0.476,0.125,0.596,0.621,105.9,105.5,87.92,104,0.618
0022300021,2023-11-14,1610612760,Oklahoma City Thunder,1,1,0,1.0,48.0,112.0,116.0,79.8,82.1,32.2,34.0,0.739,2.13,22.8,0.205,0.678,0.476,0.151,0.601,0.629,109.4,106.0,88.33,106,0.697
0022300020,2023-11-14,1610612753,Orlando Magic,1,0,1,0.0,48.0,105.9,109.5,128.1,130.5,-22.2,-21.1,0.639,1.44,17.6,0.292,0.644,0.462,0.168,0.537,0.57,97.5,95.0,79.17,95,0.439
0022300019,2023-11-14,1610612755,Philadelphia 76ers,1,0,1,0.0,48.0,112.1,114.5,121.6,122.2,-9.5,-7.7,0.512,1.38,15.5,0.227,0.776,0.516,0.145,0.535,0.621,110.5,109.0,90.83,110,0.474
0022300023,2023-11-14,1610612757,Portland Trail Blazers,1,0,1,0.0,48.0,98.2,98.0,116.6,113.9,-18.4,-15.8,0.622,1.35,16.7,0.302,0.667,0.481,0.168,0.483,0.511,99.7,101.0,84.17,101,0.401
0022300021,2023-11-14,1610612759,San Antonio Spurs,1,0,1,0.0,48.0,79.8,82.1,112.0,116.0,-32.2,-34.0,0.667,0.96,16.3,0.322,0.795,0.524,0.236,0.435,0.449,109.4,106.0,88.33,106,0.303
0022300023,2023-11-14,1610612762,Utah Jazz,1,1,0,1.0,48.0,116.6,113.9,98.2,98.0,18.4,15.8,0.591,2.0,18.1,0.333,0.698,0.519,0.129,0.532,0.566,99.7,101.0,84.17,101,0.599
0022300193,2023-11-15,1610612737,Atlanta Hawks,1,0,1,0.0,48.0,119.4,120.0,113.9,120.8,5.5,-0.8,0.683,1.87,21.5,0.184,0.551,0.391,0.158,0.627,0.659,98.6,95.5,79.58,95,0.512
0022300194,2023-11-15,1610612738,Boston Celtics,1,1,0,1.0,48.0,124.0,125.8,114.2,115.1,9.8,10.8,0.548,2.3,17.6,0.313,0.735,0.526,0.108,0.58,0.607,94.0,93.0,77.5,93,0.552
0022300196,2023-11-15,1610612741,Chicago Bulls,1,0,1,0.0,48.0,96.2,95.9,97.8,98.0,-1.5,-2.0,0.485,0.84,12.3,0.308,0.741,0.528,0.194,0.452,0.507,97.9,98.0,81.67,98,0.467
0022300199,2023-11-15,1610612739,Cleveland Cavaliers,1,1,0,1.0,48.0,114.4,114.7,91.3,101.1,23.1,13.7,0.548,1.28,18.1,0.324,0.695,0.559,0.189,0.62,0.647,99.6,94.5,78.75,95,0.648
0022300192,2023-11-15,1610612742,Dallas Mavericks,1,1,0,1.0,48.0,122.9,126.2,113.5,112.5,9.5,13.7,0.667,3.2,21.9,0.216,0.796,0.5,0.097,0.614,0.62,104.4,103.5,86.25,103,0.553
0022300198,2023-11-15,1610612747,Los Angeles Lakers,1,0,1,0.0,48.0,102.5,100.9,115.2,114.7,-12.8,-13.8,0.595,1.09,17.7,0.163,0.76,0.484,0.211,0.572,0.602,107.9,109.0,90.83,109,0.449
0022300195,2023-11-15,1610612749,Milwaukee Bucks,1,1,0,1.0,48.0,130.3,129.3,114.7,114.3,15.6,15.0,0.568,1.92,18.7,0.238,0.55,0.422,0.131,0.635,0.679,97.9,98.5,82.08,99,0.547
0022300197,2023-11-15,1610612750,Minnesota Timberwolves,1,0,1,0.0,48.0,121.9,125.0,139.1,146.2,-17.2,-21.2,0.429,3.0,13.7,0.404,0.765,0.547,0.065,0.484,0.551,95.0,91.5,76.25,92,0.44
0022300193,2023-11-15,1610612752,New York Knicks,1,1,0,1.0,48.0,113.9,120.8,119.4,120.0,-5.5,0.8,0.644,1.71,19.7,0.449,0.816,0.609,0.177,0.564,0.587,98.6,95.5,79.58,96,0.488
0022300196,2023-11-15,1610612753,Orlando Magic,1,1,0,1.0,48.0,97.8,98.0,96.2,95.9,1.5,2.0,0.625,1.33,15.2,0.259,0.692,0.472,0.153,0.439,0.504,97.9,98.0,81.67,98,0.533
0022300194,2023-11-15,1610612755,Philadelphia 76ers,1,0,1,0.0,48.0,114.2,115.1,124.0,125.8,-9.8,-10.8,0.462,2.0,14.5,0.265,0.688,0.474,0.097,0.524,0.565,94.0,93.0,77.5,93,0.448
0022300197,2023-11-15,1610612756,Phoenix Suns,1,1,0,1.0,48.0,139.1,146.2,121.9,125.0,17.2,21.2,0.608,3.44,23.8,0.235,0.596,0.453,0.099,0.7,0.726,95.0,91.5,76.25,91,0.56
0022300199,2023-11-15,1610612757,Portland Trail Blazers,1,0,1,0.0,48.0,91.3,101.1,114.4,114.7,-23.1,-13.7,0.706,1.71,17.6,0.305,0.676,0.441,0.149,0.445,0.484,99.6,94.5,78.75,94,0.352
0022300198,2023-11-15,1610612758,Sacramento Kings,1,1,0,1.0,48.0,115.2,114.7,102.5,100.9,12.8,13.8,0.646,1.94,20.4,0.24,0.837,0.516,0.147,0.583,0.604,107.9,109.0,90.83,109,0.551
0022300195,2023-11-15,1610612761,Toronto Raptors,1,0,1,0.0,48.0,114.7,114.3,130.3,129.3,-15.6,-15.0,0.737,2.0,18.3,0.45,0.762,0.578,0.143,0.443,0.511,97.9,98.5,82.08,98,0.453
0022300192,2023-11-15,1610612764,Washington Wizards,1,0,1,0.0,48.0,113.5,112.5,122.9,126.2,-9.5,-13.7,0.535,1.92,16.8,0.204,0.784,0.5,0.115,0.551,0.59,104.4,103.5,86.25,104,0.447
0022300200,2023-11-16,1610612751,Brooklyn Nets,1,0,1,0.0,48.0,112.9,125.0,130.4,131.2,-17.5,-6.2,0.725,1.93,20.7,0.435,0.775,0.593,0.163,0.553,0.594,97.7,92.5,77.08,92,0.46
0022300201,2023-11-16,1610612744,Golden State Warriors,1,0,1,0.0,48.0,106.5,110.1,124.1,128.0,-17.6,-17.9,0.675,1.69,18.0,0.393,0.698,0.519,0.162,0.48,0.512,102.7,99.5,82.92,99,0.394
0022300200,2023-11-16,1610612748,Miami Heat,1,1,0,1.0,48.0,130.4,131.2,112.9,125.0,17.5,6.2,0.619,2.89,20.3,0.225,0.565,0.407,0.097,0.611,0.666,97.7,92.5,77.08,93,0.54
0022300201,2023-11-16,1610612760,Oklahoma City Thunder,1,1,0,1.0,48.0,124.1,128.0,106.5,110.1,17.6,17.9,0.705,2.38,21.5,0.302,0.607,0.481,0.13,0.615,0.659,102.7,99.5,82.92,100,0.606
0022300029,2023-11-17,1610612737,Atlanta Hawks,1,0,1,0.0,48.0,114.6,117.2,120.8,128.6,-6.2,-11.4,0.6,1.85,16.9,0.38,0.578,0.474,0.131,0.517,0.568,102.8,98.5,82.08,99,0.434
0022300031,2023-11-17,1610612738,Boston Celtics,1,1,0,1.0,48.0,109.1,110.2,103.8,106.1,5.3,4.1,0.69,2.64,21.2,0.2,0.804,0.49,0.112,0.543,0.563,100.1,98.5,82.08,98,0.514
0022300027,2023-11-17,1610612766,Charlotte Hornets,1,0,1,0.0,48.0,95.5,96.1,125.3,126.2,-29.9,-30.1,0.486,1.5,13.6,0.193,0.857,0.475,0.117,0.44,0.492,103.7,103.0,85.83,103,0.36
0022300033,2023-11-17,1610612741,Chicago Bulls,1,0,1,0.0,48.0,97.3,100.0,105.0,108.4,-7.7,-8.4,0.543,1.19,15.2,0.213,0.717,0.462,0.165,0.506,0.547,98.9,96.0,80.0,97,0.449
0022300030,2023-11-17,1610612739,Cleveland Cavaliers,1,1,0,1.0,48.0,112.2,111.3,103.5,102.0,8.7,9.3,0.5,1.75,16.7,0.19,0.642,0.442,0.124,0.567,0.592,96.4,97.5,81.25,97,0.569
0022300034,2023-11-17,1610612743,Denver Nuggets,1,0,1,0.0,48.0,106.5,111.1,110.3,113.9,-3.8,-2.8,0.787,2.85,24.8,0.245,0.824,0.529,0.131,0.542,0.543,103.8,100.0,83.33,99,0.479
0022300030,2023-11-17,1610612765,Detroit Pistons,1,0,1,0.0,48.0,103.5,102.0,112.2,111.3,-8.7,-9.3,0.513,1.18,14.7,0.358,0.81,0.558,0.173,0.478,0.512,96.4,97.5,81.25,98,0.431
0022300037,2023-11-17,1610612745,Houston Rockets,1,0,1,0.0,48.0,98.2,100.0,103.7,106.0,-5.5,-6.0,0.632,1.41,17.4,0.255,0.76,0.495,0.17,0.489,0.517,102.0,100.0,83.33,100,0.432
0022300037,2023-11-17,1610612746,LA Clippers,1,1,0,1.0,48.0,103.7,106.0,98.2,100.0,5.5,6.0,0.611,1.57,16.4,0.24,0.745,0.505,0.14,0.512,0.551,102.0,100.0,83.33,100,0.568
0022300036,2023-11-17,1610612747,Los Angeles Lakers,1,1,0,1.0,48.0,109.5,110.3,98.0,99.0,11.5,11.4,0.675,1.5,19.7,0.326,0.643,0.505,0.186,0.568,0.59,97.3,96.5,80.42,97,0.604
0022300027,2023-11-17,1610612749,Milwaukee Bucks,1,1,0,1.0,48.0,125.3,126.2,95.5,96.1,29.9,30.1,0.653,2.46,22.9,0.143,0.807,0.525,0.126,0.674,0.686,103.7,103.0,85.83,103,0.64
0022300034,2023-11-17,1610612740,New Orleans Pelicans,1,1,0,1.0,48.0,110.3,113.9,106.5,111.1,3.8,2.8,0.717,3.0,23.1,0.176,0.755,0.471,0.109,0.591,0.591,103.8,100.0,83.33,101,0.521
0022300028,2023-11-17,1610612752,New York Knicks,1,1,0,1.0,48.0,124.0,127.7,103.1,106.5,20.9,21.2,0.578,2.36,18.8,0.375,0.761,0.564,0.117,0.582,0.601,96.4,93.5,77.92,94,0.58
0022300033,2023-11-17,1610612753,Orlando Magic,1,1,0,1.0,48.0,105.0,108.4,97.3,100.0,7.7,8.4,0.632,1.26,18.2,0.283,0.787,0.538,0.2,0.551,0.578,98.9,96.0,80.0,95,0.551
0022300029,2023-11-17,1610612755,Philadelphia 76ers,1,1,0,1.0,48.0,120.8,128.6,114.6,117.2,6.2,11.4,0.744,1.88,21.5,0.422,0.62,0.526,0.173,0.563,0.628,102.8,98.5,82.08,98,0.566
0022300035,2023-11-17,1610612756,Phoenix Suns,1,1,0,1.0,48.0,129.1,133.7,132.5,132.0,-3.3,1.7,0.778,3.89,24.3,0.279,0.721,0.5,0.092,0.628,0.672,99.0,97.5,81.25,98,0.525
0022300036,2023-11-17,1610612757,Portland Trail Blazers,1,0,1,0.0,48.0,98.0,99.0,109.5,110.3,-11.5,-11.4,0.472,0.89,12.8,0.357,0.674,0.495,0.198,0.461,0.49,97.3,96.5,80.42,96,0.396
0022300032,2023-11-17,1610612758,Sacramento Kings,1,1,0,1.0,48.0,122.2,121.7,108.0,112.1,14.2,9.5,0.674,2.21,22.0,0.091,0.804,0.474,0.132,0.647,0.675,108.3,106.5,88.75,106,0.54
0022300032,2023-11-17,1610612759,San Antonio Spurs,1,0,1,0.0,48.0,108.0,112.1,122.2,121.7,-14.2,-9.5,0.767,2.2,22.0,0.196,0.909,0.526,0.14,0.549,0.588,108.3,106.5,88.75,107,0.46
0022300031,2023-11-17,1610612761,Toronto Raptors,1,0,1,0.0,48.0,103.8,106.1,109.1,110.2,-5.3,-4.1,0.69,2.23,21.3,0.196,0.8,0.51,0.131,0.552,0.564,100.1,98.5,82.08,99,0.486
0022300035,2023-11-17,1610612762,Utah Jazz,1,0,1,0.0,48.0,132.5,132.0,129.1,133.7,3.3,-1.7,0.628,3.38,19.9,0.279,0.721,0.5,0.082,0.6,0.649,99.0,97.5,81.25,97,0.475
0022300028,2023-11-17,1610612764,Washington Wizards,1,0,1,0.0,48.0,103.1,106.5,124.0,127.7,-20.9,-21.2,0.676,1.79,19.4,0.239,0.625,0.436,0.151,0.512,0.556,96.4,93.5,77.92,93,0.42
0022300202,2023-11-18,1610612766,Charlotte Hornets,1,0,1,0.0,48.0,111.7,112.5,124.0,127.1,-12.4,-14.6,0.725,2.23,22.1,0.163,0.694,0.446,0.135,0.591,0.616,97.5,96.0,80.0,96,0.446
0022300204,2023-11-18,1610612741,Chicago Bulls,1,1,0,1.0,48.0,110.4,108.5,99.9,104.3,10.6,4.2,0.667,1.85,18.6,0.267,0.761,0.516,0.138,0.543,0.571,94.7,93.5,77.92,94,0.536
0022300205,2023-11-18,1610612742,Dallas Mavericks,1,0,1,0.0,48.0,115.3,120.2,126.0,126.9,-10.6,-6.7,0.529,2.25,18.6,0.259,0.848,0.53,0.115,0.573,0.582,106.6,104.0,86.67,104,0.453
0022300207,2023-11-18,1610612744,Golden State Warriors,1,0,1,0.0,53.0,113.6,109.8,116.3,117.1,-2.6,-7.3,0.75,2.06,20.6,0.278,0.755,0.505,0.143,0.546,0.579,99.6,100.98,84.15,112,0.466
0022300206,2023-11-18,1610612763,Memphis Grizzlies,1,1,0,1.0,48.0,115.6,122.4,110.8,111.3,4.7,11.1,0.575,1.64,16.3,0.408,0.735,0.571,0.143,0.529,0.589,100.6,97.5,81.25,98,0.544
0022300204,2023-11-18,1610612748,Miami Heat,1,0,1,0.0,48.0,99.9,104.3,110.4,108.5,-10.6,-4.2,0.697,1.53,18.1,0.239,0.733,0.484,0.161,0.506,0.557,94.7,93.5,77.92,93,0.464
0022300205,2023-11-18,1610612749,Milwaukee Bucks,1,1,0,1.0,48.0,126.0,126.9,115.3,120.2,10.6,6.7,0.592,4.14,20.7,0.152,0.741,0.47,0.067,0.612,0.642,106.6,104.0,86.67,104,0.547
0022300203,2023-11-18,1610612750,Minnesota Timberwolves,1,1,0,1.0,48.0,119.9,121.0,119.9,121.2,0.1,-0.2,0.674,2.07,21.0,0.231,0.682,0.47,0.14,0.619,0.658,100.5,99.5,82.92,100,0.521
0022300203,2023-11-18,1610612740,New Orleans Pelicans,1,0,1,0.0,48.0,119.9,121.2,119.9,121.0,-0.1,0.2,0.614,1.59,19.3,0.318,0.769,0.53,0.172,0.581,0.624,100.5,99.5,82.92,99,0.479
0022300202,2023-11-18,1610612752,New York Knicks,1,1,0,1.0,48.0,124.0,127.1,111.7,112.5,12.4,14.6,0.587,2.25,19.6,0.306,0.837,0.554,0.125,0.593,0.614,97.5,96.0,80.0,96,0.554
0022300207,2023-11-18,1610612760,Oklahoma City Thunder,1,1,0,1.0,53.0,116.3,117.1,113.6,109.8,2.6,7.3,0.5,2.17,17.4,0.245,0.722,0.495,0.108,0.56,0.597,99.6,100.98,84.15,111,0.534
0022300206,2023-11-18,1610612759,San Antonio Spurs,1,0,1,0.0,48.0,110.8,111.3,115.6,122.4,-4.7,-11.1,0.722,1.73,19.1,0.265,0.592,0.429,0.155,0.524,0.572,100.6,97.5,81.25,97,0.456
0022300213,2023-11-19,1610612738,Boston Celtics,1,1,0,1.0,48.0,106.3,108.5,103.7,106.4,2.5,2.1,0.571,1.18,15.7,0.304,0.69,0.519,0.181,0.532,0.58,96.2,94.0,78.33,94,0.526
0022300208,2023-11-19,1610612751,Brooklyn Nets,1,0,1,0.0,48.0,105.3,103.1,124.8,127.4,-19.6,-24.2,0.632,1.6,18.5,0.217,0.784,0.515,0.156,0.537,0.562,95.5,95.5,79.58,96,0.422
0022300210,2023-11-19,1610612739,Cleveland Cavaliers,1,1,0,1.0,48.0,125.5,124.7,113.4,112.4,12.1,12.4,0.667,2.14,21.6,0.3,0.766,0.552,0.144,0.616,0.647,96.3,97.0,80.83,97,0.592
0022300212,2023-11-19,1610612742,Dallas Mavericks,1,0,1,0.0,48.0,114.8,114.1,131.3,134.4,-16.5,-20.2,0.561,2.3,16.8,0.294,0.667,0.469,0.101,0.534,0.568,98.3,97.5,81.25,99,0.428
0022300210,2023-11-19,1610612743,Denver Nuggets,1,0,1,0.0,48.0,113.4,112.4,125.5,124.7,-12.1,-12.4,0.59,1.77,17.6,0.234,0.7,0.448,0.134,0.561,0.592,96.3,97.0,80.83,97,0.408
0022300211,2023-11-19,1610612765,Detroit Pistons,1,0,1,0.0,48.0,104.2,107.6,128.2,134.0,-24.0,-26.3,0.641,1.47,17.7,0.224,0.66,0.451,0.162,0.524,0.574,109.6,105.5,87.92,105,0.366
0022300216,2023-11-19,1610612745,Houston Rockets,1,0,1,0.0,48.0,103.6,106.1,101.2,107.1,2.4,-1.0,0.854,1.94,24.6,0.209,0.652,0.438,0.184,0.571,0.588,102.1,98.0,81.67,98,0.479
0022300209,2023-11-19,1610612754,Indiana Pacers,1,0,1,0.0,48.0,102.1,107.4,113.8,117.4,-11.7,-10.0,0.571,1.5,16.2,0.304,0.696,0.48,0.148,0.484,0.534,113.1,108.5,90.42,108,0.415
0022300216,2023-11-19,1610612747,Los Angeles Lakers,1,1,0,1.0,48.0,101.2,107.1,103.6,106.1,-2.4,1.0,0.667,1.44,18.6,0.348,0.791,0.562,0.184,0.506,0.548,102.1,98.0,81.67,98,0.521
0022300213,2023-11-19,1610612763,Memphis Grizzlies,1,0,1,0.0,48.0,103.7,106.4,106.3,108.5,-2.5,-2.1,0.757,2.55,20.1,0.31,0.696,0.481,0.117,0.479,0.503,96.2,94.0,78.33,94,0.474
0022300215,2023-11-19,1610612760,Oklahoma City Thunder,1,1,0,1.0,48.0,140.8,141.1,90.8,95.8,50.0,45.3,0.571,1.56,20.9,0.375,0.648,0.547,0.189,0.741,0.769,97.7,95.0,79.17,95,0.718
0022300209,2023-11-19,1610612753,Orlando Magic,1,1,0,1.0,48.0,113.8,117.4,102.1,107.4,11.7,10.0,0.488,1.4,14.6,0.304,0.696,0.52,0.138,0.534,0.607,113.1,108.5,90.42,109,0.585
0022300208,2023-11-19,1610612755,Philadelphia 76ers,1,1,0,1.0,48.0,124.8,127.4,105.3,103.1,19.6,24.2,0.727,6.4,23.2,0.216,0.783,0.485,0.053,0.553,0.594,95.5,95.5,79.58,95,0.578
0022300214,2023-11-19,1610612756,Phoenix Suns,1,1,0,1.0,58.0,116.2,120.7,113.1,118.1,3.1,2.6,0.72,2.0,21.3,0.309,0.514,0.424,0.155,0.578,0.617,99.9,96.0,80.0,116,0.556
0022300215,2023-11-19,1610612757,Portland Trail Blazers,1,0,1,0.0,48.0,90.8,95.8,140.8,141.1,-50.0,-45.3,0.618,1.11,15.7,0.352,0.625,0.453,0.2,0.453,0.483,97.7,95.0,79.17,95,0.282
0022300212,2023-11-19,1610612758,Sacramento Kings,1,1,0,1.0,48.0,131.3,134.4,114.8,114.1,16.5,20.2,0.708,2.62,23.4,0.333,0.706,0.531,0.135,0.628,0.65,98.3,97.5,81.25,96,0.572
0022300211,2023-11-19,1610612761,Toronto Raptors,1,1,0,1.0,48.0,128.2,134.0,104.2,107.6,24.0,26.3,0.8,5.5,26.2,0.34,0.776,0.549,0.075,0.608,0.619,109.6,105.5,87.92,106,0.634
0022300214,2023-11-19,1610612762,Utah Jazz,1,0,1,0.0,58.0,113.1,118.1,116.2,120.7,-3.1,-2.6,0.563,1.42,15.3,0.486,0.691,0.576,0.164,0.483,0.531,99.9,96.0,80.0,116,0.444
0022300217,2023-11-20,1610612738,Boston Celtics,1,0,1,0.0,53.0,104.1,108.3,112.6,113.1,-8.4,-4.8,0.452,1.27,13.2,0.288,0.655,0.47,0.138,0.515,0.54,100.0,97.81,81.51,109,0.439
0022300217,2023-11-20,1610612766,Charlotte Hornets,1,1,0,1.0,53.0,112.6,113.1,104.1,108.3,8.4,4.8,0.63,2.23,18.6,0.345,0.712,0.53,0.121,0.505,0.543,100.0,97.81,81.51,107,0.561
0022300220,2023-11-20,1610612741,Chicago Bulls,1,0,1,0.0,48.0,108.6,108.7,125.8,128.3,-17.2,-19.6,0.568,1.91,17.4,0.182,0.721,0.448,0.12,0.525,0.568,92.9,92.0,76.67,92,0.418
0022300218,2023-11-20,1610612743,Denver Nuggets,1,1,0,1.0,48.0,107.8,108.1,103.6,106.2,4.2,1.9,0.75,2.14,21.3,0.26,0.733,0.484,0.141,0.523,0.556,99.3,98.0,81.67,99,0.556
0022300218,2023-11-20,1610612765,Detroit Pistons,1,0,1,0.0,48.0,103.6,106.2,107.8,108.1,-4.2,-1.9,0.583,1.17,16.2,0.267,0.74,0.516,0.186,0.488,0.557,99.3,98.0,81.67,97,0.444
0022300224,2023-11-20,1610612744,Golden State Warriors,1,1,0,1.0,48.0,132.2,128.7,120.4,122.1,11.8,6.6,0.722,3.25,20.3,0.182,0.685,0.459,0.085,0.604,0.661,93.9,94.5,78.75,94,0.522
0022300224,2023-11-20,1610612745,Houston Rockets,1,0,1,0.0,48.0,120.4,122.1,132.2,128.7,-11.8,-6.6,0.636,3.5,20.0,0.315,0.818,0.541,0.084,0.532,0.561,93.9,94.5,78.75,95,0.478
0022300223,2023-11-20,1610612746,LA Clippers,1,1,0,1.0,48.0,120.4,122.8,99.8,100.0,20.5,22.8,0.667,4.29,20.7,0.294,0.759,0.533,0.069,0.537,0.585,101.1,100.0,83.33,101,0.633
0022300220,2023-11-20,1610612748,Miami Heat,1,1,0,1.0,48.0,125.8,128.3,108.6,108.7,17.2,19.6,0.738,3.1,23.0,0.279,0.818,0.552,0.109,0.601,0.636,92.9,92.0,76.67,92,0.582
0022300219,2023-11-20,1610612749,Milwaukee Bucks,1,1,0,1.0,48.0,134.8,137.9,125.4,125.2,9.4,12.6,0.6,2.2,21.2,0.476,0.889,0.69,0.146,0.644,0.668,104.1,103.0,85.83,103,0.561
0022300221,2023-11-20,1610612750,Minnesota Timberwolves,1,1,0,1.0,48.0,115.7,118.2,100.0,100.0,15.7,18.2,0.732,2.14,21.7,0.205,0.672,0.476,0.141,0.581,0.622,100.5,99.5,82.92,99,0.624
0022300222,2023-11-20,1610612740,New Orleans Pelicans,1,1,0,1.0,48.0,125.0,129.0,91.6,93.0,33.4,36.0,0.76,3.17,24.7,0.364,0.783,0.606,0.12,0.609,0.637,102.4,100.0,83.33,100,0.709
0022300221,2023-11-20,1610612752,New York Knicks,1,0,1,0.0,48.0,100.0,100.0,115.7,118.2,-15.7,-18.2,0.5,1.6,11.8,0.328,0.795,0.524,0.1,0.397,0.467,100.5,99.5,82.92,100,0.376
0022300222,2023-11-20,1610612758,Sacramento Kings,1,0,1,0.0,48.0,91.6,93.0,125.0,129.0,-33.4,-36.0,0.818,2.08,19.3,0.217,0.636,0.394,0.13,0.443,0.477,102.4,100.0,83.33,100,0.291
0022300223,2023-11-20,1610612759,San Antonio Spurs,1,0,1,0.0,48.0,99.8,100.0,120.4,122.8,-20.5,-22.8,0.59,1.44,17.0,0.241,0.706,0.467,0.162,0.489,0.515,101.1,100.0,83.33,99,0.367
0022300219,2023-11-20,1610612764,Washington Wizards,1,0,1,0.0,48.0,125.4,125.2,134.8,137.9,-9.4,-12.6,0.527,7.25,21.2,0.111,0.524,0.31,0.039,0.606,0.621,104.1,103.0,85.83,103,0.439
0022300039,2023-11-21,1610612737,Atlanta Hawks,1,0,1,0.0,48.0,137.8,140.7,138.5,144.0,-0.8,-3.3,0.491,1.87,18.7,0.35,0.7,0.525,0.139,0.679,0.708,111.8,108.5,90.42,108,0.491
0022300040,2023-11-21,1610612739,Cleveland Cavaliers,1,1,0,1.0,53.0,114.0,111.9,107.2,110.2,6.8,1.7,0.717,2.06,20.9,0.32,0.717,0.536,0.147,0.537,0.581,98.7,98.26,81.89,109,0.583
0022300039,2023-11-21,1610612754,Indiana Pacers,1,1,0,1.0,48.0,138.5,144.0,137.8,140.7,0.8,3.3,0.614,2.5,22.4,0.3,0.65,0.475,0.128,0.723,0.738,111.8,108.5,90.42,109,0.509
0022300042,2023-11-21,1610612747,Los Angeles Lakers,1,1,0,1.0,48.0,126.1,126.0,93.4,95.2,32.7,30.8,0.714,2.33,23.5,0.256,0.742,0.554,0.144,0.634,0.669,105.0,104.0,86.67,104,0.691
0022300038,2023-11-21,1610612753,Orlando Magic,1,1,0,1.0,48.0,118.0,124.8,103.2,104.9,14.8,19.9,0.62,2.38,20.5,0.364,0.737,0.516,0.129,0.56,0.579,105.2,101.5,84.58,101,0.554
0022300040,2023-11-21,1610612755,Philadelphia 76ers,1,0,1,0.0,53.0,107.2,110.2,114.0,111.9,-6.8,-1.7,0.475,1.36,13.2,0.283,0.68,0.464,0.13,0.474,0.536,98.7,98.26,81.89,108,0.417
0022300041,2023-11-21,1610612756,Phoenix Suns,1,1,0,1.0,48.0,130.0,131.9,110.5,116.3,19.4,15.6,0.605,1.73,19.8,0.424,0.62,0.542,0.165,0.612,0.679,94.6,91.5,76.25,91,0.621
0022300041,2023-11-21,1610612757,Portland Trail Blazers,1,0,1,0.0,48.0,110.5,116.3,130.0,131.9,-19.4,-15.6,0.526,1.54,15.3,0.38,0.576,0.458,0.141,0.517,0.558,94.6,91.5,76.25,92,0.379
0022300038,2023-11-21,1610612761,Toronto Raptors,1,0,1,0.0,48.0,103.2,104.9,118.0,124.8,-14.8,-19.9,0.763,1.21,20.9,0.263,0.636,0.484,0.235,0.6,0.632,105.2,101.5,84.58,102,0.446
0022300042,2023-11-21,1610612762,Utah Jazz,1,0,1,0.0,48.0,93.4,95.2,126.1,126.0,-32.7,-30.8,0.658,1.79,17.2,0.258,0.744,0.446,0.135,0.444,0.471,105.0,104.0,86.67,104,0.309
0022300227,2023-11-22,1610612737,Atlanta Hawks,1,1,0,1.0,53.0,121.7,126.7,123.3,125.0,-1.6,1.7,0.471,1.71,14.3,0.431,0.607,0.516,0.121,0.517,0.571,107.9,105.06,87.55,116,0.506
0022300228,2023-11-22,1610612738,Boston Celtics,1,1,0,1.0,48.0,116.1,117.8,111.0,113.7,5.1,4.1,0.614,1.8,20.1,0.143,0.702,0.465,0.149,0.625,0.65,103.5,101.5,84.58,101,0.541
0022300227,2023-11-22,1610612751,Brooklyn Nets,1,0,1,0.0,53.0,123.3,125.0,121.7,126.7,1.6,-1.7,0.509,1.75,16.7,0.393,0.569,0.484,0.138,0.553,0.587,107.9,105.06,87.55,116,0.494
0022300225,2023-11-22,1610612766,Charlotte Hornets,1,1,0,1.0,48.0,114.4,117.0,109.7,112.9,4.7,4.1,0.628,2.08,19.1,0.264,0.741,0.505,0.13,0.56,0.584,103.1,100.5,83.75,100,0.517
0022300234,2023-11-22,1610612741,Chicago Bulls,1,0,1,0.0,48.0,105.7,107.4,122.5,123.4,-16.7,-16.0,0.647,1.83,16.8,0.278,0.683,0.453,0.126,0.483,0.534,95.6,94.5,78.75,95,0.39
0022300229,2023-11-22,1610612739,Cleveland Cavaliers,1,0,1,0.0,48.0,100.9,100.0,130.0,137.2,-29.1,-37.2,0.694,1.32,19.1,0.227,0.644,0.438,0.198,0.558,0.577,97.2,95.0,79.17,96,0.372
0022300238,2023-11-22,1610612742,Dallas Mavericks,1,1,0,1.0,48.0,108.3,109.5,104.8,104.1,3.5,5.3,0.553,5.25,16.3,0.217,0.76,0.464,0.042,0.479,0.505,96.2,96.0,80.0,95,0.492
0022300226,2023-11-22,1610612743,Denver Nuggets,1,0,1,0.0,48.0,122.4,124.0,130.3,130.5,-7.9,-6.6,0.659,2.42,20.1,0.423,0.658,0.522,0.125,0.554,0.582,96.2,95.5,79.58,96,0.438
0022300236,2023-11-22,1610612744,Golden State Warriors,1,0,1,0.0,48.0,106.7,113.9,119.6,123.0,-12.8,-9.1,0.674,1.81,19.6,0.358,0.729,0.535,0.158,0.533,0.56,105.3,100.5,83.75,101,0.442
0022300231,2023-11-22,1610612745,Houston Rockets,1,1,0,1.0,48.0,109.0,114.4,93.4,92.9,15.6,21.6,0.55,3.14,17.1,0.204,0.782,0.495,0.072,0.511,0.551,99.6,97.5,81.25,97,0.605
0022300230,2023-11-22,1610612754,Indiana Pacers,1,0,1,0.0,48.0,121.3,123.6,120.9,123.4,0.4,0.2,0.66,2.2,22.4,0.19,0.614,0.407,0.142,0.648,0.668,108.6,106.5,88.75,106,0.495
0022300235,2023-11-22,1610612746,LA Clippers,1,1,0,1.0,48.0,106.1,106.9,97.0,99.0,9.0,7.8,0.744,1.81,20.1,0.292,0.75,0.538,0.157,0.512,0.557,103.9,102.5,85.42,102,0.554
0022300238,2023-11-22,1610612747,Los Angeles Lakers,1,0,1,0.0,48.0,104.8,104.1,108.3,109.5,-3.5,-5.3,0.667,2.0,19.3,0.24,0.783,0.536,0.134,0.53,0.547,96.2,96.0,80.0,97,0.508
0022300231,2023-11-22,1610612763,Memphis Grizzlies,1,0,1,0.0,48.0,93.4,92.9,109.0,114.4,-15.6,-21.6,0.63,1.89,13.5,0.218,0.796,0.505,0.092,0.372,0.467,99.6,97.5,81.25,98,0.395
0022300229,2023-11-22,1610612748,Miami Heat,1,1,0,1.0,48.0,130.0,137.2,100.9,100.0,29.1,37.2,0.652,2.5,21.4,0.356,0.773,0.562,0.128,0.636,0.663,97.2,95.0,79.17,94,0.628
0022300228,2023-11-22,1610612749,Milwaukee Bucks,1,0,1,0.0,48.0,111.0,113.7,116.1,117.8,-5.1,-4.1,0.511,2.56,16.2,0.298,0.857,0.535,0.088,0.51,0.535,103.5,101.5,84.58,102,0.459
0022300232,2023-11-22,1610612750,Minnesota Timberwolves,1,1,0,1.0,48.0,109.2,115.5,99.8,102.1,9.4,13.4,0.651,2.15,19.9,0.308,0.655,0.491,0.134,0.539,0.562,100.9,97.0,80.83,97,0.583
0022300233,2023-11-22,1610612740,New Orleans Pelicans,1,1,0,1.0,48.0,116.7,118.2,108.3,112.0,8.4,6.2,0.561,2.3,16.8,0.306,0.804,0.547,0.101,0.511,0.566,101.8,99.5,82.92,99,0.541
0022300234,2023-11-22,1610612760,Oklahoma City Thunder,1,1,0,1.0,48.0,122.5,123.4,105.7,107.4,16.7,16.0,0.649,1.71,18.3,0.317,0.722,0.547,0.149,0.567,0.632,95.6,94.5,78.75,94,0.61
0022300226,2023-11-22,1610612753,Orlando Magic,1,1,0,1.0,48.0,130.3,130.5,122.4,124.0,7.9,6.6,0.614,2.25,20.0,0.342,0.577,0.478,0.126,0.605,0.658,96.2,95.5,79.58,95,0.562
0022300232,2023-11-22,1610612755,Philadelphia 76ers,1,0,1,0.0,48.0,99.8,102.1,109.2,115.5,-9.4,-13.4,0.618,1.4,15.2,0.345,0.692,0.509,0.155,0.431,0.494,100.9,97.0,80.83,97,0.417
0022300236,2023-11-22,1610612756,Phoenix Suns,1,1,0,1.0,48.0,119.6,123.0,106.7,113.9,12.8,9.1,0.647,1.47,16.3,0.271,0.642,0.465,0.15,0.52,0.622,105.3,100.5,83.75,100,0.558
0022300237,2023-11-22,1610612757,Portland Trail Blazers,1,1,0,1.0,48.0,122.7,122.2,104.5,107.1,18.2,15.1,0.66,2.21,21.4,0.327,0.591,0.452,0.141,0.603,0.614,99.5,98.5,82.08,99,0.544
0022300233,2023-11-22,1610612758,Sacramento Kings,1,0,1,0.0,48.0,108.3,112.0,116.7,118.2,-8.4,-6.2,0.647,1.38,16.9,0.196,0.694,0.453,0.16,0.546,0.613,101.8,99.5,82.92,100,0.459
0022300235,2023-11-22,1610612759,San Antonio Spurs,1,0,1,0.0,48.0,97.0,99.0,106.1,106.9,-9.0,-7.8,0.743,1.86,18.3,0.25,0.708,0.462,0.136,0.445,0.504,103.9,102.5,85.42,103,0.446
0022300230,2023-11-22,1610612761,Toronto Raptors,1,1,0,1.0,48.0,120.9,123.4,121.3,123.6,-0.4,-0.2,0.542,1.37,17.3,0.386,0.81,0.593,0.178,0.594,0.64,108.6,106.5,88.75,107,0.505
0022300237,2023-11-22,1610612762,Utah Jazz,1,0,1,0.0,48.0,104.5,107.1,122.7,122.2,-18.2,-15.1,0.676,1.04,17.7,0.409,0.673,0.548,0.245,0.532,0.58,99.5,98.5,82.08,98,0.456
0022300225,2023-11-22,1610612764,Washington Wizards,1,0,1,0.0,48.0,109.7,112.9,114.4,117.0,-4.7,-4.1,0.591,2.6,18.6,0.259,0.736,0.495,0.099,0.51,0.543,103.1,100.5,83.75,101,0.483
0022300043,2023-11-24,1610612738,Boston Celtics,1,0,1,0.0,48.0,93.0,96.0,113.4,111.9,-20.4,-15.9,0.548,1.13,13.7,0.167,0.689,0.419,0.15,0.454,0.52,101.5,100.5,83.75,100,0.423
0022300046,2023-11-24,1610612741,Chicago Bulls,1,0,1,0.0,48.0,114.5,116.1,126.2,130.1,-11.7,-14.0,0.476,1.54,15.9,0.31,0.682,0.5,0.14,0.585,0.598,95.1,93.0,77.5,93,0.412
0022300048,2023-11-24,1610612743,Denver Nuggets,1,0,1,0.0,48.0,84.1,88.7,108.7,106.1,-24.6,-17.4,0.531,1.13,12.7,0.303,0.81,0.5,0.155,0.378,0.417,99.4,98.0,81.67,97,0.328
0022300047,2023-11-24,1610612765,Detroit Pistons,1,0,1,0.0,48.0,112.4,114.1,127.6,137.4,-15.3,-23.2,0.512,1.57,15.9,0.375,0.564,0.476,0.141,0.517,0.562,103.6,99.0,82.5,99,0.456
0022300051,2023-11-24,1610612744,Golden State Warriors,1,1,0,1.0,48.0,108.7,110.3,101.6,104.7,7.1,5.6,0.875,1.46,22.9,0.256,0.636,0.469,0.224,0.611,0.644,109.4,107.0,89.17,107,0.531
0022300048,2023-11-24,1610612745,Houston Rockets,1,1,0,1.0,48.0,108.7,106.1,84.1,88.7,24.6,17.4,0.625,1.79,19.1,0.19,0.697,0.5,0.141,0.561,0.593,99.4,98.0,81.67,99,0.672
0022300047,2023-11-24,1610612754,Indiana Pacers,1,1,0,1.0,48.0,127.6,137.4,112.4,114.1,15.3,23.2,0.49,2.67,16.4,0.436,0.625,0.524,0.091,0.559,0.604,103.6,99.0,82.5,99,0.544
0022300052,2023-11-24,1610612746,LA Clippers,1,0,1,0.0,48.0,103.4,105.0,112.8,116.0,-9.3,-11.0,0.643,2.45,19.3,0.231,0.688,0.45,0.109,0.516,0.533,102.7,100.5,83.75,101,0.459
0022300044,2023-11-24,1610612763,Memphis Grizzlies,1,0,1,0.0,48.0,95.3,95.7,116.6,118.3,-21.3,-22.6,0.595,1.47,18.0,0.178,0.756,0.453,0.161,0.519,0.527,93.9,93.0,77.5,93,0.368
0022300045,2023-11-24,1610612748,Miami Heat,1,0,1,0.0,48.0,100.8,99.0,98.1,102.0,2.7,-3.1,0.588,1.82,15.4,0.208,0.8,0.48,0.111,0.448,0.509,99.6,98.5,82.08,99,0.471
0022300049,2023-11-24,1610612749,Milwaukee Bucks,1,1,0,1.0,48.0,124.1,124.8,120.5,123.1,3.7,1.7,0.583,3.11,19.3,0.245,0.759,0.515,0.086,0.571,0.615,105.9,104.5,87.08,105,0.537
0022300050,2023-11-24,1610612750,Minnesota Timberwolves,1,0,1,0.0,48.0,108.0,109.9,119.4,122.8,-11.4,-12.9,0.694,1.39,18.0,0.283,0.66,0.485,0.178,0.512,0.586,103.3,101.0,84.17,101,0.475
0022300052,2023-11-24,1610612740,New Orleans Pelicans,1,1,0,1.0,48.0,112.8,116.0,103.4,105.0,9.3,11.0,0.605,1.73,18.4,0.313,0.769,0.55,0.15,0.545,0.581,102.7,100.5,83.75,100,0.541
0022300045,2023-11-24,1610612752,New York Knicks,1,1,0,1.0,48.0,98.1,102.0,100.8,99.0,-2.7,3.1,0.538,1.11,16.4,0.2,0.792,0.52,0.194,0.543,0.562,99.6,98.5,82.08,98,0.529
0022300043,2023-11-24,1610612753,Orlando Magic,1,1,0,1.0,48.0,113.4,111.9,93.0,96.0,20.4,15.9,0.535,1.28,16.7,0.311,0.833,0.581,0.178,0.571,0.597,101.5,100.5,83.75,101,0.577
0022300044,2023-11-24,1610612756,Phoenix Suns,1,1,0,1.0,48.0,116.6,118.3,95.3,95.7,21.3,22.6,0.564,1.69,17.7,0.244,0.822,0.547,0.14,0.586,0.623,93.9,93.0,77.5,93,0.632
0022300050,2023-11-24,1610612758,Sacramento Kings,1,1,0,1.0,48.0,119.4,122.8,108.0,109.9,11.4,12.9,0.51,1.92,17.4,0.34,0.717,0.515,0.129,0.575,0.591,103.3,101.0,84.17,101,0.525
0022300051,2023-11-24,1610612759,San Antonio Spurs,1,0,1,0.0,48.0,101.6,104.7,108.7,110.3,-7.1,-5.6,0.622,1.4,18.1,0.364,0.744,0.531,0.187,0.51,0.532,109.4,107.0,89.17,107,0.469
0022300046,2023-11-24,1610612761,Toronto Raptors,1,1,0,1.0,48.0,126.2,130.1,114.5,116.1,11.7,14.0,0.727,2.29,23.0,0.318,0.69,0.5,0.151,0.608,0.638,95.1,93.0,77.5,93,0.588
0022300049,2023-11-24,1610612764,Washington Wizards,1,0,1,0.0,48.0,120.5,123.1,124.1,124.8,-3.7,-1.7,0.604,3.22,19.9,0.241,0.755,0.485,0.087,0.555,0.586,105.9,104.5,87.08,104,0.463
0022300241,2023-11-25,1610612737,Atlanta Hawks,1,1,0,1.0,48.0,131.0,132.0,102.6,104.9,28.4,27.2,0.558,2.9,19.2,0.358,0.756,0.541,0.097,0.598,0.614,104.5,103.0,85.83,103,0.571
0022300240,2023-11-25,1610612751,Brooklyn Nets,1,1,0,1.0,48.0,120.3,117.9,99.3,101.0,21.0,16.9,0.692,2.08,20.8,0.2,0.667,0.462,0.137,0.59,0.635,95.4,95.5,79.58,95,0.605
0022300242,2023-11-25,1610612739,Cleveland Cavaliers,1,0,1,0.0,48.0,106.4,107.5,111.8,114.2,-5.4,-6.7,0.698,2.14,20.5,0.2,0.733,0.453,0.131,0.522,0.569,108.2,106.5,88.75,107,0.467
0022300244,2023-11-25,1610612742,Dallas Mavericks,1,0,1,0.0,48.0,91.5,95.7,109.6,115.1,-18.1,-19.4,0.5,1.89,13.7,0.254,0.537,0.389,0.098,0.423,0.453,96.9,92.5,77.08,92,0.348
0022300244,2023-11-25,1610612746,LA Clippers,1,1,0,1.0,48.0,109.6,115.1,91.5,95.7,18.1,19.4,0.658,1.92,17.5,0.463,0.746,0.611,0.14,0.477,0.526,96.9,92.5,77.08,93,0.652
0022300242,2023-11-25,1610612747,Los Angeles Lakers,1,1,0,1.0,48.0,111.8,114.2,106.4,107.5,5.4,6.7,0.723,1.89,22.5,0.267,0.8,0.547,0.17,0.572,0.61,108.2,106.5,88.75,106,0.533
0022300240,2023-11-25,1610612748,Miami Heat,1,0,1,0.0,48.0,99.3,101.0,120.3,117.9,-21.0,-16.9,0.632,1.33,17.5,0.333,0.8,0.538,0.188,0.5,0.523,95.4,95.5,79.58,96,0.395
0022300243,2023-11-25,1610612740,New Orleans Pelicans,1,0,1,0.0,48.0,99.1,100.0,100.5,105.0,-1.4,-5.0,0.795,2.38,21.2,0.263,0.633,0.434,0.13,0.478,0.495,102.7,100.0,83.33,100,0.493
0022300239,2023-11-25,1610612760,Oklahoma City Thunder,1,0,1,0.0,48.0,122.5,126.8,128.5,129.6,-6.1,-2.8,0.674,7.25,20.1,0.321,0.542,0.423,0.041,0.52,0.562,99.6,97.5,81.25,97,0.464
0022300239,2023-11-25,1610612755,Philadelphia 76ers,1,1,0,1.0,48.0,128.5,129.6,122.5,126.8,6.1,2.8,0.789,2.31,20.0,0.458,0.679,0.577,0.133,0.542,0.618,99.6,97.5,81.25,98,0.536
0022300243,2023-11-25,1610612762,Utah Jazz,1,1,0,1.0,48.0,100.5,105.0,99.1,100.0,1.4,5.0,0.605,0.96,16.3,0.367,0.737,0.566,0.24,0.523,0.556,102.7,100.0,83.33,100,0.507
0022300241,2023-11-25,1610612764,Washington Wizards,1,0,1,0.0,48.0,102.6,104.9,131.0,132.0,-28.4,-27.2,0.767,1.65,22.4,0.244,0.642,0.459,0.194,0.545,0.579,104.5,103.0,85.83,103,0.429
0022300246,2023-11-26,1610612737,Atlanta Hawks,1,0,1,0.0,48.0,101.6,104.0,114.4,114.1,-12.8,-10.1,0.417,0.94,11.7,0.25,0.623,0.431,0.162,0.517,0.534,100.1,99.0,82.5,99,0.396
0022300246,2023-11-26,1610612738,Boston Celtics,1,1,0,1.0,48.0,114.4,114.1,101.6,104.0,12.8,10.1,0.571,1.85,16.8,0.377,0.75,0.569,0.131,0.511,0.544,100.1,99.0,82.5,99,0.604
0022300250,2023-11-26,1610612751,Brooklyn Nets,1,1,0,1.0,48.0,127.4,128.3,116.4,118.5,11.1,9.8,0.707,2.64,22.3,0.227,0.689,0.461,0.12,0.645,0.658,93.1,92.0,76.67,92,0.553
0022300248,2023-11-26,1610612766,Charlotte Hornets,1,0,1,0.0,48.0,109.3,110.4,118.7,123.8,-9.4,-13.4,0.614,1.5,19.1,0.178,0.75,0.461,0.17,0.608,0.622,108.3,105.5,87.92,106,0.428
0022300250,2023-11-26,1610612741,Chicago Bulls,1,0,1,0.0,48.0,116.4,118.5,127.4,128.3,-11.1,-9.8,0.525,1.91,16.5,0.311,0.773,0.539,0.12,0.554,0.588,93.1,92.0,76.67,92,0.447
0022300251,2023-11-26,1610612739,Cleveland Cavaliers,1,1,0,1.0,48.0,103.3,106.1,105.4,103.0,-2.1,3.0,0.644,2.07,20.3,0.308,0.696,0.509,0.141,0.515,0.527,99.2,99.0,82.5,99,0.526
0022300252,2023-11-26,1610612743,Denver Nuggets,1,1,0,1.0,48.0,121.1,125.7,109.6,114.3,11.5,11.4,0.76,1.9,24.1,0.349,0.731,0.558,0.19,0.629,0.66,109.2,105.0,87.5,105,0.553
0022300249,2023-11-26,1610612763,Memphis Grizzlies,1,0,1,0.0,48.0,94.3,100.0,117.7,120.2,-23.4,-20.2,0.706,1.71,17.3,0.321,0.725,0.49,0.144,0.443,0.486,102.0,98.0,81.67,97,0.361
0022300245,2023-11-26,1610612749,Milwaukee Bucks,1,1,0,1.0,48.0,105.8,105.9,93.8,99.0,12.0,6.9,0.543,1.12,13.5,0.351,0.649,0.5,0.167,0.472,0.524,105.4,102.5,85.42,102,0.563
0022300249,2023-11-26,1610612750,Minnesota Timberwolves,1,1,0,1.0,48.0,117.7,120.2,94.3,100.0,23.4,20.2,0.698,1.88,21.4,0.275,0.679,0.51,0.162,0.623,0.653,102.0,98.0,81.67,99,0.639
0022300247,2023-11-26,1610612752,New York Knicks,1,0,1,0.0,48.0,120.1,124.2,121.8,127.5,-1.7,-3.3,0.462,2.57,14.1,0.385,0.51,0.447,0.077,0.523,0.565,94.7,91.0,75.83,91,0.477
0022300248,2023-11-26,1610612753,Orlando Magic,1,1,0,1.0,48.0,118.7,123.8,109.3,110.4,9.4,13.4,0.702,2.2,22.3,0.25,0.822,0.539,0.143,0.598,0.64,108.3,105.5,87.92,105,0.572
0022300247,2023-11-26,1610612756,Phoenix Suns,1,1,0,1.0,48.0,121.8,127.5,120.1,124.2,1.7,3.3,0.643,2.08,19.1,0.49,0.615,0.553,0.143,0.549,0.579,94.7,91.0,75.83,91,0.523
0022300245,2023-11-26,1610612757,Portland Trail Blazers,1,0,1,0.0,48.0,93.8,99.0,105.8,105.9,-12.0,-6.9,0.568,1.05,14.7,0.351,0.649,0.5,0.194,0.478,0.511,105.4,102.5,85.42,103,0.437
0022300252,2023-11-26,1610612759,San Antonio Spurs,1,0,1,0.0,48.0,109.6,114.3,121.1,125.7,-11.5,-11.4,0.81,2.27,22.4,0.269,0.651,0.442,0.143,0.527,0.574,109.2,105.0,87.5,105,0.447
0022300251,2023-11-26,1610612761,Toronto Raptors,1,0,1,0.0,48.0,105.4,103.0,103.3,106.1,2.1,-3.0,0.459,1.42,12.8,0.304,0.692,0.491,0.121,0.461,0.501,99.2,99.0,82.5,99,0.474
0022300257,2023-11-27,1610612743,Denver Nuggets,1,1,0,1.0,48.0,116.1,115.3,107.3,106.1,8.9,9.2,0.636,2.55,19.2,0.357,0.679,0.514,0.112,0.533,0.542,97.1,98.0,81.67,98,0.553
0022300253,2023-11-27,1610612765,Detroit Pistons,1,0,1,0.0,48.0,97.8,99.1,113.2,117.8,-15.3,-18.7,0.674,1.71,18.5,0.339,0.804,0.537,0.157,0.461,0.485,110.3,107.5,89.58,108,0.398
0022300254,2023-11-27,1610612754,Indiana Pacers,1,0,1,0.0,48.0,101.3,105.8,107.9,108.6,-6.6,-2.8,0.619,1.3,18.1,0.286,0.723,0.5,0.192,0.523,0.558,107.1,104.5,87.08,104,0.507
0022300257,2023-11-27,1610612746,LA Clippers,1,0,1,0.0,48.0,107.3,106.1,116.1,115.3,-8.9,-9.2,0.514,1.38,13.5,0.321,0.643,0.486,0.133,0.447,0.52,97.1,98.0,81.67,98,0.447
0022300255,2023-11-27,1610612747,Los Angeles Lakers,1,0,1,0.0,48.0,94.3,97.9,143.1,142.3,-48.8,-44.4,0.59,1.35,17.8,0.217,0.646,0.436,0.177,0.512,0.53,98.1,96.5,80.42,96,0.313
0022300256,2023-11-27,1610612740,New Orleans Pelicans,1,0,1,0.0,48.0,116.7,119.1,112.5,118.8,4.2,0.4,0.614,3.38,20.1,0.265,0.722,0.505,0.085,0.54,0.566,98.7,95.0,79.17,94,0.499
0022300255,2023-11-27,1610612755,Philadelphia 76ers,1,1,0,1.0,48.0,143.1,142.3,94.3,97.9,48.8,44.4,0.702,4.71,22.4,0.354,0.783,0.564,0.072,0.624,0.661,98.1,96.5,80.42,97,0.687
0022300254,2023-11-27,1610612757,Portland Trail Blazers,1,1,0,1.0,48.0,107.9,108.6,101.3,105.8,6.6,2.8,0.5,1.25,14.5,0.277,0.714,0.5,0.152,0.524,0.578,107.1,104.5,87.08,105,0.493
0022300256,2023-11-27,1610612762,Utah Jazz,1,1,0,1.0,48.0,112.5,118.8,116.7,119.1,-4.2,-0.4,0.838,3.1,22.0,0.278,0.735,0.495,0.104,0.517,0.568,98.7,95.0,79.17,96,0.501
0022300253,2023-11-27,1610612764,Washington Wizards,1,1,0,1.0,48.0,113.2,117.8,97.8,99.1,15.3,18.7,0.644,1.81,20.0,0.196,0.661,0.463,0.15,0.562,0.622,110.3,107.5,89.58,107,0.602
0022300055,2023-11-28,1610612737,Atlanta Hawks,1,0,1,0.0,48.0,96.7,101.9,121.4,124.3,-24.6,-22.3,0.6,1.91,14.6,0.313,0.682,0.459,0.107,0.411,0.471,107.0,103.0,85.83,103,0.366
0022300053,2023-11-28,1610612738,Boston Celtics,1,1,0,1.0,48.0,123.7,129.2,100.1,100.0,23.6,29.2,0.766,2.25,24.5,0.356,0.786,0.594,0.167,0.639,0.651,98.6,96.5,80.42,96,0.606
0022300054,2023-11-28,1610612751,Brooklyn Nets,1,1,0,1.0,48.0,112.3,115.0,101.6,104.0,10.6,11.0,0.65,1.73,18.2,0.353,0.73,0.561,0.15,0.522,0.572,101.9,99.5,82.92,100,0.587
0022300057,2023-11-28,1610612766,Charlotte Hornets,1,0,1,0.0,48.0,94.7,95.8,117.6,119.8,-22.9,-24.0,0.568,1.24,16.0,0.278,0.612,0.437,0.179,0.489,0.494,96.9,95.5,79.58,95,0.369
0022300053,2023-11-28,1610612741,Chicago Bulls,1,0,1,0.0,48.0,100.1,100.0,123.7,129.2,-23.6,-29.2,0.641,3.13,18.7,0.214,0.644,0.406,0.082,0.483,0.495,98.6,96.5,80.42,97,0.394
0022300055,2023-11-28,1610612739,Cleveland Cavaliers,1,1,0,1.0,48.0,121.4,124.3,96.7,101.9,24.6,22.3,0.54,1.59,18.8,0.318,0.687,0.541,0.165,0.608,0.637,107.0,103.0,85.83,103,0.634
0022300059,2023-11-28,1610612742,Dallas Mavericks,1,1,0,1.0,48.0,121.3,126.0,115.3,118.6,6.0,7.5,0.595,3.57,18.5,0.286,0.667,0.468,0.073,0.539,0.595,99.8,96.5,80.42,96,0.509
0022300060,2023-11-28,1610612744,Golden State Warriors,1,0,1,0.0,48.0,114.7,116.0,115.4,118.1,-0.6,-2.1,0.625,1.25,17.7,0.217,0.763,0.524,0.189,0.584,0.639,107.3,105.5,87.92,106,0.51
0022300059,2023-11-28,1610612745,Houston Rockets,1,0,1,0.0,48.0,115.3,118.6,121.3,126.0,-6.0,-7.5,0.786,2.75,22.8,0.333,0.714,0.532,0.124,0.541,0.588,99.8,96.5,80.42,97,0.491
0022300056,2023-11-28,1610612748,Miami Heat,1,0,1,0.0,48.0,122.5,124.0,129.9,129.7,-7.4,-5.7,0.667,5.33,22.5,0.196,0.762,0.452,0.06,0.585,0.601,101.1,100.5,83.75,100,0.464
0022300056,2023-11-28,1610612749,Milwaukee Bucks,1,1,0,1.0,48.0,129.9,129.7,122.5,124.0,7.4,5.7,0.553,2.89,19.0,0.238,0.804,0.548,0.089,0.608,0.656,101.1,100.5,83.75,101,0.536
0022300058,2023-11-28,1610612750,Minnesota Timberwolves,1,1,0,1.0,48.0,103.8,106.0,101.9,103.0,2.0,3.0,0.545,0.9,13.4,0.333,0.782,0.573,0.2,0.513,0.576,101.6,100.0,83.33,100,0.542
0022300057,2023-11-28,1610612752,New York Knicks,1,1,0,1.0,48.0,117.6,119.8,94.7,95.8,22.9,24.0,0.512,1.31,15.4,0.388,0.722,0.563,0.167,0.551,0.594,96.9,95.5,79.58,96,0.631
0022300058,2023-11-28,1610612760,Oklahoma City Thunder,1,0,1,0.0,48.0,101.9,103.0,103.8,106.0,-2.0,-3.0,0.595,2.2,16.4,0.218,0.667,0.427,0.1,0.472,0.514,101.6,100.0,83.33,100,0.458
0022300060,2023-11-28,1610612758,Sacramento Kings,1,1,0,1.0,48.0,115.4,118.1,114.7,116.0,0.6,2.1,0.61,2.5,17.4,0.237,0.783,0.476,0.095,0.533,0.566,107.3,105.5,87.92,105,0.49
0022300054,2023-11-28,1610612761,Toronto Raptors,1,0,1,0.0,48.0,101.6,104.0,112.3,115.0,-10.6,-11.0,0.692,3.86,18.9,0.27,0.647,0.439,0.071,0.45,0.471,101.9,99.5,82.92,99,0.413
0022300263,2023-11-29,1610612743,Denver Nuggets,1,1,0,1.0,48.0,137.5,147.3,130.0,136.3,7.5,11.0,0.771,9.25,24.7,0.44,0.674,0.548,0.044,0.605,0.629,96.4,91.0,75.83,91,0.54
0022300258,2023-11-29,1610612765,Detroit Pistons,1,0,1,0.0,48.0,99.9,100.9,122.3,125.5,-22.5,-24.5,0.7,2.0,19.2,0.207,0.717,0.433,0.132,0.49,0.519,107.9,106.0,88.33,106,0.341
0022300263,2023-11-29,1610612745,Houston Rockets,1,0,1,0.0,48.0,130.0,136.3,137.5,147.3,-7.5,-11.0,0.574,3.0,20.5,0.326,0.56,0.452,0.099,0.64,0.657,96.4,91.0,75.83,91,0.46
0022300264,2023-11-29,1610612746,LA Clippers,1,1,0,1.0,48.0,128.8,133.7,117.8,117.0,11.0,16.7,0.56,4.0,20.4,0.239,0.66,0.452,0.071,0.613,0.638,100.5,99.0,82.5,98,0.568
0022300258,2023-11-29,1610612747,Los Angeles Lakers,1,1,0,1.0,48.0,122.3,125.5,99.9,100.9,22.5,24.5,0.622,2.33,19.2,0.283,0.793,0.567,0.113,0.58,0.635,107.9,106.0,88.33,106,0.659
0022300261,2023-11-29,1610612763,Memphis Grizzlies,1,1,0,1.0,48.0,109.9,110.5,89.8,96.8,20.1,13.7,0.605,1.53,19.0,0.356,0.672,0.534,0.179,0.569,0.58,98.4,94.5,78.75,95,0.619
0022300262,2023-11-29,1610612740,New Orleans Pelicans,1,1,0,1.0,48.0,122.8,122.8,111.9,116.3,11.0,6.4,0.786,1.57,22.1,0.385,0.732,0.563,0.208,0.603,0.667,101.4,99.5,82.92,101,0.568
0022300259,2023-11-29,1610612753,Orlando Magic,1,1,0,1.0,48.0,132.9,133.7,113.9,117.6,19.1,16.0,0.667,1.79,22.8,0.353,0.78,0.607,0.183,0.708,0.735,105.0,103.0,85.83,104,0.576
0022300262,2023-11-29,1610612755,Philadelphia 76ers,1,0,1,0.0,48.0,111.9,116.3,122.8,122.8,-11.0,-6.4,0.667,1.33,20.4,0.268,0.615,0.438,0.214,0.605,0.641,101.4,99.5,82.92,98,0.432
0022300260,2023-11-29,1610612756,Phoenix Suns,1,0,1,0.0,48.0,102.8,109.4,115.2,115.5,-12.4,-6.1,0.658,2.5,17.7,0.351,0.698,0.518,0.104,0.441,0.504,99.7,96.5,80.42,96,0.481
0022300264,2023-11-29,1610612758,Sacramento Kings,1,0,1,0.0,48.0,117.8,117.0,128.8,133.7,-11.0,-16.7,0.55,1.57,16.1,0.34,0.761,0.548,0.14,0.541,0.595,100.5,99.0,82.5,100,0.432
0022300260,2023-11-29,1610612761,Toronto Raptors,1,1,0,1.0,48.0,115.2,115.5,102.8,109.4,12.4,6.1,0.595,2.5,18.1,0.302,0.649,0.482,0.103,0.505,0.548,99.7,96.5,80.42,97,0.519
0022300261,2023-11-29,1610612762,Utah Jazz,1,0,1,0.0,48.0,89.8,96.8,109.9,110.5,-20.1,-13.7,0.765,1.44,18.8,0.328,0.644,0.466,0.191,0.467,0.478,98.4,94.5,78.75,94,0.381
0022300259,2023-11-29,1610612764,Washington Wizards,1,0,1,0.0,48.0,113.9,117.6,132.9,133.7,-19.1,-16.0,0.683,2.8,19.9,0.22,0.647,0.393,0.098,0.534,0.586,105.0,103.0,85.83,102,0.424
0022300272,2023-11-30,1610612737,Atlanta Hawks,1,1,0,1.0,48.0,123.7,124.5,123.7,123.9,0.0,0.7,0.49,2.4,16.4,0.24,0.738,0.467,0.091,0.583,0.63,109.9,109.5,91.25,110,0.482
0022300266,2023-11-30,1610612751,Brooklyn Nets,1,0,1,0.0,48.0,129.8,136.2,137.2,134.4,-7.4,1.8,0.404,2.33,14.9,0.464,0.667,0.554,0.096,0.562,0.573,96.3,95.0,79.17,94,0.474
0022300266,2023-11-30,1610612766,Charlotte Hornets,1,1,0,1.0,48.0,137.2,134.4,129.8,136.2,7.4,-1.8,0.652,3.33,21.3,0.333,0.536,0.446,0.094,0.621,0.658,96.3,95.0,79.17,96,0.526
0022300269,2023-11-30,1610612741,Chicago Bulls,1,1,0,1.0,53.0,104.6,107.1,97.6,101.8,7.0,5.3,0.711,1.52,19.6,0.351,0.722,0.532,0.188,0.526,0.557,104.3,100.98,84.15,112,0.549
0022300265,2023-11-30,1610612739,Cleveland Cavaliers,1,0,1,0.0,48.0,95.7,100.0,107.5,108.4,-11.8,-8.4,0.658,1.32,18.0,0.392,0.684,0.517,0.2,0.466,0.504,97.6,95.0,79.17,95,0.428
0022300268,2023-11-30,1610612765,Detroit Pistons,1,0,1,0.0,48.0,111.5,113.1,118.8,119.2,-7.3,-6.1,0.512,1.1,16.8,0.244,0.706,0.5,0.202,0.623,0.633,99.9,99.0,82.5,99,0.459
0022300273,2023-11-30,1610612744,Golden State Warriors,1,1,0,1.0,48.0,126.8,126.3,118.1,121.3,8.7,5.0,0.732,3.33,21.7,0.31,0.69,0.53,0.095,0.591,0.627,95.6,94.5,78.75,95,0.56
0022300267,2023-11-30,1610612754,Indiana Pacers,1,0,1,0.0,48.0,117.8,123.4,129.3,134.0,-11.6,-10.6,0.6,3.0,19.7,0.278,0.634,0.432,0.093,0.566,0.589,110.9,106.5,88.75,107,0.45
0022300273,2023-11-30,1610612746,LA Clippers,1,0,1,0.0,48.0,118.1,121.3,126.8,126.3,-8.7,-5.0,0.619,4.33,18.8,0.31,0.69,0.47,0.064,0.505,0.54,95.6,94.5,78.75,94,0.44
0022300271,2023-11-30,1610612747,Los Angeles Lakers,1,0,1,0.0,48.0,107.8,104.8,127.1,127.9,-19.3,-23.1,0.667,1.71,17.6,0.149,0.8,0.467,0.133,0.512,0.578,103.4,104.5,87.08,105,0.406
0022300267,2023-11-30,1610612748,Miami Heat,1,1,0,1.0,48.0,129.3,134.0,117.8,123.4,11.6,10.6,0.521,1.79,17.1,0.366,0.722,0.568,0.132,0.605,0.671,110.9,106.5,88.75,106,0.55
0022300269,2023-11-30,1610612749,Milwaukee Bucks,1,0,1,0.0,53.0,97.6,101.8,104.6,107.1,-7.0,-5.3,0.636,1.33,18.3,0.278,0.649,0.468,0.189,0.531,0.545,104.3,100.98,84.15,111,0.451
0022300270,2023-11-30,1610612750,Minnesota Timberwolves,1,1,0,1.0,48.0,104.4,104.1,89.0,92.8,15.5,11.3,0.744,2.42,21.0,0.235,0.648,0.448,0.124,0.511,0.533,98.9,97.0,80.83,97,0.596
0022300268,2023-11-30,1610612752,New York Knicks,1,1,0,1.0,48.0,118.8,119.2,111.5,113.1,7.3,6.1,0.61,2.27,18.1,0.294,0.756,0.5,0.111,0.557,0.588,99.9,99.0,82.5,99,0.541
0022300271,2023-11-30,1610612760,Oklahoma City Thunder,1,1,0,1.0,48.0,127.1,127.9,107.8,104.8,19.3,23.1,0.58,3.22,20.4,0.2,0.851,0.533,0.087,0.606,0.641,103.4,104.5,87.08,104,0.594
0022300265,2023-11-30,1610612757,Portland Trail Blazers,1,1,0,1.0,48.0,107.5,108.4,95.7,100.0,11.8,8.4,0.744,1.26,21.3,0.316,0.608,0.483,0.242,0.597,0.629,97.6,95.0,79.17,95,0.572
0022300272,2023-11-30,1610612759,San Antonio Spurs,1,0,1,0.0,48.0,123.7,123.9,123.7,124.5,0.0,-0.7,0.708,1.62,22.1,0.262,0.76,0.533,0.193,0.64,0.681,109.9,109.5,91.25,109,0.518
0022300270,2023-11-30,1610612762,Utah Jazz,1,0,1,0.0,48.0,89.0,92.8,104.4,104.1,-15.5,-11.3,0.667,1.05,16.1,0.352,0.765,0.552,0.216,0.443,0.483,98.9,97.0,80.83,97,0.404
0022300275,2023-12-01,1610612738,Boston Celtics,1,1,0,1.0,48.0,121.5,121.4,113.2,115.5,8.3,5.8,0.641,1.25,18.0,0.275,0.691,0.516,0.194,0.61,0.673,104.0,103.0,85.83,103,0.577
0022300277,2023-12-01,1610612742,Dallas Mavericks,1,0,1,0.0,48.0,93.8,100.0,111.5,112.5,-17.7,-12.5,0.794,2.25,19.3,0.302,0.667,0.459,0.128,0.435,0.464,98.5,95.0,79.17,94,0.418
0022300279,2023-12-01,1610612743,Denver Nuggets,1,1,0,1.0,48.0,121.1,124.0,111.6,114.4,9.5,9.5,0.76,4.22,27.1,0.146,0.689,0.43,0.094,0.636,0.638,98.9,96.5,80.42,96,0.543
0022300277,2023-12-01,1610612763,Memphis Grizzlies,1,1,0,1.0,48.0,111.5,112.5,93.8,100.0,17.7,12.5,0.614,1.8,19.4,0.333,0.698,0.541,0.156,0.55,0.569,98.5,95.0,79.17,96,0.582
0022300278,2023-12-01,1610612740,New Orleans Pelicans,1,1,0,1.0,48.0,121.3,121.0,103.4,106.0,17.9,15.0,0.619,2.17,19.0,0.273,0.717,0.5,0.12,0.553,0.619,101.1,100.0,83.33,100,0.584
0022300276,2023-12-01,1610612752,New York Knicks,1,1,0,1.0,48.0,120.2,122.7,105.5,109.3,14.7,13.4,0.667,2.31,21.3,0.304,0.583,0.462,0.134,0.589,0.613,99.8,97.0,80.83,97,0.555
0022300274,2023-12-01,1610612753,Orlando Magic,1,1,0,1.0,48.0,119.8,123.8,115.1,119.0,4.7,4.8,0.761,2.33,22.7,0.298,0.765,0.541,0.143,0.584,0.628,108.6,105.0,87.5,105,0.556
0022300275,2023-12-01,1610612755,Philadelphia 76ers,1,0,1,0.0,48.0,113.2,115.5,121.5,121.4,-8.3,-5.8,0.372,1.0,11.9,0.309,0.725,0.484,0.155,0.543,0.571,104.0,103.0,85.83,103,0.423
0022300279,2023-12-01,1610612756,Phoenix Suns,1,0,1,0.0,48.0,111.6,114.4,121.1,124.0,-9.5,-9.5,0.564,1.83,16.9,0.311,0.854,0.57,0.124,0.518,0.582,98.9,96.5,80.42,97,0.457
0022300278,2023-12-01,1610612759,San Antonio Spurs,1,0,1,0.0,48.0,103.4,106.0,121.3,121.0,-17.9,-15.0,0.737,1.4,19.9,0.283,0.727,0.5,0.2,0.554,0.586,101.1,100.0,83.33,100,0.416
0022300276,2023-12-01,1610612761,Toronto Raptors,1,0,1,0.0,48.0,105.5,109.3,120.2,122.7,-14.7,-13.4,0.727,2.67,20.8,0.417,0.696,0.538,0.124,0.47,0.493,99.8,97.0,80.83,97,0.445
0022300274,2023-12-01,1610612764,Washington Wizards,1,0,1,0.0,48.0,115.1,119.0,119.8,123.8,-4.7,-4.8,0.556,1.79,17.6,0.235,0.702,0.459,0.133,0.579,0.609,108.6,105.0,87.5,105,0.444
0022300286,2023-12-02,1610612737,Atlanta Hawks,1,0,1,0.0,48.0,113.9,116.3,127.4,126.9,-13.5,-10.6,0.511,2.09,15.8,0.328,0.763,0.5,0.106,0.52,0.549,104.9,104.0,86.67,104,0.427
0022300282,2023-12-02,1610612751,Brooklyn Nets,1,1,0,1.0,48.0,126.9,129.0,98.2,101.0,28.7,28.0,0.674,2.82,21.1,0.333,0.772,0.571,0.11,0.582,0.616,102.3,100.0,83.33,100,0.663
0022300281,2023-12-02,1610612766,Charlotte Hornets,1,0,1,0.0,48.0,120.2,121.9,125.3,129.5,-5.1,-7.6,0.659,3.63,20.9,0.313,0.674,0.484,0.083,0.549,0.589,97.8,95.5,79.58,96,0.47
0022300285,2023-12-02,1610612741,Chicago Bulls,1,1,0,1.0,48.0,129.7,127.8,122.4,122.9,7.3,4.9,0.667,2.46,22.7,0.31,0.674,0.5,0.134,0.642,0.655,96.0,96.5,80.42,97,0.542
0022300283,2023-12-02,1610612739,Cleveland Cavaliers,1,1,0,1.0,48.0,110.1,110.0,101.9,102.0,8.2,8.0,0.568,2.27,18.5,0.204,0.76,0.485,0.11,0.551,0.567,99.5,99.5,82.92,100,0.536
0022300287,2023-12-02,1610612742,Dallas Mavericks,1,0,1,0.0,48.0,116.1,115.4,118.1,122.3,-2.1,-6.9,0.667,1.63,17.6,0.327,0.638,0.487,0.154,0.557,0.586,105.0,103.5,86.25,104,0.485
0022300290,2023-12-02,1610612743,Denver Nuggets,1,0,1,0.0,48.0,105.6,109.3,114.3,115.0,-8.7,-5.6,0.714,3.18,22.9,0.241,0.792,0.514,0.103,0.525,0.543,109.2,107.0,89.17,107,0.493
0022300283,2023-12-02,1610612765,Detroit Pistons,1,0,1,0.0,48.0,101.9,102.0,110.1,110.0,-8.2,-8.0,0.615,1.5,17.8,0.24,0.796,0.515,0.162,0.518,0.542,99.5,99.5,82.92,99,0.464
0022300280,2023-12-02,1610612744,Golden State Warriors,1,0,1,0.0,48.0,106.1,110.9,110.6,113.0,-4.5,-2.1,0.816,2.07,21.4,0.28,0.83,0.546,0.149,0.541,0.58,103.9,100.5,83.75,101,0.492
0022300291,2023-12-02,1610612745,Houston Rockets,1,0,1,0.0,48.0,94.2,95.1,103.0,104.9,-8.8,-9.8,0.667,1.41,17.1,0.259,0.8,0.532,0.167,0.466,0.5,103.4,102.0,85.0,102,0.44
0022300284,2023-12-02,1610612754,Indiana Pacers,1,1,0,1.0,48.0,142.9,146.9,122.2,131.6,20.7,15.3,0.625,3.5,25.4,0.194,0.674,0.473,0.102,0.753,0.768,103.2,98.0,81.67,98,0.586
0022300280,2023-12-02,1610612746,LA Clippers,1,1,0,1.0,48.0,110.6,113.0,106.1,110.9,4.5,2.1,0.705,2.82,22.3,0.17,0.72,0.454,0.11,0.561,0.588,103.9,100.5,83.75,100,0.508
0022300291,2023-12-02,1610612747,Los Angeles Lakers,1,1,0,1.0,48.0,103.0,104.9,94.2,95.1,8.8,9.8,0.6,2.0,17.5,0.2,0.741,0.468,0.118,0.494,0.53,103.4,102.0,85.0,102,0.56
0022300288,2023-12-02,1610612763,Memphis Grizzlies,1,0,1,0.0,48.0,103.3,105.8,108.5,113.7,-5.2,-7.9,0.359,0.82,10.8,0.292,0.647,0.475,0.165,0.506,0.564,106.2,102.5,85.42,103,0.435
0022300284,2023-12-02,1610612748,Miami Heat,1,0,1,0.0,48.0,122.2,131.6,142.9,146.9,-20.7,-15.3,0.563,2.25,19.4,0.326,0.806,0.527,0.122,0.607,0.648,103.2,98.0,81.67,98,0.414
0022300286,2023-12-02,1610612749,Milwaukee Bucks,1,1,0,1.0,48.0,127.4,126.9,113.9,116.3,13.5,10.6,0.623,2.06,22.6,0.237,0.672,0.5,0.154,0.674,0.69,104.9,104.0,86.67,104,0.573
0022300281,2023-12-02,1610612750,Minnesota Timberwolves,1,1,0,1.0,48.0,125.3,129.5,120.2,121.9,5.1,7.6,0.605,2.36,19.4,0.326,0.688,0.516,0.116,0.577,0.633,97.8,95.5,79.58,95,0.53
0022300285,2023-12-02,1610612740,New Orleans Pelicans,1,0,1,0.0,48.0,122.4,122.9,129.7,127.8,-7.3,-4.9,0.488,1.67,15.3,0.326,0.69,0.5,0.125,0.549,0.606,96.0,96.5,80.42,96,0.458
0022300287,2023-12-02,1610612760,Oklahoma City Thunder,1,1,0,1.0,48.0,118.1,122.3,116.1,115.4,2.1,6.9,0.545,1.85,16.2,0.362,0.673,0.513,0.126,0.54,0.574,105.0,103.5,86.25,103,0.515
0022300282,2023-12-02,1610612753,Orlando Magic,1,0,1,0.0,48.0,98.2,101.0,126.9,129.0,-28.7,-28.0,0.686,2.18,17.5,0.228,0.667,0.429,0.11,0.449,0.506,102.3,100.0,83.33,100,0.337
0022300288,2023-12-02,1610612756,Phoenix Suns,1,1,0,1.0,48.0,108.5,113.7,103.3,105.8,5.2,7.9,0.667,1.41,16.8,0.353,0.708,0.525,0.167,0.488,0.569,106.2,102.5,85.42,102,0.565
0022300289,2023-12-02,1610612757,Portland Trail Blazers,1,0,1,0.0,53.0,105.7,107.6,110.7,112.4,-5.0,-4.8,0.447,1.55,12.3,0.276,0.608,0.431,0.105,0.468,0.529,96.7,95.09,79.25,105,0.438
0022300290,2023-12-02,1610612758,Sacramento Kings,1,1,0,1.0,48.0,114.3,115.0,105.6,109.3,8.7,5.6,0.688,3.0,22.0,0.208,0.759,0.486,0.103,0.566,0.582,109.2,107.0,89.17,107,0.507
0022300289,2023-12-02,1610612762,Utah Jazz,1,1,0,1.0,53.0,110.7,112.4,105.7,107.6,5.0,4.8,0.587,1.5,17.9,0.392,0.724,0.569,0.171,0.527,0.564,96.7,95.09,79.25,105,0.562
0022301202,2023-12-04,1610612738,Boston Celtics,1,0,1,0.0,48.0,104.4,108.7,119.3,119.6,-14.9,-10.9,0.587,1.5,18.0,0.37,0.849,0.607,0.175,0.536,0.548,104.8,102.5,85.42,103,0.466
0022301202,2023-12-04,1610612754,Indiana Pacers,1,1,0,1.0,48.0,119.3,119.6,104.4,108.7,14.9,10.9,0.651,4.67,20.3,0.151,0.63,0.393,0.059,0.559,0.591,104.8,102.5,85.42,102,0.534
0022301204,2023-12-04,1610612740,New Orleans Pelicans,1,1,0,1.0,48.0,129.4,127.0,114.1,119.4,15.3,7.6,0.617,2.07,20.3,0.333,0.646,0.5,0.14,0.621,0.654,100.3,99.0,82.5,100,0.553
0022301204,2023-12-04,1610612758,Sacramento Kings,1,0,1,0.0,48.0,114.1,119.4,129.4,127.0,-15.3,-7.6,0.763,2.07,20.1,0.354,0.667,0.5,0.143,0.529,0.588,100.3,99.0,82.5,98,0.447
0022301203,2023-12-05,1610612747,Los Angeles Lakers,1,1,0,1.0,48.0,103.9,109.3,104.8,105.1,-0.9,4.2,0.632,2.4,16.3,0.394,0.692,0.505,0.103,0.417,0.469,100.1,97.5,81.25,97,0.46
0022301201,2023-12-05,1610612749,Milwaukee Bucks,1,1,0,1.0,48.0,146.9,143.1,114.5,119.6,32.4,23.5,0.582,2.67,21.9,0.316,0.617,0.482,0.118,0.731,0.735,102.9,102.0,85.0,102,0.579
0022301201,2023-12-05,1610612752,New York Knicks,1,0,1,0.0,48.0,114.5,119.6,146.9,143.1,-32.4,-23.5,0.628,1.59,18.4,0.383,0.684,0.518,0.167,0.534,0.601,102.9,102.0,85.0,102,0.421
0022301203,2023-12-05,1610612756,Phoenix Suns,1,0,1,0.0,48.0,104.8,105.1,103.9,109.3,0.9,-4.2,0.676,1.14,18.5,0.308,0.606,0.495,0.224,0.573,0.611,100.1,97.5,81.25,98,0.54
0022301209,2023-12-06,1610612737,Atlanta Hawks,1,0,1,0.0,48.0,108.7,109.7,109.0,109.6,-0.3,0.1,0.595,1.92,17.7,0.25,0.75,0.509,0.126,0.511,0.554,104.2,103.5,86.25,103,0.504
0022301209,2023-12-06,1610612751,Brooklyn Nets,1,1,0,1.0,48.0,109.0,109.6,108.7,109.7,0.3,-0.1,0.558,2.0,16.9,0.25,0.75,0.491,0.115,0.516,0.545,104.2,103.5,86.25,104,0.496
0022301211,2023-12-06,1610612766,Charlotte Hornets,1,0,1,0.0,48.0,99.7,102.0,113.5,112.1,-13.8,-10.1,0.641,1.47,18.4,0.255,0.589,0.43,0.173,0.489,0.525,99.0,98.5,82.08,98,0.453
0022301211,2023-12-06,1610612741,Chicago Bulls,1,1,0,1.0,48.0,113.5,112.1,99.7,102.0,13.8,10.1,0.605,1.44,16.0,0.411,0.745,0.57,0.162,0.489,0.54,99.0,98.5,82.08,99,0.547
0022301205,2023-12-06,1610612739,Cleveland Cavaliers,1,1,0,1.0,48.0,118.9,119.8,106.4,107.8,12.4,12.0,0.63,1.71,20.6,0.256,0.771,0.527,0.168,0.616,0.638,103.0,102.0,85.0,101,0.534
0022301213,2023-12-06,1610612742,Dallas Mavericks,1,1,0,1.0,48.0,138.2,141.3,94.2,93.3,44.0,48.1,0.661,4.63,23.7,0.306,0.759,0.544,0.077,0.663,0.672,104.6,104.0,86.67,104,0.703
0022301215,2023-12-06,1610612743,Denver Nuggets,1,0,1,0.0,48.0,103.1,106.3,115.6,114.4,-12.6,-8.2,0.707,2.64,20.3,0.316,0.673,0.481,0.115,0.48,0.5,97.5,96.5,80.42,96,0.451
0022301206,2023-12-06,1610612765,Detroit Pistons,1,0,1,0.0,48.0,98.1,100.0,113.5,113.7,-15.4,-13.7,0.732,1.76,21.0,0.22,0.761,0.479,0.167,0.511,0.537,103.1,102.0,85.0,102,0.435
0022301214,2023-12-06,1610612744,Golden State Warriors,1,1,0,1.0,48.0,107.3,111.1,104.9,106.0,2.4,5.1,0.556,1.18,14.5,0.365,0.719,0.55,0.172,0.477,0.547,101.8,99.5,82.92,99,0.547
0022301212,2023-12-06,1610612745,Houston Rockets,1,1,0,1.0,48.0,106.1,111.1,98.5,103.1,7.6,8.0,0.7,1.33,19.9,0.356,0.846,0.619,0.212,0.572,0.593,103.1,98.5,82.08,99,0.558
0022301215,2023-12-06,1610612746,LA Clippers,1,1,0,1.0,48.0,115.6,114.4,103.1,106.3,12.6,8.2,0.525,1.91,15.7,0.327,0.684,0.519,0.113,0.529,0.566,97.5,96.5,80.42,97,0.549
0022301206,2023-12-06,1610612763,Memphis Grizzlies,1,1,0,1.0,48.0,113.5,113.7,98.1,100.0,15.4,13.7,0.553,1.86,18.7,0.239,0.78,0.521,0.137,0.577,0.597,103.1,102.0,85.0,102,0.565
0022301207,2023-12-06,1610612748,Miami Heat,1,1,0,1.0,48.0,116.2,114.3,103.5,105.1,12.7,9.2,0.805,4.71,23.7,0.167,0.76,0.469,0.071,0.539,0.575,97.9,98.0,81.67,98,0.542
0022301210,2023-12-06,1610612750,Minnesota Timberwolves,1,1,0,1.0,48.0,102.8,101.0,88.2,94.0,14.6,7.0,0.556,1.43,14.9,0.25,0.677,0.487,0.139,0.483,0.53,102.9,100.5,83.75,101,0.574
0022301212,2023-12-06,1610612760,Oklahoma City Thunder,1,0,1,0.0,48.0,98.5,103.1,106.1,111.1,-7.6,-8.0,0.595,2.44,17.2,0.154,0.644,0.381,0.092,0.471,0.518,103.1,98.5,82.08,98,0.442
0022301205,2023-12-06,1610612753,Orlando Magic,1,0,1,0.0,48.0,106.4,107.8,118.9,119.8,-12.4,-12.0,0.537,2.0,16.3,0.229,0.744,0.473,0.107,0.5,0.553,103.0,102.0,85.0,103,0.466
0022301208,2023-12-06,1610612755,Philadelphia 76ers,1,1,0,1.0,48.0,122.5,126.0,120.6,120.0,1.9,6.0,0.617,2.64,19.9,0.304,0.9,0.581,0.106,0.554,0.612,105.7,104.5,87.08,104,0.493
0022301214,2023-12-06,1610612757,Portland Trail Blazers,1,0,1,0.0,48.0,104.9,106.0,107.3,111.1,-2.4,-5.1,0.564,2.2,15.9,0.281,0.635,0.45,0.1,0.495,0.519,101.8,99.5,82.92,100,0.453
0022301210,2023-12-06,1610612759,San Antonio Spurs,1,0,1,0.0,48.0,88.2,94.0,102.8,101.0,-14.6,-7.0,0.605,1.92,16.0,0.323,0.75,0.513,0.12,0.416,0.437,102.9,100.5,83.75,100,0.426
0022301207,2023-12-06,1610612761,Toronto Raptors,1,0,1,0.0,48.0,103.5,105.1,116.2,114.3,-12.7,-9.2,0.784,2.07,20.9,0.24,0.833,0.531,0.143,0.512,0.551,97.9,98.0,81.67,98,0.458
0022301213,2023-12-06,1610612762,Utah Jazz,1,0,1,0.0,48.0,94.2,93.3,138.2,141.3,-44.0,-48.1,0.629,1.16,15.8,0.241,0.694,0.456,0.183,0.471,0.511,104.6,104.0,86.67,104,0.297
0022301208,2023-12-06,1610612764,Washington Wizards,1,0,1,0.0,48.0,120.6,120.0,122.5,126.0,-1.9,-6.0,0.75,3.55,26.5,0.1,0.696,0.419,0.105,0.641,0.66,105.7,104.5,87.08,105,0.507
0022301229,2023-12-07,1610612754,Indiana Pacers,1,1,0,1.0,48.0,118.5,121.9,109.9,112.3,8.7,9.6,0.6,3.0,19.5,0.339,0.684,0.513,0.095,0.525,0.566,108.2,105.5,87.92,105,0.569
0022301230,2023-12-07,1610612747,Los Angeles Lakers,1,1,0,1.0,48.0,129.4,127.9,85.7,86.4,43.7,41.5,0.66,2.07,21.1,0.295,0.766,0.574,0.144,0.645,0.673,103.3,103.5,86.25,104,0.724
0022301229,2023-12-07,1610612749,Milwaukee Bucks,1,0,1,0.0,48.0,109.9,112.3,118.5,121.9,-8.7,-9.6,0.442,1.58,13.3,0.316,0.661,0.487,0.113,0.51,0.549,108.2,105.5,87.92,106,0.431
0022301230,2023-12-07,1610612740,New Orleans Pelicans,1,0,1,0.0,48.0,85.7,86.4,129.4,127.9,-43.7,-41.5,0.647,1.83,15.7,0.234,0.705,0.426,0.117,0.395,0.429,103.3,103.5,86.25,103,0.276
0022301218,2023-12-08,1610612737,Atlanta Hawks,1,0,1,0.0,48.0,109.4,114.0,124.7,126.3,-15.3,-12.3,0.488,1.43,13.4,0.446,0.667,0.54,0.14,0.457,0.503,102.3,99.5,82.92,100,0.396
0022301227,2023-12-08,1610612738,Boston Celtics,1,1,0,1.0,48.0,132.7,134.3,120.7,125.5,12.0,8.8,0.5,3.0,18.0,0.227,0.622,0.427,0.081,0.632,0.663,101.1,98.5,82.08,99,0.532
0022301219,2023-12-08,1610612751,Brooklyn Nets,1,1,0,1.0,48.0,118.2,124.0,93.1,95.1,25.1,28.9,0.54,2.45,18.1,0.393,0.696,0.545,0.11,0.529,0.554,104.6,101.0,84.17,100,0.654
0022301216,2023-12-08,1610612766,Charlotte Hornets,1,1,0,1.0,48.0,122.9,121.4,113.5,117.2,9.5,4.3,0.682,1.88,22.2,0.194,0.617,0.434,0.163,0.639,0.678,99.5,98.5,82.08,98,0.528
0022301223,2023-12-08,1610612741,Chicago Bulls,1,1,0,1.0,48.0,125.3,127.4,118.1,117.9,7.2,9.5,0.574,3.38,18.2,0.419,0.727,0.547,0.084,0.525,0.537,95.7,95.0,79.17,95,0.49
0022301220,2023-12-08,1610612739,Cleveland Cavaliers,1,1,0,1.0,48.0,111.6,111.0,95.6,99.0,16.1,12.0,0.525,1.62,15.7,0.26,0.788,0.529,0.13,0.54,0.564,101.5,100.0,83.33,100,0.607
0022301226,2023-12-08,1610612742,Dallas Mavericks,1,1,0,1.0,48.0,117.2,121.4,101.9,107.7,15.3,13.7,0.553,1.73,18.6,0.261,0.606,0.464,0.146,0.582,0.621,108.3,103.5,86.25,103,0.608
0022301224,2023-12-08,1610612743,Denver Nuggets,1,0,1,0.0,48.0,106.1,111.6,114.6,117.5,-8.5,-5.9,0.579,2.2,16.5,0.286,0.7,0.481,0.105,0.478,0.52,99.7,96.0,80.0,95,0.47
0022301217,2023-12-08,1610612765,Detroit Pistons,1,0,1,0.0,48.0,91.4,91.0,121.3,123.0,-29.9,-32.0,0.5,1.06,13.6,0.18,0.8,0.456,0.16,0.457,0.497,100.5,100.0,83.33,100,0.322
0022301222,2023-12-08,1610612744,Golden State Warriors,1,0,1,0.0,53.0,114.2,119.3,121.2,120.0,-7.1,-0.7,0.592,1.0,17.0,0.5,0.76,0.62,0.254,0.563,0.596,105.5,103.7,86.42,114,0.453
0022301224,2023-12-08,1610612745,Houston Rockets,1,1,0,1.0,48.0,114.6,117.5,106.1,111.6,8.5,5.9,0.6,2.1,15.8,0.3,0.714,0.519,0.103,0.506,0.567,99.7,96.0,80.0,97,0.53
0022301225,2023-12-08,1610612746,LA Clippers,1,1,0,1.0,48.0,116.7,119.4,100.4,104.0,16.3,15.3,0.535,1.64,17.3,0.255,0.708,0.484,0.143,0.574,0.602,101.4,98.5,82.08,98,0.533
0022301221,2023-12-08,1610612763,Memphis Grizzlies,1,0,1,0.0,48.0,106.9,109.6,130.3,132.3,-23.4,-22.7,0.649,2.4,18.8,0.2,0.523,0.351,0.106,0.517,0.546,96.9,95.0,79.17,94,0.35
0022301220,2023-12-08,1610612748,Miami Heat,1,0,1,0.0,48.0,95.6,99.0,111.6,111.0,-16.1,-12.0,0.622,1.28,17.2,0.212,0.74,0.471,0.18,0.517,0.535,101.5,100.0,83.33,100,0.393
0022301221,2023-12-08,1610612750,Minnesota Timberwolves,1,1,0,1.0,48.0,130.3,132.3,106.9,109.6,23.4,22.7,0.682,2.31,20.7,0.477,0.8,0.649,0.135,0.585,0.639,96.9,95.0,79.17,96,0.65
0022301227,2023-12-08,1610612752,New York Knicks,1,0,1,0.0,48.0,120.7,125.5,132.7,134.3,-12.0,-8.8,0.636,2.0,19.6,0.378,0.773,0.573,0.143,0.585,0.616,101.1,98.5,82.08,98,0.468
0022301222,2023-12-08,1610612760,Oklahoma City Thunder,1,1,0,1.0,53.0,121.2,120.0,114.2,119.3,7.1,0.7,0.294,1.36,10.6,0.24,0.5,0.38,0.096,0.546,0.606,105.5,103.7,86.42,115,0.547
0022301217,2023-12-08,1610612753,Orlando Magic,1,1,0,1.0,48.0,121.3,123.0,91.4,91.0,29.9,32.0,0.531,2.6,19.5,0.2,0.82,0.544,0.1,0.607,0.632,100.5,100.0,83.33,100,0.678
0022301218,2023-12-08,1610612755,Philadelphia 76ers,1,1,0,1.0,48.0,124.7,126.3,109.4,114.0,15.3,12.3,0.571,2.18,17.3,0.333,0.554,0.46,0.111,0.546,0.605,102.3,99.5,82.92,99,0.604
0022301228,2023-12-08,1610612756,Phoenix Suns,1,0,1,0.0,48.0,110.3,109.3,115.4,116.3,-5.1,-7.0,0.65,2.36,19.5,0.217,0.686,0.464,0.113,0.548,0.569,97.5,97.5,81.25,97,0.495
0022301226,2023-12-08,1610612757,Portland Trail Blazers,1,0,1,0.0,48.0,101.9,107.7,117.2,121.4,-15.3,-13.7,0.513,1.33,13.5,0.394,0.739,0.536,0.144,0.457,0.496,108.3,103.5,86.25,104,0.392
0022301228,2023-12-08,1610612758,Sacramento Kings,1,1,0,1.0,48.0,115.4,116.3,110.3,109.3,5.1,7.0,0.595,1.92,18.0,0.314,0.783,0.536,0.133,0.533,0.565,97.5,97.5,81.25,98,0.505
0022301223,2023-12-08,1610612759,San Antonio Spurs,1,0,1,0.0,48.0,118.1,117.9,125.3,127.4,-7.2,-9.5,0.897,2.69,24.6,0.273,0.581,0.453,0.137,0.572,0.61,95.7,95.0,79.17,95,0.51
0022301216,2023-12-08,1610612761,Toronto Raptors,1,0,1,0.0,48.0,113.5,117.2,122.9,121.4,-9.5,-4.3,0.681,2.29,21.8,0.383,0.806,0.566,0.141,0.538,0.567,99.5,98.5,82.08,99,0.472
0022301225,2023-12-08,1610612762,Utah Jazz,1,0,1,0.0,48.0,100.4,104.0,116.7,119.4,-16.3,-15.3,0.605,1.44,16.9,0.292,0.745,0.516,0.162,0.506,0.545,101.4,98.5,82.08,99,0.467
0022301219,2023-12-08,1610612764,Washington Wizards,1,0,1,0.0,48.0,93.1,95.1,118.2,124.0,-25.1,-28.9,0.5,1.19,14.0,0.304,0.607,0.455,0.157,0.451,0.484,104.6,101.0,84.17,102,0.346
0022300296,2023-12-11,1610612737,Atlanta Hawks,1,0,1,0.0,48.0,120.9,123.2,125.5,130.3,-4.6,-7.1,0.568,2.5,17.7,0.321,0.585,0.436,0.101,0.547,0.587,101.8,99.0,82.5,99,0.437
0022300303,2023-12-11,1610612751,Brooklyn Nets,1,0,1,0.0,48.0,117.7,118.0,127.0,131.0,-9.3,-13.0,0.571,1.85,17.8,0.239,0.688,0.468,0.13,0.557,0.607,101.7,100.0,83.33,100,0.472
0022300292,2023-12-11,1610612766,Charlotte Hornets,1,0,1,0.0,48.0,115.5,120.0,122.2,124.7,-6.6,-4.7,0.775,2.82,23.1,0.229,0.756,0.472,0.116,0.577,0.608,96.8,94.0,78.33,95,0.453
0022300300,2023-12-11,1610612741,Chicago Bulls,1,0,1,0.0,53.0,114.2,119.4,124.0,122.0,-9.8,-2.6,0.532,4.17,15.9,0.348,0.795,0.522,0.056,0.478,0.516,99.7,98.26,81.89,108,0.41
0022300294,2023-12-11,1610612739,Cleveland Cavaliers,1,0,1,0.0,48.0,98.4,102.2,107.2,113.0,-8.8,-10.9,0.5,1.07,11.6,0.39,0.625,0.495,0.152,0.406,0.472,96.3,92.0,76.67,92,0.406
0022300299,2023-12-11,1610612742,Dallas Mavericks,1,1,0,1.0,48.0,118.4,120.0,108.6,114.1,9.8,5.9,0.628,1.59,19.1,0.318,0.72,0.532,0.17,0.599,0.636,102.7,99.5,82.92,100,0.554
0022300296,2023-12-11,1610612743,Denver Nuggets,1,1,0,1.0,48.0,125.5,130.3,120.9,123.2,4.6,7.1,0.617,1.81,20.0,0.415,0.679,0.564,0.162,0.602,0.64,101.8,99.0,82.5,99,0.563
0022300293,2023-12-11,1610612765,Detroit Pistons,1,0,1,0.0,48.0,119.2,118.3,122.0,123.6,-2.8,-5.3,0.578,1.73,19.1,0.154,0.628,0.402,0.144,0.617,0.653,105.3,105.0,87.5,104,0.467
0022300298,2023-12-11,1610612745,Houston Rockets,1,1,0,1.0,48.0,90.5,92.1,78.3,80.4,12.1,11.7,0.625,1.25,14.4,0.29,0.78,0.529,0.158,0.409,0.457,103.7,101.5,84.58,101,0.534
0022300293,2023-12-11,1610612754,Indiana Pacers,1,1,0,1.0,48.0,122.0,123.6,119.2,118.3,2.8,5.3,0.635,1.83,21.6,0.372,0.846,0.598,0.17,0.636,0.653,105.3,105.0,87.5,106,0.533
0022300304,2023-12-11,1610612746,LA Clippers,1,1,0,1.0,48.0,133.8,136.1,124.0,130.9,9.8,5.2,0.673,3.67,23.1,0.325,0.66,0.511,0.093,0.624,0.669,100.6,97.0,80.83,97,0.565
0022300299,2023-12-11,1610612763,Memphis Grizzlies,1,0,1,0.0,48.0,108.6,114.1,118.4,120.0,-9.8,-5.9,0.634,1.44,18.7,0.28,0.682,0.468,0.182,0.562,0.588,102.7,99.5,82.92,99,0.446
0022300292,2023-12-11,1610612748,Miami Heat,1,1,0,1.0,48.0,122.2,124.7,115.5,120.0,6.6,4.7,0.838,2.82,23.1,0.244,0.771,0.528,0.118,0.578,0.631,96.8,94.0,78.33,93,0.547
0022300300,2023-12-11,1610612749,Milwaukee Bucks,1,1,0,1.0,53.0,124.0,122.0,114.2,119.4,9.8,2.6,0.773,3.09,22.5,0.205,0.652,0.478,0.101,0.599,0.65,99.7,98.26,81.89,109,0.59
0022300301,2023-12-11,1610612750,Minnesota Timberwolves,1,0,1,0.0,48.0,104.5,104.9,116.8,119.8,-12.3,-14.9,0.65,1.86,18.4,0.245,0.755,0.49,0.137,0.511,0.538,103.0,101.5,84.58,102,0.418
0022300301,2023-12-11,1610612740,New Orleans Pelicans,1,1,0,1.0,48.0,116.8,119.8,104.5,104.9,12.3,14.9,0.675,1.93,19.3,0.245,0.755,0.51,0.139,0.549,0.607,103.0,101.5,84.58,101,0.582
0022300297,2023-12-11,1610612752,New York Knicks,1,1,0,1.0,48.0,140.0,136.0,127.2,131.3,12.8,4.7,0.692,2.4,23.8,0.385,0.604,0.511,0.15,0.703,0.707,99.7,99.5,82.92,100,0.538
0022300302,2023-12-11,1610612760,Oklahoma City Thunder,1,1,0,1.0,48.0,123.5,127.6,109.8,113.2,13.7,14.4,0.7,2.92,23.2,0.234,0.729,0.484,0.114,0.615,0.647,108.9,105.5,87.92,105,0.551
0022300294,2023-12-11,1610612753,Orlando Magic,1,1,0,1.0,48.0,107.2,113.0,98.4,102.2,8.8,10.9,0.564,1.57,16.7,0.375,0.61,0.505,0.152,0.506,0.547,96.3,92.0,76.67,92,0.594
0022300295,2023-12-11,1610612755,Philadelphia 76ers,1,1,0,1.0,48.0,131.5,133.9,93.8,91.8,37.7,42.1,0.712,2.64,23.4,0.261,0.722,0.51,0.128,0.653,0.689,109.3,109.5,91.25,109,0.707
0022300304,2023-12-11,1610612757,Portland Trail Blazers,1,0,1,0.0,48.0,124.0,130.9,133.8,136.1,-9.8,-5.2,0.581,2.08,18.0,0.34,0.675,0.489,0.124,0.583,0.626,100.6,97.0,80.83,97,0.435
0022300303,2023-12-11,1610612758,Sacramento Kings,1,1,0,1.0,48.0,127.0,131.0,117.7,118.0,9.3,13.0,0.792,2.92,24.8,0.313,0.761,0.532,0.13,0.644,0.654,101.7,100.0,83.33,100,0.528
0022300298,2023-12-11,1610612759,San Antonio Spurs,1,0,1,0.0,48.0,78.3,80.4,90.5,92.1,-12.1,-11.7,0.645,1.18,15.0,0.22,0.71,0.471,0.167,0.385,0.424,103.7,101.5,84.58,102,0.466
0022300297,2023-12-11,1610612761,Toronto Raptors,1,0,1,0.0,48.0,127.2,131.3,140.0,136.0,-12.8,-4.7,0.681,3.2,21.1,0.396,0.615,0.489,0.101,0.563,0.595,99.7,99.5,82.92,99,0.462
0022300302,2023-12-11,1610612762,Utah Jazz,1,0,1,0.0,48.0,109.8,113.2,123.5,127.6,-13.7,-14.4,0.727,1.88,21.5,0.271,0.766,0.516,0.16,0.543,0.593,108.9,105.5,87.92,106,0.449
0022300295,2023-12-11,1610612764,Washington Wizards,1,0,1,0.0,48.0,93.8,91.8,131.5,133.9,-37.7,-42.1,0.583,0.95,14.4,0.278,0.739,0.49,0.2,0.476,0.512,109.3,109.5,91.25,110,0.293
0022300305,2023-12-12,1610612738,Boston Celtics,1,1,0,1.0,48.0,121.9,123.7,109.8,116.5,12.2,7.2,0.605,1.53,17.0,0.348,0.725,0.546,0.155,0.56,0.629,100.7,97.0,80.83,97,0.554
0022300307,2023-12-12,1610612741,Chicago Bulls,1,0,1,0.0,48.0,106.9,112.8,122.5,122.6,-15.5,-9.8,0.722,1.86,18.8,0.373,0.653,0.51,0.149,0.494,0.551,96.1,93.5,77.92,94,0.47
0022300305,2023-12-12,1610612739,Cleveland Cavaliers,1,0,1,0.0,48.0,109.8,116.5,121.9,123.7,-12.2,-7.2,0.614,2.08,19.6,0.275,0.652,0.454,0.134,0.582,0.589,100.7,97.0,80.83,97,0.446
0022300306,2023-12-12,1610612742,Dallas Mavericks,1,1,0,1.0,48.0,132.0,130.9,120.3,130.2,11.7,0.7,0.636,2.8,20.1,0.304,0.614,0.456,0.103,0.612,0.646,100.1,96.5,80.42,97,0.505
0022300307,2023-12-12,1610612743,Denver Nuggets,1,1,0,1.0,48.0,122.5,122.6,106.9,112.8,15.5,9.8,0.718,2.55,20.3,0.347,0.627,0.49,0.118,0.554,0.587,96.1,93.5,77.92,93,0.53
0022300308,2023-12-12,1610612744,Golden State Warriors,1,0,1,0.0,48.0,109.6,112.6,111.3,114.4,-1.7,-1.8,0.634,1.73,17.8,0.304,0.776,0.524,0.146,0.533,0.558,106.4,103.5,86.25,103,0.465
0022300309,2023-12-12,1610612746,LA Clippers,1,1,0,1.0,48.0,114.2,115.5,95.6,97.1,18.6,18.5,0.477,1.24,15.8,0.22,0.811,0.553,0.165,0.589,0.638,103.9,102.5,85.42,103,0.599
0022300306,2023-12-12,1610612747,Los Angeles Lakers,1,0,1,0.0,48.0,120.3,130.2,132.0,130.9,-11.7,-0.7,0.694,2.27,23.1,0.386,0.696,0.544,0.156,0.621,0.632,100.1,96.5,80.42,96,0.495
0022300308,2023-12-12,1610612756,Phoenix Suns,1,1,0,1.0,48.0,111.3,114.4,109.6,112.6,1.7,1.8,0.711,1.8,19.0,0.224,0.696,0.476,0.144,0.536,0.601,106.4,103.5,86.25,104,0.535
0022300309,2023-12-12,1610612758,Sacramento Kings,1,0,1,0.0,48.0,95.6,97.1,114.2,115.5,-18.6,-18.5,0.75,1.93,19.4,0.189,0.78,0.447,0.137,0.477,0.513,103.9,102.5,85.42,102,0.401
0022300313,2023-12-13,1610612737,Atlanta Hawks,1,0,1,0.0,48.0,125.0,125.5,130.4,133.7,-5.3,-8.2,0.667,4.57,21.5,0.273,0.721,0.469,0.069,0.57,0.591,103.0,101.5,84.58,102,0.463
0022300317,2023-12-13,1610612751,Brooklyn Nets,1,1,0,1.0,48.0,120.1,124.7,119.3,117.9,0.8,6.8,0.585,3.43,18.5,0.255,0.636,0.432,0.075,0.545,0.583,95.2,94.0,78.33,93,0.491
0022300312,2023-12-13,1610612766,Charlotte Hornets,1,0,1,0.0,48.0,105.2,104.0,114.6,117.3,-9.4,-13.3,0.659,1.29,20.3,0.162,0.6,0.402,0.21,0.61,0.635,99.6,99.0,82.5,100,0.463
0022300310,2023-12-13,1610612765,Detroit Pistons,1,0,1,0.0,48.0,105.5,107.8,125.3,125.2,-19.8,-17.5,0.615,2.4,17.5,0.204,0.75,0.449,0.097,0.5,0.548,104.1,103.0,85.83,103,0.392
0022300314,2023-12-13,1610612745,Houston Rockets,1,1,0,1.0,48.0,110.1,112.5,101.0,101.0,9.1,11.5,0.59,1.21,16.0,0.321,0.88,0.585,0.183,0.523,0.572,104.6,103.5,86.25,104,0.551
0022300315,2023-12-13,1610612754,Indiana Pacers,1,0,1,0.0,48.0,108.5,113.5,122.7,126.1,-14.1,-12.6,0.667,1.67,18.2,0.414,0.646,0.519,0.162,0.505,0.552,115.1,111.0,92.5,111,0.423
0022300316,2023-12-13,1610612747,Los Angeles Lakers,1,1,0,1.0,48.0,111.4,110.9,107.3,108.2,4.2,2.7,0.633,1.94,21.1,0.152,0.774,0.485,0.145,0.615,0.619,110.2,110.0,91.67,110,0.545
0022300314,2023-12-13,1610612763,Memphis Grizzlies,1,0,1,0.0,48.0,101.0,101.0,110.1,112.5,-9.1,-11.5,0.714,2.27,18.7,0.12,0.679,0.415,0.107,0.488,0.536,104.6,103.5,86.25,103,0.449
0022300312,2023-12-13,1610612748,Miami Heat,1,1,0,1.0,48.0,114.6,117.3,105.2,104.0,9.4,13.3,0.707,1.26,20.0,0.4,0.838,0.598,0.235,0.564,0.609,99.6,99.0,82.5,98,0.537
0022300315,2023-12-13,1610612749,Milwaukee Bucks,1,1,0,1.0,48.0,122.7,126.1,108.5,113.5,14.1,12.6,0.563,1.69,17.4,0.354,0.586,0.481,0.144,0.579,0.636,115.1,111.0,92.5,111,0.577
0022300311,2023-12-13,1610612740,New Orleans Pelicans,1,1,0,1.0,48.0,130.0,134.0,116.7,116.2,13.4,17.8,0.6,3.0,19.7,0.333,0.905,0.6,0.094,0.604,0.65,106.9,105.5,87.92,106,0.563
0022300318,2023-12-13,1610612752,New York Knicks,1,0,1,0.0,48.0,107.5,109.7,108.1,113.6,-0.6,-3.9,0.512,1.91,14.8,0.3,0.621,0.458,0.107,0.484,0.523,106.7,103.0,85.83,103,0.483
0022300310,2023-12-13,1610612755,Philadelphia 76ers,1,1,0,1.0,48.0,125.3,125.2,105.5,107.8,19.8,17.5,0.622,2.55,19.7,0.25,0.796,0.551,0.107,0.58,0.633,104.1,103.0,85.83,103,0.608
0022300317,2023-12-13,1610612756,Phoenix Suns,1,0,1,0.0,48.0,119.3,117.9,120.1,124.7,-0.8,-6.8,0.7,2.33,20.3,0.364,0.745,0.568,0.126,0.53,0.584,95.2,94.0,78.33,95,0.509
0022300316,2023-12-13,1610612759,San Antonio Spurs,1,0,1,0.0,48.0,107.3,108.2,111.4,110.9,-4.2,-2.7,0.622,1.65,18.7,0.226,0.848,0.515,0.155,0.552,0.573,110.2,110.0,91.67,110,0.455
0022300313,2023-12-13,1610612761,Toronto Raptors,1,1,0,1.0,48.0,130.4,133.7,125.0,125.5,5.3,8.2,0.78,2.6,25.7,0.279,0.727,0.531,0.149,0.678,0.692,103.0,101.5,84.58,101,0.537
0022300318,2023-12-13,1610612762,Utah Jazz,1,1,0,1.0,48.0,108.1,113.6,107.5,109.7,0.6,3.9,0.721,1.94,20.0,0.379,0.7,0.542,0.155,0.52,0.546,106.7,103.0,85.83,103,0.517
0022300311,2023-12-13,1610612764,Washington Wizards,1,0,1,0.0,48.0,116.7,116.2,130.0,134.0,-13.4,-17.8,0.667,1.87,20.4,0.095,0.667,0.4,0.143,0.628,0.659,106.9,105.5,87.92,105,0.438
0022300319,2023-12-14,1610612738,Boston Celtics,1,1,0,1.0,48.0,123.7,119.6,109.8,111.5,13.9,8.1,0.512,1.69,16.7,0.295,0.727,0.511,0.134,0.582,0.618,95.6,96.5,80.42,97,0.552
0022300322,2023-12-14,1610612751,Brooklyn Nets,1,0,1,0.0,48.0,99.2,99.0,117.8,120.4,-18.6,-21.4,0.718,1.75,18.8,0.328,0.685,0.5,0.157,0.453,0.487,103.5,102.5,85.42,102,0.374
0022300320,2023-12-14,1610612741,Chicago Bulls,1,1,0,1.0,48.0,123.8,126.5,117.9,117.2,5.9,9.4,0.711,6.4,22.1,0.288,0.739,0.5,0.051,0.559,0.584,99.3,98.5,82.08,98,0.537
0022300319,2023-12-14,1610612739,Cleveland Cavaliers,1,0,1,0.0,48.0,109.8,111.5,123.7,119.6,-13.9,-8.1,0.525,1.31,16.3,0.273,0.705,0.489,0.167,0.548,0.591,95.6,96.5,80.42,96,0.448
0022300321,2023-12-14,1610612742,Dallas Mavericks,1,0,1,0.0,48.0,98.1,100.0,114.4,117.8,-16.3,-17.8,0.538,1.31,16.3,0.159,0.667,0.424,0.158,0.512,0.555,103.5,101.0,84.17,101,0.419
0022300322,2023-12-14,1610612743,Denver Nuggets,1,1,0,1.0,48.0,117.8,120.4,99.2,99.0,18.6,21.4,0.66,3.44,20.5,0.315,0.672,0.5,0.087,0.535,0.573,103.5,102.5,85.42,103,0.626
0022300325,2023-12-14,1610612744,Golden State Warriors,1,0,1,0.0,48.0,116.1,117.7,123.2,127.4,-7.2,-9.7,0.55,1.69,16.2,0.346,0.707,0.505,0.135,0.522,0.563,97.8,95.5,79.58,96,0.432
0022300325,2023-12-14,1610612746,LA Clippers,1,1,0,1.0,48.0,123.2,127.4,116.1,117.7,7.2,9.7,0.659,1.93,20.1,0.293,0.654,0.495,0.147,0.586,0.642,97.8,95.5,79.58,95,0.568
0022300320,2023-12-14,1610612748,Miami Heat,1,0,1,0.0,48.0,117.9,117.2,123.8,126.5,-5.9,-9.4,0.703,2.36,19.0,0.261,0.712,0.5,0.111,0.556,0.608,99.3,98.5,82.08,99,0.463
0022300321,2023-12-14,1610612750,Minnesota Timberwolves,1,1,0,1.0,48.0,114.4,117.8,98.1,100.0,16.3,17.8,0.682,1.76,20.4,0.333,0.841,0.576,0.168,0.58,0.601,103.5,101.0,84.17,101,0.581
0022300324,2023-12-14,1610612760,Oklahoma City Thunder,1,0,1,0.0,48.0,109.9,112.8,116.1,118.5,-6.2,-5.7,0.591,1.86,16.8,0.356,0.694,0.509,0.128,0.485,0.54,111.1,108.5,90.42,109,0.451
0022300323,2023-12-14,1610612757,Portland Trail Blazers,1,0,1,0.0,48.0,113.0,120.0,126.9,128.4,-13.9,-8.4,0.698,2.73,19.5,0.453,0.659,0.537,0.116,0.495,0.514,98.5,95.0,79.17,95,0.442
0022300324,2023-12-14,1610612758,Sacramento Kings,1,1,0,1.0,48.0,116.1,118.5,109.9,112.8,6.2,5.7,0.681,1.88,20.8,0.306,0.644,0.491,0.157,0.589,0.614,111.1,108.5,90.42,108,0.549
0022300323,2023-12-14,1610612762,Utah Jazz,1,1,0,1.0,48.0,126.9,128.4,113.0,120.0,13.9,8.4,0.551,2.45,19.7,0.341,0.547,0.463,0.116,0.592,0.621,98.5,95.0,79.17,95,0.558
0022300330,2023-12-15,1610612737,Atlanta Hawks,1,1,0,1.0,48.0,123.0,123.8,105.1,104.0,17.9,19.8,0.654,2.43,22.1,0.38,0.932,0.638,0.139,0.594,0.603,100.3,100.5,83.75,101,0.577
0022300329,2023-12-15,1610612738,Boston Celtics,1,1,0,1.0,48.0,124.5,129.3,107.9,113.3,16.7,16.0,0.646,2.82,21.7,0.292,0.583,0.438,0.111,0.62,0.635,102.9,98.5,82.08,99,0.584
0022300326,2023-12-15,1610612766,Charlotte Hornets,1,0,1,0.0,48.0,105.7,108.1,113.0,112.0,-7.4,-3.9,0.439,2.25,14.1,0.208,0.696,0.434,0.081,0.495,0.528,100.2,99.5,82.92,99,0.433
0022300327,2023-12-15,1610612765,Detroit Pistons,1,0,1,0.0,48.0,87.5,88.5,115.2,120.4,-27.7,-31.9,0.543,0.9,14.3,0.204,0.617,0.431,0.202,0.457,0.505,106.4,103.5,86.25,104,0.33
0022300332,2023-12-15,1610612745,Houston Rockets,1,1,0,1.0,48.0,105.0,105.1,92.7,99.0,12.4,6.1,0.563,1.64,13.4,0.316,0.661,0.487,0.112,0.426,0.505,100.8,97.5,81.25,98,0.585
0022300328,2023-12-15,1610612754,Indiana Pacers,1,0,1,0.0,48.0,106.0,109.8,119.7,122.3,-13.7,-12.5,0.729,2.33,21.2,0.3,0.69,0.461,0.134,0.519,0.539,115.2,112.0,93.33,112,0.411
0022300331,2023-12-15,1610612747,Los Angeles Lakers,1,0,1,0.0,48.0,117.0,115.0,124.8,130.3,-7.8,-15.3,0.744,5.33,22.7,0.224,0.729,0.474,0.06,0.545,0.568,100.8,99.5,82.92,100,0.464
0022300332,2023-12-15,1610612763,Memphis Grizzlies,1,0,1,0.0,48.0,92.7,99.0,105.0,105.1,-12.4,-6.1,0.514,1.06,14.1,0.339,0.684,0.513,0.186,0.462,0.487,100.8,97.5,81.25,97,0.415
0022300326,2023-12-15,1610612740,New Orleans Pelicans,1,1,0,1.0,48.0,113.0,112.0,105.7,108.1,7.4,3.9,0.632,1.5,17.5,0.304,0.792,0.566,0.16,0.531,0.595,100.2,99.5,82.92,100,0.567
0022300333,2023-12-15,1610612752,New York Knicks,1,1,0,1.0,48.0,144.3,143.3,120.5,124.5,23.8,18.8,0.571,2.55,20.9,0.25,0.698,0.494,0.113,0.701,0.737,98.8,97.5,81.25,97,0.568
0022300329,2023-12-15,1610612753,Orlando Magic,1,0,1,0.0,48.0,107.9,113.3,124.5,129.3,-16.7,-16.0,0.595,1.19,17.5,0.417,0.708,0.563,0.214,0.563,0.585,102.9,98.5,82.08,98,0.416
0022300327,2023-12-15,1610612755,Philadelphia 76ers,1,1,0,1.0,48.0,115.2,120.4,87.5,88.5,27.7,31.9,0.585,2.0,16.0,0.383,0.796,0.569,0.117,0.49,0.555,106.4,103.5,86.25,103,0.67
0022300333,2023-12-15,1610612756,Phoenix Suns,1,0,1,0.0,48.0,120.5,124.5,144.3,143.3,-23.8,-18.8,0.638,2.5,21.4,0.302,0.75,0.506,0.122,0.583,0.615,98.8,97.5,81.25,98,0.432
0022300331,2023-12-15,1610612759,San Antonio Spurs,1,1,0,1.0,48.0,124.8,130.3,117.0,115.0,7.8,15.3,0.745,3.89,24.0,0.271,0.776,0.526,0.091,0.589,0.624,100.8,99.5,82.92,99,0.536
0022300330,2023-12-15,1610612761,Toronto Raptors,1,0,1,0.0,48.0,105.1,104.0,123.0,123.8,-17.9,-19.8,0.75,2.14,22.6,0.068,0.62,0.362,0.14,0.584,0.591,100.3,100.5,83.75,100,0.423
0022300328,2023-12-15,1610612764,Washington Wizards,1,1,0,1.0,48.0,119.7,122.3,106.0,109.8,13.7,12.5,0.692,1.89,22.4,0.31,0.7,0.539,0.17,0.636,0.662,115.2,112.0,93.33,112,0.589
0022300336,2023-12-16,1610612737,Atlanta Hawks,1,0,1,0.0,48.0,117.8,122.7,126.2,130.9,-8.4,-8.2,0.512,1.91,16.2,0.261,0.547,0.414,0.113,0.571,0.62,100.8,97.0,80.83,97,0.449
0022300339,2023-12-16,1610612751,Brooklyn Nets,1,0,1,0.0,48.0,118.1,120.0,123.0,125.3,-4.9,-5.3,0.689,1.94,20.9,0.347,0.66,0.5,0.16,0.575,0.602,101.2,99.5,82.92,100,0.474
0022300335,2023-12-16,1610612766,Charlotte Hornets,1,0,1,0.0,48.0,81.3,82.0,134.4,137.8,-53.0,-55.8,0.455,1.15,12.0,0.224,0.806,0.447,0.13,0.401,0.428,100.7,99.0,82.5,100,0.231
0022300337,2023-12-16,1610612741,Chicago Bulls,1,0,1,0.0,48.0,123.7,127.5,122.9,129.7,0.8,-2.2,0.676,1.67,18.9,0.39,0.698,0.548,0.165,0.584,0.646,94.9,91.0,75.83,91,0.511
0022300336,2023-12-16,1610612739,Cleveland Cavaliers,1,1,0,1.0,48.0,126.2,130.9,117.8,122.7,8.4,8.2,0.653,2.91,20.9,0.453,0.739,0.586,0.113,0.564,0.59,100.8,97.0,80.83,97,0.551
0022300341,2023-12-16,1610612742,Dallas Mavericks,1,1,0,1.0,48.0,121.0,126.0,114.6,115.4,6.4,10.6,0.563,2.08,18.8,0.275,0.771,0.515,0.125,0.577,0.617,106.5,104.0,86.67,104,0.551
0022300340,2023-12-16,1610612743,Denver Nuggets,1,0,1,0.0,48.0,121.2,118.2,119.0,120.4,2.2,-2.2,0.714,3.33,20.5,0.327,0.727,0.51,0.091,0.516,0.565,97.9,98.5,82.08,99,0.493
0022300334,2023-12-16,1610612765,Detroit Pistons,1,0,1,0.0,48.0,108.1,108.6,133.8,140.4,-25.7,-31.8,0.581,3.13,17.6,0.214,0.675,0.406,0.076,0.479,0.531,107.3,104.5,87.08,105,0.398
0022300339,2023-12-16,1610612744,Golden State Warriors,1,1,0,1.0,48.0,123.0,125.3,118.1,120.0,4.9,5.3,0.659,2.07,20.1,0.34,0.653,0.5,0.141,0.577,0.621,101.2,99.5,82.92,99,0.526
0022300338,2023-12-16,1610612754,Indiana Pacers,1,0,1,0.0,48.0,110.1,109.0,126.9,128.3,-16.9,-19.3,0.556,1.67,17.9,0.333,0.75,0.529,0.15,0.533,0.562,99.5,99.5,82.92,100,0.437
0022300343,2023-12-16,1610612746,LA Clippers,1,1,0,1.0,48.0,138.5,141.2,117.9,120.8,20.6,20.4,0.72,4.0,24.2,0.282,0.712,0.527,0.088,0.659,0.699,103.7,101.5,84.58,102,0.61
0022300337,2023-12-16,1610612748,Miami Heat,1,1,0,1.0,48.0,122.9,129.7,123.7,127.5,-0.8,2.2,0.605,2.6,20.0,0.302,0.61,0.452,0.11,0.596,0.628,94.9,91.0,75.83,91,0.489
0022300334,2023-12-16,1610612749,Milwaukee Bucks,1,1,0,1.0,48.0,133.8,140.4,108.1,108.6,25.7,31.8,0.48,1.6,17.0,0.325,0.786,0.594,0.144,0.676,0.715,107.3,104.5,87.08,104,0.602
0022300338,2023-12-16,1610612750,Minnesota Timberwolves,1,1,0,1.0,48.0,126.9,128.3,110.1,109.0,16.9,19.3,0.688,2.2,23.2,0.25,0.667,0.471,0.152,0.663,0.683,99.5,99.5,82.92,99,0.563
0022300343,2023-12-16,1610612752,New York Knicks,1,0,1,0.0,48.0,117.9,120.8,138.5,141.2,-20.6,-20.4,0.455,2.0,14.7,0.288,0.718,0.473,0.099,0.527,0.579,103.7,101.5,84.58,101,0.39
0022300340,2023-12-16,1610612760,Oklahoma City Thunder,1,1,0,1.0,48.0,119.0,120.4,121.2,118.2,-2.2,2.2,0.512,2.0,16.7,0.273,0.673,0.49,0.112,0.554,0.607,97.9,98.5,82.08,98,0.507
0022300335,2023-12-16,1610612755,Philadelphia 76ers,1,1,0,1.0,48.0,134.4,137.8,81.3,82.0,53.0,55.8,0.566,3.0,22.2,0.194,0.776,0.553,0.102,0.682,0.707,100.7,99.0,82.5,98,0.769
0022300341,2023-12-16,1610612757,Portland Trail Blazers,1,0,1,0.0,48.0,114.6,115.4,121.0,126.0,-6.4,-10.6,0.362,1.55,12.9,0.229,0.725,0.485,0.106,0.537,0.579,106.5,104.0,86.67,104,0.449
0022300342,2023-12-16,1610612758,Sacramento Kings,1,1,0,1.0,48.0,123.0,127.6,104.8,105.1,18.2,22.5,0.783,2.0,24.7,0.293,0.78,0.56,0.184,0.671,0.682,100.4,98.5,82.08,98,0.577
0022300342,2023-12-16,1610612762,Utah Jazz,1,0,1,0.0,48.0,104.8,105.1,123.0,127.6,-18.2,-22.5,0.737,2.15,20.3,0.22,0.707,0.44,0.131,0.512,0.546,100.4,98.5,82.08,99,0.423
0022300344,2023-12-17,1610612738,Boston Celtics,1,1,0,1.0,48.0,111.2,115.2,98.4,99.0,12.8,16.2,0.4,1.29,13.7,0.294,0.793,0.56,0.141,0.563,0.579,100.5,98.5,82.08,99,0.585
0022300348,2023-12-17,1610612744,Golden State Warriors,1,1,0,1.0,48.0,120.0,121.6,113.9,118.8,6.1,2.9,0.674,2.21,21.8,0.356,0.739,0.549,0.144,0.603,0.619,99.2,96.5,80.42,97,0.539
0022300346,2023-12-17,1610612745,Houston Rockets,1,0,1,0.0,48.0,121.1,121.4,121.8,129.3,-0.7,-7.9,0.578,2.6,19.7,0.2,0.571,0.404,0.102,0.594,0.631,101.7,98.5,82.08,98,0.513
0022300346,2023-12-17,1610612749,Milwaukee Bucks,1,1,0,1.0,48.0,121.8,129.3,121.1,121.4,0.7,7.9,0.556,1.47,17.2,0.429,0.8,0.596,0.172,0.572,0.615,101.7,98.5,82.08,99,0.487
0022300345,2023-12-17,1610612740,New Orleans Pelicans,1,1,0,1.0,48.0,130.7,135.2,102.6,100.9,28.2,34.3,0.691,2.53,23.6,0.319,0.796,0.574,0.139,0.673,0.678,109.5,108.5,90.42,108,0.624
0022300344,2023-12-17,1610612753,Orlando Magic,1,0,1,0.0,48.0,98.4,99.0,111.2,115.2,-12.8,-16.2,0.529,2.0,14.1,0.207,0.706,0.44,0.092,0.444,0.487,100.5,98.5,82.08,98,0.415
0022300347,2023-12-17,1610612756,Phoenix Suns,1,1,0,1.0,48.0,104.5,108.7,104.0,104.9,0.4,3.9,0.707,1.71,19.2,0.345,0.776,0.566,0.165,0.494,0.543,105.5,103.0,85.83,103,0.559
0022300348,2023-12-17,1610612757,Portland Trail Blazers,1,0,1,0.0,48.0,113.9,118.8,120.0,121.6,-6.1,-2.9,0.575,1.64,17.6,0.261,0.644,0.451,0.146,0.547,0.599,99.2,96.5,80.42,96,0.461
0022300345,2023-12-17,1610612759,San Antonio Spurs,1,0,1,0.0,48.0,102.6,100.9,130.7,135.2,-28.2,-34.3,0.725,2.23,19.6,0.204,0.681,0.426,0.119,0.505,0.533,109.5,108.5,90.42,109,0.376
0022300347,2023-12-17,1610612764,Washington Wizards,1,0,1,0.0,48.0,104.0,104.9,104.5,108.7,-0.4,-3.9,0.615,2.4,17.3,0.224,0.655,0.434,0.097,0.484,0.52,105.5,103.0,85.83,103,0.441
0022300352,2023-12-18,1610612737,Atlanta Hawks,1,1,0,1.0,48.0,125.1,126.2,116.0,120.4,9.1,5.8,0.543,1.39,17.7,0.317,0.66,0.505,0.175,0.635,0.671,105.4,103.0,85.83,103,0.553
0022300357,2023-12-18,1610612751,Brooklyn Nets,1,0,1,0.0,48.0,106.1,109.1,120.7,125.0,-14.6,-15.9,0.641,1.79,18.0,0.268,0.604,0.423,0.141,0.522,0.547,102.7,99.5,82.92,99,0.398
0022300354,2023-12-18,1610612766,Charlotte Hornets,1,0,1,0.0,48.0,101.3,101.0,114.4,118.8,-13.1,-17.7,0.462,1.38,13.8,0.28,0.614,0.436,0.133,0.483,0.523,98.7,97.0,80.83,98,0.406
0022300351,2023-12-18,1610612741,Chicago Bulls,1,1,0,1.0,48.0,114.2,113.7,104.7,108.3,9.5,5.4,0.571,2.4,18.3,0.25,0.686,0.475,0.105,0.539,0.565,97.0,95.5,79.58,95,0.526
0022300349,2023-12-18,1610612739,Cleveland Cavaliers,1,1,0,1.0,53.0,122.8,131.1,115.2,126.2,7.6,4.9,0.617,2.42,19.0,0.393,0.518,0.455,0.117,0.582,0.603,100.9,93.28,77.74,103,0.491
0022300356,2023-12-18,1610612742,Dallas Mavericks,1,0,1,0.0,48.0,107.9,106.1,134.5,135.4,-26.5,-29.3,0.463,1.73,14.1,0.31,0.75,0.49,0.112,0.516,0.518,96.5,97.0,80.83,98,0.329
0022300356,2023-12-18,1610612743,Denver Nuggets,1,1,0,1.0,48.0,134.5,135.4,107.9,106.1,26.5,29.3,0.592,3.22,21.5,0.25,0.69,0.51,0.094,0.644,0.672,96.5,97.0,80.83,96,0.671
0022300352,2023-12-18,1610612765,Detroit Pistons,1,0,1,0.0,48.0,116.0,120.4,125.1,126.2,-9.1,-5.8,0.479,1.77,16.1,0.34,0.683,0.495,0.126,0.559,0.586,105.4,103.0,85.83,103,0.447
0022300349,2023-12-18,1610612745,Houston Rockets,1,0,1,0.0,53.0,115.2,126.2,122.8,131.1,-7.6,-4.9,0.723,2.43,21.0,0.482,0.607,0.545,0.136,0.52,0.571,100.9,93.28,77.74,103,0.509
0022300350,2023-12-18,1610612754,Indiana Pacers,1,0,1,0.0,48.0,121.8,123.3,143.6,145.2,-21.8,-21.9,0.776,3.45,24.7,0.277,0.581,0.422,0.107,0.579,0.609,104.7,103.5,86.25,103,0.447
0022300350,2023-12-18,1610612746,LA Clippers,1,1,0,1.0,48.0,143.6,145.2,121.8,123.3,21.8,21.9,0.464,2.36,17.6,0.419,0.723,0.578,0.106,0.668,0.698,104.7,103.5,86.25,104,0.553
0022300359,2023-12-18,1610612747,Los Angeles Lakers,1,0,1,0.0,48.0,103.1,106.9,110.6,111.8,-7.4,-4.9,0.69,2.9,20.3,0.211,0.75,0.457,0.098,0.49,0.52,104.4,102.0,85.0,102,0.48
0022300355,2023-12-18,1610612763,Memphis Grizzlies,1,0,1,0.0,48.0,88.8,91.5,111.4,109.4,-22.6,-17.9,0.833,1.14,17.6,0.214,0.788,0.491,0.208,0.465,0.515,106.7,106.0,88.33,106,0.358
0022300353,2023-12-18,1610612748,Miami Heat,1,0,1,0.0,48.0,107.0,110.2,117.4,115.5,-10.4,-5.3,0.659,1.8,19.4,0.292,0.727,0.5,0.153,0.534,0.569,98.1,97.5,81.25,98,0.467
0022300353,2023-12-18,1610612750,Minnesota Timberwolves,1,1,0,1.0,48.0,117.4,115.5,107.0,110.2,10.4,5.3,0.643,1.93,19.9,0.273,0.708,0.5,0.144,0.559,0.6,98.1,97.5,81.25,97,0.533
0022300359,2023-12-18,1610612752,New York Knicks,1,1,0,1.0,48.0,110.6,111.8,103.1,106.9,7.4,4.9,0.5,1.31,15.6,0.25,0.789,0.543,0.157,0.534,0.581,104.4,102.0,85.0,102,0.52
0022300355,2023-12-18,1610612760,Oklahoma City Thunder,1,1,0,1.0,48.0,111.4,109.4,88.8,91.5,22.6,17.9,0.738,2.58,20.9,0.212,0.786,0.509,0.113,0.516,0.568,106.7,106.0,88.33,106,0.642
0022300351,2023-12-18,1610612755,Philadelphia 76ers,1,0,1,0.0,48.0,104.7,108.3,114.2,113.7,-9.5,-5.4,0.605,1.92,17.0,0.314,0.75,0.525,0.125,0.494,0.54,97.0,95.5,79.58,96,0.474
0022300358,2023-12-18,1610612758,Sacramento Kings,1,1,0,1.0,48.0,130.7,134.9,124.5,124.8,6.1,10.1,0.66,5.0,22.7,0.286,0.857,0.549,0.066,0.615,0.642,107.3,105.5,87.92,106,0.541
0022300354,2023-12-18,1610612761,Toronto Raptors,1,1,0,1.0,48.0,114.4,118.8,101.3,101.0,13.1,17.7,0.682,1.58,21.0,0.386,0.72,0.564,0.198,0.558,0.596,98.7,97.0,80.83,96,0.594
0022300357,2023-12-18,1610612762,Utah Jazz,1,1,0,1.0,48.0,120.7,125.0,106.1,109.1,14.6,15.9,0.667,2.14,20.1,0.396,0.732,0.577,0.14,0.571,0.615,102.7,99.5,82.92,100,0.602
0022300358,2023-12-18,1610612764,Washington Wizards,1,0,1,0.0,48.0,124.5,124.8,130.7,134.9,-6.1,-10.1,0.591,2.17,19.0,0.143,0.714,0.451,0.114,0.624,0.667,107.3,105.5,87.92,105,0.459
0022300362,2023-12-19,1610612738,Boston Celtics,1,0,1,0.0,53.0,113.0,117.8,123.2,122.2,-10.2,-4.5,0.596,3.5,17.7,0.338,0.667,0.492,0.075,0.487,0.519,99.0,97.36,81.13,107,0.474
0022300362,2023-12-19,1610612744,Golden State Warriors,1,1,0,1.0,53.0,123.2,122.2,113.0,117.8,10.2,4.5,0.58,2.9,18.5,0.333,0.662,0.508,0.093,0.55,0.573,99.0,97.36,81.13,108,0.526
0022300360,2023-12-19,1610612763,Memphis Grizzlies,1,1,0,1.0,48.0,115.3,118.6,118.3,117.7,-3.0,0.8,0.463,1.06,14.3,0.378,0.739,0.56,0.186,0.561,0.607,97.7,96.5,80.42,97,0.5
0022300361,2023-12-19,1610612749,Milwaukee Bucks,1,1,0,1.0,48.0,120.1,120.0,105.1,108.2,15.0,11.8,0.68,4.86,21.8,0.203,0.75,0.459,0.064,0.557,0.579,111.6,110.0,91.67,110,0.551
0022300360,2023-12-19,1610612740,New Orleans Pelicans,1,0,1,0.0,48.0,118.3,117.7,115.3,118.6,3.0,-0.8,0.575,2.09,17.6,0.261,0.622,0.44,0.115,0.535,0.591,97.7,96.5,80.42,96,0.5
0022300363,2023-12-19,1610612756,Phoenix Suns,1,0,1,0.0,48.0,99.8,103.0,106.5,106.9,-6.7,-3.9,0.548,1.53,16.2,0.333,0.729,0.52,0.149,0.473,0.504,103.3,101.5,84.58,101,0.495
0022300363,2023-12-19,1610612757,Portland Trail Blazers,1,1,0,1.0,48.0,106.5,106.9,99.8,103.0,6.7,3.9,0.59,1.35,16.7,0.271,0.667,0.48,0.167,0.529,0.572,103.3,101.5,84.58,102,0.505
0022300361,2023-12-19,1610612759,San Antonio Spurs,1,0,1,0.0,48.0,105.1,108.2,120.1,120.0,-15.0,-11.8,0.587,1.69,18.0,0.25,0.797,0.541,0.145,0.526,0.565,111.6,110.0,91.67,110,0.449
0022300371,2023-12-20,1610612737,Atlanta Hawks,1,1,0,1.0,48.0,129.7,135.4,126.8,128.3,2.8,7.1,0.66,2.58,21.2,0.362,0.756,0.554,0.121,0.61,0.648,101.7,99.0,82.5,99,0.53
0022300373,2023-12-20,1610612738,Boston Celtics,1,1,0,1.0,48.0,147.6,151.6,123.8,124.0,23.8,27.6,0.686,3.89,24.1,0.349,0.698,0.542,0.095,0.674,0.702,96.8,95.5,79.58,95,0.604
0022300368,2023-12-20,1610612751,Brooklyn Nets,1,0,1,0.0,48.0,99.5,102.0,115.2,121.0,-15.7,-19.0,0.676,2.27,17.1,0.313,0.648,0.463,0.11,0.441,0.47,103.7,100.0,83.33,100,0.392
0022300365,2023-12-20,1610612766,Charlotte Hornets,1,0,1,0.0,48.0,113.7,115.3,146.6,145.5,-32.9,-30.1,0.511,1.92,16.4,0.365,0.697,0.494,0.122,0.516,0.547,98.8,98.5,82.08,98,0.354
0022300370,2023-12-20,1610612741,Chicago Bulls,1,1,0,1.0,48.0,121.8,120.4,101.3,104.9,20.4,15.5,0.521,1.56,18.4,0.2,0.788,0.533,0.155,0.648,0.668,104.2,103.0,85.83,103,0.564
0022300364,2023-12-20,1610612739,Cleveland Cavaliers,1,1,0,1.0,48.0,122.7,126.5,115.6,117.2,7.1,9.4,0.756,2.83,22.7,0.346,0.75,0.522,0.122,0.589,0.602,100.7,98.5,82.08,98,0.527
0022300372,2023-12-20,1610612742,Dallas Mavericks,1,0,1,0.0,48.0,113.4,118.1,126.3,126.3,-12.9,-8.2,0.59,2.88,17.2,0.315,0.743,0.483,0.085,0.505,0.539,96.4,94.5,78.75,94,0.411
0022300369,2023-12-20,1610612743,Denver Nuggets,1,1,0,1.0,48.0,118.8,117.7,107.5,110.6,11.3,7.1,0.592,3.22,20.4,0.36,0.755,0.556,0.094,0.561,0.559,95.9,95.0,79.17,96,0.55
0022300371,2023-12-20,1610612745,Houston Rockets,1,0,1,0.0,48.0,126.8,128.3,129.7,135.4,-2.8,-7.1,0.568,2.78,18.7,0.244,0.638,0.446,0.091,0.584,0.641,101.7,99.0,82.5,99,0.47
0022300365,2023-12-20,1610612754,Indiana Pacers,1,1,0,1.0,48.0,146.6,145.5,113.7,115.3,32.9,30.1,0.755,2.85,25.3,0.303,0.635,0.506,0.131,0.725,0.773,98.8,98.5,82.08,99,0.646
0022300372,2023-12-20,1610612746,LA Clippers,1,1,0,1.0,48.0,126.3,126.3,113.4,118.1,12.9,8.2,0.628,1.93,20.6,0.257,0.685,0.517,0.147,0.63,0.682,96.4,94.5,78.75,95,0.589
0022300370,2023-12-20,1610612747,Los Angeles Lakers,1,0,1,0.0,48.0,101.3,104.9,121.8,120.4,-20.4,-15.5,0.643,1.93,19.3,0.212,0.8,0.467,0.136,0.511,0.537,104.2,103.0,85.83,103,0.436
0022300366,2023-12-20,1610612748,Miami Heat,1,1,0,1.0,48.0,121.6,122.3,112.3,110.4,9.3,11.9,0.625,2.27,19.2,0.244,0.64,0.453,0.117,0.572,0.615,94.5,95.0,79.17,94,0.517
0022300367,2023-12-20,1610612750,Minnesota Timberwolves,1,0,1,0.0,48.0,110.2,113.0,123.2,125.7,-13.0,-12.7,0.524,1.16,16.7,0.238,0.732,0.482,0.19,0.567,0.61,102.8,100.5,83.75,100,0.446
0022300368,2023-12-20,1610612752,New York Knicks,1,1,0,1.0,48.0,115.2,121.0,99.5,102.0,15.7,19.0,0.545,2.18,16.8,0.352,0.687,0.537,0.11,0.532,0.571,103.7,100.0,83.33,100,0.608
0022300366,2023-12-20,1610612753,Orlando Magic,1,0,1,0.0,48.0,112.3,110.4,121.6,122.3,-9.3,-11.9,0.707,2.42,20.4,0.36,0.756,0.547,0.125,0.511,0.544,94.5,95.0,79.17,96,0.483
0022300367,2023-12-20,1610612755,Philadelphia 76ers,1,1,0,1.0,48.0,123.2,125.7,110.2,113.0,13.0,12.7,0.444,1.67,15.2,0.268,0.762,0.518,0.119,0.583,0.647,102.8,100.5,83.75,101,0.554
0022300373,2023-12-20,1610612758,Sacramento Kings,1,0,1,0.0,48.0,123.8,124.0,147.6,151.6,-23.8,-27.6,0.674,4.14,20.7,0.302,0.651,0.458,0.073,0.588,0.588,96.8,95.5,79.58,96,0.396
0022300369,2023-12-20,1610612761,Toronto Raptors,1,0,1,0.0,48.0,107.5,110.6,118.8,117.7,-11.3,-7.1,0.605,2.36,19.7,0.245,0.64,0.444,0.117,0.528,0.543,95.9,95.0,79.17,94,0.45
0022300364,2023-12-20,1610612762,Utah Jazz,1,0,1,0.0,48.0,115.6,117.2,122.7,126.5,-7.1,-9.4,0.6,1.5,18.2,0.25,0.654,0.478,0.162,0.596,0.642,100.7,98.5,82.08,99,0.473
0022300376,2023-12-21,1610612741,Chicago Bulls,1,1,0,1.0,48.0,111.9,116.3,96.9,96.0,15.0,20.4,0.49,2.0,18.3,0.238,0.783,0.523,0.122,0.583,0.601,99.9,98.5,82.08,98,0.566
0022300375,2023-12-21,1610612739,Cleveland Cavaliers,1,0,1,0.0,48.0,107.7,113.0,129.4,130.9,-21.7,-17.8,0.829,2.83,25.0,0.213,0.732,0.455,0.13,0.569,0.574,95.8,93.0,77.5,92,0.428
0022300374,2023-12-21,1610612765,Detroit Pistons,1,0,1,0.0,48.0,107.4,109.9,116.0,116.7,-8.6,-6.8,0.558,1.14,17.3,0.311,0.654,0.495,0.208,0.552,0.588,103.0,101.5,84.58,101,0.449
0022300377,2023-12-21,1610612754,Indiana Pacers,1,0,1,0.0,48.0,103.2,104.0,110.2,118.4,-7.1,-14.3,0.737,1.65,19.7,0.308,0.659,0.469,0.172,0.522,0.543,102.5,98.5,82.08,99,0.447
0022300379,2023-12-21,1610612746,LA Clippers,1,0,1,0.0,48.0,112.4,112.7,132.8,134.0,-20.3,-21.3,0.523,1.44,16.4,0.306,0.816,0.529,0.157,0.565,0.585,101.6,101.0,84.17,102,0.389
0022300380,2023-12-21,1610612747,Los Angeles Lakers,1,0,1,0.0,48.0,106.2,108.8,114.6,115.7,-8.4,-6.9,0.512,1.17,15.8,0.233,0.723,0.489,0.176,0.554,0.593,103.8,102.0,85.0,102,0.437
0022300377,2023-12-21,1610612763,Memphis Grizzlies,1,1,0,1.0,48.0,110.2,118.4,103.2,104.0,7.1,14.3,0.628,1.35,19.3,0.341,0.692,0.531,0.204,0.607,0.622,102.5,98.5,82.08,98,0.553
0022300378,2023-12-21,1610612749,Milwaukee Bucks,1,1,0,1.0,48.0,108.9,113.5,110.6,110.7,-1.7,2.8,0.684,2.0,17.9,0.321,0.75,0.541,0.125,0.483,0.56,105.8,103.5,86.25,104,0.517
0022300380,2023-12-21,1610612750,Minnesota Timberwolves,1,1,0,1.0,48.0,114.6,115.7,106.2,108.8,8.4,6.9,0.762,2.29,21.8,0.277,0.767,0.511,0.137,0.563,0.602,103.8,102.0,85.0,102,0.563
0022300375,2023-12-21,1610612740,New Orleans Pelicans,1,1,0,1.0,48.0,129.4,130.9,107.7,113.0,21.7,17.8,0.681,3.56,23.9,0.268,0.787,0.545,0.096,0.634,0.661,95.8,93.0,77.5,94,0.572
0022300379,2023-12-21,1610612760,Oklahoma City Thunder,1,1,0,1.0,48.0,132.8,134.0,112.4,112.7,20.3,21.3,0.686,2.92,24.6,0.184,0.694,0.471,0.12,0.678,0.706,101.6,101.0,84.17,100,0.611
0022300378,2023-12-21,1610612753,Orlando Magic,1,0,1,0.0,48.0,110.6,110.7,108.9,113.5,1.7,-2.8,0.578,3.71,18.2,0.25,0.679,0.459,0.068,0.495,0.522,105.8,103.5,86.25,103,0.483
0022300381,2023-12-21,1610612757,Portland Trail Blazers,1,0,1,0.0,48.0,115.7,117.0,114.5,119.2,1.2,-2.2,0.558,1.5,16.6,0.418,0.75,0.573,0.16,0.526,0.557,102.1,99.5,82.92,100,0.456
0022300376,2023-12-21,1610612759,San Antonio Spurs,1,0,1,0.0,48.0,96.9,96.0,111.9,116.3,-15.0,-20.4,0.649,1.26,18.0,0.217,0.762,0.477,0.192,0.519,0.54,99.9,98.5,82.08,99,0.434
0022300374,2023-12-21,1610612762,Utah Jazz,1,1,0,1.0,48.0,116.0,116.7,107.4,109.9,8.6,6.8,0.605,2.0,17.8,0.346,0.689,0.505,0.127,0.516,0.569,103.0,101.5,84.58,102,0.551
0022300381,2023-12-21,1610612764,Washington Wizards,1,1,0,1.0,48.0,114.5,119.2,115.7,117.0,-1.2,2.2,0.619,2.17,19.1,0.25,0.582,0.427,0.121,0.571,0.602,102.1,99.5,82.92,99,0.544
0022300384,2023-12-22,1610612737,Atlanta Hawks,1,0,1,0.0,48.0,108.5,111.9,117.1,122.0,-8.6,-10.1,0.69,2.07,19.7,0.304,0.673,0.476,0.139,0.536,0.553,104.2,100.5,83.75,101,0.468
0022300383,2023-12-22,1610612751,Brooklyn Nets,1,0,1,0.0,48.0,120.1,125.8,127.1,128.4,-7.0,-2.6,0.744,2.91,22.5,0.346,0.717,0.52,0.118,0.556,0.582,96.7,94.0,78.33,93,0.459
0022300385,2023-12-22,1610612742,Dallas Mavericks,1,0,1,0.0,48.0,86.9,88.1,110.8,113.0,-23.9,-24.9,0.514,1.5,12.4,0.257,0.712,0.451,0.11,0.381,0.427,110.3,108.5,90.42,109,0.349
0022300383,2023-12-22,1610612743,Denver Nuggets,1,1,0,1.0,48.0,127.1,128.4,120.1,125.8,7.0,2.6,0.644,4.83,21.3,0.283,0.654,0.48,0.063,0.58,0.622,96.7,94.0,78.33,95,0.541
0022300386,2023-12-22,1610612744,Golden State Warriors,1,1,0,1.0,48.0,124.3,124.0,109.7,115.7,14.6,8.4,0.702,2.75,21.4,0.333,0.789,0.574,0.115,0.577,0.61,105.7,103.0,85.83,104,0.568
0022300385,2023-12-22,1610612745,Houston Rockets,1,1,0,1.0,48.0,110.8,113.0,86.9,88.1,23.9,24.9,0.457,1.24,14.7,0.288,0.743,0.549,0.157,0.542,0.58,110.3,108.5,90.42,108,0.651
0022300384,2023-12-22,1610612748,Miami Heat,1,1,0,1.0,48.0,117.1,122.0,108.5,111.9,8.6,10.1,0.525,1.24,15.3,0.327,0.696,0.524,0.17,0.564,0.615,104.2,100.5,83.75,100,0.532
0022300382,2023-12-22,1610612755,Philadelphia 76ers,1,1,0,1.0,48.0,117.2,121.0,110.6,109.9,6.6,11.1,0.773,2.43,24.3,0.146,0.714,0.456,0.14,0.614,0.656,101.8,100.5,83.75,100,0.523
0022300387,2023-12-22,1610612756,Phoenix Suns,1,0,1,0.0,48.0,104.7,106.1,118.3,122.4,-13.6,-16.4,0.487,1.27,13.8,0.377,0.762,0.547,0.152,0.472,0.523,100.9,98.5,82.08,99,0.422
0022300387,2023-12-22,1610612758,Sacramento Kings,1,1,0,1.0,48.0,118.3,122.4,104.7,106.1,13.6,16.4,0.727,2.29,23.0,0.238,0.623,0.453,0.143,0.602,0.635,100.9,98.5,82.08,98,0.578
0022300382,2023-12-22,1610612761,Toronto Raptors,1,0,1,0.0,48.0,110.6,109.9,117.2,121.0,-6.6,-11.1,0.769,2.5,20.8,0.286,0.854,0.544,0.119,0.5,0.559,101.8,100.5,83.75,101,0.477
0022300386,2023-12-22,1610612764,Washington Wizards,1,0,1,0.0,48.0,109.7,115.7,124.3,124.0,-14.6,-8.4,0.568,2.78,18.0,0.211,0.667,0.426,0.088,0.51,0.549,105.7,103.0,85.83,102,0.432
0022300393,2023-12-23,1610612737,Atlanta Hawks,1,0,1,0.0,48.0,115.8,119.0,120.6,125.0,-4.8,-6.0,0.622,2.55,19.3,0.315,0.612,0.456,0.11,0.536,0.568,103.2,100.0,83.33,100,0.456
0022300389,2023-12-23,1610612738,Boston Celtics,1,1,0,1.0,48.0,143.1,146.5,110.7,111.3,32.5,35.1,0.673,3.3,21.9,0.404,0.771,0.589,0.101,0.654,0.682,99.5,98.0,81.67,99,0.634
0022300394,2023-12-23,1610612751,Brooklyn Nets,1,1,0,1.0,48.0,119.9,126.0,115.3,115.0,4.6,11.0,0.711,2.67,22.2,0.302,0.814,0.558,0.12,0.581,0.629,102.4,100.0,83.33,100,0.566
0022300390,2023-12-23,1610612766,Charlotte Hornets,1,0,1,0.0,48.0,92.1,97.9,100.8,104.1,-8.7,-6.1,0.676,1.28,16.4,0.351,0.654,0.495,0.186,0.432,0.484,102.1,97.5,81.25,97,0.459
0022300396,2023-12-23,1610612741,Chicago Bulls,1,0,1,0.0,48.0,99.6,101.1,111.9,118.5,-12.2,-17.4,0.657,1.92,18.4,0.178,0.604,0.408,0.128,0.488,0.538,96.4,93.0,77.5,94,0.441
0022300396,2023-12-23,1610612739,Cleveland Cavaliers,1,1,0,1.0,48.0,111.9,118.5,99.6,101.1,12.2,17.4,0.718,2.15,19.9,0.396,0.822,0.592,0.141,0.511,0.548,96.4,93.0,77.5,92,0.559
0022300398,2023-12-23,1610612742,Dallas Mavericks,1,1,0,1.0,48.0,129.4,132.1,107.6,108.2,21.8,23.9,0.5,2.0,17.6,0.28,0.789,0.551,0.119,0.635,0.659,110.9,109.5,91.25,109,0.561
0022300390,2023-12-23,1610612743,Denver Nuggets,1,1,0,1.0,48.0,100.8,104.1,92.1,97.9,8.7,6.1,0.641,1.47,17.9,0.346,0.649,0.505,0.173,0.5,0.53,102.1,97.5,81.25,98,0.541
0022300394,2023-12-23,1610612765,Detroit Pistons,1,0,1,0.0,48.0,115.3,115.0,119.9,126.0,-4.6,-11.0,0.667,1.86,19.4,0.186,0.698,0.442,0.14,0.589,0.627,102.4,100.0,83.33,100,0.434
0022300399,2023-12-23,1610612744,Golden State Warriors,1,1,0,1.0,48.0,127.8,127.3,107.1,108.2,20.8,19.1,0.792,2.11,25.2,0.368,0.796,0.609,0.182,0.639,0.673,98.8,98.5,82.08,99,0.626
0022300392,2023-12-23,1610612745,Houston Rockets,1,1,0,1.0,48.0,110.0,110.4,106.4,110.6,3.6,-0.2,0.6,1.75,15.8,0.333,0.653,0.49,0.125,0.482,0.544,97.1,95.0,79.17,96,0.504
0022300391,2023-12-23,1610612754,Indiana Pacers,1,0,1,0.0,48.0,114.9,114.6,121.8,124.5,-6.9,-9.9,0.628,1.8,20.5,0.22,0.718,0.463,0.156,0.616,0.627,95.9,95.0,79.17,96,0.447
0022300389,2023-12-23,1610612746,LA Clippers,1,0,1,0.0,48.0,110.7,111.3,143.1,146.5,-32.5,-35.1,0.61,2.27,18.8,0.229,0.596,0.411,0.113,0.522,0.565,99.5,98.0,81.67,97,0.366
0022300397,2023-12-23,1610612747,Los Angeles Lakers,1,1,0,1.0,48.0,127.6,129.0,118.4,122.4,9.2,6.6,0.787,4.11,24.7,0.289,0.725,0.521,0.09,0.611,0.644,101.2,99.0,82.5,100,0.571
0022300393,2023-12-23,1610612763,Memphis Grizzlies,1,1,0,1.0,48.0,120.6,125.0,115.8,119.0,4.8,6.0,0.58,2.42,19.6,0.388,0.685,0.544,0.12,0.572,0.586,103.2,100.0,83.33,100,0.544
0022300388,2023-12-23,1610612749,Milwaukee Bucks,1,1,0,1.0,48.0,126.1,126.2,108.6,107.8,17.5,18.4,0.521,1.79,17.7,0.289,0.788,0.557,0.136,0.615,0.643,102.7,103.0,85.83,103,0.596
0022300400,2023-12-23,1610612750,Minnesota Timberwolves,1,1,0,1.0,48.0,112.1,113.4,100.8,102.1,11.3,11.3,0.705,2.58,22.6,0.2,0.824,0.531,0.124,0.563,0.59,97.7,96.5,80.42,97,0.582
0022300392,2023-12-23,1610612740,New Orleans Pelicans,1,0,1,0.0,48.0,106.4,110.6,110.0,110.4,-3.6,0.2,0.553,1.31,15.9,0.347,0.667,0.51,0.17,0.512,0.549,97.1,95.0,79.17,94,0.496
0022300388,2023-12-23,1610612752,New York Knicks,1,0,1,0.0,48.0,108.6,107.8,126.1,126.2,-17.5,-18.4,0.415,1.55,13.0,0.212,0.711,0.443,0.107,0.489,0.543,102.7,103.0,85.83,103,0.404
0022300397,2023-12-23,1610612760,Oklahoma City Thunder,1,0,1,0.0,48.0,118.4,122.4,127.6,129.0,-9.2,-6.6,0.522,2.67,17.6,0.275,0.711,0.479,0.092,0.553,0.58,101.2,99.0,82.5,98,0.429
0022300391,2023-12-23,1610612753,Orlando Magic,1,1,0,1.0,48.0,121.8,124.5,114.9,114.6,6.9,9.9,0.564,1.47,17.3,0.282,0.78,0.538,0.16,0.575,0.643,95.9,95.0,79.17,94,0.553
0022300399,2023-12-23,1610612757,Portland Trail Blazers,1,0,1,0.0,48.0,107.1,108.2,127.8,127.3,-20.8,-19.1,0.684,2.17,19.4,0.204,0.632,0.391,0.122,0.53,0.558,98.8,98.5,82.08,98,0.374
0022300400,2023-12-23,1610612758,Sacramento Kings,1,0,1,0.0,48.0,100.8,102.1,112.1,113.4,-11.3,-11.3,0.622,2.09,18.0,0.176,0.8,0.469,0.115,0.482,0.52,97.7,96.5,80.42,96,0.418
0022300398,2023-12-23,1610612759,San Antonio Spurs,1,0,1,0.0,48.0,107.6,108.2,129.4,132.1,-21.8,-23.9,0.727,3.2,20.9,0.211,0.72,0.449,0.091,0.52,0.548,110.9,109.5,91.25,110,0.439
0022300395,2023-12-23,1610612761,Toronto Raptors,1,0,1,0.0,48.0,117.4,121.4,124.6,127.3,-7.2,-5.8,0.778,3.18,23.5,0.314,0.698,0.489,0.112,0.548,0.581,101.3,98.5,82.08,98,0.464
0022300395,2023-12-23,1610612762,Utah Jazz,1,1,0,1.0,48.0,124.6,127.3,117.4,121.4,7.2,5.8,0.729,2.92,23.8,0.302,0.686,0.511,0.121,0.621,0.648,101.3,98.5,82.08,99,0.536
0022300403,2023-12-25,1610612738,Boston Celtics,1,1,0,1.0,48.0,125.6,128.6,117.1,117.3,8.5,11.2,0.674,3.88,21.7,0.28,0.694,0.485,0.082,0.577,0.61,99.3,98.0,81.67,98,0.573
0022300405,2023-12-25,1610612742,Dallas Mavericks,1,1,0,1.0,48.0,127.7,126.7,110.7,111.8,17.1,15.0,0.622,2.55,20.3,0.209,0.627,0.436,0.109,0.631,0.658,101.6,101.5,84.58,101,0.56
0022300402,2023-12-25,1610612743,Denver Nuggets,1,1,0,1.0,48.0,119.9,118.8,112.7,114.0,7.2,4.8,0.625,1.79,18.0,0.289,0.75,0.527,0.139,0.573,0.624,100.6,100.5,83.75,101,0.544
0022300402,2023-12-25,1610612744,Golden State Warriors,1,0,1,0.0,48.0,112.7,114.0,119.9,118.8,-7.2,-4.8,0.575,1.77,17.0,0.25,0.711,0.473,0.13,0.54,0.587,100.6,100.5,83.75,100,0.456
0022300403,2023-12-25,1610612747,Los Angeles Lakers,1,0,1,0.0,48.0,117.1,117.3,125.6,128.6,-8.5,-11.2,0.558,2.0,17.5,0.306,0.72,0.515,0.122,0.55,0.579,99.3,98.0,81.67,98,0.427
0022300404,2023-12-25,1610612748,Miami Heat,1,1,0,1.0,48.0,118.5,117.8,104.6,111.9,13.9,5.9,0.675,1.93,18.9,0.326,0.754,0.563,0.139,0.548,0.599,104.2,101.0,84.17,101,0.575
0022300401,2023-12-25,1610612749,Milwaukee Bucks,1,0,1,0.0,48.0,122.5,122.0,119.0,129.0,3.6,-7.0,0.578,2.36,17.9,0.358,0.652,0.495,0.11,0.542,0.578,104.0,100.0,83.33,100,0.452
0022300401,2023-12-25,1610612752,New York Knicks,1,1,0,1.0,48.0,119.0,129.0,122.5,122.0,-3.6,7.0,0.54,2.25,19.0,0.348,0.642,0.505,0.12,0.587,0.624,104.0,100.0,83.33,100,0.548
0022300404,2023-12-25,1610612755,Philadelphia 76ers,1,0,1,0.0,48.0,104.6,111.9,118.5,117.8,-13.9,-5.9,0.575,2.88,16.7,0.246,0.674,0.437,0.079,0.516,0.538,104.2,101.0,84.17,101,0.425
0022300405,2023-12-25,1610612756,Phoenix Suns,1,0,1,0.0,48.0,110.7,111.8,127.7,126.7,-17.1,-15.0,0.7,1.75,18.9,0.373,0.791,0.564,0.157,0.522,0.564,101.6,101.5,84.58,102,0.44
0022300408,2023-12-26,1610612737,Atlanta Hawks,1,0,1,0.0,48.0,110.5,115.3,120.9,119.2,-10.3,-3.9,0.585,1.5,17.4,0.34,0.588,0.465,0.163,0.534,0.575,99.9,98.5,82.08,98,0.451
0022300406,2023-12-26,1610612751,Brooklyn Nets,1,1,0,1.0,48.0,114.7,115.7,109.7,109.8,4.9,5.9,0.537,2.44,16.3,0.22,0.667,0.452,0.088,0.555,0.585,102.5,102.0,85.0,102,0.543
0022300414,2023-12-26,1610612766,Charlotte Hornets,1,0,1,0.0,48.0,100.9,105.1,115.3,114.1,-14.4,-9.1,0.721,2.82,21.5,0.275,0.75,0.505,0.111,0.495,0.52,100.5,99.0,82.5,99,0.473
0022300408,2023-12-26,1610612741,Chicago Bulls,1,1,0,1.0,48.0,120.9,119.2,110.5,115.3,10.3,3.9,0.548,2.3,16.1,0.412,0.66,0.535,0.101,0.495,0.559,99.9,98.5,82.08,99,0.549
0022300406,2023-12-26,1610612765,Detroit Pistons,1,0,1,0.0,48.0,109.7,109.8,114.7,115.7,-4.9,-5.9,0.5,1.43,14.3,0.333,0.78,0.548,0.137,0.494,0.538,102.5,102.0,85.0,102,0.457
0022300409,2023-12-26,1610612745,Houston Rockets,1,0,1,0.0,48.0,113.9,114.7,121.5,120.6,-7.5,-5.9,0.404,1.73,13.8,0.327,0.75,0.511,0.108,0.51,0.548,102.0,102.0,85.0,102,0.482
0022300409,2023-12-26,1610612754,Indiana Pacers,1,1,0,1.0,48.0,121.5,120.6,113.9,114.7,7.5,5.9,0.651,1.4,20.0,0.25,0.673,0.489,0.196,0.64,0.674,102.0,102.0,85.0,102,0.518
0022300414,2023-12-26,1610612746,LA Clippers,1,1,0,1.0,48.0,115.3,114.1,100.9,105.1,14.4,9.1,0.6,1.85,17.8,0.25,0.725,0.495,0.131,0.553,0.589,100.5,99.0,82.5,99,0.527
0022300410,2023-12-26,1610612763,Memphis Grizzlies,1,1,0,1.0,53.0,101.7,102.7,98.7,102.7,3.0,0.0,0.615,1.33,16.0,0.241,0.726,0.5,0.159,0.494,0.557,104.4,101.89,84.91,113,0.568
0022300411,2023-12-26,1610612750,Minnesota Timberwolves,1,0,1,0.0,48.0,102.8,106.0,128.9,127.7,-26.1,-21.7,0.647,0.92,16.5,0.275,0.879,0.548,0.24,0.548,0.609,101.6,100.5,83.75,100,0.385
0022300410,2023-12-26,1610612740,New Orleans Pelicans,1,0,1,0.0,53.0,98.7,102.7,101.7,102.7,-3.0,0.0,0.429,1.2,12.3,0.274,0.759,0.5,0.134,0.485,0.516,104.4,101.89,84.91,112,0.432
0022300411,2023-12-26,1610612760,Oklahoma City Thunder,1,1,0,1.0,48.0,128.9,127.7,102.8,106.0,26.1,21.7,0.714,2.33,25.0,0.121,0.725,0.452,0.149,0.716,0.733,101.6,100.5,83.75,101,0.615
0022300407,2023-12-26,1610612753,Orlando Magic,1,1,0,1.0,48.0,112.4,118.7,112.0,111.2,0.4,7.5,0.612,1.88,19.9,0.275,0.761,0.505,0.15,0.591,0.611,109.6,107.0,89.17,107,0.521
0022300413,2023-12-26,1610612757,Portland Trail Blazers,1,1,0,1.0,48.0,129.0,134.0,111.8,117.7,17.1,16.3,0.571,2.8,19.2,0.423,0.667,0.54,0.103,0.582,0.609,100.9,96.5,80.42,97,0.548
0022300413,2023-12-26,1610612758,Sacramento Kings,1,0,1,0.0,48.0,111.8,117.7,129.0,134.0,-17.1,-16.3,0.556,2.08,18.2,0.333,0.577,0.46,0.125,0.538,0.565,100.9,96.5,80.42,96,0.452
0022300412,2023-12-26,1610612759,San Antonio Spurs,1,0,1,0.0,48.0,114.3,113.5,123.0,126.2,-8.7,-12.8,0.818,4.0,23.5,0.25,0.653,0.438,0.087,0.531,0.55,104.5,103.5,86.25,104,0.463
0022300412,2023-12-26,1610612762,Utah Jazz,1,1,0,1.0,48.0,123.0,126.2,114.3,113.5,8.7,12.8,0.723,2.43,22.1,0.347,0.75,0.562,0.136,0.579,0.621,104.5,103.5,86.25,103,0.537
0022300407,2023-12-26,1610612764,Washington Wizards,1,0,1,0.0,48.0,112.0,111.2,112.4,118.7,-0.4,-7.5,0.628,1.35,18.6,0.239,0.725,0.495,0.187,0.586,0.618,109.6,107.0,89.17,107,0.479
0022300417,2023-12-27,1610612751,Brooklyn Nets,1,0,1,0.0,48.0,115.4,120.8,142.4,142.6,-27.0,-21.8,0.644,3.22,19.2,0.379,0.775,0.541,0.089,0.48,0.536,103.4,101.0,84.17,101,0.409
0022300420,2023-12-27,1610612739,Cleveland Cavaliers,1,1,0,1.0,48.0,112.9,113.0,107.4,111.1,5.5,1.9,0.825,2.06,21.4,0.4,0.804,0.594,0.16,0.527,0.553,101.3,99.5,82.92,100,0.527
0022300420,2023-12-27,1610612742,Dallas Mavericks,1,0,1,0.0,48.0,107.4,111.1,112.9,113.0,-5.5,-1.9,0.538,2.1,16.3,0.196,0.6,0.406,0.101,0.5,0.553,101.3,99.5,82.92,99,0.473
0022300418,2023-12-27,1610612745,Houston Rockets,1,0,1,0.0,48.0,105.9,113.0,123.5,127.7,-17.6,-14.7,0.5,2.0,14.7,0.304,0.658,0.447,0.1,0.505,0.535,105.6,100.5,83.75,100,0.383
0022300417,2023-12-27,1610612749,Milwaukee Bucks,1,1,0,1.0,48.0,142.4,142.6,115.4,120.8,27.0,21.8,0.788,4.1,27.2,0.225,0.621,0.459,0.099,0.713,0.726,103.4,101.0,84.17,101,0.591
0022300419,2023-12-27,1610612752,New York Knicks,1,0,1,0.0,48.0,115.2,120.0,128.1,127.7,-13.0,-7.7,0.585,1.33,17.4,0.341,0.857,0.593,0.18,0.585,0.63,102.4,100.5,83.75,100,0.457
0022300419,2023-12-27,1610612760,Oklahoma City Thunder,1,1,0,1.0,48.0,128.1,127.7,115.2,120.0,13.0,7.7,0.408,5.0,16.0,0.143,0.659,0.407,0.04,0.622,0.647,102.4,100.5,83.75,101,0.543
0022300415,2023-12-27,1610612753,Orlando Magic,1,0,1,0.0,48.0,95.3,94.8,110.4,115.5,-15.1,-20.6,0.548,1.06,13.7,0.224,0.691,0.471,0.165,0.449,0.514,99.0,97.0,80.83,97,0.429
0022300415,2023-12-27,1610612755,Philadelphia 76ers,1,1,0,1.0,48.0,110.4,115.5,95.3,94.8,15.1,20.6,0.311,1.4,11.0,0.309,0.776,0.529,0.103,0.521,0.541,99.0,97.0,80.83,97,0.571
0022300418,2023-12-27,1610612756,Phoenix Suns,1,1,0,1.0,48.0,123.5,127.7,105.9,113.0,17.6,14.7,0.596,1.47,19.9,0.342,0.696,0.553,0.188,0.659,0.69,105.6,100.5,83.75,101,0.617
0022300416,2023-12-27,1610612761,Toronto Raptors,1,1,0,1.0,48.0,125.3,126.9,98.5,99.0,26.8,27.9,0.827,2.15,26.2,0.386,0.765,0.589,0.192,0.654,0.664,104.5,103.5,86.25,104,0.652
0022300416,2023-12-27,1610612764,Washington Wizards,1,0,1,0.0,48.0,98.5,99.0,125.3,126.9,-26.8,-27.9,0.595,1.47,17.9,0.235,0.614,0.411,0.165,0.511,0.528,104.5,103.5,86.25,103,0.348
0022300421,2023-12-28,1610612738,Boston Celtics,1,1,0,1.0,53.0,115.3,118.5,111.6,111.9,3.8,6.6,0.521,2.08,17.0,0.259,0.571,0.418,0.111,0.54,0.582,99.8,98.26,81.89,108,0.533
0022300428,2023-12-28,1610612766,Charlotte Hornets,1,0,1,0.0,48.0,103.4,106.7,121.8,125.5,-18.4,-18.8,0.725,1.53,20.0,0.216,0.8,0.49,0.181,0.559,0.575,108.7,105.5,87.92,105,0.395
0022300422,2023-12-28,1610612741,Chicago Bulls,1,0,1,0.0,48.0,102.3,104.0,116.9,121.2,-14.6,-17.2,0.475,2.38,14.1,0.295,0.783,0.505,0.08,0.448,0.487,102.2,99.5,82.92,100,0.406
0022300423,2023-12-28,1610612742,Dallas Mavericks,1,0,1,0.0,48.0,106.4,108.9,112.4,116.8,-6.0,-7.9,0.725,1.61,19.7,0.333,0.707,0.5,0.178,0.522,0.559,104.2,101.0,84.17,101,0.452
0022300425,2023-12-28,1610612743,Denver Nuggets,1,1,0,1.0,48.0,139.0,140.6,105.0,104.0,34.0,36.6,0.782,3.58,27.0,0.357,0.786,0.602,0.119,0.677,0.695,101.1,101.0,84.17,101,0.661
0022300421,2023-12-28,1610612765,Detroit Pistons,1,0,1,0.0,53.0,111.6,111.9,115.3,118.5,-3.8,-6.6,0.563,1.42,16.9,0.429,0.741,0.582,0.174,0.545,0.558,99.8,98.26,81.89,109,0.467
0022300426,2023-12-28,1610612744,Golden State Warriors,1,0,1,0.0,48.0,102.0,106.3,113.2,117.5,-11.2,-11.3,0.73,2.08,19.6,0.278,0.66,0.462,0.135,0.466,0.515,100.3,96.5,80.42,96,0.452
0022300422,2023-12-28,1610612754,Indiana Pacers,1,1,0,1.0,48.0,116.9,121.2,102.3,104.0,14.6,17.2,0.698,2.14,21.6,0.217,0.705,0.495,0.141,0.618,0.634,102.2,99.5,82.92,99,0.594
0022300428,2023-12-28,1610612747,Los Angeles Lakers,1,1,0,1.0,48.0,121.8,125.5,103.4,106.7,18.4,18.8,0.788,3.73,26.3,0.2,0.784,0.51,0.104,0.613,0.645,108.7,105.5,87.92,106,0.605
0022300425,2023-12-28,1610612763,Memphis Grizzlies,1,0,1,0.0,48.0,105.0,104.0,139.0,140.6,-34.0,-36.6,0.622,2.09,16.9,0.214,0.643,0.398,0.109,0.489,0.525,101.1,101.0,84.17,101,0.339
0022300426,2023-12-28,1610612748,Miami Heat,1,1,0,1.0,48.0,113.2,117.5,102.0,106.3,11.2,11.3,0.591,2.6,18.6,0.34,0.722,0.538,0.103,0.538,0.566,100.3,96.5,80.42,97,0.548
0022300423,2023-12-28,1610612750,Minnesota Timberwolves,1,1,0,1.0,48.0,112.4,116.8,106.4,108.9,6.0,7.9,0.605,1.05,16.9,0.293,0.667,0.5,0.218,0.628,0.663,104.2,101.0,84.17,101,0.548
0022300424,2023-12-28,1610612740,New Orleans Pelicans,1,1,0,1.0,48.0,114.8,119.1,107.1,109.4,7.6,9.8,0.6,1.8,20.8,0.231,0.569,0.422,0.16,0.61,0.632,97.8,95.0,79.17,94,0.565
0022300427,2023-12-28,1610612757,Portland Trail Blazers,1,0,1,0.0,48.0,99.0,104.0,116.5,118.0,-17.5,-14.0,0.457,1.23,10.9,0.429,0.783,0.569,0.129,0.401,0.456,103.7,100.5,83.75,101,0.343
0022300427,2023-12-28,1610612759,San Antonio Spurs,1,1,0,1.0,48.0,116.5,118.0,99.0,104.0,17.5,14.0,0.805,3.0,23.1,0.217,0.571,0.431,0.11,0.541,0.606,103.7,100.5,83.75,100,0.657
0022300424,2023-12-28,1610612762,Utah Jazz,1,0,1,0.0,48.0,107.1,109.4,114.8,119.1,-7.6,-9.8,0.75,1.42,18.6,0.431,0.769,0.578,0.198,0.494,0.547,97.8,95.0,79.17,96,0.435
0022300431,2023-12-29,1610612737,Atlanta Hawks,1,0,1,0.0,48.0,107.8,110.0,114.0,117.0,-6.2,-7.0,0.784,1.93,19.5,0.362,0.809,0.562,0.15,0.473,0.524,102.3,100.0,83.33,100,0.463
0022300432,2023-12-29,1610612738,Boston Celtics,1,1,0,1.0,48.0,120.2,122.4,118.2,120.4,2.0,2.0,0.674,1.81,20.4,0.34,0.778,0.574,0.163,0.585,0.62,99.8,98.0,81.67,98,0.509
0022300430,2023-12-29,1610612751,Brooklyn Nets,1,0,1,0.0,48.0,109.6,111.8,118.2,117.0,-8.6,-5.2,0.615,2.4,17.4,0.362,0.809,0.562,0.108,0.478,0.505,94.0,93.5,77.92,93,0.465
0022300436,2023-12-29,1610612766,Charlotte Hornets,1,0,1,0.0,48.0,127.2,125.3,142.2,143.0,-14.9,-17.7,0.727,5.33,23.2,0.229,0.69,0.403,0.063,0.603,0.623,93.5,94.0,78.33,95,0.414
0022300433,2023-12-29,1610612739,Cleveland Cavaliers,1,0,1,0.0,48.0,102.8,108.8,116.3,116.7,-13.5,-7.8,0.571,3.5,19.6,0.273,0.775,0.484,0.078,0.505,0.519,105.1,102.0,85.0,102,0.465
0022300435,2023-12-29,1610612743,Denver Nuggets,1,0,1,0.0,48.0,89.8,93.0,119.0,119.0,-29.2,-26.0,0.833,1.76,21.4,0.192,0.717,0.439,0.17,0.482,0.508,101.8,100.0,83.33,100,0.375
0022300434,2023-12-29,1610612745,Houston Rockets,1,0,1,0.0,48.0,123.0,129.6,131.6,135.1,-8.6,-5.5,0.612,1.76,20.1,0.5,0.698,0.598,0.173,0.615,0.633,101.4,97.5,81.25,98,0.5
0022300438,2023-12-29,1610612746,LA Clippers,1,1,0,1.0,48.0,111.4,115.8,101.1,103.9,10.3,11.9,0.651,1.56,19.4,0.326,0.843,0.598,0.178,0.557,0.597,104.9,101.5,84.58,101,0.551
0022300438,2023-12-29,1610612763,Memphis Grizzlies,1,0,1,0.0,48.0,101.1,103.9,111.4,115.8,-10.3,-11.9,0.763,2.42,20.9,0.157,0.674,0.402,0.118,0.511,0.553,104.9,101.5,84.58,102,0.449
0022300433,2023-12-29,1610612749,Milwaukee Bucks,1,1,0,1.0,48.0,116.3,116.7,102.8,108.8,13.5,7.8,0.634,1.53,19.0,0.225,0.727,0.516,0.167,0.588,0.644,105.1,102.0,85.0,102,0.535
0022300429,2023-12-29,1610612752,New York Knicks,1,0,1,0.0,48.0,99.3,103.8,108.7,111.4,-9.4,-7.6,0.579,1.38,16.1,0.224,0.648,0.447,0.154,0.477,0.547,108.2,104.5,87.08,104,0.44
0022300435,2023-12-29,1610612760,Oklahoma City Thunder,1,1,0,1.0,48.0,119.0,119.0,89.8,93.0,29.2,26.0,0.63,2.42,20.4,0.283,0.808,0.561,0.12,0.571,0.607,101.8,100.0,83.33,100,0.625
0022300429,2023-12-29,1610612753,Orlando Magic,1,1,0,1.0,48.0,108.7,111.4,99.3,103.8,9.4,7.6,0.6,1.6,16.2,0.352,0.776,0.553,0.143,0.489,0.549,108.2,104.5,87.08,105,0.56
0022300434,2023-12-29,1610612755,Philadelphia 76ers,1,1,0,1.0,48.0,131.6,135.1,123.0,129.6,8.6,5.5,0.489,2.2,16.7,0.302,0.5,0.402,0.103,0.593,0.652,101.4,97.5,81.25,97,0.5
0022300436,2023-12-29,1610612756,Phoenix Suns,1,1,0,1.0,48.0,142.2,143.0,127.2,125.3,14.9,17.7,0.739,2.27,25.0,0.31,0.771,0.597,0.161,0.743,0.786,93.5,94.0,78.33,93,0.586
0022300437,2023-12-29,1610612757,Portland Trail Blazers,1,1,0,1.0,48.0,127.8,130.1,120.8,123.1,7.0,7.0,0.583,2.0,18.8,0.388,0.625,0.505,0.136,0.589,0.627,105.4,103.5,86.25,103,0.508
0022300431,2023-12-29,1610612758,Sacramento Kings,1,1,0,1.0,48.0,114.0,117.0,107.8,110.0,6.2,7.0,0.761,2.92,24.5,0.191,0.638,0.438,0.12,0.612,0.612,102.3,100.0,83.33,100,0.537
0022300437,2023-12-29,1610612759,San Antonio Spurs,1,0,1,0.0,48.0,120.8,123.1,127.8,130.1,-7.0,-7.0,0.646,2.21,20.4,0.375,0.612,0.495,0.135,0.585,0.61,105.4,103.5,86.25,104,0.492
0022300432,2023-12-29,1610612761,Toronto Raptors,1,0,1,0.0,48.0,118.2,120.4,120.2,122.4,-2.0,-2.0,0.659,5.8,20.9,0.222,0.66,0.426,0.051,0.553,0.568,99.8,98.0,81.67,98,0.491
0022300430,2023-12-29,1610612764,Washington Wizards,1,1,0,1.0,48.0,118.2,117.0,109.6,111.8,8.6,5.2,0.609,4.0,21.4,0.191,0.638,0.438,0.074,0.588,0.585,94.0,93.5,77.92,94,0.535
0022300442,2023-12-30,1610612741,Chicago Bulls,1,1,0,1.0,48.0,108.0,114.1,97.3,100.0,10.8,14.1,0.525,1.24,15.9,0.432,0.724,0.598,0.185,0.551,0.569,95.9,92.0,76.67,92,0.58
0022300444,2023-12-30,1610612742,Dallas Mavericks,1,1,0,1.0,48.0,131.1,130.7,117.6,122.0,13.5,8.7,0.51,2.78,18.7,0.2,0.655,0.469,0.089,0.648,0.676,102.2,100.5,83.75,101,0.554
0022300440,2023-12-30,1610612765,Detroit Pistons,1,1,0,1.0,48.0,122.2,124.0,120.6,123.3,1.6,0.7,0.707,2.42,20.0,0.273,0.783,0.533,0.115,0.573,0.648,105.5,103.5,86.25,104,0.527
0022300444,2023-12-30,1610612744,Golden State Warriors,1,0,1,0.0,48.0,117.6,122.0,131.1,130.7,-13.5,-8.7,0.681,2.91,21.1,0.345,0.8,0.531,0.11,0.549,0.561,102.2,100.5,83.75,100,0.446
0022300441,2023-12-30,1610612754,Indiana Pacers,1,1,0,1.0,48.0,135.6,137.3,119.0,124.8,16.6,12.5,0.8,2.5,26.5,0.237,0.6,0.443,0.157,0.724,0.743,104.6,101.5,84.58,102,0.58
0022300443,2023-12-30,1610612747,Los Angeles Lakers,1,0,1,0.0,48.0,101.8,105.0,109.6,109.1,-7.7,-4.1,0.622,2.3,16.8,0.241,0.795,0.473,0.099,0.46,0.519,101.3,100.0,83.33,101,0.491
0022300439,2023-12-30,1610612748,Miami Heat,1,0,1,0.0,48.0,105.2,105.8,110.0,112.5,-4.8,-6.7,0.588,1.25,15.0,0.234,0.755,0.51,0.155,0.494,0.57,105.0,103.5,86.25,103,0.47
0022300443,2023-12-30,1610612750,Minnesota Timberwolves,1,1,0,1.0,48.0,109.6,109.1,101.8,105.0,7.7,4.1,0.632,1.26,18.3,0.205,0.759,0.527,0.192,0.579,0.624,101.3,100.0,83.33,99,0.509
0022300441,2023-12-30,1610612752,New York Knicks,1,0,1,0.0,48.0,119.0,124.8,135.6,137.3,-16.6,-12.5,0.533,1.71,16.7,0.4,0.763,0.557,0.139,0.563,0.589,104.6,101.5,84.58,101,0.42
0022300442,2023-12-30,1610612755,Philadelphia 76ers,1,0,1,0.0,48.0,97.3,100.0,108.0,114.1,-10.8,-14.1,0.667,3.0,18.2,0.276,0.568,0.402,0.087,0.44,0.467,95.9,92.0,76.67,92,0.42
0022300440,2023-12-30,1610612761,Toronto Raptors,1,0,1,0.0,48.0,120.6,123.3,122.2,124.0,-1.6,-0.7,0.565,3.25,18.8,0.217,0.727,0.467,0.078,0.571,0.615,105.5,103.5,86.25,103,0.473
0022300439,2023-12-30,1610612762,Utah Jazz,1,1,0,1.0,48.0,110.0,112.5,105.2,105.8,4.8,6.7,0.674,2.9,20.0,0.245,0.766,0.49,0.096,0.522,0.555,105.0,103.5,86.25,104,0.53
0022300445,2023-12-31,1610612737,Atlanta Hawks,1,1,0,1.0,48.0,116.8,120.4,114.3,115.6,2.5,4.8,0.574,2.25,18.0,0.288,0.821,0.565,0.111,0.558,0.584,110.8,108.5,90.42,108,0.502
0022300448,2023-12-31,1610612738,Boston Celtics,1,1,0,1.0,48.0,130.5,127.6,95.0,97.1,35.5,30.5,0.569,2.64,19.7,0.298,0.804,0.573,0.105,0.616,0.64,104.5,104.5,87.08,105,0.654
0022300447,2023-12-31,1610612751,Brooklyn Nets,1,0,1,0.0,48.0,104.2,104.9,121.8,122.8,-17.6,-17.9,0.684,3.71,17.2,0.328,0.854,0.528,0.068,0.44,0.475,102.7,102.0,85.0,103,0.401
0022300446,2023-12-31,1610612747,Los Angeles Lakers,1,0,1,0.0,48.0,106.9,107.9,129.2,129.0,-22.3,-21.1,0.667,2.0,19.3,0.174,0.711,0.44,0.129,0.537,0.586,100.9,100.5,83.75,101,0.444
0022300449,2023-12-31,1610612763,Memphis Grizzlies,1,0,1,0.0,48.0,90.8,92.0,118.9,123.0,-28.1,-31.0,0.667,2.5,16.0,0.089,0.729,0.385,0.08,0.439,0.488,102.4,100.0,83.33,100,0.351
0022300446,2023-12-31,1610612740,New Orleans Pelicans,1,1,0,1.0,48.0,129.2,129.0,106.9,107.9,22.3,21.1,0.733,2.54,22.6,0.289,0.826,0.56,0.13,0.615,0.652,100.9,100.5,83.75,100,0.556
0022300447,2023-12-31,1610612760,Oklahoma City Thunder,1,1,0,1.0,48.0,121.8,122.8,104.2,104.9,17.6,17.9,0.689,2.07,22.5,0.146,0.672,0.472,0.149,0.651,0.675,102.7,102.0,85.0,101,0.599
0022300450,2023-12-31,1610612753,Orlando Magic,1,0,1,0.0,48.0,104.6,110.3,116.2,115.5,-11.6,-5.2,0.524,1.47,16.7,0.292,0.848,0.564,0.155,0.533,0.562,99.3,97.0,80.83,97,0.46
0022300450,2023-12-31,1610612756,Phoenix Suns,1,1,0,1.0,48.0,116.2,115.5,104.6,110.3,11.6,5.2,0.477,3.5,16.9,0.152,0.708,0.436,0.062,0.545,0.581,99.3,97.0,80.83,97,0.54
0022300449,2023-12-31,1610612758,Sacramento Kings,1,1,0,1.0,48.0,118.9,123.0,90.8,92.0,28.1,31.0,0.596,2.15,19.9,0.271,0.911,0.615,0.13,0.598,0.618,102.4,100.0,83.33,100,0.649
0022300448,2023-12-31,1610612759,San Antonio Spurs,1,0,1,0.0,48.0,95.0,97.1,130.5,127.6,-35.5,-30.5,0.7,1.75,19.6,0.196,0.702,0.427,0.154,0.489,0.509,104.5,104.5,87.08,104,0.346
0022300445,2023-12-31,1610612764,Washington Wizards,1,0,1,0.0,48.0,114.3,115.6,116.8,120.4,-2.5,-4.8,0.761,3.89,22.7,0.179,0.712,0.435,0.083,0.556,0.587,110.8,108.5,90.42,109,0.498
0022300455,2024-01-01,1610612766,Charlotte Hornets,1,0,1,0.0,48.0,93.9,97.9,113.4,116.8,-19.5,-18.9,0.667,1.71,18.2,0.245,0.844,0.52,0.147,0.477,0.5,98.5,95.0,79.17,95,0.399
0022300452,2024-01-01,1610612739,Cleveland Cavaliers,1,0,1,0.0,48.0,117.0,118.6,117.4,121.6,-0.4,-2.9,0.581,2.78,18.2,0.208,0.75,0.49,0.088,0.551,0.602,104.5,102.0,85.0,102,0.5
0022300457,2024-01-01,1610612742,Dallas Mavericks,1,0,1,0.0,48.0,85.4,87.4,115.5,123.3,-30.1,-35.9,0.757,1.75,19.9,0.2,0.702,0.421,0.155,0.457,0.462,107.7,103.0,85.83,103,0.324
0022300455,2024-01-01,1610612743,Denver Nuggets,1,1,0,1.0,48.0,113.4,116.8,93.9,97.9,19.5,18.9,0.659,2.45,20.9,0.156,0.755,0.48,0.116,0.584,0.61,98.5,95.0,79.17,95,0.601
0022300453,2024-01-01,1610612765,Detroit Pistons,1,0,1,0.0,48.0,109.8,108.7,128.8,129.5,-19.0,-20.9,0.675,1.5,19.0,0.239,0.786,0.5,0.173,0.56,0.595,104.2,104.5,87.08,104,0.38
0022300453,2024-01-01,1610612745,Houston Rockets,1,1,0,1.0,48.0,128.8,129.5,109.8,108.7,19.0,20.9,0.667,3.4,23.0,0.214,0.761,0.5,0.095,0.643,0.67,104.2,104.5,87.08,105,0.62
0022300454,2024-01-01,1610612754,Indiana Pacers,1,1,0,1.0,48.0,114.3,117.3,105.2,108.7,9.1,8.7,0.535,3.29,15.9,0.316,0.759,0.532,0.067,0.469,0.536,107.1,104.0,86.67,104,0.528
0022300458,2024-01-01,1610612746,LA Clippers,1,1,0,1.0,48.0,124.5,126.0,106.4,108.3,18.2,17.7,0.532,1.47,19.2,0.273,0.673,0.512,0.177,0.675,0.702,97.5,96.0,80.0,96,0.6
0022300458,2024-01-01,1610612748,Miami Heat,1,0,1,0.0,48.0,106.4,108.3,124.5,126.0,-18.2,-17.7,0.686,1.71,17.6,0.327,0.727,0.488,0.146,0.488,0.543,97.5,96.0,80.0,96,0.4
0022300454,2024-01-01,1610612749,Milwaukee Bucks,1,0,1,0.0,48.0,105.2,108.7,114.3,117.3,-9.1,-8.7,0.659,2.45,18.8,0.241,0.684,0.468,0.106,0.495,0.541,107.1,104.0,86.67,104,0.472
0022300451,2024-01-01,1610612750,Minnesota Timberwolves,1,0,1,0.0,48.0,107.3,110.4,111.6,115.5,-4.3,-5.0,0.528,1.36,15.4,0.19,0.604,0.421,0.146,0.546,0.597,99.5,96.5,80.42,96,0.48
0022300451,2024-01-01,1610612752,New York Knicks,1,1,0,1.0,48.0,111.6,115.5,107.3,110.4,4.3,5.0,0.59,1.53,16.3,0.396,0.81,0.579,0.155,0.506,0.553,99.5,96.5,80.42,97,0.52
0022300456,2024-01-01,1610612756,Phoenix Suns,1,1,0,1.0,48.0,107.4,107.9,86.8,87.1,20.5,20.8,0.632,1.5,17.4,0.277,0.8,0.546,0.158,0.544,0.577,101.4,101.0,84.17,101,0.611
0022300456,2024-01-01,1610612757,Portland Trail Blazers,1,0,1,0.0,48.0,86.8,87.1,107.4,107.9,-20.5,-20.8,0.636,1.11,15.9,0.2,0.723,0.454,0.188,0.463,0.498,101.4,101.0,84.17,101,0.389
0022300452,2024-01-01,1610612761,Toronto Raptors,1,1,0,1.0,48.0,117.4,121.6,117.0,118.6,0.4,2.9,0.595,2.27,17.9,0.25,0.792,0.51,0.108,0.546,0.593,104.5,102.0,85.0,102,0.5
0022300457,2024-01-01,1610612762,Utah Jazz,1,1,0,1.0,48.0,115.5,123.3,85.4,87.4,30.1,35.9,0.755,2.85,24.2,0.298,0.8,0.579,0.126,0.573,0.611,107.7,103.0,85.83,103,0.676
0022300462,2024-01-02,1610612738,Boston Celtics,1,0,1,0.0,48.0,120.9,124.2,126.4,127.0,-5.5,-2.8,0.786,2.36,21.4,0.423,0.705,0.552,0.141,0.538,0.587,101.1,99.5,82.92,99,0.495
0022300461,2024-01-02,1610612751,Brooklyn Nets,1,0,1,0.0,48.0,86.3,91.4,116.8,119.1,-30.5,-27.8,0.743,1.73,18.3,0.385,0.583,0.469,0.161,0.413,0.419,97.2,93.5,77.92,93,0.341
0022300464,2024-01-02,1610612766,Charlotte Hornets,1,1,0,1.0,48.0,109.5,109.9,98.6,103.0,10.9,6.9,0.548,1.53,17.8,0.119,0.625,0.408,0.149,0.585,0.614,103.4,101.0,84.17,101,0.591
0022300459,2024-01-02,1610612741,Chicago Bulls,1,0,1,0.0,48.0,92.3,94.2,103.6,107.8,-11.3,-13.7,0.459,0.94,11.8,0.387,0.75,0.538,0.175,0.422,0.457,105.7,102.5,85.42,103,0.389
0022300463,2024-01-02,1610612744,Golden State Warriors,1,1,0,1.0,48.0,124.4,122.2,110.4,117.3,13.9,4.9,0.548,1.92,17.3,0.282,0.577,0.451,0.121,0.622,0.642,100.7,98.5,82.08,99,0.573
0022300460,2024-01-02,1610612763,Memphis Grizzlies,1,1,0,1.0,48.0,108.2,108.2,93.2,100.0,14.9,8.2,0.649,1.6,18.2,0.217,0.736,0.495,0.153,0.538,0.582,101.6,98.0,81.67,98,0.576
0022300461,2024-01-02,1610612740,New Orleans Pelicans,1,1,0,1.0,48.0,116.8,119.1,86.3,91.4,30.5,27.8,0.561,1.35,16.9,0.417,0.615,0.531,0.181,0.557,0.584,97.2,93.5,77.92,94,0.659
0022300462,2024-01-02,1610612760,Oklahoma City Thunder,1,1,0,1.0,48.0,126.4,127.0,120.9,124.2,5.5,2.8,0.708,2.83,23.1,0.295,0.577,0.448,0.12,0.626,0.645,101.1,99.5,82.92,100,0.505
0022300463,2024-01-02,1610612753,Orlando Magic,1,0,1,0.0,48.0,110.4,117.3,124.4,122.2,-13.9,-4.9,0.463,1.06,13.7,0.423,0.718,0.549,0.184,0.522,0.563,100.7,98.5,82.08,98,0.427
0022300459,2024-01-02,1610612755,Philadelphia 76ers,1,1,0,1.0,48.0,103.6,107.8,92.3,94.2,11.3,13.7,0.737,1.47,19.9,0.25,0.613,0.462,0.186,0.55,0.59,105.7,102.5,85.42,102,0.611
0022300464,2024-01-02,1610612758,Sacramento Kings,1,0,1,0.0,48.0,98.6,103.0,109.5,109.9,-10.9,-6.9,0.575,1.1,15.9,0.375,0.881,0.592,0.208,0.511,0.523,103.4,101.0,84.17,101,0.409
0022300460,2024-01-02,1610612759,San Antonio Spurs,1,0,1,0.0,48.0,93.2,100.0,108.2,108.2,-14.9,-8.2,0.583,1.31,15.9,0.264,0.783,0.505,0.163,0.482,0.515,101.6,98.0,81.67,98,0.424
0022300467,2024-01-03,1610612737,Atlanta Hawks,1,1,0,1.0,48.0,131.1,131.8,129.7,129.0,1.5,2.8,0.625,2.31,19.4,0.375,0.778,0.57,0.121,0.579,0.644,107.0,107.0,89.17,107,0.522
0022300469,2024-01-03,1610612751,Brooklyn Nets,1,0,1,0.0,48.0,101.6,101.0,113.3,113.1,-11.7,-12.1,0.694,2.5,17.6,0.27,0.86,0.509,0.1,0.457,0.484,99.2,99.5,82.92,100,0.441
0022300468,2024-01-03,1610612741,Chicago Bulls,1,0,1,0.0,48.0,104.1,105.3,119.8,120.8,-15.7,-15.6,0.649,2.18,18.2,0.241,0.644,0.424,0.116,0.489,0.521,96.4,95.5,79.58,95,0.416
0022300465,2024-01-03,1610612739,Cleveland Cavaliers,1,1,0,1.0,48.0,139.9,144.3,99.2,105.2,40.8,39.1,0.685,3.36,23.4,0.5,0.714,0.619,0.113,0.64,0.654,100.9,96.5,80.42,97,0.68
0022300472,2024-01-03,1610612742,Dallas Mavericks,1,1,0,1.0,48.0,117.7,121.2,89.3,93.3,28.5,27.9,0.595,2.08,17.9,0.22,0.714,0.481,0.115,0.577,0.617,107.9,104.0,86.67,104,0.703
0022300474,2024-01-03,1610612765,Detroit Pistons,1,0,1,0.0,53.0,127.9,131.0,133.4,137.5,-5.5,-6.5,0.589,1.94,19.8,0.404,0.615,0.51,0.15,0.624,0.645,104.6,101.89,84.91,113,0.471
0022300469,2024-01-03,1610612745,Houston Rockets,1,1,0,1.0,48.0,113.3,113.1,101.6,101.0,11.7,12.1,0.73,1.69,20.5,0.14,0.73,0.491,0.162,0.612,0.637,99.2,99.5,82.92,99,0.559
0022300466,2024-01-03,1610612754,Indiana Pacers,1,1,0,1.0,48.0,130.3,132.7,119.2,122.6,11.1,10.1,0.68,3.09,22.4,0.256,0.76,0.527,0.103,0.633,0.676,109.0,106.5,88.75,107,0.557
0022300473,2024-01-03,1610612746,LA Clippers,1,1,0,1.0,48.0,139.2,139.4,125.2,129.8,14.0,9.6,0.595,1.79,18.9,0.371,0.692,0.541,0.149,0.671,0.727,95.8,94.0,78.33,94,0.559
0022300475,2024-01-03,1610612747,Los Angeles Lakers,1,0,1,0.0,48.0,90.1,93.2,106.3,107.8,-16.2,-14.6,0.829,1.32,19.7,0.306,0.818,0.577,0.214,0.446,0.513,105.0,102.5,85.42,103,0.473
0022300470,2024-01-03,1610612763,Memphis Grizzlies,1,0,1,0.0,48.0,107.4,106.7,113.9,113.7,-6.5,-7.0,0.625,2.5,17.9,0.259,0.826,0.52,0.096,0.505,0.542,102.6,103.0,85.83,104,0.47
0022300475,2024-01-03,1610612748,Miami Heat,1,1,0,1.0,48.0,106.3,107.8,90.1,93.2,16.2,14.6,0.732,3.0,21.1,0.182,0.694,0.423,0.098,0.527,0.547,105.0,102.5,85.42,102,0.527
0022300466,2024-01-03,1610612749,Milwaukee Bucks,1,0,1,0.0,48.0,119.2,122.6,130.3,132.7,-11.1,-10.1,0.652,2.31,20.3,0.24,0.744,0.473,0.123,0.576,0.613,109.0,106.5,88.75,106,0.443
0022300471,2024-01-03,1610612750,Minnesota Timberwolves,1,0,1,0.0,48.0,107.2,114.0,125.2,125.8,-18.0,-11.8,0.703,2.0,19.7,0.265,0.667,0.435,0.14,0.512,0.565,96.2,93.0,77.5,93,0.435
0022300471,2024-01-03,1610612740,New Orleans Pelicans,1,1,0,1.0,48.0,125.2,125.8,107.2,114.0,18.0,11.8,0.667,2.14,22.2,0.333,0.735,0.565,0.151,0.63,0.661,96.2,93.0,77.5,93,0.565
0022300468,2024-01-03,1610612752,New York Knicks,1,1,0,1.0,48.0,119.8,120.8,104.1,105.3,15.7,15.6,0.63,1.81,20.6,0.356,0.759,0.576,0.167,0.601,0.618,96.4,95.5,79.58,96,0.584
0022300467,2024-01-03,1610612760,Oklahoma City Thunder,1,0,1,0.0,48.0,129.7,129.0,131.1,131.8,-1.5,-2.8,0.6,2.31,20.4,0.222,0.625,0.43,0.121,0.648,0.674,107.0,107.0,89.17,107,0.478
0022300476,2024-01-03,1610612753,Orlando Magic,1,0,1,0.0,58.0,116.5,116.4,113.4,116.9,3.1,-0.6,0.75,1.57,21.0,0.167,0.593,0.402,0.181,0.628,0.663,98.3,96.83,80.69,116,0.474
0022300473,2024-01-03,1610612756,Phoenix Suns,1,0,1,0.0,48.0,125.2,129.8,139.2,139.4,-14.0,-9.6,0.548,1.35,17.8,0.308,0.629,0.459,0.181,0.627,0.674,95.8,94.0,78.33,94,0.441
0022300472,2024-01-03,1610612757,Portland Trail Blazers,1,0,1,0.0,48.0,89.3,93.3,117.7,121.2,-28.5,-27.9,0.676,1.05,16.2,0.286,0.78,0.519,0.212,0.466,0.502,107.9,104.0,86.67,104,0.297
0022300476,2024-01-03,1610612758,Sacramento Kings,1,1,0,1.0,58.0,113.4,116.9,116.5,116.4,-3.1,0.6,0.706,1.71,20.2,0.407,0.833,0.598,0.178,0.557,0.582,98.3,96.83,80.69,118,0.526
0022300470,2024-01-03,1610612761,Toronto Raptors,1,1,0,1.0,48.0,113.9,113.7,107.4,106.7,6.5,7.0,0.61,2.08,18.5,0.174,0.741,0.48,0.118,0.553,0.599,102.6,103.0,85.83,102,0.53
0022300474,2024-01-03,1610612762,Utah Jazz,1,1,0,1.0,53.0,133.4,137.5,127.9,131.0,5.5,6.5,0.528,2.33,17.7,0.385,0.596,0.49,0.107,0.592,0.65,104.6,101.89,84.91,112,0.529
0022300465,2024-01-03,1610612764,Washington Wizards,1,0,1,0.0,48.0,99.2,105.2,139.9,144.3,-40.8,-39.1,0.548,2.88,16.8,0.286,0.5,0.381,0.083,0.475,0.477,100.9,96.5,80.42,96,0.32
0022300478,2024-01-04,1610612743,Denver Nuggets,1,1,0,1.0,48.0,135.8,138.3,129.5,132.3,6.2,6.0,0.583,3.11,20.9,0.316,0.69,0.513,0.096,0.618,0.665,96.9,95.0,79.17,94,0.519
0022300478,2024-01-04,1610612744,Golden State Warriors,1,0,1,0.0,48.0,129.5,132.3,135.8,138.3,-6.2,-6.0,0.714,3.5,24.3,0.31,0.684,0.488,0.104,0.628,0.654,96.9,95.0,79.17,96,0.481
0022300477,2024-01-04,1610612749,Milwaukee Bucks,1,1,0,1.0,48.0,117.5,120.2,115.8,116.3,1.7,3.8,0.551,1.93,19.0,0.244,0.755,0.511,0.135,0.598,0.623,105.4,104.0,86.67,104,0.493
0022300477,2024-01-04,1610612759,San Antonio Spurs,1,0,1,0.0,48.0,115.8,116.3,117.5,120.2,-1.7,-3.8,0.674,2.58,21.2,0.245,0.756,0.489,0.115,0.558,0.59,105.4,104.0,86.67,104,0.507
0022300480,2024-01-05,1610612737,Atlanta Hawks,1,0,1,0.0,48.0,109.2,108.4,139.2,141.5,-30.0,-33.1,0.525,1.5,14.6,0.291,0.714,0.456,0.131,0.484,0.546,107.0,106.5,88.75,107,0.354
0022300479,2024-01-05,1610612738,Boston Celtics,1,1,0,1.0,48.0,113.7,115.6,87.4,87.4,26.3,28.2,0.615,1.71,16.6,0.222,0.721,0.5,0.128,0.528,0.595,110.9,110.0,91.67,109,0.641
0022300481,2024-01-05,1610612751,Brooklyn Nets,1,1,0,1.0,48.0,123.4,124.0,114.4,113.9,9.0,10.1,0.61,1.67,17.0,0.415,0.78,0.574,0.15,0.527,0.588,100.5,100.5,83.75,100,0.513
0022300484,2024-01-05,1610612766,Charlotte Hornets,1,0,1,0.0,48.0,95.5,97.8,112.5,111.8,-16.9,-14.0,0.556,1.54,15.6,0.273,0.865,0.511,0.14,0.461,0.483,93.9,93.0,77.5,93,0.367
0022300484,2024-01-05,1610612741,Chicago Bulls,1,1,0,1.0,48.0,112.5,111.8,95.5,97.8,16.9,14.0,0.725,1.93,22.8,0.135,0.727,0.489,0.161,0.608,0.638,93.9,93.0,77.5,93,0.633
0022300482,2024-01-05,1610612739,Cleveland Cavaliers,1,1,0,1.0,48.0,115.0,117.5,89.5,91.8,25.5,25.7,0.756,1.29,21.5,0.381,0.804,0.613,0.247,0.636,0.654,99.9,97.5,81.25,97,0.643
0022300487,2024-01-05,1610612742,Dallas Mavericks,1,1,0,1.0,48.0,126.8,127.5,92.4,94.5,34.4,33.0,0.625,2.06,22.6,0.25,0.763,0.544,0.156,0.672,0.677,110.5,109.0,90.83,109,0.65
0022300488,2024-01-05,1610612743,Denver Nuggets,1,0,1,0.0,48.0,111.8,116.5,120.8,119.6,-9.1,-3.1,0.583,2.15,19.0,0.34,0.727,0.527,0.126,0.553,0.58,104.2,102.5,85.42,103,0.495
0022300490,2024-01-05,1610612765,Detroit Pistons,1,0,1,0.0,48.0,105.4,109.0,107.6,114.1,-2.2,-5.1,0.568,2.27,17.7,0.286,0.711,0.475,0.11,0.515,0.532,104.2,99.5,82.92,100,0.48
0022300490,2024-01-05,1610612744,Golden State Warriors,1,1,0,1.0,48.0,107.6,114.1,105.4,109.0,2.2,5.1,0.632,1.26,17.6,0.289,0.714,0.525,0.192,0.561,0.608,104.2,99.5,82.92,99,0.52
0022300485,2024-01-05,1610612745,Houston Rockets,1,0,1,0.0,48.0,90.8,95.0,119.8,119.6,-29.0,-24.6,0.5,1.2,14.1,0.179,0.727,0.42,0.15,0.467,0.492,103.2,101.0,84.17,100,0.328
0022300480,2024-01-05,1610612754,Indiana Pacers,1,1,0,1.0,48.0,139.2,141.5,109.2,108.4,30.0,33.1,0.833,3.13,30.1,0.286,0.709,0.544,0.151,0.739,0.752,107.0,106.5,88.75,106,0.646
0022300486,2024-01-05,1610612746,LA Clippers,1,1,0,1.0,48.0,115.9,118.1,97.8,101.1,18.0,17.0,0.7,1.87,20.7,0.318,0.672,0.524,0.16,0.579,0.611,96.5,94.0,78.33,94,0.609
0022300491,2024-01-05,1610612747,Los Angeles Lakers,1,0,1,0.0,48.0,109.8,109.7,122.4,124.5,-12.5,-14.8,0.619,1.86,18.7,0.208,0.775,0.466,0.136,0.553,0.583,103.3,102.5,85.42,103,0.448
0022300491,2024-01-05,1610612763,Memphis Grizzlies,1,1,0,1.0,48.0,122.4,124.5,109.8,109.7,12.5,14.8,0.75,1.74,22.9,0.225,0.792,0.534,0.186,0.677,0.699,103.3,102.5,85.42,102,0.552
0022300489,2024-01-05,1610612748,Miami Heat,1,0,1,0.0,48.0,99.3,103.2,117.1,118.9,-17.8,-15.8,0.765,1.63,19.3,0.294,0.723,0.5,0.17,0.47,0.523,97.1,94.5,78.75,94,0.395
0022300485,2024-01-05,1610612750,Minnesota Timberwolves,1,1,0,1.0,48.0,119.8,119.6,90.8,95.0,29.0,24.6,0.674,2.21,21.7,0.273,0.821,0.58,0.137,0.602,0.63,103.2,101.0,84.17,102,0.672
0022300486,2024-01-05,1610612740,New Orleans Pelicans,1,0,1,0.0,48.0,97.8,101.1,115.9,118.1,-18.0,-17.0,0.667,2.44,16.3,0.328,0.682,0.476,0.096,0.424,0.465,96.5,94.0,78.33,94,0.391
0022300483,2024-01-05,1610612752,New York Knicks,1,1,0,1.0,48.0,124.3,128.0,93.0,92.0,31.2,36.0,0.628,2.08,19.0,0.326,0.804,0.577,0.13,0.584,0.64,100.9,100.0,83.33,100,0.634
0022300481,2024-01-05,1610612760,Oklahoma City Thunder,1,0,1,0.0,48.0,114.4,113.9,123.4,124.0,-9.0,-10.1,0.644,2.23,20.9,0.22,0.585,0.426,0.129,0.589,0.608,100.5,100.5,83.75,101,0.487
0022300488,2024-01-05,1610612753,Orlando Magic,1,1,0,1.0,48.0,120.8,119.6,111.8,116.5,9.1,3.1,0.61,1.67,18.1,0.273,0.66,0.473,0.147,0.604,0.629,104.2,102.5,85.42,102,0.505
0022300483,2024-01-05,1610612755,Philadelphia 76ers,1,0,1,0.0,48.0,93.0,92.0,124.3,128.0,-31.2,-36.0,0.667,1.57,16.7,0.196,0.674,0.423,0.14,0.444,0.495,100.9,100.0,83.33,100,0.366
0022300489,2024-01-05,1610612756,Phoenix Suns,1,1,0,1.0,48.0,117.1,118.9,99.3,103.2,17.8,15.8,0.682,2.73,22.1,0.277,0.706,0.5,0.116,0.586,0.598,97.1,94.5,78.75,95,0.605
0022300487,2024-01-05,1610612757,Portland Trail Blazers,1,0,1,0.0,48.0,92.4,94.5,126.8,127.5,-34.4,-33.0,0.692,1.42,18.0,0.237,0.75,0.456,0.174,0.479,0.503,110.5,109.0,90.83,109,0.35
0022300492,2024-01-05,1610612758,Sacramento Kings,1,1,0,1.0,48.0,122.1,129.8,124.0,125.0,-1.9,4.8,0.673,2.33,22.3,0.392,0.738,0.548,0.144,0.625,0.633,107.7,104.0,86.67,104,0.488
0022300492,2024-01-05,1610612761,Toronto Raptors,1,0,1,0.0,48.0,124.0,125.0,122.1,129.8,1.9,-4.8,0.66,2.21,21.2,0.262,0.608,0.452,0.135,0.615,0.657,107.7,104.0,86.67,104,0.512
0022300479,2024-01-05,1610612762,Utah Jazz,1,0,1,0.0,48.0,87.4,87.4,113.7,115.6,-26.3,-28.2,0.676,1.28,15.1,0.279,0.778,0.5,0.162,0.394,0.445,110.9,110.0,91.67,111,0.359
0022300482,2024-01-05,1610612764,Washington Wizards,1,0,1,0.0,48.0,89.5,91.8,115.0,117.5,-25.5,-25.7,0.543,1.12,15.0,0.196,0.619,0.387,0.173,0.47,0.497,99.9,97.5,81.25,98,0.357
0022300493,2024-01-06,1610612738,Boston Celtics,1,1,0,1.0,48.0,114.2,116.8,100.3,100.0,13.8,16.8,0.565,1.44,18.1,0.362,0.81,0.61,0.178,0.6,0.6,102.0,101.0,84.17,101,0.57
0022300496,2024-01-06,1610612745,Houston Rockets,1,1,0,1.0,48.0,111.9,112.0,106.4,106.9,5.5,5.1,0.611,2.2,16.8,0.191,0.837,0.521,0.1,0.512,0.577,100.8,100.5,83.75,100,0.531
0022300493,2024-01-06,1610612754,Indiana Pacers,1,0,1,0.0,48.0,100.3,100.0,114.2,116.8,-13.8,-16.8,0.605,2.56,17.0,0.19,0.638,0.39,0.089,0.457,0.497,102.0,101.0,84.17,101,0.43
0022300496,2024-01-06,1610612749,Milwaukee Bucks,1,0,1,0.0,48.0,106.4,106.9,111.9,112.0,-5.5,-5.1,0.571,1.82,15.5,0.163,0.809,0.479,0.109,0.52,0.572,100.8,100.5,83.75,101,0.469
0022300494,2024-01-06,1610612752,New York Knicks,1,1,0,1.0,48.0,120.3,118.6,103.1,105.0,17.2,13.6,0.628,1.93,19.1,0.261,0.735,0.505,0.137,0.575,0.62,101.2,101.0,84.17,102,0.571
0022300495,2024-01-06,1610612755,Philadelphia 76ers,1,0,1,0.0,48.0,103.7,106.9,113.7,117.6,-10.0,-10.8,0.714,5.0,19.6,0.318,0.6,0.416,0.059,0.438,0.478,105.3,102.0,85.0,102,0.423
0022300495,2024-01-06,1610612762,Utah Jazz,1,1,0,1.0,48.0,113.7,117.6,103.7,106.9,10.0,10.8,0.652,1.25,20.5,0.4,0.682,0.584,0.235,0.625,0.663,105.3,102.0,85.0,102,0.577
0022300494,2024-01-06,1610612764,Washington Wizards,1,0,1,0.0,48.0,103.1,105.0,120.3,118.6,-17.2,-13.6,0.825,1.65,22.6,0.265,0.739,0.495,0.2,0.547,0.56,101.2,101.0,84.17,100,0.429
0022300499,2024-01-07,1610612737,Atlanta Hawks,1,0,1,0.0,53.0,101.1,103.8,108.7,109.3,-7.5,-5.6,0.5,1.62,15.4,0.164,0.729,0.456,0.123,0.511,0.53,98.0,96.45,80.38,106,0.48
0022300498,2024-01-07,1610612751,Brooklyn Nets,1,0,1,0.0,53.0,116.5,118.7,122.7,125.2,-6.2,-6.5,0.63,1.81,19.7,0.283,0.706,0.505,0.15,0.582,0.623,98.8,96.91,80.75,107,0.513
0022300497,2024-01-07,1610612739,Cleveland Cavaliers,1,1,0,1.0,48.0,115.6,119.4,116.5,117.3,-1.0,2.0,0.628,1.69,19.3,0.313,0.783,0.543,0.163,0.58,0.602,100.0,98.0,81.67,98,0.494
0022300501,2024-01-07,1610612742,Dallas Mavericks,1,1,0,1.0,48.0,115.2,121.1,109.9,113.7,5.3,7.4,0.465,1.82,14.6,0.4,0.607,0.505,0.116,0.532,0.554,99.0,95.0,79.17,95,0.529
0022300502,2024-01-07,1610612743,Denver Nuggets,1,1,0,1.0,48.0,128.9,133.7,112.6,116.3,16.2,17.3,0.745,2.5,24.5,0.286,0.648,0.506,0.143,0.65,0.699,101.4,98.0,81.67,98,0.604
0022300502,2024-01-07,1610612765,Detroit Pistons,1,0,1,0.0,48.0,112.6,116.3,128.9,133.7,-16.2,-17.3,0.667,2.33,19.3,0.352,0.714,0.494,0.122,0.522,0.558,101.4,98.0,81.67,98,0.396
0022300504,2024-01-07,1610612744,Golden State Warriors,1,0,1,0.0,48.0,115.0,120.4,135.5,134.3,-20.5,-13.9,0.667,2.73,20.3,0.357,0.738,0.52,0.112,0.52,0.553,100.4,98.5,82.08,98,0.42
0022300505,2024-01-07,1610612746,LA Clippers,1,0,1,0.0,48.0,100.6,103.0,106.0,109.3,-5.3,-6.3,0.583,1.31,15.1,0.321,0.762,0.51,0.16,0.473,0.518,101.2,98.5,82.08,100,0.44
0022300505,2024-01-07,1610612747,Los Angeles Lakers,1,1,0,1.0,48.0,106.0,109.3,100.6,103.0,5.3,6.3,0.548,1.21,17.7,0.238,0.679,0.49,0.196,0.579,0.595,101.2,98.5,82.08,97,0.56
0022300503,2024-01-07,1610612763,Memphis Grizzlies,1,1,0,1.0,48.0,109.4,114.2,106.8,108.5,2.6,5.7,0.674,1.61,18.7,0.368,0.7,0.538,0.17,0.531,0.562,109.1,106.0,88.33,106,0.534
0022300501,2024-01-07,1610612750,Minnesota Timberwolves,1,0,1,0.0,48.0,109.9,113.7,115.2,121.1,-5.3,-7.4,0.537,1.69,15.8,0.393,0.6,0.495,0.137,0.505,0.523,99.0,95.0,79.17,95,0.471
0022300500,2024-01-07,1610612740,New Orleans Pelicans,1,1,0,1.0,48.0,138.5,138.5,102.8,105.3,35.7,33.3,0.7,2.19,24.6,0.406,0.804,0.659,0.167,0.726,0.747,96.7,95.5,79.58,96,0.657
0022300499,2024-01-07,1610612753,Orlando Magic,1,1,0,1.0,53.0,108.7,109.3,101.1,103.8,7.5,5.6,0.581,1.92,16.9,0.271,0.836,0.544,0.121,0.526,0.543,98.0,96.45,80.38,107,0.52
0022300503,2024-01-07,1610612756,Phoenix Suns,1,0,1,0.0,48.0,106.8,108.5,109.4,114.2,-2.6,-5.7,0.63,2.42,19.0,0.3,0.632,0.462,0.113,0.49,0.515,109.1,106.0,88.33,106,0.466
0022300498,2024-01-07,1610612757,Portland Trail Blazers,1,1,0,1.0,53.0,122.7,125.2,116.5,118.7,6.2,6.5,0.467,2.1,14.7,0.294,0.717,0.495,0.093,0.579,0.619,98.8,96.91,80.75,107,0.487
0022300500,2024-01-07,1610612758,Sacramento Kings,1,0,1,0.0,48.0,102.8,105.3,138.5,138.5,-35.7,-33.3,0.737,3.11,20.9,0.196,0.594,0.341,0.095,0.5,0.519,96.7,95.5,79.58,95,0.343
0022300497,2024-01-07,1610612759,San Antonio Spurs,1,0,1,0.0,48.0,116.5,117.3,115.6,119.4,1.0,-2.0,0.537,2.0,17.1,0.217,0.688,0.457,0.112,0.558,0.601,100.0,98.0,81.67,98,0.506
0022300504,2024-01-07,1610612761,Toronto Raptors,1,1,0,1.0,48.0,135.5,134.3,115.0,120.4,20.5,13.9,0.691,5.43,25.7,0.262,0.643,0.48,0.071,0.665,0.664,100.4,98.5,82.08,99,0.58
0022300507,2024-01-08,1610612738,Boston Celtics,1,0,1,0.0,48.0,125.0,128.4,127.1,129.1,-2.0,-0.7,0.553,1.73,18.1,0.333,0.696,0.511,0.147,0.617,0.637,104.7,102.5,85.42,102,0.478
0022300506,2024-01-08,1610612766,Charlotte Hornets,1,0,1,0.0,53.0,109.3,109.8,113.8,115.5,-4.5,-5.7,0.65,1.73,18.2,0.291,0.653,0.462,0.147,0.516,0.552,93.8,92.83,77.36,102,0.428
0022300506,2024-01-08,1610612741,Chicago Bulls,1,1,0,1.0,53.0,113.8,115.5,109.3,109.8,4.5,5.7,0.6,1.93,18.5,0.347,0.709,0.538,0.136,0.538,0.58,93.8,92.83,77.36,103,0.572
0022300509,2024-01-08,1610612745,Houston Rockets,1,0,1,0.0,48.0,112.6,116.5,123.6,122.4,-11.0,-6.0,0.541,1.67,15.0,0.308,0.744,0.505,0.124,0.5,0.563,98.7,97.5,81.25,97,0.413
0022300507,2024-01-08,1610612754,Indiana Pacers,1,1,0,1.0,48.0,127.1,129.1,125.0,128.4,2.0,0.7,0.604,2.23,19.9,0.304,0.667,0.489,0.126,0.632,0.661,104.7,102.5,85.42,103,0.522
0022300511,2024-01-08,1610612746,LA Clippers,1,1,0,1.0,48.0,140.6,140.8,112.4,114.4,28.3,26.4,0.604,2.29,22.2,0.389,0.805,0.61,0.143,0.712,0.725,98.4,97.5,81.25,98,0.645
0022300509,2024-01-08,1610612748,Miami Heat,1,1,0,1.0,48.0,123.6,122.4,112.6,116.5,11.0,6.0,0.732,2.73,21.6,0.256,0.692,0.495,0.112,0.591,0.624,98.7,97.5,81.25,98,0.587
0022300510,2024-01-08,1610612749,Milwaukee Bucks,1,0,1,0.0,48.0,115.6,116.0,131.1,134.7,-15.5,-18.7,0.738,3.44,21.2,0.278,0.698,0.464,0.09,0.537,0.567,100.5,99.0,82.5,100,0.418
0022300508,2024-01-08,1610612760,Oklahoma City Thunder,1,1,0,1.0,48.0,131.3,132.0,122.2,125.5,9.1,6.5,0.712,2.47,24.2,0.325,0.652,0.5,0.146,0.67,0.69,104.2,102.5,85.42,103,0.558
0022300511,2024-01-08,1610612756,Phoenix Suns,1,0,1,0.0,48.0,112.4,114.4,140.6,140.8,-28.3,-26.4,0.447,1.21,13.9,0.195,0.611,0.39,0.144,0.558,0.618,98.4,97.5,81.25,97,0.355
0022300510,2024-01-08,1610612762,Utah Jazz,1,1,0,1.0,48.0,131.1,134.7,115.6,116.0,15.5,18.7,0.702,3.0,22.9,0.302,0.722,0.536,0.112,0.633,0.662,100.5,99.0,82.5,98,0.582
0022300508,2024-01-08,1610612764,Washington Wizards,1,0,1,0.0,48.0,122.2,125.5,131.3,132.0,-9.1,-6.5,0.727,2.13,21.3,0.348,0.675,0.5,0.147,0.579,0.629,104.2,102.5,85.42,102,0.442
0022300515,2024-01-09,1610612742,Dallas Mavericks,1,0,1,0.0,48.0,104.2,105.1,120.9,121.2,-16.8,-16.1,0.556,1.54,15.7,0.191,0.571,0.385,0.133,0.494,0.549,99.1,98.5,82.08,98,0.415
0022300512,2024-01-09,1610612765,Detroit Pistons,1,0,1,0.0,48.0,107.6,106.8,121.1,127.2,-13.5,-20.4,0.675,1.29,18.8,0.286,0.667,0.462,0.204,0.553,0.584,105.2,103.0,85.83,103,0.406
0022300516,2024-01-09,1610612747,Los Angeles Lakers,1,1,0,1.0,48.0,123.5,125.7,122.8,124.8,0.8,1.0,0.773,2.27,23.1,0.195,0.837,0.524,0.143,0.642,0.682,106.8,105.0,87.5,105,0.517
0022300515,2024-01-09,1610612763,Memphis Grizzlies,1,1,0,1.0,48.0,120.9,121.2,104.2,105.1,16.8,16.1,0.614,1.59,18.5,0.429,0.809,0.615,0.172,0.56,0.599,99.1,98.5,82.08,99,0.585
0022300513,2024-01-09,1610612750,Minnesota Timberwolves,1,1,0,1.0,48.0,111.5,114.1,93.0,92.9,18.5,21.2,0.791,1.89,24.3,0.205,0.71,0.515,0.182,0.613,0.639,100.1,99.0,82.5,99,0.664
0022300514,2024-01-09,1610612752,New York Knicks,1,1,0,1.0,48.0,113.0,116.7,86.7,88.4,26.3,28.2,0.703,1.73,18.3,0.377,0.75,0.569,0.156,0.517,0.565,98.0,95.5,79.58,96,0.65
0022300513,2024-01-09,1610612753,Orlando Magic,1,0,1,0.0,48.0,93.0,92.9,111.5,114.1,-18.5,-21.2,0.588,1.54,14.6,0.29,0.795,0.485,0.131,0.431,0.451,100.1,99.0,82.5,99,0.336
0022300514,2024-01-09,1610612757,Portland Trail Blazers,1,0,1,0.0,48.0,86.7,88.4,113.0,116.7,-26.3,-28.2,0.576,1.27,14.8,0.25,0.623,0.431,0.158,0.419,0.447,98.0,95.5,79.58,95,0.35
0022300512,2024-01-09,1610612758,Sacramento Kings,1,1,0,1.0,48.0,121.1,127.2,107.6,106.8,13.5,20.4,0.722,2.17,25.2,0.333,0.714,0.538,0.175,0.644,0.654,105.2,103.0,85.83,103,0.594
0022300516,2024-01-09,1610612761,Toronto Raptors,1,0,1,0.0,48.0,122.8,124.8,123.5,125.7,-0.8,-1.0,0.642,2.83,23.3,0.163,0.805,0.476,0.114,0.654,0.657,106.8,105.0,87.5,105,0.483
0022300521,2024-01-10,1610612737,Atlanta Hawks,1,1,0,1.0,53.0,118.3,124.1,115.3,117.9,3.1,6.3,0.667,2.46,19.4,0.344,0.69,0.513,0.116,0.529,0.577,105.1,101.43,84.53,112,0.529
0022300517,2024-01-10,1610612738,Boston Celtics,1,1,0,1.0,53.0,121.4,122.1,114.5,115.4,6.9,6.7,0.538,2.63,15.4,0.212,0.808,0.51,0.077,0.539,0.613,94.8,94.19,78.49,104,0.535
0022300518,2024-01-10,1610612766,Charlotte Hornets,1,0,1,0.0,48.0,102.0,103.2,129.3,129.5,-27.3,-26.3,0.486,1.7,13.9,0.212,0.63,0.408,0.105,0.494,0.521,95.6,95.0,79.17,95,0.352
0022300523,2024-01-10,1610612741,Chicago Bulls,1,1,0,1.0,53.0,110.7,111.7,103.7,107.2,7.1,4.5,0.738,2.21,20.3,0.222,0.754,0.495,0.126,0.542,0.585,102.7,100.53,83.77,111,0.514
0022300524,2024-01-10,1610612743,Denver Nuggets,1,0,1,0.0,48.0,109.6,111.0,120.2,122.8,-10.7,-11.8,0.703,1.63,19.0,0.261,0.692,0.459,0.16,0.537,0.595,102.2,100.5,83.75,100,0.411
0022300519,2024-01-10,1610612765,Detroit Pistons,1,0,1,0.0,48.0,105.1,109.1,128.9,132.7,-23.7,-23.6,0.75,3.3,22.4,0.302,0.708,0.495,0.101,0.51,0.531,101.8,98.5,82.08,99,0.407
0022300525,2024-01-10,1610612744,Golden State Warriors,1,0,1,0.0,48.0,105.1,105.0,140.5,142.4,-35.4,-37.4,0.615,1.41,17.0,0.327,0.659,0.479,0.17,0.506,0.542,100.1,99.5,82.92,100,0.342
0022300523,2024-01-10,1610612745,Houston Rockets,1,0,1,0.0,53.0,103.7,107.2,110.7,111.7,-7.1,-4.5,0.604,2.07,19.1,0.246,0.778,0.505,0.126,0.53,0.542,102.7,100.53,83.77,111,0.486
0022300520,2024-01-10,1610612754,Indiana Pacers,1,1,0,1.0,48.0,109.2,109.8,101.8,103.0,7.4,6.8,0.756,2.21,20.5,0.34,0.732,0.541,0.137,0.489,0.546,102.4,101.5,84.58,102,0.571
0022300526,2024-01-10,1610612746,LA Clippers,1,1,0,1.0,48.0,133.0,131.3,120.1,125.0,12.9,6.3,0.694,4.86,23.9,0.273,0.692,0.47,0.073,0.608,0.638,97.3,96.0,80.0,96,0.527
0022300522,2024-01-10,1610612748,Miami Heat,1,0,1,0.0,48.0,116.1,118.8,125.4,128.0,-9.3,-9.2,0.61,2.5,18.0,0.255,0.833,0.494,0.099,0.545,0.592,102.7,100.5,83.75,101,0.447
0022300517,2024-01-10,1610612750,Minnesota Timberwolves,1,0,1,0.0,53.0,114.5,115.4,121.4,122.1,-6.9,-6.7,0.5,2.44,16.2,0.192,0.788,0.49,0.087,0.537,0.578,94.8,94.19,78.49,104,0.465
0022300525,2024-01-10,1610612740,New Orleans Pelicans,1,1,0,1.0,48.0,140.5,142.4,105.1,105.0,35.4,37.4,0.685,3.36,24.5,0.341,0.673,0.521,0.111,0.676,0.689,100.1,99.5,82.92,99,0.658
0022300522,2024-01-10,1610612760,Oklahoma City Thunder,1,1,0,1.0,48.0,125.4,128.0,116.1,118.8,9.3,9.2,0.706,2.77,25.4,0.167,0.745,0.506,0.13,0.674,0.688,102.7,100.5,83.75,100,0.553
0022300521,2024-01-10,1610612755,Philadelphia 76ers,1,0,1,0.0,53.0,115.3,117.9,118.3,124.1,-3.1,-6.3,0.565,2.36,16.7,0.31,0.656,0.487,0.098,0.51,0.566,105.1,101.43,84.53,112,0.471
0022300518,2024-01-10,1610612758,Sacramento Kings,1,1,0,1.0,48.0,129.3,129.5,102.0,103.2,27.3,26.3,0.522,2.4,17.8,0.37,0.788,0.592,0.105,0.59,0.62,95.6,95.0,79.17,95,0.648
0022300519,2024-01-10,1610612759,San Antonio Spurs,1,1,0,1.0,48.0,128.9,132.7,105.1,109.1,23.7,23.6,0.735,7.2,24.3,0.292,0.698,0.505,0.051,0.569,0.614,101.8,98.5,82.08,98,0.593
0022300526,2024-01-10,1610612761,Toronto Raptors,1,0,1,0.0,48.0,120.1,125.0,133.0,131.3,-12.9,-6.3,0.674,2.07,22.3,0.308,0.727,0.53,0.156,0.619,0.653,97.3,96.0,80.0,96,0.473
0022300524,2024-01-10,1610612762,Utah Jazz,1,1,0,1.0,48.0,120.2,122.8,109.6,111.0,10.7,11.8,0.739,2.0,23.3,0.308,0.739,0.541,0.168,0.633,0.666,102.2,100.5,83.75,101,0.589
0022300520,2024-01-10,1610612764,Washington Wizards,1,0,1,0.0,48.0,101.8,103.0,109.2,109.8,-7.4,-6.8,0.632,1.71,17.1,0.268,0.66,0.459,0.139,0.472,0.514,102.4,101.5,84.58,101,0.429
0022300528,2024-01-11,1610612738,Boston Celtics,1,0,1,0.0,48.0,97.9,103.0,137.7,137.8,-39.8,-34.7,0.647,3.67,16.4,0.237,0.675,0.414,0.061,0.423,0.489,101.1,98.5,82.08,99,0.348
0022300527,2024-01-11,1610612751,Brooklyn Nets,1,0,1,0.0,48.0,99.7,102.0,111.1,109.9,-11.4,-7.9,0.486,1.06,14.0,0.245,0.685,0.476,0.17,0.5,0.541,101.1,100.5,83.75,100,0.423
0022300527,2024-01-11,1610612739,Cleveland Cavaliers,1,1,0,1.0,48.0,111.1,109.9,99.7,102.0,11.4,7.9,0.5,1.45,12.1,0.315,0.755,0.524,0.109,0.47,0.55,101.1,100.5,83.75,101,0.577
0022300530,2024-01-11,1610612742,Dallas Mavericks,1,1,0,1.0,48.0,127.7,128.0,118.9,125.3,8.9,2.7,0.614,2.7,19.3,0.277,0.625,0.453,0.1,0.597,0.632,102.3,99.5,82.92,100,0.52
0022300531,2024-01-11,1610612747,Los Angeles Lakers,1,0,1,0.0,48.0,106.9,107.9,123.2,125.7,-16.3,-17.8,0.825,1.83,23.1,0.205,0.688,0.457,0.178,0.581,0.599,102.6,101.0,84.17,101,0.443
0022300528,2024-01-11,1610612749,Milwaukee Bucks,1,1,0,1.0,48.0,137.7,137.8,97.9,103.0,39.8,34.7,0.654,3.09,23.4,0.325,0.763,0.586,0.112,0.663,0.682,101.1,98.5,82.08,98,0.652
0022300530,2024-01-11,1610612752,New York Knicks,1,0,1,0.0,48.0,118.9,125.3,127.7,128.0,-8.9,-2.7,0.614,1.69,18.9,0.375,0.723,0.547,0.162,0.573,0.612,102.3,99.5,82.92,99,0.48
0022300529,2024-01-11,1610612760,Oklahoma City Thunder,1,1,0,1.0,48.0,129.1,137.6,73.3,75.5,55.8,62.1,0.774,3.15,26.5,0.31,0.743,0.586,0.129,0.645,0.677,106.4,101.5,84.58,101,0.846
0022300531,2024-01-11,1610612756,Phoenix Suns,1,1,0,1.0,48.0,123.2,125.7,106.9,107.9,16.3,17.8,0.5,1.77,16.5,0.313,0.795,0.543,0.129,0.57,0.616,102.6,101.0,84.17,101,0.557
0022300529,2024-01-11,1610612757,Portland Trail Blazers,1,0,1,0.0,48.0,73.3,75.5,129.1,137.6,-55.8,-62.1,0.571,1.6,11.8,0.257,0.69,0.414,0.098,0.332,0.356,106.4,101.5,84.58,102,0.154
0022300533,2024-01-12,1610612737,Atlanta Hawks,1,0,1,0.0,48.0,105.8,108.0,124.4,126.0,-18.6,-18.0,0.625,1.67,17.9,0.288,0.571,0.388,0.15,0.511,0.545,101.7,100.0,83.33,100,0.373
0022300541,2024-01-12,1610612766,Charlotte Hornets,1,0,1,0.0,48.0,94.0,95.2,122.8,128.6,-28.8,-33.4,0.688,1.1,15.4,0.305,0.711,0.481,0.192,0.416,0.489,107.6,104.5,87.08,104,0.325
0022300536,2024-01-12,1610612741,Chicago Bulls,1,0,1,0.0,48.0,132.3,135.1,141.1,142.9,-8.9,-7.8,0.62,2.58,23.0,0.184,0.66,0.455,0.124,0.686,0.704,99.1,97.5,81.25,97,0.453
0022300539,2024-01-12,1610612743,Denver Nuggets,1,1,0,1.0,48.0,120.7,123.8,113.4,111.9,7.3,11.9,0.6,1.76,20.7,0.333,0.816,0.593,0.168,0.633,0.647,101.6,101.0,84.17,101,0.528
0022300534,2024-01-12,1610612765,Detroit Pistons,1,0,1,0.0,48.0,111.1,111.1,112.0,113.1,-0.9,-2.0,0.727,2.13,22.2,0.283,0.745,0.526,0.152,0.568,0.579,99.5,99.0,82.5,99,0.511
0022300536,2024-01-12,1610612744,Golden State Warriors,1,1,0,1.0,48.0,141.1,142.9,132.3,135.1,8.9,7.8,0.796,7.8,25.5,0.34,0.816,0.545,0.051,0.628,0.653,99.1,97.5,81.25,98,0.547
0022300534,2024-01-12,1610612745,Houston Rockets,1,1,0,1.0,48.0,112.0,113.1,111.1,111.1,0.9,2.0,0.512,2.33,15.8,0.255,0.717,0.474,0.091,0.5,0.554,99.5,99.0,82.5,99,0.489
0022300533,2024-01-12,1610612754,Indiana Pacers,1,1,0,1.0,48.0,124.4,126.0,105.8,108.0,18.6,18.0,0.774,1.52,26.8,0.429,0.712,0.613,0.27,0.741,0.748,101.7,100.0,83.33,100,0.627
0022300537,2024-01-12,1610612746,LA Clippers,1,1,0,1.0,48.0,129.6,133.3,120.3,124.0,9.2,9.4,0.449,1.83,16.8,0.326,0.618,0.49,0.125,0.635,0.654,98.8,96.0,80.0,96,0.556
0022300537,2024-01-12,1610612763,Memphis Grizzlies,1,0,1,0.0,48.0,120.3,124.0,129.6,133.3,-9.2,-9.4,0.732,3.33,20.5,0.382,0.674,0.51,0.094,0.526,0.557,98.8,96.0,80.0,96,0.444
0022300535,2024-01-12,1610612748,Miami Heat,1,1,0,1.0,48.0,102.3,108.8,102.3,104.3,-0.1,4.4,0.622,1.35,17.6,0.354,0.673,0.515,0.187,0.494,0.539,95.3,91.5,76.25,91,0.495
0022300538,2024-01-12,1610612750,Minnesota Timberwolves,1,1,0,1.0,48.0,117.7,117.2,91.2,93.9,26.5,23.2,0.795,2.19,24.3,0.256,0.741,0.538,0.162,0.619,0.64,100.3,99.0,82.5,99,0.688
0022300539,2024-01-12,1610612740,New Orleans Pelicans,1,0,1,0.0,48.0,113.4,111.9,120.7,123.8,-7.3,-11.9,0.714,3.33,21.4,0.184,0.667,0.407,0.089,0.545,0.573,101.6,101.0,84.17,101,0.472
0022300535,2024-01-12,1610612753,Orlando Magic,1,0,1,0.0,48.0,102.3,104.3,102.3,108.8,0.1,-4.4,0.722,2.0,19.4,0.327,0.646,0.485,0.141,0.512,0.529,95.3,91.5,76.25,92,0.505
0022300532,2024-01-12,1610612755,Philadelphia 76ers,1,1,0,1.0,48.0,111.0,116.7,92.6,96.9,18.4,19.8,0.575,1.64,16.4,0.396,0.547,0.479,0.146,0.511,0.555,100.7,96.0,80.0,96,0.629
0022300538,2024-01-12,1610612757,Portland Trail Blazers,1,0,1,0.0,48.0,91.2,93.9,117.7,117.2,-26.5,-23.2,0.6,0.9,13.7,0.259,0.744,0.462,0.202,0.455,0.506,100.3,99.0,82.5,99,0.313
0022300532,2024-01-12,1610612758,Sacramento Kings,1,0,1,0.0,48.0,92.6,96.9,111.0,116.7,-18.4,-19.8,0.625,1.18,13.8,0.453,0.604,0.521,0.177,0.379,0.437,100.7,96.0,80.0,96,0.371
0022300541,2024-01-12,1610612759,San Antonio Spurs,1,1,0,1.0,48.0,122.8,128.6,94.0,95.2,28.8,33.4,0.689,2.07,20.9,0.289,0.695,0.519,0.143,0.621,0.662,107.6,104.5,87.08,105,0.675
0022300540,2024-01-12,1610612761,Toronto Raptors,1,0,1,0.0,48.0,110.5,111.9,138.8,140.8,-28.4,-28.9,0.714,1.92,18.5,0.167,0.545,0.337,0.129,0.537,0.581,103.4,102.0,85.0,101,0.349
0022300540,2024-01-12,1610612762,Utah Jazz,1,1,0,1.0,48.0,138.8,140.8,110.5,111.9,28.4,28.9,0.654,2.43,21.8,0.455,0.833,0.663,0.136,0.672,0.694,103.4,102.0,85.0,103,0.651
0022300543,2024-01-13,1610612737,Atlanta Hawks,1,0,1,0.0,48.0,92.1,95.2,117.1,122.1,-25.0,-26.9,0.656,1.31,14.3,0.324,0.679,0.479,0.154,0.403,0.46,108.0,104.0,86.67,104,0.341
0022300542,2024-01-13,1610612738,Boston Celtics,1,1,0,1.0,48.0,134.3,135.5,102.5,104.6,31.7,30.9,0.51,2.17,18.1,0.234,0.705,0.5,0.112,0.663,0.684,109.1,107.5,89.58,107,0.608
0022300548,2024-01-13,1610612741,Chicago Bulls,1,1,0,1.0,48.0,121.0,122.0,113.6,117.2,7.4,4.8,0.674,3.44,21.8,0.234,0.729,0.509,0.09,0.594,0.617,101.5,99.5,82.92,100,0.552
0022300547,2024-01-13,1610612742,Dallas Mavericks,1,0,1,0.0,48.0,115.1,117.4,127.9,128.3,-12.7,-10.9,0.622,1.92,18.1,0.261,0.6,0.429,0.13,0.543,0.595,93.0,92.0,76.67,92,0.426
0022300545,2024-01-13,1610612744,Golden State Warriors,1,0,1,0.0,48.0,117.8,119.2,129.7,131.6,-11.9,-12.4,0.489,2.88,16.9,0.283,0.696,0.475,0.081,0.556,0.566,99.8,98.5,82.08,99,0.423
0022300542,2024-01-13,1610612745,Houston Rockets,1,0,1,0.0,48.0,102.5,104.6,134.3,135.5,-31.7,-30.9,0.5,1.54,13.7,0.295,0.766,0.5,0.12,0.439,0.504,109.1,107.5,89.58,108,0.392
0022300549,2024-01-13,1610612747,Los Angeles Lakers,1,0,1,0.0,48.0,116.2,119.0,123.2,123.4,-7.0,-4.3,0.652,2.5,20.8,0.184,0.66,0.431,0.114,0.571,0.609,107.4,106.0,88.33,105,0.471
0022300544,2024-01-13,1610612763,Memphis Grizzlies,1,0,1,0.0,48.0,97.3,94.9,106.7,108.2,-9.4,-13.2,0.75,2.25,19.9,0.196,0.609,0.392,0.121,0.466,0.502,98.0,98.5,82.08,99,0.445
0022300545,2024-01-13,1610612749,Milwaukee Bucks,1,1,0,1.0,48.0,129.7,131.6,117.8,119.2,11.9,12.4,0.647,2.75,22.8,0.304,0.717,0.525,0.122,0.612,0.636,99.8,98.5,82.08,98,0.577
0022300547,2024-01-13,1610612740,New Orleans Pelicans,1,1,0,1.0,48.0,127.9,128.3,115.1,117.4,12.7,10.9,0.744,2.64,20.9,0.4,0.739,0.571,0.12,0.57,0.619,93.0,92.0,76.67,92,0.574
0022300544,2024-01-13,1610612752,New York Knicks,1,1,0,1.0,48.0,106.7,108.2,97.3,94.9,9.4,13.2,0.625,1.09,17.9,0.391,0.804,0.608,0.235,0.56,0.58,98.0,98.5,82.08,98,0.555
0022300546,2024-01-13,1610612760,Oklahoma City Thunder,1,1,0,1.0,48.0,111.7,114.3,100.4,101.0,11.3,13.3,0.535,2.56,17.3,0.226,0.714,0.461,0.092,0.5,0.542,99.9,98.5,82.08,98,0.558
0022300546,2024-01-13,1610612753,Orlando Magic,1,0,1,0.0,48.0,100.4,101.0,111.7,114.3,-11.3,-13.3,0.538,1.31,15.7,0.286,0.774,0.539,0.162,0.506,0.529,99.9,98.5,82.08,99,0.442
0022300548,2024-01-13,1610612759,San Antonio Spurs,1,0,1,0.0,48.0,113.6,117.2,121.0,122.0,-7.4,-4.8,0.667,2.89,18.4,0.271,0.766,0.491,0.091,0.505,0.552,101.5,99.5,82.92,99,0.448
0022300549,2024-01-13,1610612762,Utah Jazz,1,1,0,1.0,48.0,123.2,123.4,116.2,119.0,7.0,4.3,0.667,2.8,18.5,0.34,0.816,0.569,0.093,0.516,0.599,107.4,106.0,88.33,107,0.529
0022300543,2024-01-13,1610612764,Washington Wizards,1,1,0,1.0,48.0,117.1,122.1,92.1,95.2,25.0,26.9,0.681,2.67,20.9,0.321,0.676,0.521,0.115,0.546,0.586,108.0,104.0,86.67,104,0.659
0022300551,2024-01-14,1610612766,Charlotte Hornets,1,0,1,0.0,48.0,87.3,91.6,106.1,107.2,-18.7,-15.6,0.515,1.13,12.8,0.333,0.805,0.519,0.158,0.4,0.428,98.8,96.0,80.0,95,0.331
0022300550,2024-01-14,1610612743,Denver Nuggets,1,1,0,1.0,48.0,118.0,117.0,108.3,109.0,9.8,8.0,0.674,1.41,22.8,0.179,0.717,0.531,0.22,0.718,0.721,99.9,100.0,83.33,100,0.581
0022300550,2024-01-14,1610612754,Indiana Pacers,1,0,1,0.0,48.0,108.3,109.0,118.0,117.0,-9.8,-8.0,0.651,2.15,19.6,0.283,0.821,0.469,0.13,0.511,0.536,99.9,100.0,83.33,100,0.419
0022300553,2024-01-14,1610612746,LA Clippers,1,0,1,0.0,48.0,110.6,112.9,116.4,117.2,-5.8,-4.3,0.778,2.55,21.2,0.224,0.757,0.453,0.118,0.536,0.577,94.3,93.0,77.5,93,0.474
0022300551,2024-01-14,1610612748,Miami Heat,1,1,0,1.0,48.0,106.1,107.2,87.3,91.6,18.7,15.6,0.675,1.93,20.5,0.195,0.667,0.481,0.144,0.562,0.591,98.8,96.0,80.0,97,0.669
0022300552,2024-01-14,1610612749,Milwaukee Bucks,1,1,0,1.0,53.0,123.2,126.5,124.8,124.6,-1.6,2.0,0.646,2.21,20.5,0.167,0.784,0.485,0.124,0.63,0.674,104.1,102.79,85.66,113,0.484
0022300553,2024-01-14,1610612750,Minnesota Timberwolves,1,1,0,1.0,48.0,116.4,117.2,110.6,112.9,5.8,4.3,0.658,1.32,19.7,0.243,0.776,0.547,0.204,0.664,0.676,94.3,93.0,77.5,93,0.526
0022300554,2024-01-14,1610612756,Phoenix Suns,1,1,0,1.0,48.0,133.9,133.7,115.2,119.6,18.6,14.1,0.587,1.93,20.9,0.212,0.66,0.488,0.147,0.691,0.723,97.8,96.0,80.0,95,0.601
0022300554,2024-01-14,1610612757,Portland Trail Blazers,1,0,1,0.0,48.0,115.2,119.6,133.9,133.7,-18.6,-14.1,0.575,1.64,16.8,0.34,0.788,0.512,0.144,0.562,0.588,97.8,96.0,80.0,97,0.399
0022300552,2024-01-14,1610612758,Sacramento Kings,1,0,1,0.0,53.0,124.8,124.6,123.2,126.5,1.6,-2.0,0.618,3.78,21.4,0.216,0.833,0.515,0.079,0.605,0.624,104.1,102.79,85.66,114,0.516
0022300559,2024-01-15,1610612737,Atlanta Hawks,1,1,0,1.0,48.0,99.8,100.0,88.8,90.0,11.0,10.0,0.6,1.2,16.3,0.255,0.776,0.522,0.183,0.5,0.533,110.4,109.5,91.25,109,0.545
0022300563,2024-01-15,1610612738,Boston Celtics,1,1,0,1.0,48.0,104.0,105.0,93.9,94.1,10.1,10.9,0.606,1.54,16.0,0.098,0.787,0.473,0.13,0.5,0.565,101.6,101.0,84.17,100,0.544
0022300562,2024-01-15,1610612751,Brooklyn Nets,1,0,1,0.0,53.0,90.4,93.1,91.4,94.1,-1.0,-1.0,0.765,3.25,18.4,0.197,0.764,0.455,0.078,0.404,0.448,95.1,92.38,76.98,102,0.494
0022300561,2024-01-15,1610612741,Chicago Bulls,1,0,1,0.0,48.0,88.3,91.9,108.1,110.1,-19.8,-18.2,0.6,1.11,16.0,0.216,0.714,0.477,0.192,0.476,0.505,101.9,99.0,82.5,99,0.417
0022300561,2024-01-15,1610612739,Cleveland Cavaliers,1,1,0,1.0,48.0,108.1,110.1,88.3,91.9,19.8,18.2,0.718,2.0,19.6,0.286,0.784,0.523,0.141,0.516,0.546,101.9,99.0,82.5,99,0.583
0022300556,2024-01-15,1610612742,Dallas Mavericks,1,1,0,1.0,48.0,125.8,127.6,118.8,120.0,7.0,7.6,0.615,2.0,17.4,0.333,0.698,0.505,0.122,0.565,0.623,100.2,99.0,82.5,98,0.506
0022300558,2024-01-15,1610612765,Detroit Pistons,1,1,0,1.0,48.0,123.9,131.6,117.2,120.6,6.7,11.0,0.6,1.88,20.5,0.4,0.788,0.608,0.163,0.622,0.644,102.0,97.5,81.25,98,0.562
0022300560,2024-01-15,1610612744,Golden State Warriors,1,0,1,0.0,48.0,100.6,105.9,109.8,114.9,-9.3,-8.9,0.636,1.47,19.7,0.304,0.695,0.524,0.188,0.544,0.567,106.0,101.0,84.17,101,0.463
0022300555,2024-01-15,1610612745,Houston Rockets,1,0,1,0.0,48.0,116.1,119.8,122.8,127.8,-6.8,-8.0,0.477,1.62,15.4,0.358,0.705,0.515,0.135,0.545,0.563,100.0,96.5,80.42,96,0.45
0022300564,2024-01-15,1610612754,Indiana Pacers,1,0,1,0.0,48.0,102.9,102.9,130.2,130.7,-27.2,-27.8,0.711,1.93,18.1,0.35,0.684,0.48,0.137,0.447,0.495,101.7,101.5,84.58,102,0.335
0022300565,2024-01-15,1610612747,Los Angeles Lakers,1,1,0,1.0,48.0,111.0,114.3,106.2,105.0,4.7,9.3,0.682,1.76,21.4,0.293,0.714,0.536,0.173,0.571,0.609,99.9,99.0,82.5,98,0.578
0022300560,2024-01-15,1610612763,Memphis Grizzlies,1,1,0,1.0,48.0,109.8,114.9,100.6,105.9,9.3,8.9,0.75,1.85,17.0,0.305,0.696,0.476,0.129,0.488,0.56,106.0,101.0,84.17,101,0.538
0022300562,2024-01-15,1610612748,Miami Heat,1,1,0,1.0,53.0,91.4,94.1,90.4,93.1,1.0,1.0,0.667,1.69,16.2,0.236,0.803,0.545,0.127,0.425,0.49,95.1,92.38,76.98,102,0.506
0022300556,2024-01-15,1610612740,New Orleans Pelicans,1,0,1,0.0,48.0,118.8,120.0,125.8,127.6,-7.0,-7.6,0.512,2.1,15.8,0.302,0.667,0.495,0.1,0.549,0.606,100.2,99.0,82.5,100,0.494
0022300557,2024-01-15,1610612752,New York Knicks,1,0,1,0.0,48.0,104.8,106.8,109.8,114.0,-5.0,-7.1,0.606,2.0,15.9,0.34,0.68,0.505,0.114,0.476,0.507,89.5,87.0,72.5,88,0.437
0022300565,2024-01-15,1610612760,Oklahoma City Thunder,1,0,1,0.0,48.0,106.2,105.0,111.0,114.3,-4.7,-9.3,0.575,2.09,16.5,0.286,0.707,0.464,0.11,0.495,0.521,99.9,99.0,82.5,100,0.422
0022300557,2024-01-15,1610612753,Orlando Magic,1,1,0,1.0,48.0,109.8,114.0,104.8,106.8,5.0,7.1,0.684,3.25,20.3,0.32,0.66,0.495,0.093,0.494,0.52,89.5,87.0,72.5,86,0.563
0022300555,2024-01-15,1610612755,Philadelphia 76ers,1,1,0,1.0,48.0,122.8,127.8,116.1,119.8,6.8,8.0,0.625,2.27,18.5,0.295,0.642,0.485,0.113,0.572,0.633,100.0,96.5,80.42,97,0.55
0022300559,2024-01-15,1610612759,San Antonio Spurs,1,0,1,0.0,48.0,88.8,90.0,99.8,100.0,-11.0,-10.0,0.711,1.5,18.0,0.224,0.745,0.478,0.164,0.458,0.483,110.4,109.5,91.25,110,0.455
0022300563,2024-01-15,1610612761,Toronto Raptors,1,0,1,0.0,48.0,93.9,94.1,104.0,105.0,-10.1,-10.9,0.658,3.57,17.9,0.213,0.902,0.527,0.069,0.421,0.46,101.6,101.0,84.17,102,0.456
0022300564,2024-01-15,1610612762,Utah Jazz,1,1,0,1.0,48.0,130.2,130.7,102.9,102.9,27.2,27.8,0.644,1.93,20.4,0.316,0.65,0.52,0.149,0.623,0.685,101.7,101.5,84.58,101,0.665
0022300558,2024-01-15,1610612764,Washington Wizards,1,0,1,0.0,48.0,117.2,120.6,123.9,131.6,-6.7,-11.0,0.682,3.75,21.7,0.212,0.6,0.392,0.082,0.563,0.586,102.0,97.5,81.25,97,0.438
0022300566,2024-01-16,1610612743,Denver Nuggets,1,0,1,0.0,48.0,127.4,131.5,134.1,134.0,-6.7,-2.5,0.511,2.09,17.3,0.391,0.795,0.576,0.12,0.573,0.605,94.5,93.0,77.5,92,0.47
0022300568,2024-01-16,1610612746,LA Clippers,1,1,0,1.0,48.0,134.6,137.6,123.4,124.5,11.1,13.2,0.638,3.0,21.7,0.349,0.707,0.524,0.108,0.655,0.659,95.0,93.5,77.92,93,0.53
0022300568,2024-01-16,1610612760,Oklahoma City Thunder,1,0,1,0.0,48.0,123.4,124.5,134.6,137.6,-11.1,-13.2,0.714,2.5,22.1,0.293,0.651,0.476,0.128,0.602,0.637,95.0,93.5,77.92,94,0.47
0022300566,2024-01-16,1610612755,Philadelphia 76ers,1,1,0,1.0,48.0,134.1,134.0,127.4,131.5,6.7,2.5,0.628,3.38,20.9,0.205,0.609,0.424,0.085,0.664,0.693,94.5,93.0,77.5,94,0.53
0022300567,2024-01-16,1610612756,Phoenix Suns,1,1,0,1.0,48.0,112.5,115.5,110.1,113.6,2.4,1.9,0.762,1.6,21.9,0.302,0.82,0.581,0.194,0.594,0.634,106.0,103.0,85.83,103,0.543
0022300567,2024-01-16,1610612758,Sacramento Kings,1,0,1,0.0,48.0,110.1,113.6,112.5,115.5,-2.4,-1.9,0.739,2.43,23.3,0.18,0.698,0.419,0.136,0.598,0.601,106.0,103.0,85.83,103,0.457
0022300570,2024-01-17,1610612737,Atlanta Hawks,1,1,0,1.0,48.0,107.4,110.4,109.8,107.2,-2.4,3.2,0.538,0.91,16.3,0.333,0.673,0.532,0.24,0.566,0.619,96.7,96.5,80.42,96,0.525
0022300571,2024-01-17,1610612738,Boston Celtics,1,1,0,1.0,48.0,116.6,119.4,98.9,100.0,17.6,19.4,0.524,1.57,16.2,0.34,0.754,0.561,0.143,0.567,0.595,99.7,98.0,81.67,98,0.576
0022300578,2024-01-17,1610612751,Brooklyn Nets,1,0,1,0.0,48.0,114.6,114.4,110.3,118.0,4.3,-3.5,0.8,2.55,22.0,0.238,0.636,0.442,0.122,0.582,0.607,92.5,89.5,74.58,90,0.525
0022300575,2024-01-17,1610612766,Charlotte Hornets,1,0,1,0.0,48.0,115.6,116.7,138.8,137.5,-23.2,-20.8,0.744,2.07,20.3,0.346,0.6,0.464,0.146,0.539,0.572,96.0,96.0,80.0,96,0.407
0022300572,2024-01-17,1610612739,Cleveland Cavaliers,1,1,0,1.0,48.0,133.2,136.4,94.6,95.0,38.6,41.4,0.655,3.27,24.3,0.302,0.789,0.58,0.111,0.656,0.666,100.9,99.5,82.92,99,0.71
0022300577,2024-01-17,1610612742,Dallas Mavericks,1,0,1,0.0,48.0,106.9,107.8,122.6,125.7,-15.8,-17.9,0.619,1.73,18.3,0.28,0.711,0.484,0.147,0.522,0.556,103.2,101.5,84.58,102,0.412
0022300569,2024-01-17,1610612765,Detroit Pistons,1,0,1,0.0,48.0,115.4,117.0,119.0,121.6,-3.5,-4.6,0.652,2.5,21.6,0.196,0.681,0.441,0.12,0.584,0.601,102.8,101.0,84.17,100,0.469
0022300573,2024-01-17,1610612745,Houston Rockets,1,0,1,0.0,48.0,97.6,98.9,109.3,114.7,-11.8,-15.8,0.657,2.3,18.1,0.18,0.66,0.42,0.105,0.464,0.509,98.0,95.0,79.17,95,0.453
0022300577,2024-01-17,1610612747,Los Angeles Lakers,1,1,0,1.0,48.0,122.6,125.7,106.9,107.8,15.8,17.9,0.673,3.0,22.4,0.289,0.72,0.516,0.109,0.604,0.625,103.2,101.5,84.58,101,0.588
0022300574,2024-01-17,1610612748,Miami Heat,1,0,1,0.0,48.0,99.7,103.2,127.5,130.1,-27.8,-26.9,0.585,1.71,17.6,0.346,0.636,0.479,0.149,0.489,0.509,96.1,93.5,77.92,94,0.382
0022300572,2024-01-17,1610612749,Milwaukee Bucks,1,0,1,0.0,48.0,94.6,95.0,133.2,136.4,-38.6,-41.4,0.5,1.9,14.7,0.211,0.698,0.42,0.1,0.463,0.478,100.9,99.5,82.92,100,0.29
0022300569,2024-01-17,1610612750,Minnesota Timberwolves,1,1,0,1.0,48.0,119.0,121.6,115.4,117.0,3.5,4.6,0.681,2.91,21.5,0.319,0.804,0.559,0.108,0.586,0.606,102.8,101.0,84.17,102,0.531
0022300575,2024-01-17,1610612740,New Orleans Pelicans,1,1,0,1.0,48.0,138.8,137.5,115.6,116.7,23.2,20.8,0.727,2.46,22.1,0.4,0.654,0.536,0.135,0.642,0.673,96.0,96.0,80.0,96,0.593
0022300573,2024-01-17,1610612752,New York Knicks,1,1,0,1.0,48.0,109.3,114.7,97.6,98.9,11.8,15.8,0.615,1.6,17.6,0.34,0.82,0.58,0.158,0.523,0.564,98.0,95.0,79.17,95,0.547
0022300570,2024-01-17,1610612753,Orlando Magic,1,0,1,0.0,48.0,109.8,107.2,107.4,110.4,2.4,-3.2,0.462,1.38,13.5,0.327,0.667,0.468,0.134,0.5,0.532,96.7,96.5,80.42,97,0.475
0022300578,2024-01-17,1610612757,Portland Trail Blazers,1,1,0,1.0,48.0,110.3,118.0,114.6,114.4,-4.3,3.5,0.5,1.62,16.7,0.364,0.762,0.558,0.146,0.541,0.57,92.5,89.5,74.58,89,0.475
0022300571,2024-01-17,1610612759,San Antonio Spurs,1,0,1,0.0,48.0,98.9,100.0,116.6,119.4,-17.6,-19.4,0.667,2.6,19.1,0.246,0.66,0.439,0.102,0.457,0.49,99.7,98.0,81.67,98,0.424
0022300574,2024-01-17,1610612761,Toronto Raptors,1,1,0,1.0,48.0,127.5,130.1,99.7,103.2,27.8,26.9,0.756,2.83,23.8,0.364,0.654,0.521,0.129,0.625,0.631,96.1,93.5,77.92,93,0.618
0022300580,2024-01-18,1610612741,Chicago Bulls,1,1,0,1.0,48.0,114.3,118.4,111.3,113.4,3.0,5.0,0.625,2.5,21.0,0.326,0.778,0.549,0.122,0.56,0.589,100.1,97.5,81.25,98,0.511
0022300583,2024-01-18,1610612754,Indiana Pacers,1,1,0,1.0,48.0,119.6,126.0,118.5,121.0,1.1,5.0,0.673,2.75,23.4,0.25,0.735,0.505,0.12,0.624,0.647,103.7,100.0,83.33,100,0.537
0022300582,2024-01-18,1610612763,Memphis Grizzlies,1,0,1,0.0,48.0,103.5,107.3,117.7,122.9,-14.2,-15.6,0.564,1.47,16.8,0.265,0.684,0.448,0.156,0.541,0.557,99.9,96.0,80.0,96,0.375
0022300582,2024-01-18,1610612750,Minnesota Timberwolves,1,1,0,1.0,48.0,117.7,122.9,103.5,107.3,14.2,15.6,0.667,2.0,21.7,0.316,0.735,0.552,0.156,0.622,0.647,99.9,96.0,80.0,96,0.625
0022300579,2024-01-18,1610612752,New York Knicks,1,1,0,1.0,48.0,105.2,109.7,106.2,104.8,-1.0,4.9,0.564,1.29,16.2,0.22,0.808,0.52,0.165,0.529,0.58,105.1,103.5,86.25,103,0.496
0022300581,2024-01-18,1610612760,Oklahoma City Thunder,1,1,0,1.0,48.0,124.9,127.6,118.5,122.9,6.3,4.8,0.75,2.25,23.8,0.256,0.673,0.489,0.152,0.64,0.681,108.1,105.0,87.5,105,0.53
0022300583,2024-01-18,1610612758,Sacramento Kings,1,0,1,0.0,48.0,118.5,121.0,119.6,126.0,-1.1,-5.0,0.614,2.45,19.6,0.265,0.75,0.495,0.11,0.606,0.611,103.7,100.0,83.33,100,0.463
0022300580,2024-01-18,1610612761,Toronto Raptors,1,0,1,0.0,48.0,111.3,113.4,114.3,118.4,-3.0,-5.0,0.738,2.21,22.5,0.222,0.674,0.451,0.144,0.566,0.599,100.1,97.5,81.25,97,0.489
0022300581,2024-01-18,1610612762,Utah Jazz,1,0,1,0.0,48.0,118.5,122.9,124.9,127.6,-6.3,-4.8,0.767,2.2,21.4,0.327,0.744,0.511,0.143,0.556,0.615,108.1,105.0,87.5,105,0.47
0022300579,2024-01-18,1610612764,Washington Wizards,1,0,1,0.0,48.0,106.2,104.8,105.2,109.7,1.0,-4.9,0.756,2.58,21.4,0.192,0.78,0.48,0.115,0.511,0.547,105.1,103.5,86.25,104,0.504
0022300587,2024-01-19,1610612737,Atlanta Hawks,1,1,0,1.0,48.0,108.5,113.5,111.7,112.5,-3.2,1.0,0.575,1.53,17.2,0.313,0.659,0.478,0.156,0.546,0.577,98.6,96.0,80.0,96,0.483
0022300586,2024-01-19,1610612738,Boston Celtics,1,0,1,0.0,48.0,116.1,116.3,116.3,118.6,-0.2,-2.3,0.553,7.0,17.4,0.264,0.683,0.447,0.035,0.506,0.525,86.9,86.0,71.67,86,0.458
0022300591,2024-01-19,1610612751,Brooklyn Nets,1,1,0,1.0,48.0,124.8,130.0,107.1,110.9,17.7,19.1,0.62,2.82,21.7,0.261,0.706,0.495,0.11,0.626,0.643,104.4,100.5,83.75,100,0.546
0022300584,2024-01-19,1610612766,Charlotte Hornets,1,1,0,1.0,48.0,125.2,127.8,123.1,123.7,2.1,4.1,0.532,1.39,18.8,0.289,0.78,0.544,0.186,0.655,0.681,98.3,97.0,80.83,97,0.496
0022300586,2024-01-19,1610612743,Denver Nuggets,1,1,0,1.0,48.0,116.3,118.6,116.1,116.3,0.2,2.3,0.476,1.82,16.8,0.317,0.736,0.553,0.128,0.568,0.588,86.9,86.0,71.67,86,0.542
0022300590,2024-01-19,1610612754,Indiana Pacers,1,0,1,0.0,48.0,104.5,111.7,116.4,118.0,-11.8,-6.3,0.872,2.43,22.4,0.268,0.721,0.465,0.136,0.538,0.564,105.7,101.5,84.58,103,0.452
0022300591,2024-01-19,1610612747,Los Angeles Lakers,1,0,1,0.0,48.0,107.1,110.9,124.8,130.0,-17.7,-19.1,0.775,2.21,21.1,0.294,0.739,0.505,0.139,0.511,0.557,104.4,100.5,83.75,101,0.454
0022300587,2024-01-19,1610612748,Miami Heat,1,0,1,0.0,48.0,111.7,112.5,108.5,113.5,3.2,-1.0,0.553,1.17,15.9,0.341,0.688,0.522,0.188,0.537,0.589,98.6,96.0,80.0,96,0.517
0022300588,2024-01-19,1610612740,New Orleans Pelicans,1,0,1,0.0,48.0,103.7,107.9,116.9,120.6,-13.2,-12.7,0.659,2.45,19.1,0.232,0.75,0.471,0.109,0.495,0.529,105.2,101.5,84.58,101,0.424
0022300585,2024-01-19,1610612753,Orlando Magic,1,0,1,0.0,48.0,114.9,117.2,135.1,131.9,-20.3,-14.7,0.649,1.5,18.3,0.333,0.622,0.483,0.172,0.538,0.606,93.3,93.5,77.92,93,0.428
0022300585,2024-01-19,1610612755,Philadelphia 76ers,1,1,0,1.0,48.0,135.1,131.9,114.9,117.2,20.3,14.7,0.548,2.88,17.2,0.378,0.667,0.517,0.085,0.557,0.621,93.3,93.5,77.92,94,0.572
0022300588,2024-01-19,1610612756,Phoenix Suns,1,1,0,1.0,48.0,116.9,120.6,103.7,107.9,13.2,12.7,0.696,3.2,22.1,0.25,0.768,0.529,0.098,0.575,0.602,105.2,101.5,84.58,102,0.576
0022300590,2024-01-19,1610612757,Portland Trail Blazers,1,1,0,1.0,48.0,116.4,118.0,104.5,111.7,11.8,6.3,0.429,1.64,13.8,0.279,0.732,0.535,0.11,0.524,0.594,105.7,101.5,84.58,100,0.548
0022300584,2024-01-19,1610612759,San Antonio Spurs,1,0,1,0.0,48.0,123.1,123.7,125.2,127.8,-2.1,-4.1,0.766,2.77,25.4,0.22,0.711,0.456,0.134,0.649,0.656,98.3,97.0,80.83,97,0.504
0022300595,2024-01-20,1610612737,Atlanta Hawks,1,0,1,0.0,48.0,95.4,94.1,113.7,114.9,-18.3,-20.8,0.676,2.27,18.1,0.203,0.837,0.471,0.109,0.457,0.477,100.8,101.0,84.17,101,0.378
0022300593,2024-01-20,1610612766,Charlotte Hornets,1,0,1,0.0,48.0,88.0,90.8,97.4,99.0,-9.4,-8.2,0.657,1.35,17.4,0.216,0.824,0.52,0.173,0.465,0.488,100.4,98.0,81.67,98,0.422
0022300597,2024-01-20,1610612741,Chicago Bulls,1,1,0,1.0,48.0,126.0,127.6,97.8,97.0,28.1,30.6,0.681,2.67,21.9,0.348,0.909,0.622,0.122,0.593,0.624,98.7,98.5,82.08,98,0.615
0022300595,2024-01-20,1610612739,Cleveland Cavaliers,1,1,0,1.0,48.0,113.7,114.9,95.4,94.1,18.3,20.8,0.744,2.29,22.9,0.163,0.797,0.529,0.139,0.6,0.63,100.8,101.0,84.17,101,0.622
0022300592,2024-01-20,1610612765,Detroit Pistons,1,0,1,0.0,48.0,124.9,123.9,129.9,129.4,-5.0,-5.5,0.682,3.33,20.0,0.204,0.773,0.459,0.083,0.58,0.625,108.3,109.0,90.83,109,0.437
0022300598,2024-01-20,1610612745,Houston Rockets,1,1,0,1.0,53.0,114.7,117.6,108.9,114.5,5.8,3.0,0.54,3.86,16.8,0.361,0.607,0.474,0.065,0.483,0.501,102.5,98.72,82.26,108,0.501
0022300597,2024-01-20,1610612763,Memphis Grizzlies,1,0,1,0.0,48.0,97.8,97.0,126.0,127.6,-28.1,-30.6,0.875,1.75,21.4,0.091,0.652,0.378,0.162,0.513,0.564,98.7,98.5,82.08,99,0.385
0022300592,2024-01-20,1610612749,Milwaukee Bucks,1,1,0,1.0,48.0,129.9,129.4,124.9,123.9,5.0,5.5,0.638,3.0,20.3,0.227,0.796,0.541,0.092,0.624,0.662,108.3,109.0,90.83,109,0.563
0022300599,2024-01-20,1610612750,Minnesota Timberwolves,1,0,1,0.0,48.0,97.2,99.0,106.9,106.3,-9.7,-7.3,0.71,1.05,16.7,0.298,0.808,0.566,0.214,0.507,0.553,97.6,97.0,80.83,98,0.455
0022300596,2024-01-20,1610612752,New York Knicks,1,1,0,1.0,48.0,121.4,123.5,98.9,98.0,22.5,25.5,0.563,1.23,18.5,0.45,0.8,0.66,0.216,0.625,0.651,102.5,102.0,85.0,102,0.631
0022300599,2024-01-20,1610612760,Oklahoma City Thunder,1,1,0,1.0,48.0,106.9,106.3,97.2,99.0,9.7,7.3,0.656,2.63,16.5,0.192,0.702,0.434,0.083,0.444,0.529,97.6,97.0,80.83,96,0.545
0022300593,2024-01-20,1610612755,Philadelphia 76ers,1,1,0,1.0,48.0,97.4,99.0,88.0,90.8,9.4,8.2,0.583,2.1,16.4,0.176,0.784,0.48,0.102,0.453,0.508,100.4,98.0,81.67,98,0.578
0022300594,2024-01-20,1610612759,San Antonio Spurs,1,1,0,1.0,48.0,120.1,121.3,114.3,117.6,5.8,3.7,0.745,2.24,23.5,0.32,0.655,0.495,0.157,0.594,0.617,110.1,108.0,90.0,108,0.538
0022300596,2024-01-20,1610612761,Toronto Raptors,1,0,1,0.0,48.0,98.9,98.0,121.4,123.5,-22.5,-25.5,0.763,2.9,20.4,0.2,0.55,0.34,0.098,0.473,0.49,102.5,102.0,85.0,102,0.369
0022300598,2024-01-20,1610612762,Utah Jazz,1,0,1,0.0,53.0,108.9,114.5,114.7,117.6,-5.8,-3.0,0.583,1.65,17.6,0.393,0.639,0.526,0.155,0.519,0.549,102.5,98.72,82.26,110,0.499
0022300594,2024-01-20,1610612764,Washington Wizards,1,0,1,0.0,48.0,114.3,117.6,120.1,121.3,-5.8,-3.7,0.571,2.33,18.1,0.345,0.68,0.505,0.111,0.519,0.561,110.1,108.0,90.0,108,0.462
0022300603,2024-01-21,1610612738,Boston Celtics,1,1,0,1.0,48.0,109.5,110.5,99.4,101.9,10.1,8.6,0.721,1.94,20.0,0.333,0.732,0.531,0.152,0.526,0.548,106.8,105.0,87.5,105,0.552
0022300600,2024-01-21,1610612751,Brooklyn Nets,1,0,1,0.0,48.0,109.6,112.9,124.4,123.8,-14.8,-10.9,0.659,2.23,20.7,0.208,0.727,0.457,0.129,0.567,0.587,102.3,101.0,84.17,101,0.445
0022300602,2024-01-21,1610612743,Denver Nuggets,1,1,0,1.0,48.0,111.5,113.0,102.3,106.1,9.2,6.9,0.674,2.07,19.9,0.34,0.709,0.533,0.14,0.534,0.563,101.5,99.0,82.5,100,0.57
0022300603,2024-01-21,1610612745,Houston Rockets,1,0,1,0.0,48.0,99.4,101.9,109.5,110.5,-10.1,-8.6,0.634,1.73,17.9,0.268,0.667,0.469,0.143,0.489,0.516,106.8,105.0,87.5,105,0.448
0022300604,2024-01-21,1610612754,Indiana Pacers,1,0,1,0.0,48.0,108.8,111.1,115.9,117.0,-7.2,-5.9,0.683,2.55,19.3,0.31,0.73,0.474,0.111,0.511,0.528,101.0,99.5,82.92,99,0.44
0022300600,2024-01-21,1610612746,LA Clippers,1,1,0,1.0,48.0,124.4,123.8,109.6,112.9,14.8,10.9,0.619,2.36,18.7,0.273,0.792,0.543,0.109,0.584,0.641,102.3,101.0,84.17,101,0.555
0022300605,2024-01-21,1610612747,Los Angeles Lakers,1,1,0,1.0,48.0,130.4,131.4,107.0,108.9,23.4,22.5,0.596,2.0,19.4,0.35,0.735,0.562,0.137,0.622,0.678,102.8,101.5,84.58,102,0.617
0022300601,2024-01-21,1610612748,Miami Heat,1,0,1,0.0,48.0,92.6,95.6,113.7,115.4,-21.1,-19.8,0.733,1.22,17.1,0.314,0.619,0.452,0.198,0.45,0.495,93.1,91.0,75.83,91,0.37
0022300601,2024-01-21,1610612753,Orlando Magic,1,1,0,1.0,48.0,113.7,115.4,92.6,95.6,21.1,19.8,0.568,1.5,16.5,0.381,0.686,0.548,0.154,0.532,0.581,93.1,91.0,75.83,91,0.63
0022300604,2024-01-21,1610612756,Phoenix Suns,1,1,0,1.0,48.0,115.9,117.0,108.8,111.1,7.2,5.9,0.532,1.47,18.5,0.27,0.69,0.526,0.17,0.622,0.651,101.0,99.5,82.92,100,0.56
0022300605,2024-01-21,1610612757,Portland Trail Blazers,1,0,1,0.0,48.0,107.0,108.9,130.4,131.4,-23.4,-22.5,0.571,1.71,17.4,0.265,0.65,0.438,0.139,0.517,0.557,102.8,101.5,84.58,101,0.383
0022300602,2024-01-21,1610612764,Washington Wizards,1,0,1,0.0,48.0,102.3,106.1,111.5,113.0,-9.2,-6.9,0.795,2.38,21.4,0.291,0.66,0.467,0.133,0.473,0.516,101.5,99.0,82.5,98,0.43
0022300613,2024-01-22,1610612737,Atlanta Hawks,1,0,1,0.0,48.0,103.0,103.9,117.4,118.4,-14.4,-14.6,0.528,1.58,13.8,0.258,0.765,0.487,0.117,0.462,0.51,103.9,103.0,85.83,103,0.411
0022300611,2024-01-22,1610612738,Boston Celtics,1,1,0,1.0,48.0,116.4,119.0,106.6,110.0,9.8,9.0,0.634,4.33,19.3,0.184,0.754,0.491,0.06,0.551,0.588,102.7,100.0,83.33,100,0.551
0022300610,2024-01-22,1610612766,Charlotte Hornets,1,1,0,1.0,48.0,129.4,128.0,122.5,125.0,6.8,3.0,0.6,3.0,21.7,0.2,0.732,0.469,0.1,0.648,0.667,100.5,100.0,83.33,100,0.51
0022300612,2024-01-22,1610612741,Chicago Bulls,1,0,1,0.0,48.0,118.7,117.7,121.7,121.1,-3.0,-3.3,0.556,2.5,18.5,0.32,0.881,0.576,0.104,0.559,0.57,94.8,95.5,79.58,96,0.455
0022300607,2024-01-22,1610612739,Cleveland Cavaliers,1,1,0,1.0,48.0,136.0,135.5,105.1,106.5,30.9,29.0,0.644,2.42,22.1,0.237,0.756,0.518,0.129,0.688,0.702,93.4,93.0,77.5,93,0.619
0022300611,2024-01-22,1610612742,Dallas Mavericks,1,0,1,0.0,48.0,106.6,110.0,116.4,119.0,-9.8,-9.0,0.558,2.4,17.4,0.246,0.816,0.509,0.1,0.515,0.533,102.7,100.0,83.33,100,0.449
0022300606,2024-01-22,1610612765,Detroit Pistons,1,0,1,0.0,48.0,106.8,109.7,113.0,117.3,-6.2,-7.6,0.625,2.5,18.2,0.18,0.702,0.458,0.097,0.506,0.555,106.9,103.5,86.25,103,0.456
0022300609,2024-01-22,1610612763,Memphis Grizzlies,1,1,0,1.0,48.0,111.0,113.7,106.2,105.3,4.8,8.4,0.682,1.88,20.5,0.375,0.682,0.51,0.168,0.532,0.538,95.7,95.0,79.17,95,0.492
0022300606,2024-01-22,1610612749,Milwaukee Bucks,1,1,0,1.0,48.0,113.0,117.3,106.8,109.7,6.2,7.6,0.619,2.89,17.7,0.298,0.82,0.542,0.087,0.5,0.56,106.9,103.5,86.25,104,0.544
0022300610,2024-01-22,1610612750,Minnesota Timberwolves,1,0,1,0.0,48.0,122.5,125.0,129.4,128.0,-6.8,-3.0,0.773,2.62,23.4,0.268,0.8,0.531,0.13,0.631,0.658,100.5,100.0,83.33,100,0.49
0022300607,2024-01-22,1610612753,Orlando Magic,1,0,1,0.0,48.0,105.1,106.5,136.0,135.5,-30.9,-29.0,0.735,1.67,19.5,0.244,0.763,0.482,0.161,0.534,0.568,93.4,93.0,77.5,93,0.381
0022300608,2024-01-22,1610612755,Philadelphia 76ers,1,1,0,1.0,48.0,133.5,135.7,123.1,124.2,10.4,11.5,0.583,7.0,19.0,0.404,0.68,0.539,0.041,0.521,0.58,99.7,98.5,82.08,98,0.532
0022300612,2024-01-22,1610612756,Phoenix Suns,1,1,0,1.0,48.0,121.7,121.1,118.7,117.7,3.0,3.3,0.727,4.57,24.2,0.119,0.68,0.424,0.074,0.6,0.622,94.8,95.5,79.58,95,0.545
0022300613,2024-01-22,1610612758,Sacramento Kings,1,1,0,1.0,48.0,117.4,118.4,103.0,103.9,14.4,14.6,0.512,2.44,16.1,0.235,0.742,0.513,0.087,0.527,0.582,103.9,103.0,85.83,103,0.589
0022300608,2024-01-22,1610612759,San Antonio Spurs,1,0,1,0.0,48.0,123.1,124.2,133.5,135.7,-10.4,-11.5,0.674,3.63,20.1,0.32,0.596,0.461,0.081,0.532,0.586,99.7,98.5,82.08,99,0.468
0022300609,2024-01-22,1610612761,Toronto Raptors,1,0,1,0.0,48.0,106.2,105.3,111.0,113.7,-4.8,-8.4,0.886,1.82,22.1,0.318,0.625,0.49,0.179,0.494,0.561,95.7,95.0,79.17,95,0.508
0022300615,2024-01-23,1610612751,Brooklyn Nets,1,0,1,0.0,48.0,106.0,112.0,110.9,116.1,-5.0,-4.2,0.69,2.23,20.9,0.34,0.617,0.47,0.141,0.521,0.53,97.3,92.5,77.08,92,0.462
0022300614,2024-01-23,1610612743,Denver Nuggets,1,1,0,1.0,48.0,118.2,121.3,109.8,113.5,8.3,7.7,0.5,1.83,16.9,0.311,0.696,0.505,0.128,0.563,0.597,97.9,95.0,79.17,94,0.519
0022300614,2024-01-23,1610612754,Indiana Pacers,1,0,1,0.0,48.0,109.8,113.5,118.2,121.3,-8.3,-7.7,0.558,2.4,17.9,0.304,0.689,0.495,0.104,0.523,0.566,97.9,95.0,79.17,96,0.481
0022300618,2024-01-23,1610612746,LA Clippers,1,1,0,1.0,48.0,124.2,125.7,111.9,114.9,12.3,10.9,0.635,2.2,23.2,0.211,0.64,0.455,0.149,0.67,0.681,103.0,101.0,84.17,101,0.554
0022300618,2024-01-23,1610612747,Los Angeles Lakers,1,0,1,0.0,48.0,111.9,114.9,124.2,125.7,-12.3,-10.9,0.6,1.8,18.5,0.36,0.789,0.545,0.149,0.549,0.57,103.0,101.0,84.17,101,0.446
0022300616,2024-01-23,1610612740,New Orleans Pelicans,1,1,0,1.0,48.0,142.2,145.7,114.7,117.0,27.5,28.7,0.683,4.56,25.8,0.292,0.833,0.578,0.086,0.688,0.692,107.8,105.5,87.92,105,0.594
0022300615,2024-01-23,1610612752,New York Knicks,1,1,0,1.0,48.0,110.9,116.1,106.0,112.0,5.0,4.2,0.525,1.5,16.3,0.383,0.66,0.53,0.151,0.523,0.572,97.3,92.5,77.08,93,0.538
0022300617,2024-01-23,1610612760,Oklahoma City Thunder,1,1,0,1.0,48.0,107.4,108.8,106.6,107.9,0.8,0.9,0.535,1.92,16.7,0.255,0.7,0.475,0.118,0.522,0.548,102.8,101.5,84.58,102,0.515
0022300617,2024-01-23,1610612757,Portland Trail Blazers,1,0,1,0.0,48.0,106.6,107.9,107.4,108.8,-0.8,-0.9,0.73,1.42,18.9,0.3,0.745,0.525,0.188,0.535,0.572,102.8,101.5,84.58,101,0.485
0022300616,2024-01-23,1610612762,Utah Jazz,1,0,1,0.0,48.0,114.7,117.0,142.2,145.7,-27.5,-28.7,0.628,3.38,19.1,0.167,0.708,0.422,0.075,0.533,0.584,107.8,105.5,87.92,106,0.406
0022300626,2024-01-24,1610612737,Atlanta Hawks,1,0,1,0.0,48.0,108.3,112.0,134.4,132.7,-26.2,-20.7,0.769,2.73,20.4,0.293,0.727,0.48,0.11,0.489,0.531,101.6,100.5,83.75,100,0.418
0022300619,2024-01-24,1610612766,Charlotte Hornets,1,0,1,0.0,48.0,108.9,108.2,112.1,114.1,-3.2,-6.0,0.711,2.45,20.1,0.176,0.82,0.495,0.112,0.523,0.556,99.1,98.5,82.08,98,0.482
0022300624,2024-01-24,1610612739,Cleveland Cavaliers,1,0,1,0.0,48.0,110.9,111.5,120.8,122.3,-9.9,-10.8,0.565,2.0,18.8,0.17,0.739,0.452,0.125,0.577,0.594,104.5,103.5,86.25,104,0.453
0022300625,2024-01-24,1610612742,Dallas Mavericks,1,0,1,0.0,48.0,108.0,109.0,132.4,133.3,-24.4,-24.3,0.61,1.79,18.4,0.212,0.676,0.404,0.14,0.556,0.562,100.3,99.5,82.92,100,0.365
0022300619,2024-01-24,1610612765,Detroit Pistons,1,1,0,1.0,48.0,112.1,114.1,108.9,108.2,3.2,6.0,0.605,2.36,19.4,0.18,0.824,0.505,0.111,0.587,0.596,99.1,98.5,82.08,99,0.518
0022300626,2024-01-24,1610612744,Golden State Warriors,1,1,0,1.0,48.0,134.4,132.7,108.3,112.0,26.2,20.7,0.51,2.6,18.7,0.273,0.707,0.52,0.099,0.648,0.665,101.6,100.5,83.75,101,0.582
0022300623,2024-01-24,1610612745,Houston Rockets,1,0,1,0.0,53.0,126.4,126.0,127.4,130.5,-1.0,-4.5,0.58,3.63,20.3,0.217,0.612,0.421,0.077,0.596,0.632,95.7,94.64,78.87,104,0.486
0022300621,2024-01-24,1610612763,Memphis Grizzlies,1,1,0,1.0,48.0,105.7,106.1,97.0,96.0,8.7,10.1,0.833,1.67,21.7,0.2,0.736,0.49,0.182,0.556,0.594,99.2,99.5,82.92,99,0.562
0022300621,2024-01-24,1610612748,Miami Heat,1,0,1,0.0,48.0,97.0,96.0,105.7,106.1,-8.7,-10.1,0.636,1.24,15.7,0.264,0.8,0.51,0.17,0.47,0.516,99.2,99.5,82.92,100,0.438
0022300624,2024-01-24,1610612749,Milwaukee Bucks,1,1,0,1.0,48.0,120.8,122.3,110.9,111.5,9.9,10.8,0.533,2.0,17.3,0.261,0.83,0.548,0.117,0.561,0.616,104.5,103.5,86.25,103,0.547
0022300620,2024-01-24,1610612750,Minnesota Timberwolves,1,1,0,1.0,48.0,112.6,112.4,103.1,101.9,9.5,10.5,0.619,3.71,17.7,0.262,0.805,0.48,0.067,0.465,0.523,104.3,105.0,87.5,105,0.517
0022300622,2024-01-24,1610612760,Oklahoma City Thunder,1,1,0,1.0,48.0,135.9,135.9,109.6,111.8,26.3,24.2,0.667,2.25,23.1,0.386,0.689,0.539,0.155,0.656,0.679,103.5,102.5,85.42,103,0.585
0022300625,2024-01-24,1610612756,Phoenix Suns,1,1,0,1.0,48.0,132.4,133.3,108.0,109.0,24.4,24.3,0.588,1.88,21.3,0.324,0.788,0.596,0.162,0.682,0.697,100.3,99.5,82.92,99,0.635
0022300623,2024-01-24,1610612757,Portland Trail Blazers,1,1,0,1.0,53.0,127.4,130.5,126.4,126.0,1.0,4.5,0.62,2.58,20.3,0.388,0.783,0.579,0.114,0.587,0.631,95.7,94.64,78.87,105,0.514
0022300622,2024-01-24,1610612759,San Antonio Spurs,1,0,1,0.0,48.0,109.6,111.8,135.9,135.9,-26.3,-24.2,0.698,1.58,20.5,0.311,0.614,0.461,0.186,0.552,0.588,103.5,102.5,85.42,102,0.415
0022300620,2024-01-24,1610612764,Washington Wizards,1,0,1,0.0,48.0,103.1,101.9,112.6,112.4,-9.5,-10.5,0.838,1.48,21.5,0.195,0.738,0.52,0.2,0.545,0.596,104.3,105.0,87.5,105,0.483
0022300630,2024-01-25,1610612738,Boston Celtics,1,1,0,1.0,48.0,152.5,149.0,117.4,115.8,35.1,33.2,0.706,3.27,25.7,0.276,0.792,0.61,0.115,0.775,0.805,93.8,95.5,79.58,96,0.65
0022300629,2024-01-25,1610612751,Brooklyn Nets,1,0,1,0.0,48.0,100.0,102.2,102.1,104.3,-2.1,-2.2,0.629,1.47,18.0,0.186,0.756,0.464,0.163,0.519,0.559,94.0,92.0,76.67,92,0.478
0022300633,2024-01-25,1610612741,Chicago Bulls,1,0,1,0.0,48.0,124.8,128.2,134.5,136.9,-9.7,-8.7,0.574,1.59,18.5,0.372,0.806,0.57,0.165,0.602,0.655,105.3,103.0,85.83,103,0.465
0022300631,2024-01-25,1610612743,Denver Nuggets,1,0,1,0.0,48.0,87.8,91.3,132.9,132.6,-45.1,-41.3,0.588,1.05,15.4,0.36,0.721,0.527,0.207,0.435,0.468,93.8,92.0,76.67,92,0.272
0022300632,2024-01-25,1610612744,Golden State Warriors,1,0,1,0.0,48.0,129.0,137.1,132.2,136.7,-3.2,0.4,0.625,2.31,21.7,0.275,0.659,0.476,0.134,0.669,0.692,102.2,97.5,81.25,97,0.492
0022300627,2024-01-25,1610612754,Indiana Pacers,1,1,0,1.0,48.0,120.5,124.1,109.0,114.0,11.5,10.1,0.66,1.67,22.2,0.372,0.849,0.635,0.194,0.634,0.655,111.6,107.5,89.58,108,0.561
0022300633,2024-01-25,1610612747,Los Angeles Lakers,1,1,0,1.0,48.0,134.5,136.9,124.8,128.2,9.7,8.7,0.66,2.5,24.1,0.194,0.628,0.43,0.136,0.724,0.736,105.3,103.0,85.83,103,0.535
0022300630,2024-01-25,1610612748,Miami Heat,1,0,1,0.0,48.0,117.4,115.8,152.5,149.0,-35.1,-33.2,0.595,5.0,19.1,0.208,0.724,0.39,0.053,0.532,0.552,93.8,95.5,79.58,95,0.35
0022300629,2024-01-25,1610612750,Minnesota Timberwolves,1,1,0,1.0,48.0,102.1,104.3,100.0,102.2,2.1,2.2,0.649,1.41,19.0,0.244,0.814,0.536,0.185,0.56,0.585,94.0,92.0,76.67,92,0.522
0022300631,2024-01-25,1610612752,New York Knicks,1,1,0,1.0,48.0,132.9,132.6,87.8,91.3,45.1,41.3,0.578,2.6,20.0,0.279,0.64,0.473,0.109,0.618,0.65,93.8,92.0,76.67,92,0.728
0022300627,2024-01-25,1610612755,Philadelphia 76ers,1,0,1,0.0,48.0,109.0,114.0,120.5,124.1,-11.5,-10.1,0.571,2.0,17.3,0.151,0.628,0.365,0.112,0.523,0.576,111.6,107.5,89.58,107,0.439
0022300632,2024-01-25,1610612758,Sacramento Kings,1,1,0,1.0,48.0,132.2,136.7,129.0,137.1,3.2,-0.4,0.688,3.3,22.6,0.341,0.725,0.524,0.102,0.648,0.674,102.2,97.5,81.25,98,0.508
0022300628,2024-01-25,1610612762,Utah Jazz,1,1,0,1.0,48.0,116.8,119.4,105.1,104.9,11.8,14.6,0.68,2.13,22.1,0.347,0.851,0.594,0.155,0.582,0.601,104.0,103.0,85.83,103,0.526
0022300628,2024-01-25,1610612764,Washington Wizards,1,0,1,0.0,48.0,105.1,104.9,116.8,119.4,-11.8,-14.6,0.767,3.0,23.1,0.149,0.653,0.406,0.107,0.528,0.558,104.0,103.0,85.83,103,0.474
0022300634,2024-01-26,1610612737,Atlanta Hawks,1,0,1,0.0,48.0,135.9,133.6,139.5,139.6,-3.6,-6.0,0.627,4.57,20.9,0.298,0.794,0.506,0.065,0.603,0.649,105.6,106.5,88.75,107,0.488
0022300635,2024-01-26,1610612766,Charlotte Hornets,1,0,1,0.0,48.0,97.1,102.0,130.6,136.6,-33.5,-34.7,0.571,1.54,15.0,0.214,0.69,0.418,0.127,0.465,0.525,106.4,101.5,84.58,102,0.308
0022300639,2024-01-26,1610612739,Cleveland Cavaliers,1,1,0,1.0,48.0,108.1,108.7,96.6,98.0,11.5,10.7,0.526,1.54,14.2,0.316,0.727,0.518,0.126,0.489,0.53,103.6,102.5,85.42,103,0.548
0022300634,2024-01-26,1610612742,Dallas Mavericks,1,1,0,1.0,48.0,139.5,139.6,135.9,133.6,3.6,6.0,0.549,2.15,19.9,0.206,0.702,0.494,0.123,0.712,0.747,105.6,106.5,88.75,106,0.512
0022300635,2024-01-26,1610612745,Houston Rockets,1,1,0,1.0,48.0,130.6,136.6,97.1,102.0,33.5,34.7,0.68,2.43,23.0,0.31,0.786,0.582,0.139,0.635,0.672,106.4,101.5,84.58,101,0.692
0022300636,2024-01-26,1610612754,Indiana Pacers,1,1,0,1.0,48.0,123.6,126.7,119.2,124.8,4.4,1.9,0.586,2.62,20.9,0.436,0.718,0.553,0.124,0.569,0.575,108.8,105.0,87.5,105,0.508
0022300637,2024-01-26,1610612746,LA Clippers,1,1,0,1.0,48.0,121.5,125.7,105.2,105.9,16.2,19.8,0.604,2.64,20.0,0.34,0.69,0.533,0.109,0.553,0.602,103.1,101.0,84.17,101,0.601
0022300638,2024-01-26,1610612763,Memphis Grizzlies,1,1,0,1.0,48.0,106.2,113.8,110.7,112.8,-4.5,1.1,0.714,2.14,21.6,0.34,0.723,0.526,0.149,0.55,0.559,98.2,94.0,78.33,94,0.509
0022300639,2024-01-26,1610612749,Milwaukee Bucks,1,0,1,0.0,48.0,96.6,98.0,108.1,108.7,-11.5,-10.7,0.6,1.17,15.2,0.273,0.684,0.482,0.176,0.477,0.513,103.6,102.5,85.42,102,0.452
0022300640,2024-01-26,1610612740,New Orleans Pelicans,1,0,1,0.0,48.0,82.9,83.8,105.8,108.1,-22.9,-24.2,0.75,1.2,17.9,0.212,0.783,0.48,0.202,0.445,0.471,100.7,99.0,82.5,99,0.366
0022300640,2024-01-26,1610612760,Oklahoma City Thunder,1,1,0,1.0,48.0,105.8,108.1,82.9,83.8,22.9,24.2,0.524,1.69,16.9,0.217,0.788,0.52,0.131,0.534,0.568,100.7,99.0,82.5,99,0.634
0022300638,2024-01-26,1610612753,Orlando Magic,1,0,1,0.0,48.0,110.7,112.8,106.2,113.8,4.5,-1.1,0.553,1.91,16.4,0.277,0.66,0.474,0.117,0.525,0.565,98.2,94.0,78.33,94,0.491
0022300636,2024-01-26,1610612756,Phoenix Suns,1,0,1,0.0,48.0,119.2,124.8,123.6,126.7,-4.4,-1.9,0.471,1.2,17.1,0.282,0.564,0.447,0.19,0.646,0.676,108.8,105.0,87.5,105,0.492
0022300641,2024-01-26,1610612757,Portland Trail Blazers,1,0,1,0.0,48.0,94.9,96.2,111.1,111.5,-16.2,-15.4,0.605,1.53,16.7,0.204,0.635,0.415,0.144,0.478,0.508,104.9,104.0,86.67,104,0.374
0022300641,2024-01-26,1610612759,San Antonio Spurs,1,1,0,1.0,48.0,111.1,111.5,94.9,96.2,16.2,15.4,0.714,1.67,19.9,0.365,0.796,0.585,0.173,0.511,0.561,104.9,104.0,86.67,104,0.626
0022300637,2024-01-26,1610612761,Toronto Raptors,1,0,1,0.0,48.0,105.2,105.9,121.5,125.7,-16.2,-19.8,0.591,2.36,17.9,0.31,0.66,0.467,0.109,0.49,0.506,103.1,101.0,84.17,101,0.399
0022300646,2024-01-27,1610612738,Boston Celtics,1,0,1,0.0,48.0,96.0,99.0,111.7,115.0,-15.8,-16.0,0.583,1.91,15.2,0.313,0.638,0.467,0.113,0.41,0.448,101.5,98.5,82.08,97,0.394
0022300645,2024-01-27,1610612751,Brooklyn Nets,1,1,0,1.0,48.0,98.8,101.9,98.0,99.0,0.8,2.9,0.667,1.26,17.9,0.125,0.695,0.439,0.183,0.568,0.587,106.7,104.5,87.08,104,0.549
0022300647,2024-01-27,1610612766,Charlotte Hornets,1,0,1,0.0,48.0,119.3,120.8,134.7,134.0,-15.4,-13.2,0.745,3.5,23.6,0.277,0.651,0.456,0.099,0.582,0.603,100.9,100.5,83.75,101,0.44
0022300651,2024-01-27,1610612742,Dallas Mavericks,1,0,1,0.0,48.0,111.7,115.0,118.6,120.0,-6.8,-5.0,0.814,3.5,22.9,0.321,0.775,0.51,0.1,0.52,0.543,102.1,100.0,83.33,100,0.469
0022300644,2024-01-27,1610612743,Denver Nuggets,1,1,0,1.0,48.0,118.4,118.1,112.9,112.9,5.6,5.2,0.676,3.13,18.2,0.34,0.829,0.553,0.085,0.53,0.562,93.4,93.5,77.92,94,0.513
0022300642,2024-01-27,1610612765,Detroit Pistons,1,0,1,0.0,48.0,101.1,102.0,114.3,115.7,-13.2,-13.7,0.595,1.29,15.8,0.3,0.667,0.495,0.167,0.488,0.537,103.1,102.0,85.0,102,0.423
0022300650,2024-01-27,1610612744,Golden State Warriors,1,0,1,0.0,58.0,109.1,113.4,109.1,114.2,0.0,-0.8,0.673,2.18,20.2,0.284,0.75,0.496,0.134,0.559,0.571,109.6,105.1,87.59,127,0.452
0022300645,2024-01-27,1610612745,Houston Rockets,1,0,1,0.0,48.0,98.0,99.0,98.8,101.9,-0.8,-2.9,0.541,1.18,14.0,0.305,0.875,0.561,0.162,0.447,0.499,106.7,104.5,87.08,105,0.451
0022300646,2024-01-27,1610612746,LA Clippers,1,1,0,1.0,48.0,111.7,115.0,96.0,99.0,15.8,16.0,0.622,3.5,18.8,0.362,0.688,0.533,0.08,0.49,0.523,101.5,98.5,82.08,100,0.606
0022300650,2024-01-27,1610612747,Los Angeles Lakers,1,1,0,1.0,58.0,109.1,114.2,109.1,113.4,0.0,0.8,0.673,1.65,19.0,0.25,0.716,0.504,0.157,0.53,0.605,109.6,105.1,87.59,127,0.548
0022300643,2024-01-27,1610612748,Miami Heat,1,0,1,0.0,48.0,114.7,116.0,132.4,133.0,-17.7,-17.0,0.634,3.25,19.8,0.22,0.711,0.453,0.085,0.545,0.573,94.7,94.0,78.33,94,0.445
0022300648,2024-01-27,1610612749,Milwaukee Bucks,1,1,0,1.0,48.0,134.3,130.6,109.5,110.4,24.8,20.2,0.588,3.33,20.5,0.186,0.8,0.516,0.083,0.67,0.691,105.9,107.0,89.17,108,0.599
0022300649,2024-01-27,1610612750,Minnesota Timberwolves,1,0,1,0.0,48.0,122.3,121.7,123.4,122.8,-1.1,-1.1,0.667,2.31,23.1,0.237,0.619,0.438,0.141,0.658,0.654,91.6,92.0,76.67,92,0.498
0022300648,2024-01-27,1610612740,New Orleans Pelicans,1,0,1,0.0,48.0,109.5,110.4,134.3,130.6,-24.8,-20.2,0.5,1.33,14.7,0.2,0.814,0.484,0.142,0.524,0.58,105.9,107.0,89.17,106,0.401
0022300643,2024-01-27,1610612752,New York Knicks,1,1,0,1.0,48.0,132.4,133.0,114.7,116.0,17.7,17.0,0.556,3.57,19.1,0.289,0.78,0.547,0.074,0.615,0.635,94.7,94.0,78.33,94,0.555
0022300644,2024-01-27,1610612755,Philadelphia 76ers,1,0,1,0.0,48.0,112.9,112.9,118.4,118.1,-5.6,-5.2,0.581,2.27,20.0,0.171,0.66,0.447,0.118,0.568,0.596,93.4,93.5,77.92,93,0.487
0022300651,2024-01-27,1610612758,Sacramento Kings,1,1,0,1.0,48.0,118.6,120.0,111.7,115.0,6.8,5.0,0.628,1.93,20.0,0.225,0.679,0.49,0.14,0.606,0.644,102.1,100.0,83.33,100,0.531
0022300649,2024-01-27,1610612759,San Antonio Spurs,1,1,0,1.0,48.0,123.4,122.8,122.3,121.7,1.1,1.1,0.761,2.33,24.5,0.381,0.763,0.563,0.163,0.625,0.624,91.6,92.0,76.67,92,0.502
0022300647,2024-01-27,1610612762,Utah Jazz,1,1,0,1.0,48.0,134.7,134.0,119.3,120.8,15.4,13.2,0.731,2.71,24.8,0.349,0.723,0.544,0.14,0.651,0.667,100.9,100.5,83.75,100,0.56
0022300642,2024-01-27,1610612764,Washington Wizards,1,1,0,1.0,48.0,114.3,115.7,101.1,102.0,13.2,13.7,0.578,2.6,17.7,0.333,0.7,0.505,0.098,0.505,0.54,103.1,102.0,85.0,102,0.577
0022300653,2024-01-28,1610612737,Atlanta Hawks,1,1,0,1.0,48.0,118.2,123.5,122.5,121.4,-4.3,2.2,0.614,1.93,17.4,0.456,0.653,0.547,0.137,0.495,0.56,104.3,102.5,85.42,102,0.498
0022300656,2024-01-28,1610612741,Chicago Bulls,1,1,0,1.0,48.0,106.7,109.5,97.2,102.1,9.5,7.3,0.643,5.4,20.8,0.173,0.755,0.455,0.053,0.511,0.533,98.1,94.5,78.75,95,0.558
0022300654,2024-01-28,1610612765,Detroit Pistons,1,1,0,1.0,48.0,123.3,123.7,108.0,106.1,15.2,17.6,0.574,3.0,19.3,0.32,0.76,0.54,0.093,0.553,0.58,96.8,97.5,81.25,97,0.592
0022300652,2024-01-28,1610612754,Indiana Pacers,1,1,0,1.0,48.0,120.8,120.8,115.0,114.6,5.8,6.3,0.705,3.1,22.3,0.261,0.694,0.484,0.104,0.561,0.598,95.8,96.0,80.0,96,0.552
0022300652,2024-01-28,1610612763,Memphis Grizzlies,1,0,1,0.0,48.0,115.0,114.6,120.8,120.8,-5.8,-6.3,0.526,1.54,15.3,0.306,0.739,0.516,0.135,0.53,0.575,95.8,96.0,80.0,96,0.448
0022300654,2024-01-28,1610612760,Oklahoma City Thunder,1,0,1,0.0,48.0,108.0,106.1,123.3,123.7,-15.2,-17.6,0.386,1.7,13.5,0.24,0.68,0.46,0.102,0.522,0.535,96.8,97.5,81.25,98,0.408
0022300655,2024-01-28,1610612753,Orlando Magic,1,1,0,1.0,48.0,110.3,115.3,98.8,100.0,11.6,15.3,0.732,3.0,20.5,0.321,0.784,0.505,0.102,0.511,0.546,100.8,98.0,81.67,98,0.576
0022300655,2024-01-28,1610612756,Phoenix Suns,1,0,1,0.0,48.0,98.8,100.0,110.3,115.3,-11.6,-15.3,0.463,0.83,15.2,0.216,0.679,0.495,0.235,0.589,0.596,100.8,98.0,81.67,98,0.424
0022300656,2024-01-28,1610612757,Portland Trail Blazers,1,0,1,0.0,48.0,97.2,102.1,106.7,109.5,-9.5,-7.3,0.688,1.57,17.2,0.245,0.827,0.545,0.149,0.443,0.523,98.1,94.5,78.75,94,0.442
0022300653,2024-01-28,1610612761,Toronto Raptors,1,0,1,0.0,48.0,122.5,121.4,118.2,123.5,4.3,-2.2,0.707,2.07,19.5,0.347,0.544,0.453,0.136,0.545,0.606,104.3,102.5,85.42,103,0.502
0022300659,2024-01-29,1610612738,Boston Celtics,1,1,0,1.0,48.0,119.4,121.6,112.3,115.5,7.1,6.2,0.628,2.45,20.3,0.209,0.745,0.489,0.113,0.606,0.629,99.3,97.0,80.83,97,0.531
0022300660,2024-01-29,1610612751,Brooklyn Nets,1,1,0,1.0,48.0,138.2,141.3,107.6,109.6,30.6,31.7,0.759,4.56,25.0,0.373,0.706,0.539,0.087,0.614,0.648,106.2,104.0,86.67,104,0.626
0022300657,2024-01-29,1610612766,Charlotte Hornets,1,0,1,0.0,48.0,99.8,101.1,121.5,124.2,-21.6,-23.1,0.622,1.64,18.4,0.234,0.81,0.506,0.154,0.525,0.528,92.6,91.0,75.83,91,0.409
0022300658,2024-01-29,1610612739,Cleveland Cavaliers,1,1,0,1.0,48.0,118.7,121.6,108.7,111.3,9.9,10.3,0.667,2.15,20.1,0.298,0.783,0.538,0.134,0.564,0.606,99.4,97.0,80.83,97,0.542
0022300666,2024-01-29,1610612742,Dallas Mavericks,1,1,0,1.0,48.0,131.1,132.3,128.6,130.3,2.5,2.0,0.628,1.8,20.6,0.161,0.702,0.487,0.152,0.717,0.745,100.1,99.0,82.5,99,0.557
0022300667,2024-01-29,1610612743,Denver Nuggets,1,1,0,1.0,48.0,112.4,113.0,105.9,107.0,6.4,6.0,0.659,3.63,20.7,0.234,0.804,0.531,0.08,0.505,0.556,100.8,100.0,83.33,100,0.572
0022300662,2024-01-29,1610612745,Houston Rockets,1,1,0,1.0,48.0,122.7,123.9,107.8,109.2,15.0,14.7,0.692,2.4,22.5,0.313,0.88,0.602,0.138,0.592,0.619,110.2,109.0,90.83,109,0.569
0022300658,2024-01-29,1610612746,LA Clippers,1,0,1,0.0,48.0,108.7,111.3,118.7,121.6,-9.9,-10.3,0.737,2.15,20.7,0.217,0.702,0.462,0.134,0.544,0.585,99.4,97.0,80.83,97,0.458
0022300662,2024-01-29,1610612747,Los Angeles Lakers,1,0,1,0.0,48.0,107.8,109.2,122.7,123.9,-15.0,-14.7,0.578,2.17,18.6,0.12,0.688,0.398,0.11,0.566,0.581,110.2,109.0,90.83,109,0.431
0022300663,2024-01-29,1610612763,Memphis Grizzlies,1,0,1,0.0,48.0,96.6,96.9,106.8,106.2,-10.3,-9.3,0.733,1.57,16.9,0.208,0.705,0.433,0.144,0.456,0.509,96.9,97.0,80.83,97,0.417
0022300661,2024-01-29,1610612748,Miami Heat,1,0,1,0.0,48.0,105.0,109.4,118.6,122.9,-13.6,-13.5,0.606,1.54,15.5,0.255,0.736,0.5,0.135,0.476,0.553,99.7,96.0,80.0,96,0.42
0022300667,2024-01-29,1610612749,Milwaukee Bucks,1,0,1,0.0,48.0,105.9,107.0,112.4,113.0,-6.4,-6.0,0.667,1.85,17.9,0.196,0.766,0.469,0.13,0.524,0.563,100.8,100.0,83.33,100,0.428
0022300664,2024-01-29,1610612750,Minnesota Timberwolves,1,1,0,1.0,48.0,114.3,113.8,109.0,109.8,5.3,4.0,0.525,1.62,16.5,0.295,0.813,0.565,0.138,0.566,0.597,93.1,93.0,77.5,94,0.535
0022300659,2024-01-29,1610612740,New Orleans Pelicans,1,0,1,0.0,48.0,112.3,115.5,119.4,121.6,-7.1,-6.2,0.457,1.75,16.2,0.255,0.791,0.511,0.124,0.56,0.579,99.3,97.0,80.83,97,0.469
0022300657,2024-01-29,1610612752,New York Knicks,1,1,0,1.0,48.0,121.5,124.2,99.8,101.1,21.6,23.1,0.568,2.78,20.2,0.19,0.766,0.494,0.099,0.595,0.621,92.6,91.0,75.83,91,0.591
0022300664,2024-01-29,1610612760,Oklahoma City Thunder,1,0,1,0.0,48.0,109.0,109.8,114.3,113.8,-5.3,-4.0,0.6,1.75,17.2,0.188,0.705,0.435,0.13,0.532,0.569,93.1,93.0,77.5,92,0.465
0022300666,2024-01-29,1610612753,Orlando Magic,1,0,1,0.0,48.0,128.6,130.3,131.1,132.3,-2.5,-2.0,0.6,2.25,19.3,0.298,0.839,0.513,0.121,0.614,0.643,100.1,99.0,82.5,99,0.443
0022300668,2024-01-29,1610612755,Philadelphia 76ers,1,0,1,0.0,48.0,103.7,107.2,131.6,134.0,-28.0,-26.8,0.459,1.0,13.2,0.362,0.641,0.488,0.175,0.476,0.546,99.5,97.0,80.83,97,0.349
0022300661,2024-01-29,1610612756,Phoenix Suns,1,1,0,1.0,48.0,118.6,122.9,105.0,109.4,13.6,13.5,0.652,3.75,21.4,0.264,0.745,0.5,0.083,0.564,0.581,99.7,96.0,80.0,96,0.58
0022300668,2024-01-29,1610612757,Portland Trail Blazers,1,1,0,1.0,48.0,131.6,134.0,103.7,107.2,28.0,26.8,0.63,2.23,20.7,0.359,0.638,0.512,0.134,0.619,0.672,99.5,97.0,80.83,97,0.651
0022300663,2024-01-29,1610612758,Sacramento Kings,1,1,0,1.0,48.0,106.8,106.2,96.6,96.9,10.3,9.3,0.558,1.26,17.9,0.295,0.792,0.567,0.196,0.577,0.583,96.9,97.0,80.83,97,0.583
0022300665,2024-01-29,1610612759,San Antonio Spurs,1,0,1,0.0,48.0,108.2,110.8,116.2,118.0,-8.0,-7.2,0.721,2.07,20.8,0.32,0.651,0.473,0.147,0.533,0.568,103.0,101.0,84.17,102,0.468
0022300660,2024-01-29,1610612762,Utah Jazz,1,0,1,0.0,48.0,107.6,109.6,138.2,141.3,-30.6,-31.7,0.59,1.35,16.2,0.294,0.627,0.461,0.163,0.506,0.565,106.2,104.0,86.67,104,0.374
0022300665,2024-01-29,1610612764,Washington Wizards,1,1,0,1.0,48.0,116.2,118.0,108.2,110.8,8.0,7.2,0.696,1.68,21.8,0.349,0.68,0.527,0.19,0.587,0.611,103.0,101.0,84.17,100,0.532
0022300669,2024-01-30,1610612737,Atlanta Hawks,1,1,0,1.0,48.0,126.7,127.8,113.0,111.9,13.7,15.9,0.604,2.67,20.6,0.306,0.813,0.557,0.111,0.604,0.633,108.5,108.5,90.42,108,0.553
0022300670,2024-01-30,1610612738,Boston Celtics,1,1,0,1.0,48.0,126.9,130.3,119.7,125.3,7.2,5.1,0.532,2.08,18.7,0.227,0.6,0.442,0.121,0.638,0.667,102.6,99.0,82.5,99,0.534
0022300672,2024-01-30,1610612741,Chicago Bulls,1,0,1,0.0,48.0,106.1,108.1,114.8,116.8,-8.7,-8.8,0.553,1.05,16.4,0.2,0.643,0.427,0.202,0.58,0.616,101.8,100.0,83.33,99,0.442
0022300673,2024-01-30,1610612744,Golden State Warriors,1,1,0,1.0,48.0,122.2,121.4,110.0,110.3,12.2,11.1,0.727,1.78,22.9,0.278,0.74,0.547,0.184,0.646,0.681,97.3,97.5,81.25,98,0.623
0022300670,2024-01-30,1610612754,Indiana Pacers,1,0,1,0.0,48.0,119.7,125.3,126.9,130.3,-7.2,-5.1,0.66,4.13,21.2,0.4,0.773,0.558,0.081,0.519,0.541,102.6,99.0,82.5,99,0.466
0022300669,2024-01-30,1610612747,Los Angeles Lakers,1,0,1,0.0,48.0,113.0,111.9,126.7,127.8,-13.7,-15.9,0.583,2.0,19.2,0.188,0.694,0.443,0.128,0.6,0.604,108.5,108.5,90.42,109,0.447
0022300671,2024-01-30,1610612752,New York Knicks,1,1,0,1.0,48.0,125.6,131.1,110.2,112.0,15.5,19.2,0.659,4.83,21.3,0.333,0.66,0.495,0.067,0.537,0.579,93.7,91.0,75.83,90,0.594
0022300673,2024-01-30,1610612755,Philadelphia 76ers,1,0,1,0.0,48.0,110.0,110.3,122.2,121.4,-12.2,-11.1,0.282,0.69,9.1,0.26,0.722,0.453,0.165,0.535,0.568,97.3,97.5,81.25,97,0.377
0022300672,2024-01-30,1610612761,Toronto Raptors,1,1,0,1.0,48.0,114.8,116.8,106.1,108.1,8.7,8.8,0.791,1.7,22.8,0.357,0.8,0.573,0.198,0.602,0.643,101.8,100.0,83.33,101,0.558
0022300671,2024-01-30,1610612762,Utah Jazz,1,0,1,0.0,48.0,110.2,112.0,125.6,131.1,-15.5,-19.2,0.59,1.53,17.4,0.34,0.667,0.505,0.163,0.523,0.551,93.7,91.0,75.83,92,0.406
0022300677,2024-01-31,1610612751,Brooklyn Nets,1,0,1,0.0,48.0,116.8,118.8,135.9,137.4,-19.1,-18.6,0.596,2.55,20.1,0.25,0.688,0.425,0.109,0.585,0.602,101.4,100.0,83.33,101,0.393
0022300674,2024-01-31,1610612766,Charlotte Hornets,1,0,1,0.0,48.0,111.7,115.8,122.3,123.2,-10.6,-7.4,0.625,2.5,18.8,0.255,0.711,0.469,0.105,0.533,0.564,97.1,95.0,79.17,95,0.446
0022300674,2024-01-31,1610612741,Chicago Bulls,1,1,0,1.0,48.0,122.3,123.2,111.7,115.8,10.6,7.4,0.622,2.8,20.6,0.289,0.745,0.531,0.105,0.58,0.605,97.1,95.0,79.17,95,0.554
0022300675,2024-01-31,1610612739,Cleveland Cavaliers,1,1,0,1.0,48.0,130.5,130.6,119.4,122.2,11.1,8.4,0.553,2.89,19.1,0.286,0.676,0.468,0.092,0.596,0.646,99.7,98.5,82.08,98,0.536
0022300680,2024-01-31,1610612742,Dallas Mavericks,1,0,1,0.0,48.0,91.2,92.6,128.5,127.4,-37.3,-34.8,0.581,1.06,14.8,0.208,0.692,0.425,0.181,0.447,0.497,94.8,94.5,78.75,94,0.271
0022300682,2024-01-31,1610612743,Denver Nuggets,1,0,1,0.0,48.0,102.0,103.1,109.4,108.2,-7.4,-5.2,0.568,2.1,15.7,0.271,0.692,0.468,0.103,0.478,0.5,97.0,97.0,80.83,97,0.445
0022300675,2024-01-31,1610612765,Detroit Pistons,1,0,1,0.0,48.0,119.4,122.2,130.5,130.6,-11.1,-8.4,0.6,1.42,20.0,0.324,0.714,0.532,0.192,0.654,0.677,99.7,98.5,82.08,99,0.464
0022300679,2024-01-31,1610612745,Houston Rockets,1,0,1,0.0,48.0,104.8,103.1,113.9,114.6,-9.1,-11.5,0.543,3.8,15.7,0.113,0.651,0.354,0.052,0.477,0.524,95.5,96.0,80.0,96,0.437
0022300676,2024-01-31,1610612746,LA Clippers,1,1,0,1.0,48.0,125.4,126.3,104.2,109.0,21.2,17.3,0.532,3.13,17.5,0.345,0.673,0.509,0.081,0.53,0.57,102.1,99.5,82.92,99,0.591
0022300678,2024-01-31,1610612748,Miami Heat,1,1,0,1.0,48.0,118.4,118.6,108.3,109.3,10.2,9.3,0.905,3.8,26.4,0.205,0.75,0.51,0.103,0.577,0.611,97.5,97.0,80.83,97,0.581
0022300683,2024-01-31,1610612749,Milwaukee Bucks,1,0,1,0.0,48.0,112.7,118.4,121.5,121.4,-8.8,-3.1,0.6,2.08,19.1,0.347,0.744,0.533,0.133,0.56,0.58,100.4,98.0,81.67,98,0.476
0022300680,2024-01-31,1610612750,Minnesota Timberwolves,1,1,0,1.0,48.0,128.5,127.4,91.2,92.6,37.3,34.8,0.689,3.1,22.5,0.308,0.792,0.575,0.105,0.644,0.649,94.8,94.5,78.75,95,0.729
0022300679,2024-01-31,1610612740,New Orleans Pelicans,1,1,0,1.0,48.0,113.9,114.6,104.8,103.1,9.1,11.5,0.488,1.25,15.3,0.349,0.887,0.646,0.167,0.567,0.594,95.5,96.0,80.0,96,0.563
0022300682,2024-01-31,1610612760,Oklahoma City Thunder,1,1,0,1.0,48.0,109.4,108.2,102.0,103.1,7.4,5.2,0.649,1.85,17.5,0.308,0.729,0.532,0.134,0.489,0.536,97.0,97.0,80.83,97,0.555
0022300681,2024-01-31,1610612753,Orlando Magic,1,1,0,1.0,48.0,107.9,106.9,95.6,96.1,12.3,10.9,0.707,1.81,20.4,0.271,0.792,0.531,0.158,0.517,0.562,101.3,101.5,84.58,101,0.555
0022300677,2024-01-31,1610612756,Phoenix Suns,1,1,0,1.0,48.0,135.9,137.4,116.8,118.8,19.1,18.6,0.714,2.19,24.3,0.313,0.75,0.575,0.162,0.709,0.731,101.4,100.0,83.33,99,0.607
0022300683,2024-01-31,1610612757,Portland Trail Blazers,1,1,0,1.0,48.0,121.5,121.4,112.7,118.4,8.8,3.1,0.531,2.36,19.3,0.256,0.653,0.467,0.112,0.598,0.62,100.4,98.0,81.67,98,0.524
0022300678,2024-01-31,1610612758,Sacramento Kings,1,0,1,0.0,48.0,108.3,109.3,118.4,118.6,-10.2,-9.3,0.634,2.89,19.0,0.25,0.795,0.49,0.093,0.505,0.525,97.5,97.0,80.83,97,0.419
0022300681,2024-01-31,1610612759,San Antonio Spurs,1,0,1,0.0,48.0,95.6,96.1,107.9,106.9,-12.3,-10.9,0.667,1.26,17.9,0.208,0.729,0.469,0.186,0.506,0.541,101.3,101.5,84.58,102,0.445
0022300676,2024-01-31,1610612764,Washington Wizards,1,0,1,0.0,48.0,104.2,109.0,125.4,126.3,-21.2,-17.3,0.422,1.46,13.9,0.327,0.655,0.491,0.13,0.51,0.526,102.1,99.5,82.92,100,0.409
0022300684,2024-02-01,1610612738,Boston Celtics,1,0,1,0.0,48.0,103.9,106.1,117.0,115.2,-13.1,-9.1,0.732,2.0,20.4,0.321,0.729,0.53,0.152,0.505,0.525,99.3,99.0,82.5,99,0.454
0022300687,2024-02-01,1610612739,Cleveland Cavaliers,1,1,0,1.0,48.0,110.3,108.0,97.6,102.0,12.7,6.0,0.634,1.86,19.0,0.229,0.759,0.51,0.14,0.558,0.575,100.7,99.5,82.92,100,0.531
0022300685,2024-02-01,1610612754,Indiana Pacers,1,0,1,0.0,48.0,102.2,106.1,109.0,110.1,-6.8,-4.0,0.5,1.62,15.7,0.264,0.585,0.441,0.131,0.522,0.532,101.4,99.0,82.5,99,0.482
0022300684,2024-02-01,1610612747,Los Angeles Lakers,1,1,0,1.0,48.0,117.0,115.2,103.9,106.1,13.1,9.1,0.789,4.29,20.7,0.271,0.679,0.47,0.071,0.505,0.541,99.3,99.0,82.5,99,0.546
0022300687,2024-02-01,1610612763,Memphis Grizzlies,1,0,1,0.0,48.0,97.6,102.0,110.3,108.0,-12.7,-6.0,0.676,1.92,18.2,0.241,0.771,0.49,0.131,0.478,0.518,100.7,99.5,82.92,99,0.469
0022300685,2024-02-01,1610612752,New York Knicks,1,1,0,1.0,48.0,109.0,110.1,102.2,106.1,6.8,4.0,0.366,1.5,10.6,0.415,0.736,0.559,0.101,0.437,0.478,101.4,99.0,82.5,99,0.518
0022300686,2024-02-01,1610612755,Philadelphia 76ers,1,1,0,1.0,48.0,129.3,129.6,125.3,126.5,4.0,3.1,0.574,5.4,19.7,0.255,0.727,0.484,0.051,0.574,0.615,98.6,98.0,81.67,98,0.481
0022300686,2024-02-01,1610612762,Utah Jazz,1,0,1,0.0,48.0,125.3,126.5,129.3,129.6,-4.0,-3.1,0.8,3.27,24.8,0.273,0.745,0.516,0.112,0.586,0.633,98.6,98.0,81.67,98,0.519
0022300690,2024-02-02,1610612737,Atlanta Hawks,1,1,0,1.0,48.0,127.8,126.5,116.3,118.8,11.5,7.7,0.592,2.9,20.0,0.304,0.791,0.539,0.098,0.605,0.627,102.0,101.5,84.58,102,0.529
0022300695,2024-02-02,1610612766,Charlotte Hornets,1,0,1,0.0,48.0,100.8,102.9,122.5,123.5,-21.7,-20.6,0.537,1.57,16.2,0.208,0.879,0.465,0.136,0.522,0.54,104.0,102.5,85.42,103,0.371
0022300697,2024-02-02,1610612743,Denver Nuggets,1,1,0,1.0,48.0,127.0,130.4,119.7,118.7,7.3,11.8,0.739,2.83,23.3,0.467,0.688,0.581,0.13,0.571,0.609,92.3,91.5,76.25,92,0.585
0022300688,2024-02-02,1610612765,Detroit Pistons,1,0,1,0.0,48.0,120.7,125.0,134.2,136.0,-13.5,-11.0,0.622,1.65,19.3,0.362,0.703,0.512,0.17,0.601,0.628,102.5,100.0,83.33,100,0.426
0022300693,2024-02-02,1610612744,Golden State Warriors,1,1,0,1.0,48.0,120.2,119.8,98.5,101.0,21.7,18.8,0.696,2.29,22.7,0.237,0.778,0.554,0.139,0.62,0.653,101.6,100.5,83.75,101,0.629
0022300692,2024-02-02,1610612745,Houston Rockets,1,1,0,1.0,48.0,124.4,127.4,100.2,100.0,24.3,27.4,0.545,2.0,20.5,0.256,0.83,0.587,0.142,0.651,0.672,107.1,106.0,88.33,106,0.64
0022300691,2024-02-02,1610612754,Indiana Pacers,1,0,1,0.0,48.0,111.4,110.9,120.6,120.9,-9.2,-10.0,0.5,1.05,16.1,0.244,0.705,0.482,0.2,0.6,0.638,109.9,110.0,91.67,110,0.465
0022300688,2024-02-02,1610612746,LA Clippers,1,1,0,1.0,48.0,134.2,136.0,120.7,125.0,13.5,11.0,0.585,2.82,21.8,0.297,0.638,0.488,0.11,0.674,0.698,102.5,100.0,83.33,100,0.574
0022300693,2024-02-02,1610612763,Memphis Grizzlies,1,0,1,0.0,48.0,98.5,101.0,120.2,119.8,-21.7,-18.8,0.857,2.14,21.1,0.222,0.763,0.446,0.14,0.483,0.518,101.6,100.5,83.75,100,0.371
0022300689,2024-02-02,1610612748,Miami Heat,1,1,0,1.0,48.0,108.5,111.1,99.8,102.0,8.7,9.1,0.632,2.0,17.1,0.309,0.821,0.568,0.121,0.472,0.532,101.8,99.5,82.92,99,0.544
0022300694,2024-02-02,1610612750,Minnesota Timberwolves,1,0,1,0.0,48.0,104.1,106.0,106.5,106.9,-2.3,-0.9,0.632,1.41,18.2,0.174,0.708,0.447,0.17,0.537,0.584,101.6,100.5,83.75,100,0.483
0022300696,2024-02-02,1610612740,New Orleans Pelicans,1,1,0,1.0,48.0,113.7,116.3,108.7,114.1,5.0,2.2,0.63,3.22,20.6,0.288,0.519,0.404,0.092,0.521,0.547,102.1,98.5,82.08,98,0.491
0022300695,2024-02-02,1610612760,Oklahoma City Thunder,1,1,0,1.0,48.0,122.5,123.5,100.8,102.9,21.7,20.6,0.705,1.63,22.6,0.121,0.792,0.535,0.186,0.7,0.725,104.0,102.5,85.42,102,0.629
0022300694,2024-02-02,1610612753,Orlando Magic,1,1,0,1.0,48.0,106.5,106.9,104.1,106.0,2.3,0.9,0.615,1.6,17.3,0.292,0.826,0.553,0.149,0.512,0.56,101.6,100.5,83.75,101,0.517
0022300690,2024-02-02,1610612756,Phoenix Suns,1,0,1,0.0,48.0,116.3,118.8,127.8,126.5,-11.5,-7.7,0.66,1.82,22.0,0.209,0.696,0.461,0.168,0.614,0.637,102.0,101.5,84.58,101,0.471
0022300697,2024-02-02,1610612757,Portland Trail Blazers,1,0,1,0.0,48.0,119.7,118.7,127.0,130.4,-7.3,-11.8,0.378,1.4,11.7,0.313,0.533,0.419,0.11,0.525,0.579,92.3,91.5,76.25,91,0.415
0022300691,2024-02-02,1610612758,Sacramento Kings,1,1,0,1.0,48.0,120.6,120.9,111.4,110.9,9.2,10.0,0.51,1.53,17.6,0.295,0.756,0.518,0.155,0.639,0.65,109.9,110.0,91.67,110,0.535
0022300696,2024-02-02,1610612759,San Antonio Spurs,1,0,1,0.0,48.0,108.7,114.1,113.7,116.3,-5.0,-2.2,0.761,1.94,22.3,0.481,0.712,0.596,0.182,0.531,0.544,102.1,98.5,82.08,99,0.509
0022300692,2024-02-02,1610612761,Toronto Raptors,1,0,1,0.0,48.0,100.2,100.0,124.4,127.4,-24.3,-27.4,0.425,1.21,12.9,0.17,0.744,0.413,0.132,0.5,0.531,107.1,106.0,88.33,106,0.36
0022300689,2024-02-02,1610612764,Washington Wizards,1,0,1,0.0,48.0,99.8,102.0,108.5,111.1,-8.7,-9.1,0.757,3.11,20.3,0.179,0.691,0.432,0.09,0.472,0.514,101.8,99.5,82.92,100,0.456
0022300699,2024-02-03,1610612737,Atlanta Hawks,1,1,0,1.0,53.0,121.9,121.6,110.9,115.5,11.0,6.0,0.491,3.38,16.9,0.274,0.708,0.496,0.069,0.544,0.57,107.1,105.06,87.55,116,0.535
0022300698,2024-02-03,1610612751,Brooklyn Nets,1,1,0,1.0,48.0,130.6,133.3,118.8,119.8,11.9,13.5,0.714,2.92,22.9,0.32,0.764,0.552,0.118,0.621,0.647,103.0,101.5,84.58,102,0.553
0022300700,2024-02-03,1610612741,Chicago Bulls,1,0,1,0.0,48.0,108.8,108.5,112.1,116.0,-3.2,-7.5,0.571,1.5,16.8,0.26,0.822,0.526,0.151,0.522,0.571,107.7,106.0,88.33,106,0.465
0022300703,2024-02-03,1610612739,Cleveland Cavaliers,1,1,0,1.0,48.0,113.9,115.8,96.0,100.0,17.9,15.8,0.674,3.1,21.5,0.231,0.688,0.483,0.099,0.541,0.57,104.0,101.0,84.17,101,0.576
0022300702,2024-02-03,1610612742,Dallas Mavericks,1,0,1,0.0,48.0,112.4,110.4,121.7,122.9,-9.3,-12.5,0.55,1.05,16.1,0.214,0.881,0.548,0.198,0.593,0.642,105.1,105.5,87.92,106,0.44
0022300699,2024-02-03,1610612744,Golden State Warriors,1,0,1,0.0,53.0,110.9,115.5,121.9,121.6,-11.0,-6.0,0.52,1.86,16.3,0.292,0.726,0.504,0.121,0.527,0.555,107.1,105.06,87.55,116,0.465
0022300701,2024-02-03,1610612747,Los Angeles Lakers,1,1,0,1.0,48.0,120.4,121.5,109.8,112.9,10.5,8.6,0.718,5.6,22.0,0.143,0.65,0.441,0.054,0.563,0.615,94.7,93.0,77.5,93,0.593
0022300702,2024-02-03,1610612749,Milwaukee Bucks,1,1,0,1.0,48.0,121.7,122.9,112.4,110.4,9.3,12.5,0.68,2.83,23.6,0.119,0.786,0.452,0.114,0.636,0.652,105.1,105.5,87.92,105,0.56
0022300701,2024-02-03,1610612752,New York Knicks,1,0,1,0.0,48.0,109.8,112.9,120.4,121.5,-10.5,-8.6,0.512,3.0,15.6,0.35,0.857,0.559,0.075,0.46,0.492,94.7,93.0,77.5,93,0.407
0022300698,2024-02-03,1610612755,Philadelphia 76ers,1,0,1,0.0,48.0,118.8,119.8,130.6,133.3,-11.9,-13.5,0.591,5.2,18.6,0.236,0.68,0.448,0.05,0.521,0.561,103.0,101.5,84.58,101,0.447
0022300700,2024-02-03,1610612758,Sacramento Kings,1,1,0,1.0,48.0,112.1,116.0,108.8,108.5,3.2,7.5,0.786,1.94,22.4,0.178,0.74,0.474,0.16,0.589,0.636,107.7,106.0,88.33,106,0.535
0022300703,2024-02-03,1610612759,San Antonio Spurs,1,0,1,0.0,48.0,96.0,100.0,113.9,115.8,-17.9,-15.8,0.639,1.92,16.1,0.313,0.769,0.517,0.119,0.429,0.471,104.0,101.0,84.17,101,0.424
0022300706,2024-02-04,1610612738,Boston Celtics,1,1,0,1.0,48.0,129.8,128.4,89.8,89.2,40.0,39.2,0.625,2.73,20.0,0.365,0.707,0.545,0.108,0.581,0.613,101.1,102.0,85.0,102,0.708
0022300707,2024-02-04,1610612766,Charlotte Hornets,1,0,1,0.0,48.0,100.0,101.0,115.1,116.2,-15.1,-15.1,0.514,1.64,14.1,0.236,0.755,0.481,0.112,0.443,0.5,99.5,98.5,82.08,98,0.392
0022300712,2024-02-04,1610612743,Denver Nuggets,1,1,0,1.0,48.0,125.3,124.4,115.0,115.7,10.4,8.7,0.619,2.89,19.7,0.356,0.66,0.511,0.1,0.558,0.593,89.5,89.5,74.58,90,0.544
0022300704,2024-02-04,1610612765,Detroit Pistons,1,0,1,0.0,48.0,103.5,105.3,118.6,116.8,-15.1,-11.5,0.611,1.47,17.3,0.239,0.775,0.488,0.16,0.5,0.552,94.6,94.5,78.75,94,0.438
0022300709,2024-02-04,1610612745,Houston Rockets,1,0,1,0.0,48.0,89.2,89.1,103.9,107.8,-14.6,-18.7,0.645,1.82,15.3,0.169,0.647,0.391,0.109,0.409,0.451,103.9,102.0,85.0,101,0.352
0022300707,2024-02-04,1610612754,Indiana Pacers,1,1,0,1.0,48.0,115.1,116.2,100.0,101.0,15.1,15.1,0.756,3.09,23.4,0.245,0.764,0.519,0.111,0.549,0.575,99.5,98.5,82.08,99,0.608
0022300708,2024-02-04,1610612746,LA Clippers,1,1,0,1.0,48.0,108.8,108.4,100.8,100.0,8.0,8.4,0.676,1.35,17.8,0.244,0.755,0.52,0.179,0.545,0.594,94.5,95.0,79.17,95,0.551
0022300706,2024-02-04,1610612763,Memphis Grizzlies,1,0,1,0.0,48.0,89.8,89.2,129.8,128.4,-40.0,-39.2,0.543,0.95,13.8,0.293,0.635,0.455,0.196,0.44,0.468,101.1,102.0,85.0,102,0.292
0022300708,2024-02-04,1610612748,Miami Heat,1,0,1,0.0,48.0,100.8,100.0,108.8,108.4,-8.0,-8.4,0.632,2.4,18.2,0.245,0.756,0.48,0.105,0.462,0.493,94.5,95.0,79.17,95,0.449
0022300711,2024-02-04,1610612749,Milwaukee Bucks,1,0,1,0.0,48.0,108.0,108.0,118.8,123.0,-10.8,-15.0,0.692,2.25,20.0,0.176,0.638,0.398,0.12,0.554,0.568,101.8,100.0,83.33,100,0.426
0022300709,2024-02-04,1610612750,Minnesota Timberwolves,1,1,0,1.0,48.0,103.9,107.8,89.2,89.1,14.6,18.7,0.525,1.31,14.8,0.353,0.831,0.609,0.155,0.506,0.545,103.9,102.0,85.0,103,0.648
0022300710,2024-02-04,1610612760,Oklahoma City Thunder,1,1,0,1.0,58.0,122.1,128.6,114.2,118.7,8.0,9.9,0.769,3.64,24.2,0.345,0.648,0.491,0.105,0.577,0.595,91.8,87.72,73.1,105,0.515
0022300704,2024-02-04,1610612753,Orlando Magic,1,1,0,1.0,48.0,118.6,116.8,103.5,105.3,15.1,11.5,0.489,2.2,17.5,0.225,0.761,0.512,0.105,0.595,0.613,94.6,94.5,78.75,95,0.562
0022300705,2024-02-04,1610612756,Phoenix Suns,1,1,0,1.0,48.0,129.1,130.8,103.2,103.7,25.9,27.1,0.611,1.83,21.7,0.324,0.667,0.523,0.168,0.676,0.704,108.5,107.5,89.58,107,0.627
0022300712,2024-02-04,1610612757,Portland Trail Blazers,1,0,1,0.0,48.0,115.0,115.7,125.3,124.4,-10.4,-8.7,0.744,2.23,21.6,0.34,0.644,0.489,0.146,0.524,0.562,89.5,89.5,74.58,89,0.456
0022300710,2024-02-04,1610612761,Toronto Raptors,1,0,1,0.0,58.0,114.2,118.7,122.1,128.6,-8.0,-9.9,0.792,3.17,23.5,0.352,0.655,0.509,0.112,0.545,0.576,91.8,87.72,73.1,107,0.485
0022300711,2024-02-04,1610612762,Utah Jazz,1,1,0,1.0,48.0,118.8,123.0,108.0,108.0,10.8,15.0,0.721,1.94,21.1,0.362,0.824,0.602,0.16,0.579,0.618,101.8,100.0,83.33,100,0.574
0022300705,2024-02-04,1610612764,Washington Wizards,1,0,1,0.0,48.0,103.2,103.7,129.1,130.8,-25.9,-27.1,0.681,1.78,20.4,0.333,0.676,0.477,0.167,0.526,0.541,108.5,107.5,89.58,108,0.373
0022300716,2024-02-05,1610612737,Atlanta Hawks,1,0,1,0.0,48.0,137.3,139.8,145.2,144.7,-7.9,-4.9,0.686,3.18,22.9,0.333,0.795,0.54,0.107,0.642,0.674,103.8,103.0,85.83,103,0.472
0022300717,2024-02-05,1610612751,Brooklyn Nets,1,0,1,0.0,48.0,100.3,100.0,107.8,112.4,-7.5,-12.4,0.676,2.3,17.3,0.241,0.608,0.413,0.102,0.455,0.497,99.4,97.5,81.25,98,0.398
0022300713,2024-02-05,1610612766,Charlotte Hornets,1,0,1,0.0,48.0,111.2,111.3,115.5,114.8,-4.3,-3.5,0.553,2.89,18.8,0.118,0.78,0.413,0.085,0.557,0.578,106.8,107.0,89.17,106,0.433
0022300714,2024-02-05,1610612739,Cleveland Cavaliers,1,1,0,1.0,48.0,136.7,137.4,109.7,112.2,27.0,25.1,0.706,4.0,25.2,0.205,0.792,0.543,0.091,0.71,0.712,99.9,98.5,82.08,99,0.631
0022300715,2024-02-05,1610612742,Dallas Mavericks,1,1,0,1.0,48.0,119.0,122.9,104.3,105.2,14.8,17.8,0.667,2.8,20.7,0.234,0.655,0.467,0.104,0.58,0.607,98.5,96.5,80.42,96,0.584
0022300717,2024-02-05,1610612744,Golden State Warriors,1,1,0,1.0,48.0,107.8,112.4,100.3,100.0,7.5,12.4,0.558,1.71,17.0,0.392,0.759,0.587,0.144,0.484,0.529,99.4,97.5,81.25,97,0.602
0022300716,2024-02-05,1610612746,LA Clippers,1,1,0,1.0,48.0,145.2,144.7,137.3,139.8,7.9,4.9,0.615,4.0,22.4,0.205,0.667,0.46,0.078,0.702,0.726,103.8,103.0,85.83,103,0.528
0022300713,2024-02-05,1610612747,Los Angeles Lakers,1,1,0,1.0,48.0,115.5,114.8,111.2,111.3,4.3,3.5,0.72,2.12,23.8,0.22,0.882,0.587,0.157,0.607,0.637,106.8,107.0,89.17,108,0.567
0022300718,2024-02-05,1610612740,New Orleans Pelicans,1,1,0,1.0,48.0,138.4,140.8,101.4,103.1,37.0,37.7,0.679,5.14,23.1,0.431,0.723,0.571,0.071,0.601,0.629,99.2,97.5,81.25,98,0.644
0022300715,2024-02-05,1610612755,Philadelphia 76ers,1,0,1,0.0,48.0,104.3,105.2,119.0,122.9,-14.8,-17.8,0.5,1.67,14.6,0.345,0.766,0.533,0.124,0.473,0.501,98.5,96.5,80.42,97,0.416
0022300714,2024-02-05,1610612758,Sacramento Kings,1,0,1,0.0,48.0,109.7,112.2,136.7,137.4,-27.0,-25.1,0.651,2.33,20.4,0.208,0.795,0.457,0.122,0.554,0.56,99.9,98.5,82.08,98,0.369
0022300718,2024-02-05,1610612761,Toronto Raptors,1,0,1,0.0,48.0,101.4,103.1,138.4,140.8,-37.0,-37.7,0.675,1.5,19.7,0.277,0.569,0.429,0.186,0.536,0.552,99.2,97.5,81.25,97,0.356
0022300720,2024-02-06,1610612751,Brooklyn Nets,1,0,1,0.0,48.0,107.4,107.0,117.0,119.0,-9.6,-12.0,0.805,3.3,23.2,0.18,0.809,0.485,0.1,0.516,0.548,100.7,100.0,83.33,100,0.481
0022300723,2024-02-06,1610612741,Chicago Bulls,1,1,0,1.0,53.0,119.4,121.7,114.5,118.3,4.9,3.4,0.533,1.71,16.4,0.373,0.717,0.548,0.132,0.548,0.602,97.6,95.09,79.25,106,0.549
0022300720,2024-02-06,1610612742,Dallas Mavericks,1,1,0,1.0,48.0,117.0,119.0,107.4,107.0,9.6,12.0,0.543,2.27,18.7,0.191,0.82,0.515,0.11,0.61,0.615,100.7,100.0,83.33,100,0.519
0022300719,2024-02-06,1610612745,Houston Rockets,1,0,1,0.0,48.0,126.3,129.0,133.1,133.3,-6.8,-4.3,0.52,1.73,17.3,0.49,0.833,0.635,0.15,0.577,0.602,100.6,99.5,82.92,100,0.469
0022300719,2024-02-06,1610612754,Indiana Pacers,1,1,0,1.0,48.0,133.1,133.3,126.3,129.0,6.8,4.3,0.648,2.92,25.0,0.167,0.51,0.365,0.121,0.715,0.716,100.6,99.5,82.92,99,0.531
0022300722,2024-02-06,1610612763,Memphis Grizzlies,1,0,1,0.0,48.0,116.4,118.9,127.1,128.1,-10.6,-9.2,0.805,1.83,23.6,0.286,0.744,0.506,0.189,0.644,0.649,96.9,95.5,79.58,95,0.44
0022300721,2024-02-06,1610612748,Miami Heat,1,1,0,1.0,48.0,124.8,123.5,95.7,97.9,29.1,25.5,0.66,2.38,21.8,0.295,0.755,0.538,0.133,0.615,0.637,98.1,97.5,81.25,98,0.621
0022300725,2024-02-06,1610612749,Milwaukee Bucks,1,0,1,0.0,48.0,101.9,105.0,108.7,111.8,-6.8,-6.8,0.59,1.77,16.7,0.25,0.75,0.481,0.129,0.506,0.525,104.4,101.5,84.58,101,0.456
0022300723,2024-02-06,1610612750,Minnesota Timberwolves,1,0,1,0.0,53.0,114.5,118.3,119.4,121.7,-4.9,-3.4,0.667,2.0,19.0,0.283,0.627,0.452,0.135,0.565,0.595,97.6,95.09,79.25,104,0.451
0022300722,2024-02-06,1610612752,New York Knicks,1,1,0,1.0,48.0,127.1,128.1,116.4,118.9,10.6,9.2,0.583,2.8,20.9,0.256,0.714,0.494,0.104,0.622,0.649,96.9,95.5,79.58,96,0.56
0022300724,2024-02-06,1610612760,Oklahoma City Thunder,1,0,1,0.0,48.0,117.1,119.4,124.2,125.3,-7.2,-5.9,0.605,2.36,19.1,0.24,0.568,0.394,0.112,0.583,0.597,99.9,98.5,82.08,98,0.449
0022300721,2024-02-06,1610612753,Orlando Magic,1,0,1,0.0,48.0,95.7,97.9,124.8,123.5,-29.1,-25.5,0.714,1.39,18.8,0.245,0.705,0.462,0.186,0.5,0.532,98.1,97.5,81.25,97,0.379
0022300725,2024-02-06,1610612756,Phoenix Suns,1,1,0,1.0,48.0,108.7,111.8,101.9,105.0,6.8,6.8,0.386,1.21,13.0,0.25,0.75,0.519,0.137,0.552,0.576,104.4,101.5,84.58,102,0.544
0022300724,2024-02-06,1610612762,Utah Jazz,1,1,0,1.0,48.0,124.2,125.3,117.1,119.4,7.2,5.9,0.63,1.71,19.7,0.432,0.76,0.606,0.172,0.596,0.634,99.9,98.5,82.08,99,0.551
0022300729,2024-02-07,1610612737,Atlanta Hawks,1,0,1,0.0,48.0,109.6,110.4,118.1,119.0,-8.6,-8.7,0.558,2.67,16.7,0.288,0.841,0.524,0.085,0.485,0.528,106.3,105.5,87.92,106,0.447
0022300729,2024-02-07,1610612738,Boston Celtics,1,1,0,1.0,48.0,118.1,119.0,109.6,110.4,8.6,8.7,0.673,2.36,22.8,0.159,0.712,0.476,0.133,0.618,0.639,106.3,105.5,87.92,105,0.553
0022300726,2024-02-07,1610612766,Charlotte Hornets,1,0,1,0.0,48.0,117.2,121.9,128.7,126.8,-11.5,-4.9,0.614,2.7,19.9,0.265,0.769,0.489,0.104,0.578,0.592,97.7,96.5,80.42,96,0.444
0022300728,2024-02-07,1610612739,Cleveland Cavaliers,1,1,0,1.0,48.0,108.9,111.8,105.0,103.9,3.9,7.8,0.581,1.79,18.0,0.25,0.759,0.52,0.137,0.557,0.584,102.8,102.0,85.0,102,0.545
0022300732,2024-02-07,1610612765,Detroit Pistons,1,1,0,1.0,48.0,132.1,133.0,115.7,117.6,16.4,15.4,0.681,2.46,23.0,0.189,0.833,0.571,0.13,0.661,0.71,102.2,101.0,84.17,100,0.562
0022300727,2024-02-07,1610612744,Golden State Warriors,1,1,0,1.0,48.0,121.3,123.3,96.2,101.0,25.2,22.3,0.638,2.31,20.1,0.327,0.702,0.528,0.126,0.585,0.612,106.4,103.0,85.83,103,0.608
0022300731,2024-02-07,1610612746,LA Clippers,1,0,1,0.0,48.0,105.5,107.1,114.7,118.2,-9.1,-11.1,0.639,1.21,17.3,0.256,0.711,0.489,0.192,0.538,0.593,101.2,99.0,82.5,99,0.426
0022300730,2024-02-07,1610612748,Miami Heat,1,1,0,1.0,48.0,112.5,111.5,97.7,102.0,14.8,9.6,0.674,2.64,20.7,0.149,0.804,0.49,0.106,0.563,0.597,104.8,103.0,85.83,104,0.559
0022300731,2024-02-07,1610612740,New Orleans Pelicans,1,1,0,1.0,48.0,114.7,118.2,105.5,107.1,9.1,11.1,0.638,2.0,21.1,0.289,0.744,0.511,0.152,0.602,0.616,101.2,99.0,82.5,99,0.574
0022300727,2024-02-07,1610612755,Philadelphia 76ers,1,0,1,0.0,48.0,96.2,101.0,121.3,123.3,-25.2,-22.3,0.512,1.4,14.9,0.298,0.673,0.472,0.146,0.459,0.499,106.4,103.0,85.83,103,0.392
0022300732,2024-02-07,1610612758,Sacramento Kings,1,0,1,0.0,48.0,115.7,117.6,132.1,133.0,-16.4,-15.4,0.689,7.75,21.8,0.167,0.811,0.429,0.039,0.553,0.573,102.2,101.0,84.17,102,0.438
0022300730,2024-02-07,1610612759,San Antonio Spurs,1,0,1,0.0,48.0,97.7,102.0,112.5,111.5,-14.8,-9.6,0.732,2.0,21.1,0.196,0.851,0.51,0.147,0.522,0.533,104.8,103.0,85.83,102,0.441
0022300726,2024-02-07,1610612761,Toronto Raptors,1,1,0,1.0,48.0,128.7,126.8,117.2,121.9,11.5,4.9,0.698,2.73,22.2,0.231,0.735,0.511,0.113,0.636,0.672,97.7,96.5,80.42,97,0.556
0022300728,2024-02-07,1610612764,Washington Wizards,1,0,1,0.0,48.0,105.0,103.9,108.9,111.8,-3.9,-7.8,0.643,1.8,19.0,0.241,0.75,0.48,0.147,0.532,0.541,102.8,102.0,85.0,102,0.455
0022300735,2024-02-08,1610612751,Brooklyn Nets,1,0,1,0.0,48.0,95.8,97.9,121.1,121.6,-25.2,-23.7,0.595,1.83,16.4,0.281,0.757,0.468,0.124,0.452,0.479,98.3,97.0,80.83,97,0.34
0022300737,2024-02-08,1610612741,Chicago Bulls,1,1,0,1.0,48.0,123.3,124.2,112.6,117.0,10.8,7.2,0.558,1.6,18.6,0.297,0.75,0.562,0.158,0.62,0.665,96.7,94.5,78.75,95,0.578
0022300735,2024-02-08,1610612739,Cleveland Cavaliers,1,1,0,1.0,48.0,121.1,121.6,95.8,97.9,25.2,23.7,0.605,1.53,19.7,0.243,0.719,0.532,0.175,0.631,0.674,98.3,97.0,80.83,97,0.66
0022300736,2024-02-08,1610612742,Dallas Mavericks,1,1,0,1.0,48.0,128.3,127.1,109.3,113.7,19.0,13.4,0.698,3.33,22.6,0.171,0.679,0.457,0.094,0.634,0.662,97.0,95.5,79.58,96,0.586
0022300740,2024-02-08,1610612743,Denver Nuggets,1,1,0,1.0,48.0,113.9,118.8,110.8,111.6,3.1,7.2,0.702,2.36,22.0,0.412,0.765,0.588,0.146,0.557,0.57,97.9,95.5,79.58,96,0.504
0022300741,2024-02-08,1610612765,Detroit Pistons,1,1,0,1.0,53.0,118.9,121.9,111.4,115.1,7.5,6.8,0.578,1.53,17.2,0.404,0.653,0.525,0.162,0.57,0.6,98.3,95.55,79.62,105,0.501
0022300733,2024-02-08,1610612744,Golden State Warriors,1,1,0,1.0,48.0,123.9,131.0,109.1,109.0,14.8,22.0,0.635,1.94,22.0,0.395,0.833,0.626,0.17,0.651,0.663,102.8,100.0,83.33,100,0.577
0022300733,2024-02-08,1610612754,Indiana Pacers,1,0,1,0.0,48.0,109.1,109.0,123.9,131.0,-14.8,-22.0,0.795,2.21,22.3,0.167,0.605,0.374,0.14,0.556,0.587,102.8,100.0,83.33,100,0.423
0022300740,2024-02-08,1610612747,Los Angeles Lakers,1,0,1,0.0,48.0,110.8,111.6,113.9,118.8,-3.1,-7.2,0.659,3.86,20.1,0.235,0.588,0.412,0.074,0.506,0.537,97.9,95.5,79.58,95,0.496
0022300737,2024-02-08,1610612763,Memphis Grizzlies,1,0,1,0.0,48.0,112.6,117.0,123.3,124.2,-10.8,-7.2,0.619,2.6,19.7,0.25,0.703,0.438,0.106,0.56,0.569,96.7,94.5,78.75,94,0.422
0022300738,2024-02-08,1610612749,Milwaukee Bucks,1,0,1,0.0,48.0,115.3,116.7,143.3,141.8,-27.9,-25.1,0.875,2.69,25.5,0.273,0.674,0.471,0.144,0.58,0.596,90.5,90.5,75.42,90,0.434
0022300738,2024-02-08,1610612750,Minnesota Timberwolves,1,1,0,1.0,48.0,143.3,141.8,115.3,116.7,27.9,25.1,0.708,4.25,24.5,0.326,0.727,0.529,0.088,0.672,0.686,90.5,90.5,75.42,91,0.566
0022300736,2024-02-08,1610612752,New York Knicks,1,0,1,0.0,48.0,109.3,113.7,128.3,127.1,-19.0,-13.4,0.643,1.93,19.4,0.321,0.829,0.543,0.147,0.521,0.546,97.0,95.5,79.58,95,0.414
0022300734,2024-02-08,1610612753,Orlando Magic,1,1,0,1.0,48.0,127.3,129.6,111.6,112.1,15.7,17.5,0.694,2.0,23.8,0.306,0.846,0.587,0.173,0.695,0.699,99.6,98.5,82.08,98,0.561
0022300739,2024-02-08,1610612756,Phoenix Suns,1,1,0,1.0,48.0,126.4,126.5,111.0,111.7,15.5,14.8,0.712,3.08,25.5,0.15,0.603,0.418,0.118,0.67,0.679,102.8,102.5,85.42,102,0.572
0022300741,2024-02-08,1610612757,Portland Trail Blazers,1,0,1,0.0,53.0,111.4,115.1,118.9,121.9,-7.5,-6.8,0.707,1.71,19.3,0.347,0.596,0.475,0.16,0.522,0.589,98.3,95.55,79.62,106,0.499
0022300734,2024-02-08,1610612759,San Antonio Spurs,1,0,1,0.0,48.0,111.6,112.1,127.3,129.6,-15.7,-17.5,0.69,1.93,21.6,0.154,0.694,0.413,0.152,0.586,0.627,99.6,98.5,82.08,99,0.439
0022300739,2024-02-08,1610612762,Utah Jazz,1,0,1,0.0,48.0,111.0,111.7,126.4,126.5,-15.5,-14.8,0.683,1.87,18.2,0.397,0.85,0.582,0.146,0.5,0.534,102.8,102.5,85.42,103,0.428
0022300742,2024-02-09,1610612737,Atlanta Hawks,1,1,0,1.0,48.0,127.6,128.3,117.8,121.0,9.9,7.3,0.738,2.38,22.1,0.238,0.593,0.446,0.131,0.617,0.665,101.1,99.5,82.92,99,0.561
0022300743,2024-02-09,1610612738,Boston Celtics,1,1,0,1.0,48.0,122.8,119.8,116.0,117.3,6.8,2.5,0.521,1.92,17.2,0.205,0.863,0.558,0.117,0.582,0.637,109.8,110.5,92.08,111,0.541
0022300745,2024-02-09,1610612766,Charlotte Hornets,1,0,1,0.0,48.0,85.1,84.8,118.2,121.2,-33.1,-36.4,0.63,1.13,13.4,0.2,0.75,0.477,0.152,0.386,0.458,100.2,99.0,82.5,99,0.321
0022300746,2024-02-09,1610612743,Denver Nuggets,1,0,1,0.0,48.0,99.7,102.9,128.7,131.1,-29.0,-28.2,0.684,1.24,18.3,0.26,0.784,0.483,0.204,0.524,0.562,105.6,103.0,85.83,103,0.375
0022300744,2024-02-09,1610612745,Houston Rockets,1,0,1,0.0,48.0,101.9,106.1,107.7,110.3,-5.8,-4.2,0.579,1.0,15.9,0.417,0.673,0.553,0.224,0.535,0.565,100.7,97.5,81.25,98,0.462
0022300747,2024-02-09,1610612747,Los Angeles Lakers,1,1,0,1.0,48.0,132.3,137.6,119.5,120.8,12.8,16.8,0.653,4.0,22.4,0.244,0.711,0.488,0.079,0.636,0.681,103.6,101.0,84.17,101,0.547
0022300745,2024-02-09,1610612749,Milwaukee Bucks,1,1,0,1.0,48.0,118.2,121.2,85.1,84.8,33.1,36.4,0.634,3.71,18.8,0.25,0.8,0.523,0.071,0.532,0.574,100.2,99.0,82.5,99,0.679
0022300747,2024-02-09,1610612740,New Orleans Pelicans,1,0,1,0.0,48.0,119.5,120.8,132.3,137.6,-12.8,-16.8,0.609,2.15,19.7,0.289,0.756,0.512,0.129,0.579,0.615,103.6,101.0,84.17,101,0.453
0022300742,2024-02-09,1610612755,Philadelphia 76ers,1,0,1,0.0,48.0,117.8,121.0,127.6,128.3,-9.9,-7.3,0.571,2.4,16.2,0.407,0.762,0.554,0.1,0.505,0.546,101.1,99.5,82.92,100,0.439
0022300746,2024-02-09,1610612758,Sacramento Kings,1,1,0,1.0,48.0,128.7,131.1,99.7,102.9,29.0,28.2,0.627,2.0,22.5,0.216,0.74,0.517,0.155,0.684,0.711,105.6,103.0,85.83,103,0.625
0022300744,2024-02-09,1610612761,Toronto Raptors,1,1,0,1.0,48.0,107.7,110.3,101.9,106.1,5.8,4.2,0.6,2.0,17.3,0.327,0.583,0.447,0.124,0.474,0.518,100.7,97.5,81.25,97,0.538
0022300743,2024-02-09,1610612764,Washington Wizards,1,0,1,0.0,48.0,116.0,117.3,122.8,119.8,-6.8,-2.5,0.711,2.67,21.5,0.137,0.795,0.442,0.109,0.579,0.619,109.8,110.5,92.08,110,0.459
0022300754,2024-02-10,1610612737,Atlanta Hawks,1,1,0,1.0,48.0,114.8,116.2,103.3,107.6,11.5,8.6,0.625,2.27,17.7,0.204,0.627,0.425,0.105,0.534,0.585,107.8,105.0,87.5,105,0.552
0022300750,2024-02-10,1610612751,Brooklyn Nets,1,1,0,1.0,48.0,129.7,129.5,103.8,109.6,25.9,19.9,0.633,2.58,22.8,0.282,0.6,0.468,0.126,0.661,0.67,97.0,94.5,78.75,95,0.606
0022300751,2024-02-10,1610612766,Charlotte Hornets,1,1,0,1.0,48.0,116.1,116.2,107.6,109.3,8.5,6.9,0.638,1.58,21.7,0.257,0.804,0.581,0.192,0.671,0.676,98.8,98.0,81.67,99,0.559
0022300752,2024-02-10,1610612741,Chicago Bulls,1,0,1,0.0,53.0,113.5,114.9,110.2,118.8,3.3,-3.9,0.488,2.63,15.6,0.351,0.529,0.435,0.085,0.495,0.514,89.9,86.04,71.7,94,0.465
0022300756,2024-02-10,1610612739,Cleveland Cavaliers,1,1,0,1.0,48.0,125.6,129.3,98.8,101.1,26.8,28.3,0.75,3.27,24.8,0.37,0.685,0.54,0.12,0.598,0.609,95.4,93.0,77.5,92,0.623
0022300748,2024-02-10,1610612742,Dallas Mavericks,1,1,0,1.0,48.0,137.1,137.7,105.5,104.7,31.6,33.0,0.566,2.5,20.1,0.31,0.774,0.587,0.113,0.665,0.692,105.9,106.0,88.33,106,0.659
0022300749,2024-02-10,1610612765,Detroit Pistons,1,0,1,0.0,48.0,100.9,102.9,107.2,108.7,-6.4,-5.8,0.6,1.93,18.5,0.281,0.978,0.588,0.136,0.485,0.504,104.8,103.0,85.83,103,0.481
0022300757,2024-02-10,1610612744,Golden State Warriors,1,1,0,1.0,48.0,105.8,107.6,105.6,106.7,0.1,1.0,0.733,2.36,21.2,0.31,0.804,0.541,0.133,0.53,0.534,106.4,105.0,87.5,105,0.481
0022300754,2024-02-10,1610612745,Houston Rockets,1,0,1,0.0,48.0,103.3,107.6,114.8,116.2,-11.5,-8.6,0.5,1.29,14.8,0.373,0.796,0.575,0.162,0.505,0.521,107.8,105.0,87.5,105,0.448
0022300755,2024-02-10,1610612754,Indiana Pacers,1,1,0,1.0,48.0,124.6,127.6,113.1,111.0,11.4,16.6,0.6,1.88,22.1,0.216,0.844,0.561,0.163,0.695,0.692,99.2,99.0,82.5,98,0.562
0022300749,2024-02-10,1610612746,LA Clippers,1,1,0,1.0,48.0,107.2,108.7,100.9,102.9,6.4,5.8,0.541,1.82,16.1,0.022,0.719,0.412,0.107,0.53,0.599,104.8,103.0,85.83,103,0.519
0022300751,2024-02-10,1610612763,Memphis Grizzlies,1,0,1,0.0,48.0,107.6,109.3,116.1,116.2,-8.5,-6.9,0.767,2.75,23.6,0.196,0.743,0.419,0.124,0.554,0.555,98.8,98.0,81.67,97,0.441
0022300758,2024-02-10,1610612740,New Orleans Pelicans,1,1,0,1.0,48.0,106.8,106.9,92.8,97.7,14.0,9.2,0.75,2.25,21.4,0.279,0.644,0.466,0.138,0.539,0.56,88.8,86.5,72.08,87,0.576
0022300755,2024-02-10,1610612752,New York Knicks,1,0,1,0.0,48.0,113.1,111.0,124.6,127.6,-11.4,-16.6,0.4,1.78,13.1,0.156,0.784,0.439,0.09,0.536,0.59,99.2,99.0,82.5,100,0.438
0022300748,2024-02-10,1610612760,Oklahoma City Thunder,1,0,1,0.0,48.0,105.5,104.7,137.1,137.7,-31.6,-33.0,0.605,2.3,16.1,0.226,0.69,0.413,0.094,0.474,0.518,105.9,106.0,88.33,106,0.341
0022300752,2024-02-10,1610612753,Orlando Magic,1,1,0,1.0,53.0,110.2,118.8,113.5,114.9,-3.3,3.9,0.561,1.35,16.4,0.471,0.649,0.565,0.177,0.54,0.573,89.9,86.04,71.7,96,0.535
0022300753,2024-02-10,1610612755,Philadelphia 76ers,1,1,0,1.0,48.0,110.1,112.3,107.4,107.6,2.7,4.6,0.583,2.55,18.3,0.339,0.8,0.545,0.104,0.52,0.54,106.7,105.5,87.92,106,0.526
0022300757,2024-02-10,1610612756,Phoenix Suns,1,0,1,0.0,48.0,105.6,106.7,105.8,107.6,-0.1,-1.0,0.651,2.0,19.6,0.196,0.69,0.459,0.133,0.516,0.554,106.4,105.0,87.5,105,0.519
0022300758,2024-02-10,1610612757,Portland Trail Blazers,1,0,1,0.0,48.0,92.8,97.7,106.8,106.9,-14.0,-9.2,0.576,1.06,15.7,0.356,0.721,0.534,0.209,0.474,0.503,88.8,86.5,72.08,86,0.424
0022300750,2024-02-10,1610612759,San Antonio Spurs,1,0,1,0.0,48.0,103.8,109.6,129.7,129.5,-25.9,-19.9,0.556,1.43,14.8,0.4,0.718,0.532,0.149,0.456,0.514,97.0,94.5,78.75,94,0.394
0022300756,2024-02-10,1610612761,Toronto Raptors,1,0,1,0.0,48.0,98.8,101.1,125.6,129.3,-26.8,-28.3,0.629,2.0,16.5,0.315,0.63,0.46,0.117,0.454,0.489,95.4,93.0,77.5,94,0.377
0022300753,2024-02-10,1610612764,Washington Wizards,1,0,1,0.0,48.0,107.4,107.6,110.1,112.3,-2.7,-4.6,0.667,1.65,19.7,0.2,0.661,0.455,0.162,0.564,0.593,106.7,105.5,87.92,105,0.474
0022300759,2024-02-11,1610612738,Boston Celtics,1,1,0,1.0,48.0,117.7,120.9,109.7,116.5,7.9,4.4,0.659,2.45,20.9,0.262,0.649,0.485,0.121,0.605,0.622,95.0,91.0,75.83,91,0.553
0022300759,2024-02-11,1610612748,Miami Heat,1,0,1,0.0,48.0,109.7,116.5,117.7,120.9,-7.9,-4.4,0.525,3.0,15.9,0.351,0.738,0.515,0.077,0.474,0.512,95.0,91.0,75.83,91,0.447
0022300760,2024-02-11,1610612760,Oklahoma City Thunder,1,1,0,1.0,48.0,123.4,127.0,108.9,113.0,14.5,14.0,0.652,2.73,21.4,0.268,0.688,0.494,0.11,0.618,0.655,103.3,100.0,83.33,100,0.573
0022300760,2024-02-11,1610612758,Sacramento Kings,1,0,1,0.0,48.0,108.9,113.0,123.4,127.0,-14.5,-14.0,0.727,1.78,21.8,0.313,0.732,0.506,0.18,0.578,0.59,103.3,100.0,83.33,100,0.427
0022300763,2024-02-12,1610612737,Atlanta Hawks,1,0,1,0.0,48.0,121.4,121.2,131.1,128.3,-9.6,-7.1,0.75,2.75,21.7,0.283,0.818,0.526,0.115,0.543,0.59,103.8,105.0,87.5,104,0.469
0022300761,2024-02-12,1610612766,Charlotte Hornets,1,1,0,1.0,48.0,107.7,111.0,103.0,102.0,4.7,9.0,0.614,1.42,20.0,0.22,0.932,0.588,0.19,0.598,0.623,101.0,100.0,83.33,100,0.513
0022300763,2024-02-12,1610612741,Chicago Bulls,1,1,0,1.0,48.0,131.1,128.3,121.4,121.2,9.6,7.1,0.569,4.83,20.3,0.182,0.717,0.474,0.057,0.625,0.649,103.8,105.0,87.5,106,0.531
0022300762,2024-02-12,1610612739,Cleveland Cavaliers,1,0,1,0.0,48.0,122.2,126.0,127.6,128.1,-5.4,-2.1,0.75,3.0,22.4,0.38,0.707,0.527,0.115,0.549,0.587,97.7,96.0,80.0,96,0.506
0022300768,2024-02-12,1610612742,Dallas Mavericks,1,1,0,1.0,48.0,100.5,101.8,89.2,95.4,11.3,6.4,0.628,1.69,17.8,0.259,0.692,0.488,0.145,0.495,0.521,114.0,109.5,91.25,110,0.568
0022300767,2024-02-12,1610612743,Denver Nuggets,1,0,1,0.0,48.0,92.7,96.9,116.8,115.5,-24.1,-18.5,0.667,1.85,17.3,0.288,0.8,0.51,0.133,0.441,0.468,99.2,97.5,81.25,98,0.398
0022300769,2024-02-12,1610612744,Golden State Warriors,1,1,0,1.0,48.0,118.9,122.9,99.0,101.9,19.9,21.0,0.646,2.38,20.5,0.302,0.75,0.524,0.124,0.58,0.6,108.3,105.0,87.5,105,0.588
0022300765,2024-02-12,1610612745,Houston Rockets,1,1,0,1.0,48.0,111.1,112.9,108.1,112.0,3.0,0.9,0.611,1.83,17.1,0.306,0.585,0.451,0.129,0.513,0.555,94.9,92.5,77.08,93,0.551
0022300761,2024-02-12,1610612754,Indiana Pacers,1,0,1,0.0,48.0,103.0,102.0,107.7,111.0,-4.7,-9.0,0.738,2.82,23.1,0.068,0.78,0.412,0.11,0.554,0.566,101.0,100.0,83.33,100,0.487
0022300770,2024-02-12,1610612746,LA Clippers,1,0,1,0.0,48.0,101.6,104.2,123.0,127.4,-21.4,-23.2,0.588,1.54,15.4,0.275,0.65,0.44,0.135,0.458,0.524,98.4,95.5,79.58,96,0.378
0022300766,2024-02-12,1610612763,Memphis Grizzlies,1,0,1,0.0,48.0,87.4,90.6,100.5,100.0,-13.0,-9.4,0.824,1.56,21.4,0.17,0.702,0.436,0.188,0.494,0.515,97.5,96.0,80.0,96,0.474
0022300767,2024-02-12,1610612749,Milwaukee Bucks,1,1,0,1.0,48.0,116.8,115.5,92.7,96.9,24.1,18.5,0.714,2.31,22.1,0.2,0.712,0.49,0.134,0.595,0.609,99.2,97.5,81.25,97,0.602
0022300770,2024-02-12,1610612750,Minnesota Timberwolves,1,1,0,1.0,48.0,123.0,127.4,101.6,104.2,21.4,23.2,0.717,2.54,23.4,0.35,0.725,0.56,0.137,0.599,0.641,98.4,95.5,79.58,95,0.622
0022300766,2024-02-12,1610612740,New Orleans Pelicans,1,1,0,1.0,48.0,100.5,100.0,87.4,90.6,13.0,9.4,0.656,1.11,16.0,0.298,0.83,0.564,0.198,0.494,0.542,97.5,96.0,80.0,96,0.526
0022300765,2024-02-12,1610612752,New York Knicks,1,0,1,0.0,48.0,108.1,112.0,111.1,112.9,-3.0,-0.9,0.452,1.12,14.3,0.415,0.694,0.549,0.185,0.522,0.529,94.9,92.5,77.08,92,0.449
0022300762,2024-02-12,1610612755,Philadelphia 76ers,1,1,0,1.0,48.0,127.6,128.1,122.2,126.0,5.4,2.1,0.521,2.27,18.8,0.293,0.62,0.473,0.115,0.608,0.638,97.7,96.0,80.0,96,0.494
0022300764,2024-02-12,1610612759,San Antonio Spurs,1,1,0,1.0,48.0,109.8,111.9,91.6,91.7,18.2,20.3,0.804,1.95,23.9,0.209,0.717,0.505,0.174,0.592,0.628,109.6,108.5,90.42,109,0.656
0022300764,2024-02-12,1610612761,Toronto Raptors,1,0,1,0.0,48.0,91.6,91.7,109.8,111.9,-18.2,-20.3,0.641,1.32,16.7,0.283,0.791,0.495,0.176,0.439,0.471,109.6,108.5,90.42,108,0.344
0022300769,2024-02-12,1610612762,Utah Jazz,1,0,1,0.0,48.0,99.0,101.9,118.9,122.9,-19.9,-21.0,0.561,1.28,16.3,0.25,0.698,0.476,0.171,0.505,0.54,108.3,105.0,87.5,105,0.412
0022300768,2024-02-12,1610612764,Washington Wizards,1,0,1,0.0,48.0,89.2,95.4,100.5,101.8,-11.3,-6.4,0.614,1.69,17.3,0.308,0.741,0.512,0.147,0.448,0.462,114.0,109.5,91.25,109,0.432
0022300771,2024-02-13,1610612738,Boston Celtics,1,1,0,1.0,48.0,117.9,122.9,115.3,114.6,2.6,8.3,0.721,2.21,22.3,0.289,0.818,0.551,0.146,0.608,0.634,97.8,96.0,80.0,96,0.525
0022300771,2024-02-13,1610612751,Brooklyn Nets,1,0,1,0.0,48.0,115.3,114.6,117.9,122.9,-2.6,-8.3,0.718,2.33,21.2,0.182,0.711,0.449,0.125,0.589,0.608,97.8,96.0,80.0,96,0.475
0022300776,2024-02-13,1610612765,Detroit Pistons,1,0,1,0.0,48.0,102.3,104.7,117.7,119.0,-15.4,-14.3,0.667,3.0,19.0,0.338,0.791,0.519,0.094,0.454,0.481,107.3,105.5,87.92,106,0.4
0022300776,2024-02-13,1610612747,Los Angeles Lakers,1,1,0,1.0,48.0,117.7,119.0,102.3,104.7,15.4,14.3,0.744,2.0,21.9,0.209,0.662,0.481,0.152,0.595,0.643,107.3,105.5,87.92,105,0.6
0022300773,2024-02-13,1610612748,Miami Heat,1,1,0,1.0,48.0,120.7,121.8,96.2,96.0,24.5,25.7,0.756,2.43,23.4,0.227,0.87,0.556,0.139,0.626,0.648,101.4,101.0,84.17,101,0.608
0022300773,2024-02-13,1610612749,Milwaukee Bucks,1,0,1,0.0,48.0,96.2,96.0,120.7,121.8,-24.5,-25.7,0.649,1.33,18.5,0.13,0.773,0.444,0.178,0.524,0.552,101.4,101.0,84.17,101,0.392
0022300775,2024-02-13,1610612750,Minnesota Timberwolves,1,1,0,1.0,48.0,122.3,121.0,106.9,110.1,15.4,10.9,0.615,2.0,17.5,0.292,0.673,0.485,0.12,0.542,0.611,100.5,99.5,82.92,100,0.585
0022300772,2024-02-13,1610612760,Oklahoma City Thunder,1,1,0,1.0,48.0,123.8,123.3,108.7,109.7,15.2,13.6,0.609,2.33,20.6,0.15,0.647,0.429,0.117,0.625,0.672,103.3,103.0,85.83,103,0.554
0022300772,2024-02-13,1610612753,Orlando Magic,1,0,1,0.0,48.0,108.7,109.7,123.8,123.3,-15.2,-13.6,0.707,1.81,19.3,0.353,0.85,0.571,0.155,0.511,0.554,103.3,103.0,85.83,103,0.446
0022300774,2024-02-13,1610612756,Phoenix Suns,1,1,0,1.0,48.0,122.8,122.6,120.7,120.2,2.1,2.4,0.659,2.42,20.0,0.239,0.688,0.468,0.113,0.594,0.645,104.7,105.0,87.5,106,0.539
0022300775,2024-02-13,1610612757,Portland Trail Blazers,1,0,1,0.0,48.0,106.9,110.1,122.3,121.0,-15.4,-10.9,0.667,1.63,18.6,0.327,0.708,0.515,0.162,0.511,0.556,100.5,99.5,82.92,99,0.415
0022300774,2024-02-13,1610612758,Sacramento Kings,1,0,1,0.0,48.0,120.7,120.2,122.8,122.6,-2.1,-2.4,0.551,2.08,18.5,0.313,0.761,0.532,0.125,0.563,0.592,104.7,105.0,87.5,104,0.461
0022300777,2024-02-14,1610612737,Atlanta Hawks,1,0,1,0.0,48.0,100.2,101.0,123.5,124.5,-23.3,-23.5,0.639,1.44,16.7,0.333,0.689,0.495,0.163,0.455,0.506,98.8,98.0,81.67,98,0.387
0022300780,2024-02-14,1610612738,Boston Celtics,1,1,0,1.0,48.0,141.3,146.2,91.9,90.5,49.4,55.7,0.615,3.2,23.2,0.325,0.824,0.604,0.108,0.692,0.706,94.9,94.0,78.33,93,0.689
0022300780,2024-02-14,1610612751,Brooklyn Nets,1,0,1,0.0,48.0,91.9,90.5,141.3,146.2,-49.4,-55.7,0.871,2.25,20.8,0.176,0.675,0.396,0.126,0.444,0.491,94.9,94.0,78.33,95,0.311
0022300777,2024-02-14,1610612766,Charlotte Hornets,1,1,0,1.0,48.0,123.5,124.5,100.2,101.0,23.3,23.5,0.614,2.08,19.6,0.311,0.667,0.505,0.133,0.579,0.624,98.8,98.0,81.67,98,0.613
0022300781,2024-02-14,1610612741,Chicago Bulls,1,0,1,0.0,48.0,108.8,109.4,114.6,113.7,-5.8,-4.3,0.474,1.2,14.2,0.304,0.844,0.571,0.156,0.542,0.58,95.4,95.5,79.58,96,0.45
0022300781,2024-02-14,1610612739,Cleveland Cavaliers,1,1,0,1.0,48.0,114.6,113.7,108.8,109.4,5.8,4.3,0.775,3.88,23.5,0.156,0.696,0.429,0.084,0.554,0.585,95.4,95.5,79.58,95,0.55
0022300785,2024-02-14,1610612742,Dallas Mavericks,1,1,0,1.0,48.0,111.1,111.5,88.1,90.3,23.0,21.2,0.571,1.75,19.4,0.273,0.754,0.56,0.154,0.592,0.602,105.0,103.5,86.25,104,0.613
0022300786,2024-02-14,1610612743,Denver Nuggets,1,0,1,0.0,48.0,99.3,97.0,99.6,100.0,-0.3,-3.0,0.771,2.25,19.1,0.236,0.745,0.481,0.119,0.444,0.497,100.5,101.5,84.58,101,0.491
0022300787,2024-02-14,1610612765,Detroit Pistons,1,0,1,0.0,48.0,89.5,90.9,104.2,104.5,-14.6,-13.6,0.684,1.37,17.1,0.262,0.717,0.45,0.173,0.434,0.46,111.5,110.5,92.08,110,0.342
0022300789,2024-02-14,1610612744,Golden State Warriors,1,0,1,0.0,48.0,116.9,120.2,124.7,126.2,-7.8,-6.0,0.723,3.78,21.9,0.293,0.735,0.495,0.087,0.544,0.563,105.6,103.5,86.25,104,0.478
0022300783,2024-02-14,1610612745,Houston Rockets,1,0,1,0.0,48.0,111.5,113.0,121.0,121.0,-9.4,-8.0,0.476,2.22,13.8,0.385,0.8,0.555,0.09,0.466,0.494,100.7,100.0,83.33,100,0.416
0022300782,2024-02-14,1610612754,Indiana Pacers,1,1,0,1.0,48.0,119.7,119.8,114.2,119.0,5.5,0.8,0.681,4.0,21.5,0.2,0.635,0.411,0.075,0.572,0.593,107.8,105.5,87.92,106,0.498
0022300789,2024-02-14,1610612746,LA Clippers,1,1,0,1.0,48.0,124.7,126.2,116.9,120.2,7.8,6.0,0.636,2.33,19.4,0.265,0.707,0.505,0.117,0.574,0.623,105.6,103.5,86.25,103,0.522
0022300788,2024-02-14,1610612747,Los Angeles Lakers,1,1,0,1.0,48.0,129.5,136.6,116.5,118.4,13.0,18.2,0.654,3.4,23.4,0.256,0.648,0.484,0.099,0.648,0.679,105.6,102.0,85.0,101,0.584
0022300783,2024-02-14,1610612763,Memphis Grizzlies,1,1,0,1.0,48.0,121.0,121.0,111.5,113.0,9.4,8.0,0.692,2.45,19.9,0.2,0.615,0.445,0.11,0.589,0.623,100.7,100.0,83.33,100,0.584
0022300779,2024-02-14,1610612748,Miami Heat,1,1,0,1.0,48.0,111.7,113.5,102.9,108.3,8.8,5.2,0.643,2.08,19.9,0.277,0.75,0.516,0.135,0.54,0.576,99.3,96.0,80.0,96,0.546
0022300784,2024-02-14,1610612740,New Orleans Pelicans,1,1,0,1.0,48.0,128.2,127.9,120.2,122.3,8.0,5.6,0.72,3.6,24.0,0.268,0.64,0.473,0.096,0.618,0.653,104.3,103.5,86.25,104,0.564
0022300778,2024-02-14,1610612752,New York Knicks,1,0,1,0.0,48.0,110.4,117.6,137.5,137.2,-27.0,-19.6,0.429,1.25,12.4,0.412,0.679,0.506,0.141,0.482,0.529,88.2,85.5,71.25,85,0.373
0022300778,2024-02-14,1610612753,Orlando Magic,1,1,0,1.0,48.0,137.5,137.2,110.4,117.6,27.0,19.6,0.521,2.08,20.8,0.321,0.588,0.494,0.14,0.711,0.73,88.2,85.5,71.25,86,0.627
0022300779,2024-02-14,1610612755,Philadelphia 76ers,1,0,1,0.0,48.0,102.9,108.3,111.7,113.5,-8.8,-5.2,0.707,2.07,21.2,0.25,0.723,0.484,0.146,0.535,0.559,99.3,96.0,80.0,96,0.454
0022300787,2024-02-14,1610612756,Phoenix Suns,1,1,0,1.0,48.0,104.2,104.5,89.5,90.9,14.6,13.6,0.8,1.17,18.4,0.283,0.738,0.55,0.216,0.519,0.602,111.5,110.5,92.08,111,0.658
0022300786,2024-02-14,1610612758,Sacramento Kings,1,1,0,1.0,48.0,99.6,100.0,99.3,97.0,0.3,3.0,0.538,1.4,15.4,0.255,0.764,0.519,0.147,0.489,0.524,100.5,101.5,84.58,102,0.509
0022300785,2024-02-14,1610612759,San Antonio Spurs,1,0,1,0.0,48.0,88.1,90.3,111.1,111.5,-23.0,-21.2,0.806,2.42,19.6,0.246,0.727,0.44,0.117,0.41,0.436,105.0,103.5,86.25,103,0.387
0022300782,2024-02-14,1610612761,Toronto Raptors,1,0,1,0.0,48.0,114.2,119.0,119.7,119.8,-5.5,-0.8,0.6,2.0,19.5,0.365,0.8,0.589,0.143,0.541,0.571,107.8,105.5,87.92,105,0.502
0022300788,2024-02-14,1610612762,Utah Jazz,1,0,1,0.0,48.0,116.5,118.4,129.5,136.6,-13.0,-18.2,0.592,2.23,19.2,0.352,0.744,0.516,0.126,0.554,0.572,105.6,102.0,85.0,103,0.416
0022300784,2024-02-14,1610612764,Washington Wizards,1,0,1,0.0,48.0,120.2,122.3,128.2,127.9,-8.0,-5.6,0.795,1.84,22.4,0.36,0.732,0.527,0.184,0.592,0.625,104.3,103.5,86.25,103,0.436
0022300576,2024-02-15,1610612744,Golden State Warriors,1,1,0,1.0,48.0,134.2,135.9,129.1,131.7,5.1,4.2,0.857,3.23,26.4,0.304,0.56,0.438,0.126,0.641,0.671,105.2,103.5,86.25,103,0.53
0022300790,2024-02-15,1610612763,Memphis Grizzlies,1,1,0,1.0,48.0,112.6,113.0,108.1,108.9,4.5,4.1,0.682,1.88,21.7,0.186,0.68,0.452,0.16,0.608,0.618,101.1,100.5,83.75,100,0.538
0022300790,2024-02-15,1610612749,Milwaukee Bucks,1,0,1,0.0,48.0,108.1,108.9,112.6,113.0,-4.5,-4.1,0.571,1.71,17.3,0.32,0.814,0.548,0.139,0.528,0.557,101.1,100.5,83.75,101,0.462
0022300791,2024-02-15,1610612750,Minnesota Timberwolves,1,1,0,1.0,48.0,123.2,125.5,89.0,89.2,34.2,36.3,0.522,1.71,17.3,0.295,0.782,0.566,0.137,0.579,0.634,103.0,102.0,85.0,102,0.715
0022300791,2024-02-15,1610612757,Portland Trail Blazers,1,0,1,0.0,48.0,89.0,89.2,123.2,125.5,-34.2,-36.3,0.581,1.2,13.6,0.218,0.705,0.434,0.147,0.422,0.473,103.0,102.0,85.0,102,0.285
0022300576,2024-02-15,1610612762,Utah Jazz,1,0,1,0.0,48.0,129.1,131.7,134.2,135.9,-5.1,-4.2,0.767,2.06,20.9,0.44,0.696,0.563,0.154,0.581,0.64,105.2,103.5,86.25,104,0.47
0022300797,2024-02-22,1610612738,Boston Celtics,1,1,0,1.0,48.0,127.4,129.0,110.8,112.0,16.6,17.0,0.6,1.93,20.1,0.171,0.667,0.446,0.14,0.681,0.699,101.1,100.0,83.33,100,0.556
0022300795,2024-02-22,1610612751,Brooklyn Nets,1,0,1,0.0,48.0,89.7,91.2,119.6,118.6,-29.9,-27.5,0.576,0.95,14.6,0.204,0.8,0.489,0.196,0.481,0.519,102.4,102.0,85.0,102,0.325
0022300801,2024-02-22,1610612766,Charlotte Hornets,1,1,0,1.0,48.0,115.4,115.0,105.0,109.2,10.3,5.8,0.7,2.8,19.6,0.286,0.627,0.449,0.1,0.543,0.565,100.8,99.0,82.5,100,0.521
0022300797,2024-02-22,1610612741,Chicago Bulls,1,0,1,0.0,48.0,110.8,112.0,127.4,129.0,-16.6,-17.0,0.682,2.31,20.4,0.333,0.829,0.554,0.13,0.521,0.554,101.1,100.0,83.33,100,0.444
0022300792,2024-02-22,1610612739,Cleveland Cavaliers,1,0,1,0.0,48.0,116.7,117.2,122.2,126.1,-5.6,-8.9,0.795,1.63,23.5,0.294,0.69,0.513,0.204,0.629,0.669,94.2,92.5,77.08,93,0.516
0022300796,2024-02-22,1610612742,Dallas Mavericks,1,1,0,1.0,48.0,123.9,128.1,114.7,117.7,9.3,10.4,0.558,2.4,17.8,0.313,0.674,0.489,0.104,0.583,0.62,98.9,96.0,80.0,96,0.551
0022300800,2024-02-22,1610612743,Denver Nuggets,1,1,0,1.0,48.0,117.5,120.4,96.4,101.9,21.2,18.5,0.732,2.56,24.7,0.37,0.714,0.578,0.148,0.589,0.604,112.4,108.0,90.0,108,0.654
0022300793,2024-02-22,1610612765,Detroit Pistons,1,0,1,0.0,48.0,108.6,108.5,118.0,122.9,-9.4,-14.4,0.574,1.8,19.0,0.191,0.766,0.479,0.142,0.596,0.593,107.6,105.5,87.92,106,0.419
0022300802,2024-02-22,1610612744,Golden State Warriors,1,1,0,1.0,48.0,119.4,128.0,112.0,108.9,7.5,19.1,0.64,3.56,20.6,0.397,0.766,0.562,0.09,0.542,0.566,102.7,100.5,83.75,100,0.542
0022300798,2024-02-22,1610612745,Houston Rockets,1,0,1,0.0,48.0,98.8,100.0,116.6,121.0,-17.8,-21.0,0.75,1.13,18.1,0.327,0.725,0.524,0.229,0.53,0.557,107.6,105.0,87.5,105,0.38
0022300793,2024-02-22,1610612754,Indiana Pacers,1,1,0,1.0,48.0,118.0,122.9,108.6,108.5,9.4,14.4,0.72,2.57,23.7,0.234,0.809,0.521,0.133,0.601,0.63,107.6,105.5,87.92,105,0.581
0022300799,2024-02-22,1610612746,LA Clippers,1,0,1,0.0,48.0,105.2,104.9,123.5,127.7,-18.3,-22.8,0.643,1.93,18.9,0.269,0.721,0.474,0.137,0.516,0.542,103.1,101.5,84.58,102,0.421
0022300802,2024-02-22,1610612747,Los Angeles Lakers,1,0,1,0.0,48.0,112.0,108.9,119.4,128.0,-7.5,-19.1,0.651,2.55,20.0,0.234,0.603,0.438,0.109,0.545,0.566,102.7,100.5,83.75,101,0.458
0022300798,2024-02-22,1610612740,New Orleans Pelicans,1,1,0,1.0,48.0,116.6,121.0,98.8,100.0,17.8,21.0,0.7,2.5,22.9,0.275,0.673,0.476,0.133,0.604,0.611,107.6,105.0,87.5,105,0.62
0022300794,2024-02-22,1610612752,New York Knicks,1,1,0,1.0,48.0,113.5,113.4,94.9,99.0,18.6,14.4,0.632,1.33,17.9,0.289,0.75,0.527,0.186,0.576,0.605,99.0,97.0,80.83,97,0.598
0022300799,2024-02-22,1610612760,Oklahoma City Thunder,1,1,0,1.0,48.0,123.5,127.7,105.2,104.9,18.3,22.8,0.48,1.6,17.5,0.279,0.731,0.526,0.149,0.65,0.662,103.1,101.5,84.58,101,0.579
0022300792,2024-02-22,1610612753,Orlando Magic,1,1,0,1.0,48.0,122.2,126.1,116.7,117.2,5.6,8.9,0.605,2.0,19.8,0.31,0.706,0.487,0.141,0.595,0.631,94.2,92.5,77.08,92,0.484
0022300794,2024-02-22,1610612755,Philadelphia 76ers,1,0,1,0.0,48.0,94.9,99.0,113.5,113.4,-18.6,-14.4,0.622,1.28,17.4,0.25,0.711,0.473,0.186,0.5,0.532,99.0,97.0,80.83,97,0.402
0022300796,2024-02-22,1610612756,Phoenix Suns,1,0,1,0.0,48.0,114.7,117.7,123.9,128.1,-9.3,-10.4,0.5,1.25,15.4,0.326,0.688,0.511,0.167,0.572,0.604,98.9,96.0,80.0,96,0.449
0022300803,2024-02-22,1610612758,Sacramento Kings,1,1,0,1.0,48.0,124.3,124.5,119.6,120.8,4.8,3.7,0.558,2.9,20.6,0.25,0.735,0.505,0.098,0.629,0.64,102.1,101.5,84.58,102,0.503
0022300803,2024-02-22,1610612759,San Antonio Spurs,1,0,1,0.0,48.0,119.6,120.8,124.3,124.5,-4.8,-3.7,0.74,4.63,24.5,0.265,0.75,0.495,0.079,0.566,0.581,102.1,101.5,84.58,101,0.497
0022300795,2024-02-22,1610612761,Toronto Raptors,1,1,0,1.0,48.0,119.6,118.6,89.7,91.2,29.9,27.5,0.585,2.18,17.8,0.2,0.796,0.511,0.108,0.571,0.622,102.4,102.0,85.0,102,0.675
0022300801,2024-02-22,1610612762,Utah Jazz,1,0,1,0.0,48.0,105.0,109.2,115.4,115.0,-10.3,-5.8,0.703,1.37,18.2,0.373,0.714,0.551,0.194,0.483,0.547,100.8,99.0,82.5,98,0.479
0022300800,2024-02-22,1610612764,Washington Wizards,1,0,1,0.0,48.0,96.4,101.9,117.5,120.4,-21.2,-18.5,0.75,2.14,19.0,0.286,0.63,0.422,0.13,0.466,0.482,112.4,108.0,90.0,108,0.346
0022300804,2024-02-23,1610612737,Atlanta Hawks,1,0,1,0.0,48.0,114.6,119.8,115.5,121.8,-0.8,-2.0,0.587,3.0,17.4,0.422,0.692,0.543,0.089,0.491,0.519,106.0,101.0,84.17,101,0.475
0022300811,2024-02-23,1610612766,Charlotte Hornets,1,0,1,0.0,48.0,85.0,84.0,94.7,98.0,-9.7,-14.0,0.656,1.11,15.6,0.25,0.647,0.439,0.19,0.426,0.452,100.6,99.5,82.92,100,0.416
0022300805,2024-02-23,1610612739,Cleveland Cavaliers,1,0,1,0.0,48.0,97.4,100.0,106.6,106.1,-9.2,-6.1,0.706,2.18,18.6,0.173,0.769,0.471,0.113,0.475,0.518,98.6,97.5,81.25,97,0.49
0022300812,2024-02-23,1610612743,Denver Nuggets,1,1,0,1.0,48.0,131.4,132.3,111.0,117.9,20.4,14.4,0.76,2.92,25.9,0.35,0.61,0.505,0.135,0.665,0.671,98.8,95.5,79.58,96,0.599
0022300811,2024-02-23,1610612744,Golden State Warriors,1,1,0,1.0,48.0,94.7,98.0,85.0,84.0,9.7,14.0,0.737,1.27,19.3,0.353,0.75,0.561,0.222,0.5,0.519,100.6,99.5,82.92,99,0.584
0022300806,2024-02-23,1610612745,Houston Rockets,1,1,0,1.0,48.0,108.6,110.7,108.5,106.8,0.1,3.9,0.676,1.79,16.7,0.361,0.672,0.516,0.136,0.478,0.528,103.2,103.0,85.83,103,0.481
0022300807,2024-02-23,1610612746,LA Clippers,1,1,0,1.0,48.0,102.6,105.2,97.9,100.0,4.7,5.2,0.541,0.95,15.0,0.362,0.696,0.544,0.219,0.512,0.552,97.8,95.5,79.58,96,0.508
0022300813,2024-02-23,1610612747,Los Angeles Lakers,1,1,0,1.0,48.0,116.1,118.3,113.3,114.6,2.8,3.7,0.571,2.15,19.2,0.292,0.696,0.51,0.125,0.574,0.598,105.0,103.5,86.25,104,0.507
0022300807,2024-02-23,1610612763,Memphis Grizzlies,1,0,1,0.0,48.0,97.9,100.0,102.6,105.2,-4.7,-5.2,0.684,2.0,19.0,0.304,0.638,0.456,0.137,0.462,0.484,97.8,95.5,79.58,95,0.492
0022300810,2024-02-23,1610612748,Miami Heat,1,1,0,1.0,48.0,108.2,109.3,92.5,99.0,15.7,10.3,0.526,1.33,15.4,0.265,0.621,0.47,0.155,0.543,0.57,100.4,96.5,80.42,97,0.577
0022300808,2024-02-23,1610612749,Milwaukee Bucks,1,1,0,1.0,48.0,115.5,114.3,105.2,109.2,10.3,5.1,0.585,2.4,17.8,0.26,0.655,0.472,0.102,0.546,0.571,99.4,98.0,81.67,98,0.539
0022300808,2024-02-23,1610612750,Minnesota Timberwolves,1,0,1,0.0,48.0,105.2,109.2,115.5,114.3,-10.3,-5.1,0.535,1.64,16.3,0.345,0.74,0.528,0.143,0.505,0.516,99.4,98.0,81.67,98,0.461
0022300810,2024-02-23,1610612740,New Orleans Pelicans,1,0,1,0.0,48.0,92.5,99.0,108.2,109.3,-15.7,-10.3,0.513,1.82,14.2,0.379,0.735,0.53,0.115,0.409,0.433,100.4,96.5,80.42,96,0.423
0022300809,2024-02-23,1610612760,Oklahoma City Thunder,1,1,0,1.0,48.0,135.8,131.3,93.6,96.4,42.2,34.9,0.545,2.0,20.0,0.205,0.746,0.547,0.134,0.707,0.726,110.7,111.0,92.5,112,0.695
0022300805,2024-02-23,1610612755,Philadelphia 76ers,1,1,0,1.0,48.0,106.6,106.1,97.4,100.0,9.2,6.1,0.5,2.0,15.4,0.231,0.827,0.529,0.102,0.511,0.538,98.6,97.5,81.25,98,0.51
0022300806,2024-02-23,1610612756,Phoenix Suns,1,0,1,0.0,48.0,108.5,106.8,108.6,110.7,-0.1,-3.9,0.605,2.3,15.8,0.328,0.639,0.484,0.097,0.437,0.498,103.2,103.0,85.83,103,0.519
0022300812,2024-02-23,1610612757,Portland Trail Blazers,1,0,1,0.0,48.0,111.0,117.9,131.4,132.3,-20.4,-14.4,0.543,2.27,17.6,0.39,0.65,0.495,0.116,0.495,0.514,98.8,95.5,79.58,95,0.401
0022300813,2024-02-23,1610612759,San Antonio Spurs,1,0,1,0.0,48.0,113.3,114.6,116.1,118.3,-2.8,-3.7,0.786,2.36,21.6,0.304,0.708,0.49,0.136,0.516,0.556,105.0,103.5,86.25,103,0.493
0022300804,2024-02-23,1610612761,Toronto Raptors,1,1,0,1.0,48.0,115.5,121.8,114.6,119.8,0.8,2.0,0.74,3.08,24.0,0.308,0.578,0.457,0.119,0.564,0.583,106.0,101.0,84.17,101,0.525
0022300809,2024-02-23,1610612764,Washington Wizards,1,0,1,0.0,48.0,93.6,96.4,135.8,131.3,-42.2,-34.9,0.488,1.25,13.6,0.254,0.795,0.453,0.145,0.438,0.468,110.7,111.0,92.5,110,0.305
0022300816,2024-02-24,1610612738,Boston Celtics,1,1,0,1.0,48.0,141.0,138.1,115.9,122.9,25.1,15.2,0.587,3.86,22.0,0.316,0.587,0.464,0.083,0.66,0.672,85.2,83.5,69.58,84,0.599
0022300815,2024-02-24,1610612751,Brooklyn Nets,1,0,1,0.0,48.0,82.8,86.0,99.9,99.0,-17.1,-13.0,0.571,1.82,14.3,0.29,0.808,0.512,0.11,0.365,0.395,102.5,101.0,84.17,100,0.389
0022300814,2024-02-24,1610612765,Detroit Pistons,1,0,1,0.0,48.0,113.9,117.2,116.4,120.4,-2.5,-3.2,0.674,2.42,21.8,0.239,0.646,0.447,0.129,0.588,0.601,96.0,93.0,77.5,93,0.479
0022300815,2024-02-24,1610612750,Minnesota Timberwolves,1,1,0,1.0,48.0,99.9,99.0,82.8,86.0,17.1,13.0,0.611,1.69,16.5,0.192,0.71,0.488,0.127,0.5,0.537,102.5,101.0,84.17,102,0.611
0022300816,2024-02-24,1610612752,New York Knicks,1,0,1,0.0,48.0,115.9,122.9,141.0,138.1,-25.1,-15.2,0.568,1.5,17.1,0.413,0.684,0.536,0.169,0.53,0.573,85.2,83.5,69.58,83,0.401
0022300814,2024-02-24,1610612753,Orlando Magic,1,1,0,1.0,48.0,116.4,120.4,113.9,117.2,2.5,3.2,0.581,1.92,18.7,0.354,0.761,0.553,0.14,0.563,0.582,96.0,93.0,77.5,93,0.521
0022300821,2024-02-25,1610612737,Atlanta Hawks,1,1,0,1.0,48.0,110.7,112.4,94.0,94.8,16.7,17.5,0.756,3.1,22.0,0.26,0.685,0.481,0.103,0.522,0.559,98.2,97.0,80.83,97,0.609
0022300826,2024-02-25,1610612766,Charlotte Hornets,1,1,0,1.0,48.0,95.4,95.9,83.3,82.5,12.1,13.4,0.649,1.26,18.9,0.14,0.625,0.43,0.196,0.54,0.564,96.8,97.0,80.83,97,0.647
0022300823,2024-02-25,1610612741,Chicago Bulls,1,1,0,1.0,48.0,110.4,111.8,104.8,106.0,5.6,5.8,0.707,2.64,20.0,0.291,0.745,0.509,0.108,0.5,0.547,102.2,101.0,84.17,102,0.551
0022300820,2024-02-25,1610612739,Cleveland Cavaliers,1,1,0,1.0,48.0,114.1,114.0,102.0,105.0,12.1,9.0,0.833,3.18,24.3,0.2,0.846,0.546,0.11,0.566,0.601,101.4,100.0,83.33,100,0.577
0022300819,2024-02-25,1610612742,Dallas Mavericks,1,0,1,0.0,48.0,106.5,104.7,121.5,126.7,-15.0,-21.9,0.366,0.94,11.5,0.176,0.744,0.436,0.151,0.552,0.577,106.9,105.5,87.92,106,0.372
0022300824,2024-02-25,1610612743,Denver Nuggets,1,1,0,1.0,48.0,122.1,121.4,103.2,104.0,18.9,17.4,0.674,2.9,20.7,0.277,0.7,0.495,0.102,0.551,0.598,98.6,98.5,82.08,98,0.586
0022300824,2024-02-25,1610612744,Golden State Warriors,1,0,1,0.0,48.0,103.2,104.0,122.1,121.4,-18.9,-17.4,0.771,1.59,19.1,0.3,0.723,0.505,0.172,0.5,0.549,98.6,98.5,82.08,99,0.414
0022300822,2024-02-25,1610612745,Houston Rockets,1,0,1,0.0,48.0,101.7,105.8,116.5,119.4,-14.7,-13.6,0.474,1.0,12.9,0.328,0.75,0.527,0.173,0.495,0.533,106.9,103.5,86.25,104,0.408
0022300819,2024-02-25,1610612754,Indiana Pacers,1,1,0,1.0,48.0,121.5,126.7,106.5,104.7,15.0,21.9,0.731,2.53,24.7,0.256,0.824,0.564,0.143,0.634,0.662,106.9,105.5,87.92,105,0.628
0022300827,2024-02-25,1610612746,LA Clippers,1,0,1,0.0,48.0,110.5,115.1,127.2,130.9,-16.7,-15.8,0.575,1.44,17.7,0.333,0.592,0.473,0.172,0.537,0.589,96.7,93.5,77.92,93,0.449
0022300818,2024-02-25,1610612747,Los Angeles Lakers,1,0,1,0.0,48.0,110.2,114.1,120.2,124.2,-9.9,-10.1,0.596,2.33,20.9,0.174,0.64,0.417,0.121,0.606,0.604,102.4,99.0,82.5,99,0.452
0022300817,2024-02-25,1610612749,Milwaukee Bucks,1,1,0,1.0,48.0,120.3,125.3,99.2,101.0,21.1,24.2,0.744,1.68,23.2,0.282,0.689,0.53,0.2,0.658,0.685,98.9,96.0,80.0,95,0.624
0022300823,2024-02-25,1610612740,New Orleans Pelicans,1,0,1,0.0,48.0,104.8,106.0,110.4,111.8,-5.6,-5.8,0.625,1.32,18.1,0.255,0.709,0.491,0.19,0.545,0.563,102.2,101.0,84.17,100,0.449
0022300822,2024-02-25,1610612760,Oklahoma City Thunder,1,1,0,1.0,48.0,116.5,119.4,101.7,105.8,14.7,13.6,0.652,2.5,20.5,0.25,0.672,0.473,0.117,0.562,0.594,106.9,103.5,86.25,103,0.592
0022300821,2024-02-25,1610612753,Orlando Magic,1,0,1,0.0,48.0,94.0,94.8,110.7,112.4,-16.7,-17.5,0.657,1.15,16.8,0.315,0.74,0.519,0.206,0.5,0.5,98.2,97.0,80.83,97,0.391
0022300817,2024-02-25,1610612755,Philadelphia 76ers,1,0,1,0.0,48.0,99.2,101.0,120.3,125.3,-21.1,-24.2,0.667,2.4,17.1,0.311,0.718,0.47,0.103,0.454,0.481,98.9,96.0,80.0,97,0.376
0022300818,2024-02-25,1610612756,Phoenix Suns,1,1,0,1.0,48.0,120.2,124.2,110.2,114.1,9.9,10.1,0.727,2.13,21.5,0.36,0.826,0.583,0.152,0.565,0.607,102.4,99.0,82.5,99,0.548
0022300826,2024-02-25,1610612757,Portland Trail Blazers,1,0,1,0.0,48.0,83.3,82.5,95.4,95.9,-12.1,-13.4,0.424,0.88,10.4,0.375,0.86,0.57,0.165,0.363,0.392,96.8,97.0,80.83,97,0.353
0022300827,2024-02-25,1610612758,Sacramento Kings,1,1,0,1.0,48.0,127.2,130.9,110.5,115.1,16.7,15.8,0.644,2.9,20.3,0.408,0.667,0.527,0.106,0.577,0.611,96.7,93.5,77.92,94,0.551
0022300825,2024-02-25,1610612759,San Antonio Spurs,1,0,1,0.0,48.0,99.7,99.1,114.6,116.4,-14.9,-17.3,0.81,1.7,21.8,0.226,0.804,0.495,0.182,0.533,0.549,110.5,110.0,91.67,110,0.435
0022300825,2024-02-25,1610612762,Utah Jazz,1,1,0,1.0,48.0,114.6,116.4,99.7,99.1,14.9,17.3,0.783,2.12,23.2,0.196,0.774,0.505,0.155,0.606,0.642,110.5,110.0,91.67,110,0.565
0022300820,2024-02-25,1610612764,Washington Wizards,1,0,1,0.0,48.0,102.0,105.0,114.1,114.0,-12.1,-9.0,0.725,3.22,21.2,0.154,0.8,0.454,0.09,0.511,0.536,101.4,100.0,83.33,100,0.423
0022300830,2024-02-26,1610612751,Brooklyn Nets,1,1,0,1.0,48.0,117.9,119.4,92.0,91.5,25.8,27.9,0.727,3.2,22.9,0.306,0.771,0.536,0.108,0.572,0.577,93.8,93.5,77.92,93,0.609
0022300828,2024-02-26,1610612765,Detroit Pistons,1,0,1,0.0,48.0,113.9,116.8,112.7,117.7,1.2,-0.9,0.658,1.47,18.9,0.295,0.625,0.48,0.179,0.57,0.614,98.8,95.5,79.58,95,0.504
0022300829,2024-02-26,1610612754,Indiana Pacers,1,0,1,0.0,48.0,113.9,120.8,125.6,127.5,-11.7,-6.7,0.587,2.7,18.1,0.375,0.66,0.505,0.099,0.525,0.554,105.3,101.5,84.58,101,0.443
0022300830,2024-02-26,1610612763,Memphis Grizzlies,1,0,1,0.0,48.0,92.0,91.5,117.9,119.4,-25.8,-27.9,0.552,1.07,13.2,0.229,0.694,0.464,0.16,0.433,0.497,93.8,93.5,77.92,94,0.391
0022300831,2024-02-26,1610612748,Miami Heat,1,1,0,1.0,48.0,122.2,124.7,116.7,113.4,5.5,11.3,0.6,2.45,19.9,0.267,0.744,0.5,0.113,0.58,0.617,96.6,97.0,80.83,97,0.537
0022300828,2024-02-26,1610612752,New York Knicks,1,1,0,1.0,48.0,112.7,117.7,113.9,116.8,-1.2,0.9,0.756,2.21,20.9,0.375,0.705,0.52,0.146,0.527,0.558,98.8,95.5,79.58,96,0.496
0022300831,2024-02-26,1610612758,Sacramento Kings,1,0,1,0.0,48.0,116.7,113.4,122.2,124.7,-5.5,-11.3,0.667,2.0,21.7,0.256,0.733,0.5,0.155,0.606,0.609,96.6,97.0,80.83,97,0.463
0022300829,2024-02-26,1610612761,Toronto Raptors,1,1,0,1.0,48.0,125.6,127.5,113.9,120.8,11.7,6.7,0.66,2.92,22.9,0.34,0.625,0.495,0.118,0.615,0.628,105.3,101.5,84.58,102,0.557
0022300835,2024-02-27,1610612737,Atlanta Hawks,1,1,0,1.0,48.0,116.8,117.0,89.5,91.5,27.3,25.5,0.587,1.5,18.0,0.354,0.746,0.57,0.17,0.559,0.601,107.2,106.0,88.33,106,0.627
0022300836,2024-02-27,1610612738,Boston Celtics,1,1,0,1.0,48.0,122.8,119.4,97.7,102.1,25.0,17.3,0.538,1.5,16.4,0.278,0.81,0.606,0.143,0.561,0.648,98.3,97.5,81.25,98,0.687
0022300833,2024-02-27,1610612751,Brooklyn Nets,1,0,1,0.0,48.0,82.5,84.4,109.1,114.9,-26.6,-30.5,0.581,0.82,14.1,0.28,0.763,0.489,0.229,0.443,0.476,98.6,95.0,79.17,96,0.314
0022300840,2024-02-27,1610612766,Charlotte Hornets,1,0,1,0.0,48.0,88.1,88.5,128.2,130.9,-40.1,-42.3,0.8,1.85,18.6,0.173,0.733,0.433,0.135,0.438,0.48,96.2,95.0,79.17,96,0.337
0022300839,2024-02-27,1610612741,Chicago Bulls,1,0,1,0.0,48.0,98.0,100.0,108.1,110.5,-10.1,-10.5,0.564,3.67,16.2,0.311,0.714,0.476,0.063,0.408,0.448,97.0,95.0,79.17,95,0.444
0022300832,2024-02-27,1610612739,Cleveland Cavaliers,1,1,0,1.0,48.0,123.6,124.7,121.9,121.4,1.6,3.3,0.795,2.19,24.6,0.244,0.854,0.573,0.165,0.651,0.665,97.8,97.5,81.25,97,0.514
0022300832,2024-02-27,1610612742,Dallas Mavericks,1,0,1,0.0,48.0,121.9,121.4,123.6,124.7,-1.6,-3.3,0.479,4.6,18.1,0.146,0.756,0.427,0.051,0.604,0.61,97.8,97.5,81.25,98,0.486
0022300839,2024-02-27,1610612765,Detroit Pistons,1,1,0,1.0,48.0,108.1,110.5,98.0,100.0,10.1,10.5,0.595,1.1,17.1,0.286,0.689,0.524,0.211,0.587,0.617,97.0,95.0,79.17,95,0.556
0022300834,2024-02-27,1610612744,Golden State Warriors,1,1,0,1.0,48.0,113.0,116.0,104.3,107.7,8.7,8.3,0.83,2.05,24.2,0.34,0.729,0.537,0.179,0.612,0.622,108.1,105.0,87.5,106,0.561
0022300841,2024-02-27,1610612745,Houston Rockets,1,0,1,0.0,48.0,89.7,92.2,107.8,108.7,-18.1,-16.5,0.595,1.47,15.6,0.267,0.725,0.477,0.146,0.437,0.462,104.9,103.0,85.83,103,0.394
0022300842,2024-02-27,1610612748,Miami Heat,1,1,0,1.0,48.0,111.1,114.0,98.6,103.2,12.5,10.8,0.784,1.45,22.3,0.25,0.596,0.455,0.215,0.629,0.651,96.4,93.0,77.5,93,0.596
0022300840,2024-02-27,1610612749,Milwaukee Bucks,1,1,0,1.0,48.0,128.2,130.9,88.1,88.5,40.1,42.3,0.63,2.9,21.5,0.267,0.827,0.567,0.106,0.607,0.635,96.2,95.0,79.17,94,0.663
0022300838,2024-02-27,1610612750,Minnesota Timberwolves,1,1,0,1.0,48.0,110.2,110.7,100.4,102.9,9.8,7.7,0.651,2.0,19.2,0.294,0.783,0.526,0.136,0.532,0.567,104.0,102.5,85.42,103,0.556
0022300837,2024-02-27,1610612740,New Orleans Pelicans,1,1,0,1.0,48.0,124.8,125.0,98.8,101.1,26.0,23.9,0.59,1.53,18.1,0.3,0.685,0.521,0.163,0.623,0.66,92.6,91.5,76.25,92,0.612
0022300837,2024-02-27,1610612752,New York Knicks,1,0,1,0.0,48.0,98.8,101.1,124.8,125.0,-26.0,-23.9,0.871,2.08,20.0,0.315,0.7,0.479,0.143,0.458,0.494,92.6,91.5,76.25,91,0.388
0022300841,2024-02-27,1610612760,Oklahoma City Thunder,1,1,0,1.0,48.0,107.8,108.7,89.7,92.2,18.1,16.5,0.432,1.27,14.0,0.275,0.733,0.523,0.146,0.527,0.555,104.9,103.0,85.83,103,0.606
0022300833,2024-02-27,1610612753,Orlando Magic,1,1,0,1.0,48.0,109.1,114.9,82.5,84.4,26.6,30.5,0.513,1.05,16.3,0.237,0.72,0.511,0.202,0.588,0.635,98.6,95.0,79.17,94,0.686
0022300836,2024-02-27,1610612755,Philadelphia 76ers,1,0,1,0.0,48.0,97.7,102.1,122.8,119.4,-25.0,-17.3,0.541,2.0,15.6,0.19,0.722,0.394,0.103,0.468,0.499,98.3,97.5,81.25,97,0.313
0022300842,2024-02-27,1610612757,Portland Trail Blazers,1,0,1,0.0,48.0,98.6,103.2,111.1,114.0,-12.5,-10.8,0.686,1.33,17.5,0.404,0.75,0.545,0.194,0.465,0.509,96.4,93.0,77.5,93,0.404
0022300838,2024-02-27,1610612759,San Antonio Spurs,1,0,1,0.0,48.0,100.4,102.9,110.2,110.7,-9.8,-7.7,0.718,1.22,20.0,0.217,0.706,0.474,0.225,0.573,0.593,104.0,102.5,85.42,102,0.444
0022300835,2024-02-27,1610612762,Utah Jazz,1,0,1,0.0,48.0,89.5,91.5,116.8,117.0,-27.3,-25.5,0.686,1.33,16.6,0.254,0.646,0.43,0.17,0.431,0.474,107.2,106.0,88.33,106,0.373
0022300834,2024-02-27,1610612764,Washington Wizards,1,0,1,0.0,48.0,104.3,107.7,113.0,116.0,-8.7,-8.3,0.739,1.62,22.5,0.271,0.66,0.463,0.202,0.559,0.575,108.1,105.0,87.5,104,0.439
0022300846,2024-02-28,1610612741,Chicago Bulls,1,1,0,1.0,58.0,109.3,112.8,103.0,104.2,6.3,8.6,0.659,1.53,16.3,0.471,0.828,0.644,0.162,0.459,0.521,99.3,97.24,81.03,117,0.538
0022300846,2024-02-28,1610612739,Cleveland Cavaliers,1,0,1,0.0,58.0,103.0,104.2,109.3,112.8,-6.3,-8.6,0.822,3.08,22.4,0.172,0.529,0.356,0.102,0.538,0.547,99.3,97.24,81.03,118,0.462
0022300844,2024-02-28,1610612742,Dallas Mavericks,1,1,0,1.0,48.0,123.4,127.1,112.4,116.8,11.0,10.3,0.615,2.0,20.8,0.313,0.69,0.519,0.15,0.62,0.646,110.7,107.0,89.17,107,0.551
0022300847,2024-02-28,1610612743,Denver Nuggets,1,1,0,1.0,48.0,114.9,118.2,96.3,98.0,18.6,20.2,0.761,2.19,24.3,0.244,0.7,0.515,0.162,0.622,0.644,100.8,98.5,82.08,99,0.622
0022300843,2024-02-28,1610612754,Indiana Pacers,1,1,0,1.0,48.0,120.6,121.8,110.6,112.9,10.1,8.9,0.68,3.4,22.4,0.327,0.78,0.549,0.099,0.559,0.58,102.5,101.0,84.17,101,0.543
0022300848,2024-02-28,1610612746,LA Clippers,1,0,1,0.0,48.0,110.8,114.3,116.7,117.2,-5.9,-2.9,0.644,2.07,20.9,0.261,0.725,0.477,0.143,0.562,0.583,100.2,98.5,82.08,98,0.47
0022300848,2024-02-28,1610612747,Los Angeles Lakers,1,1,0,1.0,48.0,116.7,117.2,110.8,114.3,5.9,2.9,0.596,1.65,20.3,0.275,0.739,0.523,0.172,0.628,0.642,100.2,98.5,82.08,99,0.53
0022300845,2024-02-28,1610612763,Memphis Grizzlies,1,0,1,0.0,48.0,101.2,102.0,112.6,110.0,-11.4,-8.0,0.639,1.53,16.3,0.333,0.884,0.57,0.152,0.446,0.496,98.7,99.5,82.92,99,0.423
0022300845,2024-02-28,1610612750,Minnesota Timberwolves,1,1,0,1.0,48.0,112.6,110.0,101.2,102.0,11.4,8.0,0.744,2.07,21.6,0.116,0.667,0.43,0.14,0.582,0.62,98.7,99.5,82.92,100,0.577
0022300843,2024-02-28,1610612740,New Orleans Pelicans,1,0,1,0.0,48.0,110.6,112.9,120.6,121.8,-10.1,-8.9,0.619,2.6,19.0,0.22,0.673,0.451,0.099,0.528,0.569,102.5,101.0,84.17,101,0.457
0022300847,2024-02-28,1610612758,Sacramento Kings,1,0,1,0.0,48.0,96.3,98.0,114.9,118.2,-18.6,-20.2,0.737,2.0,19.4,0.3,0.756,0.485,0.143,0.463,0.477,100.8,98.5,82.08,98,0.378
0022300844,2024-02-28,1610612761,Toronto Raptors,1,0,1,0.0,48.0,112.4,116.8,123.4,127.1,-11.0,-10.3,0.739,2.83,21.4,0.31,0.688,0.481,0.112,0.536,0.562,110.7,107.0,89.17,107,0.449
0022300851,2024-02-29,1610612737,Atlanta Hawks,1,0,1,0.0,48.0,95.8,104.3,126.9,133.3,-31.1,-29.0,0.486,1.29,14.2,0.296,0.681,0.475,0.151,0.477,0.509,99.5,93.0,77.5,93,0.366
0022300851,2024-02-29,1610612751,Brooklyn Nets,1,1,0,1.0,48.0,126.9,133.3,95.8,104.3,31.1,29.0,0.652,3.0,21.7,0.319,0.704,0.525,0.108,0.633,0.648,99.5,93.0,77.5,93,0.634
0022300849,2024-02-29,1610612766,Charlotte Hornets,1,0,1,0.0,48.0,104.4,105.3,117.1,118.1,-12.7,-12.8,0.667,1.85,18.6,0.229,0.792,0.51,0.138,0.512,0.545,94.8,94.0,78.33,94,0.438
0022300855,2024-02-29,1610612743,Denver Nuggets,1,1,0,1.0,48.0,103.8,103.0,97.4,96.0,6.4,7.0,0.611,1.47,16.5,0.22,0.755,0.485,0.15,0.5,0.552,99.4,100.5,83.75,100,0.504
0022300852,2024-02-29,1610612744,Golden State Warriors,1,1,0,1.0,48.0,110.0,111.1,97.5,101.0,12.5,10.1,0.591,2.36,18.3,0.3,0.667,0.488,0.111,0.52,0.524,100.8,98.5,82.08,99,0.545
0022300854,2024-02-29,1610612745,Houston Rockets,1,0,1,0.0,48.0,98.5,101.0,104.5,105.8,-6.0,-4.8,0.424,1.08,9.9,0.353,0.712,0.52,0.125,0.389,0.466,106.0,104.0,86.67,104,0.447
0022300856,2024-02-29,1610612747,Los Angeles Lakers,1,1,0,1.0,53.0,116.0,119.6,116.7,118.0,-0.7,1.6,0.566,2.73,19.5,0.235,0.765,0.5,0.098,0.564,0.601,103.2,100.98,84.15,112,0.512
0022300855,2024-02-29,1610612748,Miami Heat,1,0,1,0.0,48.0,97.4,96.0,103.8,103.0,-6.4,-7.0,0.6,1.4,15.7,0.245,0.78,0.515,0.149,0.464,0.518,99.4,100.5,83.75,101,0.496
0022300849,2024-02-29,1610612749,Milwaukee Bucks,1,1,0,1.0,48.0,117.1,118.1,104.4,105.3,12.7,12.8,0.538,2.63,16.9,0.208,0.771,0.49,0.085,0.547,0.585,94.8,94.0,78.33,94,0.562
0022300852,2024-02-29,1610612752,New York Knicks,1,0,1,0.0,48.0,97.5,101.0,110.0,111.1,-12.5,-10.1,0.657,1.77,16.2,0.333,0.7,0.512,0.133,0.432,0.469,100.8,98.5,82.08,98,0.455
0022300853,2024-02-29,1610612760,Oklahoma City Thunder,1,0,1,0.0,48.0,114.9,119.2,131.0,133.3,-16.0,-14.1,0.455,1.82,15.4,0.239,0.705,0.467,0.111,0.545,0.598,101.7,99.0,82.5,99,0.428
0022300850,2024-02-29,1610612753,Orlando Magic,1,1,0,1.0,48.0,120.2,118.6,108.8,110.3,11.4,8.2,0.643,1.8,20.0,0.262,0.766,0.528,0.155,0.61,0.634,97.0,97.0,80.83,97,0.564
0022300854,2024-02-29,1610612756,Phoenix Suns,1,1,0,1.0,48.0,104.5,105.8,98.5,101.0,6.0,4.8,0.556,1.43,14.2,0.288,0.647,0.48,0.135,0.478,0.522,106.0,104.0,86.67,104,0.553
0022300853,2024-02-29,1610612759,San Antonio Spurs,1,1,0,1.0,48.0,131.0,133.3,114.9,119.2,16.0,14.1,0.813,3.25,25.8,0.295,0.761,0.533,0.121,0.632,0.661,101.7,99.0,82.5,99,0.572
0022300850,2024-02-29,1610612762,Utah Jazz,1,0,1,0.0,48.0,108.8,110.3,120.2,118.6,-11.4,-8.2,0.735,1.92,18.8,0.234,0.738,0.472,0.134,0.525,0.58,97.0,97.0,80.83,97,0.436
0022300856,2024-02-29,1610612764,Washington Wizards,1,0,1,0.0,53.0,116.7,118.0,116.0,119.6,0.7,-1.6,0.673,2.33,22.2,0.235,0.765,0.5,0.135,0.593,0.611,103.2,100.98,84.15,111,0.488
0022300859,2024-03-01,1610612738,Boston Celtics,1,1,0,1.0,48.0,138.4,138.0,110.1,110.0,28.3,28.0,0.635,3.67,23.1,0.238,0.774,0.537,0.09,0.665,0.692,99.8,100.0,83.33,100,0.613
0022300858,2024-03-01,1610612766,Charlotte Hornets,1,0,1,0.0,48.0,127.4,131.0,130.3,137.5,-2.9,-6.5,0.558,4.8,19.8,0.227,0.569,0.411,0.057,0.595,0.623,91.2,87.5,72.92,87,0.458
0022300864,2024-03-01,1610612741,Chicago Bulls,1,0,1,0.0,48.0,98.9,103.2,117.6,118.9,-18.7,-15.8,0.694,2.08,19.1,0.24,0.731,0.49,0.128,0.483,0.521,97.1,94.5,78.75,94,0.439
0022300857,2024-03-01,1610612739,Cleveland Cavaliers,1,1,0,1.0,48.0,109.8,111.1,98.7,101.0,11.1,10.1,0.758,1.56,17.9,0.327,0.776,0.564,0.162,0.506,0.572,100.8,99.0,82.5,99,0.551
0022300859,2024-03-01,1610612742,Dallas Mavericks,1,0,1,0.0,48.0,110.1,110.0,138.4,138.0,-28.3,-28.0,0.455,2.5,15.2,0.226,0.762,0.463,0.08,0.516,0.54,99.8,100.0,83.33,100,0.387
0022300857,2024-03-01,1610612765,Detroit Pistons,1,0,1,0.0,48.0,98.7,101.0,109.8,111.1,-11.1,-10.1,0.727,2.67,17.6,0.224,0.673,0.436,0.091,0.427,0.493,100.8,99.0,82.5,99,0.449
0022300860,2024-03-01,1610612744,Golden State Warriors,1,1,0,1.0,48.0,114.4,114.3,99.5,101.0,14.8,13.3,0.591,1.86,17.4,0.327,0.75,0.541,0.133,0.541,0.566,105.2,104.5,87.08,105,0.549
0022300863,2024-03-01,1610612754,Indiana Pacers,1,0,1,0.0,48.0,100.1,100.0,124.7,126.5,-24.6,-26.5,0.625,1.56,17.0,0.357,0.683,0.495,0.157,0.474,0.496,102.7,102.0,85.0,102,0.38
0022300865,2024-03-01,1610612746,LA Clippers,1,1,0,1.0,48.0,133.3,135.9,108.9,111.7,24.4,24.3,0.593,3.56,21.9,0.256,0.759,0.536,0.087,0.644,0.667,105.3,103.0,85.83,103,0.606
0022300861,2024-03-01,1610612763,Memphis Grizzlies,1,0,1,0.0,48.0,88.7,96.8,125.7,127.1,-37.0,-30.2,0.429,0.65,11.9,0.34,0.587,0.458,0.242,0.5,0.519,100.4,95.5,79.58,95,0.282
0022300864,2024-03-01,1610612749,Milwaukee Bucks,1,1,0,1.0,48.0,117.6,118.9,98.9,103.2,18.7,15.8,0.595,3.14,16.8,0.269,0.76,0.51,0.074,0.517,0.565,97.1,94.5,78.75,95,0.561
0022300862,2024-03-01,1610612750,Minnesota Timberwolves,1,0,1,0.0,53.0,115.3,116.5,118.6,121.6,-3.3,-5.1,0.69,2.23,19.9,0.304,0.679,0.51,0.126,0.565,0.606,94.5,92.83,77.36,103,0.513
0022300863,2024-03-01,1610612740,New Orleans Pelicans,1,1,0,1.0,48.0,124.7,126.5,100.1,100.0,24.6,26.5,0.521,1.47,17.9,0.317,0.643,0.505,0.167,0.645,0.662,102.7,102.0,85.0,102,0.62
0022300858,2024-03-01,1610612755,Philadelphia 76ers,1,1,0,1.0,48.0,130.3,137.5,127.4,131.0,2.9,6.5,0.826,5.43,25.7,0.431,0.773,0.589,0.08,0.578,0.6,91.2,87.5,72.92,88,0.542
0022300861,2024-03-01,1610612757,Portland Trail Blazers,1,1,0,1.0,48.0,125.7,127.1,88.7,96.8,37.0,30.2,0.646,2.21,21.2,0.413,0.66,0.542,0.146,0.592,0.616,100.4,95.5,79.58,96,0.718
0022300862,2024-03-01,1610612758,Sacramento Kings,1,1,0,1.0,53.0,118.6,121.6,115.3,116.5,3.3,5.1,0.58,3.63,19.5,0.321,0.696,0.49,0.078,0.555,0.561,94.5,92.83,77.36,102,0.487
0022300860,2024-03-01,1610612761,Toronto Raptors,1,0,1,0.0,48.0,99.5,101.0,114.4,114.3,-14.8,-13.3,0.756,2.21,20.8,0.25,0.673,0.459,0.135,0.495,0.512,105.2,104.5,87.08,104,0.451
0022300865,2024-03-01,1610612764,Washington Wizards,1,0,1,0.0,48.0,108.9,111.7,133.3,135.9,-24.4,-24.3,0.63,2.9,20.0,0.241,0.744,0.464,0.097,0.531,0.55,105.3,103.0,85.83,103,0.394
0022300866,2024-03-02,1610612737,Atlanta Hawks,1,0,1,0.0,48.0,105.0,107.4,117.9,121.3,-12.9,-13.9,0.622,1.92,17.2,0.314,0.694,0.5,0.126,0.489,0.525,96.9,94.5,78.75,95,0.423
0022300866,2024-03-02,1610612751,Brooklyn Nets,1,1,0,1.0,48.0,117.9,121.3,105.0,107.4,12.9,13.9,0.683,2.55,20.4,0.306,0.686,0.5,0.117,0.551,0.584,96.9,94.5,78.75,94,0.577
0022300869,2024-03-02,1610612743,Denver Nuggets,1,1,0,1.0,48.0,131.8,130.5,120.2,121.3,11.6,9.2,0.63,3.4,23.9,0.333,0.844,0.607,0.105,0.647,0.652,94.5,94.5,78.75,95,0.554
0022300870,2024-03-02,1610612745,Houston Rockets,1,1,0,1.0,48.0,109.8,108.3,101.2,101.9,8.7,6.4,0.643,2.08,17.9,0.263,0.8,0.514,0.119,0.521,0.549,107.6,108.0,90.0,109,0.526
0022300869,2024-03-02,1610612747,Los Angeles Lakers,1,0,1,0.0,48.0,120.2,121.3,131.8,130.5,-11.6,-9.2,0.702,4.71,24.6,0.156,0.667,0.393,0.074,0.596,0.607,94.5,94.5,78.75,94,0.446
0022300868,2024-03-02,1610612763,Memphis Grizzlies,1,0,1,0.0,53.0,88.9,92.6,95.1,99.1,-6.2,-6.5,0.7,0.88,14.6,0.281,0.691,0.482,0.222,0.452,0.513,101.9,97.81,81.51,108,0.506
0022300867,2024-03-02,1610612748,Miami Heat,1,1,0,1.0,48.0,129.9,129.9,123.2,126.3,6.7,3.6,0.717,5.5,23.6,0.244,0.652,0.451,0.062,0.597,0.636,97.2,96.0,80.0,97,0.542
0022300870,2024-03-02,1610612756,Phoenix Suns,1,0,1,0.0,48.0,101.2,101.9,109.8,108.3,-8.7,-6.4,0.59,1.21,16.4,0.2,0.737,0.486,0.178,0.512,0.557,107.6,108.0,90.0,107,0.474
0022300868,2024-03-02,1610612757,Portland Trail Blazers,1,1,0,1.0,53.0,95.1,99.1,88.9,92.6,6.2,6.5,0.59,1.0,15.6,0.309,0.719,0.518,0.213,0.484,0.522,101.9,97.81,81.51,108,0.494
0022300867,2024-03-02,1610612762,Utah Jazz,1,0,1,0.0,48.0,123.2,126.3,129.9,129.9,-6.7,-3.6,0.571,2.18,17.8,0.348,0.756,0.549,0.116,0.563,0.61,97.2,96.0,80.0,95,0.458
0022300872,2024-03-03,1610612738,Boston Celtics,1,1,0,1.0,48.0,137.5,137.3,85.7,86.3,51.8,51.0,0.66,4.38,24.0,0.205,0.763,0.524,0.078,0.682,0.694,102.3,102.0,85.0,102,0.713
0022300875,2024-03-03,1610612766,Charlotte Hornets,1,0,1,0.0,48.0,100.9,101.9,106.8,106.7,-5.9,-4.8,0.558,1.41,17.0,0.265,0.745,0.51,0.163,0.511,0.535,104.5,104.0,86.67,104,0.48
0022300876,2024-03-03,1610612739,Cleveland Cavaliers,1,0,1,0.0,48.0,107.1,107.7,115.8,117.6,-8.7,-9.9,0.795,2.82,23.1,0.235,0.711,0.458,0.121,0.546,0.541,92.0,91.0,75.83,91,0.445
0022300871,2024-03-03,1610612742,Dallas Mavericks,1,0,1,0.0,48.0,114.7,118.4,122.9,122.4,-8.2,-4.1,0.5,1.18,14.8,0.354,0.714,0.536,0.173,0.558,0.603,99.4,98.0,81.67,98,0.458
0022300874,2024-03-03,1610612765,Detroit Pistons,1,0,1,0.0,48.0,89.4,92.9,115.3,115.3,-25.9,-22.4,0.758,2.08,18.8,0.185,0.719,0.384,0.122,0.43,0.48,99.9,98.0,81.67,98,0.358
0022300872,2024-03-03,1610612744,Golden State Warriors,1,0,1,0.0,48.0,85.7,86.3,137.5,137.3,-51.8,-51.0,0.667,1.41,17.1,0.237,0.795,0.476,0.167,0.429,0.45,102.3,102.0,85.0,102,0.287
0022300877,2024-03-03,1610612754,Indiana Pacers,1,0,1,0.0,48.0,104.7,105.0,117.8,118.2,-13.0,-13.2,0.488,1.67,14.6,0.321,0.7,0.484,0.12,0.473,0.513,99.8,99.5,82.92,100,0.418
0022300873,2024-03-03,1610612746,LA Clippers,1,1,0,1.0,48.0,94.2,96.7,96.8,95.7,-2.6,1.1,0.531,1.89,14.2,0.208,0.72,0.456,0.098,0.435,0.481,92.7,92.0,76.67,92,0.462
0022300873,2024-03-03,1610612750,Minnesota Timberwolves,1,0,1,0.0,48.0,96.8,95.7,94.2,96.7,2.6,-1.1,0.774,1.6,18.5,0.28,0.792,0.544,0.163,0.444,0.5,92.7,92.0,76.67,92,0.538
0022300876,2024-03-03,1610612752,New York Knicks,1,1,0,1.0,48.0,115.8,117.6,107.1,107.7,8.7,9.9,0.762,2.67,23.7,0.289,0.765,0.542,0.132,0.581,0.592,92.0,91.0,75.83,91,0.555
0022300878,2024-03-03,1610612760,Oklahoma City Thunder,1,1,0,1.0,48.0,112.8,114.6,103.9,107.8,9.0,6.7,0.429,3.5,15.2,0.264,0.608,0.433,0.058,0.525,0.543,105.3,102.5,85.42,103,0.555
0022300874,2024-03-03,1610612753,Orlando Magic,1,1,0,1.0,48.0,115.3,115.3,89.4,92.9,25.9,22.4,0.558,1.09,18.5,0.281,0.815,0.616,0.224,0.646,0.681,99.9,98.0,81.67,98,0.642
0022300871,2024-03-03,1610612755,Philadelphia 76ers,1,1,0,1.0,48.0,122.9,122.4,114.7,118.4,8.2,4.1,0.65,2.89,18.8,0.286,0.646,0.464,0.092,0.517,0.59,99.4,98.0,81.67,98,0.542
0022300878,2024-03-03,1610612756,Phoenix Suns,1,0,1,0.0,48.0,103.9,107.8,112.8,114.6,-9.0,-6.7,0.65,1.18,17.7,0.392,0.736,0.567,0.216,0.516,0.556,105.3,102.5,85.42,102,0.445
0022300877,2024-03-03,1610612759,San Antonio Spurs,1,1,0,1.0,48.0,117.8,118.2,104.7,105.0,13.0,13.2,0.717,2.06,23.1,0.3,0.679,0.516,0.162,0.6,0.627,99.8,99.5,82.92,99,0.582
0022300875,2024-03-03,1610612761,Toronto Raptors,1,1,0,1.0,48.0,106.8,106.7,100.9,101.9,5.9,4.8,0.643,1.69,18.8,0.255,0.735,0.49,0.154,0.533,0.561,104.5,104.0,86.67,104,0.52
0022300879,2024-03-04,1610612751,Brooklyn Nets,1,0,1,0.0,48.0,109.4,112.1,110.8,116.5,-1.3,-4.4,0.771,2.08,20.1,0.308,0.533,0.412,0.143,0.538,0.553,94.4,91.0,75.83,91,0.459
0022300883,2024-03-04,1610612741,Chicago Bulls,1,1,0,1.0,48.0,116.9,122.8,111.3,117.2,5.6,5.6,0.667,2.8,21.4,0.267,0.5,0.392,0.109,0.565,0.603,97.3,92.5,77.08,92,0.529
0022300880,2024-03-04,1610612746,LA Clippers,1,0,1,0.0,48.0,101.9,108.2,118.5,114.1,-16.6,-6.0,0.676,1.79,18.7,0.216,0.833,0.495,0.143,0.536,0.558,99.7,98.5,82.08,98,0.443
0022300884,2024-03-04,1610612747,Los Angeles Lakers,1,1,0,1.0,48.0,116.0,117.2,106.1,104.0,9.9,13.2,0.707,1.38,20.4,0.341,0.772,0.592,0.212,0.613,0.637,99.0,99.5,82.92,99,0.592
0022300879,2024-03-04,1610612763,Memphis Grizzlies,1,1,0,1.0,48.0,110.8,116.5,109.4,112.1,1.3,4.4,0.684,1.37,19.1,0.467,0.692,0.588,0.209,0.537,0.578,94.4,91.0,75.83,91,0.541
0022300880,2024-03-04,1610612749,Milwaukee Bucks,1,1,0,1.0,48.0,118.5,114.1,101.9,108.2,16.6,6.0,0.541,1.67,15.9,0.167,0.784,0.505,0.121,0.571,0.626,99.7,98.5,82.08,99,0.557
0022300881,2024-03-04,1610612750,Minnesota Timberwolves,1,1,0,1.0,48.0,126.2,126.6,115.3,121.3,10.9,5.3,0.7,2.55,20.6,0.326,0.633,0.489,0.117,0.576,0.624,96.6,94.0,78.33,94,0.557
0022300884,2024-03-04,1610612760,Oklahoma City Thunder,1,0,1,0.0,48.0,106.1,104.0,116.0,117.2,-9.9,-13.2,0.595,2.2,16.3,0.228,0.659,0.408,0.1,0.473,0.515,99.0,99.5,82.92,100,0.408
0022300881,2024-03-04,1610612757,Portland Trail Blazers,1,0,1,0.0,48.0,115.3,121.3,126.2,126.6,-10.9,-5.3,0.622,2.0,20.0,0.367,0.674,0.511,0.149,0.576,0.589,96.6,94.0,78.33,94,0.443
0022300883,2024-03-04,1610612758,Sacramento Kings,1,0,1,0.0,48.0,111.3,117.2,116.9,122.8,-5.6,-5.6,0.707,1.61,19.6,0.5,0.733,0.608,0.194,0.505,0.545,97.3,92.5,77.08,93,0.471
0022300882,2024-03-04,1610612762,Utah Jazz,1,1,0,1.0,48.0,115.9,119.8,105.4,108.5,10.5,11.3,0.592,2.23,19.3,0.296,0.737,0.523,0.123,0.564,0.59,109.4,106.0,88.33,106,0.567
0022300882,2024-03-04,1610612764,Washington Wizards,1,0,1,0.0,48.0,105.4,108.5,115.9,119.8,-10.5,-11.3,0.65,1.73,17.7,0.263,0.704,0.477,0.142,0.511,0.552,109.4,106.0,88.33,106,0.433
0022300889,2024-03-05,1610612737,Atlanta Hawks,1,1,0,1.0,48.0,115.9,122.1,101.2,105.3,14.7,16.8,0.591,1.63,18.7,0.422,0.661,0.561,0.168,0.563,0.597,99.5,95.0,79.17,95,0.61
0022300886,2024-03-05,1610612738,Boston Celtics,1,0,1,0.0,48.0,106.9,108.3,109.6,111.7,-2.6,-3.4,0.615,1.85,17.4,0.333,0.811,0.57,0.135,0.5,0.529,96.6,95.0,79.17,96,0.486
0022300887,2024-03-05,1610612751,Brooklyn Nets,1,1,0,1.0,48.0,113.6,117.9,113.4,115.1,0.2,2.8,0.61,1.79,18.8,0.304,0.8,0.549,0.147,0.56,0.592,96.5,94.0,78.33,95,0.535
0022300885,2024-03-05,1610612766,Charlotte Hornets,1,0,1,0.0,48.0,95.9,97.8,111.5,111.0,-15.6,-13.2,0.576,1.0,16.7,0.103,0.763,0.429,0.209,0.542,0.579,91.7,91.0,75.83,91,0.416
0022300886,2024-03-05,1610612739,Cleveland Cavaliers,1,1,0,1.0,48.0,109.6,111.7,106.9,108.3,2.6,3.4,0.718,3.11,21.2,0.189,0.667,0.43,0.096,0.544,0.554,96.6,95.0,79.17,94,0.514
0022300892,2024-03-05,1610612742,Dallas Mavericks,1,0,1,0.0,48.0,117.4,120.0,132.3,135.6,-14.9,-15.6,0.511,2.56,16.9,0.255,0.745,0.49,0.09,0.554,0.587,102.9,100.5,83.75,100,0.433
0022300893,2024-03-05,1610612743,Denver Nuggets,1,0,1,0.0,53.0,99.9,102.9,111.8,113.6,-11.9,-10.7,0.61,1.67,17.4,0.259,0.737,0.496,0.144,0.505,0.524,95.9,93.74,78.11,104,0.447
0022300888,2024-03-05,1610612765,Detroit Pistons,1,0,1,0.0,48.0,110.4,115.8,122.8,124.2,-12.4,-8.4,0.667,2.36,19.0,0.32,0.727,0.511,0.116,0.506,0.557,97.9,95.0,79.17,95,0.449
0022300891,2024-03-05,1610612745,Houston Rockets,1,1,0,1.0,48.0,113.1,111.8,100.0,101.0,13.1,10.8,0.469,3.29,16.2,0.305,0.7,0.486,0.069,0.51,0.519,100.9,101.0,84.17,102,0.557
0022300892,2024-03-05,1610612754,Indiana Pacers,1,1,0,1.0,48.0,132.3,135.6,117.4,120.0,14.9,15.6,0.68,3.78,23.1,0.255,0.745,0.51,0.089,0.634,0.661,102.9,100.5,83.75,101,0.567
0022300888,2024-03-05,1610612748,Miami Heat,1,1,0,1.0,48.0,122.8,124.2,110.4,115.8,12.4,8.4,0.643,3.0,20.1,0.273,0.68,0.489,0.095,0.576,0.62,97.9,95.0,79.17,95,0.551
0022300890,2024-03-05,1610612740,New Orleans Pelicans,1,1,0,1.0,48.0,133.9,135.0,94.5,93.3,39.3,41.6,0.717,3.45,23.9,0.333,0.787,0.574,0.107,0.619,0.633,103.8,104.0,86.67,103,0.667
0022300889,2024-03-05,1610612752,New York Knicks,1,0,1,0.0,48.0,101.2,105.3,115.9,122.1,-14.7,-16.8,0.711,2.25,19.0,0.339,0.578,0.439,0.126,0.465,0.482,99.5,95.0,79.17,95,0.39
0022300885,2024-03-05,1610612753,Orlando Magic,1,1,0,1.0,48.0,111.5,111.0,95.9,97.8,15.6,13.2,0.575,1.28,18.9,0.237,0.897,0.571,0.198,0.628,0.627,91.7,91.0,75.83,91,0.584
0022300887,2024-03-05,1610612755,Philadelphia 76ers,1,0,1,0.0,48.0,113.4,115.1,113.6,117.9,-0.2,-2.8,0.625,2.08,19.7,0.2,0.696,0.451,0.129,0.561,0.592,96.5,94.0,78.33,93,0.465
0022300893,2024-03-05,1610612756,Phoenix Suns,1,1,0,1.0,53.0,111.8,113.6,99.9,102.9,11.9,10.7,0.762,3.2,21.3,0.263,0.741,0.504,0.097,0.516,0.554,95.9,93.74,78.11,103,0.553
0022300891,2024-03-05,1610612759,San Antonio Spurs,1,0,1,0.0,48.0,100.0,101.0,113.1,111.8,-13.1,-10.8,0.632,1.26,17.3,0.3,0.695,0.514,0.19,0.506,0.537,100.9,101.0,84.17,100,0.443
0022300890,2024-03-05,1610612761,Toronto Raptors,1,0,1,0.0,48.0,94.5,93.3,133.9,135.0,-39.3,-41.6,0.583,1.75,15.2,0.213,0.667,0.426,0.114,0.457,0.477,103.8,104.0,86.67,105,0.333
0022300895,2024-03-06,1610612737,Atlanta Hawks,1,1,0,1.0,48.0,116.9,117.9,99.5,104.1,17.4,13.8,0.628,2.45,20.6,0.2,0.673,0.454,0.116,0.577,0.603,98.6,96.0,80.0,95,0.562
0022300898,2024-03-06,1610612741,Chicago Bulls,1,1,0,1.0,48.0,120.7,125.3,118.1,120.6,2.6,4.6,0.644,3.22,21.5,0.244,0.623,0.449,0.095,0.594,0.616,98.8,96.0,80.0,95,0.521
0022300895,2024-03-06,1610612739,Cleveland Cavaliers,1,0,1,0.0,48.0,99.5,104.1,116.9,117.9,-17.4,-13.8,0.692,1.8,19.1,0.327,0.8,0.546,0.155,0.494,0.523,98.6,96.0,80.0,97,0.438
0022300899,2024-03-06,1610612744,Golden State Warriors,1,1,0,1.0,48.0,122.5,123.8,86.0,89.1,36.4,34.7,0.725,2.31,24.8,0.262,0.804,0.571,0.158,0.665,0.664,103.3,101.0,84.17,101,0.69
0022300897,2024-03-06,1610612745,Houston Rockets,1,0,1,0.0,48.0,120.2,123.4,132.0,129.8,-11.7,-6.4,0.733,4.13,22.9,0.353,0.784,0.534,0.085,0.564,0.572,94.5,94.0,78.33,94,0.459
0022300897,2024-03-06,1610612746,LA Clippers,1,1,0,1.0,48.0,132.0,129.8,120.2,123.4,11.7,6.4,0.432,2.11,15.7,0.216,0.647,0.466,0.096,0.625,0.667,94.5,94.0,78.33,94,0.541
0022300901,2024-03-06,1610612747,Los Angeles Lakers,1,0,1,0.0,48.0,116.5,114.3,121.2,125.0,-4.7,-10.7,0.595,1.79,18.7,0.098,0.75,0.435,0.133,0.611,0.652,105.1,104.5,87.08,105,0.464
0022300896,2024-03-06,1610612763,Memphis Grizzlies,1,1,0,1.0,48.0,113.7,117.3,103.6,111.2,10.2,6.1,0.512,1.4,15.1,0.385,0.609,0.509,0.153,0.522,0.569,103.2,98.0,81.67,98,0.552
0022300899,2024-03-06,1610612749,Milwaukee Bucks,1,0,1,0.0,48.0,86.0,89.1,122.5,123.8,-36.4,-34.7,0.559,1.27,14.5,0.196,0.738,0.429,0.149,0.444,0.471,103.3,101.0,84.17,101,0.31
0022300900,2024-03-06,1610612760,Oklahoma City Thunder,1,1,0,1.0,48.0,125.3,123.1,116.6,116.5,8.7,6.6,0.535,1.28,17.0,0.235,0.81,0.553,0.173,0.642,0.702,102.5,103.5,86.25,104,0.561
0022300894,2024-03-06,1610612753,Orlando Magic,1,1,0,1.0,48.0,123.6,122.7,112.6,114.7,11.0,7.9,0.477,1.4,16.2,0.308,0.771,0.563,0.155,0.617,0.659,96.5,96.0,80.0,97,0.551
0022300896,2024-03-06,1610612755,Philadelphia 76ers,1,0,1,0.0,48.0,103.6,111.2,113.7,117.3,-10.2,-6.1,0.641,2.27,16.9,0.391,0.615,0.491,0.112,0.446,0.49,103.2,98.0,81.67,98,0.448
0022300900,2024-03-06,1610612757,Portland Trail Blazers,1,0,1,0.0,48.0,116.6,116.5,125.3,123.1,-8.7,-6.6,0.659,1.59,19.6,0.19,0.765,0.447,0.165,0.593,0.646,102.5,103.5,86.25,103,0.439
0022300901,2024-03-06,1610612758,Sacramento Kings,1,1,0,1.0,48.0,121.2,125.0,116.5,114.3,4.7,10.7,0.593,2.29,21.8,0.25,0.902,0.565,0.135,0.619,0.636,105.1,104.5,87.08,104,0.536
0022300898,2024-03-06,1610612762,Utah Jazz,1,0,1,0.0,48.0,118.1,120.6,120.7,125.3,-2.6,-4.6,0.636,2.8,19.4,0.377,0.756,0.551,0.103,0.536,0.568,98.8,96.0,80.0,97,0.479
0022300894,2024-03-06,1610612764,Washington Wizards,1,0,1,0.0,48.0,112.6,114.7,123.6,122.7,-11.0,-7.9,0.65,2.89,19.7,0.229,0.692,0.437,0.095,0.523,0.563,96.5,96.0,80.0,95,0.449
0022300906,2024-03-07,1610612738,Boston Celtics,1,0,1,0.0,48.0,107.9,111.2,115.4,116.2,-7.4,-4.9,0.585,2.0,17.4,0.291,0.783,0.515,0.122,0.511,0.534,100.3,98.5,82.08,98,0.43
0022300902,2024-03-07,1610612751,Brooklyn Nets,1,0,1,0.0,48.0,109.9,109.8,116.6,115.7,-6.7,-5.9,0.585,1.71,18.2,0.133,0.625,0.365,0.137,0.589,0.609,101.6,102.0,85.0,102,0.461
0022300907,2024-03-07,1610612741,Chicago Bulls,1,1,0,1.0,48.0,120.1,121.4,113.7,117.3,6.4,4.1,0.63,2.07,20.7,0.182,0.636,0.434,0.136,0.621,0.644,105.7,103.5,86.25,103,0.508
0022300904,2024-03-07,1610612742,Dallas Mavericks,1,1,0,1.0,48.0,117.4,118.8,108.6,113.7,8.8,5.1,0.675,2.7,19.7,0.28,0.822,0.537,0.104,0.552,0.587,98.3,95.5,79.58,96,0.521
0022300906,2024-03-07,1610612743,Denver Nuggets,1,1,0,1.0,48.0,115.4,116.2,107.9,111.2,7.4,4.9,0.6,3.38,19.9,0.217,0.709,0.485,0.081,0.522,0.577,100.3,98.5,82.08,99,0.57
0022300902,2024-03-07,1610612765,Detroit Pistons,1,1,0,1.0,48.0,116.6,115.7,109.9,109.8,6.7,5.9,0.558,1.04,17.0,0.375,0.867,0.635,0.225,0.598,0.647,101.6,102.0,85.0,102,0.539
0022300907,2024-03-07,1610612744,Golden State Warriors,1,0,1,0.0,48.0,113.7,117.3,120.1,121.4,-6.4,-4.1,0.705,2.82,20.0,0.364,0.818,0.566,0.106,0.51,0.558,105.7,103.5,86.25,104,0.492
0022300903,2024-03-07,1610612754,Indiana Pacers,1,0,1,0.0,48.0,110.9,112.1,108.3,113.0,2.6,-0.9,0.619,1.73,19.4,0.205,0.661,0.46,0.152,0.573,0.602,102.2,99.5,82.92,99,0.49
0022300904,2024-03-07,1610612748,Miami Heat,1,0,1,0.0,48.0,108.6,113.7,117.4,118.8,-8.8,-5.1,0.75,2.5,22.6,0.178,0.72,0.463,0.126,0.591,0.603,98.3,95.5,79.58,95,0.479
0022300903,2024-03-07,1610612750,Minnesota Timberwolves,1,1,0,1.0,48.0,108.3,113.0,110.9,112.1,-2.6,0.9,0.5,2.09,16.2,0.339,0.795,0.54,0.11,0.505,0.531,102.2,99.5,82.92,100,0.51
0022300905,2024-03-07,1610612756,Phoenix Suns,1,1,0,1.0,48.0,119.0,121.2,112.3,114.1,6.7,7.1,0.659,1.81,20.4,0.349,0.774,0.583,0.162,0.599,0.633,100.7,99.0,82.5,99,0.564
0022300908,2024-03-07,1610612758,Sacramento Kings,1,1,0,1.0,48.0,120.3,128.4,125.0,125.2,-4.7,3.2,0.596,2.38,20.1,0.42,0.756,0.579,0.127,0.559,0.596,106.1,102.5,85.42,102,0.496
0022300908,2024-03-07,1610612759,San Antonio Spurs,1,0,1,0.0,48.0,125.0,125.2,120.3,128.4,4.7,-3.2,0.848,3.25,25.7,0.244,0.58,0.421,0.117,0.593,0.643,106.1,102.5,85.42,103,0.504
0022300905,2024-03-07,1610612761,Toronto Raptors,1,0,1,0.0,48.0,112.3,114.1,119.0,121.2,-6.7,-7.1,0.698,3.33,21.4,0.226,0.651,0.417,0.091,0.543,0.562,100.7,99.0,82.5,99,0.436
0022300913,2024-03-08,1610612737,Atlanta Hawks,1,1,0,1.0,48.0,104.7,112.5,102.0,104.5,2.7,8.0,0.568,1.31,15.9,0.434,0.688,0.554,0.182,0.511,0.529,92.4,88.0,73.33,88,0.508
0022300910,2024-03-08,1610612766,Charlotte Hornets,1,0,1,0.0,48.0,99.4,101.0,114.1,113.1,-14.7,-12.1,0.45,2.57,13.5,0.258,0.761,0.472,0.071,0.445,0.469,99.4,99.0,82.5,99,0.397
0022300911,2024-03-08,1610612739,Cleveland Cavaliers,1,1,0,1.0,53.0,105.8,110.8,94.0,102.0,11.8,8.8,0.711,2.08,18.8,0.273,0.679,0.477,0.127,0.494,0.544,98.5,92.38,76.98,102,0.553
0022300916,2024-03-08,1610612745,Houston Rockets,1,1,0,1.0,48.0,124.9,125.5,109.2,110.3,15.8,15.2,0.733,4.71,22.4,0.333,0.6,0.472,0.071,0.553,0.583,98.2,97.5,81.25,98,0.619
0022300915,2024-03-08,1610612747,Los Angeles Lakers,1,1,0,1.0,48.0,123.8,126.8,119.0,123.2,4.7,3.6,0.574,5.4,20.8,0.13,0.755,0.453,0.052,0.611,0.625,100.9,98.0,81.67,97,0.505
0022300913,2024-03-08,1610612763,Memphis Grizzlies,1,0,1,0.0,48.0,102.0,104.5,104.7,112.5,-2.7,-8.0,0.7,1.62,17.4,0.313,0.566,0.446,0.148,0.473,0.528,92.4,88.0,73.33,88,0.492
0022300914,2024-03-08,1610612748,Miami Heat,1,0,1,0.0,48.0,106.5,106.4,113.0,111.5,-6.5,-5.1,0.632,2.18,19.2,0.152,0.75,0.457,0.117,0.53,0.556,94.3,95.0,79.17,94,0.465
0022300915,2024-03-08,1610612749,Milwaukee Bucks,1,0,1,0.0,48.0,119.0,123.2,123.8,126.8,-4.7,-3.6,0.609,3.5,20.1,0.245,0.87,0.547,0.081,0.581,0.607,100.9,98.0,81.67,99,0.495
0022300911,2024-03-08,1610612750,Minnesota Timberwolves,1,0,1,0.0,53.0,94.0,102.0,105.8,110.8,-11.8,-8.8,0.641,1.79,17.4,0.321,0.727,0.523,0.137,0.457,0.502,98.5,92.38,76.98,102,0.447
0022300909,2024-03-08,1610612740,New Orleans Pelicans,1,1,0,1.0,48.0,109.4,109.6,99.2,101.1,10.3,8.5,0.629,1.57,17.3,0.25,0.714,0.51,0.149,0.513,0.578,95.0,94.0,78.33,94,0.58
0022300912,2024-03-08,1610612752,New York Knicks,1,1,0,1.0,48.0,112.0,115.3,82.4,85.1,29.6,30.2,0.526,1.25,16.9,0.31,0.685,0.521,0.188,0.582,0.594,88.7,86.0,71.67,85,0.677
0022300914,2024-03-08,1610612760,Oklahoma City Thunder,1,1,0,1.0,48.0,113.0,111.5,106.5,106.4,6.5,5.1,0.667,3.11,20.7,0.25,0.848,0.543,0.094,0.539,0.565,94.3,95.0,79.17,96,0.535
0022300912,2024-03-08,1610612753,Orlando Magic,1,0,1,0.0,48.0,82.4,85.1,112.0,115.3,-29.6,-30.2,0.444,0.86,10.3,0.315,0.69,0.479,0.161,0.38,0.421,88.7,86.0,71.67,87,0.323
0022300909,2024-03-08,1610612755,Philadelphia 76ers,1,0,1,0.0,48.0,99.2,101.1,109.4,109.6,-10.3,-8.5,0.6,1.75,16.0,0.286,0.75,0.49,0.128,0.449,0.491,95.0,94.0,78.33,94,0.42
0022300916,2024-03-08,1610612757,Portland Trail Blazers,1,0,1,0.0,48.0,109.2,110.3,124.9,125.5,-15.8,-15.2,0.595,1.29,15.7,0.4,0.667,0.528,0.175,0.506,0.535,98.2,97.5,81.25,97,0.381
0022300910,2024-03-08,1610612764,Washington Wizards,1,1,0,1.0,48.0,114.1,113.1,99.4,101.0,14.7,12.1,0.581,2.27,18.5,0.239,0.742,0.528,0.111,0.529,0.577,99.4,99.0,82.5,99,0.603
0022300920,2024-03-09,1610612738,Boston Celtics,1,1,0,1.0,48.0,118.5,120.6,108.0,110.3,10.5,10.3,0.63,2.42,20.4,0.327,0.711,0.511,0.124,0.569,0.587,98.9,97.0,80.83,97,0.557
0022300918,2024-03-09,1610612751,Brooklyn Nets,1,0,1,0.0,48.0,101.6,106.5,115.1,115.8,-13.5,-9.3,0.611,1.38,16.4,0.339,0.667,0.474,0.172,0.478,0.508,96.5,94.0,78.33,93,0.39
0022300918,2024-03-09,1610612766,Charlotte Hornets,1,1,0,1.0,48.0,115.1,115.8,101.6,106.5,13.5,9.3,0.591,1.53,19.5,0.333,0.661,0.526,0.179,0.611,0.628,96.5,94.0,78.33,95,0.61
0022300917,2024-03-09,1610612741,Chicago Bulls,1,0,1,0.0,48.0,108.1,107.4,113.2,119.1,-5.1,-11.8,0.73,2.25,19.9,0.28,0.643,0.446,0.126,0.506,0.54,96.6,94.5,78.75,95,0.434
0022300919,2024-03-09,1610612742,Dallas Mavericks,1,1,0,1.0,48.0,122.3,129.1,112.7,112.7,9.6,16.4,0.569,2.07,19.9,0.159,0.607,0.41,0.127,0.63,0.669,113.0,110.0,91.67,110,0.581
0022300922,2024-03-09,1610612743,Denver Nuggets,1,1,0,1.0,48.0,143.4,144.9,114.2,122.2,29.2,22.7,0.727,2.86,27.8,0.241,0.604,0.476,0.143,0.777,0.789,102.5,98.5,82.08,98,0.619
0022300919,2024-03-09,1610612765,Detroit Pistons,1,0,1,0.0,48.0,112.7,112.7,122.3,129.1,-9.6,-16.4,0.6,1.35,17.0,0.393,0.841,0.59,0.182,0.52,0.564,113.0,110.0,91.67,110,0.419
0022300921,2024-03-09,1610612744,Golden State Warriors,1,0,1,0.0,48.0,108.9,111.9,125.6,124.8,-16.7,-12.9,0.634,2.17,18.6,0.255,0.681,0.459,0.119,0.523,0.561,102.0,101.0,84.17,101,0.428
0022300917,2024-03-09,1610612746,LA Clippers,1,1,0,1.0,48.0,113.2,119.1,108.1,107.4,5.1,11.8,0.69,1.81,21.0,0.357,0.72,0.554,0.17,0.571,0.609,96.6,94.5,78.75,94,0.566
0022300920,2024-03-09,1610612756,Phoenix Suns,1,0,1,0.0,48.0,108.0,110.3,118.5,120.6,-10.5,-10.3,0.477,1.4,16.0,0.289,0.673,0.489,0.155,0.557,0.569,98.9,97.0,80.83,97,0.443
0022300923,2024-03-09,1610612757,Portland Trail Blazers,1,1,0,1.0,53.0,120.1,119.6,106.9,111.3,13.2,8.3,0.633,2.07,19.7,0.364,0.694,0.519,0.14,0.553,0.584,98.2,96.45,80.38,107,0.536
0022300921,2024-03-09,1610612759,San Antonio Spurs,1,1,0,1.0,48.0,125.6,124.8,108.9,111.9,16.7,12.9,0.773,2.43,22.7,0.319,0.745,0.541,0.139,0.61,0.641,102.0,101.0,84.17,101,0.572
0022300923,2024-03-09,1610612761,Toronto Raptors,1,0,1,0.0,53.0,106.9,111.3,120.1,119.6,-13.2,-8.3,0.674,1.45,19.3,0.306,0.636,0.481,0.189,0.56,0.594,98.2,96.45,80.38,106,0.464
0022300922,2024-03-09,1610612762,Utah Jazz,1,0,1,0.0,48.0,114.2,122.2,143.4,144.9,-29.2,-22.7,0.468,1.47,15.5,0.396,0.759,0.524,0.152,0.543,0.576,102.5,98.5,82.08,99,0.381
0022300925,2024-03-10,1610612737,Atlanta Hawks,1,0,1,0.0,48.0,107.6,109.6,125.2,120.8,-17.6,-11.3,0.737,2.55,20.6,0.259,0.865,0.505,0.117,0.511,0.532,94.2,95.0,79.17,94,0.396
0022300930,2024-03-10,1610612751,Brooklyn Nets,1,1,0,1.0,48.0,126.6,129.0,110.0,108.6,16.6,20.4,0.786,2.2,24.1,0.289,0.854,0.582,0.161,0.646,0.683,93.3,93.0,77.5,93,0.586
0022300930,2024-03-10,1610612739,Cleveland Cavaliers,1,0,1,0.0,48.0,110.0,108.6,126.6,129.0,-16.6,-20.4,0.676,2.08,20.2,0.146,0.711,0.418,0.129,0.579,0.596,93.3,93.0,77.5,93,0.414
0022300929,2024-03-10,1610612745,Houston Rockets,1,1,0,1.0,48.0,109.9,109.8,101.8,103.0,8.1,6.8,0.59,1.92,17.4,0.17,0.813,0.495,0.118,0.536,0.584,102.0,101.5,84.58,102,0.511
0022300928,2024-03-10,1610612754,Indiana Pacers,1,1,0,1.0,48.0,110.4,112.1,96.3,98.0,14.2,14.1,0.526,1.54,16.0,0.159,0.733,0.49,0.131,0.538,0.6,100.6,99.0,82.5,99,0.631
0022300924,2024-03-10,1610612746,LA Clippers,1,0,1,0.0,48.0,115.4,119.4,125.4,126.5,-10.0,-7.1,0.638,3.0,20.1,0.368,0.792,0.562,0.102,0.519,0.54,100.1,98.0,81.67,98,0.46
0022300932,2024-03-10,1610612747,Los Angeles Lakers,1,1,0,1.0,48.0,116.8,120.0,105.1,105.8,11.7,14.2,0.659,1.38,20.1,0.357,0.737,0.576,0.21,0.59,0.627,103.2,101.5,84.58,100,0.587
0022300931,2024-03-10,1610612763,Memphis Grizzlies,1,0,1,0.0,48.0,95.0,96.9,127.6,126.5,-32.6,-29.7,0.656,1.31,16.4,0.216,0.75,0.463,0.167,0.481,0.517,97.5,97.0,80.83,96,0.344
0022300926,2024-03-10,1610612748,Miami Heat,1,0,1,0.0,48.0,108.1,110.2,110.4,111.1,-2.3,-0.9,0.465,1.54,14.5,0.364,0.795,0.556,0.133,0.505,0.525,99.8,98.5,82.08,98,0.464
0022300924,2024-03-10,1610612749,Milwaukee Bucks,1,1,0,1.0,48.0,125.4,126.5,115.4,119.4,10.0,7.1,0.651,4.0,20.6,0.208,0.632,0.438,0.071,0.592,0.627,100.1,98.0,81.67,98,0.54
0022300932,2024-03-10,1610612750,Minnesota Timberwolves,1,0,1,0.0,48.0,105.1,105.8,116.8,120.0,-11.7,-14.2,0.659,2.25,18.6,0.263,0.643,0.424,0.117,0.505,0.531,103.2,101.5,84.58,103,0.413
0022300925,2024-03-10,1610612740,New Orleans Pelicans,1,1,0,1.0,48.0,125.2,120.8,107.6,109.6,17.6,11.3,0.744,2.67,24.1,0.135,0.741,0.495,0.125,0.667,0.685,94.2,95.0,79.17,96,0.604
0022300927,2024-03-10,1610612752,New York Knicks,1,0,1,0.0,48.0,79.3,83.9,90.6,89.8,-11.3,-5.9,0.731,0.9,15.1,0.382,0.686,0.528,0.241,0.381,0.419,89.6,87.5,72.92,87,0.457
0022300931,2024-03-10,1610612760,Oklahoma City Thunder,1,1,0,1.0,48.0,127.6,126.5,95.0,96.9,32.6,29.7,0.735,3.6,25.2,0.25,0.784,0.537,0.102,0.64,0.651,97.5,97.0,80.83,98,0.656
0022300928,2024-03-10,1610612753,Orlando Magic,1,0,1,0.0,48.0,96.3,98.0,110.4,112.1,-14.2,-14.1,0.545,1.38,13.6,0.267,0.841,0.51,0.131,0.426,0.481,100.6,99.0,82.5,99,0.369
0022300927,2024-03-10,1610612755,Philadelphia 76ers,1,1,0,1.0,48.0,90.6,89.8,79.3,83.9,11.3,5.9,0.645,1.33,16.1,0.314,0.618,0.472,0.17,0.444,0.458,89.6,87.5,72.92,88,0.543
0022300929,2024-03-10,1610612758,Sacramento Kings,1,0,1,0.0,48.0,101.8,103.0,109.9,109.8,-8.1,-6.8,0.615,1.85,17.9,0.188,0.83,0.505,0.129,0.488,0.541,102.0,101.5,84.58,101,0.489
0022300926,2024-03-10,1610612764,Washington Wizards,1,1,0,1.0,48.0,110.4,111.1,108.1,110.2,2.3,0.9,0.897,2.33,24.5,0.205,0.636,0.444,0.152,0.58,0.607,99.8,98.5,82.08,99,0.536
0022300938,2024-03-11,1610612738,Boston Celtics,1,1,0,1.0,48.0,128.3,133.0,105.5,108.8,22.8,24.2,0.694,11.33,23.4,0.377,0.708,0.535,0.033,0.565,0.575,94.1,91.0,75.83,91,0.599
0022300933,2024-03-11,1610612766,Charlotte Hornets,1,0,1,0.0,48.0,95.0,99.0,114.5,115.2,-19.5,-16.2,0.794,2.08,19.6,0.228,0.717,0.447,0.133,0.46,0.494,100.8,98.5,82.08,98,0.394
0022300935,2024-03-11,1610612741,Chicago Bulls,1,0,1,0.0,48.0,94.2,97.9,132.8,133.7,-38.7,-35.8,0.543,1.46,14.5,0.305,0.705,0.476,0.138,0.433,0.466,96.6,94.5,78.75,94,0.313
0022300934,2024-03-11,1610612739,Cleveland Cavaliers,1,0,1,0.0,48.0,116.4,115.6,124.0,121.9,-7.6,-6.3,0.75,2.31,21.7,0.273,0.714,0.488,0.135,0.565,0.601,94.9,96.0,80.0,96,0.484
0022300935,2024-03-11,1610612742,Dallas Mavericks,1,1,0,1.0,48.0,132.8,133.7,94.2,97.9,38.7,35.8,0.647,5.5,23.4,0.295,0.695,0.524,0.063,0.618,0.638,96.6,94.5,78.75,95,0.687
0022300937,2024-03-11,1610612743,Denver Nuggets,1,1,0,1.0,48.0,123.9,126.3,117.3,119.0,6.6,7.3,0.692,4.0,24.0,0.319,0.702,0.511,0.091,0.6,0.607,101.2,99.5,82.92,99,0.54
0022300933,2024-03-11,1610612765,Detroit Pistons,1,1,0,1.0,48.0,114.5,115.2,95.0,99.0,19.5,16.2,0.634,2.17,18.8,0.283,0.772,0.553,0.121,0.535,0.59,100.8,98.5,82.08,99,0.606
0022300936,2024-03-11,1610612744,Golden State Warriors,1,1,0,1.0,48.0,109.5,112.0,100.4,102.0,9.1,10.0,0.609,2.0,19.9,0.26,0.696,0.491,0.14,0.559,0.57,101.9,100.0,83.33,100,0.526
0022300934,2024-03-11,1610612756,Phoenix Suns,1,1,0,1.0,48.0,124.0,121.9,116.4,115.6,7.6,6.3,0.5,1.64,17.6,0.286,0.727,0.512,0.146,0.619,0.633,94.9,96.0,80.0,96,0.516
0022300938,2024-03-11,1610612757,Portland Trail Blazers,1,0,1,0.0,48.0,105.5,108.8,128.3,133.0,-22.8,-24.2,0.59,2.09,18.0,0.292,0.623,0.465,0.121,0.506,0.539,94.1,91.0,75.83,91,0.401
0022300936,2024-03-11,1610612759,San Antonio Spurs,1,0,1,0.0,48.0,100.4,102.0,109.5,112.0,-9.1,-10.0,0.692,1.8,18.8,0.304,0.74,0.509,0.15,0.495,0.512,101.9,100.0,83.33,100,0.474
0022300937,2024-03-11,1610612761,Toronto Raptors,1,0,1,0.0,48.0,117.3,119.0,123.9,126.3,-6.6,-7.3,0.638,2.5,20.8,0.298,0.681,0.489,0.12,0.565,0.592,101.2,99.5,82.92,100,0.46
0022300943,2024-03-12,1610612738,Boston Celtics,1,1,0,1.0,48.0,129.0,135.2,116.5,116.3,12.5,18.9,0.581,2.78,18.7,0.36,0.739,0.542,0.099,0.576,0.613,93.6,91.5,76.25,91,0.557
0022300942,2024-03-12,1610612745,Houston Rockets,1,1,0,1.0,48.0,109.3,110.8,108.4,108.6,0.9,2.2,0.568,1.62,16.7,0.273,0.733,0.506,0.14,0.525,0.577,93.7,93.0,77.5,93,0.479
0022300941,2024-03-12,1610612754,Indiana Pacers,1,1,0,1.0,48.0,118.2,116.3,105.1,106.7,13.1,9.6,0.708,3.78,23.8,0.116,0.712,0.461,0.087,0.59,0.621,104.0,104.0,86.67,104,0.6
0022300944,2024-03-12,1610612746,LA Clippers,1,0,1,0.0,48.0,107.5,108.7,128.0,126.9,-20.5,-18.2,0.647,1.22,17.7,0.25,0.571,0.427,0.196,0.549,0.602,92.6,92.5,77.08,92,0.418
0022300940,2024-03-12,1610612763,Memphis Grizzlies,1,1,0,1.0,48.0,104.6,111.2,98.9,99.0,5.6,12.2,0.643,1.5,18.1,0.472,0.867,0.653,0.184,0.489,0.528,101.1,98.0,81.67,98,0.555
0022300945,2024-03-12,1610612749,Milwaukee Bucks,1,0,1,0.0,48.0,93.6,93.1,126.4,127.7,-32.8,-34.7,0.767,1.77,17.0,0.193,0.822,0.471,0.129,0.409,0.483,101.2,101.0,84.17,101,0.328
0022300944,2024-03-12,1610612750,Minnesota Timberwolves,1,1,0,1.0,48.0,128.0,126.9,107.5,108.7,20.5,18.2,0.542,2.36,18.6,0.429,0.75,0.573,0.118,0.574,0.589,92.6,92.5,77.08,93,0.582
0022300939,2024-03-12,1610612752,New York Knicks,1,1,0,1.0,48.0,118.3,121.8,89.7,89.8,28.6,32.1,0.8,2.46,24.2,0.317,0.815,0.6,0.149,0.595,0.619,88.8,87.5,72.92,87,0.693
0022300941,2024-03-12,1610612760,Oklahoma City Thunder,1,0,1,0.0,48.0,105.1,106.7,118.2,116.3,-13.1,-9.6,0.558,1.85,16.6,0.288,0.884,0.539,0.125,0.505,0.526,104.0,104.0,86.67,104,0.4
0022300939,2024-03-12,1610612755,Philadelphia 76ers,1,0,1,0.0,48.0,89.7,89.8,118.3,121.8,-28.6,-32.1,0.567,2.13,14.8,0.185,0.683,0.4,0.091,0.425,0.454,88.8,87.5,72.92,88,0.307
0022300945,2024-03-12,1610612758,Sacramento Kings,1,1,0,1.0,48.0,126.4,127.7,93.6,93.1,32.8,34.7,0.694,3.78,23.8,0.178,0.807,0.529,0.089,0.63,0.651,101.2,101.0,84.17,101,0.672
0022300942,2024-03-12,1610612759,San Antonio Spurs,1,0,1,0.0,48.0,108.4,108.6,109.3,110.8,-0.9,-2.2,0.769,2.0,22.2,0.267,0.727,0.494,0.161,0.543,0.573,93.7,93.0,77.5,93,0.521
0022300943,2024-03-12,1610612762,Utah Jazz,1,0,1,0.0,48.0,116.5,116.3,129.0,135.2,-12.5,-18.9,0.561,2.3,18.3,0.261,0.64,0.458,0.109,0.564,0.589,93.6,91.5,76.25,92,0.443
0022300940,2024-03-12,1610612764,Washington Wizards,1,0,1,0.0,48.0,98.9,99.0,104.6,111.2,-5.6,-12.2,0.703,2.0,20.2,0.133,0.528,0.347,0.133,0.518,0.545,101.1,98.0,81.67,98,0.445
0022300953,2024-03-13,1610612737,Atlanta Hawks,1,0,1,0.0,48.0,104.2,105.2,107.5,109.3,-3.4,-4.1,0.5,1.27,14.5,0.296,0.652,0.46,0.155,0.511,0.532,98.2,97.0,80.83,97,0.432
0022300947,2024-03-13,1610612751,Brooklyn Nets,1,0,1,0.0,48.0,108.3,112.8,119.4,122.6,-11.2,-9.8,0.553,1.62,16.5,0.295,0.757,0.506,0.138,0.512,0.571,96.7,93.5,77.92,94,0.443
0022300950,2024-03-13,1610612766,Charlotte Hornets,1,1,0,1.0,48.0,108.1,111.1,100.2,100.0,8.0,11.1,0.591,1.3,19.3,0.244,0.633,0.456,0.202,0.616,0.627,99.8,98.5,82.08,99,0.576
0022300948,2024-03-13,1610612741,Chicago Bulls,1,1,0,1.0,53.0,118.8,118.9,115.9,116.2,3.0,2.7,0.458,1.83,15.5,0.184,0.768,0.495,0.108,0.576,0.622,100.7,100.53,83.77,111,0.516
0022300951,2024-03-13,1610612739,Cleveland Cavaliers,1,1,0,1.0,48.0,119.2,118.4,98.5,96.9,20.7,21.4,0.809,3.17,26.2,0.2,0.851,0.533,0.122,0.62,0.622,96.9,98.0,81.67,98,0.579
0022300952,2024-03-13,1610612742,Dallas Mavericks,1,1,0,1.0,48.0,110.8,111.2,96.7,102.1,14.1,9.2,0.682,1.76,21.6,0.268,0.614,0.469,0.173,0.573,0.603,100.4,97.5,81.25,98,0.626
0022300949,2024-03-13,1610612743,Denver Nuggets,1,1,0,1.0,48.0,110.2,112.4,99.0,96.7,11.3,15.7,0.6,2.4,19.7,0.205,0.766,0.495,0.112,0.555,0.57,89.8,90.0,75.0,89,0.552
0022300946,2024-03-13,1610612765,Detroit Pistons,1,1,0,1.0,48.0,100.3,102.7,95.1,93.7,5.2,9.0,0.692,1.23,17.8,0.294,0.927,0.623,0.2,0.506,0.556,111.0,110.5,92.08,110,0.511
0022300952,2024-03-13,1610612744,Golden State Warriors,1,0,1,0.0,48.0,96.7,102.1,110.8,111.2,-14.1,-9.2,0.514,1.12,13.8,0.386,0.732,0.531,0.175,0.451,0.493,100.4,97.5,81.25,97,0.374
0022300948,2024-03-13,1610612754,Indiana Pacers,1,0,1,0.0,53.0,115.9,116.2,118.8,118.9,-3.0,-2.7,0.652,3.33,19.6,0.232,0.816,0.505,0.081,0.535,0.579,100.7,100.53,83.77,111,0.484
0022300954,2024-03-13,1610612747,Los Angeles Lakers,1,0,1,0.0,48.0,113.0,109.2,122.1,125.0,-9.1,-15.8,0.658,1.79,19.2,0.167,0.733,0.46,0.143,0.577,0.61,96.5,97.0,80.83,98,0.458
0022300950,2024-03-13,1610612763,Memphis Grizzlies,1,0,1,0.0,48.0,100.2,100.0,108.1,111.1,-8.0,-11.1,0.667,1.0,17.1,0.367,0.756,0.544,0.245,0.518,0.545,99.8,98.5,82.08,98,0.424
0022300949,2024-03-13,1610612748,Miami Heat,1,0,1,0.0,48.0,99.0,96.7,110.2,112.4,-11.3,-15.7,0.529,2.0,15.0,0.234,0.795,0.505,0.099,0.456,0.5,89.8,90.0,75.0,91,0.448
0022300951,2024-03-13,1610612740,New Orleans Pelicans,1,0,1,0.0,48.0,98.5,96.9,119.2,118.4,-20.7,-21.4,0.629,1.83,17.3,0.149,0.8,0.467,0.122,0.463,0.519,96.9,98.0,81.67,98,0.421
0022300947,2024-03-13,1610612753,Orlando Magic,1,1,0,1.0,48.0,119.4,122.6,108.3,112.8,11.2,9.8,0.725,2.23,22.3,0.243,0.705,0.494,0.14,0.61,0.645,96.7,93.5,77.92,93,0.557
0022300953,2024-03-13,1610612757,Portland Trail Blazers,1,1,0,1.0,48.0,107.5,109.3,104.2,105.2,3.4,4.1,0.632,1.33,17.6,0.348,0.704,0.54,0.186,0.524,0.573,98.2,97.0,80.83,97,0.568
0022300954,2024-03-13,1610612758,Sacramento Kings,1,1,0,1.0,48.0,122.1,125.0,113.0,109.2,9.1,15.8,0.652,2.14,21.7,0.267,0.833,0.54,0.146,0.631,0.643,96.5,97.0,80.83,96,0.542
0022300946,2024-03-13,1610612761,Toronto Raptors,1,0,1,0.0,48.0,95.1,93.7,100.3,102.7,-5.2,-9.0,0.78,2.91,21.8,0.073,0.706,0.377,0.099,0.489,0.513,111.0,110.5,92.08,111,0.489
0022300955,2024-03-14,1610612738,Boston Celtics,1,1,0,1.0,48.0,129.8,132.3,113.8,115.5,16.0,16.8,0.66,3.1,23.0,0.186,0.547,0.385,0.104,0.669,0.677,98.1,96.5,80.42,96,0.562
0022300956,2024-03-14,1610612741,Chicago Bulls,1,0,1,0.0,48.0,116.8,119.4,139.8,138.5,-23.0,-19.1,0.683,2.15,20.7,0.348,0.788,0.532,0.14,0.57,0.597,92.6,92.0,76.67,93,0.419
0022300959,2024-03-14,1610612742,Dallas Mavericks,1,0,1,0.0,48.0,113.9,119.0,124.6,124.8,-10.7,-5.8,0.581,1.32,18.0,0.349,0.738,0.541,0.19,0.583,0.623,102.8,100.5,83.75,100,0.464
0022300957,2024-03-14,1610612745,Houston Rockets,1,1,0,1.0,48.0,124.4,123.9,109.8,110.2,14.5,13.7,0.471,1.26,16.8,0.289,0.837,0.598,0.174,0.655,0.692,108.5,108.5,90.42,109,0.559
0022300956,2024-03-14,1610612746,LA Clippers,1,1,0,1.0,48.0,139.8,138.5,116.8,119.4,23.0,19.1,0.667,3.2,24.8,0.212,0.652,0.468,0.11,0.725,0.731,92.6,92.0,76.67,91,0.581
0022300958,2024-03-14,1610612749,Milwaukee Bucks,1,1,0,1.0,48.0,124.5,126.7,113.9,118.0,10.6,8.7,0.744,1.93,22.7,0.294,0.8,0.568,0.167,0.653,0.69,91.9,89.5,74.58,90,0.583
0022300960,2024-03-14,1610612752,New York Knicks,1,1,0,1.0,48.0,106.7,109.4,96.8,96.9,9.8,12.5,0.421,1.07,12.6,0.34,0.706,0.525,0.156,0.471,0.533,97.2,96.0,80.0,96,0.554
0022300959,2024-03-14,1610612760,Oklahoma City Thunder,1,1,0,1.0,48.0,124.6,124.8,113.9,119.0,10.7,5.8,0.622,2.15,20.0,0.262,0.651,0.459,0.129,0.616,0.655,102.8,100.5,83.75,101,0.536
0022300958,2024-03-14,1610612755,Philadelphia 76ers,1,0,1,0.0,48.0,113.9,118.0,124.5,126.7,-10.6,-8.7,0.513,1.54,17.1,0.2,0.706,0.432,0.146,0.601,0.616,91.9,89.5,74.58,89,0.417
0022300955,2024-03-14,1610612756,Phoenix Suns,1,0,1,0.0,48.0,113.8,115.5,129.8,132.3,-16.0,-16.8,0.574,1.93,18.2,0.453,0.814,0.615,0.144,0.53,0.542,98.1,96.5,80.42,97,0.438
0022300960,2024-03-14,1610612757,Portland Trail Blazers,1,0,1,0.0,48.0,96.8,96.9,106.7,109.4,-9.8,-12.5,0.559,1.06,14.7,0.294,0.66,0.475,0.188,0.47,0.511,97.2,96.0,80.0,96,0.446
0022300957,2024-03-14,1610612764,Washington Wizards,1,0,1,0.0,48.0,109.8,110.2,124.4,123.9,-14.5,-13.7,0.63,2.07,20.0,0.163,0.711,0.402,0.13,0.559,0.587,108.5,108.5,90.42,108,0.441
0022300966,2024-03-15,1610612737,Atlanta Hawks,1,0,1,0.0,48.0,119.7,120.8,121.8,122.8,-2.1,-2.0,0.78,3.56,21.9,0.241,0.739,0.47,0.089,0.554,0.587,101.8,101.0,84.17,101,0.488
0022300961,2024-03-15,1610612766,Charlotte Hornets,1,0,1,0.0,48.0,97.1,101.1,111.7,112.6,-14.6,-11.6,0.571,4.0,15.3,0.266,0.755,0.478,0.053,0.404,0.453,97.3,95.0,79.17,95,0.409
0022300965,2024-03-15,1610612743,Denver Nuggets,1,1,0,1.0,48.0,116.7,119.4,108.3,108.2,8.4,11.2,0.755,2.85,25.7,0.214,0.708,0.478,0.133,0.607,0.62,99.1,98.0,81.67,98,0.578
0022300962,2024-03-15,1610612765,Detroit Pistons,1,0,1,0.0,48.0,95.4,96.9,108.8,110.2,-13.4,-13.3,0.75,1.5,19.7,0.25,0.804,0.535,0.184,0.488,0.524,99.4,98.0,81.67,98,0.444
0022300964,2024-03-15,1610612746,LA Clippers,1,0,1,0.0,48.0,109.1,110.6,116.9,117.9,-7.8,-7.3,0.486,1.2,15.1,0.175,0.723,0.471,0.16,0.558,0.609,95.6,94.5,78.75,94,0.472
0022300962,2024-03-15,1610612748,Miami Heat,1,1,0,1.0,48.0,108.8,110.2,95.4,96.9,13.4,13.3,0.535,2.88,17.6,0.196,0.75,0.465,0.082,0.511,0.539,99.4,98.0,81.67,98,0.556
0022300964,2024-03-15,1610612740,New Orleans Pelicans,1,1,0,1.0,48.0,116.9,117.9,109.1,110.6,7.8,7.3,0.667,3.11,20.6,0.277,0.825,0.529,0.095,0.557,0.585,95.6,94.5,78.75,95,0.528
0022300963,2024-03-15,1610612753,Orlando Magic,1,1,0,1.0,48.0,114.5,115.3,106.4,106.2,8.1,9.1,0.625,1.67,18.9,0.214,0.783,0.511,0.153,0.588,0.63,97.7,97.5,81.25,98,0.563
0022300961,2024-03-15,1610612756,Phoenix Suns,1,1,0,1.0,48.0,111.7,112.6,97.1,101.1,14.6,11.6,0.775,3.1,22.5,0.245,0.734,0.522,0.105,0.523,0.558,97.3,95.0,79.17,95,0.591
0022300965,2024-03-15,1610612759,San Antonio Spurs,1,0,1,0.0,48.0,108.3,108.2,116.7,119.4,-8.4,-11.2,0.622,1.35,17.0,0.292,0.786,0.522,0.173,0.525,0.571,99.1,98.0,81.67,98,0.422
0022300963,2024-03-15,1610612761,Toronto Raptors,1,0,1,0.0,48.0,106.4,106.2,114.5,115.3,-8.1,-9.1,0.632,1.5,18.3,0.217,0.786,0.489,0.165,0.556,0.573,97.7,97.5,81.25,97,0.437
0022300966,2024-03-15,1610612762,Utah Jazz,1,1,0,1.0,48.0,121.8,122.8,119.7,120.8,2.1,2.0,0.522,1.85,17.5,0.261,0.759,0.53,0.129,0.589,0.628,101.8,101.0,84.17,101,0.512
0022300968,2024-03-16,1610612751,Brooklyn Nets,1,0,1,0.0,48.0,100.4,99.0,112.0,118.6,-11.6,-19.6,0.545,0.86,13.7,0.25,0.589,0.433,0.208,0.494,0.552,103.8,101.5,84.58,101,0.418
0022300969,2024-03-16,1610612766,Charlotte Hornets,1,0,1,0.0,48.0,104.3,103.2,111.2,116.0,-6.9,-12.8,0.568,1.31,16.2,0.298,0.696,0.495,0.168,0.512,0.545,96.0,94.5,78.75,95,0.455
0022300971,2024-03-16,1610612741,Chicago Bulls,1,1,0,1.0,48.0,126.0,125.7,97.3,97.0,28.7,28.7,0.673,2.2,22.3,0.368,0.808,0.622,0.149,0.624,0.65,100.7,101.0,84.17,101,0.656
0022300967,2024-03-16,1610612739,Cleveland Cavaliers,1,0,1,0.0,48.0,103.2,103.0,114.4,115.8,-11.2,-12.8,0.595,1.38,16.9,0.17,0.736,0.47,0.16,0.524,0.567,101.0,100.5,83.75,100,0.463
0022300973,2024-03-16,1610612744,Golden State Warriors,1,1,0,1.0,48.0,132.5,134.7,118.7,126.0,13.8,8.7,0.745,5.43,25.5,0.34,0.674,0.505,0.074,0.598,0.618,99.3,95.5,79.58,95,0.523
0022300967,2024-03-16,1610612745,Houston Rockets,1,1,0,1.0,48.0,114.4,115.8,103.2,103.0,11.2,12.8,0.596,2.8,19.6,0.264,0.83,0.53,0.099,0.556,0.566,101.0,100.5,83.75,101,0.537
0022300968,2024-03-16,1610612754,Indiana Pacers,1,1,0,1.0,48.0,112.0,118.6,100.4,99.0,11.6,19.6,0.42,1.62,14.4,0.411,0.75,0.567,0.127,0.505,0.54,103.8,101.5,84.58,102,0.582
0022300973,2024-03-16,1610612747,Los Angeles Lakers,1,0,1,0.0,48.0,118.7,126.0,132.5,134.7,-13.8,-8.7,0.681,3.2,22.4,0.326,0.66,0.495,0.104,0.576,0.605,99.3,95.5,79.58,96,0.477
0022300972,2024-03-16,1610612763,Memphis Grizzlies,1,0,1,0.0,48.0,112.6,113.1,117.7,119.2,-5.1,-6.1,0.919,2.43,24.1,0.188,0.744,0.451,0.141,0.568,0.606,99.8,99.0,82.5,99,0.469
0022300974,2024-03-16,1610612750,Minnesota Timberwolves,1,1,0,1.0,48.0,117.1,119.0,101.8,99.0,15.3,20.0,0.705,3.44,22.5,0.137,0.787,0.449,0.09,0.575,0.597,99.9,100.5,83.75,100,0.561
0022300970,2024-03-16,1610612740,New Orleans Pelicans,1,1,0,1.0,48.0,124.3,128.6,107.8,110.3,16.5,18.3,0.692,3.6,24.0,0.348,0.698,0.517,0.102,0.603,0.621,100.3,97.5,81.25,98,0.606
0022300975,2024-03-16,1610612752,New York Knicks,1,1,0,1.0,48.0,98.9,102.1,93.4,94.8,5.6,7.3,0.514,1.19,14.7,0.275,0.763,0.536,0.167,0.494,0.527,98.2,96.0,80.0,96,0.566
0022300972,2024-03-16,1610612760,Oklahoma City Thunder,1,1,0,1.0,48.0,117.7,119.2,112.6,113.1,5.1,6.1,0.556,2.08,18.5,0.256,0.813,0.549,0.121,0.586,0.613,99.8,99.0,82.5,99,0.531
0022300969,2024-03-16,1610612755,Philadelphia 76ers,1,1,0,1.0,48.0,111.2,116.0,104.3,103.2,6.9,12.8,0.694,1.56,18.8,0.304,0.702,0.505,0.17,0.525,0.592,96.0,94.5,78.75,94,0.545
0022300970,2024-03-16,1610612757,Portland Trail Blazers,1,0,1,0.0,48.0,107.8,110.3,124.3,128.6,-16.5,-18.3,0.548,1.15,17.3,0.302,0.652,0.483,0.206,0.571,0.599,100.3,97.5,81.25,97,0.394
0022300975,2024-03-16,1610612758,Sacramento Kings,1,0,1,0.0,48.0,93.4,94.8,98.9,102.1,-5.6,-7.3,0.733,1.83,16.8,0.237,0.725,0.464,0.125,0.412,0.472,98.2,96.0,80.0,96,0.434
0022300974,2024-03-16,1610612762,Utah Jazz,1,0,1,0.0,48.0,101.8,99.0,117.1,119.0,-15.3,-20.0,0.605,1.44,17.2,0.213,0.863,0.551,0.158,0.494,0.542,99.9,100.5,83.75,101,0.439
0022300971,2024-03-16,1610612764,Washington Wizards,1,0,1,0.0,48.0,97.3,97.0,126.0,125.7,-28.7,-28.7,0.75,1.69,19.7,0.192,0.632,0.378,0.158,0.506,0.523,100.7,101.0,84.17,101,0.344
0022300982,2024-03-17,1610612737,Atlanta Hawks,1,1,0,1.0,48.0,115.4,118.3,100.3,101.1,15.2,17.2,0.78,2.0,23.0,0.318,0.745,0.538,0.172,0.589,0.616,94.0,92.5,77.08,93,0.588
0022300980,2024-03-17,1610612738,Boston Celtics,1,1,0,1.0,48.0,129.3,132.7,102.8,104.0,26.5,28.7,0.698,2.0,20.8,0.34,0.694,0.521,0.153,0.632,0.666,100.9,99.0,82.5,98,0.61
0022300981,2024-03-17,1610612751,Brooklyn Nets,1,0,1,0.0,53.0,103.3,105.5,106.9,110.9,-3.6,-5.4,0.617,2.42,19.1,0.241,0.685,0.455,0.11,0.5,0.521,102.1,99.17,82.64,109,0.483
0022300978,2024-03-17,1610612742,Dallas Mavericks,1,1,0,1.0,48.0,107.8,112.6,109.7,109.4,-1.9,3.3,0.524,1.83,15.3,0.429,0.809,0.591,0.126,0.465,0.49,97.5,95.5,79.58,95,0.464
0022300978,2024-03-17,1610612743,Denver Nuggets,1,0,1,0.0,48.0,109.7,109.4,107.8,112.6,1.9,-3.3,0.703,3.25,19.8,0.191,0.571,0.409,0.083,0.512,0.56,97.5,95.5,79.58,96,0.536
0022300977,2024-03-17,1610612765,Detroit Pistons,1,0,1,0.0,48.0,107.3,107.4,109.4,109.5,-2.2,-2.0,0.632,2.0,19.0,0.174,0.745,0.474,0.128,0.542,0.566,94.6,94.5,78.75,94,0.476
0022300982,2024-03-17,1610612746,LA Clippers,1,0,1,0.0,48.0,100.3,101.1,115.4,118.3,-15.2,-17.2,0.607,1.06,14.0,0.255,0.682,0.462,0.174,0.453,0.536,94.0,92.5,77.08,92,0.412
0022300977,2024-03-17,1610612748,Miami Heat,1,1,0,1.0,48.0,109.4,109.5,107.3,107.4,2.2,2.0,0.6,2.4,18.2,0.255,0.826,0.526,0.105,0.517,0.541,94.6,94.5,78.75,95,0.524
0022300976,2024-03-17,1610612749,Milwaukee Bucks,1,1,0,1.0,48.0,138.4,137.3,128.2,127.7,10.2,9.5,0.686,3.18,23.8,0.233,0.778,0.481,0.108,0.67,0.699,100.9,101.5,84.58,102,0.515
0022300979,2024-03-17,1610612753,Orlando Magic,1,1,0,1.0,48.0,112.3,114.4,98.4,98.0,14.0,16.5,0.512,1.47,16.8,0.279,0.723,0.511,0.155,0.571,0.592,98.2,97.5,81.25,97,0.564
0022300976,2024-03-17,1610612756,Phoenix Suns,1,0,1,0.0,48.0,128.2,127.7,138.4,137.3,-10.2,-9.5,0.706,2.57,24.8,0.222,0.767,0.519,0.139,0.667,0.689,100.9,101.5,84.58,101,0.485
0022300981,2024-03-17,1610612759,San Antonio Spurs,1,1,0,1.0,53.0,106.9,110.9,103.3,105.5,3.6,5.4,0.652,1.67,19.2,0.315,0.759,0.545,0.164,0.51,0.559,102.1,99.17,82.64,110,0.517
0022300979,2024-03-17,1610612761,Toronto Raptors,1,0,1,0.0,48.0,98.4,98.0,112.3,114.4,-14.0,-16.5,0.622,1.28,17.3,0.277,0.721,0.489,0.184,0.488,0.53,98.2,97.5,81.25,98,0.436
0022300980,2024-03-17,1610612764,Washington Wizards,1,0,1,0.0,48.0,102.8,104.0,129.3,132.7,-26.5,-28.7,0.585,1.5,17.3,0.306,0.66,0.479,0.16,0.517,0.546,100.9,99.0,82.5,100,0.39
0022300990,2024-03-18,1610612737,Atlanta Hawks,1,0,1,0.0,48.0,103.3,105.0,131.0,134.7,-27.7,-29.7,0.762,3.56,21.9,0.241,0.846,0.485,0.09,0.474,0.502,102.7,100.5,83.75,100,0.382
0022300984,2024-03-18,1610612738,Boston Celtics,1,1,0,1.0,48.0,123.0,124.0,98.3,98.9,24.7,25.0,0.698,2.73,20.8,0.34,0.816,0.569,0.115,0.568,0.591,96.2,95.5,79.58,96,0.613
0022300986,2024-03-18,1610612741,Chicago Bulls,1,1,0,1.0,48.0,112.0,113.4,108.1,110.3,3.9,3.1,0.634,2.89,18.8,0.278,0.66,0.462,0.093,0.5,0.538,98.6,97.0,80.83,97,0.534
0022300983,2024-03-18,1610612739,Cleveland Cavaliers,1,1,0,1.0,48.0,111.0,117.4,108.4,109.6,2.6,7.8,0.711,1.93,20.3,0.311,0.627,0.479,0.152,0.55,0.585,96.2,93.0,77.5,92,0.524
0022300984,2024-03-18,1610612765,Detroit Pistons,1,0,1,0.0,48.0,98.3,98.9,123.0,124.0,-24.7,-25.0,0.583,1.62,16.8,0.184,0.66,0.431,0.137,0.482,0.519,96.2,95.5,79.58,95,0.387
0022300988,2024-03-18,1610612744,Golden State Warriors,1,0,1,0.0,48.0,115.6,117.9,120.4,124.0,-4.9,-6.1,0.69,2.23,20.9,0.319,0.612,0.469,0.137,0.557,0.584,97.9,95.5,79.58,95,0.484
0022300983,2024-03-18,1610612754,Indiana Pacers,1,0,1,0.0,48.0,108.4,109.6,111.0,117.4,-2.6,-7.8,0.667,2.55,19.9,0.373,0.689,0.521,0.117,0.511,0.525,96.2,93.0,77.5,94,0.476
0022300990,2024-03-18,1610612747,Los Angeles Lakers,1,1,0,1.0,48.0,131.0,134.7,103.3,105.0,27.7,29.7,0.75,4.33,26.7,0.154,0.759,0.515,0.089,0.661,0.688,102.7,100.5,83.75,101,0.618
0022300989,2024-03-18,1610612763,Memphis Grizzlies,1,0,1,0.0,53.0,100.7,101.8,108.0,111.0,-7.2,-9.2,0.595,1.57,14.9,0.277,0.636,0.442,0.128,0.444,0.499,100.7,98.72,82.26,109,0.436
0022300985,2024-03-18,1610612748,Miami Heat,1,0,1,0.0,48.0,91.8,94.8,102.9,102.1,-11.1,-7.3,0.657,1.53,16.9,0.298,0.837,0.547,0.156,0.461,0.478,97.2,96.0,80.0,96,0.446
0022300987,2024-03-18,1610612750,Minnesota Timberwolves,1,1,0,1.0,48.0,122.2,122.6,111.6,113.0,10.6,9.5,0.614,3.0,20.1,0.292,0.667,0.473,0.097,0.571,0.592,93.2,92.5,77.08,93,0.526
0022300988,2024-03-18,1610612752,New York Knicks,1,1,0,1.0,48.0,120.4,124.0,115.6,117.9,4.9,6.1,0.659,2.23,20.1,0.388,0.681,0.531,0.135,0.56,0.596,97.9,95.5,79.58,96,0.516
0022300985,2024-03-18,1610612755,Philadelphia 76ers,1,1,0,1.0,48.0,102.9,102.1,91.8,94.8,11.1,7.3,0.622,1.92,18.1,0.163,0.702,0.453,0.125,0.512,0.543,97.2,96.0,80.0,96,0.554
0022300986,2024-03-18,1610612757,Portland Trail Blazers,1,0,1,0.0,48.0,108.1,110.3,112.0,113.4,-3.9,-3.1,0.525,1.62,15.8,0.34,0.722,0.538,0.134,0.5,0.54,98.6,97.0,80.83,97,0.466
0022300989,2024-03-18,1610612758,Sacramento Kings,1,1,0,1.0,53.0,108.0,111.0,100.7,101.8,7.2,9.2,0.714,1.58,18.9,0.364,0.723,0.558,0.174,0.505,0.56,100.7,98.72,82.26,109,0.564
0022300987,2024-03-18,1610612762,Utah Jazz,1,0,1,0.0,48.0,111.6,113.0,122.2,122.6,-10.6,-9.5,0.641,1.47,19.1,0.333,0.708,0.527,0.185,0.548,0.577,93.2,92.5,77.08,92,0.474
0022300993,2024-03-19,1610612751,Brooklyn Nets,1,0,1,0.0,48.0,97.1,100.0,113.4,115.6,-16.2,-15.6,0.613,1.36,14.8,0.351,0.69,0.495,0.154,0.44,0.486,92.7,90.5,75.42,91,0.386
0022300991,2024-03-19,1610612766,Charlotte Hornets,1,0,1,0.0,48.0,95.9,98.9,118.2,119.1,-22.4,-20.2,0.5,1.12,15.7,0.214,0.703,0.443,0.183,0.538,0.554,95.3,93.5,77.92,93,0.37
0022300994,2024-03-19,1610612742,Dallas Mavericks,1,1,0,1.0,48.0,108.2,108.7,101.7,103.9,6.5,4.8,0.705,3.44,22.1,0.122,0.774,0.461,0.087,0.538,0.574,104.9,103.5,86.25,104,0.517
0022300995,2024-03-19,1610612743,Denver Nuggets,1,1,0,1.0,48.0,118.9,118.6,115.3,114.3,3.6,4.3,0.619,1.53,19.4,0.262,0.776,0.538,0.175,0.605,0.634,96.9,97.5,81.25,97,0.506
0022300992,2024-03-19,1610612745,Houston Rockets,1,1,0,1.0,48.0,134.5,137.0,113.1,116.3,21.4,20.7,0.532,3.57,17.7,0.348,0.655,0.519,0.07,0.588,0.641,101.3,99.0,82.5,100,0.636
0022300995,2024-03-19,1610612750,Minnesota Timberwolves,1,0,1,0.0,48.0,115.3,114.3,118.9,118.6,-3.6,-4.3,0.595,3.57,18.7,0.224,0.738,0.462,0.071,0.545,0.571,96.9,97.5,81.25,98,0.494
0022300993,2024-03-19,1610612740,New Orleans Pelicans,1,1,0,1.0,48.0,113.4,115.6,97.1,100.0,16.2,15.6,0.69,2.07,22.1,0.31,0.649,0.505,0.156,0.566,0.586,92.7,90.5,75.42,90,0.614
0022300991,2024-03-19,1610612753,Orlando Magic,1,1,0,1.0,48.0,118.2,119.1,95.9,98.9,22.4,20.2,0.727,1.78,23.4,0.297,0.786,0.557,0.191,0.617,0.646,95.3,93.5,77.92,94,0.63
0022300994,2024-03-19,1610612759,San Antonio Spurs,1,0,1,0.0,48.0,101.7,103.9,108.2,108.7,-6.5,-4.8,0.795,1.94,21.4,0.226,0.878,0.539,0.155,0.517,0.545,104.9,103.5,86.25,103,0.483
0022300992,2024-03-19,1610612764,Washington Wizards,1,0,1,0.0,48.0,113.1,116.3,134.5,137.0,-21.4,-20.7,0.571,2.18,16.9,0.345,0.652,0.481,0.112,0.505,0.534,101.3,99.0,82.5,98,0.364
0022300998,2024-03-20,1610612738,Boston Celtics,1,1,0,1.0,48.0,127.4,128.4,123.8,124.0,3.6,4.5,0.625,2.78,18.7,0.286,0.7,0.472,0.095,0.576,0.624,96.0,95.5,79.58,95,0.523
0022300996,2024-03-20,1610612739,Cleveland Cavaliers,1,0,1,0.0,48.0,114.7,115.6,115.9,121.6,-1.2,-6.0,0.857,2.5,23.4,0.238,0.8,0.529,0.133,0.567,0.614,91.5,89.0,74.17,90,0.512
0022300997,2024-03-20,1610612765,Detroit Pistons,1,0,1,0.0,48.0,97.0,99.0,117.4,119.6,-20.4,-20.6,0.622,1.53,16.2,0.316,0.857,0.545,0.144,0.439,0.499,105.1,103.0,85.83,104,0.383
0022301001,2024-03-20,1610612744,Golden State Warriors,1,1,0,1.0,48.0,141.8,142.7,116.1,122.1,25.7,20.6,0.741,6.14,27.7,0.356,0.632,0.51,0.073,0.675,0.667,98.3,95.5,79.58,96,0.61
0022300997,2024-03-20,1610612754,Indiana Pacers,1,1,0,1.0,48.0,117.4,119.6,97.0,99.0,20.4,20.6,0.76,2.92,26.0,0.143,0.684,0.455,0.127,0.631,0.636,105.1,103.0,85.83,102,0.617
0022301003,2024-03-20,1610612746,LA Clippers,1,1,0,1.0,48.0,120.1,119.6,106.6,106.2,13.5,13.4,0.644,2.42,21.5,0.214,0.778,0.506,0.124,0.599,0.626,96.6,97.0,80.83,97,0.608
0022301001,2024-03-20,1610612763,Memphis Grizzlies,1,0,1,0.0,48.0,116.1,122.1,141.8,142.7,-25.7,-20.6,0.69,2.42,20.0,0.368,0.644,0.49,0.126,0.531,0.558,98.3,95.5,79.58,95,0.39
0022300996,2024-03-20,1610612748,Miami Heat,1,1,0,1.0,48.0,115.9,121.6,114.7,115.6,1.2,6.0,0.5,2.38,16.4,0.2,0.762,0.471,0.091,0.536,0.586,91.5,89.0,74.17,88,0.488
0022300998,2024-03-20,1610612749,Milwaukee Bucks,1,0,1,0.0,48.0,123.8,124.0,127.4,128.4,-3.6,-4.5,0.444,1.33,15.6,0.3,0.714,0.528,0.156,0.637,0.66,96.0,95.5,79.58,96,0.477
0022301000,2024-03-20,1610612760,Oklahoma City Thunder,1,1,0,1.0,48.0,118.1,119.0,104.0,105.9,14.1,13.1,0.674,2.9,20.7,0.229,0.706,0.475,0.1,0.545,0.591,101.8,100.5,83.75,100,0.586
0022301002,2024-03-20,1610612755,Philadelphia 76ers,1,0,1,0.0,48.0,101.1,101.0,112.2,113.9,-11.1,-12.9,0.805,3.0,22.1,0.276,0.63,0.433,0.109,0.5,0.496,101.7,101.0,84.17,101,0.44
0022301002,2024-03-20,1610612756,Phoenix Suns,1,1,0,1.0,48.0,112.2,113.9,101.1,101.0,11.1,12.9,0.756,1.48,22.4,0.37,0.724,0.567,0.228,0.606,0.615,101.7,101.0,84.17,101,0.56
0022301003,2024-03-20,1610612757,Portland Trail Blazers,1,0,1,0.0,48.0,106.6,106.2,120.1,119.6,-13.5,-13.4,0.538,1.24,16.5,0.222,0.786,0.494,0.175,0.574,0.588,96.6,97.0,80.83,97,0.392
0022300999,2024-03-20,1610612758,Sacramento Kings,1,1,0,1.0,48.0,124.3,124.2,90.0,90.8,34.4,33.4,0.667,2.0,21.1,0.457,0.735,0.6,0.162,0.581,0.609,98.9,98.5,82.08,99,0.697
0022300999,2024-03-20,1610612761,Toronto Raptors,1,0,1,0.0,48.0,90.0,90.8,124.3,124.2,-34.4,-33.4,0.636,0.95,15.9,0.265,0.543,0.4,0.224,0.475,0.506,98.9,98.5,82.08,98,0.303
0022301000,2024-03-20,1610612762,Utah Jazz,1,0,1,0.0,48.0,104.0,105.9,118.1,119.0,-14.1,-13.1,0.5,1.25,14.7,0.294,0.771,0.525,0.158,0.5,0.546,101.8,100.5,83.75,101,0.414
0022301010,2024-03-21,1610612737,Atlanta Hawks,1,0,1,0.0,48.0,111.9,121.1,133.5,134.7,-21.6,-13.7,0.675,2.45,19.0,0.377,0.727,0.512,0.116,0.505,0.554,99.3,95.0,79.17,95,0.422
0022301007,2024-03-21,1610612751,Brooklyn Nets,1,0,1,0.0,48.0,110.2,112.5,119.0,119.8,-8.9,-7.3,0.707,2.07,20.4,0.373,0.755,0.56,0.146,0.516,0.545,97.3,96.0,80.0,96,0.499
0022301006,2024-03-21,1610612741,Chicago Bulls,1,0,1,0.0,48.0,113.6,114.7,121.2,124.5,-7.6,-9.8,0.548,2.09,16.5,0.264,0.66,0.45,0.108,0.516,0.563,103.9,102.0,85.0,102,0.464
0022301008,2024-03-21,1610612742,Dallas Mavericks,1,1,0,1.0,48.0,112.6,110.8,92.9,96.0,19.7,14.7,0.767,2.54,22.3,0.277,0.8,0.533,0.127,0.558,0.575,102.3,101.5,84.58,102,0.576
0022301009,2024-03-21,1610612743,Denver Nuggets,1,1,0,1.0,48.0,120.5,124.2,108.1,111.1,12.3,13.1,0.689,3.1,23.0,0.341,0.814,0.583,0.11,0.571,0.609,93.1,90.5,75.42,91,0.568
0022301006,2024-03-21,1610612745,Houston Rockets,1,1,0,1.0,48.0,121.2,124.5,113.6,114.7,7.6,9.8,0.574,1.69,18.8,0.34,0.736,0.55,0.157,0.597,0.624,103.9,102.0,85.0,102,0.536
0022301007,2024-03-21,1610612749,Milwaukee Bucks,1,1,0,1.0,48.0,119.0,119.8,110.2,112.5,8.9,7.3,0.628,2.7,20.0,0.245,0.627,0.44,0.104,0.56,0.589,97.3,96.0,80.0,96,0.501
0022301004,2024-03-21,1610612740,New Orleans Pelicans,1,0,1,0.0,48.0,102.7,105.0,120.6,121.0,-17.9,-16.0,0.571,1.26,18.3,0.179,0.721,0.463,0.188,0.577,0.608,101.8,100.5,83.75,101,0.43
0022301009,2024-03-21,1610612752,New York Knicks,1,0,1,0.0,48.0,108.1,111.1,120.5,124.2,-12.3,-13.1,0.737,2.8,22.2,0.186,0.659,0.417,0.111,0.551,0.578,93.1,90.5,75.42,90,0.432
0022301004,2024-03-21,1610612753,Orlando Magic,1,1,0,1.0,48.0,120.6,121.0,102.7,105.0,17.9,16.0,0.702,2.06,22.9,0.279,0.821,0.537,0.16,0.628,0.641,101.8,100.5,83.75,100,0.57
0022301010,2024-03-21,1610612756,Phoenix Suns,1,1,0,1.0,48.0,133.5,134.7,111.9,121.1,21.6,13.7,0.683,1.65,21.4,0.273,0.623,0.488,0.179,0.703,0.745,99.3,95.0,79.17,95,0.578
0022301005,2024-03-21,1610612758,Sacramento Kings,1,0,1,0.0,48.0,102.7,103.0,107.8,110.1,-5.1,-7.1,0.568,1.4,15.8,0.255,0.698,0.457,0.152,0.494,0.54,100.2,99.0,82.5,99,0.472
0022301008,2024-03-21,1610612762,Utah Jazz,1,0,1,0.0,48.0,92.9,96.0,112.6,110.8,-19.7,-14.7,0.763,1.61,20.9,0.2,0.723,0.467,0.178,0.482,0.531,102.3,101.5,84.58,101,0.424
0022301005,2024-03-21,1610612764,Washington Wizards,1,1,0,1.0,48.0,107.8,110.1,102.7,103.0,5.1,7.1,0.488,1.0,15.2,0.302,0.745,0.543,0.202,0.568,0.598,100.2,99.0,82.5,99,0.528
0022301011,2024-03-22,1610612738,Boston Celtics,1,1,0,1.0,48.0,129.2,131.6,102.3,103.0,26.9,28.6,0.66,4.43,22.1,0.234,0.714,0.461,0.071,0.618,0.639,99.8,98.5,82.08,98,0.613
0022301014,2024-03-22,1610612739,Cleveland Cavaliers,1,0,1,0.0,48.0,99.6,100.0,114.2,116.9,-14.6,-16.9,0.647,1.83,17.3,0.292,0.66,0.474,0.132,0.463,0.509,91.2,90.0,75.0,91,0.435
0022301011,2024-03-22,1610612765,Detroit Pistons,1,0,1,0.0,48.0,102.3,103.0,129.2,131.6,-26.9,-28.6,0.595,1.32,18.4,0.286,0.766,0.539,0.192,0.56,0.575,99.8,98.5,82.08,99,0.387
0022301016,2024-03-22,1610612744,Golden State Warriors,1,0,1,0.0,48.0,107.7,104.7,117.1,117.1,-9.4,-12.4,0.558,1.71,15.5,0.385,0.755,0.551,0.132,0.472,0.491,104.0,105.5,87.92,106,0.429
0022301016,2024-03-22,1610612754,Indiana Pacers,1,1,0,1.0,48.0,117.1,117.1,107.7,104.7,9.4,12.4,0.667,2.91,21.3,0.245,0.615,0.449,0.105,0.561,0.58,104.0,105.5,87.92,105,0.571
0022301017,2024-03-22,1610612746,LA Clippers,1,1,0,1.0,48.0,126.4,127.6,118.2,119.4,8.2,8.2,0.591,1.53,19.7,0.229,0.679,0.5,0.173,0.662,0.703,98.9,98.0,81.67,98,0.545
0022301018,2024-03-22,1610612747,Los Angeles Lakers,1,1,0,1.0,48.0,103.6,102.0,91.7,94.0,11.9,8.0,0.688,1.05,16.7,0.25,0.723,0.532,0.212,0.521,0.577,100.0,99.5,82.92,99,0.573
0022301015,2024-03-22,1610612763,Memphis Grizzlies,1,1,0,1.0,48.0,94.6,94.3,91.4,92.4,3.2,1.9,0.545,1.0,13.4,0.218,0.703,0.479,0.171,0.476,0.518,105.4,105.0,87.5,105,0.502
0022301013,2024-03-22,1610612748,Miami Heat,1,0,1,0.0,48.0,96.1,98.9,125.7,124.7,-29.7,-25.8,0.71,3.67,18.2,0.193,0.683,0.398,0.067,0.436,0.475,89.9,89.0,74.17,89,0.378
0022301014,2024-03-22,1610612750,Minnesota Timberwolves,1,1,0,1.0,48.0,114.2,116.9,99.6,100.0,14.6,16.9,0.659,2.25,20.5,0.34,0.708,0.526,0.135,0.565,0.565,91.2,90.0,75.0,89,0.565
0022301013,2024-03-22,1610612740,New Orleans Pelicans,1,1,0,1.0,48.0,125.7,124.7,96.1,98.9,29.7,25.8,0.595,1.92,19.7,0.317,0.807,0.602,0.146,0.622,0.636,89.9,89.0,74.17,89,0.622
0022301012,2024-03-22,1610612760,Oklahoma City Thunder,1,1,0,1.0,48.0,115.6,117.1,97.6,99.0,18.0,18.1,0.563,1.69,18.1,0.354,0.825,0.568,0.152,0.568,0.595,105.9,104.5,87.08,105,0.555
0022301018,2024-03-22,1610612755,Philadelphia 76ers,1,0,1,0.0,48.0,91.7,94.0,103.6,102.0,-11.9,-8.0,0.606,2.22,14.5,0.277,0.75,0.468,0.09,0.385,0.441,100.0,99.5,82.92,100,0.427
0022301017,2024-03-22,1610612757,Portland Trail Blazers,1,0,1,0.0,48.0,118.2,119.4,126.4,127.6,-8.2,-8.2,0.644,2.9,20.3,0.321,0.771,0.5,0.102,0.548,0.563,98.9,98.0,81.67,98,0.455
0022301015,2024-03-22,1610612759,San Antonio Spurs,1,0,1,0.0,48.0,91.4,92.4,94.6,94.3,-3.2,-1.9,0.649,1.5,16.3,0.297,0.782,0.521,0.152,0.426,0.461,105.4,105.0,87.5,105,0.498
0022301012,2024-03-22,1610612761,Toronto Raptors,1,0,1,0.0,48.0,97.6,99.0,115.6,117.1,-18.0,-18.1,0.85,1.26,23.4,0.175,0.646,0.432,0.26,0.599,0.617,105.9,104.5,87.08,104,0.445
0022301021,2024-03-23,1610612737,Atlanta Hawks,1,1,0,1.0,48.0,140.2,143.5,96.6,97.8,43.5,45.6,0.8,4.44,27.6,0.31,0.706,0.527,0.098,0.667,0.686,94.2,92.5,77.08,92,0.668
0022301023,2024-03-23,1610612738,Boston Celtics,1,1,0,1.0,48.0,132.6,137.8,124.4,125.6,8.3,12.2,0.636,2.33,21.1,0.372,0.857,0.59,0.133,0.634,0.663,92.2,90.0,75.0,90,0.509
0022301019,2024-03-23,1610612751,Brooklyn Nets,1,0,1,0.0,48.0,103.8,103.3,109.1,114.1,-5.3,-10.8,0.765,1.73,21.0,0.186,0.617,0.437,0.167,0.526,0.563,92.9,91.0,75.83,90,0.486
0022301021,2024-03-23,1610612766,Charlotte Hornets,1,0,1,0.0,48.0,96.6,97.8,140.2,143.5,-43.5,-45.6,0.714,1.67,18.8,0.294,0.69,0.473,0.161,0.482,0.505,94.2,92.5,77.08,93,0.332
0022301023,2024-03-23,1610612741,Chicago Bulls,1,0,1,0.0,48.0,124.4,125.6,132.6,137.8,-8.3,-12.2,0.766,5.14,27.5,0.143,0.628,0.41,0.078,0.628,0.651,92.2,90.0,75.0,90,0.491
0022301026,2024-03-23,1610612743,Denver Nuggets,1,1,0,1.0,48.0,113.4,115.2,108.3,113.3,5.1,1.9,0.61,1.79,16.9,0.429,0.635,0.528,0.141,0.495,0.54,101.5,98.5,82.08,99,0.513
0022301024,2024-03-23,1610612745,Houston Rockets,1,1,0,1.0,48.0,146.8,147.0,117.2,119.0,29.5,28.0,0.574,3.44,21.4,0.318,0.667,0.505,0.09,0.696,0.712,100.8,100.0,83.33,100,0.577
0022301019,2024-03-23,1610612752,New York Knicks,1,1,0,1.0,48.0,109.1,114.1,103.8,103.3,5.3,10.8,0.595,2.5,17.9,0.383,0.814,0.563,0.109,0.51,0.513,92.9,91.0,75.83,92,0.514
0022301020,2024-03-23,1610612753,Orlando Magic,1,0,1,0.0,48.0,110.4,112.6,112.1,114.7,-1.7,-2.1,0.643,2.08,20.1,0.26,0.8,0.53,0.137,0.534,0.558,97.1,95.0,79.17,95,0.488
0022301025,2024-03-23,1610612756,Phoenix Suns,1,1,0,1.0,48.0,129.2,132.3,104.7,107.1,24.5,25.3,0.679,3.8,25.7,0.282,0.733,0.524,0.101,0.654,0.666,101.3,99.0,82.5,99,0.602
0022301026,2024-03-23,1610612757,Portland Trail Blazers,1,0,1,0.0,48.0,108.3,113.3,113.4,115.2,-5.1,-1.9,0.628,1.69,18.8,0.365,0.571,0.472,0.163,0.516,0.552,101.5,98.5,82.08,98,0.487
0022301020,2024-03-23,1610612758,Sacramento Kings,1,1,0,1.0,48.0,112.1,114.7,110.4,112.6,1.7,2.1,0.684,3.71,19.8,0.2,0.74,0.47,0.074,0.523,0.566,97.1,95.0,79.17,95,0.512
0022301025,2024-03-23,1610612759,San Antonio Spurs,1,0,1,0.0,48.0,104.7,107.1,129.2,132.3,-24.5,-25.3,0.675,1.8,19.6,0.267,0.718,0.476,0.152,0.524,0.562,101.3,99.0,82.5,99,0.398
0022301022,2024-03-23,1610612761,Toronto Raptors,1,0,1,0.0,48.0,104.4,106.9,109.4,112.0,-5.1,-5.1,0.675,2.25,18.6,0.298,0.633,0.453,0.118,0.468,0.517,103.4,101.0,84.17,102,0.463
0022301024,2024-03-23,1610612762,Utah Jazz,1,0,1,0.0,48.0,117.2,119.0,146.8,147.0,-29.5,-28.0,0.6,2.4,17.0,0.333,0.682,0.495,0.1,0.511,0.575,100.8,100.0,83.33,100,0.423
0022301022,2024-03-23,1610612764,Washington Wizards,1,1,0,1.0,48.0,109.4,112.0,104.4,106.9,5.1,5.1,0.636,1.56,19.2,0.367,0.702,0.547,0.18,0.538,0.558,103.4,101.0,84.17,100,0.537
0022301029,2024-03-24,1610612739,Cleveland Cavaliers,1,0,1,0.0,48.0,89.6,88.4,125.9,128.7,-36.3,-40.3,0.8,1.41,19.2,0.14,0.675,0.398,0.179,0.479,0.52,95.0,94.5,78.75,95,0.317
0022301027,2024-03-24,1610612765,Detroit Pistons,1,0,1,0.0,48.0,100.9,103.1,115.6,117.5,-14.7,-14.5,0.625,1.18,15.3,0.26,0.804,0.521,0.173,0.475,0.543,99.4,97.5,81.25,98,0.404
0022301031,2024-03-24,1610612744,Golden State Warriors,1,0,1,0.0,48.0,107.4,108.9,113.0,112.9,-5.6,-4.0,0.605,1.77,17.2,0.224,0.809,0.51,0.129,0.529,0.57,101.7,101.0,84.17,101,0.455
0022301032,2024-03-24,1610612754,Indiana Pacers,1,0,1,0.0,48.0,126.0,133.0,136.5,137.6,-10.4,-4.6,0.661,3.55,23.6,0.327,0.756,0.516,0.101,0.636,0.636,112.5,109.0,90.83,109,0.454
0022301028,2024-03-24,1610612746,LA Clippers,1,0,1,0.0,48.0,112.7,118.9,134.5,133.0,-21.8,-14.1,0.675,1.93,20.5,0.341,0.674,0.506,0.156,0.542,0.588,92.4,90.5,75.42,90,0.451
0022301032,2024-03-24,1610612747,Los Angeles Lakers,1,1,0,1.0,48.0,136.5,137.6,126.0,133.0,10.4,4.6,0.56,2.8,19.0,0.244,0.673,0.484,0.092,0.629,0.695,112.5,109.0,90.83,109,0.546
0022301029,2024-03-24,1610612748,Miami Heat,1,1,0,1.0,48.0,125.9,128.7,89.6,88.4,36.3,40.3,0.674,2.42,21.3,0.325,0.86,0.602,0.128,0.608,0.65,95.0,94.5,78.75,94,0.683
0022301030,2024-03-24,1610612749,Milwaukee Bucks,1,1,0,1.0,48.0,117.8,121.6,92.4,93.0,25.4,28.6,0.673,1.94,22.6,0.356,0.741,0.573,0.175,0.592,0.601,100.4,98.5,82.08,97,0.654
0022301031,2024-03-24,1610612750,Minnesota Timberwolves,1,1,0,1.0,48.0,113.0,112.9,107.4,108.9,5.6,4.0,0.75,1.88,21.4,0.191,0.776,0.49,0.158,0.601,0.62,101.7,101.0,84.17,101,0.545
0022301027,2024-03-24,1610612740,New Orleans Pelicans,1,1,0,1.0,48.0,115.6,117.5,100.9,103.1,14.7,14.5,0.659,2.7,20.5,0.196,0.74,0.479,0.103,0.574,0.602,99.4,97.5,81.25,97,0.596
0022301030,2024-03-24,1610612760,Oklahoma City Thunder,1,0,1,0.0,48.0,92.4,93.0,117.8,121.6,-25.4,-28.6,0.606,1.67,15.0,0.259,0.644,0.427,0.12,0.427,0.471,100.4,98.5,82.08,100,0.346
0022301028,2024-03-24,1610612755,Philadelphia 76ers,1,1,0,1.0,48.0,134.5,133.0,112.7,118.9,21.8,14.1,0.667,4.0,23.4,0.326,0.659,0.494,0.088,0.633,0.644,92.4,90.5,75.42,91,0.549
0022301034,2024-03-25,1610612737,Atlanta Hawks,1,1,0,1.0,48.0,129.8,126.3,117.6,125.5,12.2,0.8,0.652,2.31,21.3,0.364,0.647,0.516,0.137,0.632,0.635,96.4,94.5,78.75,95,0.525
0022301034,2024-03-25,1610612738,Boston Celtics,1,0,1,0.0,48.0,117.6,125.5,129.8,126.3,-12.2,-0.8,0.447,2.33,15.8,0.353,0.636,0.484,0.096,0.553,0.571,96.4,94.5,78.75,94,0.475
0022301036,2024-03-25,1610612751,Brooklyn Nets,1,1,0,1.0,48.0,103.3,105.5,95.4,96.7,8.0,8.8,0.541,1.0,15.3,0.435,0.776,0.611,0.22,0.512,0.54,92.6,91.0,75.83,91,0.52
0022301033,2024-03-25,1610612766,Charlotte Hornets,1,0,1,0.0,48.0,98.0,98.9,120.5,126.4,-22.6,-27.4,0.647,1.83,17.9,0.191,0.69,0.427,0.129,0.481,0.523,94.7,92.0,76.67,93,0.37
0022301037,2024-03-25,1610612741,Chicago Bulls,1,0,1,0.0,48.0,102.6,105.0,102.0,108.1,0.6,-3.1,0.75,2.25,19.3,0.278,0.667,0.482,0.12,0.471,0.529,103.6,99.5,82.92,100,0.515
0022301033,2024-03-25,1610612739,Cleveland Cavaliers,1,1,0,1.0,48.0,120.5,126.4,98.0,98.9,22.6,27.4,0.891,2.93,28.3,0.31,0.809,0.573,0.154,0.634,0.636,94.7,92.0,76.67,91,0.63
0022301041,2024-03-25,1610612742,Dallas Mavericks,1,1,0,1.0,48.0,119.9,118.6,106.4,109.4,13.5,9.2,0.705,5.17,22.3,0.224,0.75,0.495,0.062,0.543,0.575,97.3,96.5,80.42,97,0.561
0022301040,2024-03-25,1610612743,Denver Nuggets,1,1,0,1.0,48.0,129.4,129.3,97.3,104.0,32.1,25.3,0.792,2.38,24.7,0.395,0.613,0.524,0.162,0.617,0.654,102.4,99.0,82.5,99,0.651
0022301035,2024-03-25,1610612765,Detroit Pistons,1,0,1,0.0,48.0,96.4,98.0,123.2,124.0,-26.7,-26.0,0.647,1.83,16.3,0.222,0.708,0.451,0.119,0.443,0.507,101.7,100.5,83.75,101,0.376
0022301038,2024-03-25,1610612745,Houston Rockets,1,1,0,1.0,48.0,110.0,112.2,91.5,92.9,18.5,19.3,0.514,2.11,14.4,0.286,0.717,0.495,0.092,0.462,0.529,100.3,98.5,82.08,98,0.623
0022301043,2024-03-25,1610612754,Indiana Pacers,1,1,0,1.0,48.0,137.6,141.5,123.8,122.1,13.7,19.4,0.56,3.5,21.1,0.275,0.69,0.488,0.085,0.68,0.695,95.2,94.5,78.75,94,0.548
0022301043,2024-03-25,1610612746,LA Clippers,1,0,1,0.0,48.0,123.8,122.1,137.6,141.5,-13.7,-19.4,0.565,2.6,19.4,0.31,0.725,0.512,0.105,0.576,0.613,95.2,94.5,78.75,95,0.452
0022301040,2024-03-25,1610612763,Memphis Grizzlies,1,0,1,0.0,48.0,97.3,104.0,129.4,129.3,-32.1,-25.3,0.676,1.47,16.9,0.387,0.605,0.476,0.172,0.452,0.486,102.4,99.0,82.5,99,0.349
0022301035,2024-03-25,1610612752,New York Knicks,1,1,0,1.0,48.0,123.2,124.0,96.4,98.0,26.7,26.0,0.667,2.14,20.8,0.292,0.778,0.549,0.14,0.612,0.628,101.7,100.5,83.75,100,0.624
0022301042,2024-03-25,1610612755,Philadelphia 76ers,1,0,1,0.0,48.0,105.7,107.9,113.3,121.3,-7.6,-13.5,0.529,1.2,14.4,0.375,0.623,0.505,0.169,0.482,0.529,93.1,89.0,74.17,89,0.408
0022301039,2024-03-25,1610612756,Phoenix Suns,1,0,1,0.0,48.0,102.9,104.1,102.6,105.1,0.3,-1.0,0.667,1.87,21.2,0.159,0.815,0.52,0.153,0.566,0.572,100.3,98.5,82.08,98,0.519
0022301038,2024-03-25,1610612757,Portland Trail Blazers,1,0,1,0.0,48.0,91.5,92.9,110.0,112.2,-18.5,-19.3,0.389,0.82,11.1,0.283,0.714,0.505,0.172,0.454,0.491,100.3,98.5,82.08,99,0.377
0022301042,2024-03-25,1610612758,Sacramento Kings,1,1,0,1.0,48.0,113.3,121.3,105.7,107.9,7.6,13.5,0.658,3.13,18.7,0.377,0.625,0.495,0.09,0.5,0.549,93.1,89.0,74.17,89,0.592
0022301039,2024-03-25,1610612759,San Antonio Spurs,1,1,0,1.0,48.0,102.6,105.1,102.9,104.1,-0.3,1.0,0.575,3.29,17.6,0.185,0.841,0.48,0.071,0.484,0.523,100.3,98.5,82.08,99,0.481
0022301036,2024-03-25,1610612761,Toronto Raptors,1,0,1,0.0,48.0,95.4,96.7,103.3,105.5,-8.0,-8.8,0.622,2.3,18.4,0.224,0.565,0.389,0.11,0.465,0.487,92.6,91.0,75.83,91,0.48
0022301041,2024-03-25,1610612762,Utah Jazz,1,0,1,0.0,48.0,106.4,109.4,119.9,118.6,-13.5,-9.2,0.757,2.15,20.6,0.25,0.776,0.505,0.135,0.5,0.543,97.3,96.5,80.42,96,0.439
0022301037,2024-03-25,1610612764,Washington Wizards,1,1,0,1.0,48.0,102.0,108.1,102.6,105.0,-0.6,3.1,0.821,2.29,21.2,0.333,0.722,0.518,0.141,0.474,0.51,103.6,99.5,82.92,99,0.485
0022301047,2024-03-26,1610612742,Dallas Mavericks,1,1,0,1.0,48.0,129.8,129.4,94.7,95.0,35.1,34.4,0.667,3.78,23.8,0.167,0.776,0.52,0.088,0.674,0.675,101.5,101.5,84.58,102,0.654
0022301044,2024-03-26,1610612744,Golden State Warriors,1,1,0,1.0,48.0,119.7,121.5,96.1,98.9,23.6,22.6,0.66,2.58,23.1,0.244,0.709,0.51,0.129,0.629,0.632,95.1,93.0,77.5,93,0.604
0022301045,2024-03-26,1610612747,Los Angeles Lakers,1,1,0,1.0,58.0,103.2,104.1,98.8,100.0,4.3,4.1,0.714,1.76,17.4,0.299,0.743,0.532,0.138,0.454,0.524,103.3,102.21,85.17,123,0.541
0022301044,2024-03-26,1610612748,Miami Heat,1,0,1,0.0,48.0,96.1,98.9,119.7,121.5,-23.6,-22.6,0.649,2.67,18.0,0.291,0.756,0.49,0.097,0.446,0.471,95.1,93.0,77.5,93,0.396
0022301045,2024-03-26,1610612749,Milwaukee Bucks,1,0,1,0.0,58.0,98.8,100.0,103.2,104.1,-4.3,-4.1,0.755,2.64,20.6,0.257,0.701,0.468,0.113,0.475,0.49,103.3,102.21,85.17,124,0.459
0022301046,2024-03-26,1610612740,New Orleans Pelicans,1,0,1,0.0,48.0,110.8,113.1,122.5,119.0,-11.7,-5.9,0.667,2.6,19.5,0.167,0.825,0.466,0.101,0.535,0.583,99.1,99.5,82.92,99,0.453
0022301046,2024-03-26,1610612760,Oklahoma City Thunder,1,1,0,1.0,48.0,122.5,119.0,110.8,113.1,11.7,5.9,0.609,2.33,20.7,0.175,0.833,0.534,0.12,0.622,0.646,99.1,99.5,82.92,100,0.547
0022301047,2024-03-26,1610612758,Sacramento Kings,1,0,1,0.0,48.0,94.7,95.0,129.8,129.4,-35.1,-34.4,0.771,1.93,19.1,0.224,0.833,0.48,0.139,0.45,0.488,101.5,101.5,84.58,101,0.346
0022301051,2024-03-27,1610612737,Atlanta Hawks,1,1,0,1.0,48.0,116.7,120.0,103.5,107.1,13.2,12.9,0.523,1.35,17.0,0.279,0.778,0.534,0.17,0.612,0.64,102.6,99.5,82.92,100,0.548
0022301050,2024-03-27,1610612751,Brooklyn Nets,1,1,0,1.0,53.0,115.0,116.2,110.7,113.3,4.2,2.9,0.511,3.0,17.0,0.222,0.771,0.48,0.076,0.531,0.564,96.7,95.09,79.25,105,0.522
0022301048,2024-03-27,1610612766,Charlotte Hornets,1,1,0,1.0,48.0,126.0,126.9,114.2,119.4,11.7,7.5,0.682,1.88,22.6,0.314,0.689,0.525,0.172,0.664,0.689,95.4,93.0,77.5,93,0.569
0022301054,2024-03-27,1610612741,Chicago Bulls,1,1,0,1.0,48.0,123.9,128.9,103.0,103.1,20.9,25.7,0.571,3.5,19.6,0.388,0.778,0.592,0.082,0.561,0.59,98.5,96.5,80.42,97,0.649
0022301048,2024-03-27,1610612739,Cleveland Cavaliers,1,0,1,0.0,48.0,114.2,119.4,126.0,126.9,-11.7,-7.5,0.786,2.2,23.7,0.311,0.686,0.475,0.161,0.606,0.609,95.4,93.0,77.5,93,0.431
0022301059,2024-03-27,1610612743,Denver Nuggets,1,0,1,0.0,48.0,105.1,106.6,112.0,113.0,-6.9,-6.5,0.632,3.0,19.0,0.216,0.682,0.432,0.088,0.489,0.52,92.6,91.5,76.25,91,0.461
0022301056,2024-03-27,1610612765,Detroit Pistons,1,0,1,0.0,48.0,96.8,98.9,115.2,116.5,-18.4,-17.6,0.484,1.25,12.2,0.314,0.767,0.521,0.13,0.438,0.495,93.0,91.5,76.25,92,0.402
0022301049,2024-03-27,1610612744,Golden State Warriors,1,1,0,1.0,48.0,104.4,107.4,97.6,101.1,6.8,6.4,0.65,2.0,19.0,0.36,0.778,0.577,0.138,0.5,0.528,96.0,93.0,77.5,94,0.545
0022301057,2024-03-27,1610612745,Houston Rockets,1,1,0,1.0,53.0,115.7,116.8,111.9,112.5,3.7,4.3,0.5,1.56,16.0,0.31,0.712,0.5,0.142,0.553,0.578,102.6,101.89,84.91,113,0.508
0022301054,2024-03-27,1610612754,Indiana Pacers,1,0,1,0.0,48.0,103.0,103.1,123.9,128.9,-20.9,-25.7,0.735,1.92,18.8,0.222,0.612,0.408,0.135,0.476,0.52,98.5,96.5,80.42,96,0.351
0022301052,2024-03-27,1610612746,LA Clippers,1,1,0,1.0,48.0,112.7,116.1,115.9,113.8,-3.1,2.3,0.7,3.5,20.9,0.241,0.75,0.469,0.086,0.522,0.547,94.1,93.5,77.92,93,0.504
0022301055,2024-03-27,1610612747,Los Angeles Lakers,1,1,0,1.0,48.0,125.5,128.3,116.6,115.9,8.9,12.4,0.689,1.94,21.2,0.225,0.755,0.527,0.151,0.667,0.705,107.4,106.5,88.75,106,0.564
0022301055,2024-03-27,1610612763,Memphis Grizzlies,1,0,1,0.0,48.0,116.6,115.9,125.5,128.3,-8.9,-12.4,0.652,2.14,20.0,0.245,0.775,0.473,0.131,0.562,0.588,107.4,106.5,88.75,107,0.436
0022301056,2024-03-27,1610612750,Minnesota Timberwolves,1,1,0,1.0,48.0,115.2,116.5,96.8,98.9,18.4,17.6,0.667,2.33,21.7,0.233,0.686,0.479,0.132,0.579,0.595,93.0,91.5,76.25,91,0.598
0022301053,2024-03-27,1610612752,New York Knicks,1,1,0,1.0,48.0,149.4,155.9,104.4,108.6,45.0,47.3,0.673,3.36,24.7,0.5,0.667,0.588,0.118,0.702,0.718,96.9,93.0,77.5,93,0.656
0022301057,2024-03-27,1610612760,Oklahoma City Thunder,1,0,1,0.0,53.0,111.9,112.5,115.7,116.8,-3.7,-4.3,0.553,1.37,17.0,0.288,0.69,0.5,0.17,0.563,0.591,102.6,101.89,84.91,112,0.492
0022301049,2024-03-27,1610612753,Orlando Magic,1,0,1,0.0,48.0,97.6,101.1,104.4,107.4,-6.8,-6.4,0.694,2.27,19.4,0.222,0.64,0.423,0.12,0.482,0.493,96.0,93.0,77.5,92,0.455
0022301052,2024-03-27,1610612755,Philadelphia 76ers,1,0,1,0.0,48.0,115.9,113.8,112.7,116.1,3.1,-2.3,0.436,1.42,13.9,0.25,0.759,0.531,0.128,0.555,0.592,94.1,93.5,77.92,94,0.496
0022301059,2024-03-27,1610612756,Phoenix Suns,1,1,0,1.0,48.0,112.0,113.0,105.1,106.6,6.9,6.5,0.744,1.71,21.5,0.318,0.784,0.568,0.185,0.566,0.592,92.6,91.5,76.25,92,0.539
0022301051,2024-03-27,1610612757,Portland Trail Blazers,1,0,1,0.0,48.0,103.5,107.1,116.7,120.0,-13.2,-12.9,0.814,1.84,24.3,0.222,0.721,0.466,0.192,0.588,0.593,102.6,99.5,82.92,99,0.452
0022301058,2024-03-27,1610612759,San Antonio Spurs,1,1,0,1.0,48.0,110.0,110.3,102.1,103.7,7.9,6.5,0.909,1.9,25.3,0.273,0.756,0.517,0.196,0.605,0.619,108.0,107.0,89.17,107,0.55
0022301053,2024-03-27,1610612761,Toronto Raptors,1,0,1,0.0,48.0,104.4,108.6,149.4,155.9,-45.0,-47.3,0.795,1.72,22.3,0.333,0.5,0.412,0.194,0.53,0.563,96.9,93.0,77.5,93,0.344
0022301058,2024-03-27,1610612762,Utah Jazz,1,0,1,0.0,48.0,102.1,103.7,110.0,110.3,-7.9,-6.5,0.641,1.14,17.6,0.244,0.727,0.483,0.206,0.548,0.599,108.0,107.0,89.17,107,0.45
0022301050,2024-03-27,1610612764,Washington Wizards,1,0,1,0.0,53.0,110.7,113.3,115.0,116.2,-4.2,-2.9,0.565,1.86,18.3,0.229,0.778,0.52,0.133,0.582,0.604,96.7,95.09,79.25,105,0.478
0022301060,2024-03-28,1610612737,Atlanta Hawks,1,1,0,1.0,53.0,120.1,119.4,114.8,119.6,5.3,-0.2,0.471,2.18,16.3,0.357,0.76,0.547,0.107,0.563,0.567,94.5,92.83,77.36,103,0.488
0022301060,2024-03-28,1610612738,Boston Celtics,1,0,1,0.0,53.0,114.8,119.6,120.1,119.4,-5.3,0.2,0.622,2.33,19.7,0.24,0.643,0.453,0.118,0.553,0.591,94.5,92.83,77.36,102,0.512
0022301061,2024-03-28,1610612749,Milwaukee Bucks,1,0,1,0.0,48.0,100.6,103.1,104.9,108.1,-4.3,-5.0,0.553,1.5,16.8,0.146,0.733,0.472,0.144,0.549,0.553,100.7,98.0,81.67,97,0.438
0022301061,2024-03-28,1610612740,New Orleans Pelicans,1,1,0,1.0,48.0,104.9,108.1,100.6,103.1,4.3,5.0,0.611,3.14,16.2,0.267,0.854,0.528,0.071,0.44,0.505,100.7,98.0,81.67,99,0.562
0022301066,2024-03-29,1610612751,Brooklyn Nets,1,1,0,1.0,48.0,130.6,133.0,112.8,113.7,17.9,19.3,0.605,3.71,19.4,0.264,0.775,0.484,0.074,0.61,0.621,95.7,94.5,78.75,94,0.518
0022301062,2024-03-29,1610612766,Charlotte Hornets,1,0,1,0.0,48.0,103.7,101.0,121.1,121.1,-17.4,-20.0,0.676,2.09,17.6,0.241,0.738,0.458,0.115,0.476,0.513,94.3,95.5,79.58,96,0.387
0022301066,2024-03-29,1610612741,Chicago Bulls,1,0,1,0.0,48.0,112.8,113.7,130.6,133.0,-17.9,-19.3,0.632,1.85,18.9,0.225,0.736,0.516,0.137,0.567,0.615,95.7,94.5,78.75,95,0.482
0022301067,2024-03-29,1610612739,Cleveland Cavaliers,1,1,0,1.0,48.0,121.0,128.6,120.7,123.9,0.3,4.7,0.756,2.43,25.2,0.263,0.623,0.473,0.154,0.646,0.667,95.6,91.5,76.25,91,0.544
0022301073,2024-03-29,1610612742,Dallas Mavericks,1,1,0,1.0,48.0,115.7,113.8,104.8,109.6,10.8,4.3,0.686,2.4,19.2,0.152,0.722,0.46,0.106,0.574,0.604,95.4,94.0,78.33,94,0.545
0022301071,2024-03-29,1610612743,Denver Nuggets,1,0,1,0.0,48.0,98.1,102.1,119.0,116.8,-20.9,-14.8,0.829,2.23,20.0,0.377,0.85,0.581,0.135,0.443,0.491,96.6,95.5,79.58,96,0.412
0022301065,2024-03-29,1610612765,Detroit Pistons,1,1,0,1.0,48.0,93.4,95.0,85.7,86.1,7.7,8.9,0.514,1.46,14.5,0.208,0.769,0.486,0.129,0.449,0.491,102.2,101.0,84.17,101,0.561
0022301062,2024-03-29,1610612744,Golden State Warriors,1,1,0,1.0,48.0,121.1,121.1,103.7,101.0,17.4,20.0,0.729,2.69,24.8,0.262,0.759,0.542,0.137,0.601,0.619,94.3,95.5,79.58,95,0.613
0022301072,2024-03-29,1610612745,Houston Rockets,1,1,0,1.0,48.0,102.7,105.2,101.7,106.4,1.1,-1.2,0.543,1.9,13.9,0.349,0.682,0.486,0.104,0.456,0.489,98.3,95.0,79.17,96,0.462
0022301063,2024-03-29,1610612754,Indiana Pacers,1,1,0,1.0,48.0,109.9,109.0,90.1,90.9,19.9,18.1,0.628,2.7,20.1,0.17,0.788,0.495,0.1,0.539,0.573,99.5,99.5,82.92,100,0.606
0022301064,2024-03-29,1610612746,LA Clippers,1,1,0,1.0,48.0,105.0,107.5,100.4,103.2,4.5,4.3,0.463,1.12,14.8,0.356,0.612,0.489,0.183,0.529,0.554,95.9,93.5,77.92,93,0.513
0022301063,2024-03-29,1610612747,Los Angeles Lakers,1,0,1,0.0,48.0,90.1,90.9,109.9,109.0,-19.9,-18.1,0.686,1.5,17.9,0.212,0.83,0.505,0.162,0.436,0.479,99.5,99.5,82.92,99,0.394
0022301068,2024-03-29,1610612748,Miami Heat,1,1,0,1.0,48.0,138.0,137.9,77.5,80.4,60.5,57.5,0.759,4.56,27.0,0.195,0.745,0.51,0.087,0.701,0.711,104.4,102.5,85.42,103,0.795
0022301071,2024-03-29,1610612750,Minnesota Timberwolves,1,1,0,1.0,48.0,119.0,116.8,98.1,102.1,20.9,14.8,0.737,3.11,21.7,0.15,0.623,0.419,0.095,0.574,0.615,96.6,95.5,79.58,95,0.588
0022301070,2024-03-29,1610612752,New York Knicks,1,0,1,0.0,53.0,115.3,117.8,126.1,122.6,-10.8,-4.9,0.471,2.0,15.9,0.35,0.786,0.529,0.112,0.527,0.546,96.2,96.45,80.38,107,0.436
0022301069,2024-03-29,1610612760,Oklahoma City Thunder,1,1,0,1.0,48.0,131.7,133.3,108.9,107.3,22.9,26.0,0.673,3.0,23.6,0.289,0.72,0.534,0.115,0.655,0.687,95.9,96.0,80.0,96,0.614
0022301064,2024-03-29,1610612753,Orlando Magic,1,0,1,0.0,48.0,100.4,103.2,105.0,107.5,-4.5,-4.3,0.526,1.18,15.3,0.388,0.644,0.511,0.181,0.5,0.524,95.9,93.5,77.92,94,0.487
0022301067,2024-03-29,1610612755,Philadelphia 76ers,1,0,1,0.0,48.0,120.7,123.9,121.0,128.6,-0.3,-4.7,0.667,3.11,20.3,0.377,0.737,0.527,0.098,0.532,0.562,95.6,91.5,76.25,92,0.456
0022301069,2024-03-29,1610612756,Phoenix Suns,1,0,1,0.0,48.0,108.9,107.3,131.7,133.3,-22.9,-26.0,0.667,1.86,19.1,0.28,0.711,0.466,0.146,0.523,0.55,95.9,96.0,80.0,96,0.386
0022301068,2024-03-29,1610612757,Portland Trail Blazers,1,0,1,0.0,48.0,77.5,80.4,138.0,137.9,-60.5,-57.5,0.571,0.83,14.8,0.255,0.805,0.49,0.235,0.431,0.446,104.4,102.5,85.42,102,0.205
0022301073,2024-03-29,1610612758,Sacramento Kings,1,0,1,0.0,48.0,104.8,109.6,115.7,113.8,-10.8,-4.3,0.6,2.18,18.0,0.278,0.848,0.54,0.117,0.516,0.529,95.4,94.0,78.33,94,0.455
0022301070,2024-03-29,1610612759,San Antonio Spurs,1,1,0,1.0,53.0,126.1,122.6,115.3,117.8,10.8,4.9,0.773,2.27,22.8,0.214,0.65,0.471,0.142,0.634,0.677,96.2,96.45,80.38,106,0.564
0022301072,2024-03-29,1610612762,Utah Jazz,1,0,1,0.0,48.0,101.7,106.4,102.7,105.2,-1.1,1.2,0.622,1.1,17.6,0.318,0.651,0.514,0.223,0.513,0.566,98.3,95.0,79.17,94,0.538
0022301065,2024-03-29,1610612764,Washington Wizards,1,0,1,0.0,48.0,85.7,86.1,93.4,95.0,-7.7,-8.9,0.611,1.16,16.3,0.231,0.792,0.514,0.188,0.46,0.475,102.2,101.0,84.17,101,0.439
0022301076,2024-03-30,1610612737,Atlanta Hawks,1,0,1,0.0,48.0,110.9,114.1,122.7,124.5,-11.9,-10.3,0.571,2.18,17.5,0.275,0.795,0.5,0.111,0.533,0.565,100.7,98.5,82.08,99,0.416
0022301074,2024-03-30,1610612738,Boston Celtics,1,1,0,1.0,48.0,112.7,111.8,99.0,100.0,13.7,11.8,0.692,2.08,20.6,0.256,0.807,0.57,0.14,0.567,0.596,92.6,92.5,77.08,93,0.595
0022301075,2024-03-30,1610612763,Memphis Grizzlies,1,0,1,0.0,48.0,88.5,87.1,117.9,118.0,-29.4,-30.9,0.806,1.32,17.9,0.263,0.829,0.5,0.188,0.43,0.471,99.8,100.5,83.75,101,0.364
0022301076,2024-03-30,1610612749,Milwaukee Bucks,1,1,0,1.0,48.0,122.7,124.5,110.9,114.1,11.9,10.3,0.628,2.25,20.3,0.205,0.725,0.5,0.122,0.603,0.653,100.7,98.5,82.08,98,0.584
0022301074,2024-03-30,1610612740,New Orleans Pelicans,1,0,1,0.0,48.0,99.0,100.0,112.7,111.8,-13.7,-11.8,0.647,2.44,17.6,0.193,0.744,0.43,0.098,0.471,0.49,92.6,92.5,77.08,92,0.405
0022301075,2024-03-30,1610612753,Orlando Magic,1,1,0,1.0,48.0,117.9,118.0,88.5,87.1,29.4,30.9,0.737,1.65,20.7,0.171,0.737,0.5,0.17,0.628,0.67,99.8,100.5,83.75,100,0.636
0022301078,2024-03-31,1610612751,Brooklyn Nets,1,0,1,0.0,48.0,99.7,101.0,115.2,113.7,-15.6,-12.8,0.487,1.46,14.3,0.211,0.816,0.453,0.126,0.489,0.518,102.5,102.5,85.42,103,0.4
0022301079,2024-03-31,1610612766,Charlotte Hornets,1,0,1,0.0,48.0,121.9,125.5,139.8,139.8,-18.0,-14.3,0.727,3.56,23.5,0.239,0.765,0.463,0.096,0.631,0.636,94.9,93.5,77.92,94,0.418
0022301084,2024-03-31,1610612741,Chicago Bulls,1,1,0,1.0,48.0,116.9,117.2,104.9,106.3,11.9,10.9,0.714,1.88,22.7,0.231,0.766,0.523,0.172,0.631,0.639,94.8,94.0,78.33,93,0.528
0022301077,2024-03-31,1610612739,Cleveland Cavaliers,1,0,1,0.0,48.0,100.8,104.1,131.7,132.7,-30.9,-28.5,0.684,1.73,20.0,0.146,0.615,0.356,0.155,0.512,0.553,99.5,97.5,81.25,97,0.383
0022301083,2024-03-31,1610612742,Dallas Mavericks,1,1,0,1.0,48.0,123.8,127.6,106.6,110.3,17.2,17.2,0.5,1.71,17.5,0.313,0.704,0.52,0.143,0.645,0.645,100.7,97.5,81.25,98,0.564
0022301077,2024-03-31,1610612743,Denver Nuggets,1,1,0,1.0,48.0,131.7,132.7,100.8,104.1,30.9,28.5,0.72,2.12,24.2,0.385,0.854,0.644,0.173,0.695,0.701,99.5,97.5,81.25,98,0.617
0022301085,2024-03-31,1610612744,Golden State Warriors,1,1,0,1.0,48.0,115.0,118.2,113.1,114.1,1.9,4.0,0.756,2.13,22.8,0.362,0.647,0.51,0.162,0.576,0.599,100.8,99.0,82.5,99,0.532
0022301083,2024-03-31,1610612745,Houston Rockets,1,0,1,0.0,48.0,106.6,110.3,123.8,127.6,-17.2,-17.2,0.564,1.83,16.3,0.296,0.688,0.48,0.124,0.495,0.533,100.7,97.5,81.25,97,0.436
0022301079,2024-03-31,1610612746,LA Clippers,1,1,0,1.0,48.0,139.8,139.8,121.9,125.5,18.0,14.3,0.651,2.8,21.7,0.235,0.761,0.538,0.108,0.667,0.723,94.9,93.5,77.92,93,0.582
0022301078,2024-03-31,1610612747,Los Angeles Lakers,1,1,0,1.0,48.0,115.2,113.7,99.7,101.0,15.6,12.8,0.571,1.2,18.0,0.184,0.789,0.547,0.196,0.643,0.669,102.5,102.5,85.42,102,0.6
0022301081,2024-03-31,1610612748,Miami Heat,1,1,0,1.0,48.0,116.9,115.5,100.7,102.9,16.2,12.6,0.55,1.57,16.7,0.163,0.735,0.467,0.136,0.58,0.635,104.0,103.5,86.25,103,0.571
0022301084,2024-03-31,1610612750,Minnesota Timberwolves,1,0,1,0.0,48.0,104.9,106.3,116.9,117.2,-11.9,-10.9,0.737,2.0,20.9,0.234,0.769,0.477,0.147,0.537,0.56,94.8,94.0,78.33,95,0.472
0022301082,2024-03-31,1610612752,New York Knicks,1,0,1,0.0,48.0,108.8,115.5,117.0,116.5,-8.2,-1.0,0.632,2.18,17.0,0.379,0.727,0.529,0.113,0.484,0.524,99.8,97.0,80.83,97,0.46
0022301082,2024-03-31,1610612760,Oklahoma City Thunder,1,1,0,1.0,48.0,117.0,116.5,108.8,115.5,8.2,1.0,0.659,2.23,21.0,0.273,0.621,0.471,0.134,0.616,0.61,99.8,97.0,80.83,97,0.54
0022301080,2024-03-31,1610612755,Philadelphia 76ers,1,1,0,1.0,48.0,139.1,137.8,115.6,123.7,23.5,14.0,0.571,1.75,20.6,0.278,0.674,0.5,0.163,0.735,0.75,100.4,97.5,81.25,98,0.547
0022301086,2024-03-31,1610612758,Sacramento Kings,1,1,0,1.0,48.0,132.1,135.1,110.0,114.0,22.1,21.1,0.756,2.27,23.4,0.429,0.7,0.576,0.16,0.655,0.675,96.2,93.5,77.92,94,0.617
0022301085,2024-03-31,1610612759,San Antonio Spurs,1,0,1,0.0,48.0,113.1,114.1,115.0,118.2,-1.9,-4.0,0.775,1.63,21.1,0.353,0.638,0.49,0.192,0.545,0.583,100.8,99.0,82.5,99,0.468
0022301080,2024-03-31,1610612761,Toronto Raptors,1,0,1,0.0,48.0,115.6,123.7,139.1,137.8,-23.5,-14.0,0.66,2.58,21.7,0.326,0.722,0.5,0.124,0.583,0.607,100.4,97.5,81.25,97,0.453
0022301086,2024-03-31,1610612762,Utah Jazz,1,0,1,0.0,48.0,110.0,114.0,132.1,135.1,-22.1,-21.1,0.647,1.83,16.9,0.3,0.571,0.424,0.129,0.506,0.556,96.2,93.5,77.92,93,0.383
0022301081,2024-03-31,1610612764,Washington Wizards,1,0,1,0.0,48.0,100.7,102.9,116.9,115.5,-16.2,-12.6,0.675,1.69,18.8,0.265,0.837,0.533,0.154,0.517,0.55,104.0,103.5,86.25,104,0.429
0022301091,2024-04-01,1610612737,Atlanta Hawks,1,1,0,1.0,48.0,116.6,117.7,104.6,103.1,12.0,14.6,0.707,1.93,21.6,0.2,0.667,0.467,0.156,0.616,0.628,96.7,97.0,80.83,96,0.559
0022301087,2024-04-01,1610612738,Boston Celtics,1,1,0,1.0,48.0,122.9,126.9,109.7,110.6,13.2,16.2,0.651,2.55,20.7,0.292,0.824,0.566,0.118,0.59,0.614,95.4,93.5,77.92,93,0.553
0022301089,2024-04-01,1610612751,Brooklyn Nets,1,0,1,0.0,48.0,108.5,108.8,124.9,129.1,-16.4,-20.3,0.488,1.33,14.7,0.275,0.635,0.456,0.147,0.529,0.559,104.4,102.5,85.42,102,0.384
0022301087,2024-04-01,1610612766,Charlotte Hornets,1,0,1,0.0,48.0,109.7,110.6,122.9,126.9,-13.2,-16.2,0.683,4.0,21.5,0.176,0.708,0.434,0.074,0.522,0.543,95.4,93.5,77.92,94,0.447
0022301091,2024-04-01,1610612741,Chicago Bulls,1,0,1,0.0,48.0,104.6,103.1,116.6,117.7,-12.0,-14.6,0.459,2.13,12.7,0.333,0.8,0.533,0.082,0.431,0.483,96.7,97.0,80.83,98,0.441
0022301088,2024-04-01,1610612765,Detroit Pistons,1,0,1,0.0,48.0,115.3,113.7,111.0,118.3,4.3,-4.6,0.55,1.57,17.2,0.25,0.593,0.439,0.147,0.576,0.609,96.4,94.0,78.33,95,0.5
0022301089,2024-04-01,1610612754,Indiana Pacers,1,1,0,1.0,48.0,124.9,129.1,108.5,108.8,16.4,20.3,0.66,3.5,22.4,0.365,0.725,0.544,0.097,0.578,0.602,104.4,102.5,85.42,103,0.616
0022301088,2024-04-01,1610612763,Memphis Grizzlies,1,1,0,1.0,48.0,111.0,118.3,115.3,113.7,-4.3,4.6,0.7,2.15,19.6,0.407,0.75,0.561,0.14,0.5,0.544,96.4,94.0,78.33,93,0.5
0022301092,2024-04-01,1610612740,New Orleans Pelicans,1,0,1,0.0,48.0,115.0,118.1,129.2,131.9,-14.2,-13.8,0.69,3.22,21.0,0.288,0.565,0.418,0.096,0.534,0.557,96.3,94.0,78.33,94,0.456
0022301090,2024-04-01,1610612753,Orlando Magic,1,1,0,1.0,48.0,109.6,109.5,106.6,107.3,3.0,2.2,0.722,1.63,19.8,0.227,0.706,0.484,0.168,0.546,0.592,95.7,95.5,79.58,95,0.504
0022301092,2024-04-01,1610612756,Phoenix Suns,1,1,0,1.0,48.0,129.2,131.9,115.0,118.1,14.2,13.8,0.674,2.07,20.4,0.435,0.712,0.582,0.149,0.598,0.633,96.3,94.0,78.33,94,0.544
0022301090,2024-04-01,1610612757,Portland Trail Blazers,1,0,1,0.0,48.0,106.6,107.3,109.6,109.5,-3.0,-2.2,0.7,2.55,20.3,0.294,0.773,0.516,0.115,0.506,0.533,95.7,95.5,79.58,96,0.496
0022301100,2024-04-02,1610612739,Cleveland Cavaliers,1,1,0,1.0,48.0,127.0,129.0,106.7,113.0,20.3,16.0,0.826,2.53,25.2,0.333,0.696,0.529,0.15,0.635,0.675,103.7,100.0,83.33,100,0.623
0022300589,2024-04-02,1610612742,Dallas Mavericks,1,0,1,0.0,48.0,99.2,99.0,105.0,103.0,-5.8,-4.0,0.692,1.8,19.7,0.17,0.776,0.461,0.149,0.522,0.533,100.0,101.0,84.17,101,0.468
0022301099,2024-04-02,1610612743,Denver Nuggets,1,1,0,1.0,48.0,107.8,110.0,100.0,104.0,7.8,6.0,0.651,3.5,19.9,0.228,0.672,0.468,0.08,0.495,0.524,103.5,100.5,83.75,100,0.528
0022300589,2024-04-02,1610612744,Golden State Warriors,1,1,0,1.0,48.0,105.0,103.0,99.2,99.0,5.8,4.0,0.707,1.71,20.6,0.224,0.83,0.539,0.168,0.539,0.559,100.0,101.0,84.17,101,0.533
0022301098,2024-04-02,1610612745,Houston Rockets,1,0,1,0.0,48.0,104.8,110.4,114.5,118.9,-9.7,-8.5,0.561,1.53,16.8,0.345,0.737,0.505,0.156,0.522,0.54,99.9,95.5,79.58,96,0.392
0022301101,2024-04-02,1610612746,LA Clippers,1,0,1,0.0,48.0,100.1,101.1,117.2,116.0,-17.1,-14.9,0.581,1.13,14.6,0.224,0.625,0.438,0.17,0.48,0.541,93.9,94.0,78.33,94,0.375
0022301094,2024-04-02,1610612747,Los Angeles Lakers,1,1,0,1.0,48.0,118.2,120.8,100.7,105.7,17.5,15.0,0.731,2.53,23.8,0.296,0.776,0.524,0.142,0.604,0.602,109.3,105.5,87.92,106,0.566
0022301096,2024-04-02,1610612748,Miami Heat,1,1,0,1.0,48.0,115.7,117.2,107.3,107.6,8.3,9.6,0.667,1.33,18.8,0.289,0.795,0.561,0.194,0.601,0.655,93.2,92.5,77.08,93,0.54
0022301095,2024-04-02,1610612749,Milwaukee Bucks,1,0,1,0.0,48.0,107.7,109.7,109.9,111.4,-2.2,-1.7,0.689,2.58,20.3,0.317,0.83,0.542,0.117,0.49,0.509,105.7,104.0,86.67,103,0.49
0022301098,2024-04-02,1610612750,Minnesota Timberwolves,1,1,0,1.0,48.0,114.5,118.9,104.8,110.4,9.7,8.5,0.707,1.61,21.6,0.263,0.655,0.495,0.189,0.604,0.652,99.9,95.5,79.58,95,0.608
0022301096,2024-04-02,1610612752,New York Knicks,1,0,1,0.0,48.0,107.3,107.6,115.7,117.2,-8.3,-9.6,0.714,1.79,19.8,0.205,0.711,0.439,0.152,0.539,0.581,93.2,92.5,77.08,92,0.46
0022301093,2024-04-02,1610612760,Oklahoma City Thunder,1,0,1,0.0,48.0,105.3,106.1,111.2,111.2,-5.9,-5.2,0.811,2.0,20.7,0.302,0.75,0.505,0.152,0.5,0.543,98.8,98.5,82.08,99,0.495
0022301093,2024-04-02,1610612755,Philadelphia 76ers,1,1,0,1.0,48.0,111.2,111.2,105.3,106.1,5.9,5.2,0.75,1.5,19.9,0.25,0.698,0.495,0.184,0.551,0.612,98.8,98.5,82.08,98,0.505
0022301101,2024-04-02,1610612758,Sacramento Kings,1,1,0,1.0,48.0,117.2,116.0,100.1,101.1,17.1,14.9,0.744,2.9,20.1,0.375,0.776,0.562,0.106,0.489,0.529,93.9,94.0,78.33,94,0.625
0022301099,2024-04-02,1610612759,San Antonio Spurs,1,0,1,0.0,48.0,100.0,104.0,107.8,110.0,-7.8,-6.0,0.786,4.13,21.2,0.328,0.772,0.532,0.079,0.462,0.469,103.5,100.5,83.75,101,0.472
0022301094,2024-04-02,1610612761,Toronto Raptors,1,0,1,0.0,48.0,100.7,105.7,118.2,120.8,-17.5,-15.0,0.581,1.47,17.7,0.224,0.704,0.476,0.162,0.539,0.565,109.3,105.5,87.92,105,0.434
0022301100,2024-04-02,1610612762,Utah Jazz,1,0,1,0.0,48.0,106.7,113.0,127.0,129.0,-20.3,-16.0,0.634,1.3,18.7,0.304,0.667,0.471,0.2,0.576,0.608,103.7,100.0,83.33,100,0.377
0022301095,2024-04-02,1610612764,Washington Wizards,1,1,0,1.0,48.0,109.9,111.4,107.7,109.7,2.2,1.7,0.553,2.36,18.7,0.17,0.683,0.458,0.105,0.554,0.582,105.7,104.0,86.67,105,0.51
0022301104,2024-04-03,1610612737,Atlanta Hawks,1,1,0,1.0,48.0,113.5,116.3,107.4,109.7,6.1,6.6,0.735,2.25,23.8,0.262,0.811,0.568,0.154,0.617,0.626,105.9,103.5,86.25,104,0.566
0022301105,2024-04-03,1610612738,Boston Celtics,1,1,0,1.0,48.0,134.5,137.8,97.7,102.0,36.8,35.7,0.66,3.0,22.4,0.381,0.75,0.578,0.112,0.636,0.673,101.3,98.0,81.67,98,0.633
0022301106,2024-04-03,1610612751,Brooklyn Nets,1,1,0,1.0,48.0,118.7,118.6,113.5,116.8,5.3,1.7,0.524,1.69,16.2,0.396,0.655,0.538,0.134,0.552,0.582,97.4,96.0,80.0,97,0.521
0022301102,2024-04-03,1610612766,Charlotte Hornets,1,0,1,0.0,48.0,89.0,90.5,88.8,93.7,0.2,-3.2,0.688,2.0,18.2,0.128,0.638,0.41,0.116,0.442,0.49,98.5,95.0,79.17,95,0.548
0022301110,2024-04-03,1610612739,Cleveland Cavaliers,1,0,1,0.0,48.0,101.7,102.0,119.0,123.2,-17.4,-21.2,0.718,1.87,20.9,0.196,0.698,0.438,0.152,0.512,0.553,100.9,99.0,82.5,99,0.432
0022301104,2024-04-03,1610612765,Detroit Pistons,1,0,1,0.0,48.0,107.4,109.7,113.5,116.3,-6.1,-6.6,0.558,2.4,17.5,0.189,0.738,0.432,0.097,0.511,0.547,105.9,103.5,86.25,103,0.434
0022301106,2024-04-03,1610612754,Indiana Pacers,1,0,1,0.0,48.0,113.5,116.8,118.7,118.6,-5.3,-1.7,0.587,3.0,19.0,0.345,0.604,0.462,0.095,0.495,0.515,97.4,96.0,80.0,95,0.479
0022301103,2024-04-03,1610612747,Los Angeles Lakers,1,1,0,1.0,48.0,113.9,115.7,110.4,110.1,3.5,5.6,0.457,1.24,14.8,0.271,0.851,0.558,0.157,0.549,0.602,109.2,108.5,90.42,108,0.537
0022301107,2024-04-03,1610612763,Memphis Grizzlies,1,1,0,1.0,48.0,117.5,118.1,102.8,108.6,14.7,9.5,0.543,2.78,18.8,0.292,0.705,0.523,0.096,0.544,0.564,96.4,93.5,77.92,94,0.581
0022301107,2024-04-03,1610612749,Milwaukee Bucks,1,0,1,0.0,48.0,102.8,108.6,117.5,118.1,-14.7,-9.5,0.684,2.36,19.0,0.295,0.708,0.477,0.118,0.495,0.504,96.4,93.5,77.92,93,0.419
0022301108,2024-04-03,1610612750,Minnesota Timberwolves,1,1,0,1.0,48.0,125.9,127.9,79.3,81.0,46.5,46.9,0.755,4.11,24.2,0.235,0.759,0.514,0.087,0.615,0.629,106.4,104.5,87.08,104,0.728
0022301109,2024-04-03,1610612740,New Orleans Pelicans,1,0,1,0.0,48.0,113.3,114.9,117.9,123.2,-4.6,-8.3,0.583,1.5,17.2,0.19,0.727,0.465,0.149,0.553,0.611,97.3,94.5,78.75,94,0.44
0022301105,2024-04-03,1610612760,Oklahoma City Thunder,1,0,1,0.0,48.0,97.7,102.0,134.5,137.8,-36.8,-35.7,0.6,1.5,16.0,0.25,0.619,0.422,0.143,0.463,0.536,101.3,98.0,81.67,98,0.367
0022301109,2024-04-03,1610612753,Orlando Magic,1,1,0,1.0,48.0,117.9,123.2,113.3,114.9,4.6,8.3,0.659,2.08,20.1,0.273,0.81,0.535,0.137,0.594,0.628,97.3,94.5,78.75,95,0.56
0022301110,2024-04-03,1610612756,Phoenix Suns,1,1,0,1.0,48.0,119.0,123.2,101.7,102.0,17.4,21.2,0.727,2.0,22.2,0.302,0.804,0.562,0.162,0.609,0.646,100.9,99.0,82.5,99,0.568
0022301102,2024-04-03,1610612757,Portland Trail Blazers,1,1,0,1.0,48.0,88.8,93.7,89.0,90.5,-0.2,3.2,0.514,1.19,14.3,0.362,0.872,0.59,0.168,0.435,0.453,98.5,95.0,79.17,95,0.452
0022301108,2024-04-03,1610612761,Toronto Raptors,1,0,1,0.0,48.0,79.3,81.0,125.9,127.9,-46.5,-46.9,0.576,0.9,13.9,0.241,0.765,0.486,0.2,0.406,0.442,106.4,104.5,87.08,105,0.272
0022301103,2024-04-03,1610612764,Washington Wizards,1,0,1,0.0,48.0,110.4,110.1,113.9,115.7,-3.5,-5.6,0.578,1.44,18.3,0.149,0.729,0.442,0.165,0.593,0.62,109.2,108.5,90.42,109,0.463
0022301124,2024-04-04,1610612737,Atlanta Hawks,1,0,1,0.0,48.0,91.1,91.3,104.3,104.8,-13.2,-13.5,0.618,1.0,15.3,0.218,0.793,0.513,0.202,0.476,0.504,104.4,104.0,86.67,104,0.429
0022301124,2024-04-04,1610612742,Dallas Mavericks,1,1,0,1.0,48.0,104.3,104.8,91.1,91.3,13.2,13.5,0.526,1.43,14.7,0.207,0.782,0.487,0.135,0.5,0.537,104.4,104.0,86.67,104,0.571
0022301114,2024-04-04,1610612743,Denver Nuggets,1,0,1,0.0,48.0,98.0,100.0,98.0,102.0,0.0,-2.0,0.75,1.93,19.9,0.176,0.797,0.509,0.14,0.5,0.532,103.0,100.0,83.33,100,0.501
0022301113,2024-04-04,1610612744,Golden State Warriors,1,1,0,1.0,48.0,133.0,134.3,110.9,110.0,22.1,24.3,0.617,1.38,20.4,0.412,0.712,0.593,0.212,0.694,0.731,99.6,99.5,82.92,99,0.604
0022301113,2024-04-04,1610612745,Houston Rockets,1,0,1,0.0,48.0,110.9,110.0,133.0,134.3,-22.1,-24.3,0.639,1.92,16.8,0.288,0.588,0.407,0.12,0.488,0.554,99.6,99.5,82.92,100,0.396
0022301114,2024-04-04,1610612746,LA Clippers,1,1,0,1.0,48.0,98.0,102.0,98.0,100.0,0.0,2.0,0.647,3.14,16.4,0.203,0.824,0.491,0.07,0.417,0.49,103.0,100.0,83.33,100,0.499
0022301111,2024-04-04,1610612748,Miami Heat,1,0,1,0.0,48.0,102.9,107.1,109.2,110.1,-6.3,-3.0,0.615,1.41,16.9,0.364,0.755,0.548,0.173,0.484,0.52,100.9,98.5,82.08,98,0.468
0022301112,2024-04-04,1610612752,New York Knicks,1,1,0,1.0,48.0,124.0,127.7,110.9,114.7,13.1,12.9,0.773,2.62,24.5,0.275,0.702,0.506,0.138,0.625,0.647,97.5,94.5,78.75,94,0.586
0022301111,2024-04-04,1610612755,Philadelphia 76ers,1,1,0,1.0,48.0,109.2,110.1,102.9,107.1,6.3,3.0,0.651,2.55,20.4,0.245,0.636,0.452,0.111,0.543,0.563,100.9,98.5,82.08,99,0.532
0022301112,2024-04-04,1610612758,Sacramento Kings,1,0,1,0.0,48.0,110.9,114.7,124.0,127.7,-13.1,-12.9,0.619,1.63,19.3,0.298,0.725,0.494,0.168,0.593,0.597,97.5,94.5,78.75,95,0.414
0022301118,2024-04-05,1610612738,Boston Celtics,1,1,0,1.0,48.0,108.7,108.6,103.4,105.3,5.3,3.3,0.658,3.13,19.1,0.25,0.667,0.478,0.086,0.494,0.521,94.8,94.0,78.33,93,0.553
0022301115,2024-04-05,1610612766,Charlotte Hornets,1,1,0,1.0,48.0,126.4,129.2,114.5,118.6,11.9,10.6,0.674,1.45,22.1,0.207,0.63,0.482,0.208,0.701,0.755,99.3,96.5,80.42,96,0.569
0022301119,2024-04-05,1610612741,Chicago Bulls,1,1,0,1.0,48.0,110.2,108.0,97.5,102.0,12.7,6.0,0.614,1.59,18.4,0.392,0.75,0.573,0.17,0.511,0.54,100.3,99.0,82.5,100,0.576
0022301097,2024-04-05,1610612742,Dallas Mavericks,1,1,0,1.0,48.0,104.6,105.9,101.0,102.9,3.6,3.0,0.75,1.67,21.1,0.222,0.709,0.49,0.176,0.548,0.579,104.1,102.5,85.42,102,0.526
0022301121,2024-04-05,1610612765,Detroit Pistons,1,0,1,0.0,48.0,92.3,92.8,104.8,110.2,-12.6,-17.4,0.688,1.22,16.8,0.24,0.56,0.4,0.186,0.456,0.502,100.3,97.5,81.25,97,0.417
0022301097,2024-04-05,1610612744,Golden State Warriors,1,0,1,0.0,48.0,101.0,102.9,104.6,105.9,-3.6,-3.0,0.659,1.8,18.5,0.291,0.778,0.51,0.146,0.505,0.525,104.1,102.5,85.42,103,0.474
0022301120,2024-04-05,1610612745,Houston Rockets,1,0,1,0.0,48.0,106.1,105.1,119.9,119.0,-13.8,-13.9,0.735,2.78,18.1,0.246,0.778,0.48,0.091,0.456,0.515,98.6,99.5,82.92,99,0.432
0022301116,2024-04-05,1610612754,Indiana Pacers,1,1,0,1.0,48.0,122.0,123.5,109.2,108.7,12.8,14.8,0.652,2.14,21.1,0.227,0.783,0.511,0.137,0.608,0.648,102.9,102.5,85.42,102,0.543
0022301126,2024-04-05,1610612746,LA Clippers,1,1,0,1.0,48.0,123.7,126.0,97.4,99.0,26.3,26.9,0.627,2.13,21.8,0.262,0.717,0.529,0.144,0.632,0.662,105.3,103.5,86.25,104,0.645
0022301121,2024-04-05,1610612763,Memphis Grizzlies,1,1,0,1.0,48.0,104.8,110.2,92.3,92.8,12.6,17.4,0.571,1.14,16.8,0.44,0.76,0.6,0.214,0.522,0.556,100.3,97.5,81.25,98,0.583
0022301120,2024-04-05,1610612748,Miami Heat,1,1,0,1.0,48.0,119.9,119.0,106.1,105.1,13.8,13.9,0.614,3.0,19.7,0.222,0.754,0.52,0.09,0.567,0.606,98.6,99.5,82.92,100,0.568
0022301122,2024-04-05,1610612749,Milwaukee Bucks,1,0,1,0.0,48.0,106.5,105.7,113.8,113.6,-7.3,-7.9,0.512,1.62,14.9,0.278,0.778,0.505,0.124,0.5,0.538,103.5,104.0,86.67,105,0.442
0022301125,2024-04-05,1610612750,Minnesota Timberwolves,1,0,1,0.0,48.0,85.2,87.0,97.2,95.1,-12.1,-8.1,0.697,1.21,17.2,0.2,0.826,0.485,0.19,0.447,0.477,101.0,101.0,84.17,100,0.41
0022301123,2024-04-05,1610612740,New Orleans Pelicans,1,0,1,0.0,48.0,112.0,112.4,111.3,113.3,0.7,-0.9,0.636,1.65,20.4,0.286,0.773,0.535,0.175,0.564,0.597,98.5,97.5,81.25,97,0.485
0022301119,2024-04-05,1610612752,New York Knicks,1,0,1,0.0,48.0,97.5,102.0,110.2,108.0,-12.7,-6.0,0.611,1.22,16.5,0.25,0.608,0.427,0.184,0.494,0.534,100.3,99.0,82.5,98,0.424
0022301116,2024-04-05,1610612760,Oklahoma City Thunder,1,0,1,0.0,48.0,109.2,108.7,122.0,123.5,-12.8,-14.8,0.571,1.6,17.5,0.217,0.773,0.489,0.146,0.535,0.58,102.9,102.5,85.42,103,0.457
0022301115,2024-04-05,1610612753,Orlando Magic,1,0,1,0.0,48.0,114.5,118.6,126.4,129.2,-11.9,-10.6,0.571,2.4,17.3,0.37,0.793,0.518,0.103,0.495,0.545,99.3,96.5,80.42,97,0.431
0022301125,2024-04-05,1610612756,Phoenix Suns,1,1,0,1.0,48.0,97.2,95.1,85.2,87.0,12.1,8.1,0.879,1.61,21.0,0.174,0.8,0.515,0.176,0.493,0.546,101.0,101.0,84.17,102,0.59
0022301117,2024-04-05,1610612757,Portland Trail Blazers,1,1,0,1.0,48.0,106.3,110.2,102.8,105.2,3.5,5.0,0.707,2.23,19.5,0.393,0.745,0.568,0.133,0.484,0.516,100.4,97.5,81.25,98,0.53
0022301118,2024-04-05,1610612758,Sacramento Kings,1,0,1,0.0,48.0,103.4,105.3,108.7,108.6,-5.3,-3.3,0.553,3.0,15.4,0.333,0.75,0.522,0.074,0.47,0.477,94.8,94.0,78.33,95,0.447
0022301123,2024-04-05,1610612759,San Antonio Spurs,1,1,0,1.0,48.0,111.3,113.3,112.0,112.4,-0.7,0.9,0.81,2.0,24.1,0.227,0.714,0.465,0.173,0.608,0.626,98.5,97.5,81.25,98,0.515
0022301122,2024-04-05,1610612761,Toronto Raptors,1,1,0,1.0,48.0,113.8,113.6,106.5,105.7,7.3,7.9,0.667,1.41,17.5,0.222,0.722,0.495,0.165,0.544,0.617,103.5,104.0,86.67,103,0.558
0022301126,2024-04-05,1610612762,Utah Jazz,1,0,1,0.0,48.0,97.4,99.0,123.7,126.0,-26.3,-26.9,0.571,1.33,14.3,0.283,0.738,0.471,0.146,0.434,0.492,105.3,103.5,86.25,103,0.355
0022301117,2024-04-05,1610612764,Washington Wizards,1,0,1,0.0,48.0,102.8,105.2,106.3,110.2,-3.5,-5.0,0.632,2.4,17.8,0.255,0.607,0.432,0.103,0.46,0.504,100.4,97.5,81.25,97,0.47
0022301130,2024-04-06,1610612737,Atlanta Hawks,1,0,1,0.0,48.0,105.0,104.8,133.9,135.2,-28.9,-30.5,0.811,1.88,20.4,0.222,0.778,0.444,0.152,0.494,0.551,105.4,105.0,87.5,105,0.366
0022301128,2024-04-06,1610612751,Brooklyn Nets,1,1,0,1.0,48.0,119.6,117.7,104.3,108.4,15.3,9.3,0.526,1.11,15.6,0.342,0.804,0.607,0.188,0.596,0.646,96.6,95.5,79.58,96,0.589
0022301127,2024-04-06,1610612739,Cleveland Cavaliers,1,0,1,0.0,48.0,93.9,96.0,114.8,116.0,-20.9,-20.0,0.615,1.26,17.0,0.308,0.795,0.516,0.188,0.494,0.509,102.2,100.5,83.75,101,0.396
0022301130,2024-04-06,1610612743,Denver Nuggets,1,1,0,1.0,48.0,133.9,135.2,105.0,104.8,28.9,30.5,0.717,2.24,25.2,0.222,0.778,0.556,0.162,0.733,0.747,105.4,105.0,87.5,105,0.634
0022301128,2024-04-06,1610612765,Detroit Pistons,1,0,1,0.0,48.0,104.3,108.4,119.6,117.7,-15.3,-9.3,0.595,2.5,19.2,0.196,0.658,0.393,0.105,0.549,0.549,96.6,95.5,79.58,95,0.411
0022301127,2024-04-06,1610612747,Los Angeles Lakers,1,1,0,1.0,48.0,114.8,116.0,93.9,96.0,20.9,20.0,0.667,1.5,21.7,0.205,0.692,0.484,0.2,0.663,0.666,102.2,100.5,83.75,100,0.604
0022301129,2024-04-06,1610612763,Memphis Grizzlies,1,0,1,0.0,48.0,95.8,96.0,117.0,117.2,-21.3,-21.2,0.583,1.11,15.3,0.358,0.756,0.532,0.19,0.466,0.499,99.7,99.5,82.92,100,0.383
0022301129,2024-04-06,1610612755,Philadelphia 76ers,1,1,0,1.0,48.0,117.0,117.2,95.8,96.0,21.3,21.2,0.659,1.42,19.9,0.244,0.642,0.468,0.192,0.62,0.651,99.7,99.5,82.92,99,0.617
0022301134,2024-04-07,1610612738,Boston Celtics,1,1,0,1.0,48.0,123.1,124.0,106.2,107.0,16.9,17.0,0.694,2.62,24.3,0.175,0.597,0.431,0.13,0.655,0.669,100.7,100.0,83.33,100,0.603
0022301141,2024-04-07,1610612751,Brooklyn Nets,1,0,1,0.0,48.0,75.7,77.0,108.0,108.1,-32.3,-31.1,0.567,1.0,13.3,0.207,0.782,0.487,0.17,0.39,0.42,100.4,99.5,82.92,100,0.317
0022301135,2024-04-07,1610612766,Charlotte Hornets,1,0,1,0.0,48.0,117.8,121.6,119.2,126.0,-1.4,-4.4,0.644,1.61,21.5,0.308,0.659,0.494,0.186,0.645,0.662,100.8,96.5,80.42,97,0.504
0022301136,2024-04-07,1610612741,Chicago Bulls,1,0,1,0.0,48.0,100.3,104.3,114.9,118.9,-14.6,-14.7,0.526,0.95,16.1,0.238,0.667,0.467,0.223,0.547,0.579,98.0,94.5,78.75,94,0.42
0022301132,2024-04-07,1610612739,Cleveland Cavaliers,1,0,1,0.0,48.0,113.6,118.0,120.5,120.0,-6.9,-2.0,0.643,2.45,19.6,0.224,0.698,0.446,0.11,0.54,0.591,101.7,100.0,83.33,100,0.496
0022301131,2024-04-07,1610612742,Dallas Mavericks,1,1,0,1.0,53.0,126.9,131.3,117.9,120.4,9.1,10.9,0.457,1.24,14.7,0.238,0.788,0.543,0.152,0.629,0.701,104.7,101.89,84.91,112,0.543
0022301142,2024-04-07,1610612744,Golden State Warriors,1,1,0,1.0,48.0,118.4,122.9,113.1,114.6,5.3,8.3,0.653,2.0,22.2,0.372,0.826,0.607,0.167,0.609,0.623,98.4,96.0,80.0,96,0.569
0022301131,2024-04-07,1610612745,Houston Rockets,1,0,1,0.0,53.0,117.9,120.4,126.9,131.3,-9.1,-10.9,0.674,2.82,20.1,0.212,0.762,0.457,0.097,0.586,0.627,104.7,101.89,84.91,113,0.457
0022301133,2024-04-07,1610612754,Indiana Pacers,1,1,0,1.0,48.0,119.1,121.9,118.5,121.1,0.6,0.8,0.614,3.86,20.5,0.209,0.804,0.517,0.073,0.564,0.614,97.7,95.5,79.58,96,0.533
0022301132,2024-04-07,1610612746,LA Clippers,1,1,0,1.0,48.0,120.5,120.0,113.6,118.0,6.9,2.0,0.634,1.63,18.7,0.302,0.776,0.554,0.16,0.571,0.635,101.7,100.0,83.33,100,0.504
0022301143,2024-04-07,1610612747,Los Angeles Lakers,1,0,1,0.0,48.0,113.5,113.6,119.6,123.3,-6.1,-9.7,0.692,1.8,18.9,0.283,0.646,0.468,0.146,0.53,0.596,104.6,103.0,85.83,103,0.477
0022301133,2024-04-07,1610612748,Miami Heat,1,0,1,0.0,48.0,118.5,121.1,119.1,121.9,-0.6,-0.8,0.538,3.0,16.8,0.196,0.791,0.483,0.074,0.512,0.586,97.7,95.5,79.58,95,0.467
0022301139,2024-04-07,1610612749,Milwaukee Bucks,1,0,1,0.0,48.0,115.9,117.2,127.5,132.6,-11.6,-15.4,0.771,1.93,20.6,0.262,0.667,0.478,0.151,0.547,0.612,94.9,92.5,77.08,93,0.471
0022301143,2024-04-07,1610612750,Minnesota Timberwolves,1,1,0,1.0,48.0,119.6,123.3,113.5,113.6,6.1,9.7,0.58,1.81,19.5,0.354,0.717,0.532,0.155,0.593,0.616,104.6,103.0,85.83,103,0.523
0022301138,2024-04-07,1610612740,New Orleans Pelicans,1,1,0,1.0,48.0,113.7,115.3,104.8,107.1,8.9,8.2,0.65,1.86,19.3,0.267,0.755,0.521,0.143,0.565,0.605,99.8,98.0,81.67,98,0.531
0022301139,2024-04-07,1610612752,New York Knicks,1,1,0,1.0,48.0,127.5,132.6,115.9,117.2,11.6,15.4,0.556,3.57,18.8,0.333,0.738,0.522,0.076,0.565,0.6,94.9,92.5,77.08,92,0.529
0022301135,2024-04-07,1610612760,Oklahoma City Thunder,1,1,0,1.0,48.0,119.2,126.0,117.8,121.6,1.4,4.4,0.733,1.94,22.9,0.341,0.692,0.506,0.177,0.621,0.64,100.8,96.5,80.42,96,0.496
0022301136,2024-04-07,1610612753,Orlando Magic,1,1,0,1.0,48.0,114.9,118.9,100.3,104.3,14.6,14.7,0.571,2.4,17.8,0.333,0.762,0.533,0.105,0.528,0.574,98.0,94.5,78.75,95,0.58
0022301140,2024-04-07,1610612755,Philadelphia 76ers,1,1,0,1.0,58.0,105.3,109.0,104.6,103.3,0.6,5.7,0.596,2.58,18.8,0.238,0.745,0.475,0.098,0.509,0.543,102.1,100.97,84.14,122,0.514
0022301138,2024-04-07,1610612756,Phoenix Suns,1,0,1,0.0,48.0,104.8,107.1,113.7,115.3,-8.9,-8.2,0.769,1.88,21.4,0.245,0.733,0.479,0.163,0.529,0.564,99.8,98.0,81.67,98,0.469
0022301134,2024-04-07,1610612757,Portland Trail Blazers,1,0,1,0.0,48.0,106.2,107.0,123.1,124.0,-16.9,-17.0,0.65,1.73,17.2,0.403,0.825,0.569,0.15,0.461,0.497,100.7,100.0,83.33,100,0.397
0022301141,2024-04-07,1610612758,Sacramento Kings,1,1,0,1.0,48.0,108.0,108.1,75.7,77.0,32.3,31.1,0.775,3.44,22.0,0.218,0.793,0.513,0.091,0.505,0.529,100.4,99.5,82.92,99,0.683
0022301140,2024-04-07,1610612759,San Antonio Spurs,1,0,1,0.0,58.0,104.6,103.3,105.3,109.0,-0.6,-5.7,0.705,1.24,18.6,0.255,0.762,0.525,0.205,0.531,0.576,102.1,100.97,84.14,122,0.486
0022301137,2024-04-07,1610612761,Toronto Raptors,1,1,0,1.0,48.0,113.7,118.2,111.7,111.9,2.0,6.3,0.673,2.36,21.2,0.255,0.824,0.539,0.127,0.568,0.6,111.8,109.5,91.25,110,0.533
0022301142,2024-04-07,1610612762,Utah Jazz,1,0,1,0.0,48.0,113.1,114.6,118.4,122.9,-5.3,-8.3,0.538,1.91,16.8,0.174,0.628,0.393,0.115,0.56,0.596,98.4,96.0,80.0,96,0.431
0022301137,2024-04-07,1610612764,Washington Wizards,1,0,1,0.0,48.0,111.7,111.9,113.7,118.2,-2.0,-6.3,0.69,1.93,19.7,0.176,0.745,0.461,0.138,0.562,0.597,111.8,109.5,91.25,109,0.467
0022301147,2024-04-09,1610612737,Atlanta Hawks,1,0,1,0.0,58.0,93.9,100.9,106.1,104.5,-12.2,-3.6,0.622,1.75,17.1,0.366,0.86,0.57,0.145,0.442,0.466,94.5,91.86,76.55,110,0.453
0022301148,2024-04-09,1610612738,Boston Celtics,1,0,1,0.0,48.0,97.8,101.1,115.7,115.6,-17.9,-14.4,0.73,2.25,20.3,0.286,0.692,0.453,0.133,0.489,0.489,91.4,90.0,75.0,90,0.411
0022301144,2024-04-09,1610612766,Charlotte Hornets,1,0,1,0.0,48.0,101.7,103.0,129.0,130.0,-27.2,-27.0,0.615,2.0,17.9,0.192,0.646,0.41,0.119,0.494,0.529,101.5,100.5,83.75,101,0.394
0022301149,2024-04-09,1610612741,Chicago Bulls,1,0,1,0.0,48.0,125.3,121.9,132.2,134.7,-6.9,-12.9,0.426,2.22,15.6,0.302,0.757,0.513,0.094,0.591,0.607,95.1,95.5,79.58,96,0.439
0022301144,2024-04-09,1610612742,Dallas Mavericks,1,1,0,1.0,48.0,129.0,130.0,101.7,103.0,27.2,27.0,0.7,2.33,23.0,0.354,0.808,0.59,0.15,0.629,0.639,101.5,100.5,83.75,100,0.606
0022301154,2024-04-09,1610612743,Denver Nuggets,1,1,0,1.0,48.0,115.8,116.8,94.3,100.0,21.5,16.8,0.652,3.0,21.4,0.314,0.655,0.491,0.105,0.564,0.562,98.3,95.0,79.17,95,0.604
0022301145,2024-04-09,1610612765,Detroit Pistons,1,0,1,0.0,48.0,100.4,101.0,118.7,120.0,-18.2,-19.0,0.588,1.25,14.8,0.269,0.661,0.472,0.158,0.488,0.539,101.3,100.5,83.75,101,0.396
0022301155,2024-04-09,1610612744,Golden State Warriors,1,1,0,1.0,48.0,133.7,132.7,114.8,118.8,18.9,13.9,0.787,2.47,25.9,0.139,0.736,0.494,0.149,0.75,0.751,102.4,101.0,84.17,101,0.557
0022301150,2024-04-09,1610612745,Houston Rockets,1,1,0,1.0,48.0,118.1,118.0,104.8,107.1,13.3,10.9,0.644,2.42,21.3,0.214,0.755,0.505,0.12,0.61,0.628,100.5,99.5,82.92,100,0.534
0022301146,2024-04-09,1610612754,Indiana Pacers,1,1,0,1.0,48.0,129.5,135.9,114.4,119.4,15.1,16.5,0.611,2.36,21.0,0.438,0.566,0.505,0.136,0.626,0.641,107.8,103.0,85.83,103,0.582
0022301156,2024-04-09,1610612746,LA Clippers,1,1,0,1.0,48.0,102.1,102.9,90.8,89.3,11.3,13.6,0.683,1.33,19.7,0.261,0.869,0.607,0.206,0.54,0.572,102.1,102.5,85.42,102,0.58
0022301155,2024-04-09,1610612747,Los Angeles Lakers,1,0,1,0.0,48.0,114.8,118.8,133.7,132.7,-18.9,-13.9,0.705,3.88,21.2,0.264,0.861,0.506,0.079,0.521,0.563,102.4,101.0,84.17,101,0.443
0022301151,2024-04-09,1610612763,Memphis Grizzlies,1,0,1,0.0,48.0,87.1,88.8,104.6,105.2,-17.5,-16.4,0.583,2.63,14.9,0.324,0.756,0.496,0.082,0.375,0.4,98.7,97.5,81.25,98,0.379
0022301147,2024-04-09,1610612748,Miami Heat,1,1,0,1.0,58.0,106.1,104.5,93.9,100.9,12.2,3.6,0.69,1.61,19.6,0.14,0.634,0.43,0.161,0.58,0.602,94.5,91.86,76.55,112,0.547
0022301148,2024-04-09,1610612749,Milwaukee Bucks,1,1,0,1.0,48.0,115.7,115.6,97.8,101.1,17.9,14.4,0.674,1.61,22.1,0.308,0.714,0.547,0.2,0.636,0.635,91.4,90.0,75.0,90,0.589
0022301152,2024-04-09,1610612750,Minnesota Timberwolves,1,1,0,1.0,48.0,127.4,130.0,118.1,121.0,9.3,9.0,0.698,3.75,20.7,0.294,0.766,0.52,0.08,0.578,0.625,102.3,100.0,83.33,100,0.56
0022301157,2024-04-09,1610612740,New Orleans Pelicans,1,1,0,1.0,48.0,114.9,112.2,102.5,104.2,12.3,8.1,0.694,2.78,18.4,0.275,0.696,0.474,0.092,0.477,0.551,96.6,97.0,80.83,98,0.575
0022301149,2024-04-09,1610612752,New York Knicks,1,1,0,1.0,48.0,132.2,134.7,125.3,121.9,6.9,12.9,0.674,2.82,23.0,0.243,0.698,0.488,0.116,0.657,0.697,95.1,95.5,79.58,95,0.561
0022301153,2024-04-09,1610612760,Oklahoma City Thunder,1,1,0,1.0,48.0,110.2,109.8,101.5,102.9,8.7,6.9,0.538,1.5,16.0,0.182,0.647,0.464,0.137,0.556,0.598,102.5,102.0,85.0,102,0.587
0022301150,2024-04-09,1610612753,Orlando Magic,1,0,1,0.0,48.0,104.8,107.1,118.1,118.0,-13.3,-10.9,0.59,1.53,17.2,0.245,0.786,0.495,0.152,0.494,0.551,100.5,99.5,82.92,99,0.466
0022301145,2024-04-09,1610612755,Philadelphia 76ers,1,1,0,1.0,48.0,118.7,120.0,100.4,101.0,18.2,19.0,0.659,3.22,19.6,0.339,0.731,0.528,0.09,0.515,0.555,101.3,100.5,83.75,100,0.604
0022301156,2024-04-09,1610612756,Phoenix Suns,1,0,1,0.0,48.0,90.8,89.3,102.1,102.9,-11.3,-13.6,0.567,2.13,13.3,0.131,0.739,0.393,0.078,0.382,0.454,102.1,102.5,85.42,103,0.42
0022301157,2024-04-09,1610612757,Portland Trail Blazers,1,0,1,0.0,48.0,102.5,104.2,114.9,112.2,-12.3,-8.1,0.7,1.27,20.3,0.304,0.725,0.526,0.229,0.547,0.565,96.6,97.0,80.83,96,0.425
0022301153,2024-04-09,1610612758,Sacramento Kings,1,0,1,0.0,48.0,101.5,102.9,110.2,109.8,-8.7,-6.9,0.697,1.35,15.5,0.353,0.818,0.536,0.167,0.448,0.489,102.5,102.0,85.0,102,0.413
0022301151,2024-04-09,1610612759,San Antonio Spurs,1,1,0,1.0,48.0,104.6,105.2,87.1,88.8,17.5,16.4,0.714,1.76,21.7,0.244,0.676,0.504,0.175,0.54,0.563,98.7,97.5,81.25,97,0.621
0022301146,2024-04-09,1610612761,Toronto Raptors,1,0,1,0.0,48.0,114.4,119.4,129.5,135.9,-15.1,-16.5,0.447,1.4,14.3,0.434,0.563,0.495,0.146,0.527,0.567,107.8,103.0,85.83,103,0.418
0022301154,2024-04-09,1610612762,Utah Jazz,1,0,1,0.0,48.0,94.3,100.0,115.8,116.8,-21.5,-16.8,0.528,1.27,14.5,0.345,0.686,0.509,0.158,0.451,0.491,98.3,95.0,79.17,95,0.396
0022301152,2024-04-09,1610612764,Washington Wizards,1,0,1,0.0,48.0,118.1,121.0,127.4,130.0,-9.3,-9.0,0.591,2.0,19.1,0.234,0.706,0.48,0.13,0.607,0.627,102.3,100.0,83.33,100,0.44
0022301159,2024-04-10,1610612737,Atlanta Hawks,1,0,1,0.0,48.0,114.0,116.3,117.7,117.3,-3.8,-1.0,0.814,1.94,24.3,0.262,0.85,0.549,0.184,0.634,0.64,98.9,98.0,81.67,98,0.495
0022301160,2024-04-10,1610612751,Brooklyn Nets,1,1,0,1.0,48.0,108.7,111.6,105.2,107.4,3.4,4.2,0.658,1.67,18.4,0.34,0.705,0.541,0.158,0.506,0.549,97.2,95.0,79.17,95,0.586
0022301159,2024-04-10,1610612766,Charlotte Hornets,1,1,0,1.0,48.0,117.7,117.3,114.0,116.3,3.8,1.0,0.625,1.79,19.4,0.15,0.738,0.451,0.143,0.595,0.648,98.9,98.0,81.67,98,0.505
0022301158,2024-04-10,1610612739,Cleveland Cavaliers,1,1,0,1.0,48.0,111.4,113.4,99.6,101.0,11.7,12.4,0.73,1.69,19.7,0.292,0.725,0.515,0.165,0.543,0.58,98.6,97.0,80.83,97,0.567
0022301161,2024-04-10,1610612742,Dallas Mavericks,1,1,0,1.0,48.0,121.0,122.0,99.2,101.1,21.8,20.9,0.628,3.86,21.1,0.217,0.667,0.447,0.077,0.58,0.599,92.2,91.0,75.83,91,0.61
0022301164,2024-04-10,1610612743,Denver Nuggets,1,1,0,1.0,48.0,120.7,127.5,116.0,116.3,4.7,11.2,0.674,2.21,22.5,0.364,0.745,0.56,0.154,0.62,0.623,94.2,91.5,76.25,91,0.557
0022301165,2024-04-10,1610612746,LA Clippers,1,0,1,0.0,48.0,104.4,104.9,117.4,120.4,-13.0,-15.5,0.523,1.77,16.8,0.208,0.735,0.461,0.126,0.526,0.543,104.5,103.0,85.83,103,0.437
0022301158,2024-04-10,1610612763,Memphis Grizzlies,1,0,1,0.0,48.0,99.6,101.0,111.4,113.4,-11.7,-12.4,0.636,1.31,16.0,0.275,0.708,0.485,0.165,0.476,0.531,98.6,97.0,80.83,97,0.433
0022301161,2024-04-10,1610612748,Miami Heat,1,0,1,0.0,48.0,99.2,101.1,121.0,122.0,-21.8,-20.9,0.667,1.22,17.1,0.333,0.783,0.553,0.198,0.488,0.53,92.2,91.0,75.83,91,0.39
0022301162,2024-04-10,1610612749,Milwaukee Bucks,1,1,0,1.0,48.0,119.6,121.9,99.9,104.2,19.8,17.7,0.628,1.8,19.9,0.295,0.778,0.539,0.156,0.601,0.63,98.5,95.5,79.58,96,0.598
0022301164,2024-04-10,1610612750,Minnesota Timberwolves,1,0,1,0.0,48.0,116.0,116.3,120.7,127.5,-4.7,-11.2,0.561,2.3,18.1,0.255,0.636,0.44,0.109,0.579,0.586,94.2,91.5,76.25,92,0.443
0022301163,2024-04-10,1610612760,Oklahoma City Thunder,1,1,0,1.0,48.0,110.2,111.4,76.9,78.1,33.3,33.3,0.702,2.75,21.2,0.175,0.879,0.553,0.105,0.545,0.576,115.5,114.0,95.0,114,0.675
0022301162,2024-04-10,1610612753,Orlando Magic,1,0,1,0.0,48.0,99.9,104.2,119.6,121.9,-19.8,-17.7,0.528,1.19,15.3,0.222,0.705,0.461,0.168,0.532,0.562,98.5,95.5,79.58,95,0.402
0022301165,2024-04-10,1610612756,Phoenix Suns,1,1,0,1.0,48.0,117.4,120.4,104.4,104.9,13.0,15.5,0.63,2.23,20.0,0.265,0.792,0.539,0.126,0.579,0.61,104.5,103.0,85.83,103,0.563
0022301163,2024-04-10,1610612759,San Antonio Spurs,1,0,1,0.0,48.0,76.9,78.1,110.2,111.4,-33.3,-33.3,0.75,1.6,16.4,0.121,0.825,0.447,0.132,0.38,0.425,115.5,114.0,95.0,114,0.325
0022301160,2024-04-10,1610612761,Toronto Raptors,1,0,1,0.0,48.0,105.2,107.4,108.7,111.6,-3.4,-4.2,0.543,1.9,14.5,0.295,0.66,0.459,0.105,0.457,0.5,97.2,95.0,79.17,95,0.414
0022301167,2024-04-11,1610612738,Boston Celtics,1,0,1,0.0,48.0,114.7,113.5,116.4,121.6,-1.7,-8.1,0.625,2.08,19.1,0.208,0.549,0.384,0.125,0.558,0.586,98.2,96.5,80.42,96,0.471
0022301166,2024-04-11,1610612741,Chicago Bulls,1,1,0,1.0,48.0,126.2,130.9,104.9,107.1,21.4,23.8,0.549,3.11,20.0,0.319,0.744,0.522,0.093,0.604,0.619,100.4,97.5,81.25,97,0.593
0022301166,2024-04-11,1610612765,Detroit Pistons,1,0,1,0.0,48.0,104.9,107.1,126.2,130.9,-21.4,-23.8,0.711,1.35,19.9,0.256,0.681,0.478,0.204,0.584,0.603,100.4,97.5,81.25,98,0.407
0022301169,2024-04-11,1610612744,Golden State Warriors,1,1,0,1.0,48.0,108.9,108.7,94.4,101.1,14.6,7.6,0.667,1.5,18.6,0.302,0.578,0.467,0.174,0.545,0.583,94.6,91.5,76.25,92,0.598
0022301168,2024-04-11,1610612745,Houston Rockets,1,0,1,0.0,48.0,122.6,126.0,124.1,129.2,-1.5,-3.1,0.55,2.2,15.9,0.357,0.523,0.43,0.104,0.532,0.578,99.3,96.0,80.0,96,0.455
0022301170,2024-04-11,1610612740,New Orleans Pelicans,1,1,0,1.0,48.0,132.5,132.4,120.8,123.0,11.6,9.4,0.714,2.69,24.1,0.211,0.857,0.55,0.127,0.698,0.719,101.9,101.0,84.17,102,0.568
0022301167,2024-04-11,1610612752,New York Knicks,1,1,0,1.0,48.0,116.4,121.6,114.7,113.5,1.7,8.1,0.49,1.6,16.8,0.451,0.792,0.616,0.155,0.566,0.571,98.2,96.5,80.42,97,0.529
0022301169,2024-04-11,1610612757,Portland Trail Blazers,1,0,1,0.0,48.0,94.4,101.1,108.9,108.7,-14.6,-7.6,0.629,1.69,15.7,0.422,0.698,0.533,0.143,0.402,0.44,94.6,91.5,76.25,91,0.402
0022301170,2024-04-11,1610612758,Sacramento Kings,1,0,1,0.0,48.0,120.8,123.0,132.5,132.4,-11.6,-9.4,0.565,1.86,19.7,0.143,0.789,0.45,0.14,0.643,0.663,101.9,101.0,84.17,100,0.432
0022301168,2024-04-11,1610612762,Utah Jazz,1,1,0,1.0,48.0,124.1,129.2,122.6,126.0,1.5,3.1,0.614,1.69,18.8,0.477,0.643,0.57,0.167,0.586,0.627,99.3,96.0,80.0,96,0.545
0022301178,2024-04-12,1610612737,Atlanta Hawks,1,0,1,0.0,48.0,99.1,105.0,110.4,105.8,-11.3,-0.9,0.575,1.53,16.5,0.278,0.822,0.525,0.149,0.494,0.525,102.9,102.0,85.0,101,0.394
0022301173,2024-04-12,1610612738,Boston Celtics,1,1,0,1.0,48.0,131.4,129.7,96.4,98.0,35.0,31.7,0.63,5.67,22.2,0.353,0.872,0.602,0.059,0.587,0.597,100.7,100.5,83.75,101,0.66
0022301175,2024-04-12,1610612751,Brooklyn Nets,1,0,1,0.0,48.0,121.1,120.2,122.0,123.3,-0.9,-3.1,0.537,1.57,17.2,0.405,0.717,0.568,0.157,0.567,0.592,89.7,89.5,74.58,89,0.475
0022301173,2024-04-12,1610612766,Charlotte Hornets,1,0,1,0.0,48.0,96.4,98.0,131.4,129.7,-35.0,-31.7,0.625,1.0,15.9,0.128,0.647,0.398,0.2,0.52,0.572,100.7,100.5,83.75,100,0.34
0022301172,2024-04-12,1610612741,Chicago Bulls,1,1,0,1.0,48.0,121.3,120.6,119.0,121.0,2.4,-0.4,0.583,2.15,18.2,0.345,0.872,0.588,0.121,0.561,0.585,106.5,106.0,88.33,107,0.5
0022301174,2024-04-12,1610612739,Cleveland Cavaliers,1,1,0,1.0,48.0,122.7,126.5,113.6,116.5,9.2,10.0,0.56,2.55,19.4,0.292,0.727,0.5,0.108,0.595,0.614,105.4,102.5,85.42,102,0.504
0022301181,2024-04-12,1610612742,Dallas Mavericks,1,0,1,0.0,48.0,89.6,89.0,107.0,107.0,-17.4,-18.0,0.556,1.0,15.3,0.229,0.86,0.551,0.2,0.482,0.504,99.6,100.0,83.33,100,0.419
0022301180,2024-04-12,1610612743,Denver Nuggets,1,0,1,0.0,48.0,114.9,121.2,118.5,121.0,-3.5,0.2,0.633,3.44,22.3,0.204,0.659,0.419,0.091,0.572,0.592,103.3,99.5,82.92,99,0.486
0022301181,2024-04-12,1610612765,Detroit Pistons,1,1,0,1.0,48.0,107.0,107.0,89.6,89.0,17.4,18.0,0.5,3.29,17.7,0.14,0.771,0.449,0.07,0.526,0.541,99.6,100.0,83.33,100,0.581
0022301182,2024-04-12,1610612744,Golden State Warriors,1,0,1,0.0,48.0,108.7,107.9,112.8,111.8,-4.1,-3.8,0.675,1.69,19.3,0.245,0.88,0.566,0.158,0.541,0.572,100.6,101.5,84.58,101,0.498
0022301183,2024-04-12,1610612745,Houston Rockets,1,1,0,1.0,48.0,116.2,118.4,108.3,109.2,7.9,9.2,0.568,2.78,18.2,0.286,0.678,0.5,0.092,0.538,0.575,99.3,98.0,81.67,98,0.559
0022301174,2024-04-12,1610612754,Indiana Pacers,1,0,1,0.0,48.0,113.6,116.5,122.7,126.5,-9.2,-10.0,0.804,2.64,24.5,0.273,0.708,0.5,0.136,0.567,0.608,105.4,102.5,85.42,103,0.496
0022301184,2024-04-12,1610612746,LA Clippers,1,0,1,0.0,48.0,112.0,112.4,106.8,112.2,5.2,0.1,0.535,1.77,16.2,0.4,0.604,0.495,0.134,0.5,0.522,100.2,97.5,81.25,97,0.467
0022301177,2024-04-12,1610612747,Los Angeles Lakers,1,1,0,1.0,48.0,117.2,119.4,116.2,118.8,1.0,0.6,0.595,1.32,17.9,0.325,0.642,0.505,0.184,0.599,0.641,104.1,102.0,85.0,103,0.543
0022301177,2024-04-12,1610612763,Memphis Grizzlies,1,0,1,0.0,48.0,116.2,118.8,117.2,119.4,-1.0,-0.6,0.442,1.27,13.8,0.358,0.675,0.495,0.149,0.542,0.576,104.1,102.0,85.0,101,0.457
0022301176,2024-04-12,1610612748,Miami Heat,1,1,0,1.0,48.0,128.7,127.6,106.5,106.2,22.2,21.4,0.822,5.29,25.7,0.205,0.805,0.494,0.071,0.622,0.65,96.9,97.5,81.25,98,0.616
0022301179,2024-04-12,1610612749,Milwaukee Bucks,1,0,1,0.0,48.0,105.2,107.0,125.3,123.8,-20.1,-16.8,0.643,1.42,19.6,0.256,0.791,0.523,0.19,0.559,0.59,100.8,100.5,83.75,100,0.427
0022301178,2024-04-12,1610612750,Minnesota Timberwolves,1,1,0,1.0,48.0,110.4,105.8,99.1,105.0,11.3,0.9,0.763,2.07,20.7,0.178,0.722,0.475,0.136,0.544,0.594,102.9,102.0,85.0,103,0.606
0022301182,2024-04-12,1610612740,New Orleans Pelicans,1,1,0,1.0,48.0,112.8,111.8,108.7,107.9,4.1,3.8,0.571,2.67,18.2,0.12,0.755,0.434,0.088,0.578,0.587,100.6,101.5,84.58,102,0.502
0022301175,2024-04-12,1610612752,New York Knicks,1,1,0,1.0,48.0,122.0,123.3,121.1,120.2,0.9,3.1,0.553,4.2,17.1,0.283,0.595,0.432,0.056,0.542,0.59,89.7,89.5,74.58,90,0.525
0022301179,2024-04-12,1610612760,Oklahoma City Thunder,1,1,0,1.0,48.0,125.3,123.8,105.2,107.0,20.1,16.8,0.617,2.9,20.9,0.209,0.744,0.477,0.099,0.601,0.639,100.8,100.5,83.75,101,0.573
0022301171,2024-04-12,1610612753,Orlando Magic,1,0,1,0.0,48.0,105.6,108.7,118.7,121.4,-13.1,-12.7,0.581,2.27,17.4,0.273,0.776,0.51,0.106,0.495,0.533,106.2,103.5,86.25,104,0.468
0022301171,2024-04-12,1610612755,Philadelphia 76ers,1,1,0,1.0,48.0,118.7,121.4,105.6,108.7,13.1,12.7,0.524,1.69,16.2,0.224,0.727,0.49,0.126,0.58,0.623,106.2,103.5,86.25,103,0.532
0022301185,2024-04-12,1610612756,Phoenix Suns,1,1,0,1.0,48.0,111.9,114.9,112.4,113.8,-0.5,1.1,0.625,1.32,19.5,0.25,0.765,0.552,0.202,0.605,0.647,95.8,94.0,78.33,94,0.517
0022301183,2024-04-12,1610612757,Portland Trail Blazers,1,0,1,0.0,48.0,108.3,109.2,116.2,118.4,-7.9,-9.2,0.541,2.86,14.7,0.322,0.714,0.5,0.071,0.453,0.496,99.3,98.0,81.67,98,0.441
0022301185,2024-04-12,1610612758,Sacramento Kings,1,0,1,0.0,48.0,112.4,113.8,111.9,114.9,0.5,-1.1,0.65,3.71,19.7,0.235,0.75,0.448,0.074,0.516,0.551,95.8,94.0,78.33,94,0.483
0022301180,2024-04-12,1610612759,San Antonio Spurs,1,1,0,1.0,48.0,118.5,121.0,114.9,121.2,3.5,-0.2,0.689,1.72,21.2,0.341,0.796,0.581,0.18,0.618,0.636,103.3,99.5,82.92,100,0.514
0022301176,2024-04-12,1610612761,Toronto Raptors,1,0,1,0.0,48.0,106.5,106.2,128.7,127.6,-22.2,-21.4,0.622,1.35,18.0,0.195,0.795,0.506,0.175,0.545,0.594,96.9,97.5,81.25,97,0.384
0022301184,2024-04-12,1610612762,Utah Jazz,1,1,0,1.0,48.0,106.8,112.2,112.0,112.4,-5.2,-0.1,0.634,1.44,18.2,0.396,0.6,0.505,0.184,0.5,0.556,100.2,97.5,81.25,98,0.533
0022301172,2024-04-12,1610612764,Washington Wizards,1,0,1,0.0,48.0,119.0,121.0,121.3,120.6,-2.4,0.4,0.711,2.67,22.4,0.128,0.655,0.412,0.114,0.628,0.643,106.5,106.0,88.33,105,0.5
0022301188,2024-04-14,1610612737,Atlanta Hawks,1,0,1,0.0,48.0,105.6,107.5,144.8,146.7,-39.2,-39.3,0.641,1.47,17.2,0.255,0.667,0.425,0.159,0.506,0.57,108.6,107.0,89.17,107,0.351
0022301186,2024-04-14,1610612738,Boston Celtics,1,1,0,1.0,48.0,125.4,124.5,109.5,116.2,15.9,8.3,0.569,1.71,19.7,0.286,0.741,0.542,0.16,0.663,0.672,108.3,105.5,87.92,106,0.558
0022301192,2024-04-14,1610612751,Brooklyn Nets,1,0,1,0.0,48.0,86.4,86.9,103.3,107.0,-16.8,-20.1,0.594,1.46,15.3,0.113,0.672,0.405,0.131,0.44,0.475,101.5,99.5,82.92,99,0.403
0022301187,2024-04-14,1610612766,Charlotte Hornets,1,1,0,1.0,48.0,125.2,123.7,111.2,113.4,14.1,10.3,0.783,3.6,25.2,0.244,0.731,0.505,0.103,0.61,0.626,97.4,97.0,80.83,97,0.573
0022301190,2024-04-14,1610612741,Chicago Bulls,1,0,1,0.0,53.0,113.3,114.4,114.0,114.3,-0.7,0.1,0.51,2.08,17.4,0.296,0.604,0.441,0.115,0.525,0.551,95.2,94.64,78.87,104,0.489
0022301187,2024-04-14,1610612739,Cleveland Cavaliers,1,0,1,0.0,48.0,111.2,113.4,125.2,123.7,-14.1,-10.3,0.682,2.14,21.4,0.269,0.756,0.495,0.144,0.559,0.567,97.4,97.0,80.83,97,0.427
0022301196,2024-04-14,1610612742,Dallas Mavericks,1,0,1,0.0,48.0,80.0,81.9,125.0,127.4,-44.9,-45.5,0.594,1.27,13.6,0.235,0.689,0.416,0.143,0.371,0.412,107.8,105.5,87.92,105,0.246
0022301193,2024-04-14,1610612743,Denver Nuggets,1,1,0,1.0,48.0,123.0,122.3,105.8,107.8,17.2,14.6,0.696,1.78,21.1,0.391,0.667,0.544,0.175,0.584,0.627,103.7,103.0,85.83,103,0.605
0022301197,2024-04-14,1610612765,Detroit Pistons,1,0,1,0.0,48.0,91.5,94.1,124.0,123.0,-32.5,-28.9,0.472,1.21,12.7,0.276,0.727,0.471,0.139,0.435,0.471,101.5,100.5,83.75,101,0.341
0022301198,2024-04-14,1610612744,Golden State Warriors,1,1,0,1.0,48.0,121.6,123.0,113.7,116.0,8.0,7.0,0.778,3.89,23.3,0.294,0.667,0.475,0.09,0.553,0.591,101.6,100.0,83.33,100,0.571
0022301199,2024-04-14,1610612745,Houston Rockets,1,1,0,1.0,48.0,105.3,108.4,97.7,98.1,7.6,10.3,0.62,1.72,19.5,0.362,0.714,0.545,0.168,0.539,0.531,108.8,107.0,89.17,107,0.544
0022301188,2024-04-14,1610612754,Indiana Pacers,1,1,0,1.0,48.0,144.8,146.7,105.6,107.5,39.2,39.3,0.631,2.56,25.6,0.333,0.745,0.575,0.15,0.745,0.752,108.6,107.0,89.17,107,0.649
0022301199,2024-04-14,1610612746,LA Clippers,1,0,1,0.0,48.0,97.7,98.1,105.3,108.4,-7.6,-10.3,0.561,1.92,15.5,0.286,0.638,0.455,0.112,0.433,0.471,108.8,107.0,89.17,107,0.456
0022301195,2024-04-14,1610612747,Los Angeles Lakers,1,1,0,1.0,48.0,120.5,122.8,106.8,105.9,13.7,16.9,0.667,2.13,22.7,0.231,0.766,0.523,0.149,0.615,0.653,102.0,101.5,84.58,101,0.597
0022301193,2024-04-14,1610612763,Memphis Grizzlies,1,0,1,0.0,48.0,105.8,107.8,123.0,122.3,-17.2,-14.6,0.489,1.69,15.4,0.333,0.609,0.456,0.126,0.49,0.514,103.7,103.0,85.83,103,0.395
0022301189,2024-04-14,1610612748,Miami Heat,1,1,0,1.0,48.0,116.4,116.8,97.9,104.0,18.5,12.8,0.63,1.53,20.1,0.333,0.648,0.51,0.188,0.58,0.619,103.3,100.0,83.33,101,0.631
0022301191,2024-04-14,1610612749,Milwaukee Bucks,1,0,1,0.0,48.0,92.5,92.6,112.6,120.2,-20.1,-27.6,0.533,0.94,13.3,0.2,0.659,0.427,0.179,0.447,0.517,97.7,94.5,78.75,95,0.355
0022301194,2024-04-14,1610612750,Minnesota Timberwolves,1,0,1,0.0,48.0,110.8,114.0,133.1,133.0,-22.3,-19.0,0.611,0.92,17.2,0.4,0.634,0.526,0.258,0.579,0.634,94.8,93.5,77.92,93,0.423
0022301195,2024-04-14,1610612740,New Orleans Pelicans,1,0,1,0.0,48.0,106.8,105.9,120.5,122.8,-13.7,-16.9,0.634,1.37,18.7,0.234,0.769,0.477,0.186,0.564,0.586,102.0,101.5,84.58,102,0.403
0022301190,2024-04-14,1610612752,New York Knicks,1,1,0,1.0,53.0,114.0,114.3,113.3,114.4,0.7,-0.1,0.587,1.29,18.0,0.396,0.704,0.559,0.2,0.571,0.599,95.2,94.64,78.87,105,0.511
0022301196,2024-04-14,1610612760,Oklahoma City Thunder,1,1,0,1.0,48.0,125.0,127.4,80.0,81.9,44.9,45.5,0.704,2.53,24.2,0.311,0.765,0.584,0.142,0.629,0.649,107.8,105.5,87.92,106,0.754
0022301191,2024-04-14,1610612753,Orlando Magic,1,1,0,1.0,48.0,112.6,120.2,92.5,92.6,20.1,27.6,0.643,1.93,19.9,0.341,0.8,0.573,0.149,0.559,0.605,97.7,94.5,78.75,94,0.645
0022301192,2024-04-14,1610612755,Philadelphia 76ers,1,1,0,1.0,48.0,103.3,107.0,86.4,86.9,16.8,20.1,0.732,2.14,20.1,0.328,0.887,0.595,0.14,0.5,0.521,101.5,99.5,82.92,100,0.597
0022301194,2024-04-14,1610612756,Phoenix Suns,1,1,0,1.0,48.0,133.1,133.0,110.8,114.0,22.3,19.0,0.596,2.15,20.4,0.366,0.6,0.474,0.138,0.64,0.665,94.8,93.5,77.92,94,0.577
0022301200,2024-04-14,1610612757,Portland Trail Blazers,1,0,1,0.0,48.0,81.6,82.8,121.1,122.2,-39.5,-39.4,0.581,1.0,12.5,0.412,0.681,0.522,0.182,0.352,0.389,100.2,99.0,82.5,99,0.269
0022301200,2024-04-14,1610612758,Sacramento Kings,1,1,0,1.0,48.0,121.1,122.2,81.6,82.8,39.5,39.4,0.674,2.07,20.4,0.319,0.588,0.478,0.141,0.569,0.612,100.2,99.0,82.5,99,0.731
0022301197,2024-04-14,1610612759,San Antonio Spurs,1,1,0,1.0,48.0,124.0,123.0,91.5,94.1,32.5,28.9,0.673,2.36,22.8,0.273,0.724,0.529,0.14,0.621,0.633,101.5,100.5,83.75,100,0.659
0022301189,2024-04-14,1610612761,Toronto Raptors,1,0,1,0.0,48.0,97.9,104.0,116.4,116.8,-18.5,-12.8,0.605,1.21,16.3,0.352,0.667,0.49,0.192,0.472,0.519,103.3,100.0,83.33,99,0.369
0022301198,2024-04-14,1610612762,Utah Jazz,1,0,1,0.0,48.0,113.7,116.0,121.6,123.0,-8.0,-7.0,0.478,1.1,15.9,0.333,0.706,0.525,0.2,0.596,0.604,101.6,100.0,83.33,100,0.429
0022301186,2024-04-14,1610612764,Washington Wizards,1,0,1,0.0,48.0,109.5,116.2,125.4,124.5,-15.9,-8.3,0.673,2.75,21.7,0.259,0.714,0.458,0.114,0.544,0.568,108.3,105.5,87.92,105,0.442
