GAME_ID,TEAM_ID,TEAM_ABBREVIATION,GAME_DATE,PREV_CITY,CURRENT_CITY,DISTANCE_MILES,TRAVEL_DIRECTION,TIMEZONE_SHIFT_HOURS
0022300063,1610612737,ATL,2023-10-25,Atlanta,Charlotte,226.5,NE,0.0
0022300079,1610612737,ATL,2023-10-27,Charlotte,Atlanta,226.5,SW,0.0
0022300097,1610612737,ATL,2023-10-29,Atlanta,Milwaukee,669.3,N,-1.0
0022300104,1610612737,ATL,2023-10-30,Milwaukee,Atlanta,669.3,S,1.0
0022300117,1610612737,ATL,2023-11-01,Atlanta,Atlanta,0.0,,0.0
0022300135,1610612737,ATL,2023-11-04,Atlanta,New Orleans,424.8,SW,-1.0
0022300155,1610612737,ATL,2023-11-06,New Orleans,Oklahoma City,575.8,NW,0.0
0022300172,1610612737,ATL,2023-11-09,Oklahoma City,Orlando,1057.5,E,1.0
0022300175,1610612737,ATL,2023-11-11,Orlando,Atlanta,402.1,NW,0.0
0022300018,1610612737,ATL,2023-11-14,Atlanta,Detroit,597.5,N,0.0
0022300193,1610612737,ATL,2023-11-15,Detroit,Atlanta,597.5,S,0.0
0022300029,1610612737,ATL,2023-11-17,Atlanta,Atlanta,0.0,,0.0
0022300039,1610612737,ATL,2023-11-21,Atlanta,Atlanta,0.0,,0.0
0022300227,1610612737,ATL,2023-11-22,Atlanta,Atlanta,0.0,,0.0
0022300241,1610612737,ATL,2023-11-25,Atlanta,Washington,542.5,NE,0.0
0022300246,1610612737,ATL,2023-11-26,Washington,Boston,393.6,NE,0.0
0022300055,1610612737,ATL,2023-11-28,Boston,Cleveland,549.1,W,0.0
0022300272,1610612737,ATL,2023-11-30,Cleveland,San Antonio,1254.4,SW,-1.0
0022300286,1610612737,ATL,2023-12-02,San Antonio,Milwaukee,1106.6,NE,0.0
0022301209,1610612737,ATL,2023-12-06,Milwaukee,Atlanta,669.3,S,1.0
0022301218,1610612737,ATL,2023-12-08,Atlanta,Philadelphia,663.0,NE,0.0
0022300296,1610612737,ATL,2023-12-11,Philadelphia,Atlanta,663.0,SW,0.0
0022300313,1610612737,ATL,2023-12-13,Atlanta,Toronto,734.3,N,0.0
0022300330,1610612737,ATL,2023-12-15,Toronto,Toronto,0.0,,0.0
0022300336,1610612737,ATL,2023-12-16,Toronto,Cleveland,189.2,SW,0.0
0022300352,1610612737,ATL,2023-12-18,Cleveland,Atlanta,554.8,S,0.0
0022300371,1610612737,ATL,2023-12-20,Atlanta,Houston,700.7,W,-1.0
0022300384,1610612737,ATL,2023-12-22,Houston,Miami,966.6,E,1.0
0022300393,1610612737,ATL,2023-12-23,Miami,Atlanta,606.0,NW,0.0
0022300408,1610612737,ATL,2023-12-26,Atlanta,Chicago,589.0,N,-1.0
0022300431,1610612737,ATL,2023-12-29,Chicago,Atlanta,589.0,S,1.0
0022300445,1610612737,ATL,2023-12-31,Atlanta,Washington,542.5,NE,0.0
0022300467,1610612737,ATL,2024-01-03,Washington,Atlanta,542.5,SW,0.0
0022300480,1610612737,ATL,2024-01-05,Atlanta,Indianapolis,426.3,N,0.0
0022300499,1610612737,ATL,2024-01-07,Indianapolis,Orlando,821.8,S,0.0
0022300521,1610612737,ATL,2024-01-10,Orlando,Atlanta,402.1,NW,0.0
0022300533,1610612737,ATL,2024-01-12,Atlanta,Atlanta,0.0,,0.0
0022300543,1610612737,ATL,2024-01-13,Atlanta,Atlanta,0.0,,0.0
0022300559,1610612737,ATL,2024-01-15,Atlanta,Atlanta,0.0,,0.0
0022300570,1610612737,ATL,2024-01-17,Atlanta,Atlanta,0.0,,0.0
0022300587,1610612737,ATL,2024-01-19,Atlanta,Miami,606.0,SE,0.0
0022300595,1610612737,ATL,2024-01-20,Miami,Atlanta,606.0,NW,0.0
0022300613,1610612737,ATL,2024-01-22,Atlanta,Sacramento,2081.9,W,-3.0
0022300626,1610612737,ATL,2024-01-24,Sacramento,San Francisco,74.0,SW,0.0
0022300634,1610612737,ATL,2024-01-26,San Francisco,Atlanta,2133.3,E,3.0
0022300653,1610612737,ATL,2024-01-28,Atlanta,Atlanta,0.0,,0.0
0022300669,1610612737,ATL,2024-01-30,Atlanta,Atlanta,0.0,,0.0
0022300690,1610612737,ATL,2024-02-02,Atlanta,Atlanta,0.0,,0.0
0022300699,1610612737,ATL,2024-02-03,Atlanta,Atlanta,0.0,,0.0
0022300716,1610612737,ATL,2024-02-05,Atlanta,Atlanta,0.0,,0.0
0022300729,1610612737,ATL,2024-02-07,Atlanta,Boston,936.1,NE,0.0
0022300742,1610612737,ATL,2024-02-09,Boston,Philadelphia,273.4,SW,0.0
0022300754,1610612737,ATL,2024-02-10,Philadelphia,Atlanta,663.0,SW,0.0
0022300763,1610612737,ATL,2024-02-12,Atlanta,Atlanta,0.0,,0.0
0022300777,1610612737,ATL,2024-02-14,Atlanta,Charlotte,226.5,NE,0.0
0022300804,1610612737,ATL,2024-02-23,Charlotte,Atlanta,226.5,SW,0.0
0022300821,1610612737,ATL,2024-02-25,Atlanta,Atlanta,0.0,,0.0
0022300835,1610612737,ATL,2024-02-27,Atlanta,Atlanta,0.0,,0.0
0022300851,1610612737,ATL,2024-02-29,Atlanta,Brooklyn,745.8,NE,0.0
0022300866,1610612737,ATL,2024-03-02,Brooklyn,Brooklyn,0.0,,0.0
0022300889,1610612737,ATL,2024-03-05,Brooklyn,New York,4.8,N,0.0
0022300895,1610612737,ATL,2024-03-06,New York,Atlanta,747.9,SW,0.0
0022300913,1610612737,ATL,2024-03-08,Atlanta,Memphis,335.9,W,-1.0
0022300925,1610612737,ATL,2024-03-10,Memphis,Atlanta,335.9,E,1.0
0022300953,1610612737,ATL,2024-03-13,Atlanta,Portland,2167.7,NW,-3.0
0022300966,1610612737,ATL,2024-03-15,Portland,Salt Lake City,633.9,SE,1.0
0022300982,1610612737,ATL,2024-03-17,Salt Lake City,Inglewood,589.0,SW,-1.0
0022300990,1610612737,ATL,2024-03-18,Inglewood,Los Angeles,8.0,NE,0.0
0022301010,1610612737,ATL,2024-03-21,Los Angeles,Phoenix,358.3,E,0.0
0022301021,1610612737,ATL,2024-03-23,Phoenix,Atlanta,1588.0,E,3.0
0022301034,1610612737,ATL,2024-03-25,Atlanta,Atlanta,0.0,,0.0
0022301051,1610612737,ATL,2024-03-27,Atlanta,Atlanta,0.0,,0.0
0022301060,1610612737,ATL,2024-03-28,Atlanta,Atlanta,0.0,,0.0
0022301076,1610612737,ATL,2024-03-30,Atlanta,Atlanta,0.0,,0.0
0022301091,1610612737,ATL,2024-04-01,Atlanta,Chicago,589.0,N,-1.0
0022301104,1610612737,ATL,2024-04-03,Chicago,Atlanta,589.0,S,1.0
0022301124,1610612737,ATL,2024-04-04,Atlanta,Dallas,719.8,W,-1.0
0022301130,1610612737,ATL,2024-04-06,Dallas,Denver,662.5,NW,-1.0
0022301147,1610612737,ATL,2024-04-09,Denver,Atlanta,1210.4,E,2.0
0022301159,1610612737,ATL,2024-04-10,Atlanta,Atlanta,0.0,,0.0
0022301178,1610612737,ATL,2024-04-12,Atlanta,Minneapolis,907.7,NW,-1.0
0022301188,1610612737,ATL,2024-04-14,Minneapolis,Indianapolis,511.4,SE,1.0
0022300065,1610612738,BOS,2023-10-25,Boston,New York,188.2,SW,0.0
0022300080,1610612738,BOS,2023-10-27,New York,Boston,188.2,NE,0.0
0022300103,1610612738,BOS,2023-10-30,Boston,Washington,393.6,SW,0.0
0022300118,1610612738,BOS,2023-11-01,Washington,Boston,393.6,NE,0.0
0022300136,1610612738,BOS,2023-11-04,Boston,Brooklyn,190.4,SW,0.0
0022300154,1610612738,BOS,2023-11-06,Brooklyn,Minneapolis,1019.2,NW,-1.0
0022300159,1610612738,BOS,2023-11-08,Minneapolis,Philadelphia,984.9,E,1.0
0022300010,1610612738,BOS,2023-11-10,Philadelphia,Boston,273.4,NE,0.0
0022300174,1610612738,BOS,2023-11-11,Boston,Boston,0.0,,0.0
0022300188,1610612738,BOS,2023-11-13,Boston,Boston,0.0,,0.0
0022300194,1610612738,BOS,2023-11-15,Boston,Philadelphia,273.4,SW,0.0
0022300031,1610612738,BOS,2023-11-17,Philadelphia,Toronto,337.3,NW,0.0
0022300213,1610612738,BOS,2023-11-19,Toronto,Memphis,817.2,SW,-1.0
0022300217,1610612738,BOS,2023-11-20,Memphis,Charlotte,520.0,E,1.0
0022300228,1610612738,BOS,2023-11-22,Charlotte,Boston,720.7,NE,0.0
0022300043,1610612738,BOS,2023-11-24,Boston,Orlando,1116.1,SW,0.0
0022300246,1610612738,BOS,2023-11-26,Orlando,Boston,1116.1,NE,0.0
0022300053,1610612738,BOS,2023-11-28,Boston,Boston,0.0,,0.0
0022300275,1610612738,BOS,2023-12-01,Boston,Boston,0.0,,0.0
0022301202,1610612738,BOS,2023-12-04,Boston,Indianapolis,805.4,W,0.0
0022301227,1610612738,BOS,2023-12-08,Indianapolis,Boston,805.4,E,0.0
0022300305,1610612738,BOS,2023-12-12,Boston,Boston,0.0,,0.0
0022300319,1610612738,BOS,2023-12-14,Boston,Boston,0.0,,0.0
0022300329,1610612738,BOS,2023-12-15,Boston,Boston,0.0,,0.0
0022300344,1610612738,BOS,2023-12-17,Boston,Boston,0.0,,0.0
0022300362,1610612738,BOS,2023-12-19,Boston,San Francisco,2691.2,W,-3.0
0022300373,1610612738,BOS,2023-12-20,San Francisco,Sacramento,74.0,NE,0.0
0022300389,1610612738,BOS,2023-12-23,Sacramento,Inglewood,365.3,SE,0.0
0022300403,1610612738,BOS,2023-12-25,Inglewood,Los Angeles,8.0,NE,0.0
0022300421,1610612738,BOS,2023-12-28,Los Angeles,Boston,2592.2,NE,3.0
0022300432,1610612738,BOS,2023-12-29,Boston,Boston,0.0,,0.0
0022300448,1610612738,BOS,2023-12-31,Boston,San Antonio,1762.3,W,-1.0
0022300462,1610612738,BOS,2024-01-02,San Antonio,Oklahoma City,420.5,N,0.0
0022300479,1610612738,BOS,2024-01-05,Oklahoma City,Boston,1492.8,NE,1.0
0022300493,1610612738,BOS,2024-01-06,Boston,Indianapolis,805.4,W,0.0
0022300507,1610612738,BOS,2024-01-08,Indianapolis,Indianapolis,0.0,,0.0
0022300517,1610612738,BOS,2024-01-10,Indianapolis,Boston,805.4,E,0.0
0022300528,1610612738,BOS,2024-01-11,Boston,Milwaukee,855.6,W,-1.0
0022300542,1610612738,BOS,2024-01-13,Milwaukee,Boston,855.6,E,1.0
0022300563,1610612738,BOS,2024-01-15,Boston,Toronto,429.2,W,0.0
0022300571,1610612738,BOS,2024-01-17,Toronto,Boston,429.2,E,0.0
0022300586,1610612738,BOS,2024-01-19,Boston,Boston,0.0,,0.0
0022300603,1610612738,BOS,2024-01-21,Boston,Houston,1604.1,SW,-1.0
0022300611,1610612738,BOS,2024-01-22,Houston,Dallas,226.8,N,0.0
0022300630,1610612738,BOS,2024-01-25,Dallas,Miami,1110.8,E,1.0
0022300646,1610612738,BOS,2024-01-27,Miami,Boston,1257.4,N,0.0
0022300659,1610612738,BOS,2024-01-29,Boston,Boston,0.0,,0.0
0022300670,1610612738,BOS,2024-01-30,Boston,Boston,0.0,,0.0
0022300684,1610612738,BOS,2024-02-01,Boston,Boston,0.0,,0.0
0022300706,1610612738,BOS,2024-02-04,Boston,Boston,0.0,,0.0
0022300729,1610612738,BOS,2024-02-07,Boston,Boston,0.0,,0.0
0022300743,1610612738,BOS,2024-02-09,Boston,Boston,0.0,,0.0
0022300759,1610612738,BOS,2024-02-11,Boston,Miami,1257.4,SW,0.0
0022300771,1610612738,BOS,2024-02-13,Miami,Brooklyn,1089.6,N,0.0
0022300780,1610612738,BOS,2024-02-14,Brooklyn,Boston,190.4,NE,0.0
0022300797,1610612738,BOS,2024-02-22,Boston,Chicago,850.6,W,-1.0
0022300816,1610612738,BOS,2024-02-24,Chicago,New York,713.5,E,1.0
0022300836,1610612738,BOS,2024-02-27,New York,Boston,188.2,NE,0.0
0022300859,1610612738,BOS,2024-03-01,Boston,Boston,0.0,,0.0
0022300872,1610612738,BOS,2024-03-03,Boston,Boston,0.0,,0.0
0022300886,1610612738,BOS,2024-03-05,Boston,Cleveland,549.1,W,0.0
0022300906,1610612738,BOS,2024-03-07,Cleveland,Denver,1225.2,W,-2.0
0022300920,1610612738,BOS,2024-03-09,Denver,Phoenix,585.4,SW,0.0
0022300938,1610612738,BOS,2024-03-11,Phoenix,Portland,1006.3,NW,0.0
0022300943,1610612738,BOS,2024-03-12,Portland,Salt Lake City,633.9,SE,1.0
0022300955,1610612738,BOS,2024-03-14,Salt Lake City,Boston,2093.7,E,2.0
0022300980,1610612738,BOS,2024-03-17,Boston,Washington,393.6,SW,0.0
0022300984,1610612738,BOS,2024-03-18,Washington,Boston,393.6,NE,0.0
0022300998,1610612738,BOS,2024-03-20,Boston,Boston,0.0,,0.0
0022301011,1610612738,BOS,2024-03-22,Boston,Detroit,611.9,W,0.0
0022301023,1610612738,BOS,2024-03-23,Detroit,Chicago,238.9,W,-1.0
0022301034,1610612738,BOS,2024-03-25,Chicago,Atlanta,589.0,S,1.0
0022301060,1610612738,BOS,2024-03-28,Atlanta,Atlanta,0.0,,0.0
0022301074,1610612738,BOS,2024-03-30,Atlanta,New Orleans,424.8,SW,-1.0
0022301087,1610612738,BOS,2024-04-01,New Orleans,Charlotte,649.5,NE,1.0
0022301105,1610612738,BOS,2024-04-03,Charlotte,Boston,720.7,NE,0.0
0022301118,1610612738,BOS,2024-04-05,Boston,Boston,0.0,,0.0
0022301134,1610612738,BOS,2024-04-07,Boston,Boston,0.0,,0.0
0022301148,1610612738,BOS,2024-04-09,Boston,Milwaukee,855.6,W,-1.0
0022301167,1610612738,BOS,2024-04-11,Milwaukee,Boston,855.6,E,1.0
0022301173,1610612738,BOS,2024-04-12,Boston,Boston,0.0,,0.0
0022301186,1610612738,BOS,2024-04-14,Boston,Boston,0.0,,0.0
0022300067,1610612739,CLE,2023-10-25,Cleveland,Brooklyn,405.4,E,0.0
0022300081,1610612739,CLE,2023-10-27,Brooklyn,Cleveland,405.4,W,0.0
0022300091,1610612739,CLE,2023-10-28,Cleveland,Cleveland,0.0,,0.0
0022300112,1610612739,CLE,2023-10-31,Cleveland,Cleveland,0.0,,0.0
0022300120,1610612739,CLE,2023-11-01,Cleveland,New York,403.7,E,0.0
0022300001,1610612739,CLE,2023-11-03,New York,Indianapolis,644.4,W,0.0
0022300142,1610612739,CLE,2023-11-05,Indianapolis,Cleveland,263.0,NE,0.0
0022300167,1610612739,CLE,2023-11-08,Cleveland,Oklahoma City,950.2,W,-1.0
0022300176,1610612739,CLE,2023-11-11,Oklahoma City,San Francisco,1384.4,W,-2.0
0022300191,1610612739,CLE,2023-11-13,San Francisco,Sacramento,74.0,NE,0.0
0022300199,1610612739,CLE,2023-11-15,Sacramento,Portland,484.0,N,0.0
0022300030,1610612739,CLE,2023-11-17,Portland,Cleveland,2049.6,E,3.0
0022300210,1610612739,CLE,2023-11-19,Cleveland,Cleveland,0.0,,0.0
0022300040,1610612739,CLE,2023-11-21,Cleveland,Philadelphia,358.6,E,0.0
0022300229,1610612739,CLE,2023-11-22,Philadelphia,Cleveland,358.6,W,0.0
0022300242,1610612739,CLE,2023-11-25,Cleveland,Cleveland,0.0,,0.0
0022300251,1610612739,CLE,2023-11-26,Cleveland,Cleveland,0.0,,0.0
0022300055,1610612739,CLE,2023-11-28,Cleveland,Cleveland,0.0,,0.0
0022300265,1610612739,CLE,2023-11-30,Cleveland,Cleveland,0.0,,0.0
0022300283,1610612739,CLE,2023-12-02,Cleveland,Detroit,91.3,NW,0.0
0022301205,1610612739,CLE,2023-12-06,Detroit,Cleveland,91.3,SE,0.0
0022301220,1610612739,CLE,2023-12-08,Cleveland,Miami,1089.2,S,0.0
0022300294,1610612739,CLE,2023-12-11,Miami,Orlando,204.3,N,0.0
0022300305,1610612739,CLE,2023-12-12,Orlando,Boston,1116.1,NE,0.0
0022300319,1610612739,CLE,2023-12-14,Boston,Boston,0.0,,0.0
0022300336,1610612739,CLE,2023-12-16,Boston,Cleveland,549.1,W,0.0
0022300349,1610612739,CLE,2023-12-18,Cleveland,Cleveland,0.0,,0.0
0022300364,1610612739,CLE,2023-12-20,Cleveland,Cleveland,0.0,,0.0
0022300375,1610612739,CLE,2023-12-21,Cleveland,Cleveland,0.0,,0.0
0022300396,1610612739,CLE,2023-12-23,Cleveland,Chicago,309.9,W,-1.0
0022300420,1610612739,CLE,2023-12-27,Chicago,Dallas,803.0,SW,0.0
0022300433,1610612739,CLE,2023-12-29,Dallas,Cleveland,1024.9,NE,1.0
0022300452,1610612739,CLE,2024-01-01,Cleveland,Toronto,189.2,NE,0.0
0022300465,1610612739,CLE,2024-01-03,Toronto,Cleveland,189.2,SW,0.0
0022300482,1610612739,CLE,2024-01-05,Cleveland,Cleveland,0.0,,0.0
0022300497,1610612739,CLE,2024-01-07,Cleveland,Cleveland,0.0,,0.0
0022300527,1610612739,CLE,2024-01-11,Cleveland,Cleveland,0.0,,0.0
0022300561,1610612739,CLE,2024-01-15,Cleveland,Cleveland,0.0,,0.0
0022300572,1610612739,CLE,2024-01-17,Cleveland,Cleveland,0.0,,0.0
0022300595,1610612739,CLE,2024-01-20,Cleveland,Atlanta,554.8,S,0.0
0022300607,1610612739,CLE,2024-01-22,Atlanta,Orlando,402.1,SE,0.0
0022300624,1610612739,CLE,2024-01-24,Orlando,Milwaukee,1066.2,N,-1.0
0022300639,1610612739,CLE,2024-01-26,Milwaukee,Milwaukee,0.0,,0.0
0022300658,1610612739,CLE,2024-01-29,Milwaukee,Cleveland,335.9,E,1.0
0022300675,1610612739,CLE,2024-01-31,Cleveland,Cleveland,0.0,,0.0
0022300687,1610612739,CLE,2024-02-01,Cleveland,Memphis,630.7,SW,-1.0
0022300703,1610612739,CLE,2024-02-03,Memphis,San Antonio,628.6,SW,0.0
0022300714,1610612739,CLE,2024-02-05,San Antonio,Cleveland,1254.4,NE,1.0
0022300728,1610612739,CLE,2024-02-07,Cleveland,Washington,304.7,SE,0.0
0022300735,1610612739,CLE,2024-02-08,Washington,Brooklyn,203.3,NE,0.0
0022300756,1610612739,CLE,2024-02-10,Brooklyn,Toronto,344.0,NW,0.0
0022300762,1610612739,CLE,2024-02-12,Toronto,Cleveland,189.2,SW,0.0
0022300781,1610612739,CLE,2024-02-14,Cleveland,Cleveland,0.0,,0.0
0022300792,1610612739,CLE,2024-02-22,Cleveland,Cleveland,0.0,,0.0
0022300805,1610612739,CLE,2024-02-23,Cleveland,Philadelphia,358.6,E,0.0
0022300820,1610612739,CLE,2024-02-25,Philadelphia,Washington,120.6,SW,0.0
0022300832,1610612739,CLE,2024-02-27,Washington,Cleveland,304.7,NW,0.0
0022300846,1610612739,CLE,2024-02-28,Cleveland,Chicago,309.9,W,-1.0
0022300857,1610612739,CLE,2024-03-01,Chicago,Detroit,238.9,E,1.0
0022300876,1610612739,CLE,2024-03-03,Detroit,Cleveland,91.3,SE,0.0
0022300886,1610612739,CLE,2024-03-05,Cleveland,Cleveland,0.0,,0.0
0022300895,1610612739,CLE,2024-03-06,Cleveland,Atlanta,554.8,S,0.0
0022300911,1610612739,CLE,2024-03-08,Atlanta,Cleveland,554.8,N,0.0
0022300930,1610612739,CLE,2024-03-10,Cleveland,Cleveland,0.0,,0.0
0022300934,1610612739,CLE,2024-03-11,Cleveland,Cleveland,0.0,,0.0
0022300951,1610612739,CLE,2024-03-13,Cleveland,New Orleans,925.3,SW,-1.0
0022300967,1610612739,CLE,2024-03-16,New Orleans,Houston,316.7,W,0.0
0022300983,1610612739,CLE,2024-03-18,Houston,Indianapolis,866.0,NE,1.0
0022300996,1610612739,CLE,2024-03-20,Indianapolis,Cleveland,263.0,NE,0.0
0022301014,1610612739,CLE,2024-03-22,Cleveland,Minneapolis,630.2,NW,-1.0
0022301029,1610612739,CLE,2024-03-24,Minneapolis,Miami,1513.1,SE,1.0
0022301033,1610612739,CLE,2024-03-25,Miami,Cleveland,1089.2,N,0.0
0022301048,1610612739,CLE,2024-03-27,Cleveland,Charlotte,435.7,S,0.0
0022301067,1610612739,CLE,2024-03-29,Charlotte,Cleveland,435.7,N,0.0
0022301077,1610612739,CLE,2024-03-31,Cleveland,Denver,1225.2,W,-2.0
0022301100,1610612739,CLE,2024-04-02,Denver,Salt Lake City,370.1,W,0.0
0022301110,1610612739,CLE,2024-04-03,Salt Lake City,Phoenix,506.0,S,-1.0
0022301127,1610612739,CLE,2024-04-06,Phoenix,Los Angeles,358.3,W,0.0
0022301132,1610612739,CLE,2024-04-07,Los Angeles,Inglewood,8.0,SW,0.0
0022301158,1610612739,CLE,2024-04-10,Inglewood,Cleveland,2053.4,NE,3.0
0022301174,1610612739,CLE,2024-04-12,Cleveland,Cleveland,0.0,,0.0
0022301187,1610612739,CLE,2024-04-14,Cleveland,Cleveland,0.0,,0.0
0022300071,1610612740,NOP,2023-10-25,New Orleans,Memphis,358.5,N,0.0
0022300090,1610612740,NOP,2023-10-28,Memphis,New Orleans,358.5,S,0.0
0022300108,1610612740,NOP,2023-10-30,New Orleans,New Orleans,0.0,,0.0
0022300121,1610612740,NOP,2023-11-01,New Orleans,Oklahoma City,575.8,NW,0.0
0022300129,1610612740,NOP,2023-11-02,Oklahoma City,New Orleans,575.8,SE,0.0
0022300135,1610612740,NOP,2023-11-04,New Orleans,New Orleans,0.0,,0.0
0022300156,1610612740,NOP,2023-11-06,New Orleans,Denver,1081.3,NW,-1.0
0022300166,1610612740,NOP,2023-11-08,Denver,Minneapolis,698.5,NE,1.0
0022300011,1610612740,NOP,2023-11-10,Minneapolis,Houston,1058.3,S,0.0
0022300183,1610612740,NOP,2023-11-12,Houston,New Orleans,316.7,E,0.0
0022300022,1610612740,NOP,2023-11-14,New Orleans,New Orleans,0.0,,0.0
0022300034,1610612740,NOP,2023-11-17,New Orleans,New Orleans,0.0,,0.0
0022300203,1610612740,NOP,2023-11-18,New Orleans,New Orleans,0.0,,0.0
0022300222,1610612740,NOP,2023-11-20,New Orleans,New Orleans,0.0,,0.0
0022300233,1610612740,NOP,2023-11-22,New Orleans,New Orleans,0.0,,0.0
0022300052,1610612740,NOP,2023-11-24,New Orleans,Inglewood,1674.3,W,-2.0
0022300243,1610612740,NOP,2023-11-25,Inglewood,Salt Lake City,589.0,NE,1.0
0022300256,1610612740,NOP,2023-11-27,Salt Lake City,Salt Lake City,0.0,,0.0
0022300262,1610612740,NOP,2023-11-29,Salt Lake City,New Orleans,1432.8,SE,1.0
0022300278,1610612740,NOP,2023-12-01,New Orleans,New Orleans,0.0,,0.0
0022300285,1610612740,NOP,2023-12-02,New Orleans,Chicago,835.2,N,0.0
0022301204,1610612740,NOP,2023-12-04,Chicago,Sacramento,1787.1,W,-2.0
0022301230,1610612740,NOP,2023-12-07,Sacramento,Los Angeles,361.4,SE,0.0
0022300301,1610612740,NOP,2023-12-11,Los Angeles,New Orleans,1670.2,E,2.0
0022300311,1610612740,NOP,2023-12-13,New Orleans,Washington,965.9,NE,1.0
0022300326,1610612740,NOP,2023-12-15,Washington,Charlotte,329.7,SW,0.0
0022300345,1610612740,NOP,2023-12-17,Charlotte,San Antonio,1100.8,W,-1.0
0022300360,1610612740,NOP,2023-12-19,San Antonio,New Orleans,502.7,E,0.0
0022300375,1610612740,NOP,2023-12-21,New Orleans,Cleveland,925.3,NE,1.0
0022300392,1610612740,NOP,2023-12-23,Cleveland,New Orleans,925.3,SW,-1.0
0022300410,1610612740,NOP,2023-12-26,New Orleans,New Orleans,0.0,,0.0
0022300424,1610612740,NOP,2023-12-28,New Orleans,New Orleans,0.0,,0.0
0022300446,1610612740,NOP,2023-12-31,New Orleans,New Orleans,0.0,,0.0
0022300461,1610612740,NOP,2024-01-02,New Orleans,New Orleans,0.0,,0.0
0022300471,1610612740,NOP,2024-01-03,New Orleans,Minneapolis,1053.0,N,0.0
0022300486,1610612740,NOP,2024-01-05,Minneapolis,New Orleans,1053.0,S,0.0
0022300500,1610612740,NOP,2024-01-07,New Orleans,Sacramento,1879.8,NW,-2.0
0022300525,1610612740,NOP,2024-01-10,Sacramento,San Francisco,74.0,SW,0.0
0022300539,1610612740,NOP,2024-01-12,San Francisco,Denver,944.8,E,1.0
0022300547,1610612740,NOP,2024-01-13,Denver,Dallas,662.5,SE,1.0
0022300556,1610612740,NOP,2024-01-15,Dallas,Dallas,0.0,,0.0
0022300575,1610612740,NOP,2024-01-17,Dallas,New Orleans,442.7,SE,0.0
0022300588,1610612740,NOP,2024-01-19,New Orleans,New Orleans,0.0,,0.0
0022300616,1610612740,NOP,2024-01-23,New Orleans,New Orleans,0.0,,0.0
0022300640,1610612740,NOP,2024-01-26,New Orleans,New Orleans,0.0,,0.0
0022300648,1610612740,NOP,2024-01-27,New Orleans,Milwaukee,912.7,N,0.0
0022300659,1610612740,NOP,2024-01-29,Milwaukee,Boston,855.6,E,1.0
0022300679,1610612740,NOP,2024-01-31,Boston,Houston,1604.1,SW,-1.0
0022300696,1610612740,NOP,2024-02-02,Houston,San Antonio,186.1,W,0.0
0022300718,1610612740,NOP,2024-02-05,San Antonio,New Orleans,502.7,E,0.0
0022300731,1610612740,NOP,2024-02-07,New Orleans,Inglewood,1674.3,W,-2.0
0022300747,1610612740,NOP,2024-02-09,Inglewood,Los Angeles,8.0,NE,0.0
0022300758,1610612740,NOP,2024-02-10,Los Angeles,Portland,827.1,N,0.0
0022300766,1610612740,NOP,2024-02-12,Portland,Memphis,1845.9,E,2.0
0022300784,1610612740,NOP,2024-02-14,Memphis,New Orleans,358.5,S,0.0
0022300798,1610612740,NOP,2024-02-22,New Orleans,New Orleans,0.0,,0.0
0022300810,1610612740,NOP,2024-02-23,New Orleans,New Orleans,0.0,,0.0
0022300823,1610612740,NOP,2024-02-25,New Orleans,New Orleans,0.0,,0.0
0022300837,1610612740,NOP,2024-02-27,New Orleans,New York,1171.0,NE,1.0
0022300843,1610612740,NOP,2024-02-28,New York,Indianapolis,644.4,W,0.0
0022300863,1610612740,NOP,2024-03-01,Indianapolis,New Orleans,713.6,S,-1.0
0022300890,1610612740,NOP,2024-03-05,New Orleans,Toronto,1114.1,NE,1.0
0022300909,1610612740,NOP,2024-03-08,Toronto,Philadelphia,337.3,SE,0.0
0022300925,1610612740,NOP,2024-03-10,Philadelphia,Atlanta,663.0,SW,0.0
0022300951,1610612740,NOP,2024-03-13,Atlanta,New Orleans,424.8,SW,-1.0
0022300964,1610612740,NOP,2024-03-15,New Orleans,New Orleans,0.0,,0.0
0022300970,1610612740,NOP,2024-03-16,New Orleans,New Orleans,0.0,,0.0
0022300993,1610612740,NOP,2024-03-19,New Orleans,Brooklyn,1169.1,NE,1.0
0022301004,1610612740,NOP,2024-03-21,Brooklyn,Orlando,938.0,SW,0.0
0022301013,1610612740,NOP,2024-03-22,Orlando,Miami,204.3,S,0.0
0022301027,1610612740,NOP,2024-03-24,Miami,Detroit,1155.7,N,0.0
0022301046,1610612740,NOP,2024-03-26,Detroit,New Orleans,940.9,SW,-1.0
0022301061,1610612740,NOP,2024-03-28,New Orleans,New Orleans,0.0,,0.0
0022301074,1610612740,NOP,2024-03-30,New Orleans,New Orleans,0.0,,0.0
0022301092,1610612740,NOP,2024-04-01,New Orleans,New Orleans,0.0,,0.0
0022301109,1610612740,NOP,2024-04-03,New Orleans,New Orleans,0.0,,0.0
0022301123,1610612740,NOP,2024-04-05,New Orleans,New Orleans,0.0,,0.0
0022301138,1610612740,NOP,2024-04-07,New Orleans,Phoenix,1312.5,W,-2.0
0022301157,1610612740,NOP,2024-04-09,Phoenix,Portland,1006.3,NW,0.0
0022301170,1610612740,NOP,2024-04-11,Portland,Sacramento,484.0,S,0.0
0022301182,1610612740,NOP,2024-04-12,Sacramento,San Francisco,74.0,SW,0.0
0022301195,1610612740,NOP,2024-04-14,San Francisco,New Orleans,1920.0,E,2.0
0022300070,1610612741,CHI,2023-10-25,Chicago,Chicago,0.0,,0.0
0022300082,1610612741,CHI,2023-10-27,Chicago,Chicago,0.0,,0.0
0022300088,1610612741,CHI,2023-10-28,Chicago,Detroit,238.9,E,1.0
0022300102,1610612741,CHI,2023-10-30,Detroit,Indianapolis,240.4,SW,0.0
0022300124,1610612741,CHI,2023-11-01,Indianapolis,Dallas,763.5,SW,-1.0
0022300004,1610612741,CHI,2023-11-03,Dallas,Chicago,803.0,NE,0.0
0022300139,1610612741,CHI,2023-11-04,Chicago,Denver,916.7,W,-1.0
0022300152,1610612741,CHI,2023-11-06,Denver,Chicago,916.7,E,1.0
0022300162,1610612741,CHI,2023-11-08,Chicago,Chicago,0.0,,0.0
0022300181,1610612741,CHI,2023-11-12,Chicago,Chicago,0.0,,0.0
0022300190,1610612741,CHI,2023-11-13,Chicago,Milwaukee,81.4,N,0.0
0022300196,1610612741,CHI,2023-11-15,Milwaukee,Chicago,81.4,S,0.0
0022300033,1610612741,CHI,2023-11-17,Chicago,Chicago,0.0,,0.0
0022300204,1610612741,CHI,2023-11-18,Chicago,Chicago,0.0,,0.0
0022300220,1610612741,CHI,2023-11-20,Chicago,Chicago,0.0,,0.0
0022300234,1610612741,CHI,2023-11-22,Chicago,Oklahoma City,690.9,SW,0.0
0022300046,1610612741,CHI,2023-11-24,Oklahoma City,Toronto,1115.8,NE,1.0
0022300250,1610612741,CHI,2023-11-26,Toronto,Brooklyn,344.0,SE,0.0
0022300053,1610612741,CHI,2023-11-28,Brooklyn,Boston,190.4,NE,0.0
0022300269,1610612741,CHI,2023-11-30,Boston,Chicago,850.6,W,-1.0
0022300285,1610612741,CHI,2023-12-02,Chicago,Chicago,0.0,,0.0
0022301211,1610612741,CHI,2023-12-06,Chicago,Chicago,0.0,,0.0
0022301223,1610612741,CHI,2023-12-08,Chicago,San Antonio,1049.5,SW,0.0
0022300300,1610612741,CHI,2023-12-11,San Antonio,Milwaukee,1106.6,NE,0.0
0022300307,1610612741,CHI,2023-12-12,Milwaukee,Chicago,81.4,S,0.0
0022300320,1610612741,CHI,2023-12-14,Chicago,Miami,1191.3,SE,1.0
0022300337,1610612741,CHI,2023-12-16,Miami,Miami,0.0,,0.0
0022300351,1610612741,CHI,2023-12-18,Miami,Philadelphia,1017.6,N,0.0
0022300370,1610612741,CHI,2023-12-20,Philadelphia,Chicago,666.5,W,-1.0
0022300376,1610612741,CHI,2023-12-21,Chicago,Chicago,0.0,,0.0
0022300396,1610612741,CHI,2023-12-23,Chicago,Chicago,0.0,,0.0
0022300408,1610612741,CHI,2023-12-26,Chicago,Chicago,0.0,,0.0
0022300422,1610612741,CHI,2023-12-28,Chicago,Chicago,0.0,,0.0
0022300442,1610612741,CHI,2023-12-30,Chicago,Chicago,0.0,,0.0
0022300459,1610612741,CHI,2024-01-02,Chicago,Philadelphia,666.5,E,1.0
0022300468,1610612741,CHI,2024-01-03,Philadelphia,New York,85.4,NE,0.0
0022300484,1610612741,CHI,2024-01-05,New York,Chicago,713.5,W,-1.0
0022300506,1610612741,CHI,2024-01-08,Chicago,Charlotte,589.4,SE,1.0
0022300523,1610612741,CHI,2024-01-10,Charlotte,Chicago,589.4,NW,-1.0
0022300536,1610612741,CHI,2024-01-12,Chicago,Chicago,0.0,,0.0
0022300548,1610612741,CHI,2024-01-13,Chicago,San Antonio,1049.5,SW,0.0
0022300561,1610612741,CHI,2024-01-15,San Antonio,Cleveland,1254.4,NE,1.0
0022300580,1610612741,CHI,2024-01-18,Cleveland,Toronto,189.2,NE,0.0
0022300597,1610612741,CHI,2024-01-20,Toronto,Chicago,437.8,W,-1.0
0022300612,1610612741,CHI,2024-01-22,Chicago,Phoenix,1449.6,W,-1.0
0022300633,1610612741,CHI,2024-01-25,Phoenix,Los Angeles,358.3,W,-1.0
0022300656,1610612741,CHI,2024-01-28,Los Angeles,Portland,827.1,N,0.0
0022300672,1610612741,CHI,2024-01-30,Portland,Chicago,1751.7,E,2.0
0022300674,1610612741,CHI,2024-01-31,Chicago,Charlotte,589.4,SE,1.0
0022300700,1610612741,CHI,2024-02-03,Charlotte,Chicago,589.4,NW,-1.0
0022300723,1610612741,CHI,2024-02-06,Chicago,Chicago,0.0,,0.0
0022300737,1610612741,CHI,2024-02-08,Chicago,Memphis,483.2,S,0.0
0022300752,1610612741,CHI,2024-02-10,Memphis,Orlando,682.6,SE,1.0
0022300763,1610612741,CHI,2024-02-12,Orlando,Atlanta,402.1,NW,0.0
0022300781,1610612741,CHI,2024-02-14,Atlanta,Cleveland,554.8,N,0.0
0022300797,1610612741,CHI,2024-02-22,Cleveland,Chicago,309.9,W,-1.0
0022300823,1610612741,CHI,2024-02-25,Chicago,New Orleans,835.2,S,0.0
0022300839,1610612741,CHI,2024-02-27,New Orleans,Chicago,835.2,N,0.0
0022300846,1610612741,CHI,2024-02-28,Chicago,Chicago,0.0,,0.0
0022300864,1610612741,CHI,2024-03-01,Chicago,Chicago,0.0,,0.0
0022300883,1610612741,CHI,2024-03-04,Chicago,Sacramento,1787.1,W,-2.0
0022300898,1610612741,CHI,2024-03-06,Sacramento,Salt Lake City,532.1,E,1.0
0022300907,1610612741,CHI,2024-03-07,Salt Lake City,San Francisco,597.6,W,-1.0
0022300917,1610612741,CHI,2024-03-09,San Francisco,Inglewood,347.9,SE,0.0
0022300935,1610612741,CHI,2024-03-11,Inglewood,Chicago,1748.5,NE,2.0
0022300948,1610612741,CHI,2024-03-13,Chicago,Indianapolis,166.4,SE,1.0
0022300956,1610612741,CHI,2024-03-14,Indianapolis,Chicago,166.4,NW,-1.0
0022300971,1610612741,CHI,2024-03-16,Chicago,Chicago,0.0,,0.0
0022300986,1610612741,CHI,2024-03-18,Chicago,Chicago,0.0,,0.0
0022301006,1610612741,CHI,2024-03-21,Chicago,Houston,941.3,SW,0.0
0022301023,1610612741,CHI,2024-03-23,Houston,Chicago,941.3,NE,0.0
0022301037,1610612741,CHI,2024-03-25,Chicago,Chicago,0.0,,0.0
0022301054,1610612741,CHI,2024-03-27,Chicago,Chicago,0.0,,0.0
0022301066,1610612741,CHI,2024-03-29,Chicago,Brooklyn,715.3,E,1.0
0022301084,1610612741,CHI,2024-03-31,Brooklyn,Minneapolis,1019.2,NW,-1.0
0022301091,1610612741,CHI,2024-04-01,Minneapolis,Chicago,353.2,SE,0.0
0022301119,1610612741,CHI,2024-04-05,Chicago,Chicago,0.0,,0.0
0022301136,1610612741,CHI,2024-04-07,Chicago,Orlando,987.1,SE,1.0
0022301149,1610612741,CHI,2024-04-09,Orlando,Chicago,987.1,N,-1.0
0022301166,1610612741,CHI,2024-04-11,Chicago,Detroit,238.9,E,1.0
0022301172,1610612741,CHI,2024-04-12,Detroit,Washington,395.7,SE,0.0
0022301190,1610612741,CHI,2024-04-14,Washington,New York,205.4,NE,0.0
0022300073,1610612742,DAL,2023-10-25,Dallas,San Antonio,251.5,SW,0.0
0022300084,1610612742,DAL,2023-10-27,San Antonio,Dallas,251.5,N,0.0
0022300106,1610612742,DAL,2023-10-30,Dallas,Memphis,419.8,NE,0.0
0022300124,1610612742,DAL,2023-11-01,Memphis,Dallas,419.8,W,0.0
0022300006,1610612742,DAL,2023-11-03,Dallas,Denver,662.5,NW,-1.0
0022300143,1610612742,DAL,2023-11-05,Denver,Dallas,662.5,SE,1.0
0022300147,1610612742,DAL,2023-11-06,Dallas,Orlando,961.6,E,1.0
0022300168,1610612742,DAL,2023-11-08,Orlando,Dallas,961.6,W,-1.0
0022300014,1610612742,DAL,2023-11-10,Dallas,Dallas,0.0,,0.0
0022300183,1610612742,DAL,2023-11-12,Dallas,New Orleans,442.7,SE,0.0
0022300022,1610612742,DAL,2023-11-14,New Orleans,New Orleans,0.0,,0.0
0022300192,1610612742,DAL,2023-11-15,New Orleans,Washington,965.9,NE,1.0
0022300205,1610612742,DAL,2023-11-18,Washington,Milwaukee,635.9,NW,-1.0
0022300212,1610612742,DAL,2023-11-19,Milwaukee,Dallas,857.3,SW,0.0
0022300238,1610612742,DAL,2023-11-22,Dallas,Los Angeles,1238.2,W,-2.0
0022300244,1610612742,DAL,2023-11-25,Los Angeles,Inglewood,8.0,SW,0.0
0022300059,1610612742,DAL,2023-11-28,Inglewood,Dallas,1242.8,E,2.0
0022300277,1610612742,DAL,2023-12-01,Dallas,Dallas,0.0,,0.0
0022300287,1610612742,DAL,2023-12-02,Dallas,Dallas,0.0,,0.0
0022301213,1610612742,DAL,2023-12-06,Dallas,Dallas,0.0,,0.0
0022301226,1610612742,DAL,2023-12-08,Dallas,Portland,1630.0,NW,-2.0
0022300299,1610612742,DAL,2023-12-11,Portland,Memphis,1845.9,E,2.0
0022300306,1610612742,DAL,2023-12-12,Memphis,Dallas,419.8,W,0.0
0022300321,1610612742,DAL,2023-12-14,Dallas,Dallas,0.0,,0.0
0022300341,1610612742,DAL,2023-12-16,Dallas,Portland,1630.0,NW,-2.0
0022300356,1610612742,DAL,2023-12-18,Portland,Denver,979.7,E,1.0
0022300372,1610612742,DAL,2023-12-20,Denver,Dallas,662.5,SE,1.0
0022300385,1610612742,DAL,2023-12-22,Dallas,Houston,226.8,SE,0.0
0022300398,1610612742,DAL,2023-12-23,Houston,Dallas,226.8,N,0.0
0022300405,1610612742,DAL,2023-12-25,Dallas,Phoenix,883.5,W,-1.0
0022300420,1610612742,DAL,2023-12-27,Phoenix,Dallas,883.5,E,1.0
0022300423,1610612742,DAL,2023-12-28,Dallas,Minneapolis,863.1,N,0.0
0022300444,1610612742,DAL,2023-12-30,Minneapolis,San Francisco,1579.5,W,-2.0
0022300457,1610612742,DAL,2024-01-01,San Francisco,Salt Lake City,597.6,NE,1.0
0022300472,1610612742,DAL,2024-01-03,Salt Lake City,Dallas,998.4,SE,1.0
0022300487,1610612742,DAL,2024-01-05,Dallas,Dallas,0.0,,0.0
0022300501,1610612742,DAL,2024-01-07,Dallas,Dallas,0.0,,0.0
0022300515,1610612742,DAL,2024-01-09,Dallas,Dallas,0.0,,0.0
0022300530,1610612742,DAL,2024-01-11,Dallas,Dallas,0.0,,0.0
0022300547,1610612742,DAL,2024-01-13,Dallas,Dallas,0.0,,0.0
0022300556,1610612742,DAL,2024-01-15,Dallas,Dallas,0.0,,0.0
0022300577,1610612742,DAL,2024-01-17,Dallas,Los Angeles,1238.2,W,-2.0
0022300611,1610612742,DAL,2024-01-22,Los Angeles,Dallas,1238.2,E,2.0
0022300625,1610612742,DAL,2024-01-24,Dallas,Dallas,0.0,,0.0
0022300634,1610612742,DAL,2024-01-26,Dallas,Atlanta,719.8,E,1.0
0022300651,1610612742,DAL,2024-01-27,Atlanta,Dallas,719.8,W,-1.0
0022300666,1610612742,DAL,2024-01-29,Dallas,Dallas,0.0,,0.0
0022300680,1610612742,DAL,2024-01-31,Dallas,Minneapolis,863.1,N,0.0
0022300702,1610612742,DAL,2024-02-03,Minneapolis,Dallas,863.1,S,0.0
0022300715,1610612742,DAL,2024-02-05,Dallas,Philadelphia,1296.4,NE,1.0
0022300720,1610612742,DAL,2024-02-06,Philadelphia,Brooklyn,83.0,NE,0.0
0022300736,1610612742,DAL,2024-02-08,Brooklyn,New York,4.8,N,0.0
0022300748,1610612742,DAL,2024-02-10,New York,Dallas,1372.1,W,-1.0
0022300768,1610612742,DAL,2024-02-12,Dallas,Dallas,0.0,,0.0
0022300785,1610612742,DAL,2024-02-14,Dallas,Dallas,0.0,,0.0
0022300796,1610612742,DAL,2024-02-22,Dallas,Dallas,0.0,,0.0
0022300819,1610612742,DAL,2024-02-25,Dallas,Indianapolis,763.5,NE,1.0
0022300832,1610612742,DAL,2024-02-27,Indianapolis,Cleveland,263.0,NE,0.0
0022300844,1610612742,DAL,2024-02-28,Cleveland,Toronto,189.2,NE,0.0
0022300859,1610612742,DAL,2024-03-01,Toronto,Boston,429.2,E,0.0
0022300871,1610612742,DAL,2024-03-03,Boston,Dallas,1549.3,W,-1.0
0022300892,1610612742,DAL,2024-03-05,Dallas,Dallas,0.0,,0.0
0022300904,1610612742,DAL,2024-03-07,Dallas,Dallas,0.0,,0.0
0022300919,1610612742,DAL,2024-03-09,Dallas,Detroit,999.2,NE,1.0
0022300935,1610612742,DAL,2024-03-11,Detroit,Chicago,238.9,W,-1.0
0022300952,1610612742,DAL,2024-03-13,Chicago,Dallas,803.0,SW,0.0
0022300959,1610612742,DAL,2024-03-14,Dallas,Oklahoma City,189.0,N,0.0
0022300978,1610612742,DAL,2024-03-17,Oklahoma City,Dallas,189.0,S,0.0
0022300994,1610612742,DAL,2024-03-19,Dallas,San Antonio,251.5,SW,0.0
0022301008,1610612742,DAL,2024-03-21,San Antonio,Dallas,251.5,N,0.0
0022301041,1610612742,DAL,2024-03-25,Dallas,Salt Lake City,998.4,NW,-1.0
0022301047,1610612742,DAL,2024-03-26,Salt Lake City,Sacramento,532.1,W,-1.0
0022301073,1610612742,DAL,2024-03-29,Sacramento,Sacramento,0.0,,0.0
0022301083,1610612742,DAL,2024-03-31,Sacramento,Houston,1606.9,E,2.0
0022300589,1610612742,DAL,2024-04-02,Houston,San Francisco,1641.3,NW,-2.0
0022301124,1610612742,DAL,2024-04-04,San Francisco,Dallas,1478.1,E,2.0
0022301097,1610612742,DAL,2024-04-05,Dallas,Dallas,0.0,,0.0
0022301131,1610612742,DAL,2024-04-07,Dallas,Dallas,0.0,,0.0
0022301144,1610612742,DAL,2024-04-09,Dallas,Charlotte,929.0,E,1.0
0022301161,1610612742,DAL,2024-04-10,Charlotte,Miami,653.7,S,0.0
0022301181,1610612742,DAL,2024-04-12,Miami,Dallas,1110.8,NW,-1.0
0022301196,1610612742,DAL,2024-04-14,Dallas,Oklahoma City,189.0,N,0.0
0022300061,1610612743,DEN,2023-10-24,Denver,Denver,0.0,,0.0
0022300078,1610612743,DEN,2023-10-27,Denver,Memphis,878.8,E,1.0
0022300095,1610612743,DEN,2023-10-29,Memphis,Oklahoma City,421.4,W,0.0
0022300110,1610612743,DEN,2023-10-30,Oklahoma City,Denver,505.5,NW,-1.0
0022300123,1610612743,DEN,2023-11-01,Denver,Minneapolis,698.5,NE,1.0
0022300006,1610612743,DEN,2023-11-03,Minneapolis,Denver,698.5,SW,-1.0
0022300139,1610612743,DEN,2023-11-04,Denver,Denver,0.0,,0.0
0022300156,1610612743,DEN,2023-11-06,Denver,Denver,0.0,,0.0
0022300169,1610612743,DEN,2023-11-08,Denver,Denver,0.0,,0.0
0022300182,1610612743,DEN,2023-11-12,Denver,Houston,880.3,SE,1.0
0022300024,1610612743,DEN,2023-11-14,Houston,Denver,880.3,NW,-1.0
0022300034,1610612743,DEN,2023-11-17,Denver,New Orleans,1081.3,SE,1.0
0022300210,1610612743,DEN,2023-11-19,New Orleans,Cleveland,925.3,NE,1.0
0022300218,1610612743,DEN,2023-11-20,Cleveland,Detroit,91.3,NW,0.0
0022300226,1610612743,DEN,2023-11-22,Detroit,Orlando,958.2,S,0.0
0022300048,1610612743,DEN,2023-11-24,Orlando,Houston,847.1,W,-1.0
0022300252,1610612743,DEN,2023-11-26,Houston,Denver,880.3,NW,-1.0
0022300257,1610612743,DEN,2023-11-27,Denver,Inglewood,838.0,SW,-1.0
0022300263,1610612743,DEN,2023-11-29,Inglewood,Denver,838.0,NE,1.0
0022300279,1610612743,DEN,2023-12-01,Denver,Phoenix,585.4,SW,0.0
0022300290,1610612743,DEN,2023-12-02,Phoenix,Sacramento,634.7,NW,-1.0
0022301215,1610612743,DEN,2023-12-06,Sacramento,Inglewood,365.3,SE,0.0
0022301224,1610612743,DEN,2023-12-08,Inglewood,Denver,838.0,NE,1.0
0022300296,1610612743,DEN,2023-12-11,Denver,Atlanta,1210.4,E,2.0
0022300307,1610612743,DEN,2023-12-12,Atlanta,Chicago,589.0,N,-1.0
0022300322,1610612743,DEN,2023-12-14,Chicago,Denver,916.7,W,-1.0
0022300340,1610612743,DEN,2023-12-16,Denver,Denver,0.0,,0.0
0022300356,1610612743,DEN,2023-12-18,Denver,Denver,0.0,,0.0
0022300369,1610612743,DEN,2023-12-20,Denver,Toronto,1343.6,E,2.0
0022300383,1610612743,DEN,2023-12-22,Toronto,Brooklyn,344.0,SE,0.0
0022300390,1610612743,DEN,2023-12-23,Brooklyn,Charlotte,530.7,SW,0.0
0022300402,1610612743,DEN,2023-12-25,Charlotte,Denver,1356.9,W,-2.0
0022300425,1610612743,DEN,2023-12-28,Denver,Denver,0.0,,0.0
0022300435,1610612743,DEN,2023-12-29,Denver,Denver,0.0,,0.0
0022300455,1610612743,DEN,2024-01-01,Denver,Denver,0.0,,0.0
0022300478,1610612743,DEN,2024-01-04,Denver,San Francisco,944.8,W,-1.0
0022300488,1610612743,DEN,2024-01-05,San Francisco,Denver,944.8,E,1.0
0022300502,1610612743,DEN,2024-01-07,Denver,Denver,0.0,,0.0
0022300524,1610612743,DEN,2024-01-10,Denver,Salt Lake City,370.1,W,0.0
0022300539,1610612743,DEN,2024-01-12,Salt Lake City,Denver,370.1,E,0.0
0022300550,1610612743,DEN,2024-01-14,Denver,Denver,0.0,,0.0
0022300566,1610612743,DEN,2024-01-16,Denver,Philadelphia,1575.8,E,2.0
0022300586,1610612743,DEN,2024-01-19,Philadelphia,Boston,273.4,NE,0.0
0022300602,1610612743,DEN,2024-01-21,Boston,Washington,393.6,SW,0.0
0022300614,1610612743,DEN,2024-01-23,Washington,Indianapolis,491.6,W,0.0
0022300631,1610612743,DEN,2024-01-25,Indianapolis,New York,644.4,E,0.0
0022300644,1610612743,DEN,2024-01-27,New York,Denver,1628.5,W,-2.0
0022300667,1610612743,DEN,2024-01-29,Denver,Denver,0.0,,0.0
0022300682,1610612743,DEN,2024-01-31,Denver,Oklahoma City,505.5,SE,1.0
0022300697,1610612743,DEN,2024-02-02,Oklahoma City,Denver,505.5,NW,-1.0
0022300712,1610612743,DEN,2024-02-04,Denver,Denver,0.0,,0.0
0022300740,1610612743,DEN,2024-02-08,Denver,Los Angeles,830.8,SW,-1.0
0022300746,1610612743,DEN,2024-02-09,Los Angeles,Sacramento,361.4,NW,0.0
0022300767,1610612743,DEN,2024-02-12,Sacramento,Milwaukee,1770.9,E,2.0
0022300786,1610612743,DEN,2024-02-14,Milwaukee,Denver,912.8,W,-1.0
0022300800,1610612743,DEN,2024-02-22,Denver,Denver,0.0,,0.0
0022300812,1610612743,DEN,2024-02-23,Denver,Portland,979.7,NW,-1.0
0022300824,1610612743,DEN,2024-02-25,Portland,San Francisco,536.6,S,0.0
0022300847,1610612743,DEN,2024-02-28,San Francisco,Denver,944.8,E,1.0
0022300855,1610612743,DEN,2024-02-29,Denver,Denver,0.0,,0.0
0022300869,1610612743,DEN,2024-03-02,Denver,Los Angeles,830.8,SW,-1.0
0022300893,1610612743,DEN,2024-03-05,Los Angeles,Denver,830.8,NE,1.0
0022300906,1610612743,DEN,2024-03-07,Denver,Denver,0.0,,0.0
0022300922,1610612743,DEN,2024-03-09,Denver,Denver,0.0,,0.0
0022300937,1610612743,DEN,2024-03-11,Denver,Denver,0.0,,0.0
0022300949,1610612743,DEN,2024-03-13,Denver,Miami,1725.7,SE,2.0
0022300965,1610612743,DEN,2024-03-15,Miami,San Antonio,1144.2,W,-1.0
0022300978,1610612743,DEN,2024-03-17,San Antonio,Dallas,251.5,N,0.0
0022300995,1610612743,DEN,2024-03-19,Dallas,Minneapolis,863.1,N,0.0
0022301009,1610612743,DEN,2024-03-21,Minneapolis,Denver,698.5,SW,-1.0
0022301026,1610612743,DEN,2024-03-23,Denver,Portland,979.7,NW,-1.0
0022301040,1610612743,DEN,2024-03-25,Portland,Denver,979.7,E,1.0
0022301059,1610612743,DEN,2024-03-27,Denver,Denver,0.0,,0.0
0022301071,1610612743,DEN,2024-03-29,Denver,Denver,0.0,,0.0
0022301077,1610612743,DEN,2024-03-31,Denver,Denver,0.0,,0.0
0022301099,1610612743,DEN,2024-04-02,Denver,Denver,0.0,,0.0
0022301114,1610612743,DEN,2024-04-04,Denver,Inglewood,838.0,SW,-1.0
0022301130,1610612743,DEN,2024-04-06,Inglewood,Denver,838.0,NE,1.0
0022301154,1610612743,DEN,2024-04-09,Denver,Salt Lake City,370.1,W,0.0
0022301164,1610612743,DEN,2024-04-10,Salt Lake City,Denver,370.1,E,0.0
0022301180,1610612743,DEN,2024-04-12,Denver,San Antonio,804.6,SE,1.0
0022301193,1610612743,DEN,2024-04-14,San Antonio,Memphis,628.6,NE,0.0
0022300062,1610612744,GSW,2023-10-24,San Francisco,San Francisco,0.0,,0.0
0022300087,1610612744,GSW,2023-10-27,San Francisco,Sacramento,74.0,NE,0.0
0022300096,1610612744,GSW,2023-10-29,Sacramento,Houston,1606.9,E,2.0
0022300108,1610612744,GSW,2023-10-30,Houston,New Orleans,316.7,E,0.0
0022300126,1610612744,GSW,2023-11-01,New Orleans,San Francisco,1920.0,NW,-2.0
0022300005,1610612744,GSW,2023-11-03,San Francisco,Oklahoma City,1384.4,E,2.0
0022300142,1610612744,GSW,2023-11-05,Oklahoma City,Cleveland,950.2,NE,1.0
0022300145,1610612744,GSW,2023-11-06,Cleveland,Detroit,91.3,NW,0.0
0022300169,1610612744,GSW,2023-11-08,Detroit,Denver,1154.6,W,-2.0
0022300176,1610612744,GSW,2023-11-11,Denver,San Francisco,944.8,W,-1.0
0022300186,1610612744,GSW,2023-11-12,San Francisco,San Francisco,0.0,,0.0
0022300025,1610612744,GSW,2023-11-14,San Francisco,San Francisco,0.0,,0.0
0022300201,1610612744,GSW,2023-11-16,San Francisco,San Francisco,0.0,,0.0
0022300207,1610612744,GSW,2023-11-18,San Francisco,San Francisco,0.0,,0.0
0022300224,1610612744,GSW,2023-11-20,San Francisco,San Francisco,0.0,,0.0
0022300236,1610612744,GSW,2023-11-22,San Francisco,Phoenix,651.4,SE,1.0
0022300051,1610612744,GSW,2023-11-24,Phoenix,San Francisco,651.4,NW,-1.0
0022300060,1610612744,GSW,2023-11-28,San Francisco,Sacramento,74.0,NE,0.0
0022300273,1610612744,GSW,2023-11-30,Sacramento,San Francisco,74.0,SW,0.0
0022300280,1610612744,GSW,2023-12-02,San Francisco,Inglewood,347.9,SE,0.0
0022301214,1610612744,GSW,2023-12-06,Inglewood,San Francisco,347.9,NW,0.0
0022301222,1610612744,GSW,2023-12-08,San Francisco,Oklahoma City,1384.4,E,2.0
0022300308,1610612744,GSW,2023-12-12,Oklahoma City,Phoenix,840.1,W,-1.0
0022300325,1610612744,GSW,2023-12-14,Phoenix,Inglewood,362.1,W,-1.0
0022300339,1610612744,GSW,2023-12-16,Inglewood,San Francisco,347.9,NW,0.0
0022300348,1610612744,GSW,2023-12-17,San Francisco,Portland,536.6,N,0.0
0022300362,1610612744,GSW,2023-12-19,Portland,San Francisco,536.6,S,0.0
0022300386,1610612744,GSW,2023-12-22,San Francisco,San Francisco,0.0,,0.0
0022300399,1610612744,GSW,2023-12-23,San Francisco,San Francisco,0.0,,0.0
0022300402,1610612744,GSW,2023-12-25,San Francisco,Denver,944.8,E,1.0
0022300426,1610612744,GSW,2023-12-28,Denver,San Francisco,944.8,W,-1.0
0022300444,1610612744,GSW,2023-12-30,San Francisco,San Francisco,0.0,,0.0
0022300463,1610612744,GSW,2024-01-02,San Francisco,San Francisco,0.0,,0.0
0022300478,1610612744,GSW,2024-01-04,San Francisco,San Francisco,0.0,,0.0
0022300490,1610612744,GSW,2024-01-05,San Francisco,San Francisco,0.0,,0.0
0022300504,1610612744,GSW,2024-01-07,San Francisco,San Francisco,0.0,,0.0
0022300525,1610612744,GSW,2024-01-10,San Francisco,San Francisco,0.0,,0.0
0022300536,1610612744,GSW,2024-01-12,San Francisco,Chicago,1851.0,E,2.0
0022300545,1610612744,GSW,2024-01-13,Chicago,Milwaukee,81.4,N,0.0
0022300560,1610612744,GSW,2024-01-15,Milwaukee,Memphis,558.1,S,0.0
0022300626,1610612744,GSW,2024-01-24,Memphis,San Francisco,1797.4,W,-2.0
0022300632,1610612744,GSW,2024-01-25,San Francisco,San Francisco,0.0,,0.0
0022300650,1610612744,GSW,2024-01-27,San Francisco,San Francisco,0.0,,0.0
0022300673,1610612744,GSW,2024-01-30,San Francisco,San Francisco,0.0,,0.0
0022300693,1610612744,GSW,2024-02-02,San Francisco,Memphis,1797.4,E,2.0
0022300699,1610612744,GSW,2024-02-03,Memphis,Atlanta,335.9,E,1.0
0022300717,1610612744,GSW,2024-02-05,Atlanta,Brooklyn,745.8,NE,0.0
0022300727,1610612744,GSW,2024-02-07,Brooklyn,Philadelphia,83.0,SW,0.0
0022300733,1610612744,GSW,2024-02-08,Philadelphia,Indianapolis,582.5,W,0.0
0022300757,1610612744,GSW,2024-02-10,Indianapolis,San Francisco,1943.5,W,-3.0
0022300769,1610612744,GSW,2024-02-12,San Francisco,Salt Lake City,597.6,NE,1.0
0022300789,1610612744,GSW,2024-02-14,Salt Lake City,San Francisco,597.6,W,-1.0
0022300576,1610612744,GSW,2024-02-15,San Francisco,Salt Lake City,597.6,NE,1.0
0022300802,1610612744,GSW,2024-02-22,Salt Lake City,San Francisco,597.6,W,-1.0
0022300811,1610612744,GSW,2024-02-23,San Francisco,San Francisco,0.0,,0.0
0022300824,1610612744,GSW,2024-02-25,San Francisco,San Francisco,0.0,,0.0
0022300834,1610612744,GSW,2024-02-27,San Francisco,Washington,2434.3,E,3.0
0022300852,1610612744,GSW,2024-02-29,Washington,New York,205.4,NE,0.0
0022300860,1610612744,GSW,2024-03-01,New York,Toronto,340.4,NW,0.0
0022300872,1610612744,GSW,2024-03-03,Toronto,Boston,429.2,E,0.0
0022300899,1610612744,GSW,2024-03-06,Boston,San Francisco,2691.2,W,-3.0
0022300907,1610612744,GSW,2024-03-07,San Francisco,San Francisco,0.0,,0.0
0022300921,1610612744,GSW,2024-03-09,San Francisco,San Francisco,0.0,,0.0
0022300936,1610612744,GSW,2024-03-11,San Francisco,San Antonio,1488.5,E,2.0
0022300952,1610612744,GSW,2024-03-13,San Antonio,Dallas,251.5,N,0.0
0022300973,1610612744,GSW,2024-03-16,Dallas,Los Angeles,1238.2,W,-2.0
0022300988,1610612744,GSW,2024-03-18,Los Angeles,San Francisco,345.5,NW,0.0
0022301001,1610612744,GSW,2024-03-20,San Francisco,San Francisco,0.0,,0.0
0022301016,1610612744,GSW,2024-03-22,San Francisco,San Francisco,0.0,,0.0
0022301031,1610612744,GSW,2024-03-24,San Francisco,Minneapolis,1579.5,NE,2.0
0022301044,1610612744,GSW,2024-03-26,Minneapolis,Miami,1513.1,SE,1.0
0022301049,1610612744,GSW,2024-03-27,Miami,Orlando,204.3,N,0.0
0022301062,1610612744,GSW,2024-03-29,Orlando,Charlotte,463.1,N,0.0
0022301085,1610612744,GSW,2024-03-31,Charlotte,San Antonio,1100.8,W,-1.0
0022300589,1610612744,GSW,2024-04-02,San Antonio,San Francisco,1488.5,NW,-2.0
0022301113,1610612744,GSW,2024-04-04,San Francisco,Houston,1641.3,E,2.0
0022301097,1610612744,GSW,2024-04-05,Houston,Dallas,226.8,N,0.0
0022301142,1610612744,GSW,2024-04-07,Dallas,San Francisco,1478.1,W,-2.0
0022301155,1610612744,GSW,2024-04-09,San Francisco,Los Angeles,345.5,SE,0.0
0022301169,1610612744,GSW,2024-04-11,Los Angeles,Portland,827.1,N,0.0
0022301182,1610612744,GSW,2024-04-12,Portland,San Francisco,536.6,S,0.0
0022301198,1610612744,GSW,2024-04-14,San Francisco,San Francisco,0.0,,0.0
0022300066,1610612745,HOU,2023-10-25,Houston,Orlando,847.1,E,1.0
0022300083,1610612745,HOU,2023-10-27,Orlando,San Antonio,1031.6,W,-1.0
0022300096,1610612745,HOU,2023-10-29,San Antonio,Houston,186.1,E,0.0
0022300122,1610612745,HOU,2023-11-01,Houston,Houston,0.0,,0.0
0022300137,1610612745,HOU,2023-11-04,Houston,Houston,0.0,,0.0
0022300153,1610612745,HOU,2023-11-06,Houston,Houston,0.0,,0.0
0022300163,1610612745,HOU,2023-11-08,Houston,Houston,0.0,,0.0
0022300011,1610612745,HOU,2023-11-10,Houston,Houston,0.0,,0.0
0022300182,1610612745,HOU,2023-11-12,Houston,Houston,0.0,,0.0
0022300037,1610612745,HOU,2023-11-17,Houston,Inglewood,1376.4,W,-2.0
0022300216,1610612745,HOU,2023-11-19,Inglewood,Los Angeles,8.0,NE,0.0
0022300224,1610612745,HOU,2023-11-20,Los Angeles,San Francisco,345.5,NW,0.0
0022300231,1610612745,HOU,2023-11-22,San Francisco,Houston,1641.3,E,2.0
0022300048,1610612745,HOU,2023-11-24,Houston,Houston,0.0,,0.0
0022300059,1610612745,HOU,2023-11-28,Houston,Dallas,226.8,N,0.0
0022300263,1610612745,HOU,2023-11-29,Dallas,Denver,662.5,NW,-1.0
0022300291,1610612745,HOU,2023-12-02,Denver,Los Angeles,830.8,SW,-1.0
0022301212,1610612745,HOU,2023-12-06,Los Angeles,Houston,1372.8,E,2.0
0022301224,1610612745,HOU,2023-12-08,Houston,Denver,880.3,NW,-1.0
0022300298,1610612745,HOU,2023-12-11,Denver,Houston,880.3,SE,1.0
0022300314,1610612745,HOU,2023-12-13,Houston,Houston,0.0,,0.0
0022300332,1610612745,HOU,2023-12-15,Houston,Memphis,484.1,NE,0.0
0022300346,1610612745,HOU,2023-12-17,Memphis,Milwaukee,558.1,N,0.0
0022300349,1610612745,HOU,2023-12-18,Milwaukee,Cleveland,335.9,E,1.0
0022300371,1610612745,HOU,2023-12-20,Cleveland,Houston,1114.5,SW,-1.0
0022300385,1610612745,HOU,2023-12-22,Houston,Houston,0.0,,0.0
0022300392,1610612745,HOU,2023-12-23,Houston,New Orleans,316.7,E,0.0
0022300409,1610612745,HOU,2023-12-26,New Orleans,Houston,316.7,W,0.0
0022300418,1610612745,HOU,2023-12-27,Houston,Houston,0.0,,0.0
0022300434,1610612745,HOU,2023-12-29,Houston,Houston,0.0,,0.0
0022300453,1610612745,HOU,2024-01-01,Houston,Houston,0.0,,0.0
0022300469,1610612745,HOU,2024-01-03,Houston,Houston,0.0,,0.0
0022300485,1610612745,HOU,2024-01-05,Houston,Houston,0.0,,0.0
0022300496,1610612745,HOU,2024-01-06,Houston,Houston,0.0,,0.0
0022300509,1610612745,HOU,2024-01-08,Houston,Miami,966.6,E,1.0
0022300523,1610612745,HOU,2024-01-10,Miami,Chicago,1191.3,N,-1.0
0022300534,1610612745,HOU,2024-01-12,Chicago,Detroit,238.9,E,1.0
0022300542,1610612745,HOU,2024-01-13,Detroit,Boston,611.9,E,0.0
0022300555,1610612745,HOU,2024-01-15,Boston,Philadelphia,273.4,SW,0.0
0022300573,1610612745,HOU,2024-01-17,Philadelphia,New York,85.4,NE,0.0
0022300598,1610612745,HOU,2024-01-20,New York,Houston,1419.3,SW,-1.0
0022300603,1610612745,HOU,2024-01-21,Houston,Houston,0.0,,0.0
0022300623,1610612745,HOU,2024-01-24,Houston,Houston,0.0,,0.0
0022300635,1610612745,HOU,2024-01-26,Houston,Charlotte,925.8,NE,1.0
0022300645,1610612745,HOU,2024-01-27,Charlotte,Brooklyn,530.7,NE,0.0
0022300662,1610612745,HOU,2024-01-29,Brooklyn,Houston,1418.2,SW,-1.0
0022300679,1610612745,HOU,2024-01-31,Houston,Houston,0.0,,0.0
0022300692,1610612745,HOU,2024-02-02,Houston,Houston,0.0,,0.0
0022300709,1610612745,HOU,2024-02-04,Houston,Minneapolis,1058.3,N,0.0
0022300719,1610612745,HOU,2024-02-06,Minneapolis,Indianapolis,511.4,SE,1.0
0022300744,1610612745,HOU,2024-02-09,Indianapolis,Toronto,440.3,NE,0.0
0022300754,1610612745,HOU,2024-02-10,Toronto,Atlanta,734.3,SW,0.0
0022300765,1610612745,HOU,2024-02-12,Atlanta,Houston,700.7,W,-1.0
0022300783,1610612745,HOU,2024-02-14,Houston,Memphis,484.1,NE,0.0
0022300798,1610612745,HOU,2024-02-22,Memphis,New Orleans,358.5,S,0.0
0022300806,1610612745,HOU,2024-02-23,New Orleans,Houston,316.7,W,0.0
0022300822,1610612745,HOU,2024-02-25,Houston,Houston,0.0,,0.0
0022300841,1610612745,HOU,2024-02-27,Houston,Oklahoma City,414.1,N,0.0
0022300854,1610612745,HOU,2024-02-29,Oklahoma City,Phoenix,840.1,W,-1.0
0022300870,1610612745,HOU,2024-03-02,Phoenix,Phoenix,0.0,,0.0
0022300891,1610612745,HOU,2024-03-05,Phoenix,Houston,1014.7,E,1.0
0022300897,1610612745,HOU,2024-03-06,Houston,Houston,0.0,,0.0
0022300916,1610612745,HOU,2024-03-08,Houston,Portland,1834.4,NW,-2.0
0022300929,1610612745,HOU,2024-03-10,Portland,Sacramento,484.0,S,0.0
0022300942,1610612745,HOU,2024-03-12,Sacramento,San Antonio,1459.0,E,2.0
0022300957,1610612745,HOU,2024-03-14,San Antonio,Houston,186.1,E,0.0
0022300967,1610612745,HOU,2024-03-16,Houston,Houston,0.0,,0.0
0022300992,1610612745,HOU,2024-03-19,Houston,Washington,1219.1,NE,1.0
0022301006,1610612745,HOU,2024-03-21,Washington,Houston,1219.1,SW,-1.0
0022301024,1610612745,HOU,2024-03-23,Houston,Houston,0.0,,0.0
0022301038,1610612745,HOU,2024-03-25,Houston,Houston,0.0,,0.0
0022301057,1610612745,HOU,2024-03-27,Houston,Oklahoma City,414.1,N,0.0
0022301072,1610612745,HOU,2024-03-29,Oklahoma City,Salt Lake City,862.2,NW,-1.0
0022301083,1610612745,HOU,2024-03-31,Salt Lake City,Houston,1200.6,SE,1.0
0022301098,1610612745,HOU,2024-04-02,Houston,Minneapolis,1058.3,N,0.0
0022301113,1610612745,HOU,2024-04-04,Minneapolis,Houston,1058.3,S,0.0
0022301120,1610612745,HOU,2024-04-05,Houston,Houston,0.0,,0.0
0022301131,1610612745,HOU,2024-04-07,Houston,Dallas,226.8,N,0.0
0022301150,1610612745,HOU,2024-04-09,Dallas,Houston,226.8,SE,0.0
0022301168,1610612745,HOU,2024-04-11,Houston,Salt Lake City,1200.6,NW,-1.0
0022301183,1610612745,HOU,2024-04-12,Salt Lake City,Portland,633.9,NW,-1.0
0022301199,1610612745,HOU,2024-04-14,Portland,Inglewood,832.5,S,0.0
0022300074,1610612746,LAC,2023-10-25,Inglewood,Inglewood,0.0,,0.0
0022300085,1610612746,LAC,2023-10-27,Inglewood,Salt Lake City,589.0,NE,1.0
0022300099,1610612746,LAC,2023-10-29,Salt Lake City,Inglewood,589.0,SW,-1.0
0022300114,1610612746,LAC,2023-10-31,Inglewood,Inglewood,0.0,,0.0
0022300127,1610612746,LAC,2023-11-01,Inglewood,Los Angeles,8.0,NE,0.0
0022300151,1610612746,LAC,2023-11-06,Los Angeles,New York,2447.6,NE,3.0
0022300160,1610612746,LAC,2023-11-08,New York,Brooklyn,4.8,S,0.0
0022300014,1610612746,LAC,2023-11-10,Brooklyn,Dallas,1371.7,W,-1.0
0022300179,1610612746,LAC,2023-11-12,Dallas,Inglewood,1242.8,W,-2.0
0022300024,1610612746,LAC,2023-11-14,Inglewood,Denver,838.0,NE,1.0
0022300037,1610612746,LAC,2023-11-17,Denver,Inglewood,838.0,SW,-1.0
0022300223,1610612746,LAC,2023-11-20,Inglewood,San Antonio,1209.0,E,2.0
0022300235,1610612746,LAC,2023-11-22,San Antonio,San Antonio,0.0,,0.0
0022300052,1610612746,LAC,2023-11-24,San Antonio,Inglewood,1209.0,W,-2.0
0022300244,1610612746,LAC,2023-11-25,Inglewood,Inglewood,0.0,,0.0
0022300257,1610612746,LAC,2023-11-27,Inglewood,Inglewood,0.0,,0.0
0022300264,1610612746,LAC,2023-11-29,Inglewood,Sacramento,365.3,NW,0.0
0022300273,1610612746,LAC,2023-11-30,Sacramento,San Francisco,74.0,SW,0.0
0022300280,1610612746,LAC,2023-12-02,San Francisco,Inglewood,347.9,SE,0.0
0022301215,1610612746,LAC,2023-12-06,Inglewood,Inglewood,0.0,,0.0
0022301225,1610612746,LAC,2023-12-08,Inglewood,Salt Lake City,589.0,NE,1.0
0022300304,1610612746,LAC,2023-12-11,Salt Lake City,Inglewood,589.0,SW,-1.0
0022300309,1610612746,LAC,2023-12-12,Inglewood,Inglewood,0.0,,0.0
0022300325,1610612746,LAC,2023-12-14,Inglewood,Inglewood,0.0,,0.0
0022300343,1610612746,LAC,2023-12-16,Inglewood,Inglewood,0.0,,0.0
0022300350,1610612746,LAC,2023-12-18,Inglewood,Indianapolis,1813.9,E,3.0
0022300372,1610612746,LAC,2023-12-20,Indianapolis,Dallas,763.5,SW,-1.0
0022300379,1610612746,LAC,2023-12-21,Dallas,Oklahoma City,189.0,N,0.0
0022300389,1610612746,LAC,2023-12-23,Oklahoma City,Inglewood,1185.4,W,-2.0
0022300414,1610612746,LAC,2023-12-26,Inglewood,Inglewood,0.0,,0.0
0022300438,1610612746,LAC,2023-12-29,Inglewood,Inglewood,0.0,,0.0
0022300458,1610612746,LAC,2024-01-01,Inglewood,Inglewood,0.0,,0.0
0022300473,1610612746,LAC,2024-01-03,Inglewood,Phoenix,362.1,E,1.0
0022300486,1610612746,LAC,2024-01-05,Phoenix,New Orleans,1312.5,E,1.0
0022300505,1610612746,LAC,2024-01-07,New Orleans,Los Angeles,1670.2,W,-2.0
0022300511,1610612746,LAC,2024-01-08,Los Angeles,Inglewood,8.0,SW,0.0
0022300526,1610612746,LAC,2024-01-10,Inglewood,Inglewood,0.0,,0.0
0022300537,1610612746,LAC,2024-01-12,Inglewood,Memphis,1606.9,E,2.0
0022300553,1610612746,LAC,2024-01-14,Memphis,Minneapolis,700.9,N,0.0
0022300568,1610612746,LAC,2024-01-16,Minneapolis,Inglewood,1529.9,W,-2.0
0022300600,1610612746,LAC,2024-01-21,Inglewood,Inglewood,0.0,,0.0
0022300618,1610612746,LAC,2024-01-23,Inglewood,Inglewood,0.0,,0.0
0022300637,1610612746,LAC,2024-01-26,Inglewood,Toronto,2180.0,NE,3.0
0022300646,1610612746,LAC,2024-01-27,Toronto,Boston,429.2,E,0.0
0022300658,1610612746,LAC,2024-01-29,Boston,Cleveland,549.1,W,0.0
0022300676,1610612746,LAC,2024-01-31,Cleveland,Washington,304.7,SE,0.0
0022300688,1610612746,LAC,2024-02-02,Washington,Detroit,395.7,NW,0.0
0022300708,1610612746,LAC,2024-02-04,Detroit,Miami,1155.7,S,0.0
0022300716,1610612746,LAC,2024-02-05,Miami,Atlanta,606.0,NW,0.0
0022300731,1610612746,LAC,2024-02-07,Atlanta,Inglewood,1938.9,W,-3.0
0022300749,1610612746,LAC,2024-02-10,Inglewood,Inglewood,0.0,,0.0
0022300770,1610612746,LAC,2024-02-12,Inglewood,Inglewood,0.0,,0.0
0022300789,1610612746,LAC,2024-02-14,Inglewood,San Francisco,347.9,NW,0.0
0022300799,1610612746,LAC,2024-02-22,San Francisco,Oklahoma City,1384.4,E,2.0
0022300807,1610612746,LAC,2024-02-23,Oklahoma City,Memphis,421.4,E,0.0
0022300827,1610612746,LAC,2024-02-25,Memphis,Inglewood,1606.9,W,-2.0
0022300848,1610612746,LAC,2024-02-28,Inglewood,Inglewood,0.0,,0.0
0022300865,1610612746,LAC,2024-03-01,Inglewood,Inglewood,0.0,,0.0
0022300873,1610612746,LAC,2024-03-03,Inglewood,Minneapolis,1529.9,NE,2.0
0022300880,1610612746,LAC,2024-03-04,Minneapolis,Milwaukee,297.9,SE,0.0
0022300897,1610612746,LAC,2024-03-06,Milwaukee,Houston,1006.5,SW,0.0
0022300917,1610612746,LAC,2024-03-09,Houston,Inglewood,1376.4,W,-2.0
0022300924,1610612746,LAC,2024-03-10,Inglewood,Inglewood,0.0,,0.0
0022300944,1610612746,LAC,2024-03-12,Inglewood,Inglewood,0.0,,0.0
0022300956,1610612746,LAC,2024-03-14,Inglewood,Chicago,1748.5,NE,2.0
0022300964,1610612746,LAC,2024-03-15,Chicago,New Orleans,835.2,S,0.0
0022300982,1610612746,LAC,2024-03-17,New Orleans,Inglewood,1674.3,W,-2.0
0022301003,1610612746,LAC,2024-03-20,Inglewood,Portland,832.5,N,0.0
0022301017,1610612746,LAC,2024-03-22,Portland,Portland,0.0,,0.0
0022301028,1610612746,LAC,2024-03-24,Portland,Inglewood,832.5,S,0.0
0022301043,1610612746,LAC,2024-03-25,Inglewood,Inglewood,0.0,,0.0
0022301052,1610612746,LAC,2024-03-27,Inglewood,Philadelphia,2396.2,NE,3.0
0022301064,1610612746,LAC,2024-03-29,Philadelphia,Orlando,860.9,SW,0.0
0022301079,1610612746,LAC,2024-03-31,Orlando,Charlotte,463.1,N,0.0
0022301101,1610612746,LAC,2024-04-02,Charlotte,Sacramento,2240.2,W,-3.0
0022301114,1610612746,LAC,2024-04-04,Sacramento,Inglewood,365.3,SE,0.0
0022301126,1610612746,LAC,2024-04-05,Inglewood,Inglewood,0.0,,0.0
0022301132,1610612746,LAC,2024-04-07,Inglewood,Inglewood,0.0,,0.0
0022301156,1610612746,LAC,2024-04-09,Inglewood,Phoenix,362.1,E,0.0
0022301165,1610612746,LAC,2024-04-10,Phoenix,Inglewood,362.1,W,0.0
0022301184,1610612746,LAC,2024-04-12,Inglewood,Inglewood,0.0,,0.0
0022301199,1610612746,LAC,2024-04-14,Inglewood,Inglewood,0.0,,0.0
0022300061,1610612747,LAL,2023-10-24,Los Angeles,Denver,830.8,NE,1.0
0022300076,1610612747,LAL,2023-10-26,Denver,Los Angeles,830.8,SW,-1.0
0022300100,1610612747,LAL,2023-10-29,Los Angeles,Sacramento,361.4,NW,0.0
0022300111,1610612747,LAL,2023-10-30,Sacramento,Los Angeles,361.4,SE,0.0
0022300127,1610612747,LAL,2023-11-01,Los Angeles,Los Angeles,0.0,,0.0
0022300134,1610612747,LAL,2023-11-04,Los Angeles,Orlando,2198.6,E,3.0
0022300150,1610612747,LAL,2023-11-06,Orlando,Miami,204.3,S,0.0
0022300163,1610612747,LAL,2023-11-08,Miami,Houston,966.6,W,-1.0
0022300015,1610612747,LAL,2023-11-10,Houston,Phoenix,1014.7,W,-1.0
0022300187,1610612747,LAL,2023-11-12,Phoenix,Los Angeles,358.3,W,-1.0
0022300026,1610612747,LAL,2023-11-14,Los Angeles,Los Angeles,0.0,,0.0
0022300198,1610612747,LAL,2023-11-15,Los Angeles,Los Angeles,0.0,,0.0
0022300036,1610612747,LAL,2023-11-17,Los Angeles,Portland,827.1,N,0.0
0022300216,1610612747,LAL,2023-11-19,Portland,Los Angeles,827.1,S,0.0
0022300042,1610612747,LAL,2023-11-21,Los Angeles,Los Angeles,0.0,,0.0
0022300238,1610612747,LAL,2023-11-22,Los Angeles,Los Angeles,0.0,,0.0
0022300242,1610612747,LAL,2023-11-25,Los Angeles,Cleveland,2046.7,NE,3.0
0022300255,1610612747,LAL,2023-11-27,Cleveland,Philadelphia,358.6,E,0.0
0022300258,1610612747,LAL,2023-11-29,Philadelphia,Detroit,443.4,NW,0.0
0022300271,1610612747,LAL,2023-11-30,Detroit,Oklahoma City,909.4,SW,-1.0
0022300291,1610612747,LAL,2023-12-02,Oklahoma City,Los Angeles,1180.0,W,-2.0
0022301203,1610612747,LAL,2023-12-05,Los Angeles,Los Angeles,0.0,,0.0
0022301230,1610612747,LAL,2023-12-07,Los Angeles,Los Angeles,0.0,,0.0
0022300306,1610612747,LAL,2023-12-12,Los Angeles,Dallas,1238.2,E,2.0
0022300316,1610612747,LAL,2023-12-13,Dallas,San Antonio,251.5,SW,0.0
0022300331,1610612747,LAL,2023-12-15,San Antonio,San Antonio,0.0,,0.0
0022300359,1610612747,LAL,2023-12-18,San Antonio,Los Angeles,1205.9,W,-2.0
0022300370,1610612747,LAL,2023-12-20,Los Angeles,Chicago,1741.6,NE,2.0
0022300380,1610612747,LAL,2023-12-21,Chicago,Minneapolis,353.2,NW,0.0
0022300397,1610612747,LAL,2023-12-23,Minneapolis,Oklahoma City,694.2,S,0.0
0022300403,1610612747,LAL,2023-12-25,Oklahoma City,Los Angeles,1180.0,W,-2.0
0022300428,1610612747,LAL,2023-12-28,Los Angeles,Los Angeles,0.0,,0.0
0022300443,1610612747,LAL,2023-12-30,Los Angeles,Minneapolis,1522.4,NE,2.0
0022300446,1610612747,LAL,2023-12-31,Minneapolis,New Orleans,1053.0,S,0.0
0022300475,1610612747,LAL,2024-01-03,New Orleans,Los Angeles,1670.2,W,-2.0
0022300491,1610612747,LAL,2024-01-05,Los Angeles,Los Angeles,0.0,,0.0
0022300505,1610612747,LAL,2024-01-07,Los Angeles,Los Angeles,0.0,,0.0
0022300516,1610612747,LAL,2024-01-09,Los Angeles,Los Angeles,0.0,,0.0
0022300531,1610612747,LAL,2024-01-11,Los Angeles,Los Angeles,0.0,,0.0
0022300549,1610612747,LAL,2024-01-13,Los Angeles,Salt Lake City,581.0,NE,1.0
0022300565,1610612747,LAL,2024-01-15,Salt Lake City,Los Angeles,581.0,SW,-1.0
0022300577,1610612747,LAL,2024-01-17,Los Angeles,Los Angeles,0.0,,0.0
0022300591,1610612747,LAL,2024-01-19,Los Angeles,Los Angeles,0.0,,0.0
0022300605,1610612747,LAL,2024-01-21,Los Angeles,Los Angeles,0.0,,0.0
0022300618,1610612747,LAL,2024-01-23,Los Angeles,Inglewood,8.0,SW,0.0
0022300633,1610612747,LAL,2024-01-25,Inglewood,Los Angeles,8.0,NE,0.0
0022300650,1610612747,LAL,2024-01-27,Los Angeles,San Francisco,345.5,NW,0.0
0022300662,1610612747,LAL,2024-01-29,San Francisco,Houston,1641.3,E,2.0
0022300669,1610612747,LAL,2024-01-30,Houston,Atlanta,700.7,NE,1.0
0022300684,1610612747,LAL,2024-02-01,Atlanta,Boston,936.1,NE,0.0
0022300701,1610612747,LAL,2024-02-03,Boston,New York,188.2,SW,0.0
0022300713,1610612747,LAL,2024-02-05,New York,Charlotte,533.3,SW,0.0
0022300740,1610612747,LAL,2024-02-08,Charlotte,Los Angeles,2116.7,W,-3.0
0022300747,1610612747,LAL,2024-02-09,Los Angeles,Los Angeles,0.0,,0.0
0022300776,1610612747,LAL,2024-02-13,Los Angeles,Los Angeles,0.0,,0.0
0022300788,1610612747,LAL,2024-02-14,Los Angeles,Salt Lake City,581.0,NE,1.0
0022300802,1610612747,LAL,2024-02-22,Salt Lake City,San Francisco,597.6,W,-1.0
0022300813,1610612747,LAL,2024-02-23,San Francisco,Los Angeles,345.5,SE,0.0
0022300818,1610612747,LAL,2024-02-25,Los Angeles,Phoenix,358.3,E,1.0
0022300848,1610612747,LAL,2024-02-28,Phoenix,Inglewood,362.1,W,-1.0
0022300856,1610612747,LAL,2024-02-29,Inglewood,Los Angeles,8.0,NE,0.0
0022300869,1610612747,LAL,2024-03-02,Los Angeles,Los Angeles,0.0,,0.0
0022300884,1610612747,LAL,2024-03-04,Los Angeles,Los Angeles,0.0,,0.0
0022300901,1610612747,LAL,2024-03-06,Los Angeles,Los Angeles,0.0,,0.0
0022300915,1610612747,LAL,2024-03-08,Los Angeles,Los Angeles,0.0,,0.0
0022300932,1610612747,LAL,2024-03-10,Los Angeles,Los Angeles,0.0,,0.0
0022300954,1610612747,LAL,2024-03-13,Los Angeles,Sacramento,361.4,NW,0.0
0022300973,1610612747,LAL,2024-03-16,Sacramento,Los Angeles,361.4,SE,0.0
0022300990,1610612747,LAL,2024-03-18,Los Angeles,Los Angeles,0.0,,0.0
0022301018,1610612747,LAL,2024-03-22,Los Angeles,Los Angeles,0.0,,0.0
0022301032,1610612747,LAL,2024-03-24,Los Angeles,Los Angeles,0.0,,0.0
0022301045,1610612747,LAL,2024-03-26,Los Angeles,Milwaukee,1742.4,NE,2.0
0022301055,1610612747,LAL,2024-03-27,Milwaukee,Memphis,558.1,S,0.0
0022301063,1610612747,LAL,2024-03-29,Memphis,Indianapolis,384.3,NE,1.0
0022301078,1610612747,LAL,2024-03-31,Indianapolis,Brooklyn,645.2,E,0.0
0022301094,1610612747,LAL,2024-04-02,Brooklyn,Toronto,344.0,NW,0.0
0022301103,1610612747,LAL,2024-04-03,Toronto,Washington,350.0,S,0.0
0022301127,1610612747,LAL,2024-04-06,Washington,Los Angeles,2296.5,W,-3.0
0022301143,1610612747,LAL,2024-04-07,Los Angeles,Los Angeles,0.0,,0.0
0022301155,1610612747,LAL,2024-04-09,Los Angeles,Los Angeles,0.0,,0.0
0022301177,1610612747,LAL,2024-04-12,Los Angeles,Memphis,1601.4,E,2.0
0022301195,1610612747,LAL,2024-04-14,Memphis,New Orleans,358.5,S,0.0
0022300068,1610612748,MIA,2023-10-25,Miami,Miami,0.0,,0.0
0022300080,1610612748,MIA,2023-10-27,Miami,Boston,1257.4,N,0.0
0022300093,1610612748,MIA,2023-10-28,Boston,Minneapolis,1121.1,W,-1.0
0022300107,1610612748,MIA,2023-10-30,Minneapolis,Milwaukee,297.9,SE,0.0
0022300119,1610612748,MIA,2023-11-01,Milwaukee,Miami,1270.2,SE,1.0
0022300003,1610612748,MIA,2023-11-03,Miami,Miami,0.0,,0.0
0022300150,1610612748,MIA,2023-11-06,Miami,Miami,0.0,,0.0
0022300164,1610612748,MIA,2023-11-08,Miami,Memphis,872.5,NW,-1.0
0022300175,1610612748,MIA,2023-11-11,Memphis,Atlanta,335.9,E,1.0
0022300184,1610612748,MIA,2023-11-12,Atlanta,San Antonio,878.0,W,-1.0
0022300017,1610612748,MIA,2023-11-14,San Antonio,Charlotte,1100.8,NE,1.0
0022300200,1610612748,MIA,2023-11-16,Charlotte,Miami,653.7,S,0.0
0022300204,1610612748,MIA,2023-11-18,Miami,Chicago,1191.3,N,-1.0
0022300220,1610612748,MIA,2023-11-20,Chicago,Chicago,0.0,,0.0
0022300229,1610612748,MIA,2023-11-22,Chicago,Cleveland,309.9,E,1.0
0022300045,1610612748,MIA,2023-11-24,Cleveland,New York,403.7,E,0.0
0022300240,1610612748,MIA,2023-11-25,New York,Brooklyn,4.8,S,0.0
0022300056,1610612748,MIA,2023-11-28,Brooklyn,Miami,1089.6,S,0.0
0022300267,1610612748,MIA,2023-11-30,Miami,Miami,0.0,,0.0
0022300284,1610612748,MIA,2023-12-02,Miami,Miami,0.0,,0.0
0022301207,1610612748,MIA,2023-12-06,Miami,Toronto,1235.0,N,0.0
0022301220,1610612748,MIA,2023-12-08,Toronto,Miami,1235.0,S,0.0
0022300292,1610612748,MIA,2023-12-11,Miami,Charlotte,653.7,N,0.0
0022300312,1610612748,MIA,2023-12-13,Charlotte,Miami,653.7,S,0.0
0022300320,1610612748,MIA,2023-12-14,Miami,Miami,0.0,,0.0
0022300337,1610612748,MIA,2023-12-16,Miami,Miami,0.0,,0.0
0022300353,1610612748,MIA,2023-12-18,Miami,Miami,0.0,,0.0
0022300366,1610612748,MIA,2023-12-20,Miami,Orlando,204.3,N,0.0
0022300384,1610612748,MIA,2023-12-22,Orlando,Miami,204.3,S,0.0
0022300404,1610612748,MIA,2023-12-25,Miami,Miami,0.0,,0.0
0022300426,1610612748,MIA,2023-12-28,Miami,San Francisco,2588.8,NW,-3.0
0022300439,1610612748,MIA,2023-12-30,San Francisco,Salt Lake City,597.6,NE,1.0
0022300458,1610612748,MIA,2024-01-01,Salt Lake City,Inglewood,589.0,SW,-1.0
0022300475,1610612748,MIA,2024-01-03,Inglewood,Los Angeles,8.0,NE,0.0
0022300489,1610612748,MIA,2024-01-05,Los Angeles,Phoenix,358.3,E,1.0
0022300509,1610612748,MIA,2024-01-08,Phoenix,Miami,1978.4,E,2.0
0022300522,1610612748,MIA,2024-01-10,Miami,Miami,0.0,,0.0
0022300535,1610612748,MIA,2024-01-12,Miami,Miami,0.0,,0.0
0022300551,1610612748,MIA,2024-01-14,Miami,Miami,0.0,,0.0
0022300562,1610612748,MIA,2024-01-15,Miami,Brooklyn,1089.6,N,0.0
0022300574,1610612748,MIA,2024-01-17,Brooklyn,Toronto,344.0,NW,0.0
0022300587,1610612748,MIA,2024-01-19,Toronto,Miami,1235.0,S,0.0
0022300601,1610612748,MIA,2024-01-21,Miami,Orlando,204.3,N,0.0
0022300621,1610612748,MIA,2024-01-24,Orlando,Miami,204.3,S,0.0
0022300630,1610612748,MIA,2024-01-25,Miami,Miami,0.0,,0.0
0022300643,1610612748,MIA,2024-01-27,Miami,New York,1093.6,N,0.0
0022300661,1610612748,MIA,2024-01-29,New York,Miami,1093.6,S,0.0
0022300678,1610612748,MIA,2024-01-31,Miami,Miami,0.0,,0.0
0022300689,1610612748,MIA,2024-02-02,Miami,Washington,924.8,N,0.0
0022300708,1610612748,MIA,2024-02-04,Washington,Miami,924.8,S,0.0
0022300721,1610612748,MIA,2024-02-06,Miami,Miami,0.0,,0.0
0022300730,1610612748,MIA,2024-02-07,Miami,Miami,0.0,,0.0
0022300759,1610612748,MIA,2024-02-11,Miami,Miami,0.0,,0.0
0022300773,1610612748,MIA,2024-02-13,Miami,Milwaukee,1270.2,N,-1.0
0022300779,1610612748,MIA,2024-02-14,Milwaukee,Philadelphia,693.8,E,1.0
0022300810,1610612748,MIA,2024-02-23,Philadelphia,New Orleans,1086.5,SW,-1.0
0022300831,1610612748,MIA,2024-02-26,New Orleans,Sacramento,1879.8,NW,-2.0
0022300842,1610612748,MIA,2024-02-27,Sacramento,Portland,484.0,N,0.0
0022300855,1610612748,MIA,2024-02-29,Portland,Denver,979.7,E,1.0
0022300867,1610612748,MIA,2024-03-02,Denver,Miami,1725.7,SE,2.0
0022300888,1610612748,MIA,2024-03-05,Miami,Miami,0.0,,0.0
0022300904,1610612748,MIA,2024-03-07,Miami,Dallas,1110.8,NW,-1.0
0022300914,1610612748,MIA,2024-03-08,Dallas,Oklahoma City,189.0,N,0.0
0022300926,1610612748,MIA,2024-03-10,Oklahoma City,Miami,1225.5,SE,1.0
0022300949,1610612748,MIA,2024-03-13,Miami,Miami,0.0,,0.0
0022300962,1610612748,MIA,2024-03-15,Miami,Detroit,1155.7,N,0.0
0022300977,1610612748,MIA,2024-03-17,Detroit,Detroit,0.0,,0.0
0022300985,1610612748,MIA,2024-03-18,Detroit,Philadelphia,443.4,E,0.0
0022300996,1610612748,MIA,2024-03-20,Philadelphia,Cleveland,358.6,W,0.0
0022301013,1610612748,MIA,2024-03-22,Cleveland,Miami,1089.2,S,0.0
0022301029,1610612748,MIA,2024-03-24,Miami,Miami,0.0,,0.0
0022301044,1610612748,MIA,2024-03-26,Miami,Miami,0.0,,0.0
0022301068,1610612748,MIA,2024-03-29,Miami,Miami,0.0,,0.0
0022301081,1610612748,MIA,2024-03-31,Miami,Washington,924.8,N,0.0
0022301096,1610612748,MIA,2024-04-02,Washington,Miami,924.8,S,0.0
0022301111,1610612748,MIA,2024-04-04,Miami,Miami,0.0,,0.0
0022301120,1610612748,MIA,2024-04-05,Miami,Houston,966.6,W,-1.0
0022301133,1610612748,MIA,2024-04-07,Houston,Indianapolis,866.0,NE,1.0
0022301147,1610612748,MIA,2024-04-09,Indianapolis,Atlanta,426.3,S,0.0
0022301161,1610612748,MIA,2024-04-10,Atlanta,Miami,606.0,SE,0.0
0022301176,1610612748,MIA,2024-04-12,Miami,Miami,0.0,,0.0
0022301189,1610612748,MIA,2024-04-14,Miami,Miami,0.0,,0.0
0022300075,1610612749,MIL,2023-10-26,Milwaukee,Milwaukee,0.0,,0.0
0022300097,1610612749,MIL,2023-10-29,Milwaukee,Milwaukee,0.0,,0.0
0022300107,1610612749,MIL,2023-10-30,Milwaukee,Milwaukee,0.0,,0.0
0022300116,1610612749,MIL,2023-11-01,Milwaukee,Toronto,430.8,E,1.0
0022300002,1610612749,MIL,2023-11-03,Toronto,Milwaukee,430.8,W,-1.0
0022300149,1610612749,MIL,2023-11-06,Milwaukee,Brooklyn,734.8,E,1.0
0022300165,1610612749,MIL,2023-11-08,Brooklyn,Milwaukee,734.8,W,-1.0
0022300171,1610612749,MIL,2023-11-09,Milwaukee,Indianapolis,244.4,SE,1.0
0022300173,1610612749,MIL,2023-11-11,Indianapolis,Orlando,821.8,S,0.0
0022300190,1610612749,MIL,2023-11-13,Orlando,Milwaukee,1066.2,N,-1.0
0022300195,1610612749,MIL,2023-11-15,Milwaukee,Toronto,430.8,E,1.0
0022300027,1610612749,MIL,2023-11-17,Toronto,Charlotte,586.8,S,0.0
0022300205,1610612749,MIL,2023-11-18,Charlotte,Milwaukee,659.6,NW,-1.0
0022300219,1610612749,MIL,2023-11-20,Milwaukee,Washington,635.9,SE,1.0
0022300228,1610612749,MIL,2023-11-22,Washington,Boston,393.6,NE,0.0
0022300049,1610612749,MIL,2023-11-24,Boston,Milwaukee,855.6,W,-1.0
0022300245,1610612749,MIL,2023-11-26,Milwaukee,Milwaukee,0.0,,0.0
0022300056,1610612749,MIL,2023-11-28,Milwaukee,Miami,1270.2,SE,1.0
0022300269,1610612749,MIL,2023-11-30,Miami,Chicago,1191.3,N,-1.0
0022300286,1610612749,MIL,2023-12-02,Chicago,Milwaukee,81.4,N,0.0
0022301201,1610612749,MIL,2023-12-05,Milwaukee,Milwaukee,0.0,,0.0
0022301229,1610612749,MIL,2023-12-07,Milwaukee,Milwaukee,0.0,,0.0
0022300300,1610612749,MIL,2023-12-11,Milwaukee,Milwaukee,0.0,,0.0
0022300315,1610612749,MIL,2023-12-13,Milwaukee,Milwaukee,0.0,,0.0
0022300334,1610612749,MIL,2023-12-16,Milwaukee,Milwaukee,0.0,,0.0
0022300346,1610612749,MIL,2023-12-17,Milwaukee,Milwaukee,0.0,,0.0
0022300361,1610612749,MIL,2023-12-19,Milwaukee,Milwaukee,0.0,,0.0
0022300378,1610612749,MIL,2023-12-21,Milwaukee,Milwaukee,0.0,,0.0
0022300388,1610612749,MIL,2023-12-23,Milwaukee,New York,732.5,E,1.0
0022300401,1610612749,MIL,2023-12-25,New York,New York,0.0,,0.0
0022300417,1610612749,MIL,2023-12-27,New York,Brooklyn,4.8,S,0.0
0022300433,1610612749,MIL,2023-12-29,Brooklyn,Cleveland,405.4,W,0.0
0022300454,1610612749,MIL,2024-01-01,Cleveland,Milwaukee,335.9,W,-1.0
0022300466,1610612749,MIL,2024-01-03,Milwaukee,Indianapolis,244.4,SE,1.0
0022300477,1610612749,MIL,2024-01-04,Indianapolis,San Antonio,997.1,SW,-1.0
0022300496,1610612749,MIL,2024-01-06,San Antonio,Houston,186.1,E,0.0
0022300510,1610612749,MIL,2024-01-08,Houston,Milwaukee,1006.5,N,0.0
0022300528,1610612749,MIL,2024-01-11,Milwaukee,Milwaukee,0.0,,0.0
0022300545,1610612749,MIL,2024-01-13,Milwaukee,Milwaukee,0.0,,0.0
0022300552,1610612749,MIL,2024-01-14,Milwaukee,Milwaukee,0.0,,0.0
0022300572,1610612749,MIL,2024-01-17,Milwaukee,Cleveland,335.9,E,1.0
0022300592,1610612749,MIL,2024-01-20,Cleveland,Detroit,91.3,NW,0.0
0022300606,1610612749,MIL,2024-01-22,Detroit,Detroit,0.0,,0.0
0022300624,1610612749,MIL,2024-01-24,Detroit,Milwaukee,251.6,W,-1.0
0022300639,1610612749,MIL,2024-01-26,Milwaukee,Milwaukee,0.0,,0.0
0022300648,1610612749,MIL,2024-01-27,Milwaukee,Milwaukee,0.0,,0.0
0022300667,1610612749,MIL,2024-01-29,Milwaukee,Denver,912.8,W,-1.0
0022300683,1610612749,MIL,2024-01-31,Denver,Portland,979.7,NW,-1.0
0022300702,1610612749,MIL,2024-02-03,Portland,Dallas,1630.0,SE,2.0
0022300711,1610612749,MIL,2024-02-04,Dallas,Salt Lake City,998.4,NW,-1.0
0022300725,1610612749,MIL,2024-02-06,Salt Lake City,Phoenix,506.0,S,0.0
0022300738,1610612749,MIL,2024-02-08,Phoenix,Milwaukee,1461.7,NE,1.0
0022300745,1610612749,MIL,2024-02-09,Milwaukee,Milwaukee,0.0,,0.0
0022300767,1610612749,MIL,2024-02-12,Milwaukee,Milwaukee,0.0,,0.0
0022300773,1610612749,MIL,2024-02-13,Milwaukee,Milwaukee,0.0,,0.0
0022300790,1610612749,MIL,2024-02-15,Milwaukee,Memphis,558.1,S,0.0
0022300808,1610612749,MIL,2024-02-23,Memphis,Minneapolis,700.9,N,0.0
0022300817,1610612749,MIL,2024-02-25,Minneapolis,Philadelphia,984.9,E,1.0
0022300840,1610612749,MIL,2024-02-27,Philadelphia,Milwaukee,693.8,W,-1.0
0022300849,1610612749,MIL,2024-02-29,Milwaukee,Charlotte,659.6,SE,1.0
0022300864,1610612749,MIL,2024-03-01,Charlotte,Chicago,589.4,NW,-1.0
0022300880,1610612749,MIL,2024-03-04,Chicago,Milwaukee,81.4,N,0.0
0022300899,1610612749,MIL,2024-03-06,Milwaukee,San Francisco,1836.4,W,-2.0
0022300915,1610612749,MIL,2024-03-08,San Francisco,Los Angeles,345.5,SE,0.0
0022300924,1610612749,MIL,2024-03-10,Los Angeles,Inglewood,8.0,SW,0.0
0022300945,1610612749,MIL,2024-03-12,Inglewood,Sacramento,365.3,NW,0.0
0022300958,1610612749,MIL,2024-03-14,Sacramento,Milwaukee,1770.9,E,2.0
0022300976,1610612749,MIL,2024-03-17,Milwaukee,Milwaukee,0.0,,0.0
0022300998,1610612749,MIL,2024-03-20,Milwaukee,Boston,855.6,E,1.0
0022301007,1610612749,MIL,2024-03-21,Boston,Milwaukee,855.6,W,-1.0
0022301030,1610612749,MIL,2024-03-24,Milwaukee,Milwaukee,0.0,,0.0
0022301045,1610612749,MIL,2024-03-26,Milwaukee,Milwaukee,0.0,,0.0
0022301061,1610612749,MIL,2024-03-28,Milwaukee,New Orleans,912.7,S,0.0
0022301076,1610612749,MIL,2024-03-30,New Orleans,Atlanta,424.8,NE,1.0
0022301095,1610612749,MIL,2024-04-02,Atlanta,Washington,542.5,NE,0.0
0022301107,1610612749,MIL,2024-04-03,Washington,Milwaukee,635.9,NW,-1.0
0022301122,1610612749,MIL,2024-04-05,Milwaukee,Milwaukee,0.0,,0.0
0022301139,1610612749,MIL,2024-04-07,Milwaukee,Milwaukee,0.0,,0.0
0022301148,1610612749,MIL,2024-04-09,Milwaukee,Milwaukee,0.0,,0.0
0022301162,1610612749,MIL,2024-04-10,Milwaukee,Milwaukee,0.0,,0.0
0022301179,1610612749,MIL,2024-04-12,Milwaukee,Oklahoma City,732.6,SW,0.0
0022301191,1610612749,MIL,2024-04-14,Oklahoma City,Orlando,1057.5,E,1.0
0022300069,1610612750,MIN,2023-10-25,Minneapolis,Toronto,692.4,E,1.0
0022300093,1610612750,MIN,2023-10-28,Toronto,Minneapolis,692.4,W,-1.0
0022300104,1610612750,MIN,2023-10-30,Minneapolis,Atlanta,907.7,SE,1.0
0022300123,1610612750,MIN,2023-11-01,Atlanta,Minneapolis,907.7,NW,-1.0
0022300138,1610612750,MIN,2023-11-04,Minneapolis,Minneapolis,0.0,,0.0
0022300154,1610612750,MIN,2023-11-06,Minneapolis,Minneapolis,0.0,,0.0
0022300166,1610612750,MIN,2023-11-08,Minneapolis,Minneapolis,0.0,,0.0
0022300013,1610612750,MIN,2023-11-10,Minneapolis,San Antonio,1110.9,S,0.0
0022300186,1610612750,MIN,2023-11-12,San Antonio,San Francisco,1488.5,NW,-2.0
0022300025,1610612750,MIN,2023-11-14,San Francisco,San Francisco,0.0,,0.0
0022300197,1610612750,MIN,2023-11-15,San Francisco,Phoenix,651.4,SE,1.0
0022300203,1610612750,MIN,2023-11-18,Phoenix,New Orleans,1312.5,E,1.0
0022300221,1610612750,MIN,2023-11-20,New Orleans,Minneapolis,1053.0,N,0.0
0022300232,1610612750,MIN,2023-11-22,Minneapolis,Minneapolis,0.0,,0.0
0022300050,1610612750,MIN,2023-11-24,Minneapolis,Minneapolis,0.0,,0.0
0022300249,1610612750,MIN,2023-11-26,Minneapolis,Memphis,700.9,S,0.0
0022300058,1610612750,MIN,2023-11-28,Memphis,Minneapolis,700.9,N,0.0
0022300270,1610612750,MIN,2023-11-30,Minneapolis,Minneapolis,0.0,,0.0
0022300281,1610612750,MIN,2023-12-02,Minneapolis,Charlotte,939.3,SE,1.0
0022301210,1610612750,MIN,2023-12-06,Charlotte,Minneapolis,939.3,NW,-1.0
0022301221,1610612750,MIN,2023-12-08,Minneapolis,Memphis,700.9,S,0.0
0022300301,1610612750,MIN,2023-12-11,Memphis,New Orleans,358.5,S,0.0
0022300321,1610612750,MIN,2023-12-14,New Orleans,Dallas,442.7,NW,0.0
0022300338,1610612750,MIN,2023-12-16,Dallas,Minneapolis,863.1,N,0.0
0022300353,1610612750,MIN,2023-12-18,Minneapolis,Miami,1513.1,SE,1.0
0022300367,1610612750,MIN,2023-12-20,Miami,Philadelphia,1017.6,N,0.0
0022300380,1610612750,MIN,2023-12-21,Philadelphia,Minneapolis,984.9,NW,-1.0
0022300400,1610612750,MIN,2023-12-23,Minneapolis,Sacramento,1511.1,W,-2.0
0022300411,1610612750,MIN,2023-12-26,Sacramento,Oklahoma City,1336.6,E,2.0
0022300423,1610612750,MIN,2023-12-28,Oklahoma City,Minneapolis,694.2,N,0.0
0022300443,1610612750,MIN,2023-12-30,Minneapolis,Minneapolis,0.0,,0.0
0022300451,1610612750,MIN,2024-01-01,Minneapolis,New York,1016.5,E,1.0
0022300471,1610612750,MIN,2024-01-03,New York,Minneapolis,1016.5,NW,-1.0
0022300485,1610612750,MIN,2024-01-05,Minneapolis,Houston,1058.3,S,0.0
0022300501,1610612750,MIN,2024-01-07,Houston,Dallas,226.8,N,0.0
0022300513,1610612750,MIN,2024-01-09,Dallas,Orlando,961.6,E,1.0
0022300517,1610612750,MIN,2024-01-10,Orlando,Boston,1116.1,NE,0.0
0022300538,1610612750,MIN,2024-01-12,Boston,Minneapolis,1121.1,W,-1.0
0022300553,1610612750,MIN,2024-01-14,Minneapolis,Minneapolis,0.0,,0.0
0022300569,1610612750,MIN,2024-01-17,Minneapolis,Detroit,542.0,E,1.0
0022300582,1610612750,MIN,2024-01-18,Detroit,Minneapolis,542.0,NW,-1.0
0022300599,1610612750,MIN,2024-01-20,Minneapolis,Minneapolis,0.0,,0.0
0022300610,1610612750,MIN,2024-01-22,Minneapolis,Minneapolis,0.0,,0.0
0022300620,1610612750,MIN,2024-01-24,Minneapolis,Washington,932.8,E,1.0
0022300629,1610612750,MIN,2024-01-25,Washington,Brooklyn,203.3,NE,0.0
0022300649,1610612750,MIN,2024-01-27,Brooklyn,San Antonio,1579.3,W,-1.0
0022300664,1610612750,MIN,2024-01-29,San Antonio,Oklahoma City,420.5,N,0.0
0022300680,1610612750,MIN,2024-01-31,Oklahoma City,Minneapolis,694.2,N,0.0
0022300694,1610612750,MIN,2024-02-02,Minneapolis,Minneapolis,0.0,,0.0
0022300709,1610612750,MIN,2024-02-04,Minneapolis,Minneapolis,0.0,,0.0
0022300723,1610612750,MIN,2024-02-06,Minneapolis,Chicago,353.2,SE,0.0
0022300738,1610612750,MIN,2024-02-08,Chicago,Milwaukee,81.4,N,0.0
0022300770,1610612750,MIN,2024-02-12,Milwaukee,Inglewood,1749.5,W,-2.0
0022300775,1610612750,MIN,2024-02-13,Inglewood,Portland,832.5,N,0.0
0022300791,1610612750,MIN,2024-02-15,Portland,Portland,0.0,,0.0
0022300808,1610612750,MIN,2024-02-23,Portland,Minneapolis,1422.0,E,2.0
0022300815,1610612750,MIN,2024-02-24,Minneapolis,Minneapolis,0.0,,0.0
0022300838,1610612750,MIN,2024-02-27,Minneapolis,Minneapolis,0.0,,0.0
0022300845,1610612750,MIN,2024-02-28,Minneapolis,Minneapolis,0.0,,0.0
0022300862,1610612750,MIN,2024-03-01,Minneapolis,Minneapolis,0.0,,0.0
0022300873,1610612750,MIN,2024-03-03,Minneapolis,Minneapolis,0.0,,0.0
0022300881,1610612750,MIN,2024-03-04,Minneapolis,Minneapolis,0.0,,0.0
0022300903,1610612750,MIN,2024-03-07,Minneapolis,Indianapolis,511.4,SE,1.0
0022300911,1610612750,MIN,2024-03-08,Indianapolis,Cleveland,263.0,NE,0.0
0022300932,1610612750,MIN,2024-03-10,Cleveland,Los Angeles,2046.7,W,-3.0
0022300944,1610612750,MIN,2024-03-12,Los Angeles,Inglewood,8.0,SW,0.0
0022300974,1610612750,MIN,2024-03-16,Inglewood,Salt Lake City,589.0,NE,1.0
0022300987,1610612750,MIN,2024-03-18,Salt Lake City,Salt Lake City,0.0,,0.0
0022300995,1610612750,MIN,2024-03-19,Salt Lake City,Minneapolis,984.4,NE,1.0
0022301014,1610612750,MIN,2024-03-22,Minneapolis,Minneapolis,0.0,,0.0
0022301031,1610612750,MIN,2024-03-24,Minneapolis,Minneapolis,0.0,,0.0
0022301056,1610612750,MIN,2024-03-27,Minneapolis,Minneapolis,0.0,,0.0
0022301071,1610612750,MIN,2024-03-29,Minneapolis,Denver,698.5,SW,-1.0
0022301084,1610612750,MIN,2024-03-31,Denver,Minneapolis,698.5,NE,1.0
0022301098,1610612750,MIN,2024-04-02,Minneapolis,Minneapolis,0.0,,0.0
0022301108,1610612750,MIN,2024-04-03,Minneapolis,Minneapolis,0.0,,0.0
0022301125,1610612750,MIN,2024-04-05,Minneapolis,Phoenix,1278.1,SW,-2.0
0022301143,1610612750,MIN,2024-04-07,Phoenix,Los Angeles,358.3,W,0.0
0022301152,1610612750,MIN,2024-04-09,Los Angeles,Minneapolis,1522.4,NE,2.0
0022301164,1610612750,MIN,2024-04-10,Minneapolis,Denver,698.5,SW,-1.0
0022301178,1610612750,MIN,2024-04-12,Denver,Minneapolis,698.5,NE,1.0
0022301194,1610612750,MIN,2024-04-14,Minneapolis,Minneapolis,0.0,,0.0
0022300067,1610612751,BKN,2023-10-25,Brooklyn,Brooklyn,0.0,,0.0
0022300084,1610612751,BKN,2023-10-27,Brooklyn,Dallas,1371.7,W,-1.0
0022300101,1610612751,BKN,2023-10-30,Dallas,Charlotte,929.0,E,1.0
0022300119,1610612751,BKN,2023-11-01,Charlotte,Miami,653.7,S,0.0
0022300004,1610612751,BKN,2023-11-03,Miami,Chicago,1191.3,N,-1.0
0022300136,1610612751,BKN,2023-11-04,Chicago,Brooklyn,715.3,E,1.0
0022300149,1610612751,BKN,2023-11-06,Brooklyn,Brooklyn,0.0,,0.0
0022300160,1610612751,BKN,2023-11-08,Brooklyn,Brooklyn,0.0,,0.0
0022300010,1610612751,BKN,2023-11-10,Brooklyn,Boston,190.4,NE,0.0
0022300178,1610612751,BKN,2023-11-12,Boston,Brooklyn,190.4,SW,0.0
0022300020,1610612751,BKN,2023-11-14,Brooklyn,Brooklyn,0.0,,0.0
0022300200,1610612751,BKN,2023-11-16,Brooklyn,Miami,1089.6,S,0.0
0022300208,1610612751,BKN,2023-11-19,Miami,Brooklyn,1089.6,N,0.0
0022300227,1610612751,BKN,2023-11-22,Brooklyn,Atlanta,745.8,SW,0.0
0022300240,1610612751,BKN,2023-11-25,Atlanta,Brooklyn,745.8,NE,0.0
0022300250,1610612751,BKN,2023-11-26,Brooklyn,Brooklyn,0.0,,0.0
0022300054,1610612751,BKN,2023-11-28,Brooklyn,Brooklyn,0.0,,0.0
0022300266,1610612751,BKN,2023-11-30,Brooklyn,Brooklyn,0.0,,0.0
0022300282,1610612751,BKN,2023-12-02,Brooklyn,Brooklyn,0.0,,0.0
0022301209,1610612751,BKN,2023-12-06,Brooklyn,Atlanta,745.8,SW,0.0
0022301219,1610612751,BKN,2023-12-08,Atlanta,Brooklyn,745.8,NE,0.0
0022300303,1610612751,BKN,2023-12-11,Brooklyn,Sacramento,2502.1,W,-3.0
0022300317,1610612751,BKN,2023-12-13,Sacramento,Phoenix,634.7,SE,1.0
0022300322,1610612751,BKN,2023-12-14,Phoenix,Denver,585.4,NE,0.0
0022300339,1610612751,BKN,2023-12-16,Denver,San Francisco,944.8,W,-1.0
0022300357,1610612751,BKN,2023-12-18,San Francisco,Salt Lake City,597.6,NE,1.0
0022300368,1610612751,BKN,2023-12-20,Salt Lake City,Brooklyn,1970.1,E,2.0
0022300383,1610612751,BKN,2023-12-22,Brooklyn,Brooklyn,0.0,,0.0
0022300394,1610612751,BKN,2023-12-23,Brooklyn,Brooklyn,0.0,,0.0
0022300406,1610612751,BKN,2023-12-26,Brooklyn,Detroit,483.3,W,0.0
0022300417,1610612751,BKN,2023-12-27,Detroit,Brooklyn,483.3,E,0.0
0022300430,1610612751,BKN,2023-12-29,Brooklyn,Washington,203.3,SW,0.0
0022300447,1610612751,BKN,2023-12-31,Washington,Oklahoma City,1150.3,W,-1.0
0022300461,1610612751,BKN,2024-01-02,Oklahoma City,New Orleans,575.8,SE,0.0
0022300469,1610612751,BKN,2024-01-03,New Orleans,Houston,316.7,W,0.0
0022300481,1610612751,BKN,2024-01-05,Houston,Brooklyn,1418.2,NE,1.0
0022300498,1610612751,BKN,2024-01-07,Brooklyn,Brooklyn,0.0,,0.0
0022300527,1610612751,BKN,2024-01-11,Brooklyn,Cleveland,405.4,W,0.0
0022300562,1610612751,BKN,2024-01-15,Cleveland,Brooklyn,405.4,E,0.0
0022300578,1610612751,BKN,2024-01-17,Brooklyn,Portland,2440.9,NW,-3.0
0022300591,1610612751,BKN,2024-01-19,Portland,Los Angeles,827.1,S,0.0
0022300600,1610612751,BKN,2024-01-21,Los Angeles,Inglewood,8.0,SW,0.0
0022300615,1610612751,BKN,2024-01-23,Inglewood,Brooklyn,2455.5,NE,3.0
0022300629,1610612751,BKN,2024-01-25,Brooklyn,Brooklyn,0.0,,0.0
0022300645,1610612751,BKN,2024-01-27,Brooklyn,Brooklyn,0.0,,0.0
0022300660,1610612751,BKN,2024-01-29,Brooklyn,Brooklyn,0.0,,0.0
0022300677,1610612751,BKN,2024-01-31,Brooklyn,Brooklyn,0.0,,0.0
0022300698,1610612751,BKN,2024-02-03,Brooklyn,Philadelphia,83.0,SW,0.0
0022300717,1610612751,BKN,2024-02-05,Philadelphia,Brooklyn,83.0,NE,0.0
0022300720,1610612751,BKN,2024-02-06,Brooklyn,Brooklyn,0.0,,0.0
0022300735,1610612751,BKN,2024-02-08,Brooklyn,Brooklyn,0.0,,0.0
0022300750,1610612751,BKN,2024-02-10,Brooklyn,Brooklyn,0.0,,0.0
0022300771,1610612751,BKN,2024-02-13,Brooklyn,Brooklyn,0.0,,0.0
0022300780,1610612751,BKN,2024-02-14,Brooklyn,Boston,190.4,NE,0.0
0022300795,1610612751,BKN,2024-02-22,Boston,Toronto,429.2,W,0.0
0022300815,1610612751,BKN,2024-02-24,Toronto,Minneapolis,692.4,W,-1.0
0022300830,1610612751,BKN,2024-02-26,Minneapolis,Memphis,700.9,S,0.0
0022300833,1610612751,BKN,2024-02-27,Memphis,Orlando,682.6,SE,1.0
0022300851,1610612751,BKN,2024-02-29,Orlando,Brooklyn,938.0,NE,0.0
0022300866,1610612751,BKN,2024-03-02,Brooklyn,Brooklyn,0.0,,0.0
0022300879,1610612751,BKN,2024-03-04,Brooklyn,Brooklyn,0.0,,0.0
0022300887,1610612751,BKN,2024-03-05,Brooklyn,Brooklyn,0.0,,0.0
0022300902,1610612751,BKN,2024-03-07,Brooklyn,Detroit,483.3,W,0.0
0022300918,1610612751,BKN,2024-03-09,Detroit,Charlotte,505.9,S,0.0
0022300930,1610612751,BKN,2024-03-10,Charlotte,Cleveland,435.7,N,0.0
0022300947,1610612751,BKN,2024-03-13,Cleveland,Orlando,895.4,S,0.0
0022300968,1610612751,BKN,2024-03-16,Orlando,Indianapolis,821.8,N,0.0
0022300981,1610612751,BKN,2024-03-17,Indianapolis,San Antonio,997.1,SW,-1.0
0022300993,1610612751,BKN,2024-03-19,San Antonio,Brooklyn,1579.3,NE,1.0
0022301007,1610612751,BKN,2024-03-21,Brooklyn,Milwaukee,734.8,W,-1.0
0022301019,1610612751,BKN,2024-03-23,Milwaukee,New York,732.5,E,1.0
0022301036,1610612751,BKN,2024-03-25,New York,Toronto,340.4,NW,0.0
0022301050,1610612751,BKN,2024-03-27,Toronto,Washington,350.0,S,0.0
0022301066,1610612751,BKN,2024-03-29,Washington,Brooklyn,203.3,NE,0.0
0022301078,1610612751,BKN,2024-03-31,Brooklyn,Brooklyn,0.0,,0.0
0022301089,1610612751,BKN,2024-04-01,Brooklyn,Indianapolis,645.2,W,0.0
0022301106,1610612751,BKN,2024-04-03,Indianapolis,Brooklyn,645.2,E,0.0
0022301128,1610612751,BKN,2024-04-06,Brooklyn,Brooklyn,0.0,,0.0
0022301141,1610612751,BKN,2024-04-07,Brooklyn,Brooklyn,0.0,,0.0
0022301160,1610612751,BKN,2024-04-10,Brooklyn,Brooklyn,0.0,,0.0
0022301175,1610612751,BKN,2024-04-12,Brooklyn,New York,4.8,N,0.0
0022301192,1610612751,BKN,2024-04-14,New York,Philadelphia,85.4,SW,0.0
0022300065,1610612752,NYK,2023-10-25,New York,New York,0.0,,0.0
0022300079,1610612752,NYK,2023-10-27,New York,Atlanta,747.9,SW,0.0
0022300090,1610612752,NYK,2023-10-28,Atlanta,New Orleans,424.8,SW,-1.0
0022300112,1610612752,NYK,2023-10-31,New Orleans,Cleveland,925.3,NE,1.0
0022300120,1610612752,NYK,2023-11-01,Cleveland,New York,403.7,E,0.0
0022300002,1610612752,NYK,2023-11-03,New York,Milwaukee,732.5,W,-1.0
0022300151,1610612752,NYK,2023-11-06,Milwaukee,New York,732.5,E,1.0
0022300161,1610612752,NYK,2023-11-08,New York,New York,0.0,,0.0
0022300177,1610612752,NYK,2023-11-12,New York,New York,0.0,,0.0
0022300188,1610612752,NYK,2023-11-13,New York,Boston,188.2,NE,0.0
0022300193,1610612752,NYK,2023-11-15,Boston,Atlanta,936.1,SW,0.0
0022300028,1610612752,NYK,2023-11-17,Atlanta,Washington,542.5,NE,0.0
0022300202,1610612752,NYK,2023-11-18,Washington,Charlotte,329.7,SW,0.0
0022300221,1610612752,NYK,2023-11-20,Charlotte,Minneapolis,939.3,NW,-1.0
0022300045,1610612752,NYK,2023-11-24,Minneapolis,New York,1016.5,E,1.0
0022300247,1610612752,NYK,2023-11-26,New York,New York,0.0,,0.0
0022300057,1610612752,NYK,2023-11-28,New York,New York,0.0,,0.0
0022300268,1610612752,NYK,2023-11-30,New York,New York,0.0,,0.0
0022300276,1610612752,NYK,2023-12-01,New York,Toronto,340.4,NW,0.0
0022301201,1610612752,NYK,2023-12-05,Toronto,Milwaukee,430.8,W,-1.0
0022301227,1610612752,NYK,2023-12-08,Milwaukee,Boston,855.6,E,1.0
0022300297,1610612752,NYK,2023-12-11,Boston,New York,188.2,SW,0.0
0022300318,1610612752,NYK,2023-12-13,New York,Salt Lake City,1968.2,W,-2.0
0022300333,1610612752,NYK,2023-12-15,Salt Lake City,Phoenix,506.0,S,0.0
0022300343,1610612752,NYK,2023-12-16,Phoenix,Inglewood,362.1,W,-1.0
0022300359,1610612752,NYK,2023-12-18,Inglewood,Los Angeles,8.0,NE,0.0
0022300368,1610612752,NYK,2023-12-20,Los Angeles,Brooklyn,2448.8,NE,3.0
0022300388,1610612752,NYK,2023-12-23,Brooklyn,New York,4.8,N,0.0
0022300401,1610612752,NYK,2023-12-25,New York,New York,0.0,,0.0
0022300419,1610612752,NYK,2023-12-27,New York,Oklahoma City,1325.4,W,-1.0
0022300429,1610612752,NYK,2023-12-29,Oklahoma City,Orlando,1057.5,E,1.0
0022300441,1610612752,NYK,2023-12-30,Orlando,Indianapolis,821.8,N,0.0
0022300451,1610612752,NYK,2024-01-01,Indianapolis,New York,644.4,E,0.0
0022300468,1610612752,NYK,2024-01-03,New York,New York,0.0,,0.0
0022300483,1610612752,NYK,2024-01-05,New York,Philadelphia,85.4,SW,0.0
0022300494,1610612752,NYK,2024-01-06,Philadelphia,Washington,120.6,SW,0.0
0022300514,1610612752,NYK,2024-01-09,Washington,New York,205.4,NE,0.0
0022300530,1610612752,NYK,2024-01-11,New York,Dallas,1372.1,W,-1.0
0022300544,1610612752,NYK,2024-01-13,Dallas,Memphis,419.8,NE,0.0
0022300557,1610612752,NYK,2024-01-15,Memphis,New York,955.1,NE,1.0
0022300573,1610612752,NYK,2024-01-17,New York,New York,0.0,,0.0
0022300579,1610612752,NYK,2024-01-18,New York,New York,0.0,,0.0
0022300596,1610612752,NYK,2024-01-20,New York,New York,0.0,,0.0
0022300615,1610612752,NYK,2024-01-23,New York,Brooklyn,4.8,S,0.0
0022300631,1610612752,NYK,2024-01-25,Brooklyn,New York,4.8,N,0.0
0022300643,1610612752,NYK,2024-01-27,New York,New York,0.0,,0.0
0022300657,1610612752,NYK,2024-01-29,New York,Charlotte,533.3,SW,0.0
0022300671,1610612752,NYK,2024-01-30,Charlotte,New York,533.3,NE,0.0
0022300685,1610612752,NYK,2024-02-01,New York,New York,0.0,,0.0
0022300701,1610612752,NYK,2024-02-03,New York,New York,0.0,,0.0
0022300722,1610612752,NYK,2024-02-06,New York,New York,0.0,,0.0
0022300736,1610612752,NYK,2024-02-08,New York,New York,0.0,,0.0
0022300755,1610612752,NYK,2024-02-10,New York,New York,0.0,,0.0
0022300765,1610612752,NYK,2024-02-12,New York,Houston,1419.3,SW,-1.0
0022300778,1610612752,NYK,2024-02-14,Houston,Orlando,847.1,E,1.0
0022300794,1610612752,NYK,2024-02-22,Orlando,Philadelphia,860.9,NE,0.0
0022300816,1610612752,NYK,2024-02-24,Philadelphia,New York,85.4,NE,0.0
0022300828,1610612752,NYK,2024-02-26,New York,New York,0.0,,0.0
0022300837,1610612752,NYK,2024-02-27,New York,New York,0.0,,0.0
0022300852,1610612752,NYK,2024-02-29,New York,New York,0.0,,0.0
0022300876,1610612752,NYK,2024-03-03,New York,Cleveland,403.7,W,0.0
0022300889,1610612752,NYK,2024-03-05,Cleveland,New York,403.7,E,0.0
0022300912,1610612752,NYK,2024-03-08,New York,New York,0.0,,0.0
0022300927,1610612752,NYK,2024-03-10,New York,New York,0.0,,0.0
0022300939,1610612752,NYK,2024-03-12,New York,New York,0.0,,0.0
0022300960,1610612752,NYK,2024-03-14,New York,Portland,2438.1,NW,-3.0
0022300975,1610612752,NYK,2024-03-16,Portland,Sacramento,484.0,S,0.0
0022300988,1610612752,NYK,2024-03-18,Sacramento,San Francisco,74.0,SW,0.0
0022301009,1610612752,NYK,2024-03-21,San Francisco,Denver,944.8,E,1.0
0022301019,1610612752,NYK,2024-03-23,Denver,New York,1628.5,E,2.0
0022301035,1610612752,NYK,2024-03-25,New York,New York,0.0,,0.0
0022301053,1610612752,NYK,2024-03-27,New York,Toronto,340.4,NW,0.0
0022301070,1610612752,NYK,2024-03-29,Toronto,San Antonio,1437.2,SW,-1.0
0022301082,1610612752,NYK,2024-03-31,San Antonio,New York,1580.2,NE,1.0
0022301096,1610612752,NYK,2024-04-02,New York,Miami,1093.6,S,0.0
0022301112,1610612752,NYK,2024-04-04,Miami,New York,1093.6,N,0.0
0022301119,1610612752,NYK,2024-04-05,New York,Chicago,713.5,W,-1.0
0022301139,1610612752,NYK,2024-04-07,Chicago,Milwaukee,81.4,N,0.0
0022301149,1610612752,NYK,2024-04-09,Milwaukee,Chicago,81.4,S,0.0
0022301167,1610612752,NYK,2024-04-11,Chicago,Boston,850.6,E,1.0
0022301175,1610612752,NYK,2024-04-12,Boston,New York,188.2,SW,0.0
0022301190,1610612752,NYK,2024-04-14,New York,New York,0.0,,0.0
0022300066,1610612753,ORL,2023-10-25,Orlando,Orlando,0.0,,0.0
0022300086,1610612753,ORL,2023-10-27,Orlando,Portland,2525.0,NW,-3.0
0022300111,1610612753,ORL,2023-10-30,Portland,Los Angeles,827.1,S,0.0
0022300114,1610612753,ORL,2023-10-31,Los Angeles,Inglewood,8.0,SW,0.0
0022300130,1610612753,ORL,2023-11-02,Inglewood,Salt Lake City,589.0,NE,1.0
0022300134,1610612753,ORL,2023-11-04,Salt Lake City,Orlando,1916.0,E,2.0
0022300147,1610612753,ORL,2023-11-06,Orlando,Orlando,0.0,,0.0
0022300172,1610612753,ORL,2023-11-09,Orlando,Orlando,0.0,,0.0
0022300173,1610612753,ORL,2023-11-11,Orlando,Orlando,0.0,,0.0
0022300020,1610612753,ORL,2023-11-14,Orlando,Brooklyn,938.0,NE,0.0
0022300196,1610612753,ORL,2023-11-15,Brooklyn,Chicago,715.3,W,-1.0
0022300033,1610612753,ORL,2023-11-17,Chicago,Chicago,0.0,,0.0
0022300209,1610612753,ORL,2023-11-19,Chicago,Indianapolis,166.4,SE,1.0
0022300038,1610612753,ORL,2023-11-21,Indianapolis,Orlando,821.8,S,0.0
0022300226,1610612753,ORL,2023-11-22,Orlando,Orlando,0.0,,0.0
0022300043,1610612753,ORL,2023-11-24,Orlando,Orlando,0.0,,0.0
0022300248,1610612753,ORL,2023-11-26,Orlando,Orlando,0.0,,0.0
0022300259,1610612753,ORL,2023-11-29,Orlando,Orlando,0.0,,0.0
0022300274,1610612753,ORL,2023-12-01,Orlando,Orlando,0.0,,0.0
0022300282,1610612753,ORL,2023-12-02,Orlando,Brooklyn,938.0,NE,0.0
0022301205,1610612753,ORL,2023-12-06,Brooklyn,Cleveland,405.4,W,0.0
0022301217,1610612753,ORL,2023-12-08,Cleveland,Orlando,895.4,S,0.0
0022300294,1610612753,ORL,2023-12-11,Orlando,Orlando,0.0,,0.0
0022300329,1610612753,ORL,2023-12-15,Orlando,Boston,1116.1,NE,0.0
0022300344,1610612753,ORL,2023-12-17,Boston,Boston,0.0,,0.0
0022300366,1610612753,ORL,2023-12-20,Boston,Orlando,1116.1,SW,0.0
0022300378,1610612753,ORL,2023-12-21,Orlando,Milwaukee,1066.2,N,-1.0
0022300391,1610612753,ORL,2023-12-23,Milwaukee,Indianapolis,244.4,SE,1.0
0022300407,1610612753,ORL,2023-12-26,Indianapolis,Washington,491.6,E,0.0
0022300415,1610612753,ORL,2023-12-27,Washington,Orlando,758.1,S,0.0
0022300429,1610612753,ORL,2023-12-29,Orlando,Orlando,0.0,,0.0
0022300450,1610612753,ORL,2023-12-31,Orlando,Phoenix,1842.0,W,-2.0
0022300463,1610612753,ORL,2024-01-02,Phoenix,San Francisco,651.4,NW,-1.0
0022300476,1610612753,ORL,2024-01-03,San Francisco,Sacramento,74.0,NE,0.0
0022300488,1610612753,ORL,2024-01-05,Sacramento,Denver,885.9,E,1.0
0022300499,1610612753,ORL,2024-01-07,Denver,Orlando,1550.1,SE,2.0
0022300513,1610612753,ORL,2024-01-09,Orlando,Orlando,0.0,,0.0
0022300535,1610612753,ORL,2024-01-12,Orlando,Miami,204.3,S,0.0
0022300546,1610612753,ORL,2024-01-13,Miami,Oklahoma City,1225.5,NW,-1.0
0022300557,1610612753,ORL,2024-01-15,Oklahoma City,New York,1325.4,NE,1.0
0022300570,1610612753,ORL,2024-01-17,New York,Atlanta,747.9,SW,0.0
0022300585,1610612753,ORL,2024-01-19,Atlanta,Orlando,402.1,SE,0.0
0022300601,1610612753,ORL,2024-01-21,Orlando,Orlando,0.0,,0.0
0022300607,1610612753,ORL,2024-01-22,Orlando,Orlando,0.0,,0.0
0022300638,1610612753,ORL,2024-01-26,Orlando,Memphis,682.6,NW,-1.0
0022300655,1610612753,ORL,2024-01-28,Memphis,Orlando,682.6,SE,1.0
0022300666,1610612753,ORL,2024-01-29,Orlando,Dallas,961.6,W,-1.0
0022300681,1610612753,ORL,2024-01-31,Dallas,San Antonio,251.5,SW,0.0
0022300694,1610612753,ORL,2024-02-02,San Antonio,Minneapolis,1110.9,N,0.0
0022300704,1610612753,ORL,2024-02-04,Minneapolis,Detroit,542.0,E,1.0
0022300721,1610612753,ORL,2024-02-06,Detroit,Miami,1155.7,S,0.0
0022300734,1610612753,ORL,2024-02-08,Miami,Orlando,204.3,N,0.0
0022300752,1610612753,ORL,2024-02-10,Orlando,Orlando,0.0,,0.0
0022300772,1610612753,ORL,2024-02-13,Orlando,Orlando,0.0,,0.0
0022300778,1610612753,ORL,2024-02-14,Orlando,Orlando,0.0,,0.0
0022300792,1610612753,ORL,2024-02-22,Orlando,Cleveland,895.4,N,0.0
0022300814,1610612753,ORL,2024-02-24,Cleveland,Detroit,91.3,NW,0.0
0022300821,1610612753,ORL,2024-02-25,Detroit,Atlanta,597.5,S,0.0
0022300833,1610612753,ORL,2024-02-27,Atlanta,Orlando,402.1,SE,0.0
0022300850,1610612753,ORL,2024-02-29,Orlando,Orlando,0.0,,0.0
0022300874,1610612753,ORL,2024-03-03,Orlando,Orlando,0.0,,0.0
0022300885,1610612753,ORL,2024-03-05,Orlando,Charlotte,463.1,N,0.0
0022300894,1610612753,ORL,2024-03-06,Charlotte,Washington,329.7,NE,0.0
0022300912,1610612753,ORL,2024-03-08,Washington,New York,205.4,NE,0.0
0022300928,1610612753,ORL,2024-03-10,New York,Orlando,941.6,SW,0.0
0022300947,1610612753,ORL,2024-03-13,Orlando,Orlando,0.0,,0.0
0022300963,1610612753,ORL,2024-03-15,Orlando,Toronto,1049.5,N,0.0
0022300979,1610612753,ORL,2024-03-17,Toronto,Orlando,1049.5,S,0.0
0022300991,1610612753,ORL,2024-03-19,Orlando,Orlando,0.0,,0.0
0022301004,1610612753,ORL,2024-03-21,Orlando,Orlando,0.0,,0.0
0022301020,1610612753,ORL,2024-03-23,Orlando,Orlando,0.0,,0.0
0022301049,1610612753,ORL,2024-03-27,Orlando,Orlando,0.0,,0.0
0022301064,1610612753,ORL,2024-03-29,Orlando,Orlando,0.0,,0.0
0022301075,1610612753,ORL,2024-03-30,Orlando,Orlando,0.0,,0.0
0022301090,1610612753,ORL,2024-04-01,Orlando,Orlando,0.0,,0.0
0022301109,1610612753,ORL,2024-04-03,Orlando,New Orleans,533.2,W,-1.0
0022301115,1610612753,ORL,2024-04-05,New Orleans,Charlotte,649.5,NE,1.0
0022301136,1610612753,ORL,2024-04-07,Charlotte,Orlando,463.1,S,0.0
0022301150,1610612753,ORL,2024-04-09,Orlando,Houston,847.1,W,-1.0
0022301162,1610612753,ORL,2024-04-10,Houston,Milwaukee,1006.5,N,0.0
0022301171,1610612753,ORL,2024-04-12,Milwaukee,Philadelphia,693.8,E,1.0
0022301191,1610612753,ORL,2024-04-14,Philadelphia,Orlando,860.9,SW,0.0
0022300064,1610612754,IND,2023-10-25,Indianapolis,Indianapolis,0.0,,0.0
0022300091,1610612754,IND,2023-10-28,Indianapolis,Cleveland,263.0,NE,0.0
0022300102,1610612754,IND,2023-10-30,Cleveland,Indianapolis,263.0,SW,0.0
0022300118,1610612754,IND,2023-11-01,Indianapolis,Boston,805.4,E,0.0
0022300001,1610612754,IND,2023-11-03,Boston,Indianapolis,805.4,W,0.0
0022300133,1610612754,IND,2023-11-04,Indianapolis,Indianapolis,0.0,,0.0
0022300146,1610612754,IND,2023-11-06,Indianapolis,Indianapolis,0.0,,0.0
0022300158,1610612754,IND,2023-11-08,Indianapolis,Indianapolis,0.0,,0.0
0022300171,1610612754,IND,2023-11-09,Indianapolis,Indianapolis,0.0,,0.0
0022300180,1610612754,IND,2023-11-12,Indianapolis,Philadelphia,582.5,E,0.0
0022300019,1610612754,IND,2023-11-14,Philadelphia,Philadelphia,0.0,,0.0
0022300209,1610612754,IND,2023-11-19,Philadelphia,Indianapolis,582.5,W,0.0
0022300039,1610612754,IND,2023-11-21,Indianapolis,Atlanta,426.3,S,0.0
0022300230,1610612754,IND,2023-11-22,Atlanta,Indianapolis,426.3,N,0.0
0022300047,1610612754,IND,2023-11-24,Indianapolis,Indianapolis,0.0,,0.0
0022300254,1610612754,IND,2023-11-27,Indianapolis,Indianapolis,0.0,,0.0
0022300267,1610612754,IND,2023-11-30,Indianapolis,Miami,1025.8,S,0.0
0022300284,1610612754,IND,2023-12-02,Miami,Miami,0.0,,0.0
0022301202,1610612754,IND,2023-12-04,Miami,Indianapolis,1025.8,N,0.0
0022301229,1610612754,IND,2023-12-07,Indianapolis,Milwaukee,244.4,N,-1.0
0022300293,1610612754,IND,2023-12-11,Milwaukee,Detroit,251.6,E,1.0
0022300315,1610612754,IND,2023-12-13,Detroit,Milwaukee,251.6,W,-1.0
0022300328,1610612754,IND,2023-12-15,Milwaukee,Washington,635.9,SE,1.0
0022300338,1610612754,IND,2023-12-16,Washington,Minneapolis,932.8,NW,-1.0
0022300350,1610612754,IND,2023-12-18,Minneapolis,Indianapolis,511.4,SE,1.0
0022300365,1610612754,IND,2023-12-20,Indianapolis,Indianapolis,0.0,,0.0
0022300377,1610612754,IND,2023-12-21,Indianapolis,Memphis,384.3,SW,-1.0
0022300391,1610612754,IND,2023-12-23,Memphis,Indianapolis,384.3,NE,1.0
0022300409,1610612754,IND,2023-12-26,Indianapolis,Houston,866.0,SW,-1.0
0022300422,1610612754,IND,2023-12-28,Houston,Chicago,941.3,NE,0.0
0022300441,1610612754,IND,2023-12-30,Chicago,Indianapolis,166.4,SE,1.0
0022300454,1610612754,IND,2024-01-01,Indianapolis,Milwaukee,244.4,N,-1.0
0022300466,1610612754,IND,2024-01-03,Milwaukee,Indianapolis,244.4,SE,1.0
0022300480,1610612754,IND,2024-01-05,Indianapolis,Indianapolis,0.0,,0.0
0022300493,1610612754,IND,2024-01-06,Indianapolis,Indianapolis,0.0,,0.0
0022300507,1610612754,IND,2024-01-08,Indianapolis,Indianapolis,0.0,,0.0
0022300520,1610612754,IND,2024-01-10,Indianapolis,Indianapolis,0.0,,0.0
0022300533,1610612754,IND,2024-01-12,Indianapolis,Atlanta,426.3,S,0.0
0022300550,1610612754,IND,2024-01-14,Atlanta,Denver,1210.4,NW,-2.0
0022300564,1610612754,IND,2024-01-15,Denver,Salt Lake City,370.1,W,0.0
0022300583,1610612754,IND,2024-01-18,Salt Lake City,Sacramento,532.1,W,-1.0
0022300590,1610612754,IND,2024-01-19,Sacramento,Portland,484.0,N,0.0
0022300604,1610612754,IND,2024-01-21,Portland,Phoenix,1006.3,SE,1.0
0022300614,1610612754,IND,2024-01-23,Phoenix,Indianapolis,1496.2,NE,2.0
0022300627,1610612754,IND,2024-01-25,Indianapolis,Indianapolis,0.0,,0.0
0022300636,1610612754,IND,2024-01-26,Indianapolis,Indianapolis,0.0,,0.0
0022300652,1610612754,IND,2024-01-28,Indianapolis,Indianapolis,0.0,,0.0
0022300670,1610612754,IND,2024-01-30,Indianapolis,Boston,805.4,E,0.0
0022300685,1610612754,IND,2024-02-01,Boston,New York,188.2,SW,0.0
0022300691,1610612754,IND,2024-02-02,New York,Indianapolis,644.4,W,0.0
0022300707,1610612754,IND,2024-02-04,Indianapolis,Charlotte,428.0,SE,0.0
0022300719,1610612754,IND,2024-02-06,Charlotte,Indianapolis,428.0,NW,0.0
0022300733,1610612754,IND,2024-02-08,Indianapolis,Indianapolis,0.0,,0.0
0022300755,1610612754,IND,2024-02-10,Indianapolis,New York,644.4,E,0.0
0022300761,1610612754,IND,2024-02-12,New York,Charlotte,533.3,SW,0.0
0022300782,1610612754,IND,2024-02-14,Charlotte,Toronto,586.8,N,0.0
0022300793,1610612754,IND,2024-02-22,Toronto,Indianapolis,440.3,SW,0.0
0022300819,1610612754,IND,2024-02-25,Indianapolis,Indianapolis,0.0,,0.0
0022300829,1610612754,IND,2024-02-26,Indianapolis,Indianapolis,0.0,,0.0
0022300843,1610612754,IND,2024-02-28,Indianapolis,Indianapolis,0.0,,0.0
0022300863,1610612754,IND,2024-03-01,Indianapolis,New Orleans,713.6,S,-1.0
0022300877,1610612754,IND,2024-03-03,New Orleans,San Antonio,502.7,W,0.0
0022300892,1610612754,IND,2024-03-05,San Antonio,Dallas,251.5,N,0.0
0022300903,1610612754,IND,2024-03-07,Dallas,Indianapolis,763.5,NE,1.0
0022300928,1610612754,IND,2024-03-10,Indianapolis,Orlando,821.8,S,0.0
0022300941,1610612754,IND,2024-03-12,Orlando,Oklahoma City,1057.5,NW,-1.0
0022300948,1610612754,IND,2024-03-13,Oklahoma City,Indianapolis,688.4,NE,1.0
0022300968,1610612754,IND,2024-03-16,Indianapolis,Indianapolis,0.0,,0.0
0022300983,1610612754,IND,2024-03-18,Indianapolis,Indianapolis,0.0,,0.0
0022300997,1610612754,IND,2024-03-20,Indianapolis,Detroit,240.4,NE,0.0
0022301016,1610612754,IND,2024-03-22,Detroit,San Francisco,2085.2,W,-3.0
0022301032,1610612754,IND,2024-03-24,San Francisco,Los Angeles,345.5,SE,0.0
0022301043,1610612754,IND,2024-03-25,Los Angeles,Inglewood,8.0,SW,0.0
0022301054,1610612754,IND,2024-03-27,Inglewood,Chicago,1748.5,NE,2.0
0022301063,1610612754,IND,2024-03-29,Chicago,Indianapolis,166.4,SE,1.0
0022301089,1610612754,IND,2024-04-01,Indianapolis,Indianapolis,0.0,,0.0
0022301106,1610612754,IND,2024-04-03,Indianapolis,Brooklyn,645.2,E,0.0
0022301116,1610612754,IND,2024-04-05,Brooklyn,Indianapolis,645.2,W,0.0
0022301133,1610612754,IND,2024-04-07,Indianapolis,Indianapolis,0.0,,0.0
0022301146,1610612754,IND,2024-04-09,Indianapolis,Toronto,440.3,NE,0.0
0022301174,1610612754,IND,2024-04-12,Toronto,Cleveland,189.2,SW,0.0
0022301188,1610612754,IND,2024-04-14,Cleveland,Indianapolis,263.0,SW,0.0
0022300075,1610612755,PHI,2023-10-26,Philadelphia,Milwaukee,693.8,W,-1.0
0022300092,1610612755,PHI,2023-10-28,Milwaukee,Toronto,430.8,E,1.0
0022300098,1610612755,PHI,2023-10-29,Toronto,Philadelphia,337.3,SE,0.0
0022300128,1610612755,PHI,2023-11-02,Philadelphia,Philadelphia,0.0,,0.0
0022300132,1610612755,PHI,2023-11-04,Philadelphia,Philadelphia,0.0,,0.0
0022300148,1610612755,PHI,2023-11-06,Philadelphia,Philadelphia,0.0,,0.0
0022300159,1610612755,PHI,2023-11-08,Philadelphia,Philadelphia,0.0,,0.0
0022300008,1610612755,PHI,2023-11-10,Philadelphia,Detroit,443.4,NW,0.0
0022300180,1610612755,PHI,2023-11-12,Detroit,Philadelphia,443.4,E,0.0
0022300019,1610612755,PHI,2023-11-14,Philadelphia,Philadelphia,0.0,,0.0
0022300194,1610612755,PHI,2023-11-15,Philadelphia,Philadelphia,0.0,,0.0
0022300029,1610612755,PHI,2023-11-17,Philadelphia,Atlanta,663.0,SW,0.0
0022300208,1610612755,PHI,2023-11-19,Atlanta,Brooklyn,745.8,NE,0.0
0022300040,1610612755,PHI,2023-11-21,Brooklyn,Philadelphia,83.0,SW,0.0
0022300232,1610612755,PHI,2023-11-22,Philadelphia,Minneapolis,984.9,NW,-1.0
0022300239,1610612755,PHI,2023-11-25,Minneapolis,Oklahoma City,694.2,S,0.0
0022300255,1610612755,PHI,2023-11-27,Oklahoma City,Philadelphia,1256.0,E,1.0
0022300262,1610612755,PHI,2023-11-29,Philadelphia,New Orleans,1086.5,SW,-1.0
0022300275,1610612755,PHI,2023-12-01,New Orleans,Boston,1359.0,NE,1.0
0022301208,1610612755,PHI,2023-12-06,Boston,Washington,393.6,SW,0.0
0022301218,1610612755,PHI,2023-12-08,Washington,Philadelphia,120.6,NE,0.0
0022300295,1610612755,PHI,2023-12-11,Philadelphia,Philadelphia,0.0,,0.0
0022300310,1610612755,PHI,2023-12-13,Philadelphia,Detroit,443.4,NW,0.0
0022300327,1610612755,PHI,2023-12-15,Detroit,Philadelphia,443.4,E,0.0
0022300335,1610612755,PHI,2023-12-16,Philadelphia,Charlotte,447.8,SW,0.0
0022300351,1610612755,PHI,2023-12-18,Charlotte,Philadelphia,447.8,NE,0.0
0022300367,1610612755,PHI,2023-12-20,Philadelphia,Philadelphia,0.0,,0.0
0022300382,1610612755,PHI,2023-12-22,Philadelphia,Philadelphia,0.0,,0.0
0022300404,1610612755,PHI,2023-12-25,Philadelphia,Miami,1017.6,S,0.0
0022300415,1610612755,PHI,2023-12-27,Miami,Orlando,204.3,N,0.0
0022300434,1610612755,PHI,2023-12-29,Orlando,Houston,847.1,W,-1.0
0022300442,1610612755,PHI,2023-12-30,Houston,Chicago,941.3,NE,0.0
0022300459,1610612755,PHI,2024-01-02,Chicago,Philadelphia,666.5,E,1.0
0022300483,1610612755,PHI,2024-01-05,Philadelphia,Philadelphia,0.0,,0.0
0022300495,1610612755,PHI,2024-01-06,Philadelphia,Philadelphia,0.0,,0.0
0022300521,1610612755,PHI,2024-01-10,Philadelphia,Atlanta,663.0,SW,0.0
0022300532,1610612755,PHI,2024-01-12,Atlanta,Philadelphia,663.0,NE,0.0
0022300555,1610612755,PHI,2024-01-15,Philadelphia,Philadelphia,0.0,,0.0
0022300566,1610612755,PHI,2024-01-16,Philadelphia,Philadelphia,0.0,,0.0
0022300585,1610612755,PHI,2024-01-19,Philadelphia,Orlando,860.9,SW,0.0
0022300593,1610612755,PHI,2024-01-20,Orlando,Charlotte,463.1,N,0.0
0022300608,1610612755,PHI,2024-01-22,Charlotte,Philadelphia,447.8,NE,0.0
0022300627,1610612755,PHI,2024-01-25,Philadelphia,Indianapolis,582.5,W,0.0
0022300644,1610612755,PHI,2024-01-27,Indianapolis,Denver,999.5,W,-2.0
0022300668,1610612755,PHI,2024-01-29,Denver,Portland,979.7,NW,-1.0
0022300673,1610612755,PHI,2024-01-30,Portland,San Francisco,536.6,S,0.0
0022300686,1610612755,PHI,2024-02-01,San Francisco,Salt Lake City,597.6,NE,1.0
0022300698,1610612755,PHI,2024-02-03,Salt Lake City,Philadelphia,1921.2,E,2.0
0022300715,1610612755,PHI,2024-02-05,Philadelphia,Philadelphia,0.0,,0.0
0022300727,1610612755,PHI,2024-02-07,Philadelphia,Philadelphia,0.0,,0.0
0022300742,1610612755,PHI,2024-02-09,Philadelphia,Philadelphia,0.0,,0.0
0022300753,1610612755,PHI,2024-02-10,Philadelphia,Washington,120.6,SW,0.0
0022300762,1610612755,PHI,2024-02-12,Washington,Cleveland,304.7,NW,0.0
0022300779,1610612755,PHI,2024-02-14,Cleveland,Philadelphia,358.6,E,0.0
0022300794,1610612755,PHI,2024-02-22,Philadelphia,Philadelphia,0.0,,0.0
0022300805,1610612755,PHI,2024-02-23,Philadelphia,Philadelphia,0.0,,0.0
0022300817,1610612755,PHI,2024-02-25,Philadelphia,Philadelphia,0.0,,0.0
0022300836,1610612755,PHI,2024-02-27,Philadelphia,Boston,273.4,NE,0.0
0022300858,1610612755,PHI,2024-03-01,Boston,Philadelphia,273.4,SW,0.0
0022300871,1610612755,PHI,2024-03-03,Philadelphia,Dallas,1296.4,W,-1.0
0022300887,1610612755,PHI,2024-03-05,Dallas,Brooklyn,1371.7,NE,1.0
0022300896,1610612755,PHI,2024-03-06,Brooklyn,Philadelphia,83.0,SW,0.0
0022300909,1610612755,PHI,2024-03-08,Philadelphia,Philadelphia,0.0,,0.0
0022300927,1610612755,PHI,2024-03-10,Philadelphia,New York,85.4,NE,0.0
0022300939,1610612755,PHI,2024-03-12,New York,New York,0.0,,0.0
0022300958,1610612755,PHI,2024-03-14,New York,Milwaukee,732.5,W,-1.0
0022300969,1610612755,PHI,2024-03-16,Milwaukee,Philadelphia,693.8,E,1.0
0022300985,1610612755,PHI,2024-03-18,Philadelphia,Philadelphia,0.0,,0.0
0022301002,1610612755,PHI,2024-03-20,Philadelphia,Phoenix,2077.5,W,-3.0
0022301018,1610612755,PHI,2024-03-22,Phoenix,Los Angeles,358.3,W,0.0
0022301028,1610612755,PHI,2024-03-24,Los Angeles,Inglewood,8.0,SW,0.0
0022301042,1610612755,PHI,2024-03-25,Inglewood,Sacramento,365.3,NW,0.0
0022301052,1610612755,PHI,2024-03-27,Sacramento,Philadelphia,2452.6,E,3.0
0022301067,1610612755,PHI,2024-03-29,Philadelphia,Cleveland,358.6,W,0.0
0022301080,1610612755,PHI,2024-03-31,Cleveland,Toronto,189.2,NE,0.0
0022301093,1610612755,PHI,2024-04-02,Toronto,Philadelphia,337.3,SE,0.0
0022301111,1610612755,PHI,2024-04-04,Philadelphia,Miami,1017.6,S,0.0
0022301129,1610612755,PHI,2024-04-06,Miami,Memphis,872.5,NW,-1.0
0022301140,1610612755,PHI,2024-04-07,Memphis,San Antonio,628.6,SW,0.0
0022301145,1610612755,PHI,2024-04-09,San Antonio,Philadelphia,1500.7,NE,1.0
0022301171,1610612755,PHI,2024-04-12,Philadelphia,Philadelphia,0.0,,0.0
0022301192,1610612755,PHI,2024-04-14,Philadelphia,Philadelphia,0.0,,0.0
0022300062,1610612756,PHX,2023-10-24,Phoenix,San Francisco,651.4,NW,0.0
0022300076,1610612756,PHX,2023-10-26,San Francisco,Los Angeles,345.5,SE,0.0
0022300094,1610612756,PHX,2023-10-28,Los Angeles,Phoenix,358.3,E,0.0
0022300113,1610612756,PHX,2023-10-31,Phoenix,Phoenix,0.0,,0.0
0022300131,1610612756,PHX,2023-11-02,Phoenix,Phoenix,0.0,,0.0
0022300132,1610612756,PHX,2023-11-04,Phoenix,Philadelphia,2077.5,NE,3.0
0022300140,1610612756,PHX,2023-11-05,Philadelphia,Detroit,443.4,NW,0.0
0022300162,1610612756,PHX,2023-11-08,Detroit,Chicago,238.9,W,-1.0
0022300015,1610612756,PHX,2023-11-10,Chicago,Phoenix,1449.6,W,-1.0
0022300185,1610612756,PHX,2023-11-12,Phoenix,Phoenix,0.0,,0.0
0022300197,1610612756,PHX,2023-11-15,Phoenix,Phoenix,0.0,,0.0
0022300035,1610612756,PHX,2023-11-17,Phoenix,Salt Lake City,506.0,N,0.0
0022300214,1610612756,PHX,2023-11-19,Salt Lake City,Salt Lake City,0.0,,0.0
0022300041,1610612756,PHX,2023-11-21,Salt Lake City,Phoenix,506.0,S,0.0
0022300236,1610612756,PHX,2023-11-22,Phoenix,Phoenix,0.0,,0.0
0022300044,1610612756,PHX,2023-11-24,Phoenix,Memphis,1259.9,E,1.0
0022300247,1610612756,PHX,2023-11-26,Memphis,New York,955.1,NE,1.0
0022300260,1610612756,PHX,2023-11-29,New York,Toronto,340.4,NW,0.0
0022300279,1610612756,PHX,2023-12-01,Toronto,Phoenix,1886.9,W,-2.0
0022300288,1610612756,PHX,2023-12-02,Phoenix,Phoenix,0.0,,0.0
0022301203,1610612756,PHX,2023-12-05,Phoenix,Los Angeles,358.3,W,-1.0
0022301228,1610612756,PHX,2023-12-08,Los Angeles,Phoenix,358.3,E,1.0
0022300308,1610612756,PHX,2023-12-12,Phoenix,Phoenix,0.0,,0.0
0022300317,1610612756,PHX,2023-12-13,Phoenix,Phoenix,0.0,,0.0
0022300333,1610612756,PHX,2023-12-15,Phoenix,Phoenix,0.0,,0.0
0022300347,1610612756,PHX,2023-12-17,Phoenix,Phoenix,0.0,,0.0
0022300363,1610612756,PHX,2023-12-19,Phoenix,Portland,1006.3,NW,-1.0
0022300387,1610612756,PHX,2023-12-22,Portland,Sacramento,484.0,S,0.0
0022300405,1610612756,PHX,2023-12-25,Sacramento,Phoenix,634.7,SE,1.0
0022300418,1610612756,PHX,2023-12-27,Phoenix,Houston,1014.7,E,1.0
0022300436,1610612756,PHX,2023-12-29,Houston,Phoenix,1014.7,W,-1.0
0022300450,1610612756,PHX,2023-12-31,Phoenix,Phoenix,0.0,,0.0
0022300456,1610612756,PHX,2024-01-01,Phoenix,Phoenix,0.0,,0.0
0022300473,1610612756,PHX,2024-01-03,Phoenix,Phoenix,0.0,,0.0
0022300489,1610612756,PHX,2024-01-05,Phoenix,Phoenix,0.0,,0.0
0022300503,1610612756,PHX,2024-01-07,Phoenix,Phoenix,0.0,,0.0
0022300511,1610612756,PHX,2024-01-08,Phoenix,Inglewood,362.1,W,-1.0
0022300531,1610612756,PHX,2024-01-11,Inglewood,Los Angeles,8.0,NE,0.0
0022300554,1610612756,PHX,2024-01-14,Los Angeles,Portland,827.1,N,0.0
0022300567,1610612756,PHX,2024-01-16,Portland,Phoenix,1006.3,SE,1.0
0022300588,1610612756,PHX,2024-01-19,Phoenix,New Orleans,1312.5,E,1.0
0022300604,1610612756,PHX,2024-01-21,New Orleans,Phoenix,1312.5,W,-1.0
0022300612,1610612756,PHX,2024-01-22,Phoenix,Phoenix,0.0,,0.0
0022300625,1610612756,PHX,2024-01-24,Phoenix,Dallas,883.5,E,1.0
0022300636,1610612756,PHX,2024-01-26,Dallas,Indianapolis,763.5,NE,1.0
0022300655,1610612756,PHX,2024-01-28,Indianapolis,Orlando,821.8,S,0.0
0022300661,1610612756,PHX,2024-01-29,Orlando,Miami,204.3,S,0.0
0022300677,1610612756,PHX,2024-01-31,Miami,Brooklyn,1089.6,N,0.0
0022300690,1610612756,PHX,2024-02-02,Brooklyn,Atlanta,745.8,SW,0.0
0022300705,1610612756,PHX,2024-02-04,Atlanta,Washington,542.5,NE,0.0
0022300725,1610612756,PHX,2024-02-06,Washington,Phoenix,1978.4,W,-2.0
0022300739,1610612756,PHX,2024-02-08,Phoenix,Phoenix,0.0,,0.0
0022300757,1610612756,PHX,2024-02-10,Phoenix,San Francisco,651.4,NW,-1.0
0022300774,1610612756,PHX,2024-02-13,San Francisco,Phoenix,651.4,SE,1.0
0022300787,1610612756,PHX,2024-02-14,Phoenix,Phoenix,0.0,,0.0
0022300796,1610612756,PHX,2024-02-22,Phoenix,Dallas,883.5,E,1.0
0022300806,1610612756,PHX,2024-02-23,Dallas,Houston,226.8,SE,0.0
0022300818,1610612756,PHX,2024-02-25,Houston,Phoenix,1014.7,W,-1.0
0022300854,1610612756,PHX,2024-02-29,Phoenix,Phoenix,0.0,,0.0
0022300870,1610612756,PHX,2024-03-02,Phoenix,Phoenix,0.0,,0.0
0022300878,1610612756,PHX,2024-03-03,Phoenix,Phoenix,0.0,,0.0
0022300893,1610612756,PHX,2024-03-05,Phoenix,Denver,585.4,NE,0.0
0022300905,1610612756,PHX,2024-03-07,Denver,Phoenix,585.4,SW,0.0
0022300920,1610612756,PHX,2024-03-09,Phoenix,Phoenix,0.0,,0.0
0022300934,1610612756,PHX,2024-03-11,Phoenix,Cleveland,1745.9,NE,3.0
0022300955,1610612756,PHX,2024-03-14,Cleveland,Boston,549.1,E,0.0
0022300961,1610612756,PHX,2024-03-15,Boston,Charlotte,720.7,SW,0.0
0022300976,1610612756,PHX,2024-03-17,Charlotte,Milwaukee,659.6,NW,-1.0
0022301002,1610612756,PHX,2024-03-20,Milwaukee,Phoenix,1461.7,W,-2.0
0022301010,1610612756,PHX,2024-03-21,Phoenix,Phoenix,0.0,,0.0
0022301025,1610612756,PHX,2024-03-23,Phoenix,San Antonio,849.5,E,2.0
0022301039,1610612756,PHX,2024-03-25,San Antonio,San Antonio,0.0,,0.0
0022301059,1610612756,PHX,2024-03-27,San Antonio,Denver,804.6,NW,-1.0
0022301069,1610612756,PHX,2024-03-29,Denver,Oklahoma City,505.5,SE,1.0
0022301092,1610612756,PHX,2024-04-01,Oklahoma City,New Orleans,575.8,SE,0.0
0022301110,1610612756,PHX,2024-04-03,New Orleans,Phoenix,1312.5,W,-2.0
0022301125,1610612756,PHX,2024-04-05,Phoenix,Phoenix,0.0,,0.0
0022301138,1610612756,PHX,2024-04-07,Phoenix,Phoenix,0.0,,0.0
0022301156,1610612756,PHX,2024-04-09,Phoenix,Phoenix,0.0,,0.0
0022301165,1610612756,PHX,2024-04-10,Phoenix,Inglewood,362.1,W,0.0
0022301185,1610612756,PHX,2024-04-12,Inglewood,Sacramento,365.3,NW,0.0
0022301194,1610612756,PHX,2024-04-14,Sacramento,Minneapolis,1511.1,NE,2.0
0022300074,1610612757,POR,2023-10-25,Portland,Inglewood,832.5,S,0.0
0022300086,1610612757,POR,2023-10-27,Inglewood,Portland,832.5,N,0.0
0022300098,1610612757,POR,2023-10-29,Portland,Philadelphia,2406.4,E,3.0
0022300105,1610612757,POR,2023-10-30,Philadelphia,Toronto,337.3,NW,0.0
0022300115,1610612757,POR,2023-11-01,Toronto,Detroit,206.4,SW,0.0
0022300007,1610612757,POR,2023-11-03,Detroit,Portland,1963.0,W,-3.0
0022300144,1610612757,POR,2023-11-05,Portland,Portland,0.0,,0.0
0022300170,1610612757,POR,2023-11-08,Portland,Sacramento,484.0,S,0.0
0022300187,1610612757,POR,2023-11-12,Sacramento,Los Angeles,361.4,SE,0.0
0022300023,1610612757,POR,2023-11-14,Los Angeles,Salt Lake City,581.0,NE,1.0
0022300199,1610612757,POR,2023-11-15,Salt Lake City,Portland,633.9,NW,-1.0
0022300036,1610612757,POR,2023-11-17,Portland,Portland,0.0,,0.0
0022300215,1610612757,POR,2023-11-19,Portland,Portland,0.0,,0.0
0022300041,1610612757,POR,2023-11-21,Portland,Phoenix,1006.3,SE,1.0
0022300237,1610612757,POR,2023-11-22,Phoenix,Portland,1006.3,NW,-1.0
0022300245,1610612757,POR,2023-11-26,Portland,Milwaukee,1713.8,E,2.0
0022300254,1610612757,POR,2023-11-27,Milwaukee,Indianapolis,244.4,SE,1.0
0022300265,1610612757,POR,2023-11-30,Indianapolis,Cleveland,263.0,NE,0.0
0022300289,1610612757,POR,2023-12-02,Cleveland,Salt Lake City,1565.1,W,-2.0
0022301214,1610612757,POR,2023-12-06,Salt Lake City,San Francisco,597.6,W,-1.0
0022301226,1610612757,POR,2023-12-08,San Francisco,Portland,536.6,N,0.0
0022300304,1610612757,POR,2023-12-11,Portland,Inglewood,832.5,S,0.0
0022300323,1610612757,POR,2023-12-14,Inglewood,Portland,832.5,N,0.0
0022300341,1610612757,POR,2023-12-16,Portland,Portland,0.0,,0.0
0022300348,1610612757,POR,2023-12-17,Portland,Portland,0.0,,0.0
0022300363,1610612757,POR,2023-12-19,Portland,Portland,0.0,,0.0
0022300381,1610612757,POR,2023-12-21,Portland,Portland,0.0,,0.0
0022300399,1610612757,POR,2023-12-23,Portland,San Francisco,536.6,S,0.0
0022300413,1610612757,POR,2023-12-26,San Francisco,Portland,536.6,N,0.0
0022300427,1610612757,POR,2023-12-28,Portland,Portland,0.0,,0.0
0022300437,1610612757,POR,2023-12-29,Portland,Portland,0.0,,0.0
0022300456,1610612757,POR,2024-01-01,Portland,Phoenix,1006.3,SE,1.0
0022300472,1610612757,POR,2024-01-03,Phoenix,Dallas,883.5,E,1.0
0022300487,1610612757,POR,2024-01-05,Dallas,Dallas,0.0,,0.0
0022300498,1610612757,POR,2024-01-07,Dallas,Brooklyn,1371.7,NE,1.0
0022300514,1610612757,POR,2024-01-09,Brooklyn,New York,4.8,N,0.0
0022300529,1610612757,POR,2024-01-11,New York,Oklahoma City,1325.4,W,-1.0
0022300538,1610612757,POR,2024-01-12,Oklahoma City,Minneapolis,694.2,N,0.0
0022300554,1610612757,POR,2024-01-14,Minneapolis,Portland,1422.0,W,-2.0
0022300578,1610612757,POR,2024-01-17,Portland,Portland,0.0,,0.0
0022300590,1610612757,POR,2024-01-19,Portland,Portland,0.0,,0.0
0022300605,1610612757,POR,2024-01-21,Portland,Los Angeles,827.1,S,0.0
0022300617,1610612757,POR,2024-01-23,Los Angeles,Oklahoma City,1180.0,E,2.0
0022300623,1610612757,POR,2024-01-24,Oklahoma City,Houston,414.1,S,0.0
0022300641,1610612757,POR,2024-01-26,Houston,San Antonio,186.1,W,0.0
0022300656,1610612757,POR,2024-01-28,San Antonio,Portland,1720.8,NW,-2.0
0022300668,1610612757,POR,2024-01-29,Portland,Portland,0.0,,0.0
0022300683,1610612757,POR,2024-01-31,Portland,Portland,0.0,,0.0
0022300697,1610612757,POR,2024-02-02,Portland,Denver,979.7,E,1.0
0022300712,1610612757,POR,2024-02-04,Denver,Denver,0.0,,0.0
0022300741,1610612757,POR,2024-02-08,Denver,Portland,979.7,NW,-1.0
0022300758,1610612757,POR,2024-02-10,Portland,Portland,0.0,,0.0
0022300775,1610612757,POR,2024-02-13,Portland,Portland,0.0,,0.0
0022300791,1610612757,POR,2024-02-15,Portland,Portland,0.0,,0.0
0022300812,1610612757,POR,2024-02-23,Portland,Portland,0.0,,0.0
0022300826,1610612757,POR,2024-02-25,Portland,Portland,0.0,,0.0
0022300842,1610612757,POR,2024-02-27,Portland,Portland,0.0,,0.0
0022300861,1610612757,POR,2024-03-01,Portland,Memphis,1845.9,E,2.0
0022300868,1610612757,POR,2024-03-02,Memphis,Memphis,0.0,,0.0
0022300881,1610612757,POR,2024-03-04,Memphis,Minneapolis,700.9,N,0.0
0022300900,1610612757,POR,2024-03-06,Minneapolis,Portland,1422.0,W,-2.0
0022300916,1610612757,POR,2024-03-08,Portland,Portland,0.0,,0.0
0022300923,1610612757,POR,2024-03-09,Portland,Portland,0.0,,0.0
0022300938,1610612757,POR,2024-03-11,Portland,Portland,0.0,,0.0
0022300953,1610612757,POR,2024-03-13,Portland,Portland,0.0,,0.0
0022300960,1610612757,POR,2024-03-14,Portland,Portland,0.0,,0.0
0022300970,1610612757,POR,2024-03-16,Portland,New Orleans,2059.5,E,2.0
0022300986,1610612757,POR,2024-03-18,New Orleans,Chicago,835.2,N,0.0
0022301003,1610612757,POR,2024-03-20,Chicago,Portland,1751.7,W,-2.0
0022301017,1610612757,POR,2024-03-22,Portland,Portland,0.0,,0.0
0022301026,1610612757,POR,2024-03-23,Portland,Portland,0.0,,0.0
0022301038,1610612757,POR,2024-03-25,Portland,Houston,1834.4,SE,2.0
0022301051,1610612757,POR,2024-03-27,Houston,Atlanta,700.7,NE,1.0
0022301068,1610612757,POR,2024-03-29,Atlanta,Miami,606.0,SE,0.0
0022301090,1610612757,POR,2024-04-01,Miami,Orlando,204.3,N,0.0
0022301102,1610612757,POR,2024-04-03,Orlando,Charlotte,463.1,N,0.0
0022301117,1610612757,POR,2024-04-05,Charlotte,Washington,329.7,NE,0.0
0022301134,1610612757,POR,2024-04-07,Washington,Boston,393.6,NE,0.0
0022301157,1610612757,POR,2024-04-09,Boston,Portland,2531.9,NW,-3.0
0022301169,1610612757,POR,2024-04-11,Portland,Portland,0.0,,0.0
0022301183,1610612757,POR,2024-04-12,Portland,Portland,0.0,,0.0
0022301200,1610612757,POR,2024-04-14,Portland,Sacramento,484.0,S,0.0
0022300072,1610612758,SAC,2023-10-25,Sacramento,Salt Lake City,532.1,E,1.0
0022300087,1610612758,SAC,2023-10-27,Salt Lake City,Sacramento,532.1,W,-1.0
0022300100,1610612758,SAC,2023-10-29,Sacramento,Sacramento,0.0,,0.0
0022300126,1610612758,SAC,2023-11-01,Sacramento,San Francisco,74.0,SW,0.0
0022300137,1610612758,SAC,2023-11-04,San Francisco,Houston,1641.3,E,2.0
0022300153,1610612758,SAC,2023-11-06,Houston,Houston,0.0,,0.0
0022300170,1610612758,SAC,2023-11-08,Houston,Sacramento,1606.9,NW,-2.0
0022300016,1610612758,SAC,2023-11-10,Sacramento,Sacramento,0.0,,0.0
0022300191,1610612758,SAC,2023-11-13,Sacramento,Sacramento,0.0,,0.0
0022300198,1610612758,SAC,2023-11-15,Sacramento,Los Angeles,361.4,SE,0.0
0022300032,1610612758,SAC,2023-11-17,Los Angeles,San Antonio,1205.9,E,2.0
0022300212,1610612758,SAC,2023-11-19,San Antonio,Dallas,251.5,N,0.0
0022300222,1610612758,SAC,2023-11-20,Dallas,New Orleans,442.7,SE,0.0
0022300233,1610612758,SAC,2023-11-22,New Orleans,New Orleans,0.0,,0.0
0022300050,1610612758,SAC,2023-11-24,New Orleans,Minneapolis,1053.0,N,0.0
0022300060,1610612758,SAC,2023-11-28,Minneapolis,Sacramento,1511.1,W,-2.0
0022300264,1610612758,SAC,2023-11-29,Sacramento,Sacramento,0.0,,0.0
0022300290,1610612758,SAC,2023-12-02,Sacramento,Sacramento,0.0,,0.0
0022301204,1610612758,SAC,2023-12-04,Sacramento,Sacramento,0.0,,0.0
0022301228,1610612758,SAC,2023-12-08,Sacramento,Phoenix,634.7,SE,1.0
0022300303,1610612758,SAC,2023-12-11,Phoenix,Sacramento,634.7,NW,-1.0
0022300309,1610612758,SAC,2023-12-12,Sacramento,Inglewood,365.3,SE,0.0
0022300324,1610612758,SAC,2023-12-14,Inglewood,Sacramento,365.3,NW,0.0
0022300342,1610612758,SAC,2023-12-16,Sacramento,Sacramento,0.0,,0.0
0022300358,1610612758,SAC,2023-12-18,Sacramento,Sacramento,0.0,,0.0
0022300373,1610612758,SAC,2023-12-20,Sacramento,Sacramento,0.0,,0.0
0022300387,1610612758,SAC,2023-12-22,Sacramento,Sacramento,0.0,,0.0
0022300400,1610612758,SAC,2023-12-23,Sacramento,Sacramento,0.0,,0.0
0022300413,1610612758,SAC,2023-12-26,Sacramento,Portland,484.0,N,0.0
0022300431,1610612758,SAC,2023-12-29,Portland,Atlanta,2167.7,E,3.0
0022300449,1610612758,SAC,2023-12-31,Atlanta,Memphis,335.9,W,-1.0
0022300464,1610612758,SAC,2024-01-02,Memphis,Sacramento,1746.2,W,-2.0
0022300476,1610612758,SAC,2024-01-03,Sacramento,Sacramento,0.0,,0.0
0022300492,1610612758,SAC,2024-01-05,Sacramento,Sacramento,0.0,,0.0
0022300500,1610612758,SAC,2024-01-07,Sacramento,Sacramento,0.0,,0.0
0022300512,1610612758,SAC,2024-01-09,Sacramento,Detroit,2020.3,E,3.0
0022300518,1610612758,SAC,2024-01-10,Detroit,Charlotte,505.9,S,0.0
0022300532,1610612758,SAC,2024-01-12,Charlotte,Philadelphia,447.8,NE,0.0
0022300552,1610612758,SAC,2024-01-14,Philadelphia,Milwaukee,693.8,W,-1.0
0022300567,1610612758,SAC,2024-01-16,Milwaukee,Phoenix,1461.7,W,-1.0
0022300583,1610612758,SAC,2024-01-18,Phoenix,Sacramento,634.7,NW,-1.0
0022300613,1610612758,SAC,2024-01-22,Sacramento,Sacramento,0.0,,0.0
0022300632,1610612758,SAC,2024-01-25,Sacramento,San Francisco,74.0,SW,0.0
0022300651,1610612758,SAC,2024-01-27,San Francisco,Dallas,1478.1,E,2.0
0022300663,1610612758,SAC,2024-01-29,Dallas,Memphis,419.8,NE,0.0
0022300678,1610612758,SAC,2024-01-31,Memphis,Miami,872.5,SE,1.0
0022300691,1610612758,SAC,2024-02-02,Miami,Indianapolis,1025.8,N,0.0
0022300700,1610612758,SAC,2024-02-03,Indianapolis,Chicago,166.4,NW,-1.0
0022300714,1610612758,SAC,2024-02-05,Chicago,Cleveland,309.9,E,1.0
0022300732,1610612758,SAC,2024-02-07,Cleveland,Sacramento,2097.0,W,-3.0
0022300746,1610612758,SAC,2024-02-09,Sacramento,Sacramento,0.0,,0.0
0022300760,1610612758,SAC,2024-02-11,Sacramento,Oklahoma City,1336.6,E,2.0
0022300774,1610612758,SAC,2024-02-13,Oklahoma City,Phoenix,840.1,W,-1.0
0022300786,1610612758,SAC,2024-02-14,Phoenix,Denver,585.4,NE,0.0
0022300803,1610612758,SAC,2024-02-22,Denver,Sacramento,885.9,W,-1.0
0022300827,1610612758,SAC,2024-02-25,Sacramento,Inglewood,365.3,SE,0.0
0022300831,1610612758,SAC,2024-02-26,Inglewood,Sacramento,365.3,NW,0.0
0022300847,1610612758,SAC,2024-02-28,Sacramento,Denver,885.9,E,1.0
0022300862,1610612758,SAC,2024-03-01,Denver,Minneapolis,698.5,NE,1.0
0022300883,1610612758,SAC,2024-03-04,Minneapolis,Sacramento,1511.1,W,-2.0
0022300901,1610612758,SAC,2024-03-06,Sacramento,Los Angeles,361.4,SE,0.0
0022300908,1610612758,SAC,2024-03-07,Los Angeles,Sacramento,361.4,NW,0.0
0022300929,1610612758,SAC,2024-03-10,Sacramento,Sacramento,0.0,,0.0
0022300945,1610612758,SAC,2024-03-12,Sacramento,Sacramento,0.0,,0.0
0022300954,1610612758,SAC,2024-03-13,Sacramento,Sacramento,0.0,,0.0
0022300975,1610612758,SAC,2024-03-16,Sacramento,Sacramento,0.0,,0.0
0022300989,1610612758,SAC,2024-03-18,Sacramento,Sacramento,0.0,,0.0
0022300999,1610612758,SAC,2024-03-20,Sacramento,Toronto,2196.4,NE,3.0
0022301005,1610612758,SAC,2024-03-21,Toronto,Washington,350.0,S,0.0
0022301020,1610612758,SAC,2024-03-23,Washington,Orlando,758.1,S,0.0
0022301042,1610612758,SAC,2024-03-25,Orlando,Sacramento,2390.8,NW,-3.0
0022301047,1610612758,SAC,2024-03-26,Sacramento,Sacramento,0.0,,0.0
0022301073,1610612758,SAC,2024-03-29,Sacramento,Sacramento,0.0,,0.0
0022301086,1610612758,SAC,2024-03-31,Sacramento,Sacramento,0.0,,0.0
0022301101,1610612758,SAC,2024-04-02,Sacramento,Sacramento,0.0,,0.0
0022301112,1610612758,SAC,2024-04-04,Sacramento,New York,2500.2,E,3.0
0022301118,1610612758,SAC,2024-04-05,New York,Boston,188.2,NE,0.0
0022301141,1610612758,SAC,2024-04-07,Boston,Brooklyn,190.4,SW,0.0
0022301153,1610612758,SAC,2024-04-09,Brooklyn,Oklahoma City,1325.7,W,-1.0
0022301170,1610612758,SAC,2024-04-11,Oklahoma City,Sacramento,1336.6,W,-2.0
0022301185,1610612758,SAC,2024-04-12,Sacramento,Sacramento,0.0,,0.0
0022301200,1610612758,SAC,2024-04-14,Sacramento,Sacramento,0.0,,0.0
0022300073,1610612759,SAS,2023-10-25,San Antonio,San Antonio,0.0,,0.0
0022300083,1610612759,SAS,2023-10-27,San Antonio,San Antonio,0.0,,0.0
0022300099,1610612759,SAS,2023-10-29,San Antonio,Inglewood,1209.0,W,-2.0
0022300113,1610612759,SAS,2023-10-31,Inglewood,Phoenix,362.1,E,0.0
0022300131,1610612759,SAS,2023-11-02,Phoenix,Phoenix,0.0,,0.0
0022300141,1610612759,SAS,2023-11-05,Phoenix,San Antonio,849.5,E,1.0
0022300146,1610612759,SAS,2023-11-06,San Antonio,Indianapolis,997.1,NE,1.0
0022300161,1610612759,SAS,2023-11-08,Indianapolis,New York,644.4,E,0.0
0022300013,1610612759,SAS,2023-11-10,New York,San Antonio,1580.2,W,-1.0
0022300184,1610612759,SAS,2023-11-12,San Antonio,San Antonio,0.0,,0.0
0022300021,1610612759,SAS,2023-11-14,San Antonio,Oklahoma City,420.5,N,0.0
0022300032,1610612759,SAS,2023-11-17,Oklahoma City,San Antonio,420.5,S,0.0
0022300206,1610612759,SAS,2023-11-18,San Antonio,San Antonio,0.0,,0.0
0022300223,1610612759,SAS,2023-11-20,San Antonio,San Antonio,0.0,,0.0
0022300235,1610612759,SAS,2023-11-22,San Antonio,San Antonio,0.0,,0.0
0022300051,1610612759,SAS,2023-11-24,San Antonio,San Francisco,1488.5,NW,-2.0
0022300252,1610612759,SAS,2023-11-26,San Francisco,Denver,944.8,E,1.0
0022300272,1610612759,SAS,2023-11-30,Denver,San Antonio,804.6,SE,1.0
0022300278,1610612759,SAS,2023-12-01,San Antonio,New Orleans,502.7,E,0.0
0022301210,1610612759,SAS,2023-12-06,New Orleans,Minneapolis,1053.0,N,0.0
0022301223,1610612759,SAS,2023-12-08,Minneapolis,San Antonio,1110.9,S,0.0
0022300298,1610612759,SAS,2023-12-11,San Antonio,Houston,186.1,E,0.0
0022300316,1610612759,SAS,2023-12-13,Houston,San Antonio,186.1,W,0.0
0022300331,1610612759,SAS,2023-12-15,San Antonio,San Antonio,0.0,,0.0
0022300345,1610612759,SAS,2023-12-17,San Antonio,San Antonio,0.0,,0.0
0022300361,1610612759,SAS,2023-12-19,San Antonio,Milwaukee,1106.6,NE,0.0
0022300376,1610612759,SAS,2023-12-21,Milwaukee,Chicago,81.4,S,0.0
0022300398,1610612759,SAS,2023-12-23,Chicago,Dallas,803.0,SW,0.0
0022300412,1610612759,SAS,2023-12-26,Dallas,San Antonio,251.5,SW,0.0
0022300427,1610612759,SAS,2023-12-28,San Antonio,Portland,1720.8,NW,-2.0
0022300437,1610612759,SAS,2023-12-29,Portland,Portland,0.0,,0.0
0022300448,1610612759,SAS,2023-12-31,Portland,San Antonio,1720.8,SE,2.0
0022300460,1610612759,SAS,2024-01-02,San Antonio,Memphis,628.6,NE,0.0
0022300477,1610612759,SAS,2024-01-04,Memphis,San Antonio,628.6,SW,0.0
0022300497,1610612759,SAS,2024-01-07,San Antonio,Cleveland,1254.4,NE,1.0
0022300519,1610612759,SAS,2024-01-10,Cleveland,Detroit,91.3,NW,0.0
0022300541,1610612759,SAS,2024-01-12,Detroit,San Antonio,1236.2,SW,-1.0
0022300548,1610612759,SAS,2024-01-13,San Antonio,San Antonio,0.0,,0.0
0022300559,1610612759,SAS,2024-01-15,San Antonio,Atlanta,878.0,NE,1.0
0022300571,1610612759,SAS,2024-01-17,Atlanta,Boston,936.1,NE,0.0
0022300584,1610612759,SAS,2024-01-19,Boston,Charlotte,720.7,SW,0.0
0022300594,1610612759,SAS,2024-01-20,Charlotte,Washington,329.7,NE,0.0
0022300608,1610612759,SAS,2024-01-22,Washington,Philadelphia,120.6,NE,0.0
0022300622,1610612759,SAS,2024-01-24,Philadelphia,San Antonio,1500.7,W,-1.0
0022300641,1610612759,SAS,2024-01-26,San Antonio,San Antonio,0.0,,0.0
0022300649,1610612759,SAS,2024-01-27,San Antonio,San Antonio,0.0,,0.0
0022300665,1610612759,SAS,2024-01-29,San Antonio,San Antonio,0.0,,0.0
0022300681,1610612759,SAS,2024-01-31,San Antonio,San Antonio,0.0,,0.0
0022300696,1610612759,SAS,2024-02-02,San Antonio,San Antonio,0.0,,0.0
0022300703,1610612759,SAS,2024-02-03,San Antonio,San Antonio,0.0,,0.0
0022300730,1610612759,SAS,2024-02-07,San Antonio,Miami,1144.2,E,1.0
0022300734,1610612759,SAS,2024-02-08,Miami,Orlando,204.3,N,0.0
0022300750,1610612759,SAS,2024-02-10,Orlando,Brooklyn,938.0,NE,0.0
0022300764,1610612759,SAS,2024-02-12,Brooklyn,Toronto,344.0,NW,0.0
0022300785,1610612759,SAS,2024-02-14,Toronto,Dallas,1203.1,SW,-1.0
0022300803,1610612759,SAS,2024-02-22,Dallas,Sacramento,1437.2,NW,-2.0
0022300813,1610612759,SAS,2024-02-23,Sacramento,Los Angeles,361.4,SE,0.0
0022300825,1610612759,SAS,2024-02-25,Los Angeles,Salt Lake City,581.0,NE,1.0
0022300838,1610612759,SAS,2024-02-27,Salt Lake City,Minneapolis,984.4,NE,1.0
0022300853,1610612759,SAS,2024-02-29,Minneapolis,San Antonio,1110.9,S,0.0
0022300877,1610612759,SAS,2024-03-03,San Antonio,San Antonio,0.0,,0.0
0022300891,1610612759,SAS,2024-03-05,San Antonio,Houston,186.1,E,0.0
0022300908,1610612759,SAS,2024-03-07,Houston,Sacramento,1606.9,NW,-2.0
0022300921,1610612759,SAS,2024-03-09,Sacramento,San Francisco,74.0,SW,0.0
0022300936,1610612759,SAS,2024-03-11,San Francisco,San Antonio,1488.5,E,2.0
0022300942,1610612759,SAS,2024-03-12,San Antonio,San Antonio,0.0,,0.0
0022300965,1610612759,SAS,2024-03-15,San Antonio,San Antonio,0.0,,0.0
0022300981,1610612759,SAS,2024-03-17,San Antonio,San Antonio,0.0,,0.0
0022300994,1610612759,SAS,2024-03-19,San Antonio,San Antonio,0.0,,0.0
0022301015,1610612759,SAS,2024-03-22,San Antonio,San Antonio,0.0,,0.0
0022301025,1610612759,SAS,2024-03-23,San Antonio,San Antonio,0.0,,0.0
0022301039,1610612759,SAS,2024-03-25,San Antonio,San Antonio,0.0,,0.0
0022301058,1610612759,SAS,2024-03-27,San Antonio,Salt Lake City,1089.8,NW,-1.0
0022301070,1610612759,SAS,2024-03-29,Salt Lake City,San Antonio,1089.8,SE,1.0
0022301085,1610612759,SAS,2024-03-31,San Antonio,San Antonio,0.0,,0.0
0022301099,1610612759,SAS,2024-04-02,San Antonio,Denver,804.6,NW,-1.0
0022301123,1610612759,SAS,2024-04-05,Denver,New Orleans,1081.3,SE,1.0
0022301140,1610612759,SAS,2024-04-07,New Orleans,San Antonio,502.7,W,0.0
0022301151,1610612759,SAS,2024-04-09,San Antonio,Memphis,628.6,NE,0.0
0022301163,1610612759,SAS,2024-04-10,Memphis,Oklahoma City,421.4,W,0.0
0022301180,1610612759,SAS,2024-04-12,Oklahoma City,San Antonio,420.5,S,0.0
0022301197,1610612759,SAS,2024-04-14,San Antonio,San Antonio,0.0,,0.0
0022300070,1610612760,OKC,2023-10-25,Oklahoma City,Chicago,690.9,NE,0.0
0022300081,1610612760,OKC,2023-10-27,Chicago,Cleveland,309.9,E,1.0
0022300095,1610612760,OKC,2023-10-29,Cleveland,Oklahoma City,950.2,W,-1.0
0022300109,1610612760,OKC,2023-10-30,Oklahoma City,Oklahoma City,0.0,,0.0
0022300121,1610612760,OKC,2023-11-01,Oklahoma City,Oklahoma City,0.0,,0.0
0022300005,1610612760,OKC,2023-11-03,Oklahoma City,Oklahoma City,0.0,,0.0
0022300155,1610612760,OKC,2023-11-06,Oklahoma City,Oklahoma City,0.0,,0.0
0022300167,1610612760,OKC,2023-11-08,Oklahoma City,Oklahoma City,0.0,,0.0
0022300016,1610612760,OKC,2023-11-10,Oklahoma City,Sacramento,1336.6,W,-2.0
0022300185,1610612760,OKC,2023-11-12,Sacramento,Phoenix,634.7,SE,1.0
0022300021,1610612760,OKC,2023-11-14,Phoenix,Oklahoma City,840.1,E,1.0
0022300201,1610612760,OKC,2023-11-16,Oklahoma City,San Francisco,1384.4,W,-2.0
0022300207,1610612760,OKC,2023-11-18,San Francisco,San Francisco,0.0,,0.0
0022300215,1610612760,OKC,2023-11-19,San Francisco,Portland,536.6,N,0.0
0022300234,1610612760,OKC,2023-11-22,Portland,Oklahoma City,1484.6,E,2.0
0022300239,1610612760,OKC,2023-11-25,Oklahoma City,Oklahoma City,0.0,,0.0
0022300058,1610612760,OKC,2023-11-28,Oklahoma City,Minneapolis,694.2,N,0.0
0022300271,1610612760,OKC,2023-11-30,Minneapolis,Oklahoma City,694.2,S,0.0
0022300287,1610612760,OKC,2023-12-02,Oklahoma City,Dallas,189.0,S,0.0
0022301212,1610612760,OKC,2023-12-06,Dallas,Houston,226.8,SE,0.0
0022301222,1610612760,OKC,2023-12-08,Houston,Oklahoma City,414.1,N,0.0
0022300302,1610612760,OKC,2023-12-11,Oklahoma City,Oklahoma City,0.0,,0.0
0022300324,1610612760,OKC,2023-12-14,Oklahoma City,Sacramento,1336.6,W,-2.0
0022300340,1610612760,OKC,2023-12-16,Sacramento,Denver,885.9,E,1.0
0022300355,1610612760,OKC,2023-12-18,Denver,Oklahoma City,505.5,SE,1.0
0022300379,1610612760,OKC,2023-12-21,Oklahoma City,Oklahoma City,0.0,,0.0
0022300397,1610612760,OKC,2023-12-23,Oklahoma City,Oklahoma City,0.0,,0.0
0022300411,1610612760,OKC,2023-12-26,Oklahoma City,Oklahoma City,0.0,,0.0
0022300419,1610612760,OKC,2023-12-27,Oklahoma City,Oklahoma City,0.0,,0.0
0022300435,1610612760,OKC,2023-12-29,Oklahoma City,Denver,505.5,NW,-1.0
0022300447,1610612760,OKC,2023-12-31,Denver,Oklahoma City,505.5,SE,1.0
0022300462,1610612760,OKC,2024-01-02,Oklahoma City,Oklahoma City,0.0,,0.0
0022300467,1610612760,OKC,2024-01-03,Oklahoma City,Atlanta,754.7,E,1.0
0022300481,1610612760,OKC,2024-01-05,Atlanta,Brooklyn,745.8,NE,0.0
0022300508,1610612760,OKC,2024-01-08,Brooklyn,Washington,203.3,SW,0.0
0022300522,1610612760,OKC,2024-01-10,Washington,Miami,924.8,S,0.0
0022300529,1610612760,OKC,2024-01-11,Miami,Oklahoma City,1225.5,NW,-1.0
0022300546,1610612760,OKC,2024-01-13,Oklahoma City,Oklahoma City,0.0,,0.0
0022300565,1610612760,OKC,2024-01-15,Oklahoma City,Los Angeles,1180.0,W,-2.0
0022300568,1610612760,OKC,2024-01-16,Los Angeles,Inglewood,8.0,SW,0.0
0022300581,1610612760,OKC,2024-01-18,Inglewood,Salt Lake City,589.0,NE,1.0
0022300599,1610612760,OKC,2024-01-20,Salt Lake City,Minneapolis,984.4,NE,1.0
0022300617,1610612760,OKC,2024-01-23,Minneapolis,Oklahoma City,694.2,S,0.0
0022300622,1610612760,OKC,2024-01-24,Oklahoma City,San Antonio,420.5,S,0.0
0022300640,1610612760,OKC,2024-01-26,San Antonio,New Orleans,502.7,E,0.0
0022300654,1610612760,OKC,2024-01-28,New Orleans,Detroit,940.9,NE,1.0
0022300664,1610612760,OKC,2024-01-29,Detroit,Oklahoma City,909.4,SW,-1.0
0022300682,1610612760,OKC,2024-01-31,Oklahoma City,Oklahoma City,0.0,,0.0
0022300695,1610612760,OKC,2024-02-02,Oklahoma City,Oklahoma City,0.0,,0.0
0022300710,1610612760,OKC,2024-02-04,Oklahoma City,Oklahoma City,0.0,,0.0
0022300724,1610612760,OKC,2024-02-06,Oklahoma City,Salt Lake City,862.2,NW,-1.0
0022300748,1610612760,OKC,2024-02-10,Salt Lake City,Dallas,998.4,SE,1.0
0022300760,1610612760,OKC,2024-02-11,Dallas,Oklahoma City,189.0,N,0.0
0022300772,1610612760,OKC,2024-02-13,Oklahoma City,Orlando,1057.5,E,1.0
0022300799,1610612760,OKC,2024-02-22,Orlando,Oklahoma City,1057.5,NW,-1.0
0022300809,1610612760,OKC,2024-02-23,Oklahoma City,Oklahoma City,0.0,,0.0
0022300822,1610612760,OKC,2024-02-25,Oklahoma City,Houston,414.1,S,0.0
0022300841,1610612760,OKC,2024-02-27,Houston,Oklahoma City,414.1,N,0.0
0022300853,1610612760,OKC,2024-02-29,Oklahoma City,San Antonio,420.5,S,0.0
0022300878,1610612760,OKC,2024-03-03,San Antonio,Phoenix,849.5,NW,-1.0
0022300884,1610612760,OKC,2024-03-04,Phoenix,Los Angeles,358.3,W,-1.0
0022300900,1610612760,OKC,2024-03-06,Los Angeles,Portland,827.1,N,0.0
0022300914,1610612760,OKC,2024-03-08,Portland,Oklahoma City,1484.6,E,2.0
0022300931,1610612760,OKC,2024-03-10,Oklahoma City,Oklahoma City,0.0,,0.0
0022300941,1610612760,OKC,2024-03-12,Oklahoma City,Oklahoma City,0.0,,0.0
0022300959,1610612760,OKC,2024-03-14,Oklahoma City,Oklahoma City,0.0,,0.0
0022300972,1610612760,OKC,2024-03-16,Oklahoma City,Memphis,421.4,E,0.0
0022301000,1610612760,OKC,2024-03-20,Memphis,Oklahoma City,421.4,W,0.0
0022301012,1610612760,OKC,2024-03-22,Oklahoma City,Toronto,1115.8,NE,1.0
0022301030,1610612760,OKC,2024-03-24,Toronto,Milwaukee,430.8,W,-1.0
0022301046,1610612760,OKC,2024-03-26,Milwaukee,New Orleans,912.7,S,0.0
0022301057,1610612760,OKC,2024-03-27,New Orleans,Oklahoma City,575.8,NW,0.0
0022301069,1610612760,OKC,2024-03-29,Oklahoma City,Oklahoma City,0.0,,0.0
0022301082,1610612760,OKC,2024-03-31,Oklahoma City,New York,1325.4,NE,1.0
0022301093,1610612760,OKC,2024-04-02,New York,Philadelphia,85.4,SW,0.0
0022301105,1610612760,OKC,2024-04-03,Philadelphia,Boston,273.4,NE,0.0
0022301116,1610612760,OKC,2024-04-05,Boston,Indianapolis,805.4,W,0.0
0022301135,1610612760,OKC,2024-04-07,Indianapolis,Charlotte,428.0,SE,0.0
0022301153,1610612760,OKC,2024-04-09,Charlotte,Oklahoma City,938.9,W,-1.0
0022301163,1610612760,OKC,2024-04-10,Oklahoma City,Oklahoma City,0.0,,0.0
0022301179,1610612760,OKC,2024-04-12,Oklahoma City,Oklahoma City,0.0,,0.0
0022301196,1610612760,OKC,2024-04-14,Oklahoma City,Oklahoma City,0.0,,0.0
0022300069,1610612761,TOR,2023-10-25,Toronto,Toronto,0.0,,0.0
0022300082,1610612761,TOR,2023-10-27,Toronto,Chicago,437.8,W,-1.0
0022300092,1610612761,TOR,2023-10-28,Chicago,Toronto,437.8,E,1.0
0022300105,1610612761,TOR,2023-10-30,Toronto,Toronto,0.0,,0.0
0022300116,1610612761,TOR,2023-11-01,Toronto,Toronto,0.0,,0.0
0022300128,1610612761,TOR,2023-11-02,Toronto,Philadelphia,337.3,SE,0.0
0022300141,1610612761,TOR,2023-11-05,Philadelphia,San Antonio,1500.7,W,-1.0
0022300168,1610612761,TOR,2023-11-08,San Antonio,Dallas,251.5,N,0.0
0022300174,1610612761,TOR,2023-11-11,Dallas,Boston,1549.3,NE,1.0
0022300189,1610612761,TOR,2023-11-13,Boston,Toronto,429.2,W,0.0
0022300195,1610612761,TOR,2023-11-15,Toronto,Toronto,0.0,,0.0
0022300031,1610612761,TOR,2023-11-17,Toronto,Toronto,0.0,,0.0
0022300211,1610612761,TOR,2023-11-19,Toronto,Toronto,0.0,,0.0
0022300038,1610612761,TOR,2023-11-21,Toronto,Orlando,1049.5,S,0.0
0022300230,1610612761,TOR,2023-11-22,Orlando,Indianapolis,821.8,N,0.0
0022300046,1610612761,TOR,2023-11-24,Indianapolis,Toronto,440.3,NE,0.0
0022300251,1610612761,TOR,2023-11-26,Toronto,Cleveland,189.2,SW,0.0
0022300054,1610612761,TOR,2023-11-28,Cleveland,Brooklyn,405.4,E,0.0
0022300260,1610612761,TOR,2023-11-29,Brooklyn,Toronto,344.0,NW,0.0
0022300276,1610612761,TOR,2023-12-01,Toronto,Toronto,0.0,,0.0
0022301207,1610612761,TOR,2023-12-06,Toronto,Toronto,0.0,,0.0
0022301216,1610612761,TOR,2023-12-08,Toronto,Charlotte,586.8,S,0.0
0022300297,1610612761,TOR,2023-12-11,Charlotte,New York,533.3,NE,0.0
0022300313,1610612761,TOR,2023-12-13,New York,Toronto,340.4,NW,0.0
0022300330,1610612761,TOR,2023-12-15,Toronto,Toronto,0.0,,0.0
0022300354,1610612761,TOR,2023-12-18,Toronto,Toronto,0.0,,0.0
0022300369,1610612761,TOR,2023-12-20,Toronto,Toronto,0.0,,0.0
0022300382,1610612761,TOR,2023-12-22,Toronto,Philadelphia,337.3,SE,0.0
0022300395,1610612761,TOR,2023-12-23,Philadelphia,Toronto,337.3,NW,0.0
0022300416,1610612761,TOR,2023-12-27,Toronto,Washington,350.0,S,0.0
0022300432,1610612761,TOR,2023-12-29,Washington,Boston,393.6,NE,0.0
0022300440,1610612761,TOR,2023-12-30,Boston,Detroit,611.9,W,0.0
0022300452,1610612761,TOR,2024-01-01,Detroit,Toronto,206.4,NE,0.0
0022300470,1610612761,TOR,2024-01-03,Toronto,Memphis,817.2,SW,-1.0
0022300492,1610612761,TOR,2024-01-05,Memphis,Sacramento,1746.2,W,-2.0
0022300504,1610612761,TOR,2024-01-07,Sacramento,San Francisco,74.0,SW,0.0
0022300516,1610612761,TOR,2024-01-09,San Francisco,Los Angeles,345.5,SE,0.0
0022300526,1610612761,TOR,2024-01-10,Los Angeles,Inglewood,8.0,SW,0.0
0022300540,1610612761,TOR,2024-01-12,Inglewood,Salt Lake City,589.0,NE,1.0
0022300563,1610612761,TOR,2024-01-15,Salt Lake City,Toronto,1665.5,E,2.0
0022300574,1610612761,TOR,2024-01-17,Toronto,Toronto,0.0,,0.0
0022300580,1610612761,TOR,2024-01-18,Toronto,Toronto,0.0,,0.0
0022300596,1610612761,TOR,2024-01-20,Toronto,New York,340.4,SE,0.0
0022300609,1610612761,TOR,2024-01-22,New York,Toronto,340.4,NW,0.0
0022300637,1610612761,TOR,2024-01-26,Toronto,Toronto,0.0,,0.0
0022300653,1610612761,TOR,2024-01-28,Toronto,Atlanta,734.3,SW,0.0
0022300672,1610612761,TOR,2024-01-30,Atlanta,Chicago,589.0,N,-1.0
0022300692,1610612761,TOR,2024-02-02,Chicago,Houston,941.3,SW,0.0
0022300710,1610612761,TOR,2024-02-04,Houston,Oklahoma City,414.1,N,0.0
0022300718,1610612761,TOR,2024-02-05,Oklahoma City,New Orleans,575.8,SE,0.0
0022300726,1610612761,TOR,2024-02-07,New Orleans,Charlotte,649.5,NE,1.0
0022300744,1610612761,TOR,2024-02-09,Charlotte,Toronto,586.8,N,0.0
0022300756,1610612761,TOR,2024-02-10,Toronto,Toronto,0.0,,0.0
0022300764,1610612761,TOR,2024-02-12,Toronto,Toronto,0.0,,0.0
0022300782,1610612761,TOR,2024-02-14,Toronto,Toronto,0.0,,0.0
0022300795,1610612761,TOR,2024-02-22,Toronto,Toronto,0.0,,0.0
0022300804,1610612761,TOR,2024-02-23,Toronto,Atlanta,734.3,SW,0.0
0022300829,1610612761,TOR,2024-02-26,Atlanta,Indianapolis,426.3,N,0.0
0022300844,1610612761,TOR,2024-02-28,Indianapolis,Toronto,440.3,NE,0.0
0022300860,1610612761,TOR,2024-03-01,Toronto,Toronto,0.0,,0.0
0022300875,1610612761,TOR,2024-03-03,Toronto,Toronto,0.0,,0.0
0022300890,1610612761,TOR,2024-03-05,Toronto,Toronto,0.0,,0.0
0022300905,1610612761,TOR,2024-03-07,Toronto,Phoenix,1886.9,W,-2.0
0022300923,1610612761,TOR,2024-03-09,Phoenix,Portland,1006.3,NW,-1.0
0022300937,1610612761,TOR,2024-03-11,Portland,Denver,979.7,E,1.0
0022300946,1610612761,TOR,2024-03-13,Denver,Detroit,1154.6,E,2.0
0022300963,1610612761,TOR,2024-03-15,Detroit,Toronto,206.4,NE,0.0
0022300979,1610612761,TOR,2024-03-17,Toronto,Orlando,1049.5,S,0.0
0022300999,1610612761,TOR,2024-03-20,Orlando,Toronto,1049.5,N,0.0
0022301012,1610612761,TOR,2024-03-22,Toronto,Toronto,0.0,,0.0
0022301022,1610612761,TOR,2024-03-23,Toronto,Washington,350.0,S,0.0
0022301036,1610612761,TOR,2024-03-25,Washington,Toronto,350.0,N,0.0
0022301053,1610612761,TOR,2024-03-27,Toronto,Toronto,0.0,,0.0
0022301080,1610612761,TOR,2024-03-31,Toronto,Toronto,0.0,,0.0
0022301094,1610612761,TOR,2024-04-02,Toronto,Toronto,0.0,,0.0
0022301108,1610612761,TOR,2024-04-03,Toronto,Minneapolis,692.4,W,-1.0
0022301122,1610612761,TOR,2024-04-05,Minneapolis,Milwaukee,297.9,SE,0.0
0022301137,1610612761,TOR,2024-04-07,Milwaukee,Toronto,430.8,E,1.0
0022301146,1610612761,TOR,2024-04-09,Toronto,Toronto,0.0,,0.0
0022301160,1610612761,TOR,2024-04-10,Toronto,Brooklyn,344.0,SE,0.0
0022301176,1610612761,TOR,2024-04-12,Brooklyn,Miami,1089.6,S,0.0
0022301189,1610612761,TOR,2024-04-14,Miami,Miami,0.0,,0.0
0022300072,1610612762,UTA,2023-10-25,Salt Lake City,Salt Lake City,0.0,,0.0
0022300085,1610612762,UTA,2023-10-27,Salt Lake City,Salt Lake City,0.0,,0.0
0022300094,1610612762,UTA,2023-10-28,Salt Lake City,Phoenix,506.0,S,-1.0
0022300110,1610612762,UTA,2023-10-30,Phoenix,Denver,585.4,NE,1.0
0022300125,1610612762,UTA,2023-11-01,Denver,Salt Lake City,370.1,W,0.0
0022300130,1610612762,UTA,2023-11-02,Salt Lake City,Salt Lake City,0.0,,0.0
0022300138,1610612762,UTA,2023-11-04,Salt Lake City,Minneapolis,984.4,NE,1.0
0022300152,1610612762,UTA,2023-11-06,Minneapolis,Chicago,353.2,SE,0.0
0022300158,1610612762,UTA,2023-11-08,Chicago,Indianapolis,166.4,SE,1.0
0022300012,1610612762,UTA,2023-11-10,Indianapolis,Memphis,384.3,SW,-1.0
0022300023,1610612762,UTA,2023-11-14,Memphis,Salt Lake City,1248.5,NW,-1.0
0022300035,1610612762,UTA,2023-11-17,Salt Lake City,Salt Lake City,0.0,,0.0
0022300214,1610612762,UTA,2023-11-19,Salt Lake City,Salt Lake City,0.0,,0.0
0022300042,1610612762,UTA,2023-11-21,Salt Lake City,Los Angeles,581.0,SW,-1.0
0022300237,1610612762,UTA,2023-11-22,Los Angeles,Portland,827.1,N,0.0
0022300243,1610612762,UTA,2023-11-25,Portland,Salt Lake City,633.9,SE,1.0
0022300256,1610612762,UTA,2023-11-27,Salt Lake City,Salt Lake City,0.0,,0.0
0022300261,1610612762,UTA,2023-11-29,Salt Lake City,Memphis,1248.5,E,1.0
0022300270,1610612762,UTA,2023-11-30,Memphis,Minneapolis,700.9,N,0.0
0022300289,1610612762,UTA,2023-12-02,Minneapolis,Salt Lake City,984.4,W,-1.0
0022301213,1610612762,UTA,2023-12-06,Salt Lake City,Dallas,998.4,SE,1.0
0022301225,1610612762,UTA,2023-12-08,Dallas,Salt Lake City,998.4,NW,-1.0
0022300302,1610612762,UTA,2023-12-11,Salt Lake City,Oklahoma City,862.2,E,1.0
0022300318,1610612762,UTA,2023-12-13,Oklahoma City,Salt Lake City,862.2,NW,-1.0
0022300323,1610612762,UTA,2023-12-14,Salt Lake City,Portland,633.9,NW,-1.0
0022300342,1610612762,UTA,2023-12-16,Portland,Sacramento,484.0,S,0.0
0022300357,1610612762,UTA,2023-12-18,Sacramento,Salt Lake City,532.1,E,1.0
0022300364,1610612762,UTA,2023-12-20,Salt Lake City,Cleveland,1565.1,E,2.0
0022300374,1610612762,UTA,2023-12-21,Cleveland,Detroit,91.3,NW,0.0
0022300395,1610612762,UTA,2023-12-23,Detroit,Toronto,206.4,NE,0.0
0022300412,1610612762,UTA,2023-12-26,Toronto,San Antonio,1437.2,SW,-1.0
0022300424,1610612762,UTA,2023-12-28,San Antonio,New Orleans,502.7,E,0.0
0022300439,1610612762,UTA,2023-12-30,New Orleans,Salt Lake City,1432.8,NW,-1.0
0022300457,1610612762,UTA,2024-01-01,Salt Lake City,Salt Lake City,0.0,,0.0
0022300474,1610612762,UTA,2024-01-03,Salt Lake City,Salt Lake City,0.0,,0.0
0022300479,1610612762,UTA,2024-01-05,Salt Lake City,Boston,2093.7,E,2.0
0022300495,1610612762,UTA,2024-01-06,Boston,Philadelphia,273.4,SW,0.0
0022300510,1610612762,UTA,2024-01-08,Philadelphia,Milwaukee,693.8,W,-1.0
0022300524,1610612762,UTA,2024-01-10,Milwaukee,Salt Lake City,1239.0,W,-1.0
0022300540,1610612762,UTA,2024-01-12,Salt Lake City,Salt Lake City,0.0,,0.0
0022300549,1610612762,UTA,2024-01-13,Salt Lake City,Salt Lake City,0.0,,0.0
0022300564,1610612762,UTA,2024-01-15,Salt Lake City,Salt Lake City,0.0,,0.0
0022300581,1610612762,UTA,2024-01-18,Salt Lake City,Salt Lake City,0.0,,0.0
0022300598,1610612762,UTA,2024-01-20,Salt Lake City,Houston,1200.6,SE,1.0
0022300616,1610612762,UTA,2024-01-23,Houston,New Orleans,316.7,E,0.0
0022300628,1610612762,UTA,2024-01-25,New Orleans,Washington,965.9,NE,1.0
0022300647,1610612762,UTA,2024-01-27,Washington,Charlotte,329.7,SW,0.0
0022300660,1610612762,UTA,2024-01-29,Charlotte,Brooklyn,530.7,NE,0.0
0022300671,1610612762,UTA,2024-01-30,Brooklyn,New York,4.8,N,0.0
0022300686,1610612762,UTA,2024-02-01,New York,Salt Lake City,1968.2,W,-2.0
0022300711,1610612762,UTA,2024-02-04,Salt Lake City,Salt Lake City,0.0,,0.0
0022300724,1610612762,UTA,2024-02-06,Salt Lake City,Salt Lake City,0.0,,0.0
0022300739,1610612762,UTA,2024-02-08,Salt Lake City,Phoenix,506.0,S,0.0
0022300769,1610612762,UTA,2024-02-12,Phoenix,Salt Lake City,506.0,N,0.0
0022300788,1610612762,UTA,2024-02-14,Salt Lake City,Salt Lake City,0.0,,0.0
0022300576,1610612762,UTA,2024-02-15,Salt Lake City,Salt Lake City,0.0,,0.0
0022300801,1610612762,UTA,2024-02-22,Salt Lake City,Salt Lake City,0.0,,0.0
0022300825,1610612762,UTA,2024-02-25,Salt Lake City,Salt Lake City,0.0,,0.0
0022300835,1610612762,UTA,2024-02-27,Salt Lake City,Atlanta,1580.5,E,2.0
0022300850,1610612762,UTA,2024-02-29,Atlanta,Orlando,402.1,SE,0.0
0022300867,1610612762,UTA,2024-03-02,Orlando,Miami,204.3,S,0.0
0022300882,1610612762,UTA,2024-03-04,Miami,Salt Lake City,2087.6,NW,-2.0
0022300898,1610612762,UTA,2024-03-06,Salt Lake City,Salt Lake City,0.0,,0.0
0022300922,1610612762,UTA,2024-03-09,Salt Lake City,Denver,370.1,E,0.0
0022300943,1610612762,UTA,2024-03-12,Denver,Salt Lake City,370.1,W,0.0
0022300966,1610612762,UTA,2024-03-15,Salt Lake City,Salt Lake City,0.0,,0.0
0022300974,1610612762,UTA,2024-03-16,Salt Lake City,Salt Lake City,0.0,,0.0
0022300987,1610612762,UTA,2024-03-18,Salt Lake City,Salt Lake City,0.0,,0.0
0022301000,1610612762,UTA,2024-03-20,Salt Lake City,Oklahoma City,862.2,E,1.0
0022301008,1610612762,UTA,2024-03-21,Oklahoma City,Dallas,189.0,S,0.0
0022301024,1610612762,UTA,2024-03-23,Dallas,Houston,226.8,SE,0.0
0022301041,1610612762,UTA,2024-03-25,Houston,Salt Lake City,1200.6,NW,-1.0
0022301058,1610612762,UTA,2024-03-27,Salt Lake City,Salt Lake City,0.0,,0.0
0022301072,1610612762,UTA,2024-03-29,Salt Lake City,Salt Lake City,0.0,,0.0
0022301086,1610612762,UTA,2024-03-31,Salt Lake City,Sacramento,532.1,W,-1.0
0022301100,1610612762,UTA,2024-04-02,Sacramento,Salt Lake City,532.1,E,1.0
0022301126,1610612762,UTA,2024-04-05,Salt Lake City,Inglewood,589.0,SW,-1.0
0022301142,1610612762,UTA,2024-04-07,Inglewood,San Francisco,347.9,NW,0.0
0022301154,1610612762,UTA,2024-04-09,San Francisco,Salt Lake City,597.6,NE,1.0
0022301168,1610612762,UTA,2024-04-11,Salt Lake City,Salt Lake City,0.0,,0.0
0022301184,1610612762,UTA,2024-04-12,Salt Lake City,Inglewood,589.0,SW,-1.0
0022301198,1610612762,UTA,2024-04-14,Inglewood,San Francisco,347.9,NW,0.0
0022300071,1610612763,MEM,2023-10-25,Memphis,Memphis,0.0,,0.0
0022300078,1610612763,MEM,2023-10-27,Memphis,Memphis,0.0,,0.0
0022300089,1610612763,MEM,2023-10-28,Memphis,Washington,763.5,NE,1.0
0022300106,1610612763,MEM,2023-10-30,Washington,Memphis,763.5,W,-1.0
0022300125,1610612763,MEM,2023-11-01,Memphis,Salt Lake City,1248.5,NW,-1.0
0022300007,1610612763,MEM,2023-11-03,Salt Lake City,Portland,633.9,NW,-1.0
0022300144,1610612763,MEM,2023-11-05,Portland,Portland,0.0,,0.0
0022300164,1610612763,MEM,2023-11-08,Portland,Memphis,1845.9,E,2.0
0022300012,1610612763,MEM,2023-11-10,Memphis,Memphis,0.0,,0.0
0022300179,1610612763,MEM,2023-11-12,Memphis,Inglewood,1606.9,W,-2.0
0022300026,1610612763,MEM,2023-11-14,Inglewood,Los Angeles,8.0,NE,0.0
0022300206,1610612763,MEM,2023-11-18,Los Angeles,San Antonio,1205.9,E,2.0
0022300213,1610612763,MEM,2023-11-19,San Antonio,Memphis,628.6,NE,0.0
0022300231,1610612763,MEM,2023-11-22,Memphis,Houston,484.1,SW,0.0
0022300044,1610612763,MEM,2023-11-24,Houston,Memphis,484.1,NE,0.0
0022300249,1610612763,MEM,2023-11-26,Memphis,Memphis,0.0,,0.0
0022300261,1610612763,MEM,2023-11-29,Memphis,Memphis,0.0,,0.0
0022300277,1610612763,MEM,2023-12-01,Memphis,Dallas,419.8,W,0.0
0022300288,1610612763,MEM,2023-12-02,Dallas,Phoenix,883.5,W,-1.0
0022301206,1610612763,MEM,2023-12-06,Phoenix,Detroit,1687.1,NE,2.0
0022301221,1610612763,MEM,2023-12-08,Detroit,Memphis,623.9,SW,-1.0
0022300299,1610612763,MEM,2023-12-11,Memphis,Memphis,0.0,,0.0
0022300314,1610612763,MEM,2023-12-13,Memphis,Houston,484.1,SW,0.0
0022300332,1610612763,MEM,2023-12-15,Houston,Memphis,484.1,NE,0.0
0022300355,1610612763,MEM,2023-12-18,Memphis,Oklahoma City,421.4,W,0.0
0022300360,1610612763,MEM,2023-12-19,Oklahoma City,New Orleans,575.8,SE,0.0
0022300377,1610612763,MEM,2023-12-21,New Orleans,Memphis,358.5,N,0.0
0022300393,1610612763,MEM,2023-12-23,Memphis,Atlanta,335.9,E,1.0
0022300410,1610612763,MEM,2023-12-26,Atlanta,New Orleans,424.8,SW,-1.0
0022300425,1610612763,MEM,2023-12-28,New Orleans,Denver,1081.3,NW,-1.0
0022300438,1610612763,MEM,2023-12-29,Denver,Inglewood,838.0,SW,-1.0
0022300449,1610612763,MEM,2023-12-31,Inglewood,Memphis,1606.9,E,2.0
0022300460,1610612763,MEM,2024-01-02,Memphis,Memphis,0.0,,0.0
0022300470,1610612763,MEM,2024-01-03,Memphis,Memphis,0.0,,0.0
0022300491,1610612763,MEM,2024-01-05,Memphis,Los Angeles,1601.4,W,-2.0
0022300503,1610612763,MEM,2024-01-07,Los Angeles,Phoenix,358.3,E,1.0
0022300515,1610612763,MEM,2024-01-09,Phoenix,Dallas,883.5,E,1.0
0022300537,1610612763,MEM,2024-01-12,Dallas,Memphis,419.8,NE,0.0
0022300544,1610612763,MEM,2024-01-13,Memphis,Memphis,0.0,,0.0
0022300560,1610612763,MEM,2024-01-15,Memphis,Memphis,0.0,,0.0
0022300582,1610612763,MEM,2024-01-18,Memphis,Minneapolis,700.9,N,0.0
0022300597,1610612763,MEM,2024-01-20,Minneapolis,Chicago,353.2,SE,0.0
0022300609,1610612763,MEM,2024-01-22,Chicago,Toronto,437.8,E,1.0
0022300621,1610612763,MEM,2024-01-24,Toronto,Miami,1235.0,S,0.0
0022300638,1610612763,MEM,2024-01-26,Miami,Memphis,872.5,NW,-1.0
0022300652,1610612763,MEM,2024-01-28,Memphis,Indianapolis,384.3,NE,1.0
0022300663,1610612763,MEM,2024-01-29,Indianapolis,Memphis,384.3,SW,-1.0
0022300687,1610612763,MEM,2024-02-01,Memphis,Memphis,0.0,,0.0
0022300693,1610612763,MEM,2024-02-02,Memphis,Memphis,0.0,,0.0
0022300706,1610612763,MEM,2024-02-04,Memphis,Boston,1135.1,NE,1.0
0022300722,1610612763,MEM,2024-02-06,Boston,New York,188.2,SW,0.0
0022300737,1610612763,MEM,2024-02-08,New York,Memphis,955.1,W,-1.0
0022300751,1610612763,MEM,2024-02-10,Memphis,Charlotte,520.0,E,1.0
0022300766,1610612763,MEM,2024-02-12,Charlotte,Memphis,520.0,W,-1.0
0022300783,1610612763,MEM,2024-02-14,Memphis,Memphis,0.0,,0.0
0022300790,1610612763,MEM,2024-02-15,Memphis,Memphis,0.0,,0.0
0022300807,1610612763,MEM,2024-02-23,Memphis,Memphis,0.0,,0.0
0022300830,1610612763,MEM,2024-02-26,Memphis,Memphis,0.0,,0.0
0022300845,1610612763,MEM,2024-02-28,Memphis,Minneapolis,700.9,N,0.0
0022300861,1610612763,MEM,2024-03-01,Minneapolis,Memphis,700.9,S,0.0
0022300868,1610612763,MEM,2024-03-02,Memphis,Memphis,0.0,,0.0
0022300879,1610612763,MEM,2024-03-04,Memphis,Brooklyn,954.5,NE,1.0
0022300896,1610612763,MEM,2024-03-06,Brooklyn,Philadelphia,83.0,SW,0.0
0022300913,1610612763,MEM,2024-03-08,Philadelphia,Memphis,877.9,W,-1.0
0022300931,1610612763,MEM,2024-03-10,Memphis,Oklahoma City,421.4,W,0.0
0022300940,1610612763,MEM,2024-03-12,Oklahoma City,Memphis,421.4,E,0.0
0022300950,1610612763,MEM,2024-03-13,Memphis,Memphis,0.0,,0.0
0022300972,1610612763,MEM,2024-03-16,Memphis,Memphis,0.0,,0.0
0022300989,1610612763,MEM,2024-03-18,Memphis,Sacramento,1746.2,W,-2.0
0022301001,1610612763,MEM,2024-03-20,Sacramento,San Francisco,74.0,SW,0.0
0022301015,1610612763,MEM,2024-03-22,San Francisco,San Antonio,1488.5,E,2.0
0022301040,1610612763,MEM,2024-03-25,San Antonio,Denver,804.6,NW,-1.0
0022301055,1610612763,MEM,2024-03-27,Denver,Memphis,878.8,E,1.0
0022301075,1610612763,MEM,2024-03-30,Memphis,Orlando,682.6,SE,1.0
0022301088,1610612763,MEM,2024-04-01,Orlando,Detroit,958.2,N,0.0
0022301107,1610612763,MEM,2024-04-03,Detroit,Milwaukee,251.6,W,-1.0
0022301121,1610612763,MEM,2024-04-05,Milwaukee,Memphis,558.1,S,0.0
0022301129,1610612763,MEM,2024-04-06,Memphis,Memphis,0.0,,0.0
0022301151,1610612763,MEM,2024-04-09,Memphis,Memphis,0.0,,0.0
0022301158,1610612763,MEM,2024-04-10,Memphis,Cleveland,630.7,NE,1.0
0022301177,1610612763,MEM,2024-04-12,Cleveland,Memphis,630.7,SW,-1.0
0022301193,1610612763,MEM,2024-04-14,Memphis,Memphis,0.0,,0.0
0022300064,1610612764,WAS,2023-10-25,Washington,Indianapolis,491.6,W,0.0
0022300089,1610612764,WAS,2023-10-28,Indianapolis,Washington,491.6,E,0.0
0022300103,1610612764,WAS,2023-10-30,Washington,Washington,0.0,,0.0
0022300117,1610612764,WAS,2023-11-01,Washington,Atlanta,542.5,SW,0.0
0022300003,1610612764,WAS,2023-11-03,Atlanta,Miami,606.0,SE,0.0
0022300148,1610612764,WAS,2023-11-06,Miami,Philadelphia,1017.6,N,0.0
0022300157,1610612764,WAS,2023-11-08,Philadelphia,Charlotte,447.8,SW,0.0
0022300009,1610612764,WAS,2023-11-10,Charlotte,Washington,329.7,NE,0.0
0022300178,1610612764,WAS,2023-11-12,Washington,Brooklyn,203.3,NE,0.0
0022300189,1610612764,WAS,2023-11-13,Brooklyn,Toronto,344.0,NW,0.0
0022300192,1610612764,WAS,2023-11-15,Toronto,Washington,350.0,S,0.0
0022300028,1610612764,WAS,2023-11-17,Washington,Washington,0.0,,0.0
0022300219,1610612764,WAS,2023-11-20,Washington,Washington,0.0,,0.0
0022300225,1610612764,WAS,2023-11-22,Washington,Charlotte,329.7,SW,0.0
0022300049,1610612764,WAS,2023-11-24,Charlotte,Milwaukee,659.6,NW,-1.0
0022300241,1610612764,WAS,2023-11-25,Milwaukee,Washington,635.9,SE,1.0
0022300253,1610612764,WAS,2023-11-27,Washington,Detroit,395.7,NW,0.0
0022300259,1610612764,WAS,2023-11-29,Detroit,Orlando,958.2,S,0.0
0022300274,1610612764,WAS,2023-12-01,Orlando,Orlando,0.0,,0.0
0022301208,1610612764,WAS,2023-12-06,Orlando,Washington,758.1,N,0.0
0022301219,1610612764,WAS,2023-12-08,Washington,Brooklyn,203.3,NE,0.0
0022300295,1610612764,WAS,2023-12-11,Brooklyn,Philadelphia,83.0,SW,0.0
0022300311,1610612764,WAS,2023-12-13,Philadelphia,Washington,120.6,SW,0.0
0022300328,1610612764,WAS,2023-12-15,Washington,Washington,0.0,,0.0
0022300347,1610612764,WAS,2023-12-17,Washington,Phoenix,1978.4,W,-2.0
0022300358,1610612764,WAS,2023-12-18,Phoenix,Sacramento,634.7,NW,-1.0
0022300381,1610612764,WAS,2023-12-21,Sacramento,Portland,484.0,N,0.0
0022300386,1610612764,WAS,2023-12-22,Portland,San Francisco,536.6,S,0.0
0022300407,1610612764,WAS,2023-12-26,San Francisco,Washington,2434.3,E,3.0
0022300416,1610612764,WAS,2023-12-27,Washington,Washington,0.0,,0.0
0022300430,1610612764,WAS,2023-12-29,Washington,Washington,0.0,,0.0
0022300445,1610612764,WAS,2023-12-31,Washington,Washington,0.0,,0.0
0022300465,1610612764,WAS,2024-01-03,Washington,Cleveland,304.7,NW,0.0
0022300482,1610612764,WAS,2024-01-05,Cleveland,Cleveland,0.0,,0.0
0022300494,1610612764,WAS,2024-01-06,Cleveland,Washington,304.7,SE,0.0
0022300508,1610612764,WAS,2024-01-08,Washington,Washington,0.0,,0.0
0022300520,1610612764,WAS,2024-01-10,Washington,Indianapolis,491.6,W,0.0
0022300543,1610612764,WAS,2024-01-13,Indianapolis,Atlanta,426.3,S,0.0
0022300558,1610612764,WAS,2024-01-15,Atlanta,Washington,542.5,NE,0.0
0022300579,1610612764,WAS,2024-01-18,Washington,New York,205.4,NE,0.0
0022300594,1610612764,WAS,2024-01-20,New York,Washington,205.4,SW,0.0
0022300602,1610612764,WAS,2024-01-21,Washington,Washington,0.0,,0.0
0022300620,1610612764,WAS,2024-01-24,Washington,Washington,0.0,,0.0
0022300628,1610612764,WAS,2024-01-25,Washington,Washington,0.0,,0.0
0022300642,1610612764,WAS,2024-01-27,Washington,Detroit,395.7,NW,0.0
0022300665,1610612764,WAS,2024-01-29,Detroit,San Antonio,1236.2,SW,-1.0
0022300676,1610612764,WAS,2024-01-31,San Antonio,Washington,1383.4,NE,1.0
0022300689,1610612764,WAS,2024-02-02,Washington,Washington,0.0,,0.0
0022300705,1610612764,WAS,2024-02-04,Washington,Washington,0.0,,0.0
0022300728,1610612764,WAS,2024-02-07,Washington,Washington,0.0,,0.0
0022300743,1610612764,WAS,2024-02-09,Washington,Boston,393.6,NE,0.0
0022300753,1610612764,WAS,2024-02-10,Boston,Washington,393.6,SW,0.0
0022300768,1610612764,WAS,2024-02-12,Washington,Dallas,1183.0,W,-1.0
0022300784,1610612764,WAS,2024-02-14,Dallas,New Orleans,442.7,SE,0.0
0022300800,1610612764,WAS,2024-02-22,New Orleans,Denver,1081.3,NW,-1.0
0022300809,1610612764,WAS,2024-02-23,Denver,Oklahoma City,505.5,SE,1.0
0022300820,1610612764,WAS,2024-02-25,Oklahoma City,Washington,1150.3,E,1.0
0022300834,1610612764,WAS,2024-02-27,Washington,Washington,0.0,,0.0
0022300856,1610612764,WAS,2024-02-29,Washington,Los Angeles,2296.5,W,-3.0
0022300865,1610612764,WAS,2024-03-01,Los Angeles,Inglewood,8.0,SW,0.0
0022300882,1610612764,WAS,2024-03-04,Inglewood,Salt Lake City,589.0,NE,1.0
0022300894,1610612764,WAS,2024-03-06,Salt Lake City,Washington,1843.0,E,2.0
0022300910,1610612764,WAS,2024-03-08,Washington,Washington,0.0,,0.0
0022300926,1610612764,WAS,2024-03-10,Washington,Miami,924.8,S,0.0
0022300940,1610612764,WAS,2024-03-12,Miami,Memphis,872.5,NW,-1.0
0022300957,1610612764,WAS,2024-03-14,Memphis,Houston,484.1,SW,0.0
0022300971,1610612764,WAS,2024-03-16,Houston,Chicago,941.3,NE,0.0
0022300980,1610612764,WAS,2024-03-17,Chicago,Washington,596.8,E,1.0
0022300992,1610612764,WAS,2024-03-19,Washington,Washington,0.0,,0.0
0022301005,1610612764,WAS,2024-03-21,Washington,Washington,0.0,,0.0
0022301022,1610612764,WAS,2024-03-23,Washington,Washington,0.0,,0.0
0022301037,1610612764,WAS,2024-03-25,Washington,Chicago,596.8,NW,-1.0
0022301050,1610612764,WAS,2024-03-27,Chicago,Washington,596.8,E,1.0
0022301065,1610612764,WAS,2024-03-29,Washington,Washington,0.0,,0.0
0022301081,1610612764,WAS,2024-03-31,Washington,Washington,0.0,,0.0
0022301095,1610612764,WAS,2024-04-02,Washington,Washington,0.0,,0.0
0022301103,1610612764,WAS,2024-04-03,Washington,Washington,0.0,,0.0
0022301117,1610612764,WAS,2024-04-05,Washington,Washington,0.0,,0.0
0022301137,1610612764,WAS,2024-04-07,Washington,Toronto,350.0,N,0.0
0022301152,1610612764,WAS,2024-04-09,Toronto,Minneapolis,692.4,W,-1.0
0022301172,1610612764,WAS,2024-04-12,Minneapolis,Washington,932.8,E,1.0
0022301186,1610612764,WAS,2024-04-14,Washington,Boston,393.6,NE,0.0
0022300068,1610612765,DET,2023-10-25,Detroit,Miami,1155.7,S,0.0
0022300077,1610612765,DET,2023-10-27,Miami,Charlotte,653.7,N,0.0
0022300088,1610612765,DET,2023-10-28,Charlotte,Detroit,505.9,N,0.0
0022300109,1610612765,DET,2023-10-30,Detroit,Oklahoma City,909.4,SW,-1.0
0022300115,1610612765,DET,2023-11-01,Oklahoma City,Detroit,909.4,NE,1.0
0022300129,1610612765,DET,2023-11-02,Detroit,New Orleans,940.9,SW,-1.0
0022300140,1610612765,DET,2023-11-05,New Orleans,Detroit,940.9,NE,1.0
0022300145,1610612765,DET,2023-11-06,Detroit,Detroit,0.0,,0.0
0022300165,1610612765,DET,2023-11-08,Detroit,Milwaukee,251.6,W,-1.0
0022300008,1610612765,DET,2023-11-10,Milwaukee,Detroit,251.6,E,1.0
0022300181,1610612765,DET,2023-11-12,Detroit,Chicago,238.9,W,-1.0
0022300018,1610612765,DET,2023-11-14,Chicago,Detroit,238.9,E,1.0
0022300030,1610612765,DET,2023-11-17,Detroit,Cleveland,91.3,SE,0.0
0022300211,1610612765,DET,2023-11-19,Cleveland,Toronto,189.2,NE,0.0
0022300218,1610612765,DET,2023-11-20,Toronto,Detroit,206.4,SW,0.0
0022300047,1610612765,DET,2023-11-24,Detroit,Indianapolis,240.4,SW,0.0
0022300253,1610612765,DET,2023-11-27,Indianapolis,Detroit,240.4,NE,0.0
0022300258,1610612765,DET,2023-11-29,Detroit,Detroit,0.0,,0.0
0022300268,1610612765,DET,2023-11-30,Detroit,New York,481.0,E,0.0
0022300283,1610612765,DET,2023-12-02,New York,Detroit,481.0,W,0.0
0022301206,1610612765,DET,2023-12-06,Detroit,Detroit,0.0,,0.0
0022301217,1610612765,DET,2023-12-08,Detroit,Orlando,958.2,S,0.0
0022300293,1610612765,DET,2023-12-11,Orlando,Detroit,958.2,N,0.0
0022300310,1610612765,DET,2023-12-13,Detroit,Detroit,0.0,,0.0
0022300327,1610612765,DET,2023-12-15,Detroit,Philadelphia,443.4,E,0.0
0022300334,1610612765,DET,2023-12-16,Philadelphia,Milwaukee,693.8,W,-1.0
0022300352,1610612765,DET,2023-12-18,Milwaukee,Atlanta,669.3,S,1.0
0022300374,1610612765,DET,2023-12-21,Atlanta,Detroit,597.5,N,0.0
0022300394,1610612765,DET,2023-12-23,Detroit,Brooklyn,483.3,E,0.0
0022300406,1610612765,DET,2023-12-26,Brooklyn,Detroit,483.3,W,0.0
0022300421,1610612765,DET,2023-12-28,Detroit,Boston,611.9,E,0.0
0022300440,1610612765,DET,2023-12-30,Boston,Detroit,611.9,W,0.0
0022300453,1610612765,DET,2024-01-01,Detroit,Houston,1106.3,SW,-1.0
0022300474,1610612765,DET,2024-01-03,Houston,Salt Lake City,1200.6,NW,-1.0
0022300490,1610612765,DET,2024-01-05,Salt Lake City,San Francisco,597.6,W,-1.0
0022300502,1610612765,DET,2024-01-07,San Francisco,Denver,944.8,E,1.0
0022300512,1610612765,DET,2024-01-09,Denver,Detroit,1154.6,E,2.0
0022300519,1610612765,DET,2024-01-10,Detroit,Detroit,0.0,,0.0
0022300534,1610612765,DET,2024-01-12,Detroit,Detroit,0.0,,0.0
0022300558,1610612765,DET,2024-01-15,Detroit,Washington,395.7,SE,0.0
0022300569,1610612765,DET,2024-01-17,Washington,Detroit,395.7,NW,0.0
0022300592,1610612765,DET,2024-01-20,Detroit,Detroit,0.0,,0.0
0022300606,1610612765,DET,2024-01-22,Detroit,Detroit,0.0,,0.0
0022300619,1610612765,DET,2024-01-24,Detroit,Detroit,0.0,,0.0
0022300642,1610612765,DET,2024-01-27,Detroit,Detroit,0.0,,0.0
0022300654,1610612765,DET,2024-01-28,Detroit,Detroit,0.0,,0.0
0022300675,1610612765,DET,2024-01-31,Detroit,Cleveland,91.3,SE,0.0
0022300688,1610612765,DET,2024-02-02,Cleveland,Detroit,91.3,NW,0.0
0022300704,1610612765,DET,2024-02-04,Detroit,Detroit,0.0,,0.0
0022300732,1610612765,DET,2024-02-07,Detroit,Sacramento,2020.3,W,-3.0
0022300741,1610612765,DET,2024-02-08,Sacramento,Portland,484.0,N,0.0
0022300749,1610612765,DET,2024-02-10,Portland,Inglewood,832.5,S,0.0
0022300776,1610612765,DET,2024-02-13,Inglewood,Los Angeles,8.0,NE,0.0
0022300787,1610612765,DET,2024-02-14,Los Angeles,Phoenix,358.3,E,1.0
0022300793,1610612765,DET,2024-02-22,Phoenix,Indianapolis,1496.2,NE,2.0
0022300814,1610612765,DET,2024-02-24,Indianapolis,Detroit,240.4,NE,0.0
0022300828,1610612765,DET,2024-02-26,Detroit,New York,481.0,E,0.0
0022300839,1610612765,DET,2024-02-27,New York,Chicago,713.5,W,-1.0
0022300857,1610612765,DET,2024-03-01,Chicago,Detroit,238.9,E,1.0
0022300874,1610612765,DET,2024-03-03,Detroit,Orlando,958.2,S,0.0
0022300888,1610612765,DET,2024-03-05,Orlando,Miami,204.3,S,0.0
0022300902,1610612765,DET,2024-03-07,Miami,Detroit,1155.7,N,0.0
0022300919,1610612765,DET,2024-03-09,Detroit,Detroit,0.0,,0.0
0022300933,1610612765,DET,2024-03-11,Detroit,Detroit,0.0,,0.0
0022300946,1610612765,DET,2024-03-13,Detroit,Detroit,0.0,,0.0
0022300962,1610612765,DET,2024-03-15,Detroit,Detroit,0.0,,0.0
0022300977,1610612765,DET,2024-03-17,Detroit,Detroit,0.0,,0.0
0022300984,1610612765,DET,2024-03-18,Detroit,Boston,611.9,E,0.0
0022300997,1610612765,DET,2024-03-20,Boston,Detroit,611.9,W,0.0
0022301011,1610612765,DET,2024-03-22,Detroit,Detroit,0.0,,0.0
0022301027,1610612765,DET,2024-03-24,Detroit,Detroit,0.0,,0.0
0022301035,1610612765,DET,2024-03-25,Detroit,New York,481.0,E,0.0
0022301056,1610612765,DET,2024-03-27,New York,Minneapolis,1016.5,NW,-1.0
0022301065,1610612765,DET,2024-03-29,Minneapolis,Washington,932.8,E,1.0
0022301088,1610612765,DET,2024-04-01,Washington,Detroit,395.7,NW,0.0
0022301104,1610612765,DET,2024-04-03,Detroit,Atlanta,597.5,S,0.0
0022301121,1610612765,DET,2024-04-05,Atlanta,Memphis,335.9,W,-1.0
0022301128,1610612765,DET,2024-04-06,Memphis,Brooklyn,954.5,NE,1.0
0022301145,1610612765,DET,2024-04-09,Brooklyn,Philadelphia,83.0,SW,0.0
0022301166,1610612765,DET,2024-04-11,Philadelphia,Detroit,443.4,NW,0.0
0022301181,1610612765,DET,2024-04-12,Detroit,Dallas,999.2,SW,-1.0
0022301197,1610612765,DET,2024-04-14,Dallas,San Antonio,251.5,SW,0.0
0022300063,1610612766,CHA,2023-10-25,Charlotte,Charlotte,0.0,,0.0
0022300077,1610612766,CHA,2023-10-27,Charlotte,Charlotte,0.0,,0.0
0022300101,1610612766,CHA,2023-10-30,Charlotte,Charlotte,0.0,,0.0
0022300122,1610612766,CHA,2023-11-01,Charlotte,Houston,925.8,W,-1.0
0022300133,1610612766,CHA,2023-11-04,Houston,Indianapolis,866.0,NE,1.0
0022300143,1610612766,CHA,2023-11-05,Indianapolis,Dallas,763.5,SW,-1.0
0022300157,1610612766,CHA,2023-11-08,Dallas,Charlotte,929.0,E,1.0
0022300009,1610612766,CHA,2023-11-10,Charlotte,Washington,329.7,NE,0.0
0022300177,1610612766,CHA,2023-11-12,Washington,New York,205.4,NE,0.0
0022300017,1610612766,CHA,2023-11-14,New York,Charlotte,533.3,SW,0.0
0022300027,1610612766,CHA,2023-11-17,Charlotte,Charlotte,0.0,,0.0
0022300202,1610612766,CHA,2023-11-18,Charlotte,Charlotte,0.0,,0.0
0022300217,1610612766,CHA,2023-11-20,Charlotte,Charlotte,0.0,,0.0
0022300225,1610612766,CHA,2023-11-22,Charlotte,Charlotte,0.0,,0.0
0022300248,1610612766,CHA,2023-11-26,Charlotte,Orlando,463.1,S,0.0
0022300057,1610612766,CHA,2023-11-28,Orlando,New York,941.6,NE,0.0
0022300266,1610612766,CHA,2023-11-30,New York,Brooklyn,4.8,S,0.0
0022300281,1610612766,CHA,2023-12-02,Brooklyn,Charlotte,530.7,SW,0.0
0022301211,1610612766,CHA,2023-12-06,Charlotte,Chicago,589.4,NW,-1.0
0022301216,1610612766,CHA,2023-12-08,Chicago,Charlotte,589.4,SE,1.0
0022300292,1610612766,CHA,2023-12-11,Charlotte,Charlotte,0.0,,0.0
0022300312,1610612766,CHA,2023-12-13,Charlotte,Miami,653.7,S,0.0
0022300326,1610612766,CHA,2023-12-15,Miami,Charlotte,653.7,N,0.0
0022300335,1610612766,CHA,2023-12-16,Charlotte,Charlotte,0.0,,0.0
0022300354,1610612766,CHA,2023-12-18,Charlotte,Toronto,586.8,N,0.0
0022300365,1610612766,CHA,2023-12-20,Toronto,Indianapolis,440.3,SW,0.0
0022300390,1610612766,CHA,2023-12-23,Indianapolis,Charlotte,428.0,SE,0.0
0022300414,1610612766,CHA,2023-12-26,Charlotte,Inglewood,2122.4,W,-3.0
0022300428,1610612766,CHA,2023-12-28,Inglewood,Los Angeles,8.0,NE,0.0
0022300436,1610612766,CHA,2023-12-29,Los Angeles,Phoenix,358.3,E,1.0
0022300455,1610612766,CHA,2024-01-01,Phoenix,Denver,585.4,NE,0.0
0022300464,1610612766,CHA,2024-01-02,Denver,Sacramento,885.9,W,-1.0
0022300484,1610612766,CHA,2024-01-05,Sacramento,Chicago,1787.1,E,2.0
0022300506,1610612766,CHA,2024-01-08,Chicago,Charlotte,589.4,SE,1.0
0022300518,1610612766,CHA,2024-01-10,Charlotte,Charlotte,0.0,,0.0
0022300541,1610612766,CHA,2024-01-12,Charlotte,San Antonio,1100.8,W,-1.0
0022300551,1610612766,CHA,2024-01-14,San Antonio,Miami,1144.2,E,1.0
0022300575,1610612766,CHA,2024-01-17,Miami,New Orleans,669.1,NW,-1.0
0022300584,1610612766,CHA,2024-01-19,New Orleans,Charlotte,649.5,NE,1.0
0022300593,1610612766,CHA,2024-01-20,Charlotte,Charlotte,0.0,,0.0
0022300610,1610612766,CHA,2024-01-22,Charlotte,Minneapolis,939.3,NW,-1.0
0022300619,1610612766,CHA,2024-01-24,Minneapolis,Detroit,542.0,E,1.0
0022300635,1610612766,CHA,2024-01-26,Detroit,Charlotte,505.9,S,0.0
0022300647,1610612766,CHA,2024-01-27,Charlotte,Charlotte,0.0,,0.0
0022300657,1610612766,CHA,2024-01-29,Charlotte,Charlotte,0.0,,0.0
0022300674,1610612766,CHA,2024-01-31,Charlotte,Charlotte,0.0,,0.0
0022300695,1610612766,CHA,2024-02-02,Charlotte,Oklahoma City,938.9,W,-1.0
0022300707,1610612766,CHA,2024-02-04,Oklahoma City,Charlotte,938.9,E,1.0
0022300713,1610612766,CHA,2024-02-05,Charlotte,Charlotte,0.0,,0.0
0022300726,1610612766,CHA,2024-02-07,Charlotte,Charlotte,0.0,,0.0
0022300745,1610612766,CHA,2024-02-09,Charlotte,Milwaukee,659.6,NW,-1.0
0022300751,1610612766,CHA,2024-02-10,Milwaukee,Charlotte,659.6,SE,1.0
0022300761,1610612766,CHA,2024-02-12,Charlotte,Charlotte,0.0,,0.0
0022300777,1610612766,CHA,2024-02-14,Charlotte,Charlotte,0.0,,0.0
0022300801,1610612766,CHA,2024-02-22,Charlotte,Salt Lake City,1724.5,W,-2.0
0022300811,1610612766,CHA,2024-02-23,Salt Lake City,San Francisco,597.6,W,-1.0
0022300826,1610612766,CHA,2024-02-25,San Francisco,Portland,536.6,N,0.0
0022300840,1610612766,CHA,2024-02-27,Portland,Milwaukee,1713.8,E,2.0
0022300849,1610612766,CHA,2024-02-29,Milwaukee,Charlotte,659.6,SE,1.0
0022300858,1610612766,CHA,2024-03-01,Charlotte,Philadelphia,447.8,NE,0.0
0022300875,1610612766,CHA,2024-03-03,Philadelphia,Toronto,337.3,NW,0.0
0022300885,1610612766,CHA,2024-03-05,Toronto,Charlotte,586.8,S,0.0
0022300910,1610612766,CHA,2024-03-08,Charlotte,Washington,329.7,NE,0.0
0022300918,1610612766,CHA,2024-03-09,Washington,Charlotte,329.7,SW,0.0
0022300933,1610612766,CHA,2024-03-11,Charlotte,Detroit,505.9,N,0.0
0022300950,1610612766,CHA,2024-03-13,Detroit,Memphis,623.9,SW,-1.0
0022300961,1610612766,CHA,2024-03-15,Memphis,Charlotte,520.0,E,1.0
0022300969,1610612766,CHA,2024-03-16,Charlotte,Philadelphia,447.8,NE,0.0
0022300991,1610612766,CHA,2024-03-19,Philadelphia,Orlando,860.9,SW,0.0
0022301021,1610612766,CHA,2024-03-23,Orlando,Atlanta,402.1,NW,0.0
0022301033,1610612766,CHA,2024-03-25,Atlanta,Cleveland,554.8,N,0.0
0022301048,1610612766,CHA,2024-03-27,Cleveland,Charlotte,435.7,S,0.0
0022301062,1610612766,CHA,2024-03-29,Charlotte,Charlotte,0.0,,0.0
0022301079,1610612766,CHA,2024-03-31,Charlotte,Charlotte,0.0,,0.0
0022301087,1610612766,CHA,2024-04-01,Charlotte,Charlotte,0.0,,0.0
0022301102,1610612766,CHA,2024-04-03,Charlotte,Charlotte,0.0,,0.0
0022301115,1610612766,CHA,2024-04-05,Charlotte,Charlotte,0.0,,0.0
0022301135,1610612766,CHA,2024-04-07,Charlotte,Charlotte,0.0,,0.0
0022301144,1610612766,CHA,2024-04-09,Charlotte,Charlotte,0.0,,0.0
0022301159,1610612766,CHA,2024-04-10,Charlotte,Atlanta,226.5,SW,0.0
0022301173,1610612766,CHA,2024-04-12,Atlanta,Boston,936.1,NE,0.0
0022301187,1610612766,CHA,2024-04-14,Boston,Cleveland,549.1,W,0.0
