GAME_ID,GAME_DATE,TEAM_ID,TEAM_NAME,GP,W,L,W_PCT,MIN,E_OFF_RATING,OFF_RATING,E_DEF_RATING,DEF_RATING,E_NET_RATING,NET_RATING,AST_PCT,AST_TO,AST_RATIO,OREB_PCT,DREB_PCT,REB_PCT,TM_TOV_PCT,EFG_PCT,TS_PCT,E_PACE,PACE,PACE_PER40,POSS,PIE
0022500002,2025-10-21,1610612744,Golden State Warriors,1,1,0,1.0,48.0,118.1,119.0,106.5,106.9,11.6,12.1,0.763,1.53,21.0,0.209,0.744,0.477,0.19,0.596,0.656,101.5,101.0,84.17,100,0.546
0022500001,2025-10-21,1610612745,Houston Rockets,1,0,1,0.0,58.0,103.6,107.8,107.8,112.6,-4.1,-4.8,0.535,0.92,13.9,0.482,0.717,0.603,0.217,0.5,0.56,97.5,93.52,77.93,115,0.479
0022500002,2025-10-21,1610612747,Los Angeles Lakers,1,0,1,0.0,48.0,106.5,106.9,118.1,119.0,-11.6,-12.1,0.548,1.15,16.9,0.256,0.791,0.523,0.196,0.597,0.61,101.5,101.0,84.17,102,0.454
0022500001,2025-10-21,1610612760,Oklahoma City Thunder,1,1,0,1.0,58.0,107.8,112.6,103.6,107.8,4.1,4.8,0.63,2.42,18.5,0.283,0.518,0.397,0.108,0.505,0.543,97.5,93.52,77.93,111,0.521
0022500082,2025-10-22,1610612737,Atlanta Hawks,1,0,1,0.0,48.0,103.3,104.4,120.3,122.1,-17.0,-17.7,0.658,1.56,16.7,0.214,0.667,0.416,0.142,0.478,0.555,114.5,113.0,94.17,113,0.384
0022500083,2025-10-22,1610612738,Boston Celtics,1,0,1,0.0,48.0,112.1,116.0,114.5,117.0,-2.3,-1.0,0.39,1.45,12.2,0.294,0.694,0.49,0.11,0.511,0.566,102.8,100.0,83.33,100,0.489
0022500080,2025-10-22,1610612751,Brooklyn Nets,1,0,1,0.0,48.0,108.4,110.4,126.5,128.3,-18.1,-17.9,0.641,1.47,17.1,0.268,0.591,0.41,0.16,0.523,0.568,107.7,106.0,88.33,106,0.391
0022500080,2025-10-22,1610612766,Charlotte Hornets,1,1,0,1.0,48.0,126.5,128.3,108.4,110.4,18.1,17.9,0.688,1.94,21.2,0.409,0.732,0.59,0.16,0.628,0.651,107.7,106.0,88.33,106,0.609
0022500084,2025-10-22,1610612741,Chicago Bulls,1,1,0,1.0,48.0,107.4,108.5,105.3,105.7,2.1,2.8,0.744,1.61,19.3,0.294,0.724,0.523,0.17,0.511,0.569,106.3,105.5,87.92,106,0.53
0022500003,2025-10-22,1610612739,Cleveland Cavaliers,1,0,1,0.0,48.0,105.8,105.7,111.4,113.3,-5.6,-7.6,0.525,1.4,15.8,0.163,0.755,0.459,0.143,0.576,0.591,105.9,105.0,87.5,105,0.436
0022500004,2025-10-22,1610612742,Dallas Mavericks,1,0,1,0.0,48.0,90.7,91.1,121.0,125.0,-30.3,-33.9,0.645,1.25,14.9,0.236,0.689,0.44,0.158,0.428,0.487,102.4,100.5,83.75,101,0.312
0022500084,2025-10-22,1610612765,Detroit Pistons,1,0,1,0.0,48.0,105.3,105.7,107.4,108.5,-2.1,-2.8,0.674,2.9,19.3,0.276,0.706,0.477,0.095,0.479,0.512,106.3,105.5,87.92,105,0.47
0022500087,2025-10-22,1610612746,LA Clippers,1,0,1,0.0,48.0,111.1,113.7,134.7,135.8,-23.6,-22.1,0.718,1.87,20.0,0.333,0.61,0.457,0.158,0.523,0.555,96.5,95.0,79.17,95,0.379
0022500085,2025-10-22,1610612763,Memphis Grizzlies,1,1,0,1.0,48.0,116.4,117.4,111.3,113.0,5.2,4.5,0.488,1.18,14.4,0.256,0.632,0.47,0.156,0.581,0.647,109.8,108.5,90.42,109,0.544
0022500081,2025-10-22,1610612748,Miami Heat,1,0,1,0.0,48.0,108.2,109.0,112.2,112.6,-4.1,-3.6,0.591,1.37,17.2,0.283,0.75,0.514,0.171,0.549,0.588,111.6,111.0,92.5,111,0.472
0022500086,2025-10-22,1610612749,Milwaukee Bucks,1,1,0,1.0,48.0,122.7,124.3,112.8,112.1,9.9,12.1,0.62,3.88,21.2,0.154,0.724,0.455,0.075,0.602,0.625,107.4,107.0,89.17,107,0.559
0022500089,2025-10-22,1610612750,Minnesota Timberwolves,1,1,0,1.0,48.0,111.8,112.4,99.7,110.7,12.1,1.7,0.5,1.11,14.9,0.306,0.667,0.495,0.181,0.576,0.611,110.0,104.0,86.67,105,0.511
0022500085,2025-10-22,1610612740,New Orleans Pelicans,1,0,1,0.0,48.0,111.3,113.0,116.4,117.4,-5.2,-4.5,0.444,1.33,13.4,0.368,0.744,0.53,0.139,0.51,0.546,109.8,108.5,90.42,108,0.456
0022500003,2025-10-22,1610612752,New York Knicks,1,1,0,1.0,48.0,111.4,113.3,105.8,105.7,5.6,7.6,0.595,1.57,15.9,0.245,0.837,0.541,0.133,0.512,0.584,105.9,105.0,87.5,105,0.564
0022500081,2025-10-22,1610612753,Orlando Magic,1,1,0,1.0,48.0,112.2,112.6,108.2,109.0,4.1,3.6,0.548,1.53,15.8,0.25,0.717,0.486,0.135,0.533,0.593,111.6,111.0,92.5,111,0.528
0022500083,2025-10-22,1610612755,Philadelphia 76ers,1,1,0,1.0,48.0,114.5,117.0,112.1,116.0,2.3,1.0,0.59,1.64,16.7,0.306,0.706,0.51,0.14,0.553,0.596,102.8,100.0,83.33,100,0.511
0022500088,2025-10-22,1610612756,Phoenix Suns,1,1,0,1.0,48.0,113.9,117.6,107.3,116.0,6.7,1.6,0.511,1.44,15.4,0.444,0.686,0.562,0.157,0.526,0.559,106.7,101.0,84.17,102,0.503
0022500089,2025-10-22,1610612757,Portland Trail Blazers,1,0,1,0.0,48.0,99.7,110.7,111.8,112.4,-12.1,-1.7,0.694,1.56,17.1,0.333,0.694,0.505,0.155,0.472,0.541,110.0,104.0,86.67,103,0.489
0022500088,2025-10-22,1610612758,Sacramento Kings,1,0,1,0.0,48.0,107.3,116.0,113.9,117.6,-6.7,-1.6,0.511,1.85,17.1,0.314,0.556,0.438,0.13,0.548,0.557,106.7,101.0,84.17,100,0.497
0022500004,2025-10-22,1610612759,San Antonio Spurs,1,1,0,1.0,48.0,121.0,125.0,90.7,91.1,30.3,33.9,0.48,1.6,17.4,0.311,0.764,0.56,0.15,0.621,0.629,102.4,100.5,83.75,100,0.688
0022500082,2025-10-22,1610612761,Toronto Raptors,1,1,0,1.0,48.0,120.3,122.1,103.3,104.4,17.0,17.7,0.667,1.89,22.0,0.333,0.786,0.584,0.168,0.6,0.64,114.5,113.0,94.17,113,0.616
0022500087,2025-10-22,1610612762,Utah Jazz,1,1,0,1.0,48.0,134.7,135.8,111.1,113.7,23.6,22.1,0.792,2.92,25.5,0.39,0.667,0.543,0.137,0.649,0.673,96.5,95.0,79.17,95,0.621
0022500086,2025-10-22,1610612764,Washington Wizards,1,0,1,0.0,48.0,112.8,112.1,122.7,124.3,-9.9,-12.1,0.5,1.77,16.0,0.276,0.846,0.545,0.121,0.556,0.564,107.4,107.0,89.17,107,0.441
0022500006,2025-10-23,1610612743,Denver Nuggets,1,0,1,0.0,53.0,122.2,123.6,125.7,128.0,-3.4,-4.5,0.627,2.46,21.6,0.222,0.709,0.49,0.123,0.621,0.647,97.9,96.45,80.38,106,0.485
0022500006,2025-10-23,1610612744,Golden State Warriors,1,1,0,1.0,53.0,125.7,128.0,122.2,123.6,3.4,4.5,0.66,3.67,21.2,0.291,0.778,0.51,0.084,0.596,0.623,97.9,96.45,80.38,107,0.515
0022500005,2025-10-23,1610612754,Indiana Pacers,1,0,1,0.0,58.0,107.5,108.0,115.2,114.6,-7.7,-6.6,0.457,1.5,13.0,0.246,0.821,0.504,0.112,0.5,0.551,102.6,102.62,85.52,125,0.447
0022500005,2025-10-23,1610612760,Oklahoma City Thunder,1,1,0,1.0,58.0,115.2,114.6,107.5,108.0,7.7,6.6,0.395,1.21,11.3,0.179,0.754,0.496,0.114,0.505,0.6,102.6,102.62,85.52,123,0.553
0022500090,2025-10-24,1610612737,Atlanta Hawks,1,1,0,1.0,48.0,106.4,109.9,102.6,103.9,3.8,6.0,0.634,1.63,18.7,0.255,0.642,0.46,0.158,0.529,0.57,104.3,102.0,85.0,101,0.566
0022500018,2025-10-24,1610612738,Boston Celtics,1,0,1,0.0,48.0,98.3,101.1,109.4,112.9,-11.0,-11.8,0.543,1.19,15.2,0.235,0.545,0.396,0.17,0.518,0.536,96.3,93.5,77.92,94,0.438
0022500091,2025-10-24,1610612751,Brooklyn Nets,1,0,1,0.0,48.0,113.7,119.2,124.3,124.8,-10.6,-5.5,0.612,1.5,20.1,0.319,0.705,0.505,0.192,0.609,0.626,107.2,104.5,87.08,104,0.441
0022500091,2025-10-24,1610612739,Cleveland Cavaliers,1,1,0,1.0,48.0,124.3,124.8,113.7,119.2,10.6,5.5,0.727,1.88,21.6,0.295,0.681,0.495,0.162,0.646,0.672,107.2,104.5,87.08,105,0.559
0022500096,2025-10-24,1610612742,Dallas Mavericks,1,0,1,0.0,48.0,95.6,99.1,106.6,107.3,-11.0,-8.3,0.605,1.1,16.1,0.226,0.774,0.5,0.194,0.489,0.536,110.8,108.5,90.42,108,0.469
0022500093,2025-10-24,1610612765,Detroit Pistons,1,1,0,1.0,48.0,111.5,115.0,109.8,111.0,1.7,4.0,0.619,1.44,17.8,0.392,0.649,0.528,0.18,0.556,0.574,102.1,100.0,83.33,100,0.532
0022500097,2025-10-24,1610612744,Golden State Warriors,1,0,1,0.0,48.0,108.0,107.2,123.0,126.4,-15.0,-19.2,0.686,0.96,16.1,0.34,0.705,0.516,0.225,0.538,0.612,111.6,110.5,92.08,111,0.427
0022500093,2025-10-24,1610612745,Houston Rockets,1,0,1,0.0,48.0,109.8,111.0,111.5,115.0,-1.7,-4.0,0.469,1.07,11.1,0.351,0.608,0.472,0.14,0.446,0.533,102.1,100.0,83.33,100,0.468
0022500099,2025-10-24,1610612746,LA Clippers,1,1,0,1.0,48.0,133.8,133.0,102.4,105.2,31.4,27.8,0.711,1.68,23.0,0.303,0.667,0.533,0.196,0.697,0.738,98.0,97.0,80.83,97,0.674
0022500019,2025-10-24,1610612747,Los Angeles Lakers,1,1,0,1.0,48.0,134.6,137.6,116.7,117.0,17.9,20.6,0.578,2.17,20.3,0.265,0.627,0.482,0.129,0.671,0.71,94.7,93.5,77.92,93,0.614
0022500094,2025-10-24,1610612763,Memphis Grizzlies,1,0,1,0.0,48.0,98.9,100.9,127.3,129.2,-28.5,-28.3,0.763,1.45,18.2,0.283,0.62,0.436,0.177,0.468,0.531,115.0,113.0,94.17,113,0.375
0022500094,2025-10-24,1610612748,Miami Heat,1,1,0,1.0,48.0,127.3,129.2,98.9,100.9,28.5,28.3,0.618,1.7,20.5,0.38,0.717,0.564,0.177,0.632,0.654,115.0,113.0,94.17,113,0.625
0022500092,2025-10-24,1610612749,Milwaukee Bucks,1,1,0,1.0,48.0,115.1,117.3,110.4,110.5,4.7,6.8,0.532,1.32,16.9,0.373,0.745,0.559,0.183,0.6,0.604,105.5,104.5,87.08,104,0.518
0022500019,2025-10-24,1610612750,Minnesota Timberwolves,1,0,1,0.0,48.0,116.7,117.0,134.6,137.6,-17.9,-20.6,0.585,2.0,17.5,0.373,0.735,0.518,0.128,0.54,0.566,94.7,93.5,77.92,94,0.386
0022500095,2025-10-24,1610612740,New Orleans Pelicans,1,0,1,0.0,53.0,106.7,110.5,110.7,112.1,-4.0,-1.7,0.571,1.6,16.1,0.339,0.533,0.437,0.143,0.485,0.528,98.4,96.0,80.0,105,0.479
0022500018,2025-10-24,1610612752,New York Knicks,1,1,0,1.0,48.0,109.4,112.9,98.3,101.1,11.0,11.8,0.697,1.15,16.3,0.455,0.765,0.604,0.215,0.483,0.541,96.3,93.5,77.92,93,0.562
0022500090,2025-10-24,1610612753,Orlando Magic,1,0,1,0.0,48.0,102.6,103.9,106.4,109.9,-3.8,-6.0,0.568,0.95,14.7,0.358,0.745,0.54,0.214,0.532,0.567,104.3,102.0,85.0,103,0.434
0022500099,2025-10-24,1610612756,Phoenix Suns,1,0,1,0.0,48.0,102.4,105.2,133.8,133.0,-31.4,-27.8,0.622,1.28,16.5,0.333,0.697,0.467,0.186,0.5,0.528,98.0,97.0,80.83,97,0.326
0022500097,2025-10-24,1610612757,Portland Trail Blazers,1,1,0,1.0,48.0,123.0,126.4,108.0,107.2,15.0,19.2,0.6,1.58,19.7,0.295,0.66,0.484,0.173,0.624,0.668,111.6,110.5,92.08,110,0.573
0022500098,2025-10-24,1610612758,Sacramento Kings,1,1,0,1.0,48.0,107.6,108.2,101.5,105.1,6.1,3.2,0.575,1.77,18.4,0.109,0.633,0.379,0.134,0.566,0.586,100.0,98.0,81.67,97,0.496
0022500095,2025-10-24,1610612759,San Antonio Spurs,1,1,0,1.0,53.0,110.7,112.1,106.7,110.5,4.0,1.7,0.556,1.32,15.7,0.467,0.661,0.563,0.178,0.526,0.548,98.4,96.0,80.0,107,0.521
0022500092,2025-10-24,1610612761,Toronto Raptors,1,0,1,0.0,48.0,110.4,110.5,115.1,117.3,-4.7,-6.8,0.595,1.56,17.5,0.255,0.627,0.441,0.152,0.559,0.585,105.5,104.5,87.08,105,0.482
0022500098,2025-10-24,1610612762,Utah Jazz,1,0,1,0.0,48.0,101.5,105.1,107.6,108.2,-6.1,-3.2,0.658,1.25,17.7,0.367,0.891,0.621,0.202,0.517,0.556,100.0,98.0,81.67,99,0.504
0022500096,2025-10-24,1610612764,Washington Wizards,1,1,0,1.0,48.0,106.6,107.3,95.6,99.1,11.0,8.3,0.659,1.59,18.2,0.226,0.774,0.5,0.156,0.539,0.569,110.8,108.5,90.42,109,0.531
0022500101,2025-10-25,1610612737,Atlanta Hawks,1,0,1,0.0,48.0,103.9,104.2,117.8,123.2,-13.8,-19.0,0.714,1.47,18.0,0.333,0.627,0.476,0.177,0.506,0.531,97.8,95.5,79.58,96,0.406
0022500102,2025-10-25,1610612766,Charlotte Hornets,1,0,1,0.0,48.0,114.9,118.6,119.0,121.4,-4.1,-2.7,0.698,1.76,20.0,0.34,0.673,0.505,0.167,0.573,0.597,105.2,102.5,85.42,102,0.478
0022500100,2025-10-25,1610612741,Chicago Bulls,1,1,0,1.0,48.0,103.0,102.8,92.0,90.7,11.0,12.1,0.667,1.3,18.2,0.208,0.667,0.457,0.187,0.53,0.574,106.6,107.5,89.58,107,0.604
0022500104,2025-10-25,1610612743,Denver Nuggets,1,1,0,1.0,48.0,123.7,125.5,105.0,105.7,18.7,19.8,0.721,1.94,20.5,0.333,0.706,0.538,0.151,0.565,0.649,106.6,105.5,87.92,106,0.644
0022500103,2025-10-25,1610612754,Indiana Pacers,1,0,1,0.0,48.0,101.9,101.0,119.5,126.7,-17.7,-25.8,0.694,1.92,18.0,0.232,0.673,0.45,0.127,0.483,0.52,104.1,101.5,84.58,102,0.388
0022500103,2025-10-25,1610612763,Memphis Grizzlies,1,1,0,1.0,48.0,119.5,126.7,101.9,101.0,17.7,25.8,0.705,5.17,20.8,0.327,0.768,0.55,0.059,0.531,0.576,104.1,101.5,84.58,101,0.612
0022500101,2025-10-25,1610612760,Oklahoma City Thunder,1,1,0,1.0,48.0,117.8,123.2,103.9,104.2,13.8,19.0,0.488,1.62,15.6,0.373,0.667,0.524,0.137,0.538,0.577,97.8,95.5,79.58,95,0.594
0022500100,2025-10-25,1610612753,Orlando Magic,1,0,1,0.0,48.0,92.0,90.7,103.0,102.8,-11.0,-12.1,0.353,0.6,8.6,0.333,0.792,0.543,0.185,0.408,0.483,106.6,107.5,89.58,108,0.396
0022500102,2025-10-25,1610612755,Philadelphia 76ers,1,1,0,1.0,48.0,119.0,121.4,114.9,118.6,4.1,2.7,0.707,1.93,19.5,0.327,0.66,0.495,0.146,0.575,0.618,105.2,102.5,85.42,103,0.522
0022500104,2025-10-25,1610612756,Phoenix Suns,1,0,1,0.0,48.0,105.0,105.7,123.7,125.5,-18.7,-19.8,0.632,1.2,16.7,0.294,0.667,0.462,0.19,0.528,0.568,106.6,105.5,87.92,105,0.356
0022500106,2025-10-26,1610612738,Boston Celtics,1,0,1,0.0,48.0,108.1,114.1,112.4,120.2,-4.4,-6.1,0.425,1.42,12.7,0.333,0.526,0.43,0.121,0.505,0.54,105.2,99.0,82.5,99,0.446
0022500105,2025-10-26,1610612751,Brooklyn Nets,1,0,1,0.0,48.0,108.6,112.6,120.6,124.2,-12.0,-11.6,0.647,1.83,16.5,0.302,0.605,0.438,0.126,0.483,0.548,98.2,95.0,79.17,95,0.408
0022500109,2025-10-26,1610612766,Charlotte Hornets,1,1,0,1.0,48.0,127.7,127.5,102.7,104.6,25.0,22.9,0.638,2.5,19.6,0.292,0.811,0.564,0.11,0.592,0.644,109.4,108.5,90.42,109,0.638
0022500107,2025-10-26,1610612739,Cleveland Cavaliers,1,1,0,1.0,48.0,107.9,114.6,112.6,109.7,-4.8,4.9,0.59,1.35,16.2,0.347,0.778,0.553,0.165,0.517,0.576,104.9,103.0,85.83,103,0.504
0022500111,2025-10-26,1610612742,Dallas Mavericks,1,1,0,1.0,48.0,126.2,127.5,114.6,116.2,11.6,11.3,0.64,1.6,20.9,0.286,0.661,0.5,0.183,0.647,0.68,111.4,110.0,91.67,109,0.563
0022500106,2025-10-26,1610612765,Detroit Pistons,1,1,0,1.0,48.0,112.4,120.2,108.1,114.1,4.4,6.1,0.564,1.38,14.9,0.474,0.667,0.57,0.162,0.468,0.547,105.2,99.0,82.5,99,0.554
0022500110,2025-10-26,1610612754,Indiana Pacers,1,0,1,0.0,48.0,105.9,108.9,112.6,111.8,-6.7,-2.9,0.615,1.41,16.6,0.345,0.673,0.5,0.168,0.505,0.535,102.6,101.5,84.58,101,0.465
0022500112,2025-10-26,1610612746,LA Clippers,1,1,0,1.0,48.0,110.0,110.7,101.9,104.9,8.1,5.8,0.591,1.08,18.7,0.278,0.645,0.51,0.233,0.625,0.658,104.3,102.5,85.42,103,0.59
0022500113,2025-10-26,1610612747,Los Angeles Lakers,1,1,0,1.0,48.0,118.4,118.7,107.2,111.1,11.2,7.6,0.667,1.53,17.8,0.302,0.678,0.52,0.159,0.538,0.633,109.6,107.5,89.58,107,0.578
0022500108,2025-10-26,1610612748,Miami Heat,1,1,0,1.0,48.0,111.0,109.5,99.8,102.9,11.2,6.6,0.658,1.56,17.5,0.265,0.689,0.5,0.152,0.536,0.595,105.4,104.5,87.08,105,0.583
0022500107,2025-10-26,1610612749,Milwaukee Bucks,1,0,1,0.0,48.0,112.6,109.7,107.9,114.6,4.8,-4.9,0.625,1.39,18.2,0.222,0.653,0.447,0.175,0.589,0.619,104.9,103.0,85.83,103,0.496
0022500110,2025-10-26,1610612750,Minnesota Timberwolves,1,1,0,1.0,48.0,112.6,111.8,105.9,108.9,6.7,2.9,0.487,1.36,13.8,0.327,0.655,0.5,0.137,0.524,0.568,102.6,101.5,84.58,102,0.535
0022500108,2025-10-26,1610612752,New York Knicks,1,0,1,0.0,48.0,99.8,102.9,111.0,109.5,-11.2,-6.6,0.605,1.44,15.8,0.311,0.735,0.5,0.154,0.464,0.499,105.4,104.5,87.08,104,0.417
0022500112,2025-10-26,1610612757,Portland Trail Blazers,1,0,1,0.0,48.0,101.9,104.9,110.0,110.7,-8.1,-5.8,0.706,1.5,16.2,0.355,0.722,0.49,0.157,0.429,0.5,104.3,102.5,85.42,102,0.41
0022500113,2025-10-26,1610612758,Sacramento Kings,1,0,1,0.0,48.0,107.2,111.1,118.4,118.7,-11.2,-7.6,0.6,1.69,17.5,0.322,0.698,0.48,0.148,0.535,0.551,109.6,107.5,89.58,108,0.422
0022500105,2025-10-26,1610612759,San Antonio Spurs,1,1,0,1.0,48.0,120.6,124.2,108.6,112.6,12.0,11.6,0.513,1.33,15.4,0.395,0.698,0.563,0.158,0.577,0.629,98.2,95.0,79.17,95,0.592
0022500111,2025-10-26,1610612761,Toronto Raptors,1,0,1,0.0,48.0,114.6,116.2,126.2,127.5,-11.6,-11.3,0.673,2.06,20.2,0.339,0.714,0.5,0.144,0.555,0.583,111.4,110.0,91.67,111,0.437
0022500109,2025-10-26,1610612764,Washington Wizards,1,0,1,0.0,48.0,102.7,104.6,127.7,127.5,-25.0,-22.9,0.61,1.67,17.6,0.189,0.708,0.436,0.139,0.505,0.554,109.4,108.5,90.42,108,0.362
0022500115,2025-10-27,1610612737,Atlanta Hawks,1,0,1,0.0,48.0,117.4,117.1,119.4,123.1,-2.0,-5.9,0.653,5.33,22.1,0.192,0.644,0.402,0.057,0.556,0.576,106.0,104.5,87.08,105,0.483
0022500117,2025-10-27,1610612738,Boston Celtics,1,1,0,1.0,48.0,125.0,128.4,90.6,95.7,34.4,32.7,0.543,2.08,17.6,0.449,0.707,0.589,0.126,0.579,0.6,98.5,94.5,78.75,95,0.688
0022500116,2025-10-27,1610612751,Brooklyn Nets,1,0,1,0.0,48.0,117.3,117.2,140.6,148.9,-23.3,-31.7,0.537,1.57,16.7,0.392,0.605,0.483,0.151,0.564,0.58,95.2,92.5,77.08,93,0.339
0022500115,2025-10-27,1610612741,Chicago Bulls,1,1,0,1.0,48.0,119.4,123.1,117.4,117.1,2.0,5.9,0.688,1.83,21.6,0.356,0.808,0.598,0.173,0.609,0.632,106.0,104.5,87.08,104,0.517
0022500007,2025-10-27,1610612739,Cleveland Cavaliers,1,1,0,1.0,48.0,107.0,111.5,87.3,89.6,19.8,21.9,0.641,1.25,17.1,0.34,0.607,0.486,0.192,0.524,0.578,108.6,105.0,87.5,104,0.655
0022500119,2025-10-27,1610612742,Dallas Mavericks,1,0,1,0.0,48.0,94.3,95.9,101.3,104.1,-7.0,-8.2,0.606,2.22,15.4,0.2,0.735,0.44,0.092,0.448,0.486,99.7,97.5,81.25,98,0.43
0022500008,2025-10-27,1610612743,Denver Nuggets,1,1,0,1.0,48.0,123.3,123.3,107.8,112.9,15.5,10.4,0.522,1.71,16.9,0.356,0.766,0.565,0.136,0.597,0.641,104.4,102.0,85.0,103,0.569
0022500007,2025-10-27,1610612765,Detroit Pistons,1,0,1,0.0,48.0,87.3,89.6,107.0,111.5,-19.8,-21.9,0.606,0.77,13.3,0.393,0.66,0.514,0.245,0.443,0.48,108.6,105.0,87.5,106,0.345
0022500121,2025-10-27,1610612744,Golden State Warriors,1,1,0,1.0,48.0,124.5,126.0,111.0,111.3,13.5,14.6,0.818,2.25,24.2,0.214,0.735,0.495,0.154,0.645,0.681,105.8,105.0,87.5,104,0.531
0022500116,2025-10-27,1610612745,Houston Rockets,1,1,0,1.0,48.0,140.6,148.9,117.3,117.2,23.3,31.7,0.673,3.3,23.6,0.395,0.608,0.517,0.109,0.671,0.71,95.2,92.5,77.08,92,0.661
0022500122,2025-10-27,1610612747,Los Angeles Lakers,1,0,1,0.0,48.0,97.8,100.0,111.3,115.1,-13.5,-15.1,0.575,0.92,15.4,0.375,0.571,0.481,0.231,0.506,0.554,110.0,107.0,89.17,108,0.44
0022500121,2025-10-27,1610612763,Memphis Grizzlies,1,0,1,0.0,48.0,111.0,111.3,124.5,126.0,-13.5,-14.6,0.8,2.46,21.2,0.265,0.786,0.505,0.123,0.523,0.588,105.8,105.0,87.5,106,0.469
0022500008,2025-10-27,1610612750,Minnesota Timberwolves,1,0,1,0.0,48.0,107.8,112.9,123.3,123.3,-15.5,-10.4,0.475,1.27,14.5,0.234,0.644,0.435,0.149,0.529,0.583,104.4,102.0,85.0,101,0.431
0022500117,2025-10-27,1610612740,New Orleans Pelicans,1,0,1,0.0,48.0,90.6,95.7,125.0,128.4,-34.4,-32.7,0.607,1.21,13.3,0.293,0.551,0.411,0.149,0.387,0.467,98.5,94.5,78.75,94,0.312
0022500119,2025-10-27,1610612760,Oklahoma City Thunder,1,1,0,1.0,48.0,101.3,104.1,94.3,95.9,7.0,8.2,0.5,1.62,16.0,0.265,0.8,0.56,0.134,0.5,0.528,99.7,97.5,81.25,97,0.57
0022500114,2025-10-27,1610612753,Orlando Magic,1,0,1,0.0,48.0,125.6,126.5,130.7,137.4,-5.1,-10.8,0.6,2.08,19.1,0.356,0.596,0.485,0.133,0.598,0.628,101.4,98.5,82.08,98,0.494
0022500114,2025-10-27,1610612755,Philadelphia 76ers,1,1,0,1.0,48.0,130.7,137.4,125.6,126.5,5.1,10.8,0.521,3.57,17.2,0.404,0.644,0.515,0.071,0.567,0.612,101.4,98.5,82.08,99,0.506
0022500120,2025-10-27,1610612756,Phoenix Suns,1,0,1,0.0,53.0,115.9,117.5,120.2,121.1,-4.3,-3.5,0.822,2.64,21.1,0.381,0.492,0.438,0.123,0.519,0.56,104.4,103.25,86.04,114,0.507
0022500122,2025-10-27,1610612757,Portland Trail Blazers,1,1,0,1.0,48.0,111.3,115.1,97.8,100.0,13.5,15.1,0.511,1.26,15.6,0.429,0.625,0.519,0.179,0.524,0.557,110.0,107.0,89.17,106,0.56
0022500118,2025-10-27,1610612759,San Antonio Spurs,1,1,0,1.0,48.0,124.9,121.0,99.9,105.1,25.1,15.9,0.744,1.38,21.2,0.29,0.867,0.632,0.21,0.679,0.73,100.0,99.0,82.5,100,0.631
0022500118,2025-10-27,1610612761,Toronto Raptors,1,0,1,0.0,48.0,99.9,105.1,124.9,121.0,-25.1,-15.9,0.784,1.93,21.8,0.133,0.71,0.368,0.153,0.544,0.578,100.0,99.0,82.5,98,0.369
0022500120,2025-10-27,1610612762,Utah Jazz,1,1,0,1.0,53.0,120.2,121.1,115.9,117.5,4.3,3.5,0.614,1.42,15.7,0.508,0.619,0.563,0.167,0.481,0.557,104.4,103.25,86.04,114,0.493
0022500124,2025-10-28,1610612766,Charlotte Hornets,1,0,1,0.0,48.0,107.2,109.3,132.5,133.3,-25.3,-24.0,0.65,1.44,17.8,0.269,0.783,0.51,0.168,0.544,0.584,108.9,107.5,89.58,107,0.405
0022500127,2025-10-28,1610612744,Golden State Warriors,1,1,0,1.0,48.0,108.0,108.9,85.8,88.8,22.1,20.1,0.615,1.85,18.9,0.271,0.692,0.49,0.144,0.552,0.558,91.4,89.5,74.58,90,0.608
0022500127,2025-10-28,1610612746,LA Clippers,1,0,1,0.0,48.0,85.8,88.8,108.0,108.9,-22.1,-20.1,0.333,0.63,8.7,0.308,0.729,0.51,0.18,0.402,0.444,91.4,89.5,74.58,89,0.392
0022500124,2025-10-28,1610612748,Miami Heat,1,1,0,1.0,48.0,132.5,133.3,107.2,109.3,25.3,24.0,0.654,3.09,22.4,0.217,0.731,0.49,0.102,0.646,0.681,108.9,107.5,89.58,108,0.595
0022500125,2025-10-28,1610612749,Milwaukee Bucks,1,1,0,1.0,48.0,122.8,124.7,113.1,114.4,9.6,10.3,0.628,2.08,20.6,0.184,0.643,0.457,0.134,0.633,0.676,98.3,97.0,80.83,97,0.571
0022500125,2025-10-28,1610612752,New York Knicks,1,0,1,0.0,48.0,113.1,114.4,122.8,124.7,-9.6,-10.3,0.615,1.85,17.0,0.357,0.816,0.543,0.134,0.495,0.543,98.3,97.0,80.83,97,0.429
0022500126,2025-10-28,1610612760,Oklahoma City Thunder,1,1,0,1.0,48.0,105.5,104.9,98.8,100.0,6.7,4.9,0.619,1.73,18.8,0.235,0.78,0.505,0.147,0.533,0.555,101.8,101.5,84.58,102,0.528
0022500123,2025-10-28,1610612755,Philadelphia 76ers,1,1,0,1.0,53.0,123.8,125.2,112.4,119.6,11.4,5.6,0.578,1.86,16.6,0.356,0.645,0.504,0.126,0.535,0.598,104.8,100.98,84.15,111,0.528
0022500126,2025-10-28,1610612758,Sacramento Kings,1,0,1,0.0,48.0,98.8,100.0,105.5,104.9,-6.7,-4.9,0.583,1.24,15.9,0.22,0.765,0.495,0.168,0.482,0.536,101.8,101.5,84.58,101,0.472
0022500123,2025-10-28,1610612764,Washington Wizards,1,0,1,0.0,53.0,112.4,119.6,123.8,125.2,-11.4,-5.6,0.647,2.06,19.8,0.355,0.644,0.496,0.143,0.556,0.576,104.8,100.98,84.15,112,0.472
0022500130,2025-10-29,1610612737,Atlanta Hawks,1,1,0,1.0,48.0,119.8,120.6,111.0,115.5,8.8,5.2,0.75,4.13,22.8,0.288,0.604,0.448,0.082,0.543,0.57,99.3,97.0,80.83,97,0.548
0022500128,2025-10-29,1610612738,Boston Celtics,1,1,0,1.0,48.0,128.1,131.6,104.4,109.4,23.7,22.2,0.69,2.9,19.9,0.386,0.696,0.54,0.105,0.553,0.592,99.1,95.5,79.58,95,0.607
0022500130,2025-10-29,1610612751,Brooklyn Nets,1,0,1,0.0,48.0,111.0,115.5,119.8,120.6,-8.8,-5.2,0.575,1.44,16.4,0.396,0.712,0.552,0.165,0.517,0.561,99.3,97.0,80.83,97,0.452
0022500132,2025-10-29,1610612741,Chicago Bulls,1,1,0,1.0,48.0,122.4,126.0,114.8,111.9,7.6,14.1,0.694,2.13,22.8,0.333,0.857,0.586,0.16,0.615,0.637,100.7,100.5,83.75,100,0.535
0022500128,2025-10-29,1610612739,Cleveland Cavaliers,1,0,1,0.0,48.0,104.4,109.4,128.1,131.6,-23.7,-22.2,0.714,1.79,18.1,0.304,0.614,0.46,0.146,0.5,0.538,99.1,95.5,79.58,96,0.393
0022500133,2025-10-29,1610612742,Dallas Mavericks,1,1,0,1.0,48.0,99.7,101.9,92.7,99.1,7.1,2.8,0.583,1.11,15.4,0.222,0.635,0.479,0.181,0.487,0.562,110.3,105.5,87.92,105,0.607
0022500134,2025-10-29,1610612743,Denver Nuggets,1,1,0,1.0,48.0,125.6,123.2,89.1,89.8,36.5,33.4,0.833,2.86,26.0,0.349,0.75,0.583,0.141,0.611,0.634,98.0,98.5,82.08,99,0.731
0022500129,2025-10-29,1610612765,Detroit Pistons,1,1,0,1.0,48.0,125.0,136.4,113.1,114.9,12.0,21.5,0.63,2.07,19.5,0.429,0.614,0.528,0.141,0.565,0.625,105.3,100.0,83.33,99,0.61
0022500131,2025-10-29,1610612745,Houston Rockets,1,1,0,1.0,48.0,136.3,137.6,121.8,119.8,14.5,17.8,0.62,1.82,20.5,0.5,0.864,0.695,0.168,0.649,0.682,100.7,101.0,84.17,101,0.614
0022500133,2025-10-29,1610612754,Indiana Pacers,1,0,1,0.0,48.0,92.7,99.1,99.7,101.9,-7.1,-2.8,0.541,1.43,13.1,0.365,0.778,0.521,0.132,0.41,0.444,110.3,105.5,87.92,106,0.393
0022500136,2025-10-29,1610612747,Los Angeles Lakers,1,1,0,1.0,48.0,115.2,118.4,114.2,116.2,1.0,2.2,0.756,1.79,23.3,0.341,0.674,0.517,0.194,0.608,0.626,100.7,98.5,82.08,98,0.519
0022500137,2025-10-29,1610612763,Memphis Grizzlies,1,1,0,1.0,48.0,106.8,107.5,106.1,106.6,0.7,0.9,0.705,1.82,20.9,0.224,0.766,0.49,0.16,0.554,0.577,106.6,106.0,88.33,106,0.526
0022500136,2025-10-29,1610612750,Minnesota Timberwolves,1,0,1,0.0,48.0,114.2,116.2,115.2,118.4,-1.0,-2.2,0.732,1.67,20.8,0.326,0.659,0.483,0.182,0.591,0.627,100.7,98.5,82.08,99,0.481
0022500134,2025-10-29,1610612740,New Orleans Pelicans,1,0,1,0.0,48.0,89.1,89.8,125.6,123.2,-36.5,-33.4,0.531,1.21,13.1,0.25,0.651,0.417,0.143,0.418,0.45,98.0,98.5,82.08,98,0.269
0022500129,2025-10-29,1610612753,Orlando Magic,1,0,1,0.0,48.0,113.1,114.9,125.0,136.4,-12.0,-21.5,0.579,1.29,15.2,0.386,0.571,0.472,0.168,0.53,0.577,105.3,100.0,83.33,101,0.39
0022500137,2025-10-29,1610612756,Phoenix Suns,1,0,1,0.0,48.0,106.1,106.6,106.8,107.5,-0.7,-0.9,0.61,1.19,17.6,0.234,0.776,0.51,0.198,0.57,0.604,106.6,106.0,88.33,106,0.474
0022500135,2025-10-29,1610612757,Portland Trail Blazers,1,1,0,1.0,48.0,121.6,123.6,120.1,120.7,1.4,2.9,0.739,1.89,20.7,0.392,0.58,0.485,0.164,0.589,0.63,111.7,110.5,92.08,110,0.489
0022500132,2025-10-29,1610612758,Sacramento Kings,1,0,1,0.0,48.0,114.8,111.9,122.4,126.0,-7.6,-14.1,0.651,2.8,20.7,0.143,0.667,0.414,0.099,0.567,0.605,100.7,100.5,83.75,101,0.465
0022500131,2025-10-29,1610612761,Toronto Raptors,1,0,1,0.0,48.0,121.8,119.8,136.3,137.6,-14.5,-17.8,0.674,2.9,21.3,0.136,0.5,0.305,0.099,0.629,0.648,100.7,101.0,84.17,101,0.386
0022500135,2025-10-29,1610612762,Utah Jazz,1,0,1,0.0,48.0,120.1,120.7,121.6,123.6,-1.4,-2.9,0.732,1.36,18.5,0.42,0.608,0.515,0.198,0.554,0.635,111.7,110.5,92.08,111,0.511
0022500138,2025-10-30,1610612766,Charlotte Hornets,1,0,1,0.0,48.0,108.5,111.5,128.0,128.1,-19.4,-16.7,0.571,1.14,17.8,0.364,0.652,0.511,0.219,0.572,0.597,97.4,96.0,80.0,96,0.428
0022500139,2025-10-30,1610612744,Golden State Warriors,1,0,1,0.0,48.0,100.5,105.8,108.4,115.4,-7.9,-9.6,0.639,1.05,15.9,0.36,0.692,0.529,0.212,0.5,0.57,110.1,104.0,86.67,104,0.508
0022500141,2025-10-30,1610612748,Miami Heat,1,0,1,0.0,48.0,97.3,102.0,109.1,105.9,-11.8,-3.9,0.744,2.07,21.2,0.173,0.76,0.461,0.141,0.517,0.532,101.0,100.0,83.33,99,0.446
0022500139,2025-10-30,1610612749,Milwaukee Bucks,1,1,0,1.0,48.0,108.4,115.4,100.5,105.8,7.9,9.6,0.543,1.56,17.4,0.308,0.64,0.471,0.154,0.578,0.59,110.1,104.0,86.67,104,0.492
0022500140,2025-10-30,1610612760,Oklahoma City Thunder,1,1,0,1.0,48.0,124.1,124.5,105.4,106.9,18.7,17.6,0.659,4.83,19.5,0.321,0.723,0.505,0.059,0.531,0.576,102.4,101.5,84.58,102,0.615
0022500138,2025-10-30,1610612753,Orlando Magic,1,1,0,1.0,48.0,128.0,128.1,108.5,111.5,19.4,16.7,0.644,2.23,20.7,0.348,0.636,0.489,0.135,0.609,0.633,97.4,96.0,80.0,96,0.572
0022500141,2025-10-30,1610612759,San Antonio Spurs,1,1,0,1.0,48.0,109.1,105.9,97.3,102.0,11.8,3.9,0.684,2.36,18.8,0.24,0.827,0.539,0.109,0.523,0.557,101.0,100.0,83.33,101,0.554
0022500140,2025-10-30,1610612764,Washington Wizards,1,0,1,0.0,48.0,105.4,106.9,124.1,124.5,-18.7,-17.6,0.658,1.09,18.0,0.277,0.679,0.495,0.228,0.554,0.59,102.4,101.5,84.58,101,0.385
0022500020,2025-10-31,1610612737,Atlanta Hawks,1,1,0,1.0,48.0,127.0,126.7,100.4,106.9,26.5,19.8,0.588,3.0,20.8,0.289,0.623,0.491,0.099,0.596,0.623,104.2,101.0,84.17,101,0.64
0022500021,2025-10-31,1610612738,Boston Celtics,1,1,0,1.0,48.0,108.7,112.4,108.3,111.3,0.4,1.0,0.591,2.6,18.1,0.35,0.733,0.514,0.103,0.505,0.513,100.0,97.0,80.83,97,0.467
0022500023,2025-10-31,1610612741,Chicago Bulls,1,1,0,1.0,48.0,131.8,136.4,123.6,127.6,8.2,8.8,0.689,3.44,21.8,0.293,0.7,0.516,0.091,0.637,0.679,101.8,98.5,82.08,99,0.576
0022500022,2025-10-31,1610612739,Cleveland Cavaliers,1,0,1,0.0,48.0,101.9,103.1,111.4,114.3,-9.5,-11.2,0.667,1.71,17.1,0.322,0.689,0.481,0.143,0.478,0.504,99.8,98.0,81.67,98,0.432
0022500026,2025-10-31,1610612743,Denver Nuggets,1,0,1,0.0,48.0,105.3,109.2,107.2,110.1,-2.0,-0.9,0.5,1.0,14.4,0.341,0.632,0.505,0.194,0.519,0.578,101.6,98.5,82.08,98,0.514
0022500020,2025-10-31,1610612754,Indiana Pacers,1,0,1,0.0,48.0,100.4,106.9,127.0,126.7,-26.5,-19.8,0.657,1.92,15.3,0.377,0.711,0.509,0.119,0.419,0.476,104.2,101.0,84.17,101,0.36
0022500027,2025-10-31,1610612746,LA Clippers,1,1,0,1.0,48.0,125.7,127.3,125.6,125.3,0.1,2.0,0.609,2.33,20.1,0.279,0.689,0.489,0.121,0.601,0.641,99.5,99.0,82.5,99,0.51
0022500024,2025-10-31,1610612747,Los Angeles Lakers,1,1,0,1.0,48.0,116.4,119.4,112.7,115.5,3.7,3.9,0.615,1.6,18.3,0.225,0.667,0.479,0.153,0.599,0.646,99.9,97.5,81.25,98,0.547
0022500024,2025-10-31,1610612763,Memphis Grizzlies,1,0,1,0.0,48.0,112.7,115.5,116.4,119.4,-3.7,-3.9,0.683,2.55,19.7,0.333,0.775,0.521,0.113,0.516,0.552,99.9,97.5,81.25,97,0.453
0022500027,2025-10-31,1610612740,New Orleans Pelicans,1,0,1,0.0,48.0,125.6,125.3,125.7,127.3,-0.1,-2.0,0.7,1.87,19.9,0.311,0.721,0.511,0.152,0.59,0.647,99.5,99.0,82.5,99,0.49
0022500023,2025-10-31,1610612752,New York Knicks,1,0,1,0.0,48.0,123.6,127.6,131.8,136.4,-8.2,-8.8,0.6,2.25,19.4,0.3,0.707,0.484,0.122,0.593,0.618,101.8,98.5,82.08,98,0.424
0022500021,2025-10-31,1610612755,Philadelphia 76ers,1,0,1,0.0,48.0,108.3,111.3,108.7,112.4,-0.4,-1.0,0.73,1.5,19.9,0.267,0.65,0.486,0.186,0.558,0.595,100.0,97.0,80.83,97,0.533
0022500025,2025-10-31,1610612756,Phoenix Suns,1,1,0,1.0,48.0,114.7,115.7,93.1,95.0,21.5,20.6,0.698,2.5,20.7,0.255,0.709,0.491,0.118,0.566,0.596,103.0,101.5,84.58,102,0.633
0022500026,2025-10-31,1610612757,Portland Trail Blazers,1,1,0,1.0,48.0,107.2,110.1,105.3,109.2,2.0,0.9,0.684,2.0,17.9,0.368,0.659,0.495,0.131,0.478,0.521,101.6,98.5,82.08,99,0.486
0022500022,2025-10-31,1610612761,Toronto Raptors,1,1,0,1.0,48.0,111.4,114.3,101.9,103.1,9.5,11.2,0.675,1.5,19.4,0.311,0.678,0.519,0.184,0.567,0.605,99.8,98.0,81.67,98,0.568
0022500025,2025-10-31,1610612762,Utah Jazz,1,0,1,0.0,48.0,93.1,95.0,114.7,115.7,-21.5,-20.6,0.767,1.1,16.4,0.291,0.745,0.509,0.208,0.45,0.51,103.0,101.5,84.58,101,0.367
0022500146,2025-11-01,1610612738,Boston Celtics,1,0,1,0.0,48.0,98.9,103.1,127.5,132.0,-28.5,-28.9,0.6,2.4,16.9,0.328,0.615,0.437,0.102,0.456,0.476,101.2,97.5,81.25,98,0.324
0022500143,2025-11-01,1610612766,Charlotte Hornets,1,0,1,0.0,48.0,103.1,104.0,123.0,122.0,-20.0,-18.0,0.676,1.64,16.8,0.264,0.902,0.543,0.139,0.471,0.536,100.5,100.5,83.75,101,0.42
0022500147,2025-11-01,1610612742,Dallas Mavericks,1,0,1,0.0,48.0,108.2,107.8,122.0,120.8,-13.8,-12.9,0.676,1.53,16.8,0.245,0.722,0.495,0.147,0.525,0.587,100.8,101.5,84.58,102,0.426
0022500147,2025-11-01,1610612765,Detroit Pistons,1,1,0,1.0,48.0,122.0,120.8,108.2,107.8,13.8,12.9,0.644,3.63,20.0,0.278,0.755,0.505,0.079,0.544,0.576,100.8,101.5,84.58,101,0.574
0022500144,2025-11-01,1610612744,Golden State Warriors,1,0,1,0.0,48.0,103.1,107.9,111.4,111.8,-8.3,-3.8,0.641,1.56,17.9,0.264,0.692,0.476,0.158,0.5,0.547,104.0,101.5,84.58,101,0.444
0022500146,2025-11-01,1610612745,Houston Rockets,1,1,0,1.0,48.0,127.5,132.0,98.9,103.1,28.5,28.9,0.714,1.5,21.3,0.385,0.672,0.563,0.206,0.669,0.693,101.2,97.5,81.25,97,0.676
0022500144,2025-11-01,1610612754,Indiana Pacers,1,1,0,1.0,48.0,111.4,111.8,103.1,107.9,8.3,3.8,0.6,2.0,17.1,0.308,0.736,0.524,0.118,0.506,0.563,104.0,101.5,84.58,102,0.556
0022500142,2025-11-01,1610612749,Milwaukee Bucks,1,0,1,0.0,48.0,136.2,134.3,130.3,136.4,5.9,-2.0,0.612,2.73,21.6,0.25,0.63,0.453,0.111,0.689,0.695,100.6,99.0,82.5,99,0.485
0022500143,2025-11-01,1610612750,Minnesota Timberwolves,1,1,0,1.0,48.0,123.0,122.0,103.1,104.0,20.0,18.0,0.66,3.1,23.0,0.098,0.736,0.457,0.1,0.638,0.655,100.5,100.5,83.75,100,0.58
0022500145,2025-11-01,1610612753,Orlando Magic,1,1,0,1.0,48.0,112.9,116.8,85.0,87.0,27.9,29.8,0.681,1.88,21.1,0.283,0.723,0.541,0.159,0.576,0.615,110.6,107.5,89.58,107,0.733
0022500142,2025-11-01,1610612758,Sacramento Kings,1,1,0,1.0,48.0,130.3,136.4,136.2,134.3,-5.9,2.0,0.667,3.0,20.5,0.37,0.75,0.547,0.101,0.575,0.645,100.6,99.0,82.5,99,0.515
0022500145,2025-11-01,1610612764,Washington Wizards,1,0,1,0.0,48.0,85.0,87.0,112.9,116.8,-27.9,-29.8,0.487,1.12,13.1,0.277,0.717,0.459,0.157,0.444,0.449,110.6,107.5,89.58,108,0.267
0022500151,2025-11-02,1610612737,Atlanta Hawks,1,0,1,0.0,48.0,101.5,101.9,106.4,109.3,-5.0,-7.5,0.718,1.22,19.4,0.244,0.707,0.515,0.215,0.545,0.59,108.7,107.0,89.17,107,0.508
0022500149,2025-11-02,1610612751,Brooklyn Nets,1,0,1,0.0,48.0,96.8,102.9,121.1,126.5,-24.3,-23.5,0.538,1.11,14.7,0.37,0.646,0.5,0.186,0.467,0.512,107.5,102.0,85.0,102,0.4
0022500150,2025-11-02,1610612766,Charlotte Hornets,1,1,0,1.0,48.0,121.5,124.8,101.2,102.0,20.3,22.8,0.721,2.07,21.4,0.304,0.755,0.545,0.149,0.591,0.645,102.7,101.0,84.17,101,0.606
0022500153,2025-11-02,1610612741,Chicago Bulls,1,0,1,0.0,48.0,116.2,114.9,125.9,126.7,-9.7,-11.9,0.622,2.0,19.7,0.26,0.673,0.471,0.139,0.575,0.593,100.8,101.0,84.17,101,0.448
0022500151,2025-11-02,1610612739,Cleveland Cavaliers,1,1,0,1.0,48.0,106.4,109.3,101.5,101.9,5.0,7.5,0.75,1.67,19.5,0.293,0.756,0.485,0.168,0.515,0.558,108.7,107.0,89.17,107,0.492
0022500155,2025-11-02,1610612747,Los Angeles Lakers,1,1,0,1.0,48.0,119.1,121.5,113.4,114.3,5.8,7.2,0.688,2.75,21.3,0.308,0.804,0.541,0.112,0.584,0.618,107.5,106.0,88.33,107,0.538
0022500152,2025-11-02,1610612763,Memphis Grizzlies,1,0,1,0.0,48.0,106.3,108.3,118.4,121.9,-12.1,-13.5,0.632,1.85,17.8,0.294,0.625,0.455,0.135,0.5,0.543,98.3,96.0,80.0,96,0.436
0022500155,2025-11-02,1610612748,Miami Heat,1,0,1,0.0,48.0,113.4,114.3,119.1,121.5,-5.8,-7.2,0.674,1.93,20.3,0.196,0.692,0.459,0.143,0.565,0.601,107.5,106.0,88.33,105,0.462
0022500148,2025-11-02,1610612740,New Orleans Pelicans,1,0,1,0.0,48.0,107.0,105.0,136.4,138.4,-29.4,-33.4,0.743,1.53,18.1,0.321,0.744,0.5,0.168,0.538,0.563,99.8,100.0,83.33,101,0.339
0022500153,2025-11-02,1610612752,New York Knicks,1,1,0,1.0,48.0,125.9,126.7,116.2,114.9,9.7,11.9,0.721,2.82,20.8,0.327,0.74,0.529,0.109,0.558,0.611,100.8,101.0,84.17,101,0.552
0022500148,2025-11-02,1610612760,Oklahoma City Thunder,1,1,0,1.0,48.0,136.4,138.4,107.0,105.0,29.4,33.4,0.702,2.54,23.2,0.256,0.679,0.5,0.131,0.679,0.718,99.8,100.0,83.33,99,0.661
0022500149,2025-11-02,1610612755,Philadelphia 76ers,1,1,0,1.0,48.0,121.1,126.5,96.8,102.9,24.3,23.5,0.68,2.27,22.2,0.354,0.63,0.5,0.147,0.599,0.623,107.5,102.0,85.0,102,0.6
0022500154,2025-11-02,1610612756,Phoenix Suns,1,1,0,1.0,48.0,125.4,127.5,111.2,114.6,14.2,12.9,0.739,1.7,23.6,0.235,0.625,0.478,0.196,0.703,0.733,104.9,102.5,85.42,102,0.581
0022500154,2025-11-02,1610612759,San Antonio Spurs,1,0,1,0.0,48.0,111.2,114.6,125.4,127.5,-14.2,-12.9,0.467,1.5,14.6,0.375,0.765,0.522,0.136,0.51,0.546,104.9,102.5,85.42,103,0.419
0022500152,2025-11-02,1610612761,Toronto Raptors,1,1,0,1.0,48.0,118.4,121.9,106.3,108.3,12.1,13.5,0.711,2.0,21.9,0.375,0.706,0.545,0.167,0.567,0.598,98.3,96.0,80.0,96,0.564
0022500150,2025-11-02,1610612762,Utah Jazz,1,0,1,0.0,48.0,101.2,102.0,121.5,124.8,-20.3,-22.8,0.75,2.45,19.3,0.245,0.696,0.455,0.109,0.449,0.511,102.7,101.0,84.17,101,0.394
0022500158,2025-11-03,1610612738,Boston Celtics,1,0,1,0.0,48.0,104.4,107.3,106.1,108.2,-1.7,-1.0,0.568,2.1,16.2,0.236,0.583,0.398,0.104,0.478,0.522,98.8,96.5,80.42,96,0.475
0022500156,2025-11-03,1610612751,Brooklyn Nets,1,0,1,0.0,48.0,109.3,113.5,129.7,127.6,-20.4,-14.0,0.694,2.08,17.5,0.361,0.561,0.441,0.125,0.472,0.516,98.1,97.0,80.83,96,0.376
0022500160,2025-11-03,1610612742,Dallas Mavericks,1,0,1,0.0,48.0,99.2,100.0,105.6,106.8,-6.3,-6.8,0.75,2.0,20.8,0.245,0.625,0.44,0.147,0.5,0.521,103.5,102.5,85.42,102,0.462
0022500162,2025-11-03,1610612743,Denver Nuggets,1,1,0,1.0,48.0,120.9,121.5,114.8,115.9,6.0,5.6,0.66,4.13,21.9,0.212,0.745,0.465,0.075,0.577,0.604,107.8,107.0,89.17,107,0.537
0022500161,2025-11-03,1610612765,Detroit Pistons,1,1,0,1.0,48.0,114.3,115.2,106.0,108.2,8.3,7.0,0.548,1.64,17.0,0.326,0.611,0.48,0.141,0.566,0.595,99.9,98.5,82.08,99,0.555
0022500160,2025-11-03,1610612745,Houston Rockets,1,1,0,1.0,48.0,105.6,106.8,99.2,100.0,6.3,6.8,0.561,1.35,15.9,0.375,0.755,0.56,0.165,0.506,0.538,103.5,102.5,85.42,103,0.538
0022500157,2025-11-03,1610612754,Indiana Pacers,1,0,1,0.0,48.0,109.8,110.6,109.7,113.6,0.1,-3.0,0.615,2.0,16.7,0.327,0.694,0.5,0.115,0.478,0.539,105.7,103.5,86.25,104,0.511
0022500164,2025-11-03,1610612746,LA Clippers,1,0,1,0.0,48.0,111.9,116.7,115.9,116.5,-4.0,0.2,0.568,1.19,17.6,0.319,0.81,0.551,0.206,0.597,0.617,105.0,102.5,85.42,102,0.452
0022500163,2025-11-03,1610612747,Los Angeles Lakers,1,1,0,1.0,48.0,121.7,121.8,113.6,113.9,8.1,7.9,0.58,1.71,20.9,0.286,0.625,0.482,0.168,0.641,0.668,101.1,101.0,84.17,101,0.555
0022500161,2025-11-03,1610612763,Memphis Grizzlies,1,0,1,0.0,48.0,106.0,108.2,114.3,115.2,-8.3,-7.0,0.714,1.25,17.5,0.389,0.674,0.52,0.204,0.483,0.541,99.9,98.5,82.08,98,0.445
0022500164,2025-11-03,1610612748,Miami Heat,1,1,0,1.0,48.0,115.9,116.5,111.9,116.7,4.0,-0.2,0.733,2.06,22.9,0.19,0.681,0.449,0.155,0.614,0.641,105.0,102.5,85.42,103,0.548
0022500157,2025-11-03,1610612749,Milwaukee Bucks,1,1,0,1.0,48.0,109.7,113.6,109.8,110.6,-0.1,3.0,0.571,1.33,17.0,0.306,0.673,0.5,0.175,0.591,0.599,105.7,103.5,86.25,103,0.489
0022500156,2025-11-03,1610612750,Minnesota Timberwolves,1,1,0,1.0,48.0,129.7,127.6,109.3,113.5,20.4,14.0,0.75,1.94,22.1,0.439,0.639,0.559,0.173,0.654,0.669,98.1,97.0,80.83,98,0.624
0022500159,2025-11-03,1610612752,New York Knicks,1,1,0,1.0,48.0,115.8,116.7,99.6,100.0,16.1,16.7,0.727,2.67,21.8,0.25,0.83,0.525,0.118,0.548,0.579,102.6,102.0,85.0,102,0.578
0022500163,2025-11-03,1610612757,Portland Trail Blazers,1,0,1,0.0,48.0,113.6,113.9,121.7,121.8,-8.1,-7.9,0.548,1.28,16.3,0.375,0.714,0.518,0.178,0.547,0.586,101.1,101.0,84.17,101,0.445
0022500162,2025-11-03,1610612758,Sacramento Kings,1,0,1,0.0,48.0,114.8,115.9,120.9,121.5,-6.0,-5.6,0.574,1.8,18.5,0.255,0.788,0.535,0.14,0.572,0.614,107.8,107.0,89.17,107,0.463
0022500158,2025-11-03,1610612762,Utah Jazz,1,1,0,1.0,48.0,106.1,108.2,104.4,107.3,1.7,1.0,0.605,1.21,16.4,0.417,0.764,0.602,0.196,0.506,0.553,98.8,96.5,80.42,97,0.525
0022500159,2025-11-03,1610612764,Washington Wizards,1,0,1,0.0,48.0,99.6,100.0,115.8,116.7,-16.1,-16.7,0.789,1.5,21.4,0.17,0.75,0.475,0.196,0.549,0.571,102.6,102.0,85.0,102,0.422
0022500166,2025-11-04,1610612737,Atlanta Hawks,1,1,0,1.0,48.0,121.6,125.7,109.2,112.0,12.3,13.7,0.575,1.15,17.2,0.27,0.646,0.482,0.198,0.646,0.702,103.5,100.5,83.75,101,0.577
0022500168,2025-11-04,1610612766,Charlotte Hornets,1,0,1,0.0,48.0,112.8,112.0,117.9,114.9,-5.2,-2.9,0.513,1.0,14.5,0.4,0.712,0.567,0.2,0.555,0.594,98.8,100.5,83.75,100,0.478
0022500167,2025-11-04,1610612741,Chicago Bulls,1,1,0,1.0,48.0,108.9,110.8,102.2,109.9,6.6,0.9,0.619,1.44,17.9,0.367,0.661,0.524,0.176,0.545,0.578,106.2,101.5,84.58,102,0.548
0022500169,2025-11-04,1610612744,Golden State Warriors,1,1,0,1.0,48.0,118.2,120.4,108.0,107.0,10.2,13.4,0.805,2.06,23.6,0.209,0.615,0.432,0.163,0.608,0.643,99.4,99.0,82.5,98,0.55
0022500170,2025-11-04,1610612746,LA Clippers,1,0,1,0.0,48.0,106.1,109.2,127.7,127.3,-21.6,-18.1,0.788,1.37,18.8,0.298,0.773,0.527,0.194,0.525,0.582,99.8,98.5,82.08,98,0.417
0022500165,2025-11-04,1610612749,Milwaukee Bucks,1,0,1,0.0,48.0,98.8,99.0,123.4,128.0,-24.6,-29.0,0.703,1.73,18.6,0.236,0.714,0.462,0.149,0.494,0.525,102.5,100.5,83.75,101,0.359
0022500168,2025-11-04,1610612740,New Orleans Pelicans,1,1,0,1.0,48.0,117.9,114.9,112.8,112.0,5.2,2.9,0.628,2.08,18.9,0.288,0.6,0.433,0.129,0.572,0.59,98.8,100.5,83.75,101,0.522
0022500170,2025-11-04,1610612760,Oklahoma City Thunder,1,1,0,1.0,48.0,127.7,127.3,106.1,109.2,21.6,18.1,0.622,2.55,20.4,0.227,0.702,0.473,0.111,0.628,0.658,99.8,98.5,82.08,99,0.583
0022500166,2025-11-04,1610612753,Orlando Magic,1,0,1,0.0,48.0,109.2,112.0,121.6,125.7,-12.3,-13.7,0.722,1.37,18.2,0.354,0.73,0.518,0.19,0.5,0.574,103.5,100.5,83.75,100,0.423
0022500167,2025-11-04,1610612755,Philadelphia 76ers,1,0,1,0.0,48.0,102.2,109.9,108.9,110.8,-6.6,-0.9,0.55,1.38,15.5,0.339,0.633,0.476,0.158,0.484,0.531,106.2,101.5,84.58,101,0.452
0022500169,2025-11-04,1610612756,Phoenix Suns,1,0,1,0.0,48.0,108.0,107.0,118.2,120.4,-10.2,-13.4,0.625,1.47,17.2,0.385,0.791,0.568,0.17,0.505,0.546,99.4,99.0,82.5,100,0.45
0022500165,2025-11-04,1610612761,Toronto Raptors,1,1,0,1.0,48.0,123.4,128.0,98.8,99.0,24.6,29.0,0.75,3.3,22.4,0.286,0.764,0.538,0.1,0.577,0.617,102.5,100.5,83.75,100,0.641
0022500174,2025-11-05,1610612738,Boston Celtics,1,1,0,1.0,48.0,137.0,138.8,107.1,107.0,29.9,31.8,0.596,4.43,21.8,0.295,0.681,0.495,0.071,0.632,0.652,99.6,99.0,82.5,98,0.612
0022500173,2025-11-05,1610612751,Brooklyn Nets,1,1,0,1.0,48.0,106.3,112.0,96.5,102.0,9.7,10.0,0.722,1.86,18.6,0.255,0.607,0.44,0.14,0.5,0.552,106.1,100.5,83.75,100,0.541
0022500171,2025-11-05,1610612739,Cleveland Cavaliers,1,1,0,1.0,48.0,126.3,125.7,112.9,116.3,13.5,9.4,0.673,2.2,22.0,0.326,0.588,0.468,0.143,0.63,0.663,105.8,104.5,87.08,105,0.568
0022500177,2025-11-05,1610612742,Dallas Mavericks,1,0,1,0.0,48.0,96.3,100.0,101.0,101.0,-4.7,-1.0,0.486,1.2,13.7,0.25,0.685,0.464,0.152,0.472,0.506,101.4,99.5,82.92,99,0.48
0022500178,2025-11-05,1610612743,Denver Nuggets,1,1,0,1.0,48.0,111.6,115.1,104.7,105.7,6.9,9.4,0.767,1.94,20.1,0.417,0.84,0.609,0.16,0.48,0.538,108.2,106.0,88.33,106,0.546
0022500172,2025-11-05,1610612765,Detroit Pistons,1,1,0,1.0,48.0,113.2,114.0,100.2,102.0,13.0,12.0,0.533,1.85,17.1,0.308,0.702,0.514,0.13,0.555,0.566,101.7,100.5,83.75,100,0.543
0022500181,2025-11-05,1610612744,Golden State Warriors,1,0,1,0.0,48.0,107.3,109.4,114.7,113.1,-7.4,-3.7,0.7,1.47,19.0,0.25,0.761,0.49,0.179,0.545,0.585,106.8,106.5,88.75,106,0.451
0022500176,2025-11-05,1610612745,Houston Rockets,1,1,0,1.0,48.0,116.0,118.1,102.4,103.8,13.5,14.3,0.604,2.23,19.1,0.351,0.712,0.534,0.124,0.54,0.569,106.7,105.0,87.5,105,0.563
0022500173,2025-11-05,1610612754,Indiana Pacers,1,0,1,0.0,48.0,96.5,102.0,106.3,112.0,-9.7,-10.0,0.707,1.61,18.8,0.393,0.745,0.56,0.178,0.48,0.492,106.1,100.5,83.75,101,0.459
0022500179,2025-11-05,1610612747,Los Angeles Lakers,1,1,0,1.0,48.0,113.1,118.0,113.1,114.9,0.0,3.1,0.622,1.64,16.2,0.388,0.721,0.543,0.14,0.506,0.576,103.5,100.5,83.75,100,0.522
0022500176,2025-11-05,1610612763,Memphis Grizzlies,1,0,1,0.0,48.0,102.4,103.8,116.0,118.1,-13.5,-14.3,0.735,1.67,17.0,0.288,0.649,0.466,0.143,0.455,0.522,106.7,105.0,87.5,105,0.437
0022500178,2025-11-05,1610612748,Miami Heat,1,0,1,0.0,48.0,104.7,105.7,111.6,115.1,-6.9,-9.4,0.684,1.73,18.6,0.16,0.583,0.391,0.142,0.523,0.577,108.2,106.0,88.33,106,0.454
0022500175,2025-11-05,1610612750,Minnesota Timberwolves,1,0,1,0.0,48.0,115.8,118.8,138.4,141.2,-22.7,-22.5,0.75,1.76,21.9,0.273,0.5,0.391,0.177,0.596,0.63,98.7,96.5,80.42,96,0.426
0022500177,2025-11-05,1610612740,New Orleans Pelicans,1,1,0,1.0,48.0,101.0,101.0,96.3,100.0,4.7,1.0,0.462,1.13,13.3,0.315,0.75,0.536,0.16,0.484,0.515,101.4,99.5,82.92,100,0.52
0022500175,2025-11-05,1610612752,New York Knicks,1,1,0,1.0,48.0,138.4,141.2,115.8,118.8,22.7,22.5,0.582,2.29,21.1,0.5,0.727,0.609,0.144,0.632,0.646,98.7,96.5,80.42,97,0.574
0022500180,2025-11-05,1610612760,Oklahoma City Thunder,1,0,1,0.0,48.0,111.6,110.2,110.9,112.0,0.7,-1.9,0.632,1.6,16.6,0.268,0.704,0.482,0.139,0.5,0.569,107.9,108.0,90.0,108,0.491
0022500171,2025-11-05,1610612755,Philadelphia 76ers,1,0,1,0.0,48.0,112.9,116.3,126.3,125.7,-13.5,-9.4,0.591,1.37,17.2,0.412,0.674,0.532,0.183,0.556,0.586,105.8,104.5,87.08,104,0.432
0022500180,2025-11-05,1610612757,Portland Trail Blazers,1,1,0,1.0,48.0,110.9,112.0,111.6,110.2,-0.7,1.9,0.667,1.33,16.2,0.296,0.732,0.518,0.167,0.517,0.593,107.9,108.0,90.0,108,0.509
0022500181,2025-11-05,1610612758,Sacramento Kings,1,1,0,1.0,48.0,114.7,113.1,107.3,109.4,7.4,3.7,0.659,1.69,18.8,0.239,0.75,0.51,0.15,0.56,0.62,106.8,106.5,88.75,107,0.549
0022500179,2025-11-05,1610612759,San Antonio Spurs,1,0,1,0.0,48.0,113.1,114.9,113.1,118.0,0.0,-3.1,0.611,1.16,16.3,0.279,0.612,0.457,0.188,0.574,0.633,103.5,100.5,83.75,101,0.478
0022500172,2025-11-05,1610612762,Utah Jazz,1,0,1,0.0,48.0,100.2,102.0,113.2,114.0,-13.0,-12.0,0.727,1.6,16.9,0.298,0.692,0.486,0.149,0.453,0.521,101.7,100.5,83.75,101,0.457
0022500174,2025-11-05,1610612764,Washington Wizards,1,0,1,0.0,48.0,107.1,107.0,137.0,138.8,-29.9,-31.8,0.641,1.32,17.9,0.319,0.705,0.505,0.19,0.544,0.582,99.6,99.0,82.5,100,0.388
0022500182,2025-11-06,1610612746,LA Clippers,1,0,1,0.0,48.0,106.0,105.2,113.5,121.1,-7.4,-15.9,0.686,1.6,17.6,0.333,0.611,0.48,0.155,0.506,0.553,98.8,96.0,80.0,97,0.467
0022500182,2025-11-06,1610612756,Phoenix Suns,1,1,0,1.0,48.0,113.5,121.1,106.0,105.2,7.4,15.9,0.659,1.69,18.9,0.389,0.667,0.52,0.168,0.549,0.573,98.8,96.0,80.0,95,0.533
0022500030,2025-11-07,1610612737,Atlanta Hawks,1,0,1,0.0,48.0,91.4,96.0,106.9,107.9,-15.5,-11.9,0.727,1.26,15.9,0.413,0.691,0.542,0.188,0.391,0.457,104.1,101.0,84.17,101,0.435
0022500028,2025-11-07,1610612738,Boston Celtics,1,0,1,0.0,48.0,105.7,111.1,123.4,124.2,-17.7,-13.1,0.605,1.86,18.3,0.357,0.739,0.529,0.141,0.521,0.539,101.8,99.0,82.5,99,0.426
0022500031,2025-11-07,1610612751,Brooklyn Nets,1,0,1,0.0,48.0,103.4,108.1,124.8,125.0,-21.3,-16.9,0.765,1.3,19.1,0.245,0.61,0.411,0.202,0.531,0.585,101.8,99.5,82.92,99,0.343
0022500033,2025-11-07,1610612766,Charlotte Hornets,1,0,1,0.0,48.0,100.1,103.8,117.6,117.8,-17.5,-13.9,0.595,1.22,14.8,0.371,0.816,0.568,0.173,0.433,0.496,107.5,105.5,87.92,104,0.409
0022500035,2025-11-07,1610612741,Chicago Bulls,1,0,1,0.0,48.0,106.8,103.8,116.8,118.9,-10.0,-15.1,0.773,2.43,23.0,0.188,0.684,0.457,0.132,0.544,0.567,105.5,106.0,88.33,106,0.472
0022500029,2025-11-07,1610612739,Cleveland Cavaliers,1,1,0,1.0,48.0,136.2,141.0,109.4,110.6,26.8,30.4,0.654,3.4,20.0,0.508,0.623,0.561,0.095,0.564,0.599,106.9,104.5,87.08,105,0.622
0022500034,2025-11-07,1610612742,Dallas Mavericks,1,0,1,0.0,48.0,100.9,104.0,112.0,116.8,-11.1,-12.8,0.595,1.39,18.5,0.217,0.75,0.489,0.18,0.547,0.559,104.2,100.5,83.75,100,0.457
0022500037,2025-11-07,1610612743,Denver Nuggets,1,1,0,1.0,48.0,135.8,134.4,107.7,108.3,28.1,26.0,0.739,3.78,24.5,0.25,0.661,0.49,0.094,0.659,0.694,95.8,96.0,80.0,96,0.625
0022500031,2025-11-07,1610612765,Detroit Pistons,1,1,0,1.0,48.0,124.8,125.0,103.4,108.1,21.3,16.9,0.653,2.46,21.9,0.39,0.755,0.589,0.13,0.612,0.636,101.8,99.5,82.92,100,0.657
0022500037,2025-11-07,1610612744,Golden State Warriors,1,0,1,0.0,48.0,107.7,108.3,135.8,134.4,-28.1,-26.0,0.7,2.33,19.6,0.339,0.75,0.51,0.125,0.484,0.512,95.8,96.0,80.0,96,0.375
0022500032,2025-11-07,1610612745,Houston Rockets,1,0,1,0.0,48.0,108.7,111.1,116.3,119.8,-7.7,-8.7,0.641,1.04,17.5,0.417,0.583,0.5,0.242,0.535,0.584,102.6,100.0,83.33,99,0.434
0022500034,2025-11-07,1610612763,Memphis Grizzlies,1,1,0,1.0,48.0,112.0,116.8,100.9,104.0,11.1,12.8,0.659,1.8,19.3,0.25,0.783,0.511,0.149,0.559,0.606,104.2,100.5,83.75,101,0.543
0022500033,2025-11-07,1610612748,Miami Heat,1,1,0,1.0,48.0,117.6,117.8,100.1,103.8,17.5,13.9,0.608,3.88,21.1,0.184,0.629,0.432,0.075,0.576,0.599,107.5,105.5,87.92,107,0.591
0022500035,2025-11-07,1610612749,Milwaukee Bucks,1,1,0,1.0,48.0,116.8,118.9,106.8,103.8,10.0,15.1,0.563,2.45,17.9,0.316,0.813,0.543,0.104,0.544,0.568,105.5,106.0,88.33,106,0.528
0022500036,2025-11-07,1610612750,Minnesota Timberwolves,1,1,0,1.0,48.0,127.0,128.0,90.7,91.5,36.3,36.5,0.64,1.52,20.4,0.409,0.71,0.585,0.196,0.665,0.686,107.4,106.5,88.75,107,0.689
0022500038,2025-11-07,1610612760,Oklahoma City Thunder,1,1,0,1.0,48.0,126.2,125.7,93.9,97.1,32.4,28.6,0.551,2.45,18.9,0.256,0.772,0.55,0.105,0.61,0.65,106.1,104.5,87.08,105,0.668
0022500028,2025-11-07,1610612753,Orlando Magic,1,1,0,1.0,48.0,123.4,124.2,105.7,111.1,17.7,13.1,0.683,1.87,20.1,0.261,0.643,0.471,0.152,0.604,0.643,101.8,99.0,82.5,99,0.574
0022500038,2025-11-07,1610612758,Sacramento Kings,1,0,1,0.0,48.0,93.9,97.1,126.2,125.7,-32.4,-28.6,0.711,1.59,18.8,0.228,0.744,0.45,0.163,0.495,0.512,106.1,104.5,87.08,104,0.332
0022500032,2025-11-07,1610612759,San Antonio Spurs,1,1,0,1.0,48.0,116.3,119.8,108.7,111.1,7.7,8.7,0.75,1.43,20.0,0.417,0.583,0.5,0.208,0.563,0.617,102.6,100.0,83.33,101,0.566
0022500030,2025-11-07,1610612761,Toronto Raptors,1,1,0,1.0,48.0,106.9,107.9,91.4,96.0,15.5,11.9,0.622,1.77,16.3,0.309,0.587,0.458,0.129,0.473,0.534,104.1,101.0,84.17,101,0.565
0022500036,2025-11-07,1610612762,Utah Jazz,1,0,1,0.0,48.0,90.7,91.5,127.0,128.0,-36.3,-36.5,0.8,1.56,18.4,0.29,0.591,0.415,0.17,0.42,0.462,107.4,106.5,88.75,106,0.311
0022500029,2025-11-07,1610612764,Washington Wizards,1,0,1,0.0,48.0,109.4,110.6,136.2,141.0,-26.8,-30.4,0.78,1.6,20.6,0.377,0.492,0.439,0.192,0.533,0.569,106.9,104.5,87.08,104,0.378
0022500185,2025-11-08,1610612737,Atlanta Hawks,1,1,0,1.0,48.0,119.8,124.5,105.4,103.0,14.4,21.5,0.771,3.36,25.3,0.239,0.681,0.462,0.112,0.602,0.623,99.3,98.5,82.08,98,0.586
0022500186,2025-11-08,1610612741,Chicago Bulls,1,0,1,0.0,48.0,117.5,118.4,122.6,125.5,-5.1,-7.0,0.711,1.93,19.0,0.255,0.788,0.535,0.136,0.53,0.611,104.1,102.5,85.42,103,0.505
0022500186,2025-11-08,1610612739,Cleveland Cavaliers,1,1,0,1.0,48.0,122.6,125.5,117.5,118.4,5.1,7.0,0.696,3.56,22.2,0.212,0.745,0.465,0.088,0.58,0.607,104.1,102.5,85.42,102,0.495
0022500183,2025-11-08,1610612742,Dallas Mavericks,1,1,0,1.0,48.0,107.6,107.8,99.9,101.9,7.7,5.8,0.619,2.0,17.6,0.345,0.698,0.519,0.126,0.484,0.523,104.2,103.0,85.83,103,0.585
0022500189,2025-11-08,1610612743,Denver Nuggets,1,1,0,1.0,48.0,110.3,114.7,96.2,95.2,14.1,19.5,0.711,1.78,21.2,0.347,0.688,0.54,0.176,0.527,0.567,105.0,103.5,86.25,102,0.628
0022500189,2025-11-08,1610612754,Indiana Pacers,1,0,1,0.0,48.0,96.2,95.2,110.3,114.7,-14.1,-19.5,0.606,1.82,13.8,0.313,0.653,0.46,0.105,0.398,0.463,105.0,103.5,86.25,105,0.372
0022500190,2025-11-08,1610612746,LA Clippers,1,0,1,0.0,48.0,113.3,115.7,122.3,126.7,-9.0,-10.9,0.634,2.36,21.3,0.184,0.578,0.398,0.124,0.597,0.606,92.1,89.5,74.58,89,0.454
0022500185,2025-11-08,1610612747,Los Angeles Lakers,1,0,1,0.0,48.0,105.4,103.0,119.8,124.5,-14.4,-21.5,0.622,1.15,16.8,0.319,0.761,0.538,0.202,0.531,0.568,99.3,98.5,82.08,99,0.414
0022500187,2025-11-08,1610612748,Miami Heat,1,1,0,1.0,48.0,118.4,120.4,111.9,115.9,6.6,4.4,0.755,2.47,22.4,0.288,0.603,0.461,0.133,0.563,0.608,116.0,113.0,94.17,113,0.584
0022500188,2025-11-08,1610612740,New Orleans Pelicans,1,0,1,0.0,48.0,116.1,119.0,126.1,126.0,-10.0,-7.0,0.6,2.25,18.9,0.314,0.714,0.495,0.12,0.559,0.586,101.2,100.0,83.33,100,0.452
0022500184,2025-11-08,1610612755,Philadelphia 76ers,1,1,0,1.0,48.0,121.1,127.5,116.1,117.6,5.0,9.8,0.633,2.21,20.1,0.412,0.736,0.577,0.137,0.563,0.6,105.3,102.0,85.0,102,0.558
0022500190,2025-11-08,1610612756,Phoenix Suns,1,1,0,1.0,48.0,122.3,126.7,113.3,115.7,9.0,10.9,0.75,2.14,21.6,0.422,0.816,0.602,0.156,0.578,0.618,92.1,89.5,74.58,90,0.546
0022500187,2025-11-08,1610612757,Portland Trail Blazers,1,0,1,0.0,48.0,111.9,115.9,118.4,120.4,-6.6,-4.4,0.592,1.45,17.4,0.397,0.712,0.539,0.177,0.514,0.55,116.0,113.0,94.17,113,0.416
0022500188,2025-11-08,1610612759,San Antonio Spurs,1,1,0,1.0,48.0,126.1,126.0,116.1,119.0,10.0,7.0,0.646,2.58,21.7,0.286,0.686,0.505,0.12,0.611,0.643,101.2,100.0,83.33,100,0.548
0022500184,2025-11-08,1610612761,Toronto Raptors,1,0,1,0.0,48.0,116.1,117.6,121.1,127.5,-5.0,-9.8,0.707,2.64,20.0,0.264,0.588,0.423,0.108,0.544,0.586,105.3,102.0,85.0,102,0.442
0022500183,2025-11-08,1610612764,Washington Wizards,1,0,1,0.0,48.0,99.9,101.9,107.6,107.8,-7.7,-5.8,0.459,0.94,12.6,0.302,0.655,0.481,0.175,0.478,0.53,104.2,103.0,85.83,103,0.415
0022500193,2025-11-09,1610612738,Boston Celtics,1,1,0,1.0,48.0,114.4,115.6,110.2,112.6,4.2,3.0,0.55,1.57,16.7,0.32,0.667,0.484,0.146,0.547,0.578,97.0,95.5,79.58,96,0.493
0022500192,2025-11-09,1610612751,Brooklyn Nets,1,0,1,0.0,48.0,101.5,102.1,134.8,141.1,-33.3,-39.0,0.636,1.11,15.6,0.353,0.558,0.447,0.198,0.488,0.529,98.0,95.5,79.58,96,0.316
0022500195,2025-11-09,1610612765,Detroit Pistons,1,1,0,1.0,48.0,109.6,111.0,103.5,109.1,6.0,1.9,0.59,1.44,17.0,0.255,0.627,0.449,0.16,0.555,0.588,102.8,99.5,82.92,100,0.522
0022500196,2025-11-09,1610612744,Golden State Warriors,1,1,0,1.0,48.0,110.4,112.9,77.7,83.0,32.7,29.9,0.579,2.2,15.8,0.281,0.672,0.488,0.099,0.5,0.547,105.1,100.5,83.75,101,0.691
0022500191,2025-11-09,1610612745,Houston Rockets,1,1,0,1.0,48.0,125.5,127.1,120.3,118.6,5.1,8.5,0.5,1.33,16.9,0.512,0.786,0.647,0.188,0.589,0.615,96.4,96.5,80.42,96,0.528
0022500196,2025-11-09,1610612754,Indiana Pacers,1,0,1,0.0,48.0,77.7,83.0,110.4,112.9,-32.7,-29.9,0.656,0.95,14.8,0.328,0.719,0.512,0.22,0.399,0.42,105.1,100.5,83.75,100,0.309
0022500194,2025-11-09,1610612763,Memphis Grizzlies,1,0,1,0.0,48.0,98.1,101.0,110.2,114.0,-12.1,-13.0,0.857,2.14,21.0,0.246,0.75,0.496,0.141,0.478,0.505,102.7,99.5,82.92,99,0.423
0022500191,2025-11-09,1610612749,Milwaukee Bucks,1,0,1,0.0,48.0,120.3,118.6,125.5,127.1,-5.1,-8.5,0.568,1.92,19.2,0.214,0.488,0.353,0.134,0.639,0.642,96.4,96.5,80.42,97,0.472
0022500197,2025-11-09,1610612750,Minnesota Timberwolves,1,1,0,1.0,48.0,131.4,135.8,106.7,110.4,24.7,25.5,0.538,2.55,19.2,0.277,0.704,0.505,0.104,0.629,0.669,109.6,106.0,88.33,106,0.61
0022500192,2025-11-09,1610612752,New York Knicks,1,1,0,1.0,48.0,134.8,141.1,101.5,102.1,33.3,39.0,0.646,2.21,21.4,0.442,0.647,0.553,0.147,0.635,0.667,98.0,95.5,79.58,95,0.684
0022500194,2025-11-09,1610612760,Oklahoma City Thunder,1,1,0,1.0,48.0,110.2,114.0,98.1,101.0,12.1,13.0,0.463,3.17,14.4,0.25,0.754,0.504,0.06,0.484,0.536,102.7,99.5,82.92,100,0.577
0022500193,2025-11-09,1610612753,Orlando Magic,1,0,1,0.0,48.0,110.2,112.6,114.4,115.6,-4.2,-3.0,0.6,1.24,16.0,0.333,0.68,0.516,0.179,0.494,0.581,97.0,95.5,79.58,95,0.507
0022500195,2025-11-09,1610612755,Philadelphia 76ers,1,0,1,0.0,48.0,103.5,109.1,109.6,111.0,-6.0,-1.9,0.611,1.1,15.7,0.373,0.745,0.551,0.202,0.5,0.561,102.8,99.5,82.92,99,0.478
0022500197,2025-11-09,1610612758,Sacramento Kings,1,0,1,0.0,48.0,106.7,110.4,131.4,135.8,-24.7,-25.5,0.625,1.39,17.1,0.296,0.723,0.495,0.17,0.517,0.564,109.6,106.0,88.33,106,0.39
0022500206,2025-11-10,1610612737,Atlanta Hawks,1,1,0,1.0,48.0,107.4,111.7,108.5,110.9,-1.1,0.8,0.789,2.5,21.6,0.306,0.74,0.525,0.128,0.53,0.566,95.9,93.0,77.5,94,0.525
0022500198,2025-11-10,1610612766,Charlotte Hornets,1,0,1,0.0,48.0,117.2,118.1,123.7,127.4,-6.5,-9.3,0.757,1.22,21.2,0.306,0.646,0.5,0.245,0.641,0.688,96.2,94.5,78.75,94,0.472
0022500202,2025-11-10,1610612741,Chicago Bulls,1,0,1,0.0,48.0,111.3,111.4,116.5,116.3,-5.2,-4.9,0.707,2.23,19.6,0.278,0.795,0.51,0.124,0.527,0.567,104.5,104.5,87.08,105,0.457
0022500201,2025-11-10,1610612739,Cleveland Cavaliers,1,0,1,0.0,53.0,119.1,122.1,118.6,121.7,0.5,0.4,0.531,2.6,15.4,0.395,0.648,0.5,0.088,0.496,0.523,105.9,103.25,86.04,113,0.443
0022500203,2025-11-10,1610612742,Dallas Mavericks,1,0,1,0.0,48.0,107.5,109.6,108.4,111.5,-0.9,-1.9,0.676,1.67,16.7,0.362,0.75,0.545,0.144,0.466,0.533,106.5,104.0,86.67,104,0.495
0022500199,2025-11-10,1610612765,Detroit Pistons,1,1,0,1.0,53.0,115.4,119.1,116.9,116.4,-1.5,2.8,0.574,1.69,15.3,0.472,0.755,0.587,0.139,0.469,0.524,106.0,104.6,87.17,115,0.515
0022500206,2025-11-10,1610612746,LA Clippers,1,0,1,0.0,48.0,108.5,110.9,107.4,111.7,1.1,-0.8,0.528,1.58,15.3,0.26,0.694,0.475,0.13,0.512,0.548,95.9,93.0,77.5,92,0.475
0022500198,2025-11-10,1610612747,Los Angeles Lakers,1,1,0,1.0,48.0,123.7,127.4,117.2,118.1,6.5,9.3,0.556,2.27,18.2,0.354,0.694,0.5,0.116,0.578,0.612,96.2,94.5,78.75,95,0.528
0022500201,2025-11-10,1610612748,Miami Heat,1,1,0,1.0,53.0,118.6,121.7,119.1,122.1,-0.5,-0.4,0.696,2.29,19.3,0.352,0.605,0.5,0.122,0.531,0.603,105.9,103.25,86.04,115,0.557
0022500203,2025-11-10,1610612749,Milwaukee Bucks,1,1,0,1.0,48.0,108.4,111.5,107.5,109.6,0.9,1.9,0.585,1.85,17.0,0.25,0.638,0.455,0.125,0.527,0.569,106.5,104.0,86.67,104,0.505
0022500205,2025-11-10,1610612750,Minnesota Timberwolves,1,1,0,1.0,48.0,113.9,116.5,108.1,111.9,5.9,4.6,0.595,2.27,18.0,0.25,0.655,0.472,0.107,0.528,0.592,104.9,102.0,85.0,103,0.55
0022500204,2025-11-10,1610612740,New Orleans Pelicans,1,0,1,0.0,48.0,98.6,100.0,121.4,121.0,-22.9,-21.0,0.529,0.9,13.6,0.314,0.651,0.468,0.204,0.47,0.519,99.5,99.0,82.5,98,0.345
0022500200,2025-11-10,1610612753,Orlando Magic,1,1,0,1.0,48.0,110.6,116.2,111.5,114.3,-0.9,1.9,0.667,2.0,18.3,0.373,0.764,0.575,0.131,0.494,0.564,102.2,98.5,82.08,99,0.564
0022500204,2025-11-10,1610612756,Phoenix Suns,1,1,0,1.0,48.0,121.4,121.0,98.6,100.0,22.9,21.0,0.744,1.61,20.3,0.349,0.686,0.532,0.18,0.622,0.66,99.5,99.0,82.5,100,0.655
0022500200,2025-11-10,1610612757,Portland Trail Blazers,1,0,1,0.0,48.0,111.5,114.3,110.6,116.2,0.9,-1.9,0.55,2.2,16.5,0.236,0.627,0.425,0.102,0.517,0.552,102.2,98.5,82.08,98,0.436
0022500202,2025-11-10,1610612759,San Antonio Spurs,1,1,0,1.0,48.0,116.5,116.3,111.3,111.4,5.2,4.9,0.682,2.0,21.0,0.205,0.722,0.49,0.144,0.57,0.618,104.5,104.5,87.08,104,0.543
0022500205,2025-11-10,1610612762,Utah Jazz,1,0,1,0.0,48.0,108.1,111.9,113.9,116.5,-5.9,-4.6,0.789,2.0,19.9,0.345,0.75,0.528,0.149,0.489,0.535,104.9,102.0,85.0,101,0.45
0022500199,2025-11-10,1610612764,Washington Wizards,1,0,1,0.0,53.0,116.9,116.4,115.4,119.1,1.5,-2.8,0.52,1.3,16.9,0.245,0.528,0.413,0.172,0.605,0.634,106.0,104.6,87.17,116,0.485
0022500209,2025-11-11,1610612738,Boston Celtics,1,0,1,0.0,48.0,101.7,106.4,109.3,108.5,-7.6,-2.1,0.639,2.09,16.9,0.328,0.804,0.55,0.117,0.462,0.498,95.9,94.0,78.33,94,0.499
0022500207,2025-11-11,1610612751,Brooklyn Nets,1,0,1,0.0,48.0,107.8,113.5,121.4,122.7,-13.6,-9.1,0.75,1.85,18.2,0.24,0.66,0.443,0.135,0.481,0.573,99.5,96.5,80.42,96,0.439
0022500212,2025-11-11,1610612743,Denver Nuggets,1,1,0,1.0,48.0,127.2,125.8,112.4,112.5,14.9,13.3,0.545,1.85,17.3,0.391,0.761,0.576,0.134,0.587,0.623,96.0,96.5,80.42,97,0.555
0022500210,2025-11-11,1610612744,Golden State Warriors,1,0,1,0.0,48.0,100.2,100.0,118.2,124.8,-17.9,-24.8,0.697,1.1,17.3,0.227,0.667,0.442,0.206,0.534,0.588,104.2,101.5,84.58,102,0.394
0022500211,2025-11-11,1610612754,Indiana Pacers,1,0,1,0.0,48.0,122.2,125.5,138.9,147.6,-16.8,-22.1,0.63,3.63,19.3,0.364,0.535,0.439,0.078,0.515,0.573,107.1,102.5,85.42,102,0.415
0022500208,2025-11-11,1610612763,Memphis Grizzlies,1,0,1,0.0,48.0,107.6,108.1,119.0,120.9,-11.4,-12.8,0.837,1.64,23.2,0.186,0.741,0.495,0.198,0.595,0.635,111.7,110.5,92.08,111,0.478
0022500208,2025-11-11,1610612752,New York Knicks,1,1,0,1.0,48.0,119.0,120.9,107.6,108.1,11.4,12.8,0.745,2.33,22.0,0.259,0.814,0.505,0.136,0.592,0.623,111.7,110.5,92.08,110,0.522
0022500210,2025-11-11,1610612760,Oklahoma City Thunder,1,1,0,1.0,48.0,118.2,124.8,100.2,100.0,17.9,24.8,0.69,1.45,20.1,0.333,0.773,0.558,0.198,0.602,0.652,104.2,101.5,84.58,101,0.606
0022500209,2025-11-11,1610612755,Philadelphia 76ers,1,1,0,1.0,48.0,109.3,108.5,101.7,106.4,7.6,2.1,0.667,2.67,18.8,0.196,0.672,0.45,0.096,0.512,0.552,95.9,94.0,78.33,94,0.501
0022500212,2025-11-11,1610612758,Sacramento Kings,1,0,1,0.0,48.0,112.4,112.5,127.2,125.8,-14.9,-13.3,0.756,3.1,22.5,0.239,0.609,0.424,0.104,0.541,0.568,96.0,96.5,80.42,96,0.445
0022500207,2025-11-11,1610612761,Toronto Raptors,1,1,0,1.0,48.0,121.4,122.7,107.8,113.5,13.6,9.1,0.689,3.44,21.7,0.34,0.76,0.557,0.093,0.544,0.583,99.5,96.5,80.42,97,0.561
0022500211,2025-11-11,1610612762,Utah Jazz,1,1,0,1.0,48.0,138.9,147.6,122.2,125.5,16.8,22.1,0.745,2.53,23.6,0.465,0.636,0.561,0.146,0.658,0.708,107.1,102.5,85.42,103,0.585
0022500223,2025-11-12,1610612737,Atlanta Hawks,1,1,0,1.0,48.0,122.4,122.0,90.2,92.6,32.2,29.4,0.857,2.0,26.1,0.282,0.768,0.568,0.193,0.676,0.702,109.8,108.5,90.42,109,0.714
0022500216,2025-11-12,1610612738,Boston Celtics,1,1,0,1.0,48.0,134.7,136.5,93.7,99.0,41.0,37.5,0.68,3.09,22.4,0.44,0.657,0.564,0.115,0.611,0.628,99.4,96.0,80.0,96,0.675
0022500213,2025-11-12,1610612766,Charlotte Hornets,1,1,0,1.0,48.0,112.3,118.1,107.9,107.5,4.4,10.6,0.711,1.69,18.6,0.49,0.776,0.63,0.17,0.512,0.567,95.8,93.5,77.92,94,0.559
0022500214,2025-11-12,1610612741,Chicago Bulls,1,0,1,0.0,48.0,105.3,106.6,118.1,118.1,-12.8,-11.5,0.512,1.0,14.5,0.353,0.744,0.532,0.198,0.547,0.575,106.2,105.5,87.92,106,0.439
0022500217,2025-11-12,1610612739,Cleveland Cavaliers,1,1,0,1.0,48.0,112.4,120.4,103.8,107.4,8.6,13.0,0.711,2.46,19.6,0.371,0.725,0.531,0.12,0.5,0.553,113.7,108.0,90.0,108,0.572
0022500221,2025-11-12,1610612742,Dallas Mavericks,1,0,1,0.0,48.0,107.1,108.6,116.7,117.1,-9.6,-8.6,0.744,1.52,21.5,0.261,0.709,0.505,0.2,0.599,0.61,106.0,105.0,87.5,105,0.476
0022500224,2025-11-12,1610612743,Denver Nuggets,1,1,0,1.0,48.0,129.5,134.0,120.4,118.4,9.1,15.7,0.5,1.83,16.3,0.381,0.727,0.558,0.124,0.601,0.654,98.4,97.5,81.25,97,0.577
0022500214,2025-11-12,1610612765,Detroit Pistons,1,1,0,1.0,48.0,118.1,118.1,105.3,106.6,12.8,11.5,0.6,1.58,20.5,0.256,0.647,0.468,0.181,0.628,0.639,106.2,105.5,87.92,105,0.561
0022500220,2025-11-12,1610612744,Golden State Warriors,1,1,0,1.0,48.0,114.8,116.8,111.1,113.2,3.8,3.6,0.833,1.88,20.0,0.269,0.68,0.471,0.15,0.547,0.62,108.4,106.5,88.75,107,0.53
0022500218,2025-11-12,1610612745,Houston Rockets,1,1,0,1.0,48.0,137.6,136.4,111.6,112.0,26.0,24.4,0.627,2.67,21.2,0.408,0.736,0.578,0.121,0.62,0.636,99.2,99.5,82.92,99,0.618
0022500224,2025-11-12,1610612746,LA Clippers,1,0,1,0.0,48.0,120.4,118.4,129.5,134.0,-9.1,-15.7,0.683,1.87,20.3,0.273,0.619,0.442,0.153,0.583,0.628,98.4,97.5,81.25,98,0.423
0022500222,2025-11-12,1610612747,Los Angeles Lakers,1,0,1,0.0,48.0,91.7,89.3,117.3,118.6,-25.6,-29.3,0.613,0.95,14.1,0.245,0.818,0.505,0.194,0.474,0.515,101.7,102.5,85.42,103,0.332
0022500216,2025-11-12,1610612763,Memphis Grizzlies,1,0,1,0.0,48.0,93.7,99.0,134.7,136.5,-41.0,-37.5,0.781,2.5,17.5,0.343,0.56,0.436,0.104,0.389,0.446,99.4,96.0,80.0,96,0.325
0022500217,2025-11-12,1610612748,Miami Heat,1,0,1,0.0,48.0,103.8,107.4,112.4,120.4,-8.6,-13.0,0.644,1.38,19.3,0.275,0.629,0.469,0.194,0.559,0.582,113.7,108.0,90.0,108,0.428
0022500213,2025-11-12,1610612749,Milwaukee Bucks,1,0,1,0.0,48.0,107.9,107.5,112.3,118.1,-4.4,-10.6,0.725,3.22,21.8,0.224,0.51,0.37,0.097,0.523,0.534,95.8,93.5,77.92,93,0.441
0022500219,2025-11-12,1610612740,New Orleans Pelicans,1,0,1,0.0,48.0,122.8,123.2,132.3,130.2,-9.5,-7.1,0.651,2.8,20.3,0.306,0.703,0.477,0.105,0.544,0.584,94.9,95.5,79.58,95,0.447
0022500215,2025-11-12,1610612752,New York Knicks,1,0,1,0.0,48.0,104.8,105.9,119.8,121.6,-15.0,-15.6,0.513,1.43,15.0,0.24,0.617,0.423,0.139,0.506,0.545,102.8,101.5,84.58,101,0.39
0022500222,2025-11-12,1610612760,Oklahoma City Thunder,1,1,0,1.0,48.0,117.3,118.6,91.7,89.3,25.6,29.3,0.636,2.55,20.3,0.182,0.755,0.495,0.108,0.568,0.617,101.7,102.5,85.42,102,0.668
0022500215,2025-11-12,1610612753,Orlando Magic,1,1,0,1.0,48.0,119.8,121.6,104.8,105.9,15.0,15.6,0.69,1.93,19.5,0.383,0.76,0.577,0.147,0.558,0.617,102.8,101.5,84.58,102,0.61
0022500221,2025-11-12,1610612756,Phoenix Suns,1,1,0,1.0,48.0,116.7,117.1,107.1,108.6,9.6,8.6,0.705,2.58,20.4,0.291,0.739,0.495,0.114,0.537,0.578,106.0,105.0,87.5,105,0.524
0022500219,2025-11-12,1610612757,Portland Trail Blazers,1,1,0,1.0,48.0,132.3,130.2,122.8,123.2,9.5,7.1,0.542,2.0,19.5,0.297,0.694,0.523,0.135,0.657,0.691,94.9,95.5,79.58,96,0.553
0022500223,2025-11-12,1610612758,Sacramento Kings,1,0,1,0.0,48.0,90.2,92.6,122.4,122.0,-32.2,-29.4,0.611,1.1,15.4,0.232,0.718,0.432,0.185,0.467,0.5,109.8,108.5,90.42,108,0.286
0022500220,2025-11-12,1610612759,San Antonio Spurs,1,0,1,0.0,48.0,111.1,113.2,114.8,116.8,-3.8,-3.6,0.652,1.5,19.9,0.32,0.731,0.529,0.189,0.564,0.594,108.4,106.5,88.75,106,0.47
0022500218,2025-11-12,1610612764,Washington Wizards,1,0,1,0.0,48.0,111.6,112.0,137.6,136.4,-26.0,-24.4,0.595,2.08,18.2,0.264,0.592,0.422,0.12,0.538,0.558,99.2,99.5,82.92,100,0.382
0022500227,2025-11-13,1610612737,Atlanta Hawks,1,1,0,1.0,48.0,121.5,122.2,109.7,113.0,11.8,9.3,0.783,2.0,23.2,0.234,0.66,0.46,0.167,0.644,0.662,110.0,108.0,90.0,108,0.548
0022500225,2025-11-13,1610612739,Cleveland Cavaliers,1,0,1,0.0,48.0,112.5,116.5,127.9,129.9,-15.4,-13.4,0.634,2.17,18.6,0.315,0.625,0.447,0.124,0.505,0.552,99.5,97.0,80.83,97,0.404
0022500226,2025-11-13,1610612754,Indiana Pacers,1,0,1,0.0,48.0,101.3,100.0,135.9,135.7,-34.6,-35.7,0.625,1.67,14.4,0.344,0.718,0.49,0.122,0.403,0.486,97.3,98.0,81.67,98,0.344
0022500226,2025-11-13,1610612756,Phoenix Suns,1,1,0,1.0,48.0,135.9,135.7,101.3,100.0,34.6,35.7,0.388,1.73,14.8,0.282,0.656,0.51,0.112,0.653,0.686,97.3,98.0,81.67,98,0.656
0022500225,2025-11-13,1610612761,Toronto Raptors,1,1,0,1.0,48.0,127.9,129.9,112.5,116.5,15.4,13.4,0.755,2.64,25.0,0.375,0.685,0.553,0.144,0.625,0.66,99.5,97.0,80.83,97,0.596
0022500227,2025-11-13,1610612762,Utah Jazz,1,0,1,0.0,48.0,109.7,113.0,121.5,122.2,-11.8,-9.3,0.867,1.63,23.8,0.34,0.766,0.54,0.222,0.592,0.603,110.0,108.0,90.0,108,0.452
0022500040,2025-11-14,1610612751,Brooklyn Nets,1,0,1,0.0,48.0,102.0,106.5,105.8,114.1,-3.8,-7.6,0.605,3.29,18.1,0.222,0.622,0.404,0.076,0.483,0.51,97.6,92.0,76.67,92,0.464
0022500043,2025-11-14,1610612766,Charlotte Hornets,1,0,1,0.0,53.0,117.8,119.6,131.6,134.9,-13.8,-15.2,0.66,2.38,19.4,0.321,0.853,0.529,0.116,0.566,0.605,102.1,100.08,83.4,112,0.443
0022500046,2025-11-14,1610612742,Dallas Mavericks,1,0,1,0.0,58.0,97.9,102.4,104.9,106.4,-7.0,-4.0,0.409,0.72,11.2,0.322,0.759,0.531,0.202,0.495,0.549,106.2,103.03,85.86,124,0.463
0022500041,2025-11-14,1610612765,Detroit Pistons,1,1,0,1.0,48.0,113.0,115.2,106.5,105.0,6.5,10.2,0.78,2.29,21.9,0.283,0.686,0.481,0.141,0.538,0.57,99.8,99.5,82.92,99,0.566
0022500047,2025-11-14,1610612744,Golden State Warriors,1,1,0,1.0,48.0,111.3,112.4,104.5,110.2,6.8,2.2,0.474,1.2,13.5,0.327,0.574,0.441,0.155,0.517,0.557,100.6,97.5,81.25,97,0.453
0022500042,2025-11-14,1610612745,Houston Rockets,1,1,0,1.0,48.0,138.9,138.6,110.6,116.0,28.3,22.6,0.491,4.33,17.4,0.4,0.623,0.509,0.059,0.58,0.61,102.8,100.5,83.75,101,0.631
0022500046,2025-11-14,1610612746,LA Clippers,1,1,0,1.0,58.0,104.9,106.4,97.9,102.4,7.0,4.0,0.489,0.96,13.8,0.241,0.678,0.469,0.184,0.542,0.6,106.2,103.03,85.86,125,0.537
0022500045,2025-11-14,1610612747,Los Angeles Lakers,1,1,0,1.0,48.0,114.1,114.6,99.1,99.0,15.0,15.5,0.636,1.56,19.9,0.233,0.704,0.495,0.175,0.583,0.618,104.2,104.0,86.67,103,0.603
0022500039,2025-11-14,1610612748,Miami Heat,1,0,1,0.0,48.0,124.6,129.4,133.6,137.3,-9.1,-7.8,0.682,2.73,19.7,0.375,0.583,0.483,0.108,0.563,0.6,105.4,102.0,85.0,102,0.465
0022500043,2025-11-14,1610612749,Milwaukee Bucks,1,1,0,1.0,53.0,131.6,134.9,117.8,119.6,13.8,15.2,0.673,1.68,24.5,0.147,0.679,0.471,0.202,0.765,0.776,102.1,100.08,83.4,109,0.557
0022500044,2025-11-14,1610612750,Minnesota Timberwolves,1,1,0,1.0,48.0,114.2,119.2,102.9,104.8,11.3,14.5,0.667,1.56,18.4,0.385,0.69,0.545,0.173,0.558,0.598,107.7,104.5,87.08,104,0.56
0022500045,2025-11-14,1610612740,New Orleans Pelicans,1,0,1,0.0,48.0,99.1,99.0,114.1,114.6,-15.0,-15.5,0.615,1.2,16.7,0.296,0.767,0.505,0.19,0.506,0.537,104.2,104.0,86.67,105,0.398
0022500039,2025-11-14,1610612752,New York Knicks,1,1,0,1.0,48.0,133.6,137.3,124.6,129.4,9.1,7.8,0.667,4.0,20.3,0.417,0.625,0.517,0.078,0.563,0.6,105.4,102.0,85.0,102,0.535
0022500040,2025-11-14,1610612753,Orlando Magic,1,1,0,1.0,48.0,105.8,114.1,102.0,106.5,3.8,7.6,0.583,1.11,16.3,0.378,0.778,0.596,0.207,0.558,0.602,97.6,92.0,76.67,92,0.536
0022500041,2025-11-14,1610612755,Philadelphia 76ers,1,0,1,0.0,48.0,106.5,105.0,113.0,115.2,-6.5,-10.2,0.487,1.27,14.1,0.314,0.717,0.519,0.15,0.511,0.543,99.8,99.5,82.92,100,0.434
0022500042,2025-11-14,1610612757,Portland Trail Blazers,1,0,1,0.0,48.0,110.6,116.0,138.9,138.6,-28.3,-22.6,0.429,0.9,13.1,0.377,0.6,0.491,0.2,0.545,0.575,102.8,100.5,83.75,100,0.369
0022500044,2025-11-14,1610612758,Sacramento Kings,1,0,1,0.0,48.0,102.9,104.8,114.2,119.2,-11.3,-14.5,0.78,2.13,20.6,0.31,0.615,0.455,0.143,0.505,0.524,107.7,104.5,87.08,105,0.44
0022500047,2025-11-14,1610612759,San Antonio Spurs,1,0,1,0.0,48.0,104.5,110.2,111.3,112.4,-6.8,-2.2,0.718,1.33,19.2,0.426,0.673,0.559,0.214,0.541,0.578,100.6,97.5,81.25,98,0.547
0022500229,2025-11-15,1610612766,Charlotte Hornets,1,0,1,0.0,48.0,94.0,100.0,115.5,113.5,-21.4,-13.5,0.622,1.53,16.7,0.339,0.702,0.5,0.156,0.469,0.484,98.2,96.0,80.0,96,0.405
0022500228,2025-11-15,1610612739,Cleveland Cavaliers,1,1,0,1.0,48.0,102.1,102.9,92.9,94.3,9.2,8.5,0.632,1.14,16.8,0.28,0.75,0.536,0.2,0.536,0.564,106.7,105.5,87.92,105,0.553
0022500232,2025-11-15,1610612743,Denver Nuggets,1,1,0,1.0,48.0,119.7,119.4,108.6,109.8,11.1,9.6,0.744,2.23,19.9,0.298,0.83,0.564,0.126,0.554,0.617,102.9,102.5,85.42,103,0.568
0022500230,2025-11-15,1610612754,Indiana Pacers,1,0,1,0.0,48.0,102.9,102.8,115.7,120.6,-12.8,-17.8,0.595,1.38,15.7,0.212,0.714,0.455,0.148,0.511,0.561,109.7,107.5,89.58,108,0.389
0022500231,2025-11-15,1610612747,Los Angeles Lakers,1,1,0,1.0,48.0,122.0,122.7,99.4,96.0,22.6,26.7,0.605,1.35,17.4,0.308,0.712,0.538,0.175,0.578,0.65,96.5,98.0,81.67,97,0.666
0022500228,2025-11-15,1610612763,Memphis Grizzlies,1,0,1,0.0,48.0,92.9,94.3,102.1,102.9,-9.2,-8.5,0.677,1.4,14.9,0.25,0.72,0.464,0.142,0.413,0.483,106.7,105.5,87.92,106,0.447
0022500231,2025-11-15,1610612749,Milwaukee Bucks,1,0,1,0.0,48.0,99.4,96.0,122.0,122.7,-22.6,-26.7,0.625,1.18,14.9,0.288,0.692,0.462,0.172,0.494,0.525,96.5,98.0,81.67,99,0.334
0022500232,2025-11-15,1610612750,Minnesota Timberwolves,1,0,1,0.0,48.0,108.6,109.8,119.7,119.4,-11.1,-9.6,0.561,1.77,17.3,0.17,0.702,0.436,0.127,0.523,0.571,102.9,102.5,85.42,102,0.432
0022500229,2025-11-15,1610612760,Oklahoma City Thunder,1,1,0,1.0,48.0,115.5,113.5,94.0,100.0,21.4,13.5,0.578,1.86,19.3,0.298,0.661,0.5,0.146,0.567,0.584,98.2,96.0,80.0,96,0.595
0022500230,2025-11-15,1610612761,Toronto Raptors,1,1,0,1.0,48.0,115.7,120.6,102.9,102.8,12.8,17.8,0.604,2.07,19.3,0.286,0.788,0.545,0.131,0.592,0.611,109.7,107.5,89.58,107,0.611
0022500239,2025-11-16,1610612737,Atlanta Hawks,1,1,0,1.0,48.0,119.7,121.6,114.7,119.6,5.0,2.0,0.778,2.06,23.6,0.256,0.585,0.438,0.167,0.612,0.649,105.0,102.0,85.0,102,0.541
0022500233,2025-11-16,1610612738,Boston Celtics,1,1,0,1.0,48.0,125.4,128.7,120.2,125.5,5.3,3.2,0.565,4.33,18.1,0.4,0.659,0.51,0.064,0.524,0.548,97.3,94.0,78.33,94,0.497
0022500235,2025-11-16,1610612751,Brooklyn Nets,1,1,0,1.0,48.0,126.0,130.3,103.2,108.2,22.7,22.1,0.762,2.13,22.5,0.268,0.837,0.578,0.152,0.639,0.683,102.5,98.5,82.08,99,0.621
0022500240,2025-11-16,1610612741,Chicago Bulls,1,0,1,0.0,58.0,115.7,116.7,119.0,120.0,-3.3,-3.3,0.776,2.24,21.1,0.279,0.768,0.538,0.135,0.542,0.602,104.7,103.86,86.55,126,0.514
0022500238,2025-11-16,1610612742,Dallas Mavericks,1,1,0,1.0,53.0,120.4,123.2,113.6,118.8,6.8,4.5,0.688,2.2,20.2,0.353,0.557,0.471,0.134,0.584,0.613,104.9,101.43,84.53,112,0.569
0022500237,2025-11-16,1610612744,Golden State Warriors,1,1,0,1.0,48.0,116.5,120.4,104.2,101.9,12.3,18.5,0.791,1.62,21.7,0.392,0.68,0.535,0.204,0.585,0.611,104.1,103.5,86.25,103,0.562
0022500236,2025-11-16,1610612745,Houston Rockets,1,1,0,1.0,53.0,107.6,111.4,107.7,106.6,-0.1,4.8,0.452,1.27,13.0,0.367,0.776,0.568,0.143,0.46,0.519,96.8,95.55,79.62,105,0.504
0022500233,2025-11-16,1610612746,LA Clippers,1,0,1,0.0,48.0,120.2,125.5,125.4,128.7,-5.3,-3.2,0.605,1.64,17.7,0.341,0.6,0.49,0.149,0.556,0.626,97.3,94.0,78.33,94,0.503
0022500237,2025-11-16,1610612740,New Orleans Pelicans,1,0,1,0.0,48.0,104.2,101.9,116.5,120.4,-12.3,-18.5,0.579,1.05,15.5,0.32,0.608,0.465,0.202,0.506,0.553,104.1,103.5,86.25,104,0.438
0022500236,2025-11-16,1610612753,Orlando Magic,1,0,1,0.0,53.0,107.7,106.6,107.6,111.4,0.1,-4.8,0.553,2.63,15.2,0.224,0.633,0.432,0.075,0.484,0.533,96.8,95.55,79.62,106,0.496
0022500239,2025-11-16,1610612756,Phoenix Suns,1,0,1,0.0,48.0,114.7,119.6,119.7,121.6,-5.0,-2.0,0.489,1.35,15.8,0.415,0.744,0.563,0.167,0.536,0.579,105.0,102.0,85.0,102,0.459
0022500238,2025-11-16,1610612757,Portland Trail Blazers,1,0,1,0.0,53.0,113.6,118.8,120.4,123.2,-6.8,-4.5,0.565,2.17,15.4,0.443,0.647,0.529,0.107,0.469,0.523,104.9,101.43,84.53,112,0.431
0022500234,2025-11-16,1610612758,Sacramento Kings,1,0,1,0.0,48.0,106.1,108.9,121.9,119.4,-15.8,-10.5,0.61,2.08,18.7,0.167,0.733,0.441,0.119,0.54,0.569,102.3,102.0,85.0,101,0.423
0022500234,2025-11-16,1610612759,San Antonio Spurs,1,1,0,1.0,48.0,121.9,119.4,106.1,108.9,15.8,10.5,0.809,2.53,25.2,0.267,0.833,0.559,0.146,0.621,0.648,102.3,102.0,85.0,103,0.577
0022500240,2025-11-16,1610612762,Utah Jazz,1,1,0,1.0,58.0,119.0,120.0,115.7,116.7,3.3,3.3,0.592,3.22,17.1,0.232,0.721,0.462,0.072,0.523,0.581,104.7,103.86,86.55,125,0.486
0022500235,2025-11-16,1610612764,Washington Wizards,1,0,1,0.0,48.0,103.2,108.2,126.0,130.3,-22.7,-22.1,0.568,1.75,16.5,0.163,0.732,0.422,0.122,0.512,0.566,102.5,98.5,82.08,98,0.379
0022500245,2025-11-17,1610612766,Charlotte Hornets,1,0,1,0.0,48.0,105.7,103.8,105.7,107.8,-0.1,-4.0,0.514,1.19,13.5,0.327,0.804,0.545,0.154,0.483,0.539,103.1,103.0,85.83,104,0.495
0022500248,2025-11-17,1610612741,Chicago Bulls,1,1,0,1.0,48.0,122.2,125.0,123.3,119.8,-1.1,5.2,0.646,3.44,20.7,0.268,0.727,0.495,0.087,0.564,0.589,104.7,105.0,87.5,104,0.507
0022500241,2025-11-17,1610612739,Cleveland Cavaliers,1,1,0,1.0,48.0,115.4,116.8,98.5,105.0,16.9,11.9,0.568,1.39,18.7,0.211,0.737,0.526,0.178,0.652,0.669,104.9,101.0,84.17,101,0.593
0022500246,2025-11-17,1610612742,Dallas Mavericks,1,0,1,0.0,48.0,88.4,88.9,108.1,110.1,-19.7,-21.2,0.382,0.65,9.8,0.193,0.649,0.421,0.185,0.453,0.487,109.8,108.5,90.42,108,0.304
0022500248,2025-11-17,1610612743,Denver Nuggets,1,0,1,0.0,48.0,123.3,119.8,122.2,125.0,1.1,-5.2,0.457,2.63,14.8,0.273,0.732,0.505,0.075,0.546,0.588,104.7,105.0,87.5,106,0.493
0022500242,2025-11-17,1610612765,Detroit Pistons,1,1,0,1.0,48.0,121.9,123.3,106.9,108.7,15.0,14.6,0.604,1.71,19.3,0.4,0.564,0.49,0.165,0.597,0.627,104.5,103.0,85.83,103,0.627
0022500242,2025-11-17,1610612754,Indiana Pacers,1,0,1,0.0,48.0,106.9,108.7,121.9,123.3,-15.0,-14.6,0.543,0.9,13.0,0.436,0.6,0.51,0.204,0.47,0.539,104.5,103.0,85.83,103,0.373
0022500243,2025-11-17,1610612746,LA Clippers,1,0,1,0.0,48.0,107.1,113.7,113.2,115.8,-6.1,-2.1,0.514,1.8,14.4,0.231,0.712,0.471,0.105,0.471,0.546,99.0,95.0,79.17,95,0.455
0022500244,2025-11-17,1610612748,Miami Heat,1,1,0,1.0,48.0,101.1,108.5,102.2,107.6,-1.1,0.9,0.644,2.07,19.1,0.298,0.685,0.486,0.132,0.515,0.539,112.1,105.5,87.92,106,0.495
0022500241,2025-11-17,1610612749,Milwaukee Bucks,1,0,1,0.0,48.0,98.5,105.0,115.4,116.8,-16.9,-11.9,0.667,1.73,18.4,0.263,0.789,0.474,0.149,0.511,0.532,104.9,101.0,84.17,101,0.407
0022500246,2025-11-17,1610612750,Minnesota Timberwolves,1,1,0,1.0,48.0,108.1,110.1,88.4,88.9,19.7,21.2,0.614,1.59,17.3,0.351,0.807,0.579,0.156,0.526,0.556,109.8,108.5,90.42,109,0.696
0022500247,2025-11-17,1610612740,New Orleans Pelicans,1,0,1,0.0,48.0,106.2,109.0,120.8,126.0,-14.5,-17.0,0.5,0.95,15.4,0.356,0.587,0.473,0.22,0.558,0.589,103.5,100.0,83.33,100,0.397
0022500244,2025-11-17,1610612752,New York Knicks,1,0,1,0.0,48.0,102.2,107.6,101.1,108.5,1.1,-0.9,0.535,1.35,15.9,0.315,0.702,0.514,0.162,0.505,0.54,112.1,105.5,87.92,105,0.505
0022500247,2025-11-17,1610612760,Oklahoma City Thunder,1,1,0,1.0,48.0,120.8,126.0,106.2,109.0,14.5,17.0,0.698,1.67,20.3,0.413,0.644,0.527,0.18,0.592,0.634,103.5,100.0,83.33,100,0.603
0022500243,2025-11-17,1610612755,Philadelphia 76ers,1,1,0,1.0,48.0,113.2,115.8,107.1,113.7,6.1,2.1,0.667,2.89,19.1,0.288,0.769,0.529,0.095,0.53,0.566,99.0,95.0,79.17,95,0.545
0022500245,2025-11-17,1610612761,Toronto Raptors,1,1,0,1.0,48.0,105.7,107.8,105.7,103.8,0.1,4.0,0.568,1.47,18.4,0.196,0.673,0.455,0.167,0.557,0.579,103.1,103.0,85.83,102,0.505
0022500251,2025-11-18,1610612737,Atlanta Hawks,1,0,1,0.0,48.0,110.2,112.0,118.2,117.6,-7.9,-5.6,0.738,1.63,21.7,0.255,0.707,0.466,0.19,0.569,0.598,101.6,101.0,84.17,100,0.43
0022500250,2025-11-18,1610612738,Boston Celtics,1,1,0,1.0,48.0,117.2,118.9,103.3,104.2,13.9,14.7,0.676,1.25,18.9,0.3,0.714,0.542,0.211,0.62,0.654,96.2,95.0,79.17,95,0.571
0022500250,2025-11-18,1610612751,Brooklyn Nets,1,0,1,0.0,48.0,103.3,104.2,117.2,118.9,-13.9,-14.7,0.758,1.79,18.4,0.286,0.7,0.458,0.147,0.488,0.527,96.2,95.0,79.17,95,0.429
0022500251,2025-11-18,1610612765,Detroit Pistons,1,1,0,1.0,48.0,118.2,117.6,110.2,112.0,7.9,5.6,0.622,1.87,19.7,0.293,0.745,0.534,0.147,0.602,0.641,101.6,101.0,84.17,102,0.57
0022500249,2025-11-18,1610612744,Golden State Warriors,1,0,1,0.0,48.0,110.4,110.8,118.9,116.3,-8.5,-5.6,0.667,1.44,19.3,0.167,0.689,0.437,0.176,0.583,0.626,102.0,103.0,85.83,102,0.454
0022500253,2025-11-18,1610612747,Los Angeles Lakers,1,1,0,1.0,48.0,130.1,130.8,114.6,118.9,15.5,12.0,0.62,1.82,20.4,0.35,0.727,0.548,0.159,0.661,0.689,108.8,106.5,88.75,107,0.55
0022500252,2025-11-18,1610612763,Memphis Grizzlies,1,0,1,0.0,48.0,100.0,104.1,113.6,114.4,-13.6,-10.3,0.714,2.14,19.7,0.422,0.87,0.609,0.144,0.462,0.468,99.3,97.0,80.83,97,0.458
0022500249,2025-11-18,1610612753,Orlando Magic,1,1,0,1.0,48.0,118.9,116.3,110.4,110.8,8.5,5.6,0.651,2.0,19.3,0.311,0.833,0.563,0.135,0.553,0.619,102.0,103.0,85.83,104,0.546
0022500254,2025-11-18,1610612756,Phoenix Suns,1,1,0,1.0,48.0,117.9,121.0,99.3,104.8,18.7,16.2,0.511,1.33,16.1,0.412,0.636,0.528,0.171,0.551,0.59,109.2,105.0,87.5,105,0.554
0022500254,2025-11-18,1610612757,Portland Trail Blazers,1,0,1,0.0,48.0,99.3,104.8,117.9,121.0,-18.7,-16.2,0.571,1.2,16.1,0.364,0.588,0.472,0.19,0.485,0.52,109.2,105.0,87.5,105,0.446
0022500252,2025-11-18,1610612759,San Antonio Spurs,1,1,0,1.0,48.0,113.6,114.4,100.0,104.1,13.6,10.3,0.548,2.56,18.4,0.13,0.578,0.391,0.093,0.575,0.599,99.3,97.0,80.83,97,0.542
0022500253,2025-11-18,1610612762,Utah Jazz,1,0,1,0.0,48.0,114.6,118.9,130.1,130.8,-15.5,-12.0,0.688,1.83,21.9,0.273,0.65,0.452,0.17,0.592,0.631,108.8,106.5,88.75,106,0.45
0022500256,2025-11-19,1610612766,Charlotte Hornets,1,0,1,0.0,48.0,109.6,118.0,125.6,127.0,-16.0,-9.0,0.651,2.15,17.7,0.477,0.714,0.57,0.13,0.463,0.506,104.4,100.0,83.33,100,0.427
0022500263,2025-11-19,1610612741,Chicago Bulls,1,1,0,1.0,48.0,109.8,115.1,108.9,112.0,0.8,3.1,0.783,2.25,23.7,0.185,0.485,0.352,0.151,0.589,0.597,111.1,107.0,89.17,106,0.51
0022500255,2025-11-19,1610612739,Cleveland Cavaliers,1,0,1,0.0,48.0,107.1,107.2,115.3,117.5,-8.2,-10.3,0.556,1.67,15.6,0.229,0.608,0.424,0.124,0.519,0.547,98.0,97.0,80.83,97,0.432
0022500262,2025-11-19,1610612742,Dallas Mavericks,1,0,1,0.0,48.0,104.5,109.9,111.4,109.7,-6.9,0.2,0.657,1.28,16.5,0.294,0.677,0.504,0.178,0.506,0.565,103.8,102.0,85.0,101,0.482
0022500260,2025-11-19,1610612743,Denver Nuggets,1,1,0,1.0,48.0,118.1,116.8,110.7,109.3,7.4,7.6,0.761,1.75,23.2,0.22,0.655,0.469,0.187,0.62,0.659,106.3,107.5,89.58,107,0.552
0022500257,2025-11-19,1610612744,Golden State Warriors,1,0,1,0.0,48.0,89.9,90.6,102.4,103.8,-12.5,-13.2,0.706,1.04,15.6,0.375,0.705,0.536,0.217,0.426,0.462,107.1,106.0,88.33,106,0.42
0022500255,2025-11-19,1610612745,Houston Rockets,1,1,0,1.0,48.0,115.3,117.5,107.1,107.2,8.2,10.3,0.561,1.77,16.5,0.392,0.771,0.576,0.134,0.506,0.559,98.0,97.0,80.83,97,0.568
0022500256,2025-11-19,1610612754,Indiana Pacers,1,1,0,1.0,48.0,125.6,127.0,109.6,118.0,16.0,9.0,0.696,2.0,22.2,0.286,0.523,0.43,0.16,0.635,0.668,104.4,100.0,83.33,100,0.573
0022500257,2025-11-19,1610612748,Miami Heat,1,1,0,1.0,48.0,102.4,103.8,89.9,90.6,12.5,13.2,0.769,2.14,19.5,0.295,0.625,0.464,0.132,0.474,0.512,107.1,106.0,88.33,106,0.58
0022500259,2025-11-19,1610612750,Minnesota Timberwolves,1,1,0,1.0,48.0,121.1,122.4,110.9,112.4,10.2,10.1,0.667,2.8,18.8,0.411,0.702,0.544,0.102,0.516,0.555,98.7,97.5,81.25,98,0.565
0022500260,2025-11-19,1610612740,New Orleans Pelicans,1,0,1,0.0,48.0,110.7,109.3,118.1,116.8,-7.4,-7.6,0.568,2.08,16.6,0.345,0.78,0.531,0.111,0.485,0.528,106.3,107.5,89.58,108,0.448
0022500262,2025-11-19,1610612752,New York Knicks,1,1,0,1.0,48.0,111.4,109.7,104.5,109.9,6.9,-0.2,0.659,3.0,18.1,0.323,0.706,0.496,0.087,0.505,0.521,103.8,102.0,85.0,103,0.518
0022500261,2025-11-19,1610612760,Oklahoma City Thunder,1,1,0,1.0,48.0,107.5,108.7,96.9,96.1,10.6,12.5,0.537,1.38,15.9,0.245,0.731,0.495,0.154,0.523,0.576,103.6,103.5,86.25,104,0.58
0022500258,2025-11-19,1610612755,Philadelphia 76ers,1,0,1,0.0,48.0,112.1,114.3,119.1,123.5,-7.1,-9.2,0.585,1.14,17.0,0.417,0.659,0.528,0.214,0.552,0.59,100.7,98.0,81.67,98,0.445
0022500263,2025-11-19,1610612757,Portland Trail Blazers,1,0,1,0.0,48.0,108.9,112.0,109.8,115.1,-0.8,-3.1,0.614,1.69,15.9,0.515,0.815,0.648,0.148,0.467,0.5,111.1,107.0,89.17,108,0.49
0022500261,2025-11-19,1610612758,Sacramento Kings,1,0,1,0.0,48.0,96.9,96.1,107.5,108.7,-10.6,-12.5,0.553,1.17,15.2,0.269,0.755,0.505,0.175,0.488,0.515,103.6,103.5,86.25,103,0.42
0022500258,2025-11-19,1610612761,Toronto Raptors,1,1,0,1.0,48.0,119.1,123.5,112.1,114.3,7.1,9.2,0.733,2.2,22.8,0.341,0.583,0.472,0.153,0.601,0.64,100.7,98.0,81.67,98,0.555
0022500259,2025-11-19,1610612764,Washington Wizards,1,0,1,0.0,48.0,110.9,112.4,121.1,122.4,-10.2,-10.1,0.581,1.47,18.4,0.298,0.589,0.456,0.175,0.568,0.584,98.7,97.5,81.25,97,0.435
0022500267,2025-11-20,1610612737,Atlanta Hawks,1,0,1,0.0,48.0,122.7,123.5,128.3,131.1,-5.7,-7.5,0.612,1.88,21.4,0.195,0.735,0.489,0.157,0.678,0.679,104.0,102.5,85.42,102,0.456
0022500264,2025-11-20,1610612746,LA Clippers,1,0,1,0.0,48.0,93.2,96.2,124.6,122.9,-31.4,-26.7,0.556,0.95,14.4,0.278,0.7,0.481,0.2,0.483,0.519,106.0,105.0,87.5,105,0.336
0022500265,2025-11-20,1610612763,Memphis Grizzlies,1,1,0,1.0,48.0,127.5,137.0,96.4,96.0,31.1,41.0,0.84,5.25,25.9,0.392,0.848,0.608,0.08,0.591,0.62,103.5,100.0,83.33,100,0.692
0022500266,2025-11-20,1610612749,Milwaukee Bucks,1,0,1,0.0,53.0,104.9,104.6,110.4,113.9,-5.5,-9.3,0.667,2.14,20.4,0.16,0.737,0.467,0.128,0.565,0.583,99.7,98.26,81.89,109,0.472
0022500264,2025-11-20,1610612753,Orlando Magic,1,1,0,1.0,48.0,124.6,122.9,93.2,96.2,31.4,26.7,0.711,2.91,21.2,0.3,0.722,0.519,0.105,0.574,0.617,106.0,105.0,87.5,105,0.664
0022500266,2025-11-20,1610612755,Philadelphia 76ers,1,1,0,1.0,53.0,110.4,113.9,104.9,104.6,5.5,9.3,0.714,2.14,19.6,0.263,0.84,0.533,0.13,0.526,0.567,99.7,98.26,81.89,108,0.528
0022500265,2025-11-20,1610612758,Sacramento Kings,1,0,1,0.0,48.0,96.4,96.0,127.5,137.0,-31.1,-41.0,0.649,1.41,18.5,0.152,0.608,0.392,0.17,0.531,0.554,103.5,100.0,83.33,100,0.308
0022500267,2025-11-20,1610612759,San Antonio Spurs,1,1,0,1.0,48.0,128.3,131.1,122.7,123.5,5.7,7.5,0.708,3.09,22.8,0.265,0.805,0.511,0.107,0.621,0.648,104.0,102.5,85.42,103,0.544
0022500049,2025-11-21,1610612738,Boston Celtics,1,0,1,0.0,48.0,110.3,108.2,115.0,116.5,-4.7,-8.2,0.571,1.85,17.6,0.288,0.78,0.505,0.134,0.528,0.546,96.7,97.0,80.83,97,0.426
0022500049,2025-11-21,1610612751,Brooklyn Nets,1,1,0,1.0,48.0,115.0,116.5,110.3,108.2,4.7,8.2,0.721,2.21,22.6,0.22,0.712,0.495,0.144,0.604,0.619,96.7,97.0,80.83,97,0.574
0022500051,2025-11-21,1610612741,Chicago Bulls,1,0,1,0.0,48.0,95.3,97.3,125.0,132.4,-29.8,-35.1,0.703,1.44,17.6,0.263,0.638,0.452,0.164,0.478,0.523,113.3,109.0,90.83,110,0.338
0022500048,2025-11-21,1610612739,Cleveland Cavaliers,1,1,0,1.0,48.0,119.0,115.4,106.4,106.9,12.5,8.5,0.651,2.0,19.2,0.3,0.774,0.544,0.135,0.556,0.595,101.7,103.0,85.83,104,0.54
0022500052,2025-11-21,1610612742,Dallas Mavericks,1,1,0,1.0,48.0,112.0,111.3,105.9,108.5,6.2,2.8,0.75,1.5,20.1,0.265,0.75,0.515,0.189,0.571,0.613,107.0,106.0,88.33,106,0.519
0022500054,2025-11-21,1610612743,Denver Nuggets,1,1,0,1.0,48.0,121.9,119.1,109.2,116.0,12.7,3.2,0.7,1.87,20.6,0.385,0.561,0.49,0.16,0.599,0.637,95.8,94.0,78.33,94,0.591
0022500056,2025-11-21,1610612744,Golden State Warriors,1,0,1,0.0,48.0,121.5,121.8,124.4,124.5,-2.9,-2.7,0.725,2.07,20.6,0.25,0.48,0.372,0.139,0.584,0.639,101.6,101.5,84.58,101,0.492
0022500054,2025-11-21,1610612745,Houston Rockets,1,0,1,0.0,48.0,109.2,116.0,121.9,119.1,-12.7,-3.2,0.512,1.31,15.2,0.439,0.615,0.51,0.17,0.516,0.535,95.8,94.0,78.33,94,0.409
0022500048,2025-11-21,1610612754,Indiana Pacers,1,0,1,0.0,48.0,106.4,106.9,119.0,115.4,-12.5,-8.5,0.676,1.92,18.1,0.226,0.7,0.456,0.127,0.483,0.548,101.7,103.0,85.83,102,0.46
0022500051,2025-11-21,1610612748,Miami Heat,1,1,0,1.0,48.0,125.0,132.4,95.3,97.3,29.8,35.1,0.745,3.5,21.3,0.362,0.737,0.548,0.093,0.54,0.599,113.3,109.0,90.83,108,0.662
0022500053,2025-11-21,1610612750,Minnesota Timberwolves,1,0,1,0.0,48.0,104.1,108.7,106.8,110.7,-2.7,-2.0,0.462,0.82,12.8,0.389,0.565,0.47,0.212,0.523,0.562,107.6,103.5,86.25,104,0.48
0022500052,2025-11-21,1610612740,New Orleans Pelicans,1,0,1,0.0,48.0,105.9,108.5,112.0,111.3,-6.2,-2.8,0.595,1.92,17.4,0.25,0.735,0.485,0.123,0.5,0.55,107.0,106.0,88.33,106,0.481
0022500055,2025-11-21,1610612760,Oklahoma City Thunder,1,1,0,1.0,48.0,137.1,138.5,106.1,107.7,31.0,30.8,0.706,2.57,24.7,0.194,0.651,0.443,0.135,0.753,0.766,105.3,104.0,86.67,104,0.634
0022500053,2025-11-21,1610612756,Phoenix Suns,1,1,0,1.0,48.0,106.8,110.7,104.1,108.7,2.7,2.0,0.641,0.89,17.0,0.435,0.611,0.53,0.272,0.568,0.608,107.6,103.5,86.25,103,0.52
0022500056,2025-11-21,1610612757,Portland Trail Blazers,1,1,0,1.0,48.0,124.4,124.5,121.5,121.8,2.9,2.7,0.738,1.48,19.5,0.52,0.75,0.628,0.206,0.568,0.622,101.6,101.5,84.58,102,0.508
0022500050,2025-11-21,1610612761,Toronto Raptors,1,1,0,1.0,48.0,137.0,133.3,102.3,105.8,34.8,27.6,0.75,2.4,23.2,0.35,0.755,0.573,0.143,0.663,0.699,104.9,104.54,87.11,105,0.653
0022500055,2025-11-21,1610612762,Utah Jazz,1,0,1,0.0,48.0,106.1,107.7,137.1,138.5,-31.0,-30.8,0.789,1.07,20.1,0.349,0.806,0.557,0.269,0.582,0.625,105.3,104.0,86.67,104,0.366
0022500050,2025-11-21,1610612764,Washington Wizards,1,0,1,0.0,48.0,102.3,105.8,137.0,133.3,-34.8,-27.6,0.667,1.44,18.3,0.245,0.65,0.427,0.173,0.523,0.57,104.9,104.54,87.11,104,0.347
0022500270,2025-11-22,1610612737,Atlanta Hawks,1,1,0,1.0,48.0,120.6,116.2,98.4,101.0,22.2,15.1,0.667,4.0,20.3,0.24,0.635,0.441,0.071,0.561,0.585,97.5,98.0,81.67,99,0.576
0022500268,2025-11-22,1610612766,Charlotte Hornets,1,0,1,0.0,48.0,120.3,120.8,131.6,135.1,-11.3,-14.2,0.585,2.18,17.9,0.304,0.609,0.457,0.115,0.547,0.601,98.0,96.5,80.42,96,0.439
0022500271,2025-11-22,1610612741,Chicago Bulls,1,1,0,1.0,48.0,113.9,114.2,114.5,114.3,-0.6,-0.1,0.619,2.6,17.1,0.328,0.727,0.517,0.094,0.48,0.534,105.5,105.5,87.92,106,0.488
0022500273,2025-11-22,1610612742,Dallas Mavericks,1,0,1,0.0,48.0,98.9,103.2,110.2,109.7,-11.3,-6.5,0.543,1.9,15.0,0.281,0.561,0.421,0.108,0.451,0.49,94.8,93.0,77.5,93,0.424
0022500274,2025-11-22,1610612743,Denver Nuggets,1,0,1,0.0,48.0,118.1,126.8,129.1,133.3,-11.0,-6.5,0.622,2.15,19.4,0.388,0.711,0.543,0.134,0.565,0.602,101.6,96.5,80.42,97,0.435
0022500272,2025-11-22,1610612765,Detroit Pistons,1,1,0,1.0,48.0,127.0,130.3,115.7,116.0,11.3,14.3,0.633,2.21,23.5,0.061,0.767,0.461,0.141,0.731,0.728,100.9,99.5,82.92,99,0.553
0022500268,2025-11-22,1610612746,LA Clippers,1,1,0,1.0,48.0,131.6,135.1,120.3,120.8,11.3,14.2,0.652,3.0,20.8,0.391,0.696,0.543,0.103,0.617,0.651,98.0,96.5,80.42,97,0.561
0022500273,2025-11-22,1610612763,Memphis Grizzlies,1,1,0,1.0,48.0,110.2,109.7,98.9,103.2,11.3,6.5,0.703,2.0,18.1,0.439,0.719,0.579,0.14,0.446,0.497,94.8,93.0,77.5,93,0.576
0022500272,2025-11-22,1610612749,Milwaukee Bucks,1,0,1,0.0,48.0,115.7,116.0,127.0,130.3,-11.3,-14.3,0.674,1.71,20.9,0.233,0.939,0.539,0.17,0.631,0.65,100.9,99.5,82.92,100,0.447
0022500270,2025-11-22,1610612740,New Orleans Pelicans,1,0,1,0.0,48.0,98.4,101.0,120.6,116.2,-22.2,-15.1,0.6,1.17,15.4,0.365,0.76,0.559,0.186,0.464,0.518,97.5,98.0,81.67,97,0.424
0022500269,2025-11-22,1610612752,New York Knicks,1,0,1,0.0,48.0,121.8,119.8,131.4,133.0,-9.6,-13.2,0.651,1.65,20.0,0.31,0.683,0.494,0.168,0.627,0.663,100.3,100.5,83.75,101,0.465
0022500269,2025-11-22,1610612753,Orlando Magic,1,1,0,1.0,48.0,131.4,133.0,121.8,119.8,9.6,13.2,0.596,2.0,19.9,0.317,0.69,0.506,0.14,0.629,0.677,100.3,100.5,83.75,100,0.535
0022500274,2025-11-22,1610612758,Sacramento Kings,1,1,0,1.0,48.0,129.1,133.3,118.1,126.8,11.0,6.5,0.667,4.57,22.7,0.289,0.612,0.457,0.073,0.582,0.633,101.6,96.5,80.42,96,0.565
0022500271,2025-11-22,1610612764,Washington Wizards,1,0,1,0.0,48.0,114.5,114.3,113.9,114.2,0.6,0.1,0.75,2.2,21.6,0.273,0.672,0.483,0.143,0.542,0.573,105.5,105.5,87.92,105,0.512
0022500276,2025-11-23,1610612737,Atlanta Hawks,1,1,0,1.0,48.0,116.4,118.9,108.1,115.8,8.4,3.2,0.711,3.56,22.7,0.286,0.638,0.458,0.095,0.555,0.576,99.4,95.0,79.17,95,0.515
0022500277,2025-11-23,1610612738,Boston Celtics,1,1,0,1.0,48.0,144.2,142.3,128.3,133.0,15.9,9.3,0.547,5.8,21.8,0.194,0.582,0.429,0.052,0.688,0.706,98.1,97.0,80.83,97,0.548
0022500279,2025-11-23,1610612751,Brooklyn Nets,1,0,1,0.0,48.0,111.6,116.0,119.3,125.3,-7.7,-9.3,0.657,1.21,17.4,0.357,0.717,0.545,0.202,0.547,0.615,98.7,94.5,78.75,94,0.45
0022500276,2025-11-23,1610612766,Charlotte Hornets,1,0,1,0.0,48.0,108.1,115.8,116.4,118.9,-8.4,-3.2,0.667,1.63,18.8,0.362,0.714,0.542,0.168,0.535,0.58,99.4,95.0,79.17,95,0.485
0022500278,2025-11-23,1610612739,Cleveland Cavaliers,1,1,0,1.0,48.0,117.9,123.7,110.0,109.4,7.9,14.3,0.622,2.0,20.0,0.326,0.733,0.527,0.144,0.615,0.626,98.6,96.5,80.42,97,0.554
0022500278,2025-11-23,1610612746,LA Clippers,1,0,1,0.0,48.0,110.0,109.4,117.9,123.7,-7.9,-14.3,0.622,1.44,17.6,0.267,0.674,0.473,0.167,0.513,0.574,98.6,96.5,80.42,96,0.446
0022500282,2025-11-23,1610612747,Los Angeles Lakers,1,1,0,1.0,48.0,101.0,105.9,100.1,102.9,1.0,3.0,0.605,1.64,17.2,0.204,0.719,0.481,0.137,0.5,0.552,106.4,102.5,85.42,102,0.528
0022500275,2025-11-23,1610612748,Miami Heat,1,1,0,1.0,48.0,119.6,119.8,110.0,110.4,9.6,9.4,0.667,2.46,20.4,0.352,0.69,0.527,0.123,0.546,0.571,106.3,106.0,88.33,106,0.553
0022500280,2025-11-23,1610612760,Oklahoma City Thunder,1,1,0,1.0,48.0,125.6,125.8,92.9,97.9,32.7,27.8,0.733,2.36,23.1,0.302,0.641,0.505,0.144,0.618,0.641,99.7,97.0,80.83,97,0.681
0022500277,2025-11-23,1610612753,Orlando Magic,1,0,1,0.0,48.0,128.3,133.0,144.2,142.3,-15.9,-9.3,0.702,4.13,21.6,0.418,0.806,0.571,0.082,0.55,0.583,98.1,97.0,80.83,97,0.452
0022500275,2025-11-23,1610612755,Philadelphia 76ers,1,0,1,0.0,48.0,110.0,110.4,119.6,119.8,-9.6,-9.4,0.636,1.87,18.4,0.31,0.648,0.473,0.142,0.52,0.55,106.3,106.0,88.33,106,0.447
0022500281,2025-11-23,1610612756,Phoenix Suns,1,1,0,1.0,48.0,112.1,113.3,105.2,106.3,6.9,7.0,0.628,4.5,19.1,0.304,0.681,0.476,0.061,0.515,0.533,98.0,97.0,80.83,98,0.554
0022500280,2025-11-23,1610612757,Portland Trail Blazers,1,0,1,0.0,48.0,92.9,97.9,125.6,125.8,-32.7,-27.8,0.529,1.06,13.0,0.359,0.698,0.495,0.175,0.435,0.469,99.7,97.0,80.83,97,0.319
0022500281,2025-11-23,1610612759,San Antonio Spurs,1,0,1,0.0,48.0,105.2,106.3,112.1,113.3,-6.9,-7.0,0.531,0.89,13.3,0.319,0.696,0.524,0.198,0.481,0.555,98.0,97.0,80.83,96,0.446
0022500279,2025-11-23,1610612761,Toronto Raptors,1,1,0,1.0,48.0,119.3,125.3,111.6,116.0,7.7,9.3,0.769,3.33,21.7,0.283,0.643,0.455,0.095,0.554,0.615,98.7,94.5,78.75,95,0.55
0022500282,2025-11-23,1610612762,Utah Jazz,1,0,1,0.0,48.0,100.1,102.9,101.0,105.9,-1.0,-3.0,0.675,1.93,18.6,0.281,0.796,0.519,0.136,0.495,0.52,106.4,102.5,85.42,103,0.472
0022500285,2025-11-24,1610612751,Brooklyn Nets,1,0,1,0.0,48.0,103.8,107.5,121.3,120.2,-17.5,-12.7,0.576,1.9,14.5,0.328,0.761,0.519,0.108,0.46,0.503,94.7,93.5,77.92,93,0.401
0022500289,2025-11-24,1610612741,Chicago Bulls,1,0,1,0.0,48.0,119.2,117.1,125.0,131.2,-5.8,-14.1,0.674,1.71,19.9,0.159,0.536,0.37,0.153,0.646,0.677,111.7,110.0,91.67,111,0.45
0022500284,2025-11-24,1610612739,Cleveland Cavaliers,1,0,1,0.0,48.0,98.3,98.0,105.9,107.8,-7.6,-9.8,0.75,2.25,20.3,0.098,0.729,0.404,0.119,0.494,0.534,102.3,101.5,84.58,101,0.47
0022500286,2025-11-24,1610612742,Dallas Mavericks,1,0,1,0.0,48.0,97.1,100.0,101.4,105.0,-4.3,-5.0,0.579,1.38,15.1,0.349,0.696,0.513,0.157,0.454,0.49,104.8,101.5,84.58,102,0.456
0022500287,2025-11-24,1610612743,Denver Nuggets,1,1,0,1.0,48.0,128.7,128.9,115.5,117.3,13.2,11.5,0.696,2.29,22.2,0.326,0.712,0.531,0.144,0.626,0.643,98.4,97.5,81.25,97,0.53
0022500283,2025-11-24,1610612765,Detroit Pistons,1,1,0,1.0,48.0,118.1,119.6,111.5,115.8,6.7,3.8,0.571,1.41,16.8,0.4,0.761,0.582,0.167,0.554,0.608,104.1,101.5,84.58,102,0.531
0022500291,2025-11-24,1610612744,Golden State Warriors,1,1,0,1.0,48.0,126.5,126.4,109.4,110.4,17.1,16.0,0.667,3.4,21.4,0.352,0.667,0.509,0.094,0.582,0.599,106.4,106.0,88.33,106,0.556
0022500290,2025-11-24,1610612745,Houston Rockets,1,1,0,1.0,48.0,114.6,122.6,95.5,96.8,19.1,25.7,0.605,1.63,19.1,0.362,0.635,0.505,0.172,0.563,0.597,97.9,94.0,78.33,93,0.671
0022500283,2025-11-24,1610612754,Indiana Pacers,1,0,1,0.0,48.0,111.5,115.8,118.1,119.6,-6.7,-3.8,0.564,1.69,16.4,0.239,0.6,0.418,0.129,0.555,0.603,104.1,101.5,84.58,101,0.469
0022500287,2025-11-24,1610612763,Memphis Grizzlies,1,0,1,0.0,48.0,115.5,117.3,128.7,128.9,-13.2,-11.5,0.767,3.0,22.8,0.288,0.674,0.469,0.112,0.548,0.577,98.4,97.5,81.25,98,0.47
0022500286,2025-11-24,1610612748,Miami Heat,1,1,0,1.0,48.0,101.4,105.0,97.1,100.0,4.3,5.0,0.524,1.57,15.7,0.304,0.651,0.487,0.139,0.473,0.507,104.8,101.5,84.58,101,0.544
0022500288,2025-11-24,1610612749,Milwaukee Bucks,1,0,1,0.0,48.0,104.1,104.0,117.9,116.2,-13.8,-12.1,0.579,1.69,16.7,0.216,0.708,0.455,0.131,0.517,0.548,98.2,99.0,82.5,99,0.426
0022500292,2025-11-24,1610612750,Minnesota Timberwolves,1,0,1,0.0,53.0,104.0,101.8,106.1,106.4,-2.0,-4.5,0.525,1.31,14.3,0.276,0.737,0.504,0.145,0.479,0.525,98.7,99.62,83.02,110,0.448
0022500289,2025-11-24,1610612740,New Orleans Pelicans,1,1,0,1.0,48.0,125.0,131.2,119.2,117.1,5.8,14.1,0.528,2.0,17.3,0.464,0.841,0.63,0.128,0.572,0.599,111.7,110.0,91.67,109,0.55
0022500285,2025-11-24,1610612752,New York Knicks,1,1,0,1.0,48.0,121.3,120.2,103.8,107.5,17.5,12.7,0.622,3.5,21.1,0.239,0.672,0.481,0.085,0.58,0.6,94.7,93.5,77.92,94,0.599
0022500290,2025-11-24,1610612756,Phoenix Suns,1,0,1,0.0,48.0,95.5,96.8,114.6,122.6,-19.1,-25.7,0.333,0.52,8.9,0.365,0.638,0.495,0.221,0.494,0.521,97.9,94.0,78.33,95,0.329
0022500288,2025-11-24,1610612757,Portland Trail Blazers,1,1,0,1.0,48.0,117.9,116.2,104.1,104.0,13.8,12.1,0.667,1.5,17.5,0.292,0.784,0.545,0.162,0.57,0.615,98.2,99.0,82.5,99,0.574
0022500292,2025-11-24,1610612758,Sacramento Kings,1,1,0,1.0,53.0,106.1,106.4,104.0,101.8,2.0,4.5,0.643,2.25,17.8,0.263,0.724,0.496,0.109,0.469,0.535,98.7,99.62,83.02,110,0.552
0022500284,2025-11-24,1610612761,Toronto Raptors,1,1,0,1.0,48.0,105.9,107.8,98.3,98.0,7.6,9.8,0.636,1.75,19.6,0.271,0.902,0.596,0.157,0.544,0.562,102.3,101.5,84.58,102,0.53
0022500291,2025-11-24,1610612762,Utah Jazz,1,0,1,0.0,48.0,109.4,110.4,126.5,126.4,-17.1,-16.0,0.681,2.29,20.5,0.333,0.648,0.491,0.132,0.53,0.547,106.4,106.0,88.33,106,0.444
0022500057,2025-11-25,1610612737,Atlanta Hawks,1,0,1,0.0,48.0,105.6,109.7,128.9,128.2,-23.3,-18.4,0.767,1.74,21.3,0.358,0.78,0.543,0.184,0.532,0.554,104.7,103.0,85.83,103,0.416
0022500059,2025-11-25,1610612746,LA Clippers,1,0,1,0.0,48.0,117.3,124.2,138.5,139.2,-21.2,-15.0,0.571,1.5,18.2,0.325,0.571,0.451,0.168,0.599,0.644,99.0,96.0,80.0,95,0.418
0022500059,2025-11-25,1610612747,Los Angeles Lakers,1,1,0,1.0,48.0,138.5,139.2,117.3,124.2,21.2,15.0,0.58,2.64,20.1,0.429,0.675,0.549,0.113,0.649,0.686,99.0,96.0,80.0,97,0.582
0022500058,2025-11-25,1610612753,Orlando Magic,1,1,0,1.0,48.0,130.5,137.1,98.4,96.3,32.1,40.9,0.704,3.17,23.3,0.392,0.75,0.566,0.114,0.599,0.635,107.5,106.0,88.33,105,0.651
0022500058,2025-11-25,1610612755,Philadelphia 76ers,1,0,1,0.0,48.0,98.4,96.3,130.5,137.1,-32.1,-40.9,0.595,1.05,15.6,0.25,0.608,0.434,0.196,0.506,0.562,107.5,106.0,88.33,107,0.349
0022500057,2025-11-25,1610612764,Washington Wizards,1,1,0,1.0,48.0,128.9,128.2,105.6,109.7,23.3,18.4,0.625,2.31,21.1,0.22,0.642,0.457,0.126,0.685,0.692,104.7,103.0,85.83,103,0.584
0022500060,2025-11-26,1610612738,Boston Celtics,1,1,0,1.0,48.0,118.7,120.6,113.1,117.5,5.7,3.1,0.632,1.85,17.8,0.294,0.567,0.441,0.134,0.552,0.6,99.7,97.0,80.83,97,0.514
0022500061,2025-11-26,1610612766,Charlotte Hornets,1,0,1,0.0,48.0,97.5,104.1,125.3,131.6,-27.8,-27.5,0.429,0.88,11.8,0.291,0.675,0.453,0.175,0.488,0.528,103.2,97.5,81.25,97,0.332
0022500060,2025-11-26,1610612765,Detroit Pistons,1,0,1,0.0,48.0,113.1,117.5,118.7,120.6,-5.7,-3.1,0.541,1.54,14.0,0.433,0.706,0.559,0.134,0.457,0.524,99.7,97.0,80.83,97,0.486
0022500066,2025-11-26,1610612744,Golden State Warriors,1,0,1,0.0,48.0,106.1,109.9,110.0,114.3,-3.9,-4.4,0.714,1.56,18.7,0.375,0.515,0.456,0.176,0.5,0.548,94.4,91.0,75.83,91,0.519
0022500066,2025-11-26,1610612745,Houston Rockets,1,1,0,1.0,48.0,110.0,114.3,106.1,109.9,3.9,4.4,0.615,2.4,16.3,0.485,0.625,0.544,0.11,0.449,0.475,94.4,91.0,75.83,91,0.481
0022500063,2025-11-26,1610612754,Indiana Pacers,1,0,1,0.0,48.0,92.1,94.1,94.3,96.0,-2.2,-2.0,0.571,1.11,15.5,0.167,0.712,0.467,0.178,0.519,0.539,103.0,101.0,84.17,101,0.497
0022500065,2025-11-26,1610612763,Memphis Grizzlies,1,1,0,1.0,53.0,123.0,120.9,115.9,117.4,7.0,3.5,0.731,2.38,23.6,0.283,0.75,0.531,0.145,0.624,0.645,99.0,99.17,82.64,110,0.537
0022500062,2025-11-26,1610612748,Miami Heat,1,1,0,1.0,48.0,107.3,103.9,98.9,103.0,8.4,0.9,0.821,2.29,22.2,0.213,0.737,0.5,0.137,0.518,0.565,101.5,101.0,84.17,102,0.563
0022500062,2025-11-26,1610612749,Milwaukee Bucks,1,0,1,0.0,48.0,98.9,103.0,107.3,103.9,-8.4,-0.9,0.775,2.21,21.2,0.263,0.787,0.5,0.14,0.495,0.509,101.5,101.0,84.17,100,0.437
0022500064,2025-11-26,1610612750,Minnesota Timberwolves,1,0,1,0.0,48.0,104.7,106.1,112.2,113.0,-7.5,-6.9,0.758,1.56,17.7,0.315,0.791,0.526,0.162,0.519,0.545,100.5,99.5,82.92,99,0.432
0022500065,2025-11-26,1610612740,New Orleans Pelicans,1,0,1,0.0,53.0,115.9,117.4,123.0,120.9,-7.0,-3.5,0.68,2.27,21.8,0.25,0.717,0.469,0.138,0.589,0.607,99.0,99.17,82.64,109,0.463
0022500061,2025-11-26,1610612752,New York Knicks,1,1,0,1.0,48.0,125.3,131.6,97.5,104.1,27.8,27.5,0.52,1.73,19.1,0.325,0.709,0.547,0.153,0.642,0.672,103.2,97.5,81.25,98,0.668
0022500064,2025-11-26,1610612760,Oklahoma City Thunder,1,1,0,1.0,48.0,112.2,113.0,104.7,106.1,7.5,6.9,0.5,2.11,14.8,0.209,0.685,0.474,0.09,0.519,0.584,100.5,99.5,82.92,100,0.568
0022500068,2025-11-26,1610612756,Phoenix Suns,1,1,0,1.0,48.0,112.2,115.5,99.6,103.1,12.6,12.4,0.595,1.47,17.5,0.396,0.702,0.54,0.175,0.538,0.561,100.1,97.0,80.83,97,0.556
0022500067,2025-11-26,1610612757,Portland Trail Blazers,1,0,1,0.0,48.0,96.0,101.0,113.9,112.7,-17.8,-11.8,0.568,1.17,15.0,0.333,0.613,0.479,0.178,0.477,0.509,103.6,101.5,84.58,101,0.417
0022500068,2025-11-26,1610612758,Sacramento Kings,1,0,1,0.0,48.0,99.6,103.1,112.2,115.5,-12.6,-12.4,0.5,1.05,15.3,0.298,0.604,0.46,0.196,0.535,0.553,100.1,97.0,80.83,97,0.444
0022500067,2025-11-26,1610612759,San Antonio Spurs,1,1,0,1.0,48.0,113.9,112.7,96.0,101.0,17.8,11.8,0.415,1.89,12.1,0.387,0.667,0.521,0.088,0.46,0.513,103.6,101.5,84.58,102,0.583
0022500063,2025-11-26,1610612761,Toronto Raptors,1,1,0,1.0,48.0,94.3,96.0,92.1,94.1,2.2,2.0,0.514,1.38,13.2,0.288,0.833,0.533,0.129,0.417,0.476,103.0,101.0,84.17,101,0.503
0022500069,2025-11-28,1610612737,Atlanta Hawks,1,1,0,1.0,48.0,117.7,121.5,115.2,115.0,2.5,6.5,0.75,2.57,23.2,0.245,0.686,0.47,0.131,0.615,0.635,108.6,107.0,89.17,107,0.537
0022500070,2025-11-28,1610612751,Brooklyn Nets,1,0,1,0.0,48.0,102.5,105.1,115.2,116.2,-12.7,-11.1,0.618,1.17,15.3,0.34,0.717,0.515,0.184,0.476,0.534,100.1,98.5,82.08,98,0.397
0022500071,2025-11-28,1610612766,Charlotte Hornets,1,1,0,1.0,48.0,110.3,115.0,108.6,109.4,1.6,5.5,0.636,2.0,18.7,0.296,0.755,0.523,0.131,0.531,0.572,109.2,106.5,88.75,107,0.506
0022500071,2025-11-28,1610612741,Chicago Bulls,1,0,1,0.0,48.0,108.6,109.4,110.3,115.0,-1.6,-5.5,0.674,2.82,20.8,0.245,0.704,0.477,0.104,0.515,0.548,109.2,106.5,88.75,106,0.494
0022500069,2025-11-28,1610612739,Cleveland Cavaliers,1,0,1,0.0,48.0,115.2,115.0,117.7,121.5,-2.5,-6.5,0.659,1.71,19.1,0.314,0.755,0.53,0.159,0.553,0.592,108.6,107.0,89.17,107,0.463
0022500078,2025-11-28,1610612742,Dallas Mavericks,1,0,1,0.0,48.0,122.9,124.0,133.8,135.8,-10.8,-11.8,0.636,2.55,19.9,0.36,0.735,0.512,0.115,0.56,0.596,96.6,95.5,79.58,96,0.463
0022500076,2025-11-28,1610612743,Denver Nuggets,1,0,1,0.0,48.0,126.9,136.0,132.3,136.3,-5.4,-0.3,0.563,1.59,18.2,0.467,0.62,0.547,0.17,0.615,0.653,106.1,101.0,84.17,100,0.49
0022500072,2025-11-28,1610612765,Detroit Pistons,1,0,1,0.0,48.0,101.3,104.8,100.8,106.7,0.4,-1.9,0.595,0.92,15.2,0.373,0.65,0.523,0.231,0.506,0.558,109.4,104.5,87.08,104,0.495
0022500073,2025-11-28,1610612754,Indiana Pacers,1,1,0,1.0,48.0,114.7,119.0,87.0,85.1,27.7,33.9,0.563,1.69,19.1,0.319,0.745,0.549,0.16,0.592,0.609,101.3,100.5,83.75,100,0.683
0022500079,2025-11-28,1610612746,LA Clippers,1,0,1,0.0,48.0,103.6,109.2,114.7,113.1,-11.0,-3.9,0.5,1.46,14.6,0.25,0.635,0.442,0.133,0.494,0.545,100.5,98.5,82.08,98,0.469
0022500078,2025-11-28,1610612747,Los Angeles Lakers,1,1,0,1.0,48.0,133.8,135.8,122.9,124.0,10.8,11.8,0.6,1.8,20.6,0.265,0.64,0.488,0.158,0.711,0.738,96.6,95.5,79.58,95,0.537
0022500079,2025-11-28,1610612763,Memphis Grizzlies,1,1,0,1.0,48.0,114.7,113.1,103.6,109.2,11.0,3.9,0.615,1.6,16.9,0.365,0.75,0.558,0.152,0.54,0.573,100.5,98.5,82.08,99,0.531
0022500074,2025-11-28,1610612749,Milwaukee Bucks,1,0,1,0.0,48.0,118.5,117.2,121.0,125.5,-2.5,-8.3,0.649,1.6,19.5,0.154,0.6,0.404,0.161,0.648,0.665,94.8,93.5,77.92,93,0.469
0022500074,2025-11-28,1610612752,New York Knicks,1,1,0,1.0,48.0,121.0,125.5,118.5,117.2,2.5,8.3,0.658,1.92,18.0,0.4,0.846,0.596,0.138,0.536,0.599,94.8,93.5,77.92,94,0.531
0022500075,2025-11-28,1610612760,Oklahoma City Thunder,1,1,0,1.0,48.0,115.7,116.0,108.6,112.3,7.1,3.8,0.643,2.7,19.6,0.128,0.667,0.416,0.094,0.569,0.619,107.9,106.0,88.33,106,0.549
0022500072,2025-11-28,1610612753,Orlando Magic,1,1,0,1.0,48.0,100.8,106.7,101.3,104.8,-0.4,1.9,0.35,1.0,10.0,0.35,0.627,0.477,0.133,0.438,0.504,109.4,104.5,87.08,105,0.505
0022500070,2025-11-28,1610612755,Philadelphia 76ers,1,1,0,1.0,48.0,115.2,116.2,102.5,105.1,12.7,11.1,0.651,2.33,20.0,0.283,0.66,0.485,0.121,0.551,0.594,100.1,98.5,82.08,99,0.603
0022500075,2025-11-28,1610612756,Phoenix Suns,1,0,1,0.0,48.0,108.6,112.3,115.7,116.0,-7.1,-3.8,0.476,1.0,13.9,0.333,0.872,0.584,0.189,0.538,0.58,107.9,106.0,88.33,106,0.451
0022500077,2025-11-28,1610612758,Sacramento Kings,1,0,1,0.0,48.0,111.1,115.5,122.4,124.3,-11.2,-8.7,0.628,3.0,18.5,0.298,0.694,0.481,0.087,0.5,0.541,105.8,103.0,85.83,103,0.455
0022500076,2025-11-28,1610612759,San Antonio Spurs,1,1,0,1.0,48.0,132.3,136.3,126.9,136.0,5.4,0.3,0.652,3.33,19.9,0.38,0.533,0.453,0.088,0.58,0.643,106.1,101.0,84.17,102,0.51
0022500077,2025-11-28,1610612762,Utah Jazz,1,1,0,1.0,48.0,122.4,124.3,111.1,115.5,11.2,8.7,0.762,2.46,21.3,0.306,0.702,0.519,0.126,0.557,0.612,105.8,103.0,85.83,103,0.545
0022500073,2025-11-28,1610612764,Washington Wizards,1,0,1,0.0,48.0,87.0,85.1,114.7,119.0,-27.7,-33.9,0.545,1.06,13.6,0.255,0.681,0.451,0.168,0.435,0.463,101.3,100.5,83.75,101,0.317
0022500293,2025-11-29,1610612738,Boston Celtics,1,0,1,0.0,48.0,115.5,119.8,116.9,124.0,-1.4,-4.2,0.533,2.18,17.4,0.333,0.711,0.505,0.115,0.552,0.56,100.7,96.0,80.0,96,0.469
0022500297,2025-11-29,1610612751,Brooklyn Nets,1,0,1,0.0,48.0,100.5,106.5,124.1,123.4,-23.6,-17.0,0.639,1.15,17.8,0.295,0.651,0.471,0.215,0.571,0.586,96.0,93.5,77.92,93,0.372
0022500294,2025-11-29,1610612766,Charlotte Hornets,1,1,0,1.0,53.0,114.8,118.0,105.2,109.9,9.6,8.1,0.585,2.67,17.1,0.315,0.545,0.431,0.09,0.495,0.558,94.3,91.02,75.85,100,0.521
0022500295,2025-11-29,1610612741,Chicago Bulls,1,0,1,0.0,48.0,102.0,101.0,103.2,105.1,-1.2,-4.1,0.615,1.85,17.4,0.255,0.816,0.519,0.13,0.529,0.537,99.4,99.0,82.5,100,0.471
0022500300,2025-11-29,1610612742,Dallas Mavericks,1,1,0,1.0,48.0,106.2,109.6,103.2,104.8,3.1,4.9,0.55,2.44,16.4,0.154,0.756,0.433,0.087,0.506,0.557,107.0,104.5,87.08,104,0.504
0022500299,2025-11-29,1610612743,Denver Nuggets,1,1,0,1.0,48.0,140.9,139.8,117.4,120.4,23.6,19.4,0.818,2.12,25.7,0.364,0.686,0.56,0.183,0.724,0.763,93.8,93.0,77.5,93,0.605
0022500296,2025-11-29,1610612765,Detroit Pistons,1,1,0,1.0,48.0,122.0,124.3,120.4,121.6,1.6,2.7,0.527,1.38,18.7,0.357,0.723,0.551,0.189,0.651,0.669,112.6,111.0,92.5,111,0.51
0022500298,2025-11-29,1610612744,Golden State Warriors,1,1,0,1.0,48.0,106.3,109.5,98.0,102.1,8.3,7.3,0.737,2.8,19.7,0.339,0.638,0.491,0.105,0.473,0.511,97.9,94.5,78.75,95,0.571
0022500295,2025-11-29,1610612754,Indiana Pacers,1,1,0,1.0,48.0,103.2,105.1,102.0,101.0,1.2,4.1,0.585,1.85,18.3,0.184,0.745,0.481,0.133,0.534,0.549,99.4,99.0,82.5,98,0.529
0022500300,2025-11-29,1610612746,LA Clippers,1,0,1,0.0,48.0,103.2,104.8,106.2,109.6,-3.1,-4.9,0.676,1.39,17.7,0.244,0.846,0.567,0.171,0.506,0.587,107.0,104.5,87.08,105,0.496
0022500296,2025-11-29,1610612748,Miami Heat,1,0,1,0.0,48.0,120.4,121.6,122.0,124.3,-1.6,-2.7,0.614,1.5,17.9,0.277,0.643,0.449,0.162,0.58,0.642,112.6,111.0,92.5,111,0.49
0022500297,2025-11-29,1610612749,Milwaukee Bucks,1,1,0,1.0,48.0,124.1,123.4,100.5,106.5,23.6,17.0,0.705,2.21,22.3,0.349,0.705,0.529,0.149,0.619,0.634,96.0,93.5,77.92,94,0.628
0022500293,2025-11-29,1610612750,Minnesota Timberwolves,1,1,0,1.0,48.0,116.9,124.0,115.5,119.8,1.4,4.2,0.756,2.07,22.5,0.289,0.667,0.495,0.156,0.62,0.648,100.7,96.0,80.0,96,0.531
0022500298,2025-11-29,1610612740,New Orleans Pelicans,1,0,1,0.0,48.0,98.0,102.1,106.3,109.5,-8.3,-7.3,0.5,1.23,12.2,0.362,0.661,0.509,0.138,0.413,0.475,97.9,94.5,78.75,94,0.429
0022500299,2025-11-29,1610612756,Phoenix Suns,1,0,1,0.0,48.0,117.4,120.4,140.9,139.8,-23.6,-19.4,0.59,3.29,17.4,0.314,0.636,0.44,0.075,0.523,0.563,93.8,93.0,77.5,93,0.395
0022500294,2025-11-29,1610612761,Toronto Raptors,1,0,1,0.0,53.0,105.2,109.9,114.8,118.0,-9.6,-8.1,0.773,2.13,21.4,0.455,0.685,0.569,0.158,0.49,0.521,94.3,91.02,75.85,101,0.479
0022500304,2025-11-30,1610612737,Atlanta Hawks,1,1,0,1.0,58.0,108.4,110.9,104.1,104.7,4.3,6.3,0.75,1.57,19.3,0.377,0.766,0.576,0.18,0.534,0.582,107.5,105.93,88.28,128,0.542
0022500302,2025-11-30,1610612738,Boston Celtics,1,1,0,1.0,48.0,119.7,121.9,117.7,118.6,2.0,3.3,0.475,1.0,14.3,0.404,0.66,0.54,0.198,0.58,0.624,97.7,96.5,80.42,96,0.519
0022500302,2025-11-30,1610612739,Cleveland Cavaliers,1,0,1,0.0,48.0,117.7,118.6,119.7,121.9,-2.0,-3.3,0.651,2.0,19.6,0.34,0.596,0.46,0.144,0.564,0.577,97.7,96.5,80.42,97,0.481
0022500301,2025-11-30,1610612745,Houston Rockets,1,1,0,1.0,48.0,125.8,126.5,98.4,99.0,27.4,27.5,0.652,1.88,20.0,0.4,0.76,0.589,0.157,0.592,0.635,102.6,102.0,85.0,102,0.627
0022500308,2025-11-30,1610612747,Los Angeles Lakers,1,1,0,1.0,48.0,130.2,134.3,121.2,122.2,8.9,12.1,0.619,2.89,18.4,0.327,0.735,0.531,0.091,0.569,0.638,101.0,99.0,82.5,99,0.569
0022500307,2025-11-30,1610612763,Memphis Grizzlies,1,1,0,1.0,48.0,108.8,112.7,105.2,104.9,3.6,7.8,0.622,1.22,19.0,0.409,0.764,0.606,0.225,0.576,0.601,103.7,102.0,85.0,102,0.54
0022500306,2025-11-30,1610612750,Minnesota Timberwolves,1,1,0,1.0,48.0,130.6,133.0,117.4,117.9,13.1,15.1,0.714,2.69,24.8,0.3,0.75,0.525,0.138,0.661,0.674,95.5,94.5,78.75,94,0.555
0022500308,2025-11-30,1610612740,New Orleans Pelicans,1,0,1,0.0,48.0,121.2,122.2,130.2,134.3,-8.9,-12.1,0.5,2.88,17.0,0.265,0.673,0.469,0.081,0.577,0.606,101.0,99.0,82.5,99,0.431
0022500303,2025-11-30,1610612752,New York Knicks,1,1,0,1.0,48.0,120.8,118.4,94.5,96.9,26.3,21.5,0.614,1.5,18.0,0.472,0.691,0.583,0.184,0.542,0.563,97.8,97.5,81.25,98,0.604
0022500305,2025-11-30,1610612760,Oklahoma City Thunder,1,1,0,1.0,48.0,113.8,113.9,108.2,106.5,5.6,7.4,0.614,2.25,18.4,0.255,0.746,0.518,0.111,0.544,0.591,107.2,108.0,90.0,108,0.55
0022500304,2025-11-30,1610612755,Philadelphia 76ers,1,0,1,0.0,58.0,104.1,104.7,108.4,110.9,-4.3,-6.3,0.565,1.44,15.5,0.234,0.623,0.424,0.141,0.486,0.55,107.5,105.93,88.28,128,0.458
0022500305,2025-11-30,1610612757,Portland Trail Blazers,1,0,1,0.0,48.0,108.2,106.5,113.8,113.9,-5.6,-7.4,0.629,1.57,15.4,0.254,0.745,0.482,0.13,0.483,0.546,107.2,108.0,90.0,108,0.45
0022500307,2025-11-30,1610612758,Sacramento Kings,1,0,1,0.0,48.0,105.2,104.9,108.8,112.7,-3.6,-7.8,0.581,3.13,18.0,0.236,0.591,0.394,0.078,0.5,0.516,103.7,102.0,85.0,102,0.46
0022500306,2025-11-30,1610612759,San Antonio Spurs,1,0,1,0.0,48.0,117.4,117.9,130.6,133.0,-13.1,-15.1,0.386,1.7,13.9,0.25,0.7,0.475,0.105,0.571,0.606,95.5,94.5,78.75,95,0.445
0022500303,2025-11-30,1610612761,Toronto Raptors,1,0,1,0.0,48.0,94.5,96.9,120.8,118.4,-26.3,-21.5,0.73,1.5,19.3,0.309,0.528,0.417,0.186,0.483,0.492,97.8,97.5,81.25,97,0.396
0022500301,2025-11-30,1610612762,Utah Jazz,1,0,1,0.0,48.0,98.4,99.0,125.8,126.5,-27.4,-27.5,0.821,1.88,22.1,0.24,0.6,0.411,0.167,0.494,0.534,102.6,102.0,85.0,102,0.373
0022500309,2025-12-01,1610612737,Atlanta Hawks,1,0,1,0.0,48.0,96.2,97.0,97.5,98.0,-1.2,-1.0,0.711,1.8,19.7,0.173,0.588,0.379,0.149,0.506,0.522,101.7,101.0,84.17,101,0.481
0022500312,2025-12-01,1610612751,Brooklyn Nets,1,1,0,1.0,48.0,114.3,117.2,99.1,103.0,15.2,14.2,0.767,3.0,22.1,0.304,0.72,0.5,0.111,0.536,0.56,102.7,99.5,82.92,99,0.533
0022500312,2025-12-01,1610612766,Charlotte Hornets,1,0,1,0.0,48.0,99.1,103.0,114.3,117.2,-15.2,-14.2,0.684,1.44,18.6,0.28,0.696,0.5,0.18,0.518,0.554,102.7,99.5,82.92,100,0.467
0022500314,2025-12-01,1610612741,Chicago Bulls,1,0,1,0.0,48.0,110.4,112.1,115.2,116.8,-4.8,-4.7,0.682,1.43,20.0,0.271,0.688,0.479,0.196,0.591,0.614,108.6,107.0,89.17,107,0.46
0022500310,2025-12-01,1610612739,Cleveland Cavaliers,1,1,0,1.0,48.0,134.0,136.4,117.5,120.2,16.5,16.2,0.54,3.0,18.2,0.451,0.625,0.535,0.091,0.582,0.609,101.0,99.0,82.5,99,0.582
0022500315,2025-12-01,1610612742,Dallas Mavericks,1,1,0,1.0,48.0,128.2,128.4,117.6,119.8,10.7,8.6,0.66,4.38,24.0,0.196,0.731,0.48,0.078,0.642,0.647,102.5,101.5,84.58,102,0.509
0022500315,2025-12-01,1610612743,Denver Nuggets,1,0,1,0.0,48.0,117.6,119.8,128.2,128.4,-10.7,-8.6,0.787,4.63,24.3,0.269,0.804,0.52,0.079,0.535,0.566,102.5,101.5,84.58,101,0.491
0022500309,2025-12-01,1610612765,Detroit Pistons,1,1,0,1.0,48.0,97.5,98.0,96.2,97.0,1.2,1.0,0.474,0.78,12.9,0.412,0.827,0.621,0.228,0.471,0.513,101.7,101.0,84.17,101,0.519
0022500316,2025-12-01,1610612745,Houston Rockets,1,0,1,0.0,48.0,115.7,116.8,125.8,123.1,-10.1,-6.3,0.659,2.08,17.8,0.305,0.66,0.468,0.121,0.495,0.563,106.9,107.5,89.58,107,0.455
0022500310,2025-12-01,1610612754,Indiana Pacers,1,0,1,0.0,48.0,117.5,120.2,134.0,136.4,-16.5,-16.2,0.463,1.36,14.0,0.375,0.549,0.465,0.141,0.541,0.587,101.0,99.0,82.5,99,0.418
0022500313,2025-12-01,1610612746,LA Clippers,1,0,1,0.0,48.0,110.4,116.0,131.7,132.1,-21.3,-16.0,0.535,1.77,15.6,0.316,0.714,0.5,0.123,0.495,0.552,108.8,106.0,88.33,106,0.437
0022500317,2025-12-01,1610612747,Los Angeles Lakers,1,0,1,0.0,48.0,104.2,106.9,121.9,122.5,-17.7,-15.6,0.439,0.82,14.2,0.195,0.833,0.518,0.218,0.594,0.624,103.1,101.5,84.58,101,0.391
0022500313,2025-12-01,1610612748,Miami Heat,1,1,0,1.0,48.0,131.7,132.1,110.4,116.0,21.3,16.0,0.642,2.83,22.1,0.286,0.684,0.5,0.113,0.65,0.665,108.8,106.0,88.33,106,0.563
0022500311,2025-12-01,1610612749,Milwaukee Bucks,1,0,1,0.0,48.0,122.0,124.8,123.3,126.5,-1.3,-1.7,0.63,1.71,20.6,0.295,0.647,0.484,0.168,0.673,0.676,103.9,101.5,84.58,101,0.484
0022500314,2025-12-01,1610612753,Orlando Magic,1,1,0,1.0,48.0,115.2,116.8,110.4,112.1,4.8,4.7,0.556,1.39,17.0,0.313,0.729,0.521,0.168,0.563,0.61,108.6,107.0,89.17,107,0.54
0022500317,2025-12-01,1610612756,Phoenix Suns,1,1,0,1.0,48.0,121.9,122.5,104.2,106.9,17.7,15.6,0.673,3.18,24.3,0.167,0.805,0.482,0.108,0.658,0.654,103.1,101.5,84.58,102,0.609
0022500316,2025-12-01,1610612762,Utah Jazz,1,1,0,1.0,48.0,125.8,123.1,115.7,116.8,10.1,6.3,0.733,2.54,20.9,0.34,0.695,0.532,0.12,0.578,0.623,106.9,107.5,89.58,108,0.545
0022500311,2025-12-01,1610612764,Washington Wizards,1,1,0,1.0,48.0,123.3,126.5,122.0,124.8,1.3,1.7,0.547,2.9,19.5,0.353,0.705,0.516,0.098,0.583,0.594,103.9,101.5,84.58,102,0.516
0022500320,2025-12-02,1610612738,Boston Celtics,1,1,0,1.0,48.0,133.5,138.2,123.8,130.0,9.6,8.2,0.367,1.8,14.9,0.35,0.63,0.5,0.112,0.638,0.66,93.3,89.5,74.58,89,0.512
0022500323,2025-12-02,1610612744,Golden State Warriors,1,0,1,0.0,48.0,108.3,109.8,123.9,121.6,-15.5,-11.8,0.698,1.88,20.5,0.264,0.889,0.517,0.157,0.547,0.563,101.8,102.0,85.0,102,0.416
0022500322,2025-12-02,1610612763,Memphis Grizzlies,1,0,1,0.0,48.0,111.7,119.0,124.0,127.3,-12.3,-8.3,0.622,1.87,19.6,0.347,0.745,0.558,0.15,0.55,0.592,104.1,99.5,82.92,100,0.488
0022500321,2025-12-02,1610612750,Minnesota Timberwolves,1,1,0,1.0,53.0,128.7,133.0,125.2,127.9,3.5,5.1,0.558,3.22,18.7,0.264,0.78,0.489,0.08,0.596,0.638,103.8,100.98,84.15,112,0.505
0022500321,2025-12-02,1610612740,New Orleans Pelicans,1,0,1,0.0,53.0,125.2,127.9,128.7,133.0,-3.5,-5.1,0.52,2.0,17.9,0.22,0.736,0.511,0.117,0.615,0.667,103.8,100.98,84.15,111,0.495
0022500320,2025-12-02,1610612752,New York Knicks,1,0,1,0.0,48.0,123.8,130.0,133.5,138.2,-9.6,-8.2,0.674,2.42,21.6,0.37,0.65,0.5,0.133,0.618,0.633,93.3,89.5,74.58,90,0.488
0022500323,2025-12-02,1610612760,Oklahoma City Thunder,1,1,0,1.0,48.0,123.9,121.6,108.3,109.8,15.5,11.8,0.522,1.6,18.5,0.111,0.736,0.483,0.147,0.677,0.696,101.8,102.0,85.0,102,0.584
0022500318,2025-12-02,1610612755,Philadelphia 76ers,1,1,0,1.0,48.0,112.6,118.6,100.9,98.1,11.7,20.6,0.565,2.36,17.8,0.31,0.69,0.5,0.108,0.534,0.553,104.3,103.0,85.83,102,0.562
0022500319,2025-12-02,1610612757,Portland Trail Blazers,1,0,1,0.0,48.0,114.5,113.5,112.8,118.6,1.6,-5.2,0.561,1.53,16.4,0.271,0.708,0.49,0.144,0.584,0.608,105.2,103.0,85.83,104,0.472
0022500322,2025-12-02,1610612759,San Antonio Spurs,1,1,0,1.0,48.0,124.0,127.3,111.7,119.0,12.3,8.3,0.667,4.0,20.0,0.255,0.653,0.442,0.071,0.554,0.596,104.1,99.5,82.92,99,0.512
0022500319,2025-12-02,1610612761,Toronto Raptors,1,1,0,1.0,48.0,112.8,118.6,114.5,113.5,-1.6,5.2,0.688,1.83,22.1,0.292,0.729,0.51,0.176,0.594,0.61,105.2,103.0,85.83,102,0.528
0022500318,2025-12-02,1610612764,Washington Wizards,1,0,1,0.0,48.0,100.9,98.1,112.6,118.6,-11.7,-20.6,0.657,1.53,16.0,0.31,0.69,0.5,0.144,0.449,0.5,104.3,103.0,85.83,104,0.438
0022500327,2025-12-03,1610612737,Atlanta Hawks,1,0,1,0.0,48.0,91.9,95.8,118.8,118.6,-26.9,-22.7,0.588,1.25,15.7,0.208,0.667,0.426,0.167,0.476,0.505,98.5,96.5,80.42,96,0.354
0022500329,2025-12-03,1610612751,Brooklyn Nets,1,1,0,1.0,48.0,111.1,111.9,97.2,102.0,14.0,9.9,0.789,1.43,21.3,0.233,0.691,0.49,0.208,0.609,0.644,103.8,101.0,84.17,101,0.569
0022500328,2025-12-03,1610612766,Charlotte Hornets,1,0,1,0.0,48.0,103.8,111.8,124.1,126.6,-20.4,-14.8,0.528,1.46,14.4,0.364,0.681,0.51,0.14,0.472,0.524,98.1,93.5,77.92,93,0.408
0022500329,2025-12-03,1610612741,Chicago Bulls,1,0,1,0.0,48.0,97.2,102.0,111.1,111.9,-14.0,-9.9,0.526,1.25,14.5,0.309,0.767,0.51,0.158,0.461,0.51,103.8,101.0,84.17,101,0.431
0022500324,2025-12-03,1610612739,Cleveland Cavaliers,1,0,1,0.0,48.0,108.3,106.8,118.3,120.8,-10.0,-14.0,0.605,3.29,16.7,0.228,0.745,0.472,0.068,0.473,0.526,102.4,102.0,85.0,103,0.457
0022500332,2025-12-03,1610612742,Dallas Mavericks,1,1,0,1.0,48.0,116.5,119.2,102.0,108.0,14.5,11.2,0.674,2.07,21.7,0.283,0.645,0.491,0.152,0.593,0.613,103.6,99.5,82.92,99,0.562
0022500325,2025-12-03,1610612743,Denver Nuggets,1,1,0,1.0,48.0,134.4,135.0,122.7,120.0,11.7,15.0,0.469,2.09,17.6,0.2,0.767,0.494,0.11,0.693,0.715,99.1,100.0,83.33,100,0.552
0022500331,2025-12-03,1610612765,Detroit Pistons,1,0,1,0.0,48.0,101.3,112.4,113.9,115.3,-12.5,-2.9,0.658,1.67,17.5,0.356,0.705,0.505,0.155,0.474,0.516,103.4,97.5,81.25,97,0.448
0022500330,2025-12-03,1610612745,Houston Rockets,1,1,0,1.0,48.0,118.0,121.0,92.8,95.0,25.2,26.0,0.5,1.33,16.4,0.511,0.738,0.642,0.18,0.555,0.596,102.5,100.0,83.33,100,0.684
0022500325,2025-12-03,1610612754,Indiana Pacers,1,0,1,0.0,48.0,122.7,120.0,134.4,135.0,-11.7,-15.0,0.571,2.0,18.0,0.233,0.8,0.506,0.12,0.599,0.64,99.1,100.0,83.33,100,0.448
0022500327,2025-12-03,1610612746,LA Clippers,1,1,0,1.0,48.0,118.8,118.6,91.9,95.8,26.9,22.7,0.659,2.42,20.4,0.333,0.792,0.574,0.124,0.551,0.588,98.5,96.5,80.42,97,0.646
0022500332,2025-12-03,1610612748,Miami Heat,1,0,1,0.0,48.0,102.0,108.0,116.5,119.2,-14.5,-11.2,0.725,2.64,19.2,0.355,0.717,0.509,0.11,0.45,0.496,103.6,99.5,82.92,100,0.438
0022500331,2025-12-03,1610612749,Milwaukee Bucks,1,1,0,1.0,48.0,113.9,115.3,101.3,112.4,12.5,2.9,0.7,1.75,20.1,0.295,0.644,0.495,0.163,0.567,0.619,103.4,97.5,81.25,98,0.552
0022500328,2025-12-03,1610612752,New York Knicks,1,1,0,1.0,48.0,124.1,126.6,103.8,111.8,20.4,14.8,0.667,3.11,20.4,0.319,0.636,0.49,0.096,0.545,0.596,98.1,93.5,77.92,94,0.593
0022500326,2025-12-03,1610612753,Orlando Magic,1,0,1,0.0,48.0,104.3,104.7,106.0,108.6,-1.7,-3.9,0.6,2.7,18.0,0.293,0.741,0.509,0.093,0.5,0.522,107.5,106.0,88.33,107,0.534
0022500324,2025-12-03,1610612757,Portland Trail Blazers,1,1,0,1.0,48.0,118.3,120.8,108.3,106.8,10.0,14.0,0.73,2.08,19.1,0.255,0.772,0.528,0.129,0.518,0.597,102.4,102.0,85.0,101,0.543
0022500330,2025-12-03,1610612758,Sacramento Kings,1,0,1,0.0,48.0,92.8,95.0,118.0,121.0,-25.2,-26.0,0.525,1.62,15.4,0.262,0.489,0.358,0.13,0.464,0.468,102.5,100.0,83.33,100,0.316
0022500326,2025-12-03,1610612759,San Antonio Spurs,1,1,0,1.0,48.0,106.0,108.6,104.3,104.7,1.7,3.9,0.476,1.05,14.4,0.259,0.707,0.491,0.181,0.533,0.561,107.5,106.0,88.33,105,0.466
0022500334,2025-12-04,1610612738,Boston Celtics,1,1,0,1.0,48.0,141.4,150.5,100.0,102.0,41.4,48.5,0.648,3.5,23.0,0.435,0.654,0.551,0.103,0.646,0.674,102.1,98.0,81.67,97,0.704
0022500335,2025-12-04,1610612751,Brooklyn Nets,1,0,1,0.0,48.0,107.1,110.0,124.4,124.2,-17.3,-14.2,0.629,1.22,15.7,0.36,0.78,0.549,0.18,0.494,0.557,100.8,99.5,82.92,100,0.422
0022500333,2025-12-04,1610612744,Golden State Warriors,1,0,1,0.0,48.0,100.0,100.0,99.8,102.1,0.1,-2.1,0.73,2.08,19.1,0.291,0.688,0.476,0.133,0.483,0.51,98.6,97.5,81.25,98,0.485
0022500336,2025-12-04,1610612747,Los Angeles Lakers,1,1,0,1.0,48.0,127.5,132.3,120.9,127.7,6.6,4.6,0.591,2.36,19.0,0.391,0.532,0.462,0.118,0.574,0.618,97.8,93.5,77.92,93,0.484
0022500337,2025-12-04,1610612750,Minnesota Timberwolves,1,1,0,1.0,48.0,110.9,111.6,105.0,105.5,5.8,6.2,0.714,1.5,19.1,0.308,0.811,0.562,0.179,0.538,0.597,111.6,111.0,92.5,112,0.514
0022500337,2025-12-04,1610612740,New Orleans Pelicans,1,0,1,0.0,48.0,105.0,105.5,110.9,111.6,-5.8,-6.2,0.674,2.42,19.5,0.189,0.692,0.438,0.109,0.489,0.545,111.6,111.0,92.5,110,0.486
0022500333,2025-12-04,1610612755,Philadelphia 76ers,1,1,0,1.0,48.0,99.8,102.1,100.0,100.0,-0.1,2.1,0.59,1.21,17.0,0.313,0.709,0.524,0.196,0.518,0.543,98.6,97.5,81.25,97,0.515
0022500336,2025-12-04,1610612761,Toronto Raptors,1,0,1,0.0,48.0,120.9,127.7,127.5,132.3,-6.6,-4.6,0.886,2.6,25.2,0.468,0.609,0.538,0.16,0.579,0.611,97.8,93.5,77.92,94,0.516
0022500335,2025-12-04,1610612762,Utah Jazz,1,1,0,1.0,48.0,124.4,124.2,107.1,110.0,17.3,14.2,0.738,2.38,22.3,0.22,0.64,0.451,0.131,0.59,0.648,100.8,99.5,82.92,99,0.578
0022500334,2025-12-04,1610612764,Washington Wizards,1,0,1,0.0,48.0,100.0,102.0,141.4,150.5,-41.4,-48.5,0.6,1.17,15.2,0.346,0.565,0.449,0.182,0.476,0.532,102.1,98.0,81.67,99,0.296
0022500340,2025-12-05,1610612737,Atlanta Hawks,1,0,1,0.0,48.0,126.6,126.7,127.4,125.2,-0.8,1.4,0.714,2.5,23.2,0.234,0.739,0.484,0.133,0.621,0.652,105.1,106.0,88.33,105,0.489
0022500338,2025-12-05,1610612738,Boston Celtics,1,1,0,1.0,48.0,129.5,132.6,112.0,108.2,17.5,24.4,0.674,1.94,22.8,0.256,0.717,0.506,0.168,0.69,0.706,95.5,96.0,80.0,95,0.604
0022500344,2025-12-05,1610612766,Charlotte Hornets,1,1,0,1.0,48.0,104.2,107.8,81.3,83.5,22.9,24.3,0.703,1.08,18.4,0.293,0.717,0.545,0.233,0.588,0.627,106.1,103.0,85.83,103,0.697
0022500345,2025-12-05,1610612741,Chicago Bulls,1,0,1,0.0,48.0,107.4,104.0,121.2,121.2,-13.8,-17.3,0.618,1.11,15.3,0.326,0.854,0.575,0.188,0.526,0.585,98.4,100.0,83.33,101,0.446
0022500341,2025-12-05,1610612739,Cleveland Cavaliers,1,1,0,1.0,48.0,124.1,126.2,108.9,113.6,15.2,12.6,0.64,2.13,21.9,0.293,0.719,0.541,0.146,0.628,0.658,106.1,103.0,85.83,103,0.597
0022500349,2025-12-05,1610612742,Dallas Mavericks,1,0,1,0.0,48.0,113.5,113.3,138.5,133.3,-25.0,-20.1,0.683,2.33,20.4,0.224,0.811,0.477,0.122,0.57,0.585,96.6,98.5,82.08,98,0.393
0022500340,2025-12-05,1610612743,Denver Nuggets,1,1,0,1.0,48.0,127.4,125.2,126.6,126.7,0.8,-1.4,0.596,2.33,19.0,0.261,0.766,0.516,0.112,0.618,0.656,105.1,106.0,88.33,107,0.511
0022500342,2025-12-05,1610612765,Detroit Pistons,1,1,0,1.0,48.0,117.2,122.0,113.3,117.2,3.9,4.8,0.632,1.71,16.8,0.385,0.6,0.49,0.14,0.524,0.592,103.3,99.5,82.92,100,0.527
0022500346,2025-12-05,1610612745,Houston Rockets,1,1,0,1.0,48.0,115.4,118.2,92.1,100.0,23.3,18.2,0.556,1.09,18.8,0.313,0.619,0.516,0.232,0.658,0.693,103.9,98.5,82.08,99,0.693
0022500345,2025-12-05,1610612754,Indiana Pacers,1,1,0,1.0,48.0,121.2,121.2,107.4,104.0,13.8,17.3,0.533,1.71,18.6,0.146,0.674,0.425,0.141,0.643,0.659,98.4,100.0,83.33,99,0.554
0022500347,2025-12-05,1610612746,LA Clippers,1,0,1,0.0,48.0,98.5,100.0,109.3,109.2,-10.8,-9.2,0.629,1.29,17.2,0.17,0.846,0.477,0.173,0.525,0.56,98.7,98.0,81.67,98,0.429
0022500338,2025-12-05,1610612747,Los Angeles Lakers,1,0,1,0.0,48.0,112.0,108.2,129.5,132.6,-17.5,-24.4,0.455,1.07,12.2,0.283,0.744,0.494,0.144,0.519,0.585,95.5,96.0,80.0,97,0.396
0022500347,2025-12-05,1610612763,Memphis Grizzlies,1,1,0,1.0,48.0,109.3,109.2,98.5,100.0,10.8,9.2,0.667,1.75,21.2,0.154,0.83,0.523,0.163,0.603,0.623,98.7,98.0,81.67,98,0.571
0022500339,2025-12-05,1610612748,Miami Heat,1,0,1,0.0,48.0,102.1,102.9,100.4,105.0,1.6,-2.0,0.575,1.53,17.6,0.152,0.759,0.49,0.147,0.544,0.571,104.2,101.5,84.58,102,0.527
0022500348,2025-12-05,1610612749,Milwaukee Bucks,1,0,1,0.0,48.0,102.1,102.0,116.4,116.0,-14.2,-14.0,0.743,1.44,19.4,0.205,0.702,0.462,0.182,0.533,0.575,99.3,99.5,82.92,99,0.446
0022500343,2025-12-05,1610612752,New York Knicks,1,1,0,1.0,48.0,138.5,141.7,107.3,108.7,31.2,33.0,0.588,2.31,20.5,0.31,0.732,0.551,0.126,0.676,0.713,104.9,103.0,85.83,103,0.635
0022500349,2025-12-05,1610612760,Oklahoma City Thunder,1,1,0,1.0,48.0,138.5,133.3,113.5,113.3,25.0,20.1,0.638,5.0,22.1,0.189,0.776,0.523,0.061,0.631,0.685,96.6,98.5,82.08,99,0.607
0022500339,2025-12-05,1610612753,Orlando Magic,1,1,0,1.0,48.0,100.4,105.0,102.1,102.9,-1.6,2.0,0.632,2.4,17.4,0.241,0.848,0.51,0.099,0.478,0.517,104.2,101.5,84.58,101,0.473
0022500348,2025-12-05,1610612755,Philadelphia 76ers,1,1,0,1.0,48.0,116.4,116.0,102.1,102.0,14.2,14.0,0.641,1.67,18.1,0.298,0.795,0.538,0.15,0.552,0.606,99.3,99.5,82.92,100,0.554
0022500346,2025-12-05,1610612756,Phoenix Suns,1,0,1,0.0,48.0,92.1,100.0,115.4,118.2,-23.3,-18.2,0.359,1.08,10.4,0.381,0.688,0.484,0.133,0.415,0.452,103.9,98.5,82.08,98,0.307
0022500342,2025-12-05,1610612757,Portland Trail Blazers,1,0,1,0.0,48.0,113.3,117.2,117.2,122.0,-3.9,-4.8,0.611,1.1,15.6,0.4,0.615,0.51,0.202,0.494,0.578,103.3,99.5,82.92,99,0.473
0022500341,2025-12-05,1610612759,San Antonio Spurs,1,0,1,0.0,48.0,108.9,113.6,124.1,126.2,-15.2,-12.6,0.667,2.0,19.0,0.281,0.707,0.459,0.136,0.532,0.56,106.1,103.0,85.83,103,0.403
0022500344,2025-12-05,1610612761,Toronto Raptors,1,0,1,0.0,48.0,81.3,83.5,104.2,107.8,-22.9,-24.3,0.559,0.95,13.7,0.283,0.707,0.455,0.194,0.418,0.44,106.1,103.0,85.83,103,0.303
0022500343,2025-12-05,1610612762,Utah Jazz,1,0,1,0.0,48.0,107.3,108.7,138.5,141.7,-31.2,-33.0,0.657,1.92,16.3,0.268,0.69,0.449,0.117,0.489,0.547,104.9,103.0,85.83,103,0.365
0022500351,2025-12-06,1610612737,Atlanta Hawks,1,1,0,1.0,48.0,125.8,128.4,111.2,114.9,14.6,13.6,0.692,2.4,22.8,0.426,0.829,0.614,0.147,0.597,0.629,104.3,101.5,84.58,102,0.591
0022500350,2025-12-06,1610612751,Brooklyn Nets,1,1,0,1.0,48.0,116.5,122.7,103.4,103.1,13.1,19.6,0.766,1.8,24.0,0.378,0.702,0.543,0.206,0.607,0.625,99.9,97.5,81.25,97,0.571
0022500352,2025-12-06,1610612739,Cleveland Cavaliers,1,0,1,0.0,48.0,93.7,98.9,96.9,104.2,-3.2,-5.3,0.405,1.25,10.7,0.417,0.691,0.535,0.126,0.393,0.419,101.2,95.0,79.17,95,0.422
0022500356,2025-12-06,1610612742,Dallas Mavericks,1,1,0,1.0,48.0,126.0,129.8,112.7,114.7,13.3,15.1,0.449,1.69,17.5,0.303,0.556,0.449,0.138,0.64,0.672,96.8,94.5,78.75,94,0.589
0022500353,2025-12-06,1610612765,Detroit Pistons,1,1,0,1.0,48.0,124.4,127.8,113.0,116.7,11.4,11.2,0.721,1.94,20.7,0.44,0.717,0.583,0.165,0.587,0.622,99.4,96.5,80.42,97,0.573
0022500352,2025-12-06,1610612744,Golden State Warriors,1,1,0,1.0,48.0,96.9,104.2,93.7,98.9,3.2,5.3,0.758,1.79,18.5,0.309,0.583,0.465,0.147,0.459,0.515,101.2,95.0,79.17,95,0.578
0022500356,2025-12-06,1610612745,Houston Rockets,1,0,1,0.0,48.0,112.7,114.7,126.0,129.8,-13.3,-15.1,0.5,1.1,16.2,0.444,0.697,0.551,0.211,0.563,0.588,96.8,94.5,78.75,95,0.411
0022500355,2025-12-06,1610612746,LA Clippers,1,0,1,0.0,48.0,109.3,115.2,119.8,121.1,-10.6,-5.9,0.4,1.45,12.8,0.354,0.8,0.542,0.12,0.524,0.552,94.0,91.0,75.83,92,0.414
0022500354,2025-12-06,1610612748,Miami Heat,1,0,1,0.0,48.0,109.8,111.0,120.7,125.7,-10.9,-14.7,0.561,1.77,16.9,0.255,0.694,0.47,0.13,0.535,0.56,103.2,100.5,83.75,100,0.419
0022500353,2025-12-06,1610612749,Milwaukee Bucks,1,0,1,0.0,48.0,113.0,116.7,124.4,127.8,-11.4,-11.2,0.649,2.0,17.8,0.283,0.56,0.417,0.125,0.536,0.571,99.4,96.5,80.42,96,0.427
0022500355,2025-12-06,1610612750,Minnesota Timberwolves,1,1,0,1.0,48.0,119.8,121.1,109.3,115.2,10.6,5.9,0.676,1.64,19.2,0.2,0.646,0.458,0.156,0.581,0.657,94.0,91.0,75.83,90,0.586
0022500350,2025-12-06,1610612740,New Orleans Pelicans,1,0,1,0.0,48.0,103.4,103.1,116.5,122.7,-13.1,-19.6,0.811,1.76,21.1,0.298,0.622,0.457,0.173,0.506,0.551,99.9,97.5,81.25,98,0.429
0022500354,2025-12-06,1610612758,Sacramento Kings,1,1,0,1.0,48.0,120.7,125.7,109.8,111.0,10.9,14.7,0.49,2.18,17.1,0.306,0.745,0.53,0.109,0.602,0.621,103.2,100.5,83.75,101,0.581
0022500351,2025-12-06,1610612764,Washington Wizards,1,0,1,0.0,48.0,111.2,114.9,125.8,128.4,-14.6,-13.6,0.707,1.45,21.2,0.171,0.574,0.386,0.198,0.619,0.656,104.3,101.5,84.58,101,0.409
0022500358,2025-12-07,1610612738,Boston Celtics,1,1,0,1.0,48.0,127.2,126.0,113.9,117.7,13.3,8.3,0.545,2.18,17.8,0.313,0.652,0.479,0.115,0.587,0.616,97.2,96.0,80.0,96,0.525
0022500359,2025-12-07,1610612766,Charlotte Hornets,1,0,1,0.0,48.0,107.9,109.3,117.7,118.6,-9.8,-9.3,0.632,1.71,17.9,0.3,0.844,0.558,0.144,0.529,0.562,98.0,97.0,80.83,97,0.456
0022500361,2025-12-07,1610612741,Chicago Bulls,1,0,1,0.0,48.0,93.5,95.8,125.1,130.9,-31.6,-35.1,0.75,1.6,17.6,0.328,0.563,0.434,0.158,0.421,0.467,97.9,94.5,78.75,95,0.362
0022500359,2025-12-07,1610612743,Denver Nuggets,1,1,0,1.0,48.0,117.7,118.6,107.9,109.3,9.8,9.3,0.674,2.9,22.0,0.156,0.7,0.442,0.103,0.596,0.62,98.0,97.0,80.83,97,0.544
0022500361,2025-12-07,1610612744,Golden State Warriors,1,1,0,1.0,48.0,125.1,130.9,93.5,95.8,31.6,35.1,0.614,1.59,19.0,0.438,0.672,0.566,0.181,0.625,0.638,97.9,94.5,78.75,94,0.638
0022500362,2025-12-07,1610612747,Los Angeles Lakers,1,1,0,1.0,48.0,113.3,113.1,105.4,109.1,7.8,4.0,0.61,2.5,18.8,0.191,0.647,0.461,0.101,0.559,0.578,100.7,99.0,82.5,99,0.542
0022500360,2025-12-07,1610612763,Memphis Grizzlies,1,1,0,1.0,48.0,105.2,114.4,89.8,91.4,15.4,23.0,0.7,1.22,18.2,0.418,0.745,0.575,0.221,0.506,0.56,110.0,104.5,87.08,104,0.646
0022500357,2025-12-07,1610612752,New York Knicks,1,1,0,1.0,48.0,110.6,110.4,100.4,104.2,10.2,6.3,0.615,2.18,17.6,0.315,0.623,0.478,0.115,0.489,0.531,97.7,96.0,80.0,96,0.561
0022500363,2025-12-07,1610612760,Oklahoma City Thunder,1,1,0,1.0,48.0,128.5,131.0,99.7,100.0,28.8,31.0,0.627,2.29,22.7,0.209,0.796,0.522,0.14,0.699,0.683,101.6,100.5,83.75,100,0.608
0022500357,2025-12-07,1610612753,Orlando Magic,1,0,1,0.0,48.0,100.4,104.2,110.6,110.4,-10.2,-6.3,0.639,1.92,16.3,0.377,0.685,0.522,0.125,0.447,0.478,97.7,96.0,80.0,96,0.439
0022500362,2025-12-07,1610612755,Philadelphia 76ers,1,0,1,0.0,48.0,105.4,109.1,113.3,113.1,-7.8,-4.0,0.583,3.5,14.6,0.353,0.809,0.539,0.061,0.417,0.476,100.7,99.0,82.5,99,0.458
0022500360,2025-12-07,1610612757,Portland Trail Blazers,1,0,1,0.0,48.0,89.8,91.4,105.2,114.4,-15.4,-23.0,0.636,0.81,15.1,0.255,0.582,0.425,0.248,0.488,0.528,110.0,104.5,87.08,105,0.354
0022500358,2025-12-07,1610612761,Toronto Raptors,1,0,1,0.0,48.0,113.9,117.7,127.2,126.0,-13.3,-8.3,0.512,1.69,16.4,0.348,0.688,0.521,0.135,0.54,0.581,97.2,96.0,80.0,96,0.475
0022500363,2025-12-07,1610612762,Utah Jazz,1,0,1,0.0,48.0,99.7,100.0,128.5,131.0,-28.8,-31.0,0.625,1.47,18.4,0.204,0.791,0.478,0.168,0.541,0.559,101.6,100.5,83.75,101,0.392
0022500364,2025-12-08,1610612754,Indiana Pacers,1,1,0,1.0,48.0,112.3,116.0,102.8,104.0,9.5,12.0,0.658,1.79,18.1,0.275,0.627,0.451,0.14,0.517,0.584,102.7,100.5,83.75,100,0.55
0022500365,2025-12-08,1610612750,Minnesota Timberwolves,1,0,1,0.0,48.0,110.4,111.7,115.1,116.1,-4.8,-4.4,0.667,1.73,18.8,0.36,0.673,0.52,0.16,0.536,0.564,94.5,93.5,77.92,94,0.486
0022500366,2025-12-08,1610612740,New Orleans Pelicans,1,0,1,0.0,48.0,126.4,124.5,120.5,128.6,5.9,-4.0,0.686,3.89,23.6,0.179,0.627,0.433,0.085,0.619,0.664,108.2,105.5,87.92,106,0.537
0022500365,2025-12-08,1610612756,Phoenix Suns,1,1,0,1.0,48.0,115.1,116.1,110.4,111.7,4.8,4.4,0.634,2.89,19.1,0.327,0.64,0.48,0.097,0.522,0.547,94.5,93.5,77.92,93,0.514
0022500364,2025-12-08,1610612758,Sacramento Kings,1,0,1,0.0,48.0,102.8,104.0,112.3,116.0,-9.5,-12.0,0.683,1.47,18.9,0.373,0.725,0.549,0.188,0.506,0.535,102.7,100.5,83.75,101,0.45
0022500366,2025-12-08,1610612759,San Antonio Spurs,1,1,0,1.0,48.0,120.5,128.6,126.4,124.5,-5.9,4.0,0.592,1.93,19.0,0.373,0.821,0.567,0.143,0.587,0.619,108.2,105.5,87.92,105,0.463
0022501201,2025-12-09,1610612748,Miami Heat,1,0,1,0.0,48.0,105.5,104.9,112.5,114.7,-6.9,-9.9,0.595,3.13,18.0,0.204,0.791,0.464,0.078,0.495,0.533,103.2,102.5,85.42,103,0.463
0022501202,2025-12-09,1610612752,New York Knicks,1,1,0,1.0,48.0,126.7,124.5,101.1,107.4,25.7,17.0,0.452,1.36,14.8,0.349,0.643,0.515,0.149,0.625,0.634,96.1,94.0,78.33,94,0.58
0022501201,2025-12-09,1610612753,Orlando Magic,1,1,0,1.0,48.0,112.5,114.7,105.5,104.9,6.9,9.9,0.682,1.76,21.4,0.209,0.796,0.536,0.167,0.592,0.622,103.2,102.5,85.42,102,0.537
0022501202,2025-12-09,1610612761,Toronto Raptors,1,0,1,0.0,48.0,101.1,107.4,126.7,124.5,-25.7,-17.0,0.718,2.0,19.7,0.357,0.651,0.485,0.149,0.494,0.516,96.1,94.0,78.33,94,0.42
0022501204,2025-12-10,1610612747,Los Angeles Lakers,1,0,1,0.0,48.0,116.5,113.3,125.9,126.9,-9.4,-13.6,0.628,2.45,19.6,0.14,0.771,0.449,0.105,0.586,0.613,103.5,104.5,87.08,105,0.453
0022501203,2025-12-10,1610612760,Oklahoma City Thunder,1,1,0,1.0,48.0,134.3,131.4,84.7,85.6,49.6,45.9,0.615,2.13,22.4,0.167,0.774,0.528,0.143,0.716,0.736,103.9,104.5,87.08,105,0.693
0022501203,2025-12-10,1610612756,Phoenix Suns,1,0,1,0.0,48.0,84.7,85.6,134.3,131.4,-49.6,-45.9,0.727,1.14,17.1,0.226,0.833,0.472,0.202,0.452,0.489,103.9,104.5,87.08,104,0.307
0022501204,2025-12-10,1610612759,San Antonio Spurs,1,1,0,1.0,48.0,125.9,126.9,116.5,113.3,9.4,13.6,0.581,2.08,18.0,0.229,0.86,0.551,0.115,0.599,0.648,103.5,104.5,87.08,104,0.547
0022501206,2025-12-11,1610612738,Boston Celtics,1,0,1,0.0,48.0,101.0,105.2,120.6,120.8,-19.6,-15.6,0.529,1.29,13.5,0.35,0.75,0.5,0.146,0.466,0.51,98.1,96.0,80.0,96,0.383
0022501208,2025-12-11,1610612743,Denver Nuggets,1,1,0,1.0,48.0,132.3,133.3,101.8,101.9,30.5,31.4,0.673,2.92,23.6,0.268,0.717,0.521,0.118,0.659,0.675,102.9,102.5,85.42,102,0.649
0022501205,2025-12-11,1610612745,Houston Rockets,1,1,0,1.0,48.0,115.9,119.8,117.2,118.9,-1.3,0.8,0.605,1.37,17.4,0.538,0.786,0.649,0.198,0.527,0.562,97.8,95.5,79.58,96,0.487
0022501205,2025-12-11,1610612746,LA Clippers,1,0,1,0.0,48.0,117.2,118.9,115.9,119.8,1.3,-0.8,0.641,1.67,19.4,0.214,0.462,0.351,0.158,0.59,0.632,97.8,95.5,79.58,95,0.513
0022501206,2025-12-11,1610612749,Milwaukee Bucks,1,1,0,1.0,48.0,120.6,120.8,101.0,105.2,19.6,15.6,0.609,1.75,21.2,0.25,0.65,0.5,0.167,0.665,0.681,98.1,96.0,80.0,96,0.617
0022501207,2025-12-11,1610612740,New Orleans Pelicans,1,1,0,1.0,48.0,129.4,131.2,105.6,112.1,23.9,19.0,0.621,3.6,21.7,0.4,0.707,0.558,0.092,0.571,0.598,112.1,108.0,90.0,109,0.63
0022501207,2025-12-11,1610612757,Portland Trail Blazers,1,0,1,0.0,48.0,105.6,112.1,129.4,131.2,-23.9,-19.0,0.6,1.8,17.9,0.293,0.6,0.442,0.14,0.51,0.537,112.1,108.0,90.0,107,0.37
0022501208,2025-12-11,1610612758,Sacramento Kings,1,0,1,0.0,48.0,101.8,101.9,132.3,133.3,-30.5,-31.4,0.538,1.31,15.1,0.283,0.732,0.479,0.155,0.511,0.541,102.9,102.5,85.42,103,0.351
0022501210,2025-12-12,1610612737,Atlanta Hawks,1,0,1,0.0,48.0,108.9,106.5,131.8,134.0,-22.9,-27.5,0.718,1.4,18.4,0.347,0.7,0.506,0.185,0.524,0.583,106.7,107.0,89.17,108,0.392
0022501214,2025-12-12,1610612751,Brooklyn Nets,1,0,1,0.0,48.0,108.4,108.8,109.5,114.4,-1.1,-5.6,0.667,1.53,18.8,0.208,0.7,0.459,0.167,0.552,0.588,105.5,103.0,85.83,102,0.459
0022501209,2025-12-12,1610612766,Charlotte Hornets,1,0,1,0.0,48.0,123.0,124.8,124.8,126.5,-1.8,-1.7,0.588,3.33,21.3,0.213,0.651,0.422,0.089,0.608,0.621,102.9,101.5,84.58,101,0.462
0022501209,2025-12-12,1610612741,Chicago Bulls,1,1,0,1.0,48.0,124.8,126.5,123.0,124.8,1.8,1.7,0.558,2.42,20.0,0.349,0.787,0.578,0.118,0.606,0.63,102.9,101.5,84.58,102,0.538
0022501212,2025-12-12,1610612739,Cleveland Cavaliers,1,1,0,1.0,48.0,124.0,125.0,121.1,120.0,2.9,5.0,0.683,4.0,18.7,0.305,0.694,0.481,0.067,0.5,0.576,104.5,104.5,87.08,104,0.521
0022501214,2025-12-12,1610612742,Dallas Mavericks,1,1,0,1.0,48.0,109.5,114.4,108.4,108.8,1.1,5.6,0.717,2.36,21.7,0.3,0.792,0.541,0.135,0.543,0.574,105.5,103.0,85.83,104,0.541
0022501210,2025-12-12,1610612765,Detroit Pistons,1,1,0,1.0,48.0,131.8,134.0,108.9,106.5,22.9,27.5,0.642,2.43,22.4,0.3,0.653,0.494,0.132,0.648,0.684,106.7,107.0,89.17,106,0.608
0022501215,2025-12-12,1610612744,Golden State Warriors,1,0,1,0.0,48.0,112.5,117.6,125.3,122.1,-12.9,-4.5,0.614,2.08,18.5,0.315,0.711,0.495,0.127,0.536,0.568,104.0,103.0,85.83,102,0.443
0022501211,2025-12-12,1610612754,Indiana Pacers,1,0,1,0.0,48.0,105.7,106.1,115.1,117.3,-9.4,-11.3,0.684,3.71,18.4,0.267,0.694,0.459,0.071,0.464,0.503,99.6,98.5,82.08,99,0.448
0022501213,2025-12-12,1610612763,Memphis Grizzlies,1,0,1,0.0,48.0,115.3,117.8,114.0,122.6,1.3,-4.9,0.696,3.2,21.2,0.228,0.683,0.462,0.093,0.561,0.582,111.6,106.5,88.75,107,0.494
0022501215,2025-12-12,1610612750,Minnesota Timberwolves,1,1,0,1.0,48.0,125.3,122.1,112.5,117.6,12.9,4.5,0.625,2.73,20.4,0.289,0.685,0.505,0.106,0.601,0.627,104.0,103.0,85.83,104,0.557
0022501211,2025-12-12,1610612755,Philadelphia 76ers,1,1,0,1.0,48.0,115.1,117.3,105.7,106.1,9.4,11.3,0.629,1.69,16.3,0.306,0.733,0.541,0.133,0.519,0.587,99.6,98.5,82.08,98,0.552
0022501213,2025-12-12,1610612762,Utah Jazz,1,1,0,1.0,48.0,114.0,122.6,115.3,117.8,-1.3,4.9,0.688,2.54,20.9,0.317,0.772,0.538,0.123,0.543,0.565,111.6,106.5,88.75,106,0.506
0022501212,2025-12-12,1610612764,Washington Wizards,1,0,1,0.0,48.0,121.1,120.0,124.0,125.0,-2.9,-5.0,0.69,1.81,19.5,0.306,0.695,0.519,0.152,0.581,0.629,104.5,104.5,87.08,105,0.479
0022501229,2025-12-13,1610612752,New York Knicks,1,1,0,1.0,48.0,129.9,125.7,109.1,115.4,20.8,10.3,0.549,2.33,19.9,0.216,0.655,0.478,0.114,0.649,0.676,105.8,104.5,87.08,105,0.583
0022501230,2025-12-13,1610612760,Oklahoma City Thunder,1,0,1,0.0,48.0,103.9,101.9,102.7,104.7,1.2,-2.8,0.526,1.33,14.2,0.291,0.65,0.478,0.14,0.462,0.525,106.5,106.5,88.75,107,0.516
0022501229,2025-12-13,1610612753,Orlando Magic,1,0,1,0.0,48.0,109.1,115.4,129.9,125.7,-20.8,-10.3,0.622,2.0,18.7,0.345,0.784,0.522,0.135,0.531,0.556,105.8,104.5,87.08,104,0.417
0022501230,2025-12-13,1610612759,San Antonio Spurs,1,1,0,1.0,48.0,102.7,104.7,103.9,101.9,-1.2,2.8,0.568,1.11,14.2,0.35,0.709,0.522,0.179,0.483,0.533,106.5,106.5,88.75,106,0.484
0022501217,2025-12-14,1610612737,Atlanta Hawks,1,1,0,1.0,48.0,111.9,116.5,111.7,112.5,0.2,4.0,0.767,1.94,20.8,0.404,0.631,0.525,0.165,0.52,0.554,106.0,103.5,86.25,103,0.515
0022501219,2025-12-14,1610612751,Brooklyn Nets,1,1,0,1.0,48.0,125.3,128.3,82.8,82.0,42.5,46.3,0.733,2.36,23.6,0.22,0.816,0.544,0.141,0.641,0.68,100.2,99.5,82.92,99,0.73
0022501218,2025-12-14,1610612766,Charlotte Hornets,1,1,0,1.0,53.0,105.1,111.2,102.1,104.7,3.0,6.5,0.651,1.56,18.1,0.379,0.705,0.546,0.168,0.526,0.555,100.5,96.45,80.38,107,0.538
0022501223,2025-12-14,1610612741,Chicago Bulls,1,0,1,0.0,48.0,104.5,103.0,108.6,112.9,-4.0,-9.9,0.684,2.0,18.4,0.259,0.608,0.429,0.129,0.484,0.523,102.2,101.0,84.17,101,0.452
0022501218,2025-12-14,1610612739,Cleveland Cavaliers,1,0,1,0.0,53.0,102.1,104.7,105.1,111.2,-3.0,-6.5,0.711,1.93,18.1,0.295,0.621,0.454,0.132,0.463,0.515,100.5,96.45,80.38,106,0.462
0022501221,2025-12-14,1610612744,Golden State Warriors,1,0,1,0.0,48.0,122.3,126.0,123.9,128.3,-1.6,-2.3,0.773,1.89,22.8,0.244,0.644,0.444,0.173,0.644,0.674,108.4,105.0,87.5,104,0.487
0022501216,2025-12-14,1610612754,Indiana Pacers,1,0,1,0.0,48.0,98.6,98.9,114.4,118.7,-15.7,-19.8,0.645,2.5,16.3,0.241,0.574,0.407,0.089,0.429,0.477,92.3,90.5,75.42,90,0.424
0022501228,2025-12-14,1610612747,Los Angeles Lakers,1,1,0,1.0,48.0,110.6,117.2,110.7,112.9,-0.1,4.3,0.526,0.91,13.7,0.491,0.696,0.584,0.222,0.472,0.542,104.0,100.0,83.33,99,0.488
0022501219,2025-12-14,1610612749,Milwaukee Bucks,1,0,1,0.0,48.0,82.8,82.0,125.3,128.3,-42.5,-46.3,0.645,1.0,15.5,0.184,0.78,0.456,0.2,0.443,0.477,100.2,99.5,82.92,100,0.27
0022501220,2025-12-14,1610612750,Minnesota Timberwolves,1,1,0,1.0,48.0,113.7,117.0,100.0,103.0,13.7,14.0,0.581,2.08,17.4,0.352,0.822,0.566,0.12,0.521,0.553,102.9,100.0,83.33,100,0.551
0022501223,2025-12-14,1610612740,New Orleans Pelicans,1,1,0,1.0,48.0,108.6,112.9,104.5,103.0,4.0,9.9,0.488,1.4,14.8,0.392,0.741,0.571,0.149,0.505,0.548,102.2,101.0,84.17,101,0.548
0022501217,2025-12-14,1610612755,Philadelphia 76ers,1,0,1,0.0,48.0,111.7,112.5,111.9,116.5,-0.2,-4.0,0.658,2.08,16.4,0.369,0.596,0.475,0.115,0.46,0.514,106.0,103.5,86.25,104,0.485
0022501228,2025-12-14,1610612756,Phoenix Suns,1,0,1,0.0,48.0,110.7,112.9,110.6,117.2,0.1,-4.3,0.725,1.45,20.1,0.304,0.509,0.416,0.198,0.567,0.613,104.0,100.0,83.33,101,0.512
0022501221,2025-12-14,1610612757,Portland Trail Blazers,1,1,0,1.0,48.0,123.9,128.3,122.3,126.0,1.6,2.3,0.667,1.67,19.7,0.356,0.756,0.556,0.17,0.618,0.668,108.4,105.0,87.5,106,0.513
0022501220,2025-12-14,1610612758,Sacramento Kings,1,0,1,0.0,48.0,100.0,103.0,113.7,117.0,-13.7,-14.0,0.568,1.4,16.3,0.178,0.648,0.434,0.15,0.519,0.56,102.9,100.0,83.33,100,0.449
0022501216,2025-12-14,1610612764,Washington Wizards,1,1,0,1.0,48.0,114.4,118.7,98.6,98.9,15.7,19.8,0.463,1.73,14.5,0.426,0.759,0.593,0.121,0.517,0.538,92.3,90.5,75.42,91,0.576
0022501222,2025-12-15,1610612738,Boston Celtics,1,0,1,0.0,48.0,105.1,112.9,113.1,117.9,-8.0,-5.0,0.421,1.23,13.2,0.25,0.623,0.446,0.14,0.524,0.559,99.4,94.0,78.33,93,0.469
0022501224,2025-12-15,1610612742,Dallas Mavericks,1,0,1,0.0,53.0,113.6,115.7,120.2,121.7,-6.5,-6.1,0.5,1.6,15.2,0.322,0.827,0.559,0.13,0.536,0.573,105.8,104.15,86.79,115,0.46
0022501225,2025-12-15,1610612743,Denver Nuggets,1,1,0,1.0,53.0,123.6,124.3,115.3,121.4,8.4,2.9,0.558,2.18,17.6,0.222,0.647,0.448,0.107,0.594,0.643,96.0,93.28,77.74,103,0.501
0022501222,2025-12-15,1610612765,Detroit Pistons,1,1,0,1.0,48.0,113.1,117.9,105.1,112.9,8.0,5.0,0.512,1.91,15.6,0.377,0.75,0.554,0.116,0.534,0.56,99.4,94.0,78.33,95,0.531
0022501225,2025-12-15,1610612745,Houston Rockets,1,0,1,0.0,53.0,115.3,121.4,123.6,124.3,-8.4,-2.9,0.617,1.81,19.3,0.353,0.778,0.552,0.155,0.57,0.598,96.0,93.28,77.74,103,0.499
0022501226,2025-12-15,1610612746,LA Clippers,1,0,1,0.0,48.0,107.7,113.2,126.7,131.5,-19.1,-18.3,0.703,1.37,19.1,0.422,0.643,0.529,0.209,0.544,0.574,95.6,91.5,76.25,91,0.41
0022501226,2025-12-15,1610612763,Memphis Grizzlies,1,1,0,1.0,48.0,126.7,131.5,107.7,113.2,19.1,18.3,0.733,3.0,23.7,0.357,0.578,0.471,0.12,0.616,0.647,95.6,91.5,76.25,92,0.59
0022501227,2025-12-15,1610612748,Miami Heat,1,0,1,0.0,48.0,94.9,96.0,104.0,107.1,-9.0,-11.1,0.571,1.05,14.8,0.288,0.735,0.505,0.19,0.476,0.515,101.5,99.5,82.92,100,0.454
0022501227,2025-12-15,1610612761,Toronto Raptors,1,1,0,1.0,48.0,104.0,107.1,94.9,96.0,9.0,11.1,0.786,1.57,22.8,0.265,0.712,0.495,0.212,0.568,0.576,101.5,99.5,82.92,99,0.546
0022501224,2025-12-15,1610612762,Utah Jazz,1,1,0,1.0,53.0,120.2,121.7,113.6,115.7,6.5,6.1,0.66,2.54,21.0,0.173,0.678,0.441,0.113,0.582,0.628,105.8,104.15,86.79,115,0.54
0022500367,2025-12-17,1610612741,Chicago Bulls,1,1,0,1.0,48.0,118.8,118.7,103.8,103.7,15.0,15.0,0.7,2.19,23.3,0.19,0.787,0.506,0.15,0.64,0.655,106.9,107.0,89.17,107,0.589
0022500367,2025-12-17,1610612739,Cleveland Cavaliers,1,0,1,0.0,48.0,103.8,103.7,118.8,118.7,-15.0,-15.0,0.619,1.3,18.2,0.213,0.81,0.494,0.187,0.552,0.585,106.9,107.0,89.17,107,0.411
0022500368,2025-12-17,1610612763,Memphis Grizzlies,1,1,0,1.0,48.0,105.5,108.4,98.3,102.8,7.1,5.6,0.548,1.28,15.3,0.357,0.631,0.504,0.168,0.495,0.542,110.9,107.0,89.17,107,0.532
0022500368,2025-12-17,1610612750,Minnesota Timberwolves,1,0,1,0.0,48.0,98.3,102.8,105.5,108.4,-7.1,-5.6,0.667,1.44,16.6,0.369,0.643,0.496,0.168,0.464,0.501,110.9,107.0,89.17,107,0.468
0022500371,2025-12-18,1610612737,Atlanta Hawks,1,0,1,0.0,48.0,117.0,121.2,123.7,127.9,-6.7,-6.7,0.646,2.07,20.9,0.304,0.698,0.494,0.144,0.582,0.62,107.6,104.0,86.67,104,0.458
0022500373,2025-12-18,1610612751,Brooklyn Nets,1,0,1,0.0,48.0,94.2,96.0,103.6,106.0,-9.3,-10.0,0.632,1.85,17.0,0.29,0.706,0.478,0.131,0.444,0.462,101.6,99.5,82.92,99,0.414
0022500371,2025-12-18,1610612766,Charlotte Hornets,1,1,0,1.0,48.0,123.7,127.9,117.0,121.2,6.7,6.7,0.796,2.44,25.2,0.302,0.696,0.506,0.154,0.67,0.675,107.6,104.0,86.67,104,0.542
0022500376,2025-12-18,1610612742,Dallas Mavericks,1,1,0,1.0,53.0,104.7,103.6,97.6,103.6,7.1,-0.1,0.55,1.29,14.9,0.269,0.566,0.445,0.152,0.478,0.553,103.1,100.53,83.77,112,0.557
0022500377,2025-12-18,1610612743,Denver Nuggets,1,1,0,1.0,48.0,120.5,124.8,114.5,112.7,6.0,12.0,0.633,2.07,22.1,0.195,0.741,0.505,0.149,0.648,0.666,102.5,101.5,84.58,101,0.533
0022500376,2025-12-18,1610612765,Detroit Pistons,1,0,1,0.0,53.0,97.6,103.6,104.7,103.6,-7.1,0.1,0.553,2.17,15.4,0.434,0.731,0.555,0.109,0.41,0.436,103.1,100.53,83.77,110,0.443
0022500378,2025-12-18,1610612744,Golden State Warriors,1,0,1,0.0,48.0,96.2,97.0,98.3,99.0,-2.2,-2.0,0.771,1.35,18.5,0.321,0.745,0.532,0.198,0.461,0.506,101.3,100.5,83.75,101,0.486
0022500375,2025-12-18,1610612745,Houston Rockets,1,0,1,0.0,53.0,112.4,118.5,122.8,123.1,-10.4,-4.6,0.6,1.5,18.0,0.517,0.66,0.584,0.185,0.514,0.538,100.6,97.81,81.51,108,0.46
0022500372,2025-12-18,1610612754,Indiana Pacers,1,0,1,0.0,48.0,114.2,113.0,111.4,114.0,2.9,-1.0,0.512,1.57,15.8,0.346,0.698,0.524,0.14,0.522,0.56,100.6,100.0,83.33,100,0.499
0022500369,2025-12-18,1610612746,LA Clippers,1,0,1,0.0,48.0,95.6,94.4,112.9,114.0,-17.3,-19.6,0.676,0.86,17.4,0.279,0.8,0.571,0.271,0.553,0.589,106.9,107.0,89.17,107,0.43
0022500379,2025-12-18,1610612747,Los Angeles Lakers,1,1,0,1.0,48.0,137.3,138.8,125.4,131.1,11.9,7.8,0.653,4.57,21.3,0.327,0.735,0.531,0.068,0.597,0.649,105.9,103.0,85.83,103,0.559
0022500373,2025-12-18,1610612748,Miami Heat,1,1,0,1.0,48.0,103.6,106.0,94.2,96.0,9.3,10.0,0.561,1.64,16.7,0.294,0.71,0.522,0.14,0.511,0.544,101.6,99.5,82.92,100,0.586
0022500374,2025-12-18,1610612749,Milwaukee Bucks,1,0,1,0.0,48.0,107.1,108.2,113.0,114.4,-5.9,-6.2,0.658,1.56,18.7,0.255,0.646,0.453,0.165,0.542,0.577,98.1,97.0,80.83,97,0.466
0022500375,2025-12-18,1610612740,New Orleans Pelicans,1,1,0,1.0,53.0,122.8,123.1,112.4,118.5,10.4,4.6,0.551,2.25,17.9,0.34,0.483,0.416,0.111,0.562,0.608,100.6,97.81,81.51,108,0.54
0022500372,2025-12-18,1610612752,New York Knicks,1,1,0,1.0,48.0,111.4,114.0,114.2,113.0,-2.9,1.0,0.721,1.94,21.1,0.302,0.654,0.476,0.16,0.56,0.568,100.6,100.0,83.33,100,0.501
0022500369,2025-12-18,1610612760,Oklahoma City Thunder,1,1,0,1.0,48.0,112.9,114.0,95.6,94.4,17.3,19.6,0.583,3.11,19.2,0.2,0.721,0.429,0.084,0.54,0.565,106.9,107.0,89.17,107,0.57
0022500377,2025-12-18,1610612753,Orlando Magic,1,0,1,0.0,48.0,114.5,112.7,120.5,124.8,-6.0,-12.0,0.698,3.0,20.5,0.259,0.805,0.495,0.098,0.533,0.561,102.5,101.5,84.58,102,0.467
0022500378,2025-12-18,1610612756,Phoenix Suns,1,1,0,1.0,48.0,98.3,99.0,96.2,97.0,2.2,2.0,0.528,1.27,14.4,0.255,0.679,0.468,0.15,0.466,0.507,101.3,100.5,83.75,100,0.514
0022500380,2025-12-18,1610612757,Portland Trail Blazers,1,1,0,1.0,53.0,110.3,116.5,114.7,116.7,-4.4,-0.1,0.612,1.43,17.6,0.424,0.673,0.537,0.183,0.549,0.57,107.5,103.7,86.42,115,0.443
0022500380,2025-12-18,1610612758,Sacramento Kings,1,0,1,0.0,53.0,114.7,116.7,110.3,116.5,4.4,0.1,0.604,1.61,18.4,0.327,0.576,0.463,0.158,0.543,0.61,107.5,103.7,86.42,114,0.557
0022500370,2025-12-18,1610612759,San Antonio Spurs,1,1,0,1.0,48.0,120.4,120.2,92.9,94.0,27.5,26.2,0.659,2.07,20.3,0.313,0.695,0.523,0.141,0.572,0.602,100.0,99.5,82.92,99,0.61
0022500374,2025-12-18,1610612761,Toronto Raptors,1,1,0,1.0,48.0,113.0,114.4,107.1,108.2,5.9,6.2,0.738,1.82,21.4,0.354,0.745,0.547,0.175,0.577,0.595,98.1,97.0,80.83,97,0.534
0022500379,2025-12-18,1610612762,Utah Jazz,1,0,1,0.0,48.0,125.4,131.1,137.3,138.8,-11.9,-7.8,0.721,2.38,21.2,0.265,0.673,0.469,0.126,0.627,0.651,105.9,103.0,85.83,103,0.441
0022500370,2025-12-18,1610612764,Washington Wizards,1,0,1,0.0,48.0,92.9,94.0,120.4,120.2,-27.5,-26.2,0.763,2.07,20.0,0.305,0.688,0.477,0.14,0.452,0.469,100.0,99.5,82.92,100,0.39
0022500383,2025-12-19,1610612737,Atlanta Hawks,1,0,1,0.0,48.0,90.7,92.5,121.1,117.8,-30.4,-25.3,0.684,1.53,17.9,0.22,0.733,0.442,0.16,0.457,0.485,106.0,106.5,88.75,106,0.351
0022500381,2025-12-19,1610612738,Boston Celtics,1,1,0,1.0,48.0,125.8,125.2,106.9,113.7,18.9,11.5,0.568,1.56,18.2,0.268,0.621,0.486,0.155,0.665,0.697,105.6,102.5,85.42,103,0.606
0022500384,2025-12-19,1610612741,Chicago Bulls,1,1,0,1.0,48.0,126.4,127.1,112.2,116.8,14.1,10.3,0.642,2.83,21.9,0.294,0.673,0.491,0.112,0.608,0.626,109.5,107.0,89.17,107,0.558
0022500384,2025-12-19,1610612739,Cleveland Cavaliers,1,0,1,0.0,48.0,112.2,116.8,126.4,127.1,-14.1,-10.3,0.646,2.07,20.0,0.327,0.706,0.509,0.14,0.545,0.572,109.5,107.0,89.17,107,0.442
0022500381,2025-12-19,1610612748,Miami Heat,1,0,1,0.0,48.0,106.9,113.7,125.8,125.2,-18.9,-11.5,0.675,2.08,17.5,0.379,0.732,0.514,0.127,0.485,0.515,105.6,102.5,85.42,102,0.394
0022500385,2025-12-19,1610612750,Minnesota Timberwolves,1,1,0,1.0,48.0,108.0,108.7,102.7,103.9,5.3,4.9,0.606,1.54,13.7,0.348,0.733,0.532,0.126,0.449,0.515,103.9,103.0,85.83,103,0.52
0022500382,2025-12-19,1610612752,New York Knicks,1,0,1,0.0,48.0,111.5,112.6,118.1,122.1,-6.6,-9.5,0.667,1.44,18.1,0.451,0.72,0.584,0.189,0.489,0.54,97.1,95.0,79.17,95,0.495
0022500385,2025-12-19,1610612760,Oklahoma City Thunder,1,0,1,0.0,48.0,102.7,103.9,108.0,108.7,-5.3,-4.9,0.471,1.33,11.9,0.267,0.652,0.468,0.117,0.429,0.509,103.9,103.0,85.83,103,0.48
0022500382,2025-12-19,1610612755,Philadelphia 76ers,1,1,0,1.0,48.0,118.1,122.1,111.5,112.6,6.6,9.5,0.525,1.91,16.3,0.28,0.549,0.416,0.116,0.551,0.596,97.1,95.0,79.17,95,0.505
0022500383,2025-12-19,1610612759,San Antonio Spurs,1,1,0,1.0,48.0,121.1,117.8,90.7,92.5,30.4,25.3,0.608,2.07,20.7,0.267,0.78,0.558,0.14,0.612,0.624,106.0,106.5,88.75,107,0.649
0022500388,2025-12-20,1610612738,Boston Celtics,1,1,0,1.0,48.0,117.2,124.4,101.2,103.2,15.9,21.2,0.5,2.0,16.4,0.415,0.717,0.566,0.122,0.526,0.551,95.2,91.5,76.25,90,0.564
0022500390,2025-12-20,1610612766,Charlotte Hornets,1,0,1,0.0,48.0,78.3,80.4,101.7,106.7,-23.4,-26.3,0.75,0.88,14.3,0.302,0.564,0.424,0.224,0.388,0.44,109.9,106.0,88.33,107,0.319
0022500387,2025-12-20,1610612742,Dallas Mavericks,1,0,1,0.0,48.0,111.0,111.8,116.0,116.3,-5.0,-4.6,0.533,1.33,17.8,0.237,0.629,0.48,0.176,0.56,0.615,103.5,103.0,85.83,102,0.497
0022500386,2025-12-20,1610612743,Denver Nuggets,1,0,1,0.0,48.0,97.9,104.1,118.4,117.3,-20.5,-13.2,0.568,1.91,15.8,0.263,0.732,0.459,0.113,0.446,0.495,100.1,97.5,81.25,97,0.41
0022500390,2025-12-20,1610612765,Detroit Pistons,1,1,0,1.0,48.0,101.7,106.7,78.3,80.4,23.4,26.3,0.561,1.15,15.1,0.436,0.698,0.576,0.19,0.473,0.523,109.9,106.0,88.33,105,0.681
0022500392,2025-12-20,1610612744,Golden State Warriors,1,1,0,1.0,48.0,111.7,117.8,112.0,114.9,-0.3,3.0,0.69,1.38,19.0,0.434,0.745,0.58,0.208,0.549,0.58,105.1,101.0,84.17,101,0.516
0022500386,2025-12-20,1610612745,Houston Rockets,1,1,0,1.0,48.0,118.4,117.3,97.9,104.1,20.5,13.2,0.615,1.26,18.0,0.268,0.737,0.541,0.194,0.63,0.66,100.1,97.5,81.25,98,0.59
0022500389,2025-12-20,1610612754,Indiana Pacers,1,0,1,0.0,48.0,98.9,100.0,114.3,117.4,-15.4,-17.4,0.7,2.0,18.8,0.217,0.786,0.451,0.128,0.468,0.508,111.1,109.0,90.83,109,0.403
0022500395,2025-12-20,1610612746,LA Clippers,1,1,0,1.0,48.0,108.6,110.8,92.5,95.7,16.1,15.1,0.647,1.16,16.9,0.348,0.724,0.558,0.204,0.525,0.58,95.0,92.5,77.08,93,0.615
0022500395,2025-12-20,1610612747,Los Angeles Lakers,1,0,1,0.0,48.0,92.5,95.7,108.6,110.8,-16.1,-15.1,0.471,1.45,12.9,0.276,0.652,0.442,0.12,0.42,0.448,95.0,92.5,77.08,92,0.385
0022500391,2025-12-20,1610612763,Memphis Grizzlies,1,0,1,0.0,48.0,116.5,119.6,125.7,126.2,-9.1,-6.6,0.689,2.21,20.0,0.379,0.574,0.473,0.137,0.53,0.556,104.1,102.5,85.42,102,0.468
0022500389,2025-12-20,1610612740,New Orleans Pelicans,1,1,0,1.0,48.0,114.3,117.4,98.9,100.0,15.4,17.4,0.556,1.39,17.5,0.214,0.783,0.549,0.165,0.582,0.64,111.1,109.0,90.83,109,0.597
0022500393,2025-12-20,1610612753,Orlando Magic,1,1,0,1.0,53.0,116.9,116.4,113.2,115.5,3.7,0.9,0.681,2.46,20.1,0.309,0.625,0.479,0.118,0.547,0.579,100.4,99.62,83.02,110,0.524
0022500387,2025-12-20,1610612755,Philadelphia 76ers,1,1,0,1.0,48.0,116.0,116.3,111.0,111.8,5.0,4.6,0.614,2.7,17.5,0.371,0.763,0.52,0.096,0.49,0.529,103.5,103.0,85.83,104,0.503
0022500392,2025-12-20,1610612756,Phoenix Suns,1,0,1,0.0,48.0,112.0,114.9,111.7,117.8,0.3,-3.0,0.548,1.64,16.9,0.255,0.566,0.42,0.139,0.545,0.588,105.1,101.0,84.17,101,0.484
0022500394,2025-12-20,1610612757,Portland Trail Blazers,1,1,0,1.0,48.0,96.1,100.0,92.4,95.9,3.7,4.1,0.514,0.9,13.5,0.333,0.619,0.491,0.204,0.5,0.533,101.3,97.5,81.25,98,0.529
0022500394,2025-12-20,1610612758,Sacramento Kings,1,0,1,0.0,48.0,92.4,95.9,96.1,100.0,-3.7,-4.1,0.545,1.0,12.9,0.381,0.667,0.509,0.186,0.414,0.462,101.3,97.5,81.25,97,0.471
0022500388,2025-12-20,1610612761,Toronto Raptors,1,0,1,0.0,48.0,101.2,103.2,117.2,124.4,-15.9,-21.2,0.833,2.5,21.7,0.283,0.585,0.434,0.129,0.506,0.523,95.2,91.5,76.25,93,0.436
0022500393,2025-12-20,1610612762,Utah Jazz,1,0,1,0.0,53.0,113.2,115.5,116.9,116.4,-3.7,-0.9,0.773,2.83,20.4,0.375,0.691,0.521,0.109,0.49,0.537,100.4,99.62,83.02,110,0.476
0022500391,2025-12-20,1610612764,Washington Wizards,1,1,0,1.0,48.0,125.7,126.2,116.5,119.6,9.1,6.6,0.681,2.46,20.3,0.426,0.621,0.527,0.126,0.561,0.589,104.1,102.5,85.42,103,0.532
0022500396,2025-12-21,1610612737,Atlanta Hawks,1,0,1,0.0,48.0,129.2,138.9,138.0,140.7,-8.8,-1.9,0.765,3.9,24.1,0.306,0.66,0.479,0.093,0.638,0.669,113.1,108.0,90.0,108,0.48
0022500397,2025-12-21,1610612751,Brooklyn Nets,1,1,0,1.0,48.0,97.9,99.0,84.8,82.7,13.1,16.3,0.829,1.32,21.3,0.233,0.8,0.551,0.227,0.56,0.585,96.8,97.5,81.25,97,0.623
0022500396,2025-12-21,1610612741,Chicago Bulls,1,1,0,1.0,48.0,138.0,140.7,129.2,138.9,8.8,1.9,0.774,3.42,24.8,0.34,0.694,0.521,0.111,0.685,0.696,113.1,108.0,90.0,108,0.52
0022500401,2025-12-21,1610612745,Houston Rockets,1,0,1,0.0,53.0,116.4,119.2,120.4,119.0,-4.0,0.2,0.689,2.07,20.5,0.315,0.6,0.465,0.144,0.564,0.593,95.3,94.64,78.87,104,0.501
0022500398,2025-12-21,1610612748,Miami Heat,1,0,1,0.0,48.0,123.3,122.5,127.9,130.7,-4.6,-8.1,0.634,2.36,17.9,0.333,0.85,0.56,0.108,0.569,0.61,102.3,101.5,84.58,102,0.483
0022500400,2025-12-21,1610612749,Milwaukee Bucks,1,0,1,0.0,48.0,97.3,101.0,106.1,104.0,-8.8,-3.0,0.771,1.5,18.8,0.333,0.782,0.56,0.182,0.477,0.522,100.0,99.0,82.5,99,0.487
0022500400,2025-12-21,1610612750,Minnesota Timberwolves,1,1,0,1.0,48.0,106.1,104.0,97.3,101.0,8.8,3.0,0.757,2.8,20.1,0.218,0.667,0.44,0.101,0.5,0.525,100.0,99.0,82.5,99,0.513
0022500398,2025-12-21,1610612752,New York Knicks,1,1,0,1.0,48.0,127.9,130.7,123.3,122.5,4.6,8.1,0.596,2.15,20.7,0.15,0.667,0.44,0.129,0.671,0.7,102.3,101.5,84.58,101,0.517
0022500401,2025-12-21,1610612758,Sacramento Kings,1,1,0,1.0,53.0,120.4,119.0,116.4,119.2,4.0,-0.2,0.659,2.42,18.5,0.4,0.685,0.535,0.114,0.526,0.564,95.3,94.64,78.87,105,0.499
0022500399,2025-12-21,1610612759,San Antonio Spurs,1,1,0,1.0,48.0,114.7,121.6,110.2,108.7,4.6,12.9,0.605,2.6,16.7,0.438,0.804,0.608,0.098,0.476,0.525,105.3,103.0,85.83,102,0.545
0022500397,2025-12-21,1610612761,Toronto Raptors,1,0,1,0.0,48.0,84.8,82.7,97.9,99.0,-13.1,-16.3,0.719,1.53,17.4,0.2,0.767,0.449,0.153,0.43,0.452,96.8,97.5,81.25,98,0.377
0022500399,2025-12-21,1610612764,Washington Wizards,1,0,1,0.0,48.0,110.2,108.7,114.7,121.6,-4.6,-12.9,0.476,4.0,14.9,0.196,0.563,0.392,0.048,0.5,0.535,105.3,103.0,85.83,104,0.455
0022500403,2025-12-22,1610612738,Boston Celtics,1,1,0,1.0,48.0,103.7,106.2,98.0,100.0,5.6,6.2,0.5,1.46,14.1,0.358,0.792,0.575,0.134,0.489,0.529,98.1,96.0,80.0,97,0.592
0022500402,2025-12-22,1610612766,Charlotte Hornets,1,0,1,0.0,48.0,122.2,132.0,134.5,136.3,-12.3,-4.3,0.63,1.45,19.1,0.46,0.795,0.607,0.2,0.601,0.629,105.7,101.0,84.17,100,0.452
0022500402,2025-12-22,1610612739,Cleveland Cavaliers,1,1,0,1.0,48.0,134.5,136.3,122.2,132.0,12.3,4.3,0.75,2.77,25.0,0.205,0.54,0.393,0.127,0.69,0.729,105.7,101.0,84.17,102,0.548
0022500404,2025-12-22,1610612742,Dallas Mavericks,1,0,1,0.0,48.0,100.7,104.6,110.3,110.2,-9.6,-5.6,0.63,1.71,18.1,0.393,0.702,0.542,0.157,0.49,0.499,110.1,108.0,90.0,108,0.459
0022500405,2025-12-22,1610612743,Denver Nuggets,1,1,0,1.0,48.0,128.6,127.4,104.3,104.7,24.2,22.7,0.804,3.36,24.0,0.22,0.737,0.495,0.104,0.63,0.655,106.2,106.5,88.75,106,0.6
0022500408,2025-12-22,1610612765,Detroit Pistons,1,1,0,1.0,48.0,110.5,113.4,99.1,106.3,11.4,7.2,0.636,2.8,18.7,0.443,0.638,0.528,0.103,0.47,0.493,101.2,96.5,80.42,97,0.552
0022500407,2025-12-22,1610612744,Golden State Warriors,1,1,0,1.0,48.0,121.8,121.2,96.6,98.0,25.2,23.2,0.717,2.54,22.4,0.319,0.625,0.485,0.131,0.579,0.603,99.5,99.0,82.5,99,0.632
0022500403,2025-12-22,1610612754,Indiana Pacers,1,0,1,0.0,48.0,98.0,100.0,103.7,106.2,-5.6,-6.2,0.576,1.46,15.2,0.208,0.642,0.425,0.137,0.465,0.511,98.1,96.0,80.0,95,0.408
0022500406,2025-12-22,1610612763,Memphis Grizzlies,1,0,1,0.0,48.0,97.1,98.1,114.2,113.3,-17.2,-15.2,0.765,1.13,17.9,0.264,0.776,0.51,0.219,0.518,0.553,105.1,105.0,87.5,105,0.434
0022500404,2025-12-22,1610612740,New Orleans Pelicans,1,1,0,1.0,48.0,110.3,110.2,100.7,104.6,9.6,5.6,0.636,2.15,18.4,0.298,0.607,0.458,0.12,0.495,0.546,110.1,108.0,90.0,108,0.541
0022500406,2025-12-22,1610612760,Oklahoma City Thunder,1,1,0,1.0,48.0,114.2,113.3,97.1,98.1,17.2,15.2,0.435,1.54,14.7,0.224,0.736,0.49,0.124,0.569,0.594,105.1,105.0,87.5,105,0.566
0022500407,2025-12-22,1610612753,Orlando Magic,1,0,1,0.0,48.0,96.6,98.0,121.8,121.2,-25.2,-23.2,0.583,1.17,14.9,0.375,0.681,0.515,0.182,0.454,0.493,99.5,99.0,82.5,99,0.368
0022500408,2025-12-22,1610612757,Portland Trail Blazers,1,0,1,0.0,48.0,99.1,106.3,110.5,113.4,-11.4,-7.2,0.636,1.11,15.8,0.362,0.557,0.472,0.198,0.493,0.549,101.2,96.5,80.42,96,0.448
0022500405,2025-12-22,1610612762,Utah Jazz,1,0,1,0.0,48.0,104.3,104.7,128.6,127.4,-24.2,-22.7,0.732,2.14,19.7,0.263,0.78,0.505,0.131,0.5,0.537,106.2,106.5,88.75,107,0.4
0022500411,2025-12-23,1610612737,Atlanta Hawks,1,0,1,0.0,48.0,112.0,115.0,114.2,116.7,-2.2,-1.7,0.792,3.17,24.4,0.212,0.68,0.441,0.112,0.579,0.592,110.1,107.5,89.58,107,0.483
0022500410,2025-12-23,1610612751,Brooklyn Nets,1,1,0,1.0,48.0,110.1,115.2,104.2,107.1,5.9,8.1,0.686,1.26,17.0,0.367,0.615,0.495,0.192,0.53,0.591,102.6,99.0,82.5,99,0.522
0022500409,2025-12-23,1610612766,Charlotte Hornets,1,1,0,1.0,48.0,131.4,134.0,114.6,114.7,16.8,19.3,0.833,7.0,24.1,0.327,0.661,0.505,0.053,0.559,0.601,95.5,94.5,78.75,94,0.597
0022500411,2025-12-23,1610612741,Chicago Bulls,1,1,0,1.0,48.0,114.2,116.7,112.0,115.0,2.2,1.7,0.761,2.19,22.0,0.32,0.788,0.559,0.148,0.577,0.61,110.1,107.5,89.58,108,0.517
0022500412,2025-12-23,1610612739,Cleveland Cavaliers,1,1,0,1.0,48.0,129.5,131.8,109.3,111.3,20.3,20.5,0.714,3.08,24.2,0.373,0.712,0.544,0.121,0.629,0.642,108.4,106.5,88.75,107,0.588
0022500415,2025-12-23,1610612742,Dallas Mavericks,1,1,0,1.0,48.0,131.5,133.7,130.8,131.3,0.7,2.4,0.642,3.09,23.3,0.333,0.73,0.519,0.112,0.629,0.658,99.5,98.5,82.08,98,0.503
0022500415,2025-12-23,1610612743,Denver Nuggets,1,0,1,0.0,48.0,130.8,131.3,131.5,133.7,-0.7,-2.4,0.78,2.6,26.5,0.27,0.667,0.481,0.152,0.69,0.711,99.5,98.5,82.08,99,0.497
0022500421,2025-12-23,1610612765,Detroit Pistons,1,1,0,1.0,48.0,127.9,136.0,124.2,127.0,3.7,9.0,0.745,2.53,23.5,0.5,0.549,0.525,0.15,0.611,0.634,104.3,100.0,83.33,100,0.55
0022500422,2025-12-23,1610612745,Houston Rockets,1,0,1,0.0,48.0,117.5,120.0,137.8,142.2,-20.3,-22.2,0.581,1.92,19.1,0.348,0.75,0.524,0.144,0.552,0.575,92.4,90.0,75.0,90,0.429
0022500413,2025-12-23,1610612754,Indiana Pacers,1,0,1,0.0,48.0,93.5,94.9,110.4,112.1,-16.9,-17.2,0.606,1.67,15.3,0.218,0.778,0.47,0.121,0.457,0.492,100.5,99.0,82.5,99,0.401
0022500422,2025-12-23,1610612746,LA Clippers,1,1,0,1.0,48.0,137.8,142.2,117.5,120.0,20.3,22.2,0.595,2.5,20.2,0.25,0.652,0.476,0.111,0.675,0.72,92.4,90.0,75.0,90,0.571
0022500418,2025-12-23,1610612747,Los Angeles Lakers,1,0,1,0.0,48.0,111.6,112.5,137.8,138.9,-26.2,-26.4,0.564,1.29,16.4,0.362,0.658,0.494,0.177,0.556,0.576,96.3,95.5,79.58,96,0.363
0022500419,2025-12-23,1610612763,Memphis Grizzlies,1,1,0,1.0,48.0,127.1,129.2,119.8,120.8,7.3,8.5,0.837,2.73,25.9,0.262,0.692,0.5,0.142,0.665,0.68,107.3,106.0,88.33,106,0.559
0022500414,2025-12-23,1610612748,Miami Heat,1,0,1,0.0,48.0,92.1,95.8,116.8,119.1,-24.7,-23.4,0.545,1.0,14.1,0.294,0.638,0.459,0.189,0.451,0.501,97.4,94.5,78.75,95,0.373
0022500413,2025-12-23,1610612749,Milwaukee Bucks,1,1,0,1.0,48.0,110.4,112.1,93.5,94.9,16.9,17.2,0.476,1.33,15.5,0.222,0.782,0.53,0.152,0.573,0.6,100.5,99.0,82.5,99,0.599
0022500416,2025-12-23,1610612750,Minnesota Timberwolves,1,1,0,1.0,48.0,110.4,111.7,97.6,102.0,12.9,9.7,0.595,2.27,17.6,0.264,0.617,0.451,0.107,0.532,0.558,105.4,102.5,85.42,103,0.587
0022500412,2025-12-23,1610612740,New Orleans Pelicans,1,0,1,0.0,48.0,109.3,111.3,129.5,131.8,-20.3,-20.5,0.605,1.63,17.7,0.288,0.627,0.456,0.151,0.516,0.562,108.4,106.5,88.75,106,0.412
0022500416,2025-12-23,1610612752,New York Knicks,1,0,1,0.0,48.0,97.6,102.0,110.4,111.7,-12.9,-9.7,0.488,1.05,13.8,0.383,0.736,0.549,0.186,0.47,0.492,105.4,102.5,85.42,102,0.413
0022500417,2025-12-23,1610612760,Oklahoma City Thunder,1,0,1,0.0,48.0,116.9,115.8,138.9,136.8,-22.0,-21.1,0.5,1.53,18.0,0.282,0.7,0.494,0.158,0.612,0.624,93.8,95.0,79.17,95,0.411
0022500420,2025-12-23,1610612753,Orlando Magic,1,1,0,1.0,48.0,109.9,111.1,104.6,108.2,5.3,2.9,0.703,1.73,18.7,0.286,0.667,0.474,0.152,0.524,0.578,100.7,98.5,82.08,99,0.509
0022500410,2025-12-23,1610612755,Philadelphia 76ers,1,0,1,0.0,48.0,104.2,107.1,110.1,115.2,-5.9,-8.1,0.455,0.88,11.2,0.385,0.633,0.505,0.172,0.451,0.542,102.6,99.0,82.5,99,0.478
0022500418,2025-12-23,1610612756,Phoenix Suns,1,1,0,1.0,48.0,137.8,138.9,111.6,112.5,26.2,26.4,0.7,2.5,24.6,0.342,0.638,0.506,0.147,0.671,0.704,96.3,95.5,79.58,95,0.637
0022500420,2025-12-23,1610612757,Portland Trail Blazers,1,0,1,0.0,48.0,104.6,108.2,109.9,111.1,-5.3,-2.9,0.561,1.35,16.9,0.333,0.714,0.526,0.173,0.523,0.556,100.7,98.5,82.08,98,0.491
0022500421,2025-12-23,1610612758,Sacramento Kings,1,0,1,0.0,48.0,124.2,127.0,127.9,136.0,-3.7,-9.0,0.619,2.0,17.4,0.451,0.5,0.475,0.13,0.516,0.586,104.3,100.0,83.33,100,0.45
0022500417,2025-12-23,1610612759,San Antonio Spurs,1,1,0,1.0,48.0,138.9,136.8,116.9,115.8,22.0,21.1,0.708,3.78,24.1,0.3,0.718,0.506,0.095,0.667,0.687,93.8,95.0,79.17,95,0.589
0022500414,2025-12-23,1610612761,Toronto Raptors,1,1,0,1.0,48.0,116.8,119.1,92.1,95.8,24.7,23.4,0.707,1.71,20.7,0.362,0.706,0.541,0.181,0.558,0.596,97.4,94.5,78.75,94,0.627
0022500419,2025-12-23,1610612762,Utah Jazz,1,0,1,0.0,48.0,119.8,120.8,127.1,129.2,-7.3,-8.5,0.725,2.23,19.2,0.308,0.738,0.5,0.123,0.533,0.605,107.3,106.0,88.33,106,0.441
0022500409,2025-12-23,1610612764,Washington Wizards,1,0,1,0.0,48.0,114.6,114.7,131.4,134.0,-16.8,-19.3,0.55,3.67,16.2,0.339,0.673,0.495,0.063,0.464,0.509,95.5,94.5,78.75,95,0.403
0022500009,2025-12-25,1610612739,Cleveland Cavaliers,1,0,1,0.0,48.0,122.6,120.4,120.4,122.3,2.3,-1.9,0.667,2.14,20.7,0.261,0.717,0.505,0.136,0.61,0.645,102.9,103.0,85.83,103,0.507
0022500011,2025-12-25,1610612742,Dallas Mavericks,1,0,1,0.0,48.0,109.2,108.4,116.2,118.9,-7.0,-10.5,0.367,1.64,13.6,0.156,0.702,0.461,0.103,0.573,0.59,107.3,106.5,88.75,107,0.466
0022500013,2025-12-25,1610612743,Denver Nuggets,1,1,0,1.0,53.0,117.3,119.3,113.9,117.9,3.4,1.4,0.66,1.82,18.5,0.327,0.745,0.536,0.143,0.559,0.617,109.7,106.87,89.06,119,0.507
0022500011,2025-12-25,1610612744,Golden State Warriors,1,1,0,1.0,48.0,116.2,118.9,109.2,108.4,7.0,10.5,0.75,3.0,21.2,0.298,0.844,0.539,0.104,0.515,0.57,107.3,106.5,88.75,106,0.534
0022500012,2025-12-25,1610612745,Houston Rockets,1,1,0,1.0,48.0,122.2,130.8,105.7,105.5,16.5,25.3,0.5,1.5,17.0,0.565,0.775,0.663,0.176,0.578,0.605,94.1,91.0,75.83,91,0.629
0022500012,2025-12-25,1610612747,Los Angeles Lakers,1,0,1,0.0,48.0,105.7,105.5,122.2,130.8,-16.5,-25.3,0.487,1.19,16.0,0.225,0.435,0.337,0.176,0.578,0.587,94.1,91.0,75.83,91,0.371
0022500013,2025-12-25,1610612750,Minnesota Timberwolves,1,0,1,0.0,53.0,113.9,117.9,117.3,119.3,-3.4,-1.4,0.608,2.07,19.1,0.255,0.673,0.464,0.128,0.548,0.589,109.7,106.87,89.06,117,0.493
0022500009,2025-12-25,1610612752,New York Knicks,1,1,0,1.0,48.0,120.4,122.3,122.6,120.4,-2.3,1.9,0.636,2.15,19.2,0.283,0.739,0.495,0.126,0.58,0.608,102.9,103.0,85.83,103,0.493
0022500010,2025-12-25,1610612760,Oklahoma City Thunder,1,0,1,0.0,48.0,105.2,104.1,121.6,121.9,-16.4,-17.8,0.622,3.29,16.3,0.317,0.767,0.5,0.071,0.447,0.481,96.6,97.0,80.83,98,0.426
0022500010,2025-12-25,1610612759,San Antonio Spurs,1,1,0,1.0,48.0,121.6,121.9,105.2,104.1,16.4,17.8,0.444,1.54,15.9,0.233,0.683,0.5,0.135,0.601,0.627,96.6,97.0,80.83,96,0.574
0022500423,2025-12-26,1610612737,Atlanta Hawks,1,0,1,0.0,48.0,100.7,100.9,113.6,113.5,-12.9,-12.6,0.65,1.24,18.3,0.13,0.714,0.451,0.191,0.541,0.589,110.6,110.5,92.08,110,0.434
0022500426,2025-12-26,1610612738,Boston Celtics,1,1,0,1.0,48.0,140.1,137.3,121.0,118.4,19.0,18.8,0.553,1.86,18.6,0.325,0.702,0.529,0.137,0.687,0.715,100.4,102.5,85.42,102,0.577
0022500424,2025-12-26,1610612766,Charlotte Hornets,1,1,0,1.0,48.0,122.1,123.7,109.2,107.1,12.8,16.6,0.561,1.53,16.3,0.42,0.683,0.564,0.155,0.58,0.604,97.2,97.5,81.25,97,0.572
0022500427,2025-12-26,1610612741,Chicago Bulls,1,1,0,1.0,48.0,112.4,110.1,102.5,105.2,9.9,4.9,0.816,2.58,21.5,0.288,0.724,0.518,0.121,0.523,0.562,98.3,98.0,81.67,99,0.567
0022500430,2025-12-26,1610612765,Detroit Pistons,1,0,1,0.0,48.0,118.2,121.7,123.1,124.8,-4.9,-3.1,0.792,2.24,23.9,0.354,0.674,0.511,0.16,0.62,0.632,107.8,105.5,87.92,106,0.489
0022500426,2025-12-26,1610612754,Indiana Pacers,1,0,1,0.0,48.0,121.0,118.4,140.1,137.3,-19.0,-18.8,0.659,2.07,19.9,0.298,0.675,0.471,0.136,0.596,0.624,100.4,102.5,85.42,103,0.423
0022500431,2025-12-26,1610612746,LA Clippers,1,1,0,1.0,48.0,129.9,132.2,112.3,112.0,17.5,20.3,0.6,1.62,18.1,0.143,0.638,0.427,0.144,0.652,0.72,91.7,91.0,75.83,90,0.572
0022500428,2025-12-26,1610612763,Memphis Grizzlies,1,1,0,1.0,48.0,117.8,125.0,102.4,103.0,15.4,22.0,0.651,2.0,20.0,0.283,0.648,0.48,0.14,0.582,0.631,103.8,100.5,83.75,100,0.633
0022500423,2025-12-26,1610612748,Miami Heat,1,1,0,1.0,48.0,113.6,113.5,100.7,100.9,12.9,12.6,0.592,2.42,18.6,0.286,0.87,0.549,0.108,0.524,0.563,110.6,110.5,92.08,111,0.566
0022500428,2025-12-26,1610612749,Milwaukee Bucks,1,0,1,0.0,48.0,102.4,103.0,117.8,125.0,-15.4,-22.0,0.5,0.82,13.1,0.352,0.717,0.52,0.218,0.512,0.55,103.8,100.5,83.75,101,0.367
0022500429,2025-12-26,1610612740,New Orleans Pelicans,1,0,1,0.0,48.0,101.4,104.9,110.6,111.7,-9.1,-6.8,0.564,1.83,15.3,0.333,0.592,0.453,0.117,0.472,0.507,105.2,103.0,85.83,103,0.427
0022500424,2025-12-26,1610612753,Orlando Magic,1,0,1,0.0,48.0,109.2,107.1,122.1,123.7,-12.8,-16.6,0.595,2.44,16.1,0.317,0.58,0.436,0.092,0.457,0.509,97.2,97.5,81.25,98,0.428
0022500427,2025-12-26,1610612755,Philadelphia 76ers,1,0,1,0.0,48.0,102.5,105.2,112.4,110.1,-9.9,-4.9,0.629,2.44,16.3,0.276,0.712,0.482,0.093,0.435,0.492,98.3,98.0,81.67,97,0.433
0022500429,2025-12-26,1610612756,Phoenix Suns,1,1,0,1.0,48.0,110.6,111.7,101.4,104.9,9.1,6.8,0.591,1.44,17.4,0.408,0.667,0.547,0.175,0.527,0.564,105.2,103.0,85.83,103,0.573
0022500431,2025-12-26,1610612757,Portland Trail Blazers,1,0,1,0.0,48.0,112.3,112.0,129.9,132.2,-17.5,-20.3,0.639,1.53,17.7,0.362,0.857,0.573,0.163,0.55,0.574,91.7,91.0,75.83,92,0.428
0022500425,2025-12-26,1610612761,Toronto Raptors,1,0,1,0.0,48.0,110.5,112.5,129.1,134.0,-18.6,-21.5,0.65,2.36,18.4,0.231,0.684,0.422,0.106,0.505,0.569,106.4,103.5,86.25,104,0.425
0022500430,2025-12-26,1610612762,Utah Jazz,1,1,0,1.0,48.0,123.1,124.8,118.2,121.7,4.9,3.1,0.795,1.94,22.6,0.326,0.646,0.489,0.171,0.589,0.646,107.8,105.5,87.92,105,0.511
0022500425,2025-12-26,1610612764,Washington Wizards,1,1,0,1.0,48.0,129.1,134.0,110.5,112.5,18.6,21.5,0.481,1.86,18.4,0.316,0.769,0.578,0.136,0.676,0.698,106.4,103.5,86.25,103,0.575
0022500435,2025-12-27,1610612737,Atlanta Hawks,1,0,1,0.0,48.0,120.3,121.4,123.0,124.3,-2.7,-2.9,0.767,2.75,22.1,0.255,0.589,0.43,0.117,0.579,0.62,104.0,103.0,85.83,103,0.499
0022500439,2025-12-27,1610612751,Brooklyn Nets,1,1,0,1.0,48.0,122.7,129.5,111.1,110.3,11.6,19.2,0.696,2.0,23.0,0.316,0.714,0.54,0.168,0.613,0.66,98.3,96.0,80.0,95,0.584
0022500437,2025-12-27,1610612741,Chicago Bulls,1,0,1,0.0,48.0,104.0,105.1,114.8,116.7,-10.8,-11.6,0.718,1.87,19.2,0.373,0.725,0.536,0.153,0.489,0.515,98.3,97.0,80.83,98,0.45
0022500438,2025-12-27,1610612739,Cleveland Cavaliers,1,0,1,0.0,48.0,99.2,104.2,121.6,119.4,-22.4,-15.2,0.561,1.53,16.8,0.31,0.54,0.417,0.156,0.484,0.496,98.5,97.0,80.83,96,0.403
0022500432,2025-12-27,1610612742,Dallas Mavericks,1,0,1,0.0,48.0,101.1,103.9,108.1,108.7,-7.0,-4.8,0.575,1.1,16.3,0.294,0.71,0.522,0.204,0.534,0.558,105.2,103.5,86.25,103,0.455
0022500433,2025-12-27,1610612743,Denver Nuggets,1,0,1,0.0,48.0,125.7,126.0,124.2,127.0,1.6,-1.0,0.614,1.69,19.0,0.395,0.755,0.587,0.16,0.576,0.635,101.2,100.0,83.33,100,0.512
0022500438,2025-12-27,1610612745,Houston Rockets,1,1,0,1.0,48.0,121.6,119.4,99.2,104.2,22.4,15.2,0.628,1.59,18.2,0.46,0.69,0.583,0.173,0.58,0.602,98.5,97.0,80.83,98,0.597
0022500436,2025-12-27,1610612754,Indiana Pacers,1,0,1,0.0,48.0,104.5,106.4,128.8,130.3,-24.3,-23.9,0.652,1.15,19.2,0.347,0.623,0.49,0.239,0.559,0.58,110.6,109.0,90.83,109,0.373
0022500436,2025-12-27,1610612748,Miami Heat,1,1,0,1.0,48.0,128.8,130.3,104.5,106.4,24.3,23.9,0.6,3.0,20.4,0.377,0.653,0.51,0.101,0.57,0.611,110.6,109.0,90.83,109,0.627
0022500437,2025-12-27,1610612749,Milwaukee Bucks,1,1,0,1.0,48.0,114.8,116.7,104.0,105.1,10.8,11.6,0.55,1.83,16.7,0.275,0.627,0.464,0.125,0.541,0.58,98.3,97.0,80.83,96,0.55
0022500439,2025-12-27,1610612750,Minnesota Timberwolves,1,0,1,0.0,48.0,111.1,110.3,122.7,129.5,-11.6,-19.2,0.73,2.45,19.6,0.286,0.684,0.46,0.113,0.524,0.561,98.3,96.0,80.0,97,0.416
0022500434,2025-12-27,1610612740,New Orleans Pelicans,1,0,1,0.0,48.0,113.4,115.2,121.3,124.2,-7.9,-9.1,0.421,1.23,12.2,0.308,0.527,0.421,0.131,0.489,0.561,100.9,99.0,82.5,99,0.474
0022500435,2025-12-27,1610612752,New York Knicks,1,1,0,1.0,48.0,123.0,124.3,120.3,121.4,2.7,2.9,0.628,1.93,17.6,0.411,0.745,0.57,0.136,0.532,0.587,104.0,103.0,85.83,103,0.501
0022500433,2025-12-27,1610612753,Orlando Magic,1,1,0,1.0,48.0,124.2,127.0,125.7,126.0,-1.6,1.0,0.696,5.33,22.2,0.245,0.605,0.413,0.06,0.573,0.603,101.2,100.0,83.33,100,0.488
0022500434,2025-12-27,1610612756,Phoenix Suns,1,1,0,1.0,48.0,121.3,124.2,113.4,115.2,7.9,9.1,0.578,1.53,17.2,0.473,0.692,0.579,0.172,0.561,0.578,100.9,99.0,82.5,99,0.526
0022500432,2025-12-27,1610612758,Sacramento Kings,1,1,0,1.0,48.0,108.1,108.7,101.1,103.9,7.0,4.8,0.711,2.91,20.8,0.29,0.706,0.478,0.106,0.514,0.525,105.2,103.5,86.25,104,0.545
0022500440,2025-12-27,1610612759,San Antonio Spurs,1,0,1,0.0,48.0,108.3,115.2,122.8,127.0,-14.5,-11.8,0.698,2.5,20.0,0.362,0.721,0.515,0.121,0.485,0.527,104.3,99.5,82.92,99,0.439
0022500440,2025-12-27,1610612762,Utah Jazz,1,1,0,1.0,48.0,122.8,127.0,108.3,115.2,14.5,11.8,0.756,2.13,23.3,0.279,0.638,0.485,0.16,0.645,0.672,104.3,99.5,82.92,100,0.561
0022500444,2025-12-28,1610612738,Boston Celtics,1,0,1,0.0,48.0,101.5,105.9,111.5,110.7,-10.0,-4.8,0.475,1.0,13.9,0.302,0.647,0.471,0.186,0.511,0.543,104.3,102.5,85.42,102,0.458
0022500445,2025-12-28,1610612765,Detroit Pistons,1,0,1,0.0,48.0,107.2,107.6,122.1,120.4,-14.8,-12.8,0.529,1.38,14.2,0.347,0.75,0.538,0.141,0.457,0.525,92.0,92.5,77.08,92,0.457
0022500441,2025-12-28,1610612744,Golden State Warriors,1,0,1,0.0,53.0,110.1,113.4,122.7,125.9,-12.6,-12.5,0.581,1.19,16.1,0.321,0.6,0.459,0.188,0.531,0.586,104.3,101.43,84.53,112,0.423
0022500445,2025-12-28,1610612746,LA Clippers,1,1,0,1.0,48.0,122.1,120.4,107.2,107.6,14.8,12.8,0.514,1.5,14.8,0.25,0.653,0.462,0.129,0.56,0.638,92.0,92.5,77.08,93,0.543
0022500446,2025-12-28,1610612747,Los Angeles Lakers,1,1,0,1.0,48.0,119.1,122.5,100.6,100.0,18.5,22.5,0.532,1.56,17.9,0.295,0.783,0.544,0.157,0.612,0.645,102.6,101.5,84.58,102,0.598
0022500443,2025-12-28,1610612763,Memphis Grizzlies,1,0,1,0.0,48.0,94.7,102.8,101.8,107.4,-7.0,-4.7,0.628,1.69,17.3,0.349,0.638,0.488,0.147,0.461,0.499,116.1,108.5,90.42,109,0.482
0022500442,2025-12-28,1610612760,Oklahoma City Thunder,1,1,0,1.0,48.0,125.2,127.7,101.7,104.0,23.5,23.7,0.54,1.93,18.9,0.357,0.667,0.527,0.139,0.632,0.658,102.6,100.5,83.75,101,0.654
0022500442,2025-12-28,1610612755,Philadelphia 76ers,1,0,1,0.0,48.0,101.7,104.0,125.2,127.7,-23.5,-23.7,0.6,0.91,15.2,0.333,0.643,0.473,0.23,0.524,0.564,102.6,100.5,83.75,100,0.346
0022500444,2025-12-28,1610612757,Portland Trail Blazers,1,1,0,1.0,48.0,111.5,110.7,101.5,105.9,10.0,4.8,0.619,1.3,17.9,0.353,0.698,0.529,0.194,0.573,0.58,104.3,102.5,85.42,103,0.542
0022500446,2025-12-28,1610612758,Sacramento Kings,1,0,1,0.0,48.0,100.6,100.0,119.1,122.5,-18.5,-22.5,0.6,1.26,17.8,0.217,0.705,0.456,0.188,0.53,0.553,102.6,101.5,84.58,101,0.402
0022500441,2025-12-28,1610612761,Toronto Raptors,1,1,0,1.0,53.0,122.7,125.9,110.1,113.4,12.6,12.5,0.714,2.67,23.0,0.4,0.679,0.541,0.134,0.568,0.598,104.3,101.43,84.53,112,0.577
0022500443,2025-12-28,1610612764,Washington Wizards,1,1,0,1.0,48.0,101.8,107.4,94.7,102.8,7.0,4.7,0.619,1.37,16.9,0.362,0.651,0.512,0.176,0.465,0.527,116.1,108.5,90.42,108,0.518
0022500455,2025-12-29,1610612737,Atlanta Hawks,1,0,1,0.0,48.0,116.8,118.3,124.9,128.4,-8.1,-10.1,0.696,2.0,20.9,0.222,0.667,0.424,0.147,0.603,0.617,111.3,109.0,90.83,109,0.441
0022500449,2025-12-29,1610612751,Brooklyn Nets,1,0,1,0.0,48.0,111.3,110.3,120.0,125.0,-8.7,-14.7,0.611,1.47,17.1,0.261,0.684,0.452,0.155,0.563,0.594,98.0,96.5,80.42,97,0.398
0022500447,2025-12-29,1610612766,Charlotte Hornets,1,0,1,0.0,48.0,115.5,121.5,125.9,129.5,-10.4,-8.0,0.7,2.15,19.7,0.389,0.714,0.531,0.14,0.522,0.555,97.7,94.0,78.33,93,0.436
0022500452,2025-12-29,1610612741,Chicago Bulls,1,0,1,0.0,48.0,95.1,98.1,130.8,130.8,-35.6,-32.7,0.658,1.47,17.6,0.273,0.787,0.51,0.165,0.478,0.509,105.1,103.5,86.25,103,0.333
0022500456,2025-12-29,1610612739,Cleveland Cavaliers,1,1,0,1.0,48.0,103.9,105.6,94.5,93.5,9.3,12.1,0.707,2.07,19.6,0.214,0.704,0.455,0.131,0.495,0.539,107.8,107.5,89.58,107,0.548
0022500457,2025-12-29,1610612742,Dallas Mavericks,1,0,1,0.0,48.0,115.6,117.3,118.3,121.4,-2.7,-4.1,0.717,2.75,22.1,0.261,0.607,0.451,0.115,0.566,0.601,105.6,103.5,86.25,104,0.546
0022500450,2025-12-29,1610612743,Denver Nuggets,1,0,1,0.0,48.0,119.8,120.6,141.2,144.1,-21.4,-23.5,0.617,2.9,20.6,0.227,0.625,0.435,0.098,0.59,0.623,103.4,102.0,85.0,102,0.428
0022500449,2025-12-29,1610612744,Golden State Warriors,1,1,0,1.0,48.0,120.0,125.0,111.3,110.3,8.7,14.7,0.634,1.86,19.5,0.316,0.739,0.548,0.146,0.597,0.652,98.0,96.5,80.42,96,0.602
0022500453,2025-12-29,1610612745,Houston Rockets,1,1,0,1.0,48.0,127.8,128.6,120.4,121.4,7.4,7.1,0.429,1.11,15.7,0.4,0.792,0.614,0.194,0.651,0.673,98.7,98.0,81.67,98,0.533
0022500453,2025-12-29,1610612754,Indiana Pacers,1,0,1,0.0,48.0,120.4,121.4,127.8,128.6,-7.4,-7.1,0.682,3.33,21.9,0.208,0.6,0.386,0.092,0.602,0.615,98.7,98.0,81.67,98,0.467
0022500450,2025-12-29,1610612748,Miami Heat,1,1,0,1.0,48.0,141.2,144.1,119.8,120.6,21.4,23.5,0.755,4.0,25.0,0.375,0.773,0.565,0.098,0.646,0.674,103.4,102.0,85.0,102,0.572
0022500447,2025-12-29,1610612749,Milwaukee Bucks,1,1,0,1.0,48.0,125.9,129.5,115.5,121.5,10.4,8.0,0.659,3.22,21.5,0.286,0.611,0.469,0.095,0.619,0.656,97.7,94.0,78.33,95,0.564
0022500452,2025-12-29,1610612750,Minnesota Timberwolves,1,1,0,1.0,48.0,130.8,130.8,95.1,98.1,35.6,32.7,0.627,6.4,22.1,0.213,0.727,0.49,0.048,0.616,0.642,105.1,103.5,86.25,104,0.667
0022500454,2025-12-29,1610612740,New Orleans Pelicans,1,0,1,0.0,48.0,120.3,123.8,127.0,128.7,-6.7,-5.0,0.614,2.25,18.1,0.389,0.714,0.544,0.119,0.531,0.579,103.1,101.0,84.17,101,0.475
0022500454,2025-12-29,1610612752,New York Knicks,1,1,0,1.0,48.0,127.0,128.7,120.3,123.8,6.7,5.0,0.761,3.89,23.3,0.286,0.611,0.456,0.089,0.589,0.629,103.1,101.0,84.17,101,0.525
0022500455,2025-12-29,1610612760,Oklahoma City Thunder,1,1,0,1.0,48.0,124.9,128.4,116.8,118.3,8.1,10.1,0.509,1.93,17.9,0.333,0.778,0.576,0.128,0.602,0.647,111.3,109.0,90.83,109,0.559
0022500451,2025-12-29,1610612753,Orlando Magic,1,0,1,0.0,48.0,110.6,111.6,110.6,112.6,0.0,-1.1,0.676,3.13,18.1,0.316,0.615,0.475,0.084,0.456,0.515,96.3,95.0,79.17,95,0.505
0022500448,2025-12-29,1610612756,Phoenix Suns,1,1,0,1.0,48.0,116.3,119.8,107.2,105.2,9.1,14.6,0.61,2.5,17.1,0.417,0.791,0.573,0.104,0.49,0.528,96.6,96.0,80.0,96,0.544
0022500457,2025-12-29,1610612757,Portland Trail Blazers,1,1,0,1.0,48.0,118.3,121.4,115.6,117.3,2.7,4.1,0.587,1.69,17.8,0.393,0.739,0.549,0.155,0.557,0.586,105.6,103.5,86.25,103,0.454
0022500456,2025-12-29,1610612759,San Antonio Spurs,1,0,1,0.0,48.0,94.5,93.5,103.9,105.6,-9.3,-12.1,0.656,1.17,14.6,0.296,0.786,0.545,0.167,0.428,0.511,107.8,107.5,89.58,108,0.452
0022500451,2025-12-29,1610612761,Toronto Raptors,1,1,0,1.0,48.0,110.6,112.6,110.6,111.6,0.0,1.1,0.564,3.67,15.5,0.385,0.684,0.525,0.063,0.434,0.479,96.3,95.0,79.17,95,0.495
0022500448,2025-12-29,1610612764,Washington Wizards,1,0,1,0.0,48.0,107.2,105.2,116.3,119.8,-9.1,-14.6,0.583,1.31,16.7,0.209,0.583,0.427,0.167,0.545,0.579,96.6,96.0,80.0,96,0.456
0022500459,2025-12-30,1610612738,Boston Celtics,1,1,0,1.0,48.0,127.6,127.7,116.7,117.8,10.9,9.9,0.563,3.38,19.3,0.292,0.729,0.51,0.079,0.58,0.619,101.6,101.0,84.17,101,0.545
0022500460,2025-12-30,1610612765,Detroit Pistons,1,1,0,1.0,48.0,124.6,126.7,100.3,102.9,24.2,23.8,0.625,1.5,21.6,0.242,0.653,0.488,0.198,0.704,0.721,104.2,102.0,85.0,101,0.629
0022500461,2025-12-30,1610612746,LA Clippers,1,1,0,1.0,48.0,134.9,137.9,92.6,95.7,42.3,42.2,0.63,7.25,20.6,0.37,0.694,0.537,0.042,0.589,0.629,97.1,94.5,78.75,95,0.716
0022500460,2025-12-30,1610612747,Los Angeles Lakers,1,0,1,0.0,48.0,100.3,102.9,124.6,126.7,-24.2,-23.8,0.757,1.33,18.9,0.347,0.758,0.512,0.204,0.518,0.554,104.2,102.0,85.0,103,0.371
0022500458,2025-12-30,1610612763,Memphis Grizzlies,1,0,1,0.0,53.0,118.8,120.4,117.9,125.2,0.9,-4.9,0.549,1.4,17.8,0.364,0.683,0.551,0.177,0.614,0.657,105.2,101.43,84.53,113,0.519
0022500458,2025-12-30,1610612755,Philadelphia 76ers,1,1,0,1.0,53.0,117.9,125.2,118.8,120.4,-0.9,4.9,0.647,3.67,20.1,0.317,0.636,0.449,0.081,0.527,0.566,105.2,101.43,84.53,111,0.481
0022500461,2025-12-30,1610612758,Sacramento Kings,1,0,1,0.0,48.0,92.6,95.7,134.9,137.9,-42.3,-42.2,0.529,0.95,14.2,0.306,0.63,0.463,0.202,0.464,0.505,97.1,94.5,78.75,94,0.284
0022500459,2025-12-30,1610612762,Utah Jazz,1,0,1,0.0,48.0,116.7,117.8,127.6,127.7,-10.9,-9.9,0.756,2.38,21.4,0.271,0.708,0.49,0.129,0.563,0.607,101.6,101.0,84.17,101,0.455
0022500463,2025-12-31,1610612737,Atlanta Hawks,1,1,0,1.0,48.0,120.0,127.3,102.1,102.0,17.9,25.3,0.745,3.8,23.9,0.379,0.712,0.536,0.101,0.567,0.567,102.5,99.5,82.92,99,0.6
0022500462,2025-12-31,1610612766,Charlotte Hornets,1,0,1,0.0,48.0,119.6,123.8,132.7,130.7,-13.0,-6.9,0.729,2.33,23.0,0.348,0.711,0.512,0.149,0.602,0.622,102.0,101.0,84.17,101,0.471
0022500466,2025-12-31,1610612741,Chicago Bulls,1,1,0,1.0,48.0,124.1,127.6,109.4,111.3,14.7,16.3,0.702,3.67,22.0,0.25,0.733,0.519,0.086,0.592,0.626,107.9,105.5,87.92,105,0.591
0022500465,2025-12-31,1610612739,Cleveland Cavaliers,1,1,0,1.0,48.0,120.9,124.0,105.6,106.6,15.4,17.4,0.646,2.07,20.7,0.306,0.621,0.487,0.144,0.578,0.61,106.9,105.0,87.5,104,0.599
0022500468,2025-12-31,1610612743,Denver Nuggets,1,1,0,1.0,48.0,109.3,110.4,102.8,106.2,6.6,4.2,0.5,1.55,13.6,0.25,0.636,0.474,0.115,0.488,0.558,98.6,96.5,80.42,96,0.536
0022500462,2025-12-31,1610612744,Golden State Warriors,1,1,0,1.0,48.0,132.7,130.7,119.6,123.8,13.0,6.9,0.761,1.84,23.8,0.289,0.652,0.488,0.188,0.699,0.729,102.0,101.0,84.17,101,0.529
0022500464,2025-12-31,1610612754,Indiana Pacers,1,0,1,0.0,48.0,101.8,100.9,98.8,102.8,2.9,-1.8,0.611,1.38,15.9,0.14,0.72,0.43,0.147,0.506,0.567,110.7,109.0,90.83,109,0.46
0022500469,2025-12-31,1610612749,Milwaukee Bucks,1,0,1,0.0,48.0,110.1,114.1,114.2,116.3,-4.2,-2.2,0.585,1.6,17.0,0.346,0.714,0.537,0.152,0.551,0.573,101.2,98.5,82.08,99,0.486
0022500463,2025-12-31,1610612750,Minnesota Timberwolves,1,0,1,0.0,48.0,102.1,102.0,120.0,127.3,-17.9,-25.3,0.595,1.38,16.1,0.288,0.621,0.464,0.16,0.506,0.537,102.5,99.5,82.92,100,0.4
0022500466,2025-12-31,1610612740,New Orleans Pelicans,1,0,1,0.0,48.0,109.4,111.3,124.1,127.6,-14.7,-16.3,0.595,2.5,17.2,0.267,0.75,0.481,0.094,0.49,0.537,107.9,105.5,87.92,106,0.409
0022500467,2025-12-31,1610612752,New York Knicks,1,0,1,0.0,48.0,126.0,130.7,125.7,132.7,0.3,-2.0,0.696,3.2,22.2,0.22,0.66,0.44,0.099,0.594,0.63,105.7,101.0,84.17,101,0.471
0022500470,2025-12-31,1610612760,Oklahoma City Thunder,1,1,0,1.0,48.0,111.3,117.0,88.4,88.8,22.9,28.2,0.659,1.93,19.7,0.235,0.691,0.472,0.142,0.578,0.611,109.5,106.5,88.75,106,0.652
0022500464,2025-12-31,1610612753,Orlando Magic,1,1,0,1.0,48.0,98.8,102.8,101.8,100.9,-2.9,1.8,0.651,1.47,18.5,0.28,0.86,0.57,0.174,0.494,0.547,110.7,109.0,90.83,109,0.54
0022500465,2025-12-31,1610612756,Phoenix Suns,1,0,1,0.0,48.0,105.6,106.6,120.9,124.0,-15.4,-17.4,0.548,1.64,15.0,0.379,0.694,0.513,0.132,0.471,0.504,106.9,105.0,87.5,106,0.401
0022500470,2025-12-31,1610612757,Portland Trail Blazers,1,0,1,0.0,48.0,88.4,88.8,111.3,117.0,-22.9,-28.2,0.588,0.8,13.9,0.309,0.765,0.528,0.234,0.471,0.503,109.5,106.5,88.75,107,0.348
0022500467,2025-12-31,1610612759,San Antonio Spurs,1,1,0,1.0,48.0,125.7,132.7,126.0,130.7,-0.3,2.0,0.568,2.27,17.6,0.34,0.78,0.56,0.109,0.573,0.629,105.7,101.0,84.17,101,0.529
0022500468,2025-12-31,1610612761,Toronto Raptors,1,0,1,0.0,48.0,102.8,106.2,109.3,110.4,-6.6,-4.2,0.73,3.38,18.2,0.364,0.75,0.526,0.082,0.43,0.471,98.6,96.5,80.42,97,0.464
0022500469,2025-12-31,1610612764,Washington Wizards,1,1,0,1.0,48.0,114.2,116.3,110.1,114.1,4.2,2.2,0.756,3.1,21.4,0.286,0.654,0.463,0.102,0.537,0.554,101.2,98.5,82.08,98,0.514
0022500474,2026-01-01,1610612738,Boston Celtics,1,1,0,1.0,48.0,116.6,127.7,114.5,111.6,2.1,16.1,0.568,1.92,18.7,0.349,0.783,0.573,0.138,0.603,0.632,97.8,94.5,78.75,94,0.553
0022500471,2026-01-01,1610612751,Brooklyn Nets,1,0,1,0.0,48.0,104.1,107.9,132.0,131.9,-27.9,-24.0,0.529,1.38,15.1,0.255,0.583,0.398,0.146,0.513,0.538,91.6,90.0,75.0,89,0.346
0022500473,2026-01-01,1610612742,Dallas Mavericks,1,0,1,0.0,48.0,99.3,104.9,119.4,121.8,-20.1,-16.9,0.548,1.77,16.1,0.315,0.814,0.536,0.126,0.479,0.525,105.9,102.0,85.0,103,0.437
0022500472,2026-01-01,1610612765,Detroit Pistons,1,0,1,0.0,48.0,103.1,103.7,104.6,108.3,-1.5,-4.6,0.658,1.19,17.6,0.205,0.614,0.436,0.194,0.531,0.598,110.7,108.5,90.42,108,0.495
0022500471,2026-01-01,1610612745,Houston Rockets,1,1,0,1.0,48.0,132.0,131.9,104.1,107.9,27.9,24.0,0.596,2.0,21.2,0.417,0.745,0.602,0.154,0.646,0.667,91.6,90.0,75.0,91,0.654
0022500475,2026-01-01,1610612746,LA Clippers,1,1,0,1.0,48.0,121.1,120.4,98.8,103.1,22.3,17.3,0.5,1.54,14.6,0.373,0.739,0.546,0.133,0.539,0.587,99.8,98.0,81.67,98,0.576
0022500472,2026-01-01,1610612748,Miami Heat,1,1,0,1.0,48.0,104.6,108.3,103.1,103.7,1.5,4.6,0.581,1.25,16.0,0.386,0.795,0.564,0.183,0.505,0.547,110.7,108.5,90.42,109,0.505
0022500473,2026-01-01,1610612755,Philadelphia 76ers,1,1,0,1.0,48.0,119.4,121.8,99.3,104.9,20.1,16.9,0.458,1.83,16.8,0.186,0.685,0.464,0.119,0.606,0.634,105.9,102.0,85.0,101,0.563
0022500474,2026-01-01,1610612758,Sacramento Kings,1,0,1,0.0,48.0,114.5,111.6,116.6,127.7,-2.1,-16.1,0.725,3.22,21.6,0.217,0.651,0.427,0.095,0.541,0.579,97.8,94.5,78.75,95,0.447
0022500475,2026-01-01,1610612762,Utah Jazz,1,0,1,0.0,48.0,98.8,103.1,121.1,120.4,-22.3,-17.3,0.556,1.11,15.4,0.261,0.627,0.454,0.184,0.5,0.554,99.8,98.0,81.67,98,0.424
0022500479,2026-01-02,1610612737,Atlanta Hawks,1,1,0,1.0,48.0,107.8,106.7,92.3,95.2,15.5,11.5,0.738,2.38,21.4,0.196,0.683,0.465,0.125,0.545,0.561,105.1,104.0,86.67,104,0.56
0022500477,2026-01-02,1610612751,Brooklyn Nets,1,0,1,0.0,48.0,94.0,96.1,113.3,116.7,-19.3,-20.6,0.588,1.25,14.7,0.241,0.587,0.4,0.155,0.43,0.503,105.2,102.5,85.42,103,0.407
0022500481,2026-01-02,1610612766,Charlotte Hornets,1,0,1,0.0,48.0,120.6,124.7,124.6,125.8,-4.0,-1.0,0.675,1.93,19.7,0.289,0.744,0.511,0.144,0.598,0.641,99.1,97.0,80.83,97,0.488
0022500480,2026-01-02,1610612741,Chicago Bulls,1,1,0,1.0,48.0,118.2,122.2,112.6,114.0,5.6,8.2,0.689,2.38,21.8,0.289,0.813,0.559,0.131,0.578,0.615,101.8,99.5,82.92,99,0.552
0022500478,2026-01-02,1610612739,Cleveland Cavaliers,1,1,0,1.0,48.0,116.1,117.7,104.1,110.2,11.9,7.5,0.744,1.88,22.4,0.319,0.786,0.573,0.177,0.593,0.599,100.5,97.0,80.83,96,0.557
0022500478,2026-01-02,1610612743,Denver Nuggets,1,0,1,0.0,48.0,104.1,110.2,116.1,117.7,-11.9,-7.5,0.65,2.89,19.3,0.214,0.681,0.427,0.092,0.516,0.542,100.5,97.0,80.83,98,0.443
0022500484,2026-01-02,1610612744,Golden State Warriors,1,0,1,0.0,48.0,91.2,90.4,124.3,126.0,-33.2,-35.6,0.719,1.35,16.2,0.25,0.705,0.442,0.163,0.428,0.469,104.2,104.0,86.67,104,0.308
0022500476,2026-01-02,1610612754,Indiana Pacers,1,0,1,0.0,48.0,107.0,106.6,110.5,116.0,-3.5,-9.4,0.591,1.86,19.4,0.047,0.683,0.417,0.132,0.581,0.61,108.5,106.0,88.33,106,0.487
0022500485,2026-01-02,1610612747,Los Angeles Lakers,1,1,0,1.0,48.0,122.3,120.8,107.0,115.2,15.4,5.5,0.578,1.3,18.6,0.235,0.732,0.544,0.189,0.656,0.706,108.9,105.5,87.92,106,0.557
0022500485,2026-01-02,1610612763,Memphis Grizzlies,1,0,1,0.0,48.0,107.0,115.2,122.3,120.8,-15.4,-5.5,0.696,2.13,21.1,0.268,0.765,0.456,0.143,0.552,0.57,108.9,105.5,87.92,105,0.443
0022500481,2026-01-02,1610612749,Milwaukee Bucks,1,1,0,1.0,48.0,124.6,125.8,120.6,124.7,4.0,1.0,0.689,2.82,22.3,0.256,0.711,0.489,0.113,0.609,0.643,99.1,97.0,80.83,97,0.512
0022500482,2026-01-02,1610612740,New Orleans Pelicans,1,0,1,0.0,48.0,106.9,117.2,128.2,129.8,-21.2,-12.6,0.5,1.47,15.5,0.5,0.547,0.523,0.161,0.49,0.515,98.6,93.5,77.92,93,0.42
0022500479,2026-01-02,1610612752,New York Knicks,1,0,1,0.0,48.0,92.3,95.2,107.8,106.7,-15.5,-11.5,0.75,1.8,18.0,0.317,0.804,0.535,0.144,0.418,0.466,105.1,104.0,86.67,104,0.44
0022500484,2026-01-02,1610612760,Oklahoma City Thunder,1,1,0,1.0,48.0,124.3,126.0,91.2,90.4,33.2,35.6,0.708,2.43,22.5,0.295,0.75,0.558,0.135,0.609,0.653,104.2,104.0,86.67,104,0.692
0022500480,2026-01-02,1610612753,Orlando Magic,1,0,1,0.0,48.0,112.6,114.0,118.2,122.2,-5.6,-8.2,0.651,2.55,20.4,0.188,0.711,0.441,0.11,0.581,0.598,101.8,99.5,82.92,100,0.448
0022500483,2026-01-02,1610612756,Phoenix Suns,1,1,0,1.0,48.0,123.7,124.0,96.2,100.0,27.5,24.0,0.469,1.92,16.7,0.268,0.673,0.5,0.115,0.609,0.649,105.2,103.0,85.83,104,0.687
0022500482,2026-01-02,1610612757,Portland Trail Blazers,1,1,0,1.0,48.0,128.2,129.8,106.9,117.2,21.2,12.6,0.659,3.0,18.6,0.453,0.5,0.477,0.096,0.533,0.58,98.6,93.5,77.92,94,0.58
0022500483,2026-01-02,1610612758,Sacramento Kings,1,0,1,0.0,48.0,96.2,100.0,123.7,124.0,-27.5,-24.0,0.571,0.95,14.3,0.327,0.732,0.5,0.206,0.471,0.515,105.2,103.0,85.83,102,0.313
0022500476,2026-01-02,1610612759,San Antonio Spurs,1,1,0,1.0,48.0,110.5,116.0,107.0,106.6,3.5,9.4,0.523,1.77,15.6,0.317,0.953,0.583,0.123,0.515,0.557,108.5,106.0,88.33,106,0.513
0022500477,2026-01-02,1610612764,Washington Wizards,1,1,0,1.0,48.0,113.3,116.7,94.0,96.1,19.3,20.6,0.511,1.26,16.6,0.413,0.759,0.6,0.186,0.571,0.601,105.2,102.5,85.42,102,0.593
0022500488,2026-01-03,1610612737,Atlanta Hawks,1,0,1,0.0,48.0,108.0,108.3,124.7,125.2,-16.7,-16.9,0.762,2.0,21.2,0.226,0.727,0.454,0.148,0.555,0.589,107.9,107.5,89.58,108,0.431
0022500493,2026-01-03,1610612738,Boston Celtics,1,1,0,1.0,48.0,154.7,158.7,123.0,123.7,31.7,35.0,0.566,5.0,21.1,0.455,0.744,0.598,0.065,0.677,0.7,93.9,92.5,77.08,92,0.587
0022500489,2026-01-03,1610612766,Charlotte Hornets,1,1,0,1.0,48.0,111.9,112.0,100.9,100.0,11.0,12.0,0.59,1.92,16.5,0.296,0.83,0.561,0.12,0.511,0.554,99.1,99.5,82.92,100,0.513
0022500489,2026-01-03,1610612741,Chicago Bulls,1,0,1,0.0,48.0,100.9,100.0,111.9,112.0,-11.0,-12.0,0.821,2.91,22.9,0.17,0.704,0.439,0.111,0.511,0.531,99.1,99.5,82.92,99,0.487
0022500491,2026-01-03,1610612742,Dallas Mavericks,1,1,0,1.0,48.0,107.9,106.8,99.4,103.0,8.5,3.8,0.545,1.5,18.2,0.119,0.697,0.472,0.155,0.6,0.626,103.3,102.0,85.0,103,0.563
0022500492,2026-01-03,1610612744,Golden State Warriors,1,1,0,1.0,48.0,123.5,125.5,115.8,118.8,7.8,6.8,0.744,2.13,21.3,0.417,0.756,0.581,0.153,0.603,0.63,99.0,97.0,80.83,98,0.547
0022500491,2026-01-03,1610612745,Houston Rockets,1,0,1,0.0,48.0,99.4,103.0,107.9,106.8,-8.5,-3.8,0.585,2.67,16.6,0.303,0.881,0.528,0.089,0.434,0.462,103.3,102.0,85.0,101,0.437
0022500493,2026-01-03,1610612746,LA Clippers,1,0,1,0.0,48.0,123.0,123.7,154.7,158.7,-31.7,-35.0,0.619,2.6,20.0,0.256,0.545,0.402,0.108,0.589,0.629,93.9,92.5,77.08,93,0.413
0022500486,2026-01-03,1610612748,Miami Heat,1,0,1,0.0,48.0,109.9,116.2,125.0,126.3,-15.1,-10.1,0.659,1.42,18.9,0.347,0.7,0.506,0.192,0.552,0.595,102.3,99.0,82.5,99,0.43
0022500486,2026-01-03,1610612750,Minnesota Timberwolves,1,1,0,1.0,48.0,125.0,126.3,109.9,116.2,15.1,10.1,0.565,1.86,19.0,0.3,0.653,0.494,0.141,0.606,0.651,102.3,99.0,82.5,99,0.57
0022500487,2026-01-03,1610612752,New York Knicks,1,0,1,0.0,48.0,113.2,116.7,123.7,125.0,-10.4,-8.3,0.605,1.44,16.3,0.291,0.682,0.465,0.157,0.517,0.577,105.1,103.0,85.83,102,0.445
0022500487,2026-01-03,1610612755,Philadelphia 76ers,1,1,0,1.0,48.0,123.7,125.0,113.2,116.7,10.4,8.3,0.51,1.79,17.6,0.318,0.709,0.535,0.135,0.639,0.649,105.1,103.0,85.83,104,0.555
0022500490,2026-01-03,1610612757,Portland Trail Blazers,1,1,0,1.0,48.0,116.3,117.3,113.3,111.1,3.0,6.2,0.6,2.18,16.9,0.351,0.745,0.545,0.112,0.544,0.559,98.0,98.5,82.08,98,0.476
0022500490,2026-01-03,1610612759,San Antonio Spurs,1,0,1,0.0,48.0,113.3,111.1,116.3,117.3,-3.0,-6.2,0.675,4.5,19.4,0.255,0.649,0.455,0.061,0.484,0.533,98.0,98.5,82.08,99,0.524
0022500488,2026-01-03,1610612761,Toronto Raptors,1,1,0,1.0,48.0,124.7,125.2,108.0,108.3,16.7,16.9,0.571,2.0,19.0,0.273,0.774,0.546,0.131,0.598,0.648,107.9,107.5,89.58,107,0.569
0022500492,2026-01-03,1610612762,Utah Jazz,1,0,1,0.0,48.0,115.8,118.8,123.5,125.5,-7.8,-6.8,0.711,2.13,23.0,0.244,0.583,0.419,0.156,0.599,0.61,99.0,97.0,80.83,96,0.453
0022500496,2026-01-04,1610612751,Brooklyn Nets,1,1,0,1.0,48.0,133.3,133.7,115.8,122.3,17.5,11.3,0.707,2.9,20.9,0.349,0.723,0.544,0.105,0.593,0.653,97.3,94.5,78.75,95,0.568
0022500494,2026-01-04,1610612739,Cleveland Cavaliers,1,0,1,0.0,48.0,110.9,108.9,106.3,112.9,4.6,-4.0,0.657,1.35,16.9,0.271,0.625,0.462,0.168,0.525,0.59,103.2,101.0,84.17,101,0.52
0022500496,2026-01-04,1610612743,Denver Nuggets,1,0,1,0.0,48.0,115.8,122.3,133.3,133.7,-17.5,-11.3,0.707,2.9,21.5,0.277,0.651,0.456,0.106,0.547,0.591,97.3,94.5,78.75,94,0.432
0022500494,2026-01-04,1610612765,Detroit Pistons,1,1,0,1.0,48.0,106.3,112.9,110.9,108.9,-4.6,4.0,0.641,1.47,17.0,0.375,0.729,0.538,0.168,0.489,0.547,103.2,101.0,84.17,101,0.48
0022500495,2026-01-04,1610612754,Indiana Pacers,1,0,1,0.0,48.0,126.7,125.7,132.4,133.7,-5.7,-7.9,0.792,3.45,25.9,0.19,0.857,0.524,0.109,0.638,0.66,101.1,101.0,84.17,101,0.47
0022500501,2026-01-04,1610612747,Los Angeles Lakers,1,1,0,1.0,48.0,118.8,122.4,111.0,116.3,7.7,6.1,0.789,2.73,21.1,0.304,0.65,0.5,0.112,0.544,0.612,101.9,98.0,81.67,98,0.573
0022500501,2026-01-04,1610612763,Memphis Grizzlies,1,0,1,0.0,48.0,111.0,116.3,118.8,122.4,-7.7,-6.1,0.69,3.22,19.6,0.35,0.696,0.5,0.092,0.47,0.52,101.9,98.0,81.67,98,0.427
0022500497,2026-01-04,1610612748,Miami Heat,1,1,0,1.0,48.0,110.7,115.7,93.4,97.2,17.3,18.5,0.638,1.88,19.4,0.293,0.708,0.481,0.148,0.554,0.574,113.2,108.5,90.42,108,0.568
0022500500,2026-01-04,1610612749,Milwaukee Bucks,1,1,0,1.0,48.0,113.6,117.3,99.9,100.0,13.7,17.3,0.59,1.77,16.9,0.3,0.8,0.55,0.133,0.506,0.574,99.6,98.0,81.67,98,0.56
0022500498,2026-01-04,1610612750,Minnesota Timberwolves,1,1,0,1.0,48.0,131.9,134.3,108.1,109.5,23.8,24.8,0.527,2.07,18.8,0.426,0.745,0.585,0.133,0.617,0.642,106.6,105.0,87.5,105,0.617
0022500497,2026-01-04,1610612740,New Orleans Pelicans,1,0,1,0.0,48.0,93.4,97.2,110.7,115.7,-17.3,-18.5,0.667,1.08,18.5,0.292,0.707,0.519,0.239,0.556,0.567,113.2,108.5,90.42,109,0.432
0022500499,2026-01-04,1610612760,Oklahoma City Thunder,1,0,1,0.0,48.0,107.8,110.5,112.8,113.7,-4.9,-3.2,0.513,2.22,16.8,0.114,0.66,0.396,0.095,0.537,0.581,96.6,95.0,79.17,95,0.498
0022500495,2026-01-04,1610612753,Orlando Magic,1,1,0,1.0,48.0,132.4,133.7,126.7,125.7,5.7,7.9,0.723,4.86,24.1,0.143,0.81,0.476,0.069,0.649,0.682,101.1,101.0,84.17,101,0.53
0022500499,2026-01-04,1610612756,Phoenix Suns,1,1,0,1.0,48.0,112.8,113.7,107.8,110.5,4.9,3.2,0.6,1.31,15.9,0.34,0.886,0.604,0.168,0.551,0.588,96.6,95.0,79.17,95,0.502
0022500500,2026-01-04,1610612758,Sacramento Kings,1,0,1,0.0,48.0,99.9,100.0,113.6,117.3,-13.7,-17.3,0.5,1.7,13.6,0.2,0.7,0.45,0.102,0.456,0.521,99.6,98.0,81.67,98,0.44
0022500498,2026-01-04,1610612764,Washington Wizards,1,0,1,0.0,48.0,108.1,109.5,131.9,134.3,-23.8,-24.8,0.488,1.11,15.2,0.255,0.574,0.415,0.181,0.557,0.597,106.6,105.0,87.5,105,0.383
0022500504,2026-01-05,1610612737,Atlanta Hawks,1,0,1,0.0,48.0,95.0,94.3,110.9,113.5,-15.9,-19.1,0.8,1.87,19.0,0.228,0.833,0.505,0.142,0.461,0.509,105.8,105.0,87.5,106,0.413
0022500503,2026-01-05,1610612738,Boston Celtics,1,1,0,1.0,48.0,117.7,121.1,103.7,107.4,14.0,13.6,0.524,2.75,15.6,0.381,0.796,0.563,0.084,0.5,0.524,97.6,94.5,78.75,95,0.525
0022500506,2026-01-05,1610612766,Charlotte Hornets,1,1,0,1.0,48.0,127.8,127.8,97.1,100.0,30.7,27.8,0.61,1.19,18.2,0.405,0.677,0.576,0.216,0.656,0.705,98.4,97.0,80.83,97,0.639
0022500503,2026-01-05,1610612741,Chicago Bulls,1,0,1,0.0,48.0,103.7,107.4,117.7,121.1,-14.0,-13.6,0.658,1.92,19.4,0.204,0.619,0.438,0.138,0.535,0.559,97.6,94.5,78.75,94,0.475
0022500507,2026-01-05,1610612743,Denver Nuggets,1,1,0,1.0,53.0,118.7,122.5,116.6,120.4,2.1,2.2,0.605,1.37,18.7,0.293,0.625,0.485,0.186,0.642,0.67,95.9,92.83,77.36,102,0.504
0022500502,2026-01-05,1610612765,Detroit Pistons,1,1,0,1.0,48.0,127.3,130.1,92.6,95.7,34.7,34.4,0.532,1.56,18.7,0.405,0.723,0.573,0.172,0.64,0.65,96.1,93.5,77.92,93,0.68
0022500508,2026-01-05,1610612744,Golden State Warriors,1,0,1,0.0,48.0,103.2,104.1,102.8,106.2,0.4,-2.1,0.771,3.86,19.0,0.279,0.756,0.471,0.071,0.435,0.491,99.6,97.5,81.25,98,0.491
0022500505,2026-01-05,1610612745,Houston Rockets,1,1,0,1.0,48.0,102.8,106.4,101.8,103.2,1.0,3.2,0.526,1.25,15.0,0.404,0.712,0.558,0.17,0.489,0.52,96.3,94.0,78.33,94,0.507
0022500508,2026-01-05,1610612746,LA Clippers,1,1,0,1.0,48.0,102.8,106.2,103.2,104.1,-0.4,2.1,0.676,1.25,18.9,0.244,0.721,0.529,0.206,0.545,0.597,99.6,97.5,81.25,97,0.509
0022500502,2026-01-05,1610612752,New York Knicks,1,0,1,0.0,48.0,92.6,95.7,127.3,130.1,-34.7,-34.4,0.469,0.75,12.3,0.277,0.595,0.427,0.213,0.507,0.548,96.1,93.5,77.92,94,0.32
0022500506,2026-01-05,1610612760,Oklahoma City Thunder,1,0,1,0.0,48.0,97.1,100.0,127.8,127.8,-30.7,-27.8,0.529,2.25,13.3,0.323,0.595,0.424,0.082,0.425,0.462,98.4,97.0,80.83,97,0.361
0022500507,2026-01-05,1610612755,Philadelphia 76ers,1,0,1,0.0,53.0,116.6,120.4,118.7,122.5,-2.1,-2.2,0.609,2.0,18.4,0.375,0.707,0.515,0.136,0.556,0.583,95.9,92.83,77.36,103,0.496
0022500505,2026-01-05,1610612756,Phoenix Suns,1,0,1,0.0,48.0,101.8,103.2,102.8,106.4,-1.0,-3.2,0.622,1.77,17.4,0.288,0.596,0.442,0.138,0.5,0.52,96.3,94.0,78.33,94,0.493
0022500509,2026-01-05,1610612757,Portland Trail Blazers,1,1,0,1.0,48.0,134.0,135.6,116.4,115.8,17.6,19.8,0.653,2.29,21.6,0.333,0.68,0.516,0.139,0.629,0.67,101.4,101.0,84.17,101,0.561
0022500504,2026-01-05,1610612761,Toronto Raptors,1,1,0,1.0,48.0,110.9,113.5,95.0,94.3,15.9,19.1,0.723,2.27,23.3,0.167,0.772,0.495,0.144,0.589,0.6,105.8,105.0,87.5,104,0.587
0022500509,2026-01-05,1610612762,Utah Jazz,1,0,1,0.0,48.0,116.4,115.8,134.0,135.6,-17.6,-19.8,0.711,2.13,21.6,0.32,0.667,0.484,0.149,0.56,0.588,101.4,101.0,84.17,101,0.439
0022500510,2026-01-06,1610612739,Cleveland Cavaliers,1,1,0,1.0,48.0,114.4,115.4,107.1,110.5,7.3,4.9,0.673,1.74,22.1,0.293,0.759,0.558,0.183,0.614,0.626,106.6,104.5,87.08,104,0.53
0022500515,2026-01-06,1610612742,Dallas Mavericks,1,1,0,1.0,48.0,93.2,99.0,93.8,96.1,-0.5,2.9,0.487,1.12,13.4,0.367,0.75,0.552,0.168,0.448,0.475,105.9,101.5,84.58,101,0.497
0022500510,2026-01-06,1610612754,Indiana Pacers,1,0,1,0.0,48.0,107.1,110.5,114.4,115.4,-7.3,-4.9,0.744,2.29,21.3,0.241,0.707,0.442,0.133,0.548,0.572,106.6,104.5,87.08,105,0.47
0022500514,2026-01-06,1610612747,Los Angeles Lakers,1,1,0,1.0,48.0,110.7,111.0,102.1,103.0,8.7,8.0,0.698,2.0,21.1,0.261,0.704,0.5,0.15,0.571,0.589,100.6,100.0,83.33,100,0.56
0022500512,2026-01-06,1610612763,Memphis Grizzlies,1,1,0,1.0,48.0,95.8,101.0,94.7,100.0,1.2,1.0,0.718,1.22,17.9,0.381,0.697,0.543,0.219,0.49,0.507,110.8,105.0,87.5,105,0.526
0022500513,2026-01-06,1610612748,Miami Heat,1,0,1,0.0,48.0,83.9,84.7,111.8,109.9,-27.9,-25.2,0.8,1.56,18.1,0.232,0.768,0.472,0.162,0.418,0.447,110.6,111.0,92.5,111,0.355
0022500513,2026-01-06,1610612750,Minnesota Timberwolves,1,1,0,1.0,48.0,111.8,109.9,83.9,84.7,27.9,25.2,0.6,2.25,17.9,0.232,0.768,0.528,0.108,0.531,0.564,110.6,111.0,92.5,111,0.645
0022500514,2026-01-06,1610612740,New Orleans Pelicans,1,0,1,0.0,48.0,102.1,103.0,110.7,111.0,-8.7,-8.0,0.7,1.75,19.4,0.296,0.739,0.5,0.16,0.495,0.521,100.6,100.0,83.33,100,0.44
0022500511,2026-01-06,1610612753,Orlando Magic,1,0,1,0.0,48.0,103.2,106.7,114.8,112.1,-11.6,-5.5,0.667,1.47,18.8,0.302,0.7,0.495,0.181,0.522,0.546,106.5,106.0,88.33,105,0.449
0022500515,2026-01-06,1610612758,Sacramento Kings,1,0,1,0.0,48.0,93.8,96.1,93.2,99.0,0.5,-2.9,0.59,1.77,16.5,0.25,0.633,0.448,0.127,0.473,0.493,105.9,101.5,84.58,102,0.503
0022500512,2026-01-06,1610612759,San Antonio Spurs,1,0,1,0.0,48.0,94.7,100.0,95.8,101.0,-1.2,-1.0,0.684,1.86,17.2,0.303,0.619,0.457,0.133,0.441,0.478,110.8,105.0,87.5,105,0.474
0022500511,2026-01-06,1610612764,Washington Wizards,1,1,0,1.0,48.0,114.8,112.1,103.2,106.7,11.6,5.5,0.641,1.67,17.1,0.3,0.698,0.505,0.14,0.517,0.597,106.5,106.0,88.33,107,0.551
0022500519,2026-01-07,1610612737,Atlanta Hawks,1,1,0,1.0,48.0,104.0,110.4,90.9,93.5,13.1,16.9,0.682,1.43,19.5,0.333,0.786,0.564,0.198,0.558,0.571,111.2,106.5,88.75,106,0.555
0022500520,2026-01-07,1610612738,Boston Celtics,1,0,1,0.0,48.0,116.3,119.6,120.6,122.6,-4.3,-3.0,0.372,1.14,12.1,0.429,0.673,0.546,0.152,0.532,0.541,94.6,92.5,77.08,92,0.449
0022500521,2026-01-07,1610612751,Brooklyn Nets,1,0,1,0.0,53.0,100.3,103.0,102.0,102.0,-1.7,1.0,0.639,1.1,16.3,0.34,0.61,0.482,0.21,0.517,0.538,92.6,91.47,76.23,100,0.463
0022500516,2026-01-07,1610612766,Charlotte Hornets,1,0,1,0.0,48.0,102.5,105.5,106.2,106.6,-3.7,-1.1,0.594,1.06,14.7,0.404,0.714,0.565,0.198,0.476,0.524,92.5,91.0,75.83,91,0.495
0022500517,2026-01-07,1610612741,Chicago Bulls,1,0,1,0.0,48.0,100.0,102.2,111.9,118.7,-11.9,-16.5,0.73,1.59,19.7,0.365,0.667,0.51,0.187,0.5,0.511,94.7,91.0,75.83,91,0.404
0022500520,2026-01-07,1610612743,Denver Nuggets,1,1,0,1.0,48.0,120.6,122.6,116.3,119.6,4.3,3.0,0.692,3.0,20.0,0.327,0.571,0.454,0.097,0.563,0.584,94.6,92.5,77.08,93,0.551
0022500517,2026-01-07,1610612765,Detroit Pistons,1,1,0,1.0,48.0,111.9,118.7,100.0,102.2,11.9,16.5,0.778,3.89,24.6,0.333,0.635,0.49,0.099,0.554,0.565,94.7,91.0,75.83,91,0.596
0022500526,2026-01-07,1610612744,Golden State Warriors,1,1,0,1.0,48.0,121.3,123.7,116.2,118.9,5.2,4.8,0.705,3.1,21.7,0.313,0.857,0.567,0.103,0.596,0.619,98.1,96.0,80.0,97,0.526
0022500527,2026-01-07,1610612745,Houston Rockets,1,0,1,0.0,48.0,100.2,107.4,101.0,107.3,-0.7,0.1,0.541,1.43,13.7,0.47,0.755,0.591,0.147,0.414,0.456,101.9,95.5,79.58,95,0.459
0022500522,2026-01-07,1610612746,LA Clippers,1,0,1,0.0,48.0,116.4,120.7,126.2,130.9,-9.8,-10.2,0.525,2.1,16.0,0.34,0.529,0.433,0.109,0.516,0.553,96.4,93.0,77.5,92,0.429
0022500523,2026-01-07,1610612747,Los Angeles Lakers,1,0,1,0.0,48.0,88.6,89.2,105.6,107.0,-17.0,-17.8,0.471,0.94,12.3,0.259,0.809,0.505,0.167,0.448,0.476,102.0,101.0,84.17,102,0.354
0022500524,2026-01-07,1610612763,Memphis Grizzlies,1,0,1,0.0,48.0,96.9,99.0,113.0,118.2,-16.1,-19.2,0.59,1.28,16.4,0.333,0.648,0.486,0.182,0.489,0.499,102.3,99.0,82.5,99,0.418
0022500526,2026-01-07,1610612749,Milwaukee Bucks,1,0,1,0.0,48.0,116.2,118.9,121.3,123.7,-5.2,-4.8,0.63,2.42,22.3,0.143,0.688,0.433,0.126,0.624,0.626,98.1,96.0,80.0,95,0.474
0022500519,2026-01-07,1610612740,New Orleans Pelicans,1,0,1,0.0,48.0,90.9,93.5,104.0,110.4,-13.1,-16.9,0.684,1.37,17.9,0.214,0.667,0.436,0.178,0.488,0.515,111.2,106.5,88.75,107,0.445
0022500522,2026-01-07,1610612752,New York Knicks,1,1,0,1.0,48.0,126.2,130.9,116.4,120.7,9.8,10.2,0.66,2.58,21.1,0.471,0.66,0.567,0.128,0.574,0.606,96.4,93.0,77.5,94,0.571
0022500525,2026-01-07,1610612760,Oklahoma City Thunder,1,1,0,1.0,53.0,108.9,109.3,103.1,106.8,5.8,2.5,0.591,2.36,16.4,0.234,0.6,0.419,0.093,0.47,0.54,108.6,106.42,88.68,118,0.536
0022500521,2026-01-07,1610612753,Orlando Magic,1,1,0,1.0,53.0,102.0,102.0,100.3,103.0,1.7,-1.0,0.683,1.56,18.4,0.39,0.66,0.518,0.176,0.474,0.5,92.6,91.47,76.23,102,0.537
0022500518,2026-01-07,1610612755,Philadelphia 76ers,1,1,0,1.0,48.0,129.6,128.4,107.0,106.8,22.6,21.6,0.667,3.0,21.4,0.2,0.667,0.447,0.098,0.619,0.668,102.0,102.5,85.42,102,0.591
0022500524,2026-01-07,1610612756,Phoenix Suns,1,1,0,1.0,48.0,113.0,118.2,96.9,99.0,16.1,19.2,0.689,1.72,20.9,0.352,0.667,0.514,0.182,0.577,0.582,102.3,99.0,82.5,99,0.582
0022500527,2026-01-07,1610612757,Portland Trail Blazers,1,1,0,1.0,48.0,101.0,107.3,100.2,107.4,0.7,-0.1,0.583,1.5,16.4,0.245,0.53,0.409,0.146,0.506,0.548,101.9,95.5,79.58,96,0.541
0022500523,2026-01-07,1610612759,San Antonio Spurs,1,1,0,1.0,48.0,105.6,107.0,88.6,89.2,17.0,17.8,0.6,1.6,18.0,0.191,0.741,0.495,0.15,0.512,0.567,102.0,101.0,84.17,100,0.646
0022500516,2026-01-07,1610612761,Toronto Raptors,1,1,0,1.0,48.0,106.2,106.6,102.5,105.5,3.7,1.1,0.474,3.0,14.4,0.286,0.596,0.435,0.066,0.451,0.483,92.5,91.0,75.83,91,0.505
0022500525,2026-01-07,1610612762,Utah Jazz,1,0,1,0.0,53.0,103.1,106.8,108.9,109.3,-5.8,-2.5,0.673,1.65,18.8,0.4,0.766,0.581,0.171,0.491,0.52,108.6,106.42,88.68,117,0.464
0022500518,2026-01-07,1610612764,Washington Wizards,1,0,1,0.0,48.0,107.0,106.8,129.6,128.4,-22.6,-21.6,0.674,1.32,19.7,0.333,0.8,0.553,0.214,0.569,0.599,102.0,102.5,85.42,103,0.409
0022500528,2026-01-08,1610612766,Charlotte Hornets,1,0,1,0.0,48.0,106.1,114.3,112.6,116.3,-6.5,-2.0,0.744,1.71,20.6,0.306,0.683,0.478,0.173,0.547,0.58,103.4,98.0,81.67,98,0.477
0022500530,2026-01-08,1610612739,Cleveland Cavaliers,1,0,1,0.0,48.0,117.0,117.3,126.6,124.8,-9.6,-7.5,0.646,2.38,21.4,0.213,0.667,0.435,0.125,0.588,0.609,103.9,104.5,87.08,104,0.477
0022500531,2026-01-08,1610612742,Dallas Mavericks,1,0,1,0.0,48.0,111.0,111.8,115.8,113.7,-4.8,-2.0,0.682,1.43,21.0,0.256,0.784,0.543,0.206,0.606,0.628,101.4,102.0,85.0,102,0.479
0022500528,2026-01-08,1610612754,Indiana Pacers,1,1,0,1.0,48.0,112.6,116.3,106.1,114.3,6.5,2.0,0.61,1.25,18.4,0.317,0.694,0.522,0.204,0.573,0.625,103.4,98.0,81.67,98,0.523
0022500530,2026-01-08,1610612750,Minnesota Timberwolves,1,1,0,1.0,48.0,126.6,124.8,117.0,117.3,9.6,7.5,0.647,1.94,21.6,0.333,0.787,0.565,0.162,0.685,0.679,103.9,104.5,87.08,105,0.523
0022500531,2026-01-08,1610612762,Utah Jazz,1,1,0,1.0,48.0,115.8,113.7,111.0,111.8,4.8,2.0,0.681,3.56,22.2,0.216,0.744,0.457,0.088,0.563,0.573,101.4,102.0,85.0,102,0.521
0022500537,2026-01-09,1610612737,Atlanta Hawks,1,1,0,1.0,48.0,112.5,114.6,90.8,91.6,21.7,23.0,0.674,5.17,23.1,0.137,0.884,0.479,0.063,0.574,0.574,96.8,95.5,79.58,96,0.6
0022500532,2026-01-09,1610612738,Boston Celtics,1,1,0,1.0,48.0,129.7,135.9,123.9,125.8,5.8,10.1,0.596,2.8,20.7,0.366,0.723,0.557,0.109,0.621,0.655,95.4,92.5,77.08,92,0.521
0022500535,2026-01-09,1610612751,Brooklyn Nets,1,0,1,0.0,48.0,107.3,112.9,128.2,130.1,-20.9,-17.2,0.65,2.17,18.1,0.426,0.688,0.516,0.129,0.475,0.501,96.1,93.0,77.5,93,0.384
0022500537,2026-01-09,1610612743,Denver Nuggets,1,0,1,0.0,48.0,90.8,91.6,112.5,114.6,-21.7,-23.0,0.733,1.16,18.0,0.116,0.863,0.521,0.2,0.493,0.538,96.8,95.5,79.58,95,0.4
0022500539,2026-01-09,1610612744,Golden State Warriors,1,1,0,1.0,48.0,139.6,145.7,108.7,110.8,30.8,35.0,0.75,3.55,25.3,0.467,0.698,0.58,0.117,0.647,0.677,96.4,93.5,77.92,94,0.633
0022500540,2026-01-09,1610612745,Houston Rockets,1,0,1,0.0,48.0,107.6,108.2,113.1,114.4,-5.5,-6.2,0.525,1.62,14.6,0.435,0.679,0.548,0.134,0.469,0.493,97.8,97.0,80.83,97,0.469
0022500535,2026-01-09,1610612746,LA Clippers,1,1,0,1.0,48.0,128.2,130.1,107.3,112.9,20.9,17.2,0.622,1.75,21.5,0.313,0.574,0.484,0.172,0.684,0.717,96.1,93.0,77.5,93,0.616
0022500541,2026-01-09,1610612747,Los Angeles Lakers,1,0,1,0.0,48.0,106.1,106.3,112.1,112.9,-5.9,-6.6,0.718,2.15,19.6,0.364,0.698,0.51,0.137,0.511,0.52,94.4,94.0,78.33,95,0.462
0022500536,2026-01-09,1610612763,Memphis Grizzlies,1,0,1,0.0,48.0,115.4,118.4,117.8,119.4,-2.4,-1.0,0.854,2.06,22.7,0.412,0.792,0.606,0.173,0.545,0.588,99.9,98.0,81.67,98,0.511
0022500541,2026-01-09,1610612749,Milwaukee Bucks,1,1,0,1.0,48.0,112.1,112.9,106.1,106.3,5.9,6.6,0.605,1.35,17.8,0.302,0.636,0.49,0.183,0.557,0.592,94.4,94.0,78.33,93,0.538
0022500534,2026-01-09,1610612740,New Orleans Pelicans,1,1,0,1.0,48.0,111.7,118.5,97.7,100.0,14.0,18.5,0.588,1.58,19.5,0.354,0.75,0.567,0.176,0.595,0.606,112.0,107.5,89.58,108,0.618
0022500538,2026-01-09,1610612752,New York Knicks,1,0,1,0.0,48.0,114.8,113.8,116.5,120.4,-1.8,-6.6,0.595,1.22,16.4,0.417,0.729,0.573,0.191,0.549,0.586,94.7,93.5,77.92,94,0.477
0022500536,2026-01-09,1610612760,Oklahoma City Thunder,1,1,0,1.0,48.0,117.8,119.4,115.4,118.4,2.4,1.0,0.558,4.0,18.0,0.208,0.588,0.394,0.061,0.522,0.566,99.9,98.0,81.67,98,0.489
0022500533,2026-01-09,1610612753,Orlando Magic,1,0,1,0.0,48.0,87.6,93.8,105.6,105.1,-18.0,-11.3,0.583,1.11,15.3,0.358,0.593,0.482,0.196,0.432,0.474,100.7,97.5,81.25,97,0.432
0022500533,2026-01-09,1610612755,Philadelphia 76ers,1,1,0,1.0,48.0,105.6,105.1,87.6,93.8,18.0,11.3,0.513,1.54,14.3,0.407,0.642,0.518,0.133,0.432,0.488,100.7,97.5,81.25,98,0.568
0022500538,2026-01-09,1610612756,Phoenix Suns,1,1,0,1.0,48.0,116.5,120.4,114.8,113.8,1.8,6.6,0.605,2.3,18.0,0.271,0.583,0.427,0.108,0.541,0.589,94.7,93.5,77.92,93,0.523
0022500540,2026-01-09,1610612757,Portland Trail Blazers,1,1,0,1.0,48.0,113.1,114.4,107.6,108.2,5.5,6.2,0.703,2.0,18.6,0.321,0.565,0.452,0.134,0.506,0.56,97.8,97.0,80.83,97,0.531
0022500539,2026-01-09,1610612758,Sacramento Kings,1,0,1,0.0,48.0,108.7,110.8,139.6,145.7,-30.8,-35.0,0.535,1.77,17.8,0.302,0.533,0.42,0.14,0.541,0.561,96.4,93.5,77.92,93,0.367
0022500532,2026-01-09,1610612761,Toronto Raptors,1,0,1,0.0,48.0,123.9,125.8,129.7,135.9,-5.8,-10.1,0.867,5.57,27.1,0.277,0.634,0.443,0.075,0.587,0.607,95.4,92.5,77.08,93,0.479
0022500534,2026-01-09,1610612764,Washington Wizards,1,0,1,0.0,48.0,97.7,100.0,111.7,118.5,-14.0,-18.5,0.649,1.26,16.7,0.25,0.646,0.433,0.178,0.489,0.527,112.0,107.5,89.58,107,0.382
0022500545,2026-01-10,1610612738,Boston Celtics,1,0,1,0.0,48.0,99.2,96.9,100.2,104.2,-1.0,-7.2,0.579,2.2,16.9,0.2,0.75,0.487,0.102,0.495,0.501,97.8,97.0,80.83,98,0.489
0022500547,2026-01-10,1610612766,Charlotte Hornets,1,1,0,1.0,48.0,144.2,148.5,93.8,93.1,50.4,55.4,0.66,2.69,21.6,0.5,0.789,0.651,0.129,0.644,0.67,102.6,101.5,84.58,101,0.748
0022500546,2026-01-10,1610612741,Chicago Bulls,1,1,0,1.0,48.0,116.5,117.9,100.0,101.9,16.5,16.0,0.62,1.94,20.8,0.255,0.786,0.544,0.151,0.593,0.611,107.1,105.5,87.92,106,0.589
0022500542,2026-01-10,1610612739,Cleveland Cavaliers,1,1,0,1.0,48.0,139.0,141.7,130.4,130.1,8.7,11.7,0.691,3.8,25.2,0.256,0.675,0.468,0.097,0.679,0.709,103.9,103.0,85.83,103,0.533
0022500546,2026-01-10,1610612742,Dallas Mavericks,1,0,1,0.0,48.0,100.0,101.9,116.5,117.9,-16.5,-16.0,0.641,1.79,17.6,0.214,0.745,0.456,0.133,0.5,0.525,107.1,105.5,87.92,105,0.411
0022500544,2026-01-10,1610612765,Detroit Pistons,1,0,1,0.0,48.0,89.3,92.0,96.2,98.0,-6.9,-6.0,0.636,0.84,14.8,0.415,0.739,0.566,0.25,0.446,0.489,102.4,100.0,83.33,100,0.468
0022500543,2026-01-10,1610612754,Indiana Pacers,1,1,0,1.0,48.0,108.2,109.8,87.8,87.6,20.4,22.2,0.841,2.06,22.6,0.263,0.763,0.517,0.161,0.536,0.571,113.2,112.5,93.75,112,0.636
0022500544,2026-01-10,1610612746,LA Clippers,1,1,0,1.0,48.0,96.2,98.0,89.3,92.0,6.9,6.0,0.548,0.77,13.3,0.261,0.585,0.434,0.22,0.507,0.558,102.4,100.0,83.33,100,0.532
0022500543,2026-01-10,1610612748,Miami Heat,1,0,1,0.0,48.0,87.8,87.6,108.2,109.8,-20.4,-22.2,0.472,0.89,11.8,0.237,0.737,0.483,0.168,0.413,0.473,113.2,112.5,93.75,113,0.364
0022500542,2026-01-10,1610612750,Minnesota Timberwolves,1,0,1,0.0,48.0,130.4,130.1,139.0,141.7,-8.7,-11.7,0.608,1.94,21.2,0.325,0.744,0.532,0.155,0.663,0.685,103.9,103.0,85.83,103,0.467
0022500545,2026-01-10,1610612759,San Antonio Spurs,1,1,0,1.0,48.0,100.2,104.2,99.2,96.9,1.0,7.2,0.579,2.75,16.5,0.25,0.8,0.513,0.083,0.453,0.482,97.8,97.0,80.83,96,0.511
0022500547,2026-01-10,1610612762,Utah Jazz,1,0,1,0.0,48.0,93.8,93.1,144.2,148.5,-50.4,-55.4,0.611,1.47,16.3,0.211,0.5,0.349,0.147,0.449,0.488,102.6,101.5,84.58,102,0.252
0022500556,2026-01-11,1610612737,Atlanta Hawks,1,1,0,1.0,48.0,120.4,122.8,106.5,108.8,13.9,13.9,0.717,3.67,22.3,0.275,0.74,0.505,0.089,0.569,0.59,103.6,101.5,84.58,101,0.552
0022500549,2026-01-11,1610612751,Brooklyn Nets,1,0,1,0.0,48.0,106.5,106.5,108.5,113.2,-2.0,-6.7,0.694,2.5,18.9,0.268,0.608,0.43,0.109,0.511,0.516,93.5,91.5,76.25,92,0.45
0022500554,2026-01-11,1610612743,Denver Nuggets,1,1,0,1.0,48.0,108.4,116.1,109.7,108.3,-1.3,7.8,0.657,2.56,17.4,0.291,0.725,0.5,0.097,0.483,0.537,97.2,94.5,78.75,93,0.496
0022500556,2026-01-11,1610612744,Golden State Warriors,1,0,1,0.0,48.0,106.5,108.8,120.4,122.8,-13.9,-13.9,0.667,1.75,19.6,0.26,0.725,0.495,0.157,0.522,0.559,103.6,101.5,84.58,102,0.448
0022500557,2026-01-11,1610612745,Houston Rockets,1,0,1,0.0,48.0,108.0,112.6,120.9,129.1,-12.9,-16.4,0.639,1.77,17.0,0.463,0.521,0.49,0.149,0.47,0.506,91.3,86.5,72.08,87,0.448
0022500549,2026-01-11,1610612763,Memphis Grizzlies,1,1,0,1.0,48.0,108.5,113.2,106.5,106.5,2.0,6.7,0.73,1.8,19.6,0.392,0.732,0.57,0.165,0.483,0.537,93.5,91.5,76.25,91,0.55
0022500553,2026-01-11,1610612748,Miami Heat,1,0,1,0.0,48.0,105.9,107.7,118.9,117.0,-12.9,-9.3,0.795,1.52,24.1,0.154,0.647,0.433,0.221,0.64,0.638,105.0,105.0,87.5,104,0.468
0022500554,2026-01-11,1610612749,Milwaukee Bucks,1,0,1,0.0,48.0,109.7,108.3,108.4,116.1,1.3,-7.8,0.763,2.64,20.9,0.275,0.709,0.5,0.115,0.529,0.554,97.2,94.5,78.75,96,0.504
0022500552,2026-01-11,1610612750,Minnesota Timberwolves,1,1,0,1.0,48.0,106.1,105.1,100.0,103.0,6.1,2.1,0.59,2.56,16.9,0.25,0.727,0.486,0.091,0.5,0.515,100.5,99.5,82.92,99,0.54
0022500548,2026-01-11,1610612740,New Orleans Pelicans,1,0,1,0.0,48.0,120.9,125.5,128.8,133.3,-7.9,-7.8,0.587,1.69,21.1,0.2,0.548,0.39,0.17,0.663,0.681,98.5,95.0,79.17,94,0.446
0022500551,2026-01-11,1610612752,New York Knicks,1,1,0,1.0,48.0,121.2,123.0,110.7,114.0,10.5,9.0,0.64,2.67,21.6,0.32,0.739,0.521,0.12,0.591,0.6,102.3,100.0,83.33,100,0.524
0022500553,2026-01-11,1610612760,Oklahoma City Thunder,1,1,0,1.0,48.0,118.9,117.0,105.9,107.7,12.9,9.3,0.489,1.77,15.6,0.353,0.846,0.567,0.123,0.559,0.589,105.0,105.0,87.5,106,0.532
0022500548,2026-01-11,1610612753,Orlando Magic,1,1,0,1.0,48.0,128.8,133.3,120.9,125.5,7.9,7.8,0.628,2.08,19.4,0.452,0.8,0.61,0.135,0.591,0.657,98.5,95.0,79.17,96,0.554
0022500550,2026-01-11,1610612755,Philadelphia 76ers,1,0,1,0.0,53.0,101.2,105.5,99.0,106.4,2.2,-0.9,0.268,0.5,7.9,0.385,0.545,0.475,0.202,0.5,0.555,104.5,98.72,82.26,109,0.457
0022500555,2026-01-11,1610612756,Phoenix Suns,1,1,0,1.0,48.0,107.3,108.7,88.6,89.4,18.7,19.3,0.8,2.0,21.2,0.304,0.692,0.491,0.155,0.511,0.542,104.6,103.5,86.25,103,0.576
0022500551,2026-01-11,1610612757,Portland Trail Blazers,1,0,1,0.0,48.0,110.7,114.0,121.2,123.0,-10.5,-9.0,0.6,1.6,17.9,0.261,0.68,0.479,0.15,0.548,0.6,102.3,100.0,83.33,100,0.476
0022500557,2026-01-11,1610612758,Sacramento Kings,1,1,0,1.0,48.0,120.9,129.1,108.0,112.6,12.9,16.4,0.568,2.5,18.7,0.479,0.537,0.51,0.116,0.527,0.556,91.3,86.5,72.08,86,0.552
0022500552,2026-01-11,1610612759,San Antonio Spurs,1,0,1,0.0,48.0,100.0,103.0,106.1,105.1,-6.1,-2.1,0.559,1.36,14.2,0.273,0.75,0.514,0.14,0.46,0.52,100.5,99.5,82.92,100,0.46
0022500550,2026-01-11,1610612761,Toronto Raptors,1,1,0,1.0,53.0,99.0,106.4,101.2,105.5,-2.2,0.9,0.707,1.93,17.3,0.455,0.615,0.525,0.138,0.422,0.483,104.5,98.72,82.26,109,0.543
0022500555,2026-01-11,1610612764,Washington Wizards,1,0,1,0.0,48.0,88.6,89.4,107.3,108.7,-18.7,-19.3,0.647,0.96,15.5,0.308,0.696,0.509,0.221,0.436,0.495,104.6,103.5,86.25,104,0.424
0022500559,2026-01-12,1610612738,Boston Celtics,1,0,1,0.0,48.0,102.2,104.3,104.7,105.4,-2.5,-1.0,0.55,1.83,17.3,0.265,0.809,0.531,0.13,0.506,0.522,93.8,92.5,77.08,92,0.48
0022500561,2026-01-12,1610612751,Brooklyn Nets,1,0,1,0.0,48.0,106.3,109.4,116.4,117.7,-10.2,-8.3,0.59,1.35,16.8,0.367,0.698,0.522,0.177,0.506,0.554,97.9,96.0,80.0,96,0.448
0022500563,2026-01-12,1610612766,Charlotte Hornets,1,0,1,0.0,48.0,114.2,116.0,120.3,124.5,-6.2,-8.5,0.558,2.4,18.0,0.319,0.774,0.56,0.106,0.545,0.571,96.4,94.0,78.33,94,0.506
0022500558,2026-01-12,1610612739,Cleveland Cavaliers,1,0,1,0.0,48.0,105.9,107.7,115.7,118.3,-9.7,-10.6,0.805,2.36,22.8,0.157,0.689,0.406,0.135,0.538,0.573,106.0,104.0,86.67,104,0.435
0022500561,2026-01-12,1610612742,Dallas Mavericks,1,1,0,1.0,48.0,116.4,117.7,106.3,109.4,10.2,8.3,0.651,2.0,20.4,0.302,0.633,0.478,0.146,0.594,0.614,97.9,96.0,80.0,96,0.552
0022500559,2026-01-12,1610612754,Indiana Pacers,1,1,0,1.0,48.0,104.7,105.4,102.2,104.3,2.5,1.0,0.744,2.42,22.1,0.191,0.735,0.469,0.129,0.56,0.566,93.8,92.5,77.08,93,0.52
0022500563,2026-01-12,1610612746,LA Clippers,1,1,0,1.0,48.0,120.3,124.5,114.2,116.0,6.2,8.5,0.537,4.4,17.2,0.226,0.681,0.44,0.053,0.543,0.578,96.4,94.0,78.33,94,0.494
0022500562,2026-01-12,1610612747,Los Angeles Lakers,1,0,1,0.0,48.0,118.7,117.9,127.6,129.2,-8.9,-11.3,0.512,2.1,16.2,0.318,0.73,0.506,0.105,0.536,0.581,95.7,95.5,79.58,95,0.486
0022500560,2026-01-12,1610612755,Philadelphia 76ers,1,1,0,1.0,48.0,120.9,122.3,105.2,108.5,15.7,13.8,0.564,1.38,17.7,0.229,0.661,0.495,0.17,0.635,0.684,96.1,94.0,78.33,94,0.541
0022500562,2026-01-12,1610612758,Sacramento Kings,1,1,0,1.0,48.0,127.6,129.2,118.7,117.9,8.9,11.3,0.479,1.53,18.1,0.27,0.682,0.494,0.156,0.689,0.703,95.7,95.5,79.58,96,0.514
0022500560,2026-01-12,1610612761,Toronto Raptors,1,0,1,0.0,48.0,105.2,108.5,120.9,122.3,-15.7,-13.8,0.784,3.22,20.4,0.339,0.771,0.505,0.096,0.435,0.495,96.1,94.0,78.33,94,0.459
0022500558,2026-01-12,1610612762,Utah Jazz,1,1,0,1.0,48.0,115.7,118.3,105.9,107.7,9.7,10.6,0.8,1.68,21.5,0.311,0.843,0.594,0.183,0.59,0.645,106.0,104.0,86.67,104,0.565
0022500569,2026-01-13,1610612737,Atlanta Hawks,1,0,1,0.0,48.0,113.8,114.9,138.0,138.2,-24.2,-23.4,0.667,5.0,20.5,0.263,0.632,0.411,0.059,0.515,0.537,102.1,101.5,84.58,101,0.386
0022500565,2026-01-13,1610612741,Chicago Bulls,1,0,1,0.0,48.0,116.4,117.7,121.7,125.3,-5.4,-7.6,0.585,3.43,17.5,0.304,0.617,0.447,0.073,0.5,0.543,97.4,95.5,79.58,96,0.446
0022500567,2026-01-13,1610612743,Denver Nuggets,1,1,0,1.0,48.0,121.9,123.2,117.6,116.0,4.3,7.2,0.585,3.43,18.5,0.156,0.625,0.398,0.071,0.571,0.622,99.4,99.5,82.92,99,0.512
0022500570,2026-01-13,1610612744,Golden State Warriors,1,1,0,1.0,48.0,113.6,116.7,92.8,95.1,20.8,21.6,0.81,2.43,23.6,0.167,0.76,0.469,0.137,0.601,0.628,104.6,102.0,85.0,102,0.628
0022500565,2026-01-13,1610612745,Houston Rockets,1,1,0,1.0,48.0,121.7,125.3,116.4,117.7,5.4,7.6,0.533,2.67,17.6,0.383,0.696,0.553,0.095,0.551,0.591,97.4,95.5,79.58,95,0.554
0022500569,2026-01-13,1610612747,Los Angeles Lakers,1,1,0,1.0,48.0,138.0,138.2,113.8,114.9,24.2,23.4,0.75,2.25,23.7,0.368,0.737,0.589,0.157,0.693,0.733,102.1,101.5,84.58,102,0.614
0022500564,2026-01-13,1610612748,Miami Heat,1,1,0,1.0,48.0,121.3,123.3,114.4,117.5,7.0,5.8,0.583,2.33,19.3,0.298,0.61,0.472,0.117,0.592,0.625,105.2,103.0,85.83,103,0.546
0022500566,2026-01-13,1610612749,Milwaukee Bucks,1,0,1,0.0,48.0,101.6,105.0,133.3,135.0,-31.7,-30.0,0.707,1.45,20.4,0.245,0.634,0.422,0.198,0.559,0.568,104.3,102.0,85.0,101,0.374
0022500566,2026-01-13,1610612750,Minnesota Timberwolves,1,1,0,1.0,48.0,133.3,135.0,101.6,105.0,31.7,30.0,0.673,2.31,24.2,0.366,0.755,0.578,0.155,0.717,0.714,104.3,102.0,85.0,103,0.626
0022500567,2026-01-13,1610612740,New Orleans Pelicans,1,0,1,0.0,48.0,117.6,116.0,121.9,123.2,-4.3,-7.2,0.538,1.4,15.1,0.375,0.844,0.602,0.15,0.517,0.582,99.4,99.5,82.92,100,0.488
0022500568,2026-01-13,1610612760,Oklahoma City Thunder,1,1,0,1.0,48.0,120.3,125.3,102.6,103.2,17.8,22.1,0.619,2.36,19.5,0.286,0.722,0.531,0.116,0.586,0.641,97.2,95.0,79.17,95,0.651
0022500564,2026-01-13,1610612756,Phoenix Suns,1,0,1,0.0,48.0,114.4,117.5,121.3,123.3,-7.0,-5.8,0.5,1.69,15.0,0.39,0.702,0.528,0.126,0.5,0.546,105.2,103.0,85.83,103,0.454
0022500570,2026-01-13,1610612757,Portland Trail Blazers,1,0,1,0.0,48.0,92.8,95.1,113.6,116.7,-20.8,-21.6,0.556,0.91,14.9,0.24,0.833,0.531,0.216,0.518,0.536,104.6,102.0,85.0,102,0.372
0022500568,2026-01-13,1610612759,San Antonio Spurs,1,0,1,0.0,48.0,102.6,103.2,120.3,125.3,-17.8,-22.1,0.618,1.75,16.0,0.278,0.714,0.469,0.126,0.476,0.513,97.2,95.0,79.17,95,0.349
0022500574,2026-01-14,1610612751,Brooklyn Nets,1,0,1,0.0,48.0,111.6,115.3,117.2,118.4,-5.6,-3.1,0.533,2.18,17.5,0.278,0.61,0.451,0.112,0.558,0.563,100.1,98.0,81.67,98,0.454
0022500573,2026-01-14,1610612741,Chicago Bulls,1,1,0,1.0,48.0,126.4,126.7,122.5,122.3,4.0,4.4,0.766,2.77,23.7,0.333,0.78,0.539,0.129,0.603,0.632,102.1,102.0,85.0,101,0.518
0022500572,2026-01-14,1610612739,Cleveland Cavaliers,1,1,0,1.0,48.0,124.4,130.4,105.5,103.9,18.9,26.5,0.82,2.56,25.6,0.347,0.764,0.567,0.157,0.632,0.646,104.2,102.5,85.42,102,0.604
0022500575,2026-01-14,1610612742,Dallas Mavericks,1,0,1,0.0,48.0,108.4,113.5,122.1,122.9,-13.6,-9.4,0.39,2.67,12.2,0.339,0.8,0.545,0.063,0.468,0.507,98.6,96.0,80.0,96,0.462
0022500575,2026-01-14,1610612743,Denver Nuggets,1,1,0,1.0,48.0,122.1,122.9,108.4,113.5,13.6,9.4,0.5,2.33,16.7,0.2,0.661,0.455,0.094,0.588,0.623,98.6,96.0,80.0,96,0.538
0022500571,2026-01-14,1610612754,Indiana Pacers,1,0,1,0.0,48.0,104.5,104.1,113.4,118.6,-8.9,-14.4,0.788,2.36,18.6,0.293,0.667,0.468,0.113,0.453,0.507,99.0,97.0,80.83,97,0.438
0022500577,2026-01-14,1610612746,LA Clippers,1,1,0,1.0,48.0,121.6,124.0,107.7,108.2,13.9,15.7,0.641,2.5,19.1,0.227,0.725,0.495,0.104,0.554,0.627,97.7,96.5,80.42,96,0.577
0022500574,2026-01-14,1610612740,New Orleans Pelicans,1,1,0,1.0,48.0,117.2,118.4,111.6,115.3,5.6,3.1,0.558,2.67,16.7,0.39,0.722,0.549,0.092,0.5,0.537,100.1,98.0,81.67,98,0.546
0022500576,2026-01-14,1610612752,New York Knicks,1,0,1,0.0,48.0,97.9,101.0,113.5,113.1,-15.5,-12.1,0.59,2.56,16.1,0.317,0.75,0.485,0.09,0.43,0.459,100.9,99.5,82.92,100,0.416
0022500572,2026-01-14,1610612755,Philadelphia 76ers,1,0,1,0.0,48.0,105.5,103.9,124.4,130.4,-18.9,-26.5,0.611,1.83,15.9,0.236,0.653,0.433,0.117,0.472,0.533,104.2,102.5,85.42,103,0.396
0022500576,2026-01-14,1610612758,Sacramento Kings,1,1,0,1.0,48.0,113.5,113.1,97.9,101.0,15.5,12.1,0.657,1.35,17.4,0.25,0.683,0.515,0.172,0.541,0.617,100.9,99.5,82.92,99,0.584
0022500571,2026-01-14,1610612761,Toronto Raptors,1,1,0,1.0,48.0,113.4,118.6,104.5,104.1,8.9,14.4,0.682,2.5,20.8,0.333,0.707,0.532,0.124,0.551,0.572,99.0,97.0,80.83,97,0.562
0022500573,2026-01-14,1610612762,Utah Jazz,1,0,1,0.0,48.0,122.5,122.3,126.4,126.7,-4.0,-4.4,0.638,2.31,21.1,0.22,0.667,0.461,0.126,0.593,0.644,102.1,102.0,85.0,103,0.482
0022500577,2026-01-14,1610612764,Washington Wizards,1,0,1,0.0,48.0,107.7,108.2,121.6,124.0,-13.9,-15.7,0.61,2.27,18.4,0.275,0.773,0.505,0.113,0.511,0.539,97.7,96.5,80.42,97,0.423
0022500585,2026-01-15,1610612737,Atlanta Hawks,1,0,1,0.0,48.0,97.4,97.1,111.9,112.5,-14.5,-15.4,0.657,1.15,16.9,0.208,0.667,0.451,0.192,0.519,0.557,104.1,104.0,86.67,104,0.423
0022500580,2026-01-15,1610612738,Boston Celtics,1,1,0,1.0,48.0,122.7,124.0,117.7,117.5,5.0,6.4,0.537,1.69,15.7,0.423,0.692,0.558,0.135,0.522,0.583,96.9,96.5,80.42,96,0.519
0022500586,2026-01-15,1610612766,Charlotte Hornets,1,1,0,1.0,48.0,137.7,137.8,116.9,118.2,20.8,19.6,0.68,2.62,23.1,0.357,0.704,0.552,0.133,0.652,0.682,99.1,98.5,82.08,98,0.604
0022500583,2026-01-15,1610612742,Dallas Mavericks,1,1,0,1.0,48.0,131.7,129.7,109.8,110.9,21.9,18.8,0.673,2.85,23.3,0.273,0.712,0.51,0.117,0.665,0.683,110.2,110.5,92.08,111,0.585
0022500579,2026-01-15,1610612765,Detroit Pistons,1,1,0,1.0,48.0,107.7,108.0,101.9,105.0,5.8,3.0,0.658,1.47,17.9,0.308,0.768,0.546,0.17,0.525,0.555,101.6,100.0,83.33,100,0.56
0022500584,2026-01-15,1610612744,Golden State Warriors,1,1,0,1.0,48.0,130.3,134.0,116.1,120.2,14.2,13.8,0.542,2.17,19.3,0.349,0.64,0.505,0.128,0.652,0.665,97.0,94.0,78.33,94,0.552
0022500581,2026-01-15,1610612745,Houston Rockets,1,0,1,0.0,48.0,87.1,91.0,110.3,113.3,-23.2,-22.3,0.486,1.06,11.4,0.472,0.813,0.608,0.16,0.37,0.408,102.5,99.0,82.5,100,0.381
0022500586,2026-01-15,1610612747,Los Angeles Lakers,1,0,1,0.0,48.0,116.9,118.2,137.7,137.8,-20.8,-19.6,0.419,2.0,13.5,0.296,0.643,0.448,0.091,0.538,0.567,99.1,98.5,82.08,99,0.396
0022500578,2026-01-15,1610612763,Memphis Grizzlies,1,0,1,0.0,48.0,109.6,109.9,115.6,116.8,-5.9,-6.9,0.711,1.69,19.6,0.224,0.571,0.41,0.158,0.56,0.602,101.7,101.0,84.17,101,0.46
0022500580,2026-01-15,1610612748,Miami Heat,1,0,1,0.0,48.0,117.7,117.5,122.7,124.0,-5.0,-6.4,0.641,2.5,18.1,0.308,0.577,0.442,0.103,0.534,0.576,96.9,96.5,80.42,97,0.481
0022500582,2026-01-15,1610612749,Milwaukee Bucks,1,0,1,0.0,48.0,101.3,103.1,119.1,120.2,-17.8,-17.1,0.706,1.85,17.9,0.25,0.769,0.463,0.133,0.489,0.522,99.8,98.5,82.08,98,0.37
0022500584,2026-01-15,1610612752,New York Knicks,1,0,1,0.0,48.0,116.1,120.2,130.3,134.0,-14.2,-13.8,0.667,2.33,20.0,0.36,0.651,0.495,0.128,0.538,0.569,97.0,94.0,78.33,94,0.448
0022500581,2026-01-15,1610612760,Oklahoma City Thunder,1,1,0,1.0,48.0,110.3,113.3,87.1,91.0,23.2,22.3,0.61,2.08,18.9,0.188,0.528,0.392,0.122,0.551,0.581,102.5,99.0,82.5,98,0.619
0022500578,2026-01-15,1610612753,Orlando Magic,1,1,0,1.0,48.0,115.6,116.8,109.6,109.9,5.9,6.9,0.683,1.75,18.3,0.429,0.776,0.59,0.158,0.511,0.561,101.7,101.0,84.17,101,0.54
0022500579,2026-01-15,1610612756,Phoenix Suns,1,0,1,0.0,48.0,101.9,105.0,107.7,108.0,-5.8,-3.0,0.583,1.5,15.7,0.232,0.692,0.454,0.14,0.511,0.536,101.6,100.0,83.33,100,0.44
0022500585,2026-01-15,1610612757,Portland Trail Blazers,1,1,0,1.0,48.0,111.9,112.5,97.4,97.1,14.5,15.4,0.535,1.53,15.9,0.333,0.792,0.549,0.144,0.526,0.554,104.1,104.0,86.67,104,0.577
0022500582,2026-01-15,1610612759,San Antonio Spurs,1,1,0,1.0,48.0,119.1,120.2,101.3,103.1,17.8,17.1,0.7,1.65,20.6,0.231,0.75,0.537,0.172,0.608,0.655,99.8,98.5,82.08,99,0.63
0022500583,2026-01-15,1610612762,Utah Jazz,1,0,1,0.0,48.0,109.8,110.9,131.7,129.7,-21.9,-18.8,0.702,1.94,20.9,0.288,0.727,0.49,0.155,0.542,0.575,110.2,110.5,92.08,110,0.415
0022500587,2026-01-16,1610612751,Brooklyn Nets,1,1,0,1.0,48.0,110.4,114.3,110.3,110.1,0.0,4.2,0.769,2.14,21.0,0.283,0.82,0.544,0.143,0.533,0.569,100.1,98.5,82.08,98,0.473
0022500587,2026-01-16,1610612741,Chicago Bulls,1,0,1,0.0,48.0,110.3,110.1,110.4,114.3,0.0,-4.2,0.683,3.5,20.9,0.18,0.717,0.456,0.081,0.541,0.575,100.1,98.5,82.08,99,0.527
0022500589,2026-01-16,1610612739,Cleveland Cavaliers,1,1,0,1.0,48.0,116.4,118.2,118.1,117.3,-1.7,0.8,0.864,2.11,24.8,0.364,0.7,0.543,0.182,0.618,0.633,98.9,98.5,82.08,99,0.521
0022500591,2026-01-16,1610612745,Houston Rockets,1,1,0,1.0,48.0,106.8,112.2,105.6,107.1,1.2,5.1,0.487,1.36,14.5,0.294,0.647,0.471,0.143,0.536,0.556,101.2,98.0,81.67,98,0.525
0022500588,2026-01-16,1610612754,Indiana Pacers,1,1,0,1.0,48.0,126.6,132.3,123.7,122.7,2.9,9.6,0.712,5.29,24.7,0.327,0.767,0.526,0.073,0.589,0.597,98.2,96.5,80.42,96,0.529
0022500590,2026-01-16,1610612746,LA Clippers,1,1,0,1.0,53.0,118.4,115.2,112.0,113.6,6.4,1.6,0.61,1.56,18.0,0.22,0.714,0.489,0.152,0.601,0.656,93.6,94.19,78.49,105,0.547
0022500591,2026-01-16,1610612750,Minnesota Timberwolves,1,0,1,0.0,48.0,105.6,107.1,106.8,112.2,-1.2,-5.1,0.568,1.31,15.6,0.353,0.706,0.529,0.163,0.531,0.55,101.2,98.0,81.67,98,0.475
0022500588,2026-01-16,1610612740,New Orleans Pelicans,1,0,1,0.0,48.0,123.7,122.7,126.6,132.3,-2.9,-9.6,0.537,2.44,17.2,0.233,0.673,0.474,0.093,0.579,0.625,98.2,96.5,80.42,97,0.471
0022500589,2026-01-16,1610612755,Philadelphia 76ers,1,0,1,0.0,48.0,118.1,117.3,116.4,118.2,1.7,-0.8,0.651,2.55,19.9,0.3,0.636,0.457,0.112,0.538,0.579,98.9,98.5,82.08,98,0.479
0022500592,2026-01-16,1610612758,Sacramento Kings,1,1,0,1.0,48.0,126.5,125.5,111.4,112.7,15.1,12.7,0.766,1.89,23.8,0.325,0.816,0.596,0.186,0.673,0.679,102.2,102.0,85.0,102,0.574
0022500590,2026-01-16,1610612761,Toronto Raptors,1,0,1,0.0,53.0,112.0,113.6,118.4,115.2,-6.4,-1.6,0.714,1.67,20.4,0.286,0.78,0.511,0.175,0.546,0.594,93.6,94.19,78.49,103,0.453
0022500592,2026-01-16,1610612764,Washington Wizards,1,0,1,0.0,48.0,111.4,112.7,126.5,125.5,-15.1,-12.7,0.523,2.09,17.2,0.184,0.675,0.404,0.108,0.55,0.579,102.2,102.0,85.0,102,0.426
0022500594,2026-01-17,1610612737,Atlanta Hawks,1,0,1,0.0,48.0,97.7,101.0,123.7,125.7,-26.0,-24.8,0.763,2.42,19.2,0.266,0.714,0.46,0.114,0.446,0.484,107.6,105.0,87.5,105,0.4
0022500594,2026-01-17,1610612738,Boston Celtics,1,1,0,1.0,48.0,123.7,125.7,97.7,101.0,26.0,24.8,0.587,1.59,18.5,0.286,0.734,0.54,0.162,0.626,0.656,107.6,105.0,87.5,105,0.6
0022500599,2026-01-17,1610612766,Charlotte Hornets,1,0,1,0.0,48.0,108.9,113.7,133.7,133.3,-24.8,-19.6,0.628,1.59,18.2,0.352,0.773,0.541,0.167,0.543,0.572,104.1,102.0,85.0,102,0.405
0022500593,2026-01-17,1610612742,Dallas Mavericks,1,1,0,1.0,48.0,131.6,135.3,117.9,117.6,13.8,17.6,0.735,3.27,23.1,0.36,0.717,0.531,0.108,0.637,0.646,103.3,102.0,85.0,102,0.568
0022500600,2026-01-17,1610612743,Denver Nuggets,1,1,0,1.0,48.0,116.2,119.8,111.9,113.9,4.3,5.9,0.689,2.38,22.0,0.205,0.661,0.466,0.129,0.612,0.636,103.4,101.0,84.17,101,0.558
0022500595,2026-01-17,1610612765,Detroit Pistons,1,1,0,1.0,48.0,106.7,110.0,71.0,70.3,35.8,39.7,0.696,1.68,21.1,0.2,0.845,0.546,0.173,0.581,0.597,111.6,110.5,92.08,110,0.742
0022500599,2026-01-17,1610612744,Golden State Warriors,1,1,0,1.0,48.0,133.7,133.3,108.9,113.7,24.8,19.6,0.667,2.83,23.3,0.227,0.648,0.459,0.118,0.672,0.689,104.1,102.0,85.0,102,0.595
0022500595,2026-01-17,1610612754,Indiana Pacers,1,0,1,0.0,48.0,71.0,70.3,106.7,110.0,-35.8,-39.7,0.643,0.72,13.2,0.155,0.8,0.454,0.225,0.405,0.429,111.6,110.5,92.08,111,0.258
0022500601,2026-01-17,1610612747,Los Angeles Lakers,1,0,1,0.0,48.0,113.5,116.0,127.0,132.0,-13.5,-16.0,0.595,1.67,18.5,0.222,0.571,0.391,0.15,0.571,0.615,103.1,100.0,83.33,100,0.425
0022500597,2026-01-17,1610612748,Miami Heat,1,1,0,1.0,48.0,114.7,120.8,120.8,118.8,-6.1,2.0,0.732,7.5,18.9,0.389,0.842,0.545,0.04,0.459,0.495,102.8,101.0,84.17,101,0.454
0022500598,2026-01-17,1610612750,Minnesota Timberwolves,1,0,1,0.0,48.0,121.4,123.0,125.6,127.3,-4.2,-4.3,0.524,2.0,15.9,0.373,0.627,0.5,0.11,0.544,0.601,100.8,99.5,82.92,100,0.481
0022500596,2026-01-17,1610612752,New York Knicks,1,0,1,0.0,48.0,104.2,107.6,114.1,114.0,-9.9,-6.4,0.606,1.18,15.0,0.412,0.667,0.539,0.185,0.488,0.532,93.9,92.5,77.08,92,0.483
0022500597,2026-01-17,1610612760,Oklahoma City Thunder,1,0,1,0.0,48.0,120.8,118.8,114.7,120.8,6.1,-2.0,0.548,1.53,17.7,0.158,0.611,0.455,0.149,0.63,0.672,102.8,101.0,84.17,101,0.546
0022500596,2026-01-17,1610612756,Phoenix Suns,1,1,0,1.0,48.0,114.1,114.0,104.2,107.6,9.9,6.4,0.647,1.83,16.7,0.333,0.588,0.461,0.129,0.506,0.565,93.9,92.5,77.08,93,0.517
0022500601,2026-01-17,1610612757,Portland Trail Blazers,1,1,0,1.0,48.0,127.0,132.0,113.5,116.0,13.5,16.0,0.533,1.6,16.9,0.429,0.778,0.609,0.15,0.616,0.654,103.1,100.0,83.33,100,0.575
0022500598,2026-01-17,1610612759,San Antonio Spurs,1,1,0,1.0,48.0,125.6,127.3,121.4,123.0,4.2,4.3,0.745,3.18,22.9,0.373,0.627,0.5,0.111,0.58,0.593,100.8,99.5,82.92,99,0.519
0022500593,2026-01-17,1610612762,Utah Jazz,1,0,1,0.0,48.0,117.9,117.6,131.6,135.3,-13.8,-17.6,0.625,2.0,20.7,0.283,0.64,0.469,0.147,0.596,0.613,103.3,102.0,85.0,102,0.432
0022500600,2026-01-17,1610612764,Washington Wizards,1,0,1,0.0,48.0,111.9,113.9,116.2,119.8,-4.3,-5.9,0.455,1.82,14.2,0.339,0.795,0.534,0.109,0.516,0.529,103.4,101.0,84.17,101,0.442
0022500603,2026-01-18,1610612751,Brooklyn Nets,1,0,1,0.0,48.0,109.0,109.7,127.9,134.8,-18.9,-25.1,0.868,3.0,24.3,0.229,0.688,0.458,0.118,0.554,0.569,95.3,92.5,77.08,93,0.416
0022500605,2026-01-18,1610612766,Charlotte Hornets,1,1,0,1.0,48.0,119.9,127.9,100.1,101.2,19.8,26.7,0.682,2.31,21.9,0.478,0.776,0.632,0.151,0.556,0.581,89.3,86.0,71.67,86,0.624
0022500603,2026-01-18,1610612741,Chicago Bulls,1,1,0,1.0,48.0,127.9,134.8,109.0,109.7,18.9,25.1,0.837,4.56,27.7,0.313,0.771,0.542,0.098,0.628,0.633,95.3,92.5,77.08,92,0.584
0022500605,2026-01-18,1610612743,Denver Nuggets,1,0,1,0.0,48.0,100.1,101.2,119.9,127.9,-19.8,-26.7,0.656,2.63,17.8,0.224,0.522,0.368,0.093,0.456,0.5,89.3,86.0,71.67,86,0.376
0022500604,2026-01-18,1610612745,Houston Rockets,1,1,0,1.0,48.0,121.8,120.2,111.6,111.1,10.3,9.1,0.489,1.47,15.8,0.375,0.729,0.552,0.152,0.572,0.597,98.1,99.0,82.5,99,0.514
0022500607,2026-01-18,1610612747,Los Angeles Lakers,1,1,0,1.0,48.0,111.7,114.6,95.3,95.9,16.4,18.7,0.61,1.67,18.9,0.244,0.754,0.529,0.156,0.565,0.595,98.0,96.5,80.42,96,0.558
0022500602,2026-01-18,1610612763,Memphis Grizzlies,1,1,0,1.0,48.0,120.0,123.5,101.8,109.0,18.2,14.5,0.646,2.58,21.1,0.319,0.642,0.49,0.118,0.599,0.618,106.0,101.0,84.17,102,0.584
0022500604,2026-01-18,1610612740,New Orleans Pelicans,1,0,1,0.0,48.0,111.6,111.1,121.8,120.2,-10.3,-9.1,0.614,1.93,19.7,0.271,0.625,0.448,0.141,0.557,0.581,98.1,99.0,82.5,99,0.486
0022500602,2026-01-18,1610612753,Orlando Magic,1,0,1,0.0,48.0,101.8,109.0,120.0,123.5,-18.2,-14.5,0.714,1.76,20.1,0.358,0.681,0.51,0.17,0.495,0.534,106.0,101.0,84.17,100,0.416
0022500606,2026-01-18,1610612757,Portland Trail Blazers,1,1,0,1.0,48.0,115.2,115.8,110.1,107.8,5.2,8.0,0.45,1.2,13.5,0.304,0.756,0.527,0.149,0.53,0.6,100.7,101.5,84.58,101,0.515
0022500606,2026-01-18,1610612758,Sacramento Kings,1,0,1,0.0,48.0,110.1,107.8,115.2,115.8,-5.2,-8.0,0.69,1.81,20.4,0.244,0.696,0.473,0.157,0.552,0.586,100.7,101.5,84.58,102,0.485
0022500607,2026-01-18,1610612761,Toronto Raptors,1,0,1,0.0,48.0,95.3,95.9,111.7,114.6,-16.4,-18.7,0.789,3.0,21.3,0.246,0.756,0.471,0.103,0.456,0.476,98.0,96.5,80.42,97,0.442
0022500014,2026-01-19,1610612737,Atlanta Hawks,1,0,1,0.0,48.0,107.3,107.8,113.1,108.7,-5.9,-0.9,0.846,3.3,21.7,0.283,0.884,0.534,0.098,0.469,0.516,100.8,102.5,85.42,102,0.493
0022500017,2026-01-19,1610612738,Boston Celtics,1,0,1,0.0,48.0,107.1,110.8,107.1,111.8,0.0,-1.1,0.394,0.93,10.5,0.377,0.698,0.538,0.151,0.476,0.535,96.7,93.0,77.5,93,0.44
0022500610,2026-01-19,1610612751,Brooklyn Nets,1,0,1,0.0,48.0,128.2,130.0,135.3,141.6,-7.1,-11.6,0.683,3.5,21.7,0.256,0.657,0.436,0.089,0.599,0.648,92.2,89.5,74.58,90,0.462
0022500015,2026-01-19,1610612739,Cleveland Cavaliers,1,0,1,0.0,48.0,95.9,97.2,128.5,127.1,-32.6,-29.9,0.588,0.95,13.4,0.371,0.837,0.562,0.196,0.418,0.489,107.1,107.0,89.17,107,0.354
0022500016,2026-01-19,1610612742,Dallas Mavericks,1,1,0,1.0,48.0,109.3,108.6,93.4,92.4,15.8,16.2,0.625,1.47,18.0,0.196,0.714,0.495,0.162,0.579,0.604,104.1,105.0,87.5,105,0.608
0022500017,2026-01-19,1610612765,Detroit Pistons,1,1,0,1.0,48.0,107.1,111.8,107.1,110.8,0.0,1.1,0.632,3.0,18.2,0.302,0.623,0.462,0.086,0.494,0.53,96.7,93.0,77.5,93,0.56
0022500612,2026-01-19,1610612744,Golden State Warriors,1,1,0,1.0,48.0,124.4,126.2,103.2,104.7,21.3,21.5,0.776,2.71,24.4,0.234,0.629,0.459,0.131,0.642,0.659,108.5,107.0,89.17,107,0.612
0022500609,2026-01-19,1610612754,Indiana Pacers,1,0,1,0.0,48.0,101.8,104.0,115.5,114.1,-13.7,-10.1,0.6,1.0,17.0,0.378,0.698,0.551,0.24,0.554,0.577,100.0,99.5,82.92,100,0.438
0022500608,2026-01-19,1610612746,LA Clippers,1,1,0,1.0,48.0,111.4,112.2,105.3,107.1,6.1,5.2,0.556,1.25,15.2,0.304,0.585,0.455,0.163,0.494,0.581,99.7,98.5,82.08,98,0.545
0022500612,2026-01-19,1610612748,Miami Heat,1,0,1,0.0,48.0,103.2,104.7,124.4,126.2,-21.3,-21.5,0.769,1.58,18.8,0.371,0.766,0.541,0.178,0.46,0.511,108.5,107.0,89.17,107,0.388
0022500014,2026-01-19,1610612749,Milwaukee Bucks,1,1,0,1.0,48.0,113.1,108.7,107.3,107.8,5.9,0.9,0.615,1.85,18.2,0.116,0.717,0.466,0.126,0.595,0.622,100.8,102.5,85.42,103,0.507
0022500016,2026-01-19,1610612752,New York Knicks,1,0,1,0.0,48.0,93.4,92.4,109.3,108.6,-15.8,-16.2,0.579,1.29,15.2,0.286,0.804,0.505,0.162,0.447,0.467,104.1,105.0,87.5,105,0.392
0022500015,2026-01-19,1610612760,Oklahoma City Thunder,1,1,0,1.0,48.0,128.5,127.1,95.9,97.2,32.6,29.9,0.64,2.46,21.9,0.163,0.629,0.438,0.121,0.683,0.688,107.1,107.0,89.17,107,0.646
0022500609,2026-01-19,1610612755,Philadelphia 76ers,1,1,0,1.0,48.0,115.5,114.1,101.8,104.0,13.7,10.1,0.524,2.44,16.1,0.302,0.622,0.449,0.091,0.506,0.544,100.0,99.5,82.92,99,0.562
0022500610,2026-01-19,1610612756,Phoenix Suns,1,1,0,1.0,48.0,135.3,141.6,128.2,130.0,7.1,11.6,0.659,2.23,22.3,0.343,0.744,0.564,0.146,0.701,0.723,92.2,89.5,74.58,89,0.538
0022500611,2026-01-19,1610612759,San Antonio Spurs,1,1,0,1.0,48.0,121.8,123.0,106.9,108.9,14.9,14.1,0.727,2.29,23.4,0.162,0.649,0.457,0.14,0.658,0.683,101.9,100.5,83.75,100,0.589
0022500611,2026-01-19,1610612762,Utah Jazz,1,0,1,0.0,48.0,106.9,108.9,121.8,123.0,-14.9,-14.1,0.838,2.21,20.4,0.351,0.838,0.543,0.139,0.473,0.529,101.9,100.5,83.75,101,0.411
0022500608,2026-01-19,1610612764,Washington Wizards,1,0,1,0.0,48.0,105.3,107.1,111.4,112.2,-6.1,-5.2,0.73,1.35,18.2,0.415,0.696,0.545,0.202,0.506,0.554,99.7,98.5,82.08,99,0.455
0022500614,2026-01-20,1610612741,Chicago Bulls,1,1,0,1.0,48.0,137.6,132.7,105.3,107.8,32.3,24.8,0.769,3.33,26.1,0.256,0.74,0.516,0.115,0.701,0.709,102.4,103.0,85.83,104,0.624
0022500617,2026-01-20,1610612743,Denver Nuggets,1,0,1,0.0,48.0,112.2,112.6,114.9,122.3,-2.7,-9.7,0.692,5.4,20.9,0.14,0.696,0.406,0.053,0.534,0.561,97.7,94.5,78.75,95,0.467
0022500618,2026-01-20,1610612744,Golden State Warriors,1,0,1,0.0,48.0,118.2,121.0,139.9,139.4,-21.6,-18.5,0.596,1.47,18.5,0.375,0.686,0.506,0.181,0.604,0.62,105.6,104.5,87.08,105,0.393
0022500615,2026-01-20,1610612745,Houston Rockets,1,1,0,1.0,48.0,110.3,112.1,101.5,107.1,8.7,5.1,0.674,2.07,21.2,0.227,0.646,0.477,0.141,0.578,0.599,102.5,99.0,82.5,99,0.57
0022500614,2026-01-20,1610612746,LA Clippers,1,0,1,0.0,48.0,105.3,107.8,137.6,132.7,-32.3,-24.8,0.558,1.5,17.3,0.26,0.744,0.484,0.157,0.522,0.553,102.4,103.0,85.83,102,0.376
0022500617,2026-01-20,1610612747,Los Angeles Lakers,1,1,0,1.0,48.0,114.9,122.3,112.2,112.6,2.7,9.7,0.571,1.85,18.2,0.304,0.86,0.594,0.138,0.566,0.592,97.7,94.5,78.75,94,0.533
0022500619,2026-01-20,1610612748,Miami Heat,1,1,0,1.0,48.0,122.0,122.6,112.2,111.4,9.8,11.2,0.702,3.3,21.6,0.25,0.778,0.485,0.094,0.587,0.599,105.4,105.5,87.92,106,0.525
0022500616,2026-01-20,1610612750,Minnesota Timberwolves,1,0,1,0.0,48.0,113.1,116.2,118.2,121.0,-5.1,-4.8,0.636,2.55,18.2,0.35,0.773,0.529,0.105,0.51,0.545,107.7,105.0,87.5,105,0.476
0022500613,2026-01-20,1610612755,Philadelphia 76ers,1,0,1,0.0,48.0,103.9,103.8,107.6,110.5,-3.7,-6.7,0.513,1.05,13.5,0.393,0.635,0.509,0.179,0.478,0.524,106.8,105.5,87.92,106,0.493
0022500613,2026-01-20,1610612756,Phoenix Suns,1,1,0,1.0,48.0,107.6,110.5,103.9,103.8,3.7,6.7,0.625,1.14,16.8,0.365,0.607,0.491,0.21,0.522,0.575,106.8,105.5,87.92,105,0.507
0022500619,2026-01-20,1610612758,Sacramento Kings,1,0,1,0.0,48.0,112.2,111.4,122.0,122.6,-9.8,-11.2,0.614,1.69,19.0,0.222,0.75,0.515,0.152,0.569,0.608,105.4,105.5,87.92,105,0.475
0022500615,2026-01-20,1610612759,San Antonio Spurs,1,0,1,0.0,48.0,101.5,107.1,110.3,112.1,-8.7,-5.1,0.585,2.67,16.7,0.354,0.773,0.523,0.091,0.457,0.484,102.5,99.0,82.5,99,0.43
0022500618,2026-01-20,1610612761,Toronto Raptors,1,1,0,1.0,48.0,139.9,139.4,118.2,121.0,21.6,18.5,0.824,2.47,26.8,0.314,0.625,0.494,0.163,0.715,0.758,105.6,104.5,87.08,104,0.607
0022500616,2026-01-20,1610612762,Utah Jazz,1,1,0,1.0,48.0,118.2,121.0,113.1,116.2,5.1,4.8,0.646,1.82,21.2,0.227,0.65,0.471,0.162,0.621,0.645,107.7,105.0,87.5,105,0.524
0022500623,2026-01-21,1610612737,Atlanta Hawks,1,1,0,1.0,48.0,114.2,118.1,111.0,117.3,3.2,0.8,0.791,2.0,21.8,0.346,0.635,0.49,0.162,0.576,0.605,109.2,104.5,87.08,105,0.522
0022500621,2026-01-21,1610612738,Boston Celtics,1,1,0,1.0,48.0,117.8,117.8,98.9,103.0,18.9,14.9,0.571,1.5,17.1,0.34,0.689,0.537,0.158,0.545,0.601,103.1,101.0,84.17,101,0.591
0022500622,2026-01-21,1610612751,Brooklyn Nets,1,0,1,0.0,48.0,69.7,71.0,131.2,129.0,-61.5,-58.1,0.652,1.07,13.0,0.138,0.743,0.366,0.151,0.361,0.39,93.1,93.0,77.5,93,0.138
0022500620,2026-01-21,1610612766,Charlotte Hornets,1,0,1,0.0,48.0,85.4,90.6,92.6,97.9,-7.2,-7.3,0.606,1.54,14.4,0.348,0.586,0.457,0.135,0.378,0.411,101.7,96.0,80.0,96,0.418
0022500620,2026-01-21,1610612739,Cleveland Cavaliers,1,1,0,1.0,48.0,92.6,97.9,85.4,90.6,7.2,7.3,0.588,0.95,14.3,0.414,0.652,0.543,0.219,0.437,0.482,101.7,96.0,80.0,96,0.582
0022500624,2026-01-21,1610612765,Detroit Pistons,1,1,0,1.0,48.0,106.1,108.7,99.8,102.0,6.3,6.8,0.667,1.3,17.7,0.377,0.685,0.533,0.194,0.528,0.568,104.9,102.5,85.42,103,0.542
0022500621,2026-01-21,1610612754,Indiana Pacers,1,0,1,0.0,48.0,98.9,103.0,117.8,117.8,-18.9,-14.9,0.838,2.21,20.7,0.311,0.66,0.463,0.139,0.457,0.499,103.1,101.0,84.17,101,0.409
0022500623,2026-01-21,1610612763,Memphis Grizzlies,1,0,1,0.0,48.0,111.0,117.3,114.2,118.1,-3.2,-0.8,0.605,1.44,17.6,0.365,0.654,0.51,0.173,0.527,0.582,109.2,104.5,87.08,104,0.478
0022500625,2026-01-21,1610612749,Milwaukee Bucks,1,0,1,0.0,48.0,106.3,105.2,125.0,125.8,-18.7,-20.6,0.75,1.88,22.6,0.14,0.795,0.471,0.165,0.593,0.6,96.8,97.0,80.83,97,0.418
0022500624,2026-01-21,1610612740,New Orleans Pelicans,1,0,1,0.0,48.0,99.8,102.0,106.1,108.7,-6.3,-6.8,0.528,1.0,13.8,0.315,0.623,0.467,0.186,0.459,0.524,104.9,102.5,85.42,102,0.458
0022500622,2026-01-21,1610612752,New York Knicks,1,1,0,1.0,48.0,131.2,129.0,69.7,71.0,61.5,58.1,0.609,2.33,21.5,0.257,0.862,0.634,0.129,0.675,0.686,93.1,93.0,77.5,93,0.862
0022500625,2026-01-21,1610612760,Oklahoma City Thunder,1,1,0,1.0,48.0,125.0,125.8,106.3,105.2,18.7,20.6,0.49,3.0,18.5,0.205,0.86,0.529,0.082,0.622,0.631,96.8,97.0,80.83,97,0.582
0022500626,2026-01-21,1610612758,Sacramento Kings,1,0,1,0.0,48.0,107.2,107.9,120.8,122.0,-13.6,-14.1,0.61,1.56,17.6,0.32,0.673,0.5,0.158,0.517,0.558,101.3,100.5,83.75,101,0.45
0022500626,2026-01-21,1610612761,Toronto Raptors,1,1,0,1.0,48.0,120.8,122.0,107.2,107.9,13.6,14.1,0.698,2.73,20.4,0.327,0.68,0.5,0.11,0.527,0.581,101.3,100.5,83.75,100,0.55
0022500627,2026-01-22,1610612766,Charlotte Hornets,1,1,0,1.0,48.0,130.5,130.5,102.5,102.1,28.1,28.4,0.605,1.73,19.5,0.316,0.833,0.605,0.158,0.652,0.689,94.8,95.0,79.17,95,0.637
0022500631,2026-01-22,1610612741,Chicago Bulls,1,1,0,1.0,48.0,111.6,114.3,109.9,110.6,1.7,3.7,0.737,2.33,19.3,0.255,0.804,0.529,0.114,0.541,0.597,106.1,104.5,87.08,105,0.521
0022500630,2026-01-22,1610612742,Dallas Mavericks,1,1,0,1.0,48.0,111.6,113.9,104.6,106.5,7.0,7.4,0.581,1.14,16.8,0.34,0.836,0.608,0.204,0.576,0.62,110.1,108.0,90.0,108,0.529
0022500629,2026-01-22,1610612743,Denver Nuggets,1,1,0,1.0,48.0,109.8,111.5,102.6,101.0,7.2,10.4,0.595,1.57,16.7,0.304,0.704,0.52,0.146,0.5,0.566,96.0,96.0,80.0,96,0.591
0022500630,2026-01-22,1610612744,Golden State Warriors,1,0,1,0.0,48.0,104.6,106.5,111.6,113.9,-7.0,-7.4,0.674,2.9,19.9,0.164,0.66,0.392,0.093,0.526,0.553,110.1,108.0,90.0,108,0.471
0022500628,2026-01-22,1610612745,Houston Rockets,1,0,1,0.0,53.0,109.4,116.2,122.3,123.1,-12.9,-6.9,0.717,1.94,20.2,0.403,0.762,0.548,0.162,0.556,0.557,97.9,94.64,78.87,105,0.43
0022500633,2026-01-22,1610612746,LA Clippers,1,1,0,1.0,48.0,111.7,115.5,104.1,105.1,7.6,10.4,0.575,1.15,16.9,0.356,0.796,0.585,0.206,0.548,0.601,100.1,98.0,81.67,97,0.516
0022500633,2026-01-22,1610612747,Los Angeles Lakers,1,0,1,0.0,48.0,104.1,105.1,111.7,115.5,-7.6,-10.4,0.6,2.4,18.0,0.204,0.644,0.415,0.101,0.517,0.542,100.1,98.0,81.67,99,0.484
0022500634,2026-01-22,1610612748,Miami Heat,1,0,1,0.0,48.0,106.4,105.8,117.9,123.3,-11.5,-17.5,0.628,1.8,18.1,0.327,0.583,0.447,0.144,0.505,0.537,105.5,103.5,86.25,104,0.461
0022500631,2026-01-22,1610612750,Minnesota Timberwolves,1,0,1,0.0,48.0,109.9,110.6,111.6,114.3,-1.7,-3.7,0.674,2.07,20.3,0.196,0.745,0.471,0.135,0.543,0.577,106.1,104.5,87.08,104,0.479
0022500627,2026-01-22,1610612753,Orlando Magic,1,0,1,0.0,48.0,102.5,102.1,130.5,130.5,-28.1,-28.4,0.758,2.08,19.7,0.167,0.684,0.395,0.126,0.506,0.547,94.8,95.0,79.17,95,0.363
0022500628,2026-01-22,1610612755,Philadelphia 76ers,1,1,0,1.0,53.0,122.3,123.1,109.4,116.2,12.9,6.9,0.837,2.73,26.5,0.238,0.597,0.452,0.144,0.612,0.649,97.9,94.64,78.87,104,0.57
0022500634,2026-01-22,1610612757,Portland Trail Blazers,1,1,0,1.0,48.0,117.9,123.3,106.4,105.8,11.5,17.5,0.542,1.3,17.4,0.417,0.673,0.553,0.194,0.604,0.624,105.5,103.5,86.25,103,0.539
0022500632,2026-01-22,1610612759,San Antonio Spurs,1,1,0,1.0,48.0,124.1,126.0,107.2,110.1,16.9,15.9,0.682,2.73,21.4,0.222,0.735,0.489,0.11,0.609,0.646,101.6,99.5,82.92,100,0.569
0022500632,2026-01-22,1610612762,Utah Jazz,1,0,1,0.0,48.0,107.2,110.1,124.1,126.0,-16.9,-15.9,0.721,1.82,21.8,0.265,0.778,0.511,0.172,0.544,0.569,101.6,99.5,82.92,99,0.431
0022500629,2026-01-22,1610612764,Washington Wizards,1,0,1,0.0,48.0,102.6,101.0,109.8,111.5,-7.2,-10.4,0.625,1.43,15.2,0.296,0.696,0.48,0.146,0.458,0.513,96.0,96.0,80.0,96,0.409
0022500636,2026-01-23,1610612737,Atlanta Hawks,1,1,0,1.0,48.0,110.0,108.9,102.0,102.0,7.9,6.9,0.651,1.33,20.1,0.238,0.755,0.526,0.208,0.611,0.625,100.5,101.0,84.17,101,0.524
0022500637,2026-01-23,1610612738,Boston Celtics,1,1,0,1.0,58.0,112.0,118.2,112.5,114.5,-0.5,3.6,0.714,3.89,21.5,0.286,0.596,0.433,0.082,0.55,0.56,94.3,91.03,75.86,110,0.512
0022500637,2026-01-23,1610612751,Brooklyn Nets,1,0,1,0.0,58.0,112.5,114.5,112.0,118.2,0.5,-3.6,0.524,1.22,14.3,0.404,0.714,0.567,0.164,0.511,0.573,94.3,91.03,75.86,110,0.488
0022500638,2026-01-23,1610612739,Cleveland Cavaliers,1,1,0,1.0,48.0,124.4,125.5,118.4,121.6,6.0,3.9,0.523,3.29,16.5,0.351,0.708,0.514,0.071,0.526,0.57,99.3,97.5,81.25,98,0.523
0022500640,2026-01-23,1610612743,Denver Nuggets,1,1,0,1.0,48.0,102.9,106.3,103.2,105.3,-0.3,1.0,0.771,3.38,20.1,0.222,0.732,0.482,0.083,0.471,0.525,98.0,95.5,79.58,96,0.521
0022500635,2026-01-23,1610612765,Detroit Pistons,1,0,1,0.0,48.0,101.4,106.1,114.2,113.3,-12.8,-7.1,0.55,1.29,16.5,0.277,0.643,0.449,0.173,0.518,0.55,99.9,98.0,81.67,98,0.424
0022500635,2026-01-23,1610612745,Houston Rockets,1,1,0,1.0,48.0,114.2,113.3,101.4,106.1,12.8,7.1,0.538,1.24,15.7,0.357,0.723,0.551,0.173,0.551,0.602,99.9,98.0,81.67,98,0.576
0022500641,2026-01-23,1610612754,Indiana Pacers,1,1,0,1.0,48.0,114.9,117.0,113.8,112.9,1.2,4.1,0.756,3.09,22.5,0.304,0.844,0.545,0.11,0.552,0.558,101.0,100.5,83.75,100,0.506
0022500639,2026-01-23,1610612763,Memphis Grizzlies,1,0,1,0.0,48.0,119.0,121.0,126.0,126.7,-7.0,-5.7,0.756,1.79,21.8,0.354,0.636,0.505,0.181,0.587,0.625,106.1,105.0,87.5,105,0.476
0022500640,2026-01-23,1610612749,Milwaukee Bucks,1,0,1,0.0,48.0,103.2,105.3,102.9,106.3,0.3,-1.0,0.706,2.18,17.9,0.268,0.778,0.518,0.116,0.471,0.516,98.0,95.5,79.58,95,0.479
0022500639,2026-01-23,1610612740,New Orleans Pelicans,1,1,0,1.0,48.0,126.0,126.7,119.0,121.0,7.0,5.7,0.63,2.9,18.8,0.364,0.646,0.495,0.095,0.53,0.586,106.1,105.0,87.5,105,0.524
0022500641,2026-01-23,1610612760,Oklahoma City Thunder,1,0,1,0.0,48.0,113.8,112.9,114.9,117.0,-1.2,-4.1,0.45,2.0,14.3,0.156,0.696,0.455,0.089,0.53,0.599,101.0,100.5,83.75,101,0.494
0022500636,2026-01-23,1610612756,Phoenix Suns,1,0,1,0.0,48.0,102.0,102.0,110.0,108.9,-7.9,-6.9,0.571,1.85,17.4,0.245,0.762,0.474,0.129,0.5,0.52,100.5,101.0,84.17,101,0.476
0022500642,2026-01-23,1610612757,Portland Trail Blazers,1,0,1,0.0,48.0,94.8,101.0,111.7,112.2,-16.9,-11.2,0.564,1.47,15.7,0.367,0.733,0.524,0.155,0.464,0.479,100.9,97.5,81.25,97,0.413
0022500638,2026-01-23,1610612758,Sacramento Kings,1,0,1,0.0,48.0,118.4,121.6,124.4,125.5,-6.0,-3.9,0.619,2.36,19.1,0.292,0.649,0.486,0.113,0.545,0.598,99.3,97.5,81.25,97,0.477
0022500642,2026-01-23,1610612761,Toronto Raptors,1,1,0,1.0,48.0,111.7,112.2,94.8,101.0,16.9,11.2,0.622,1.75,20.4,0.267,0.633,0.476,0.163,0.582,0.595,100.9,97.5,81.25,98,0.587
0022500647,2026-01-24,1610612738,Boston Celtics,1,0,1,0.0,48.0,109.9,120.7,119.3,123.9,-9.4,-3.3,0.636,4.67,20.4,0.321,0.698,0.485,0.065,0.52,0.539,98.2,92.0,76.67,92,0.492
0022500645,2026-01-24,1610612766,Charlotte Hornets,1,1,0,1.0,48.0,117.6,120.2,111.7,113.9,5.9,6.3,0.732,1.43,21.0,0.35,0.692,0.543,0.212,0.608,0.645,102.1,100.0,83.33,99,0.531
0022500647,2026-01-24,1610612741,Chicago Bulls,1,1,0,1.0,48.0,119.3,123.9,109.9,120.7,9.4,3.3,0.744,2.13,23.5,0.302,0.679,0.515,0.163,0.629,0.644,98.2,92.0,76.67,92,0.508
0022500646,2026-01-24,1610612739,Cleveland Cavaliers,1,1,0,1.0,48.0,119.4,120.2,103.9,105.0,15.5,15.2,0.628,1.59,19.7,0.268,0.66,0.484,0.172,0.623,0.656,100.4,99.5,82.92,99,0.58
0022500648,2026-01-24,1610612742,Dallas Mavericks,1,0,1,0.0,48.0,103.0,105.8,112.9,111.5,-9.8,-5.8,0.564,2.0,15.5,0.267,0.667,0.456,0.106,0.468,0.515,104.8,104.0,86.67,104,0.454
0022500648,2026-01-24,1610612747,Los Angeles Lakers,1,1,0,1.0,48.0,112.9,111.5,103.0,105.8,9.8,5.8,0.65,1.63,17.6,0.333,0.733,0.544,0.154,0.522,0.564,104.8,104.0,86.67,104,0.546
0022500649,2026-01-24,1610612748,Miami Heat,1,1,0,1.0,48.0,128.4,132.4,104.2,104.5,24.2,27.9,0.745,2.5,19.8,0.492,0.8,0.628,0.126,0.523,0.581,112.9,111.0,92.5,111,0.583
0022500643,2026-01-24,1610612752,New York Knicks,1,1,0,1.0,48.0,115.6,114.3,111.5,112.4,4.1,1.9,0.659,2.45,18.4,0.386,0.795,0.564,0.112,0.522,0.534,97.3,97.5,81.25,98,0.495
0022500646,2026-01-24,1610612753,Orlando Magic,1,0,1,0.0,48.0,103.9,105.0,119.4,120.2,-15.5,-15.2,0.636,1.31,15.4,0.34,0.732,0.516,0.16,0.475,0.552,100.4,99.5,82.92,100,0.42
0022500643,2026-01-24,1610612755,Philadelphia 76ers,1,0,1,0.0,48.0,111.5,112.4,115.6,114.3,-4.1,-1.9,0.615,1.71,18.5,0.205,0.614,0.436,0.144,0.565,0.607,97.3,97.5,81.25,97,0.505
0022500649,2026-01-24,1610612762,Utah Jazz,1,0,1,0.0,48.0,104.2,104.5,128.4,132.4,-24.2,-27.9,0.818,2.57,23.1,0.2,0.508,0.372,0.126,0.516,0.556,112.9,111.0,92.5,111,0.417
0022500645,2026-01-24,1610612764,Washington Wizards,1,0,1,0.0,48.0,111.7,113.9,117.6,120.2,-5.9,-6.3,0.795,2.69,23.5,0.308,0.65,0.457,0.129,0.557,0.575,102.1,100.0,83.33,101,0.469
0022500656,2026-01-25,1610612751,Brooklyn Nets,1,0,1,0.0,48.0,85.6,87.3,122.6,123.5,-37.0,-36.3,0.793,1.35,16.8,0.207,0.757,0.421,0.167,0.394,0.464,103.4,102.0,85.0,102,0.32
0022500650,2026-01-25,1610612765,Detroit Pistons,1,1,0,1.0,48.0,130.7,139.0,112.3,114.9,18.5,24.1,0.62,1.63,20.3,0.5,0.66,0.582,0.19,0.637,0.673,104.8,100.5,83.75,100,0.591
0022500644,2026-01-25,1610612744,Golden State Warriors,1,1,0,1.0,48.0,102.7,106.7,81.9,82.5,20.9,24.2,0.775,2.58,21.1,0.236,0.745,0.491,0.115,0.505,0.544,105.9,103.5,86.25,104,0.681
0022500656,2026-01-25,1610612746,LA Clippers,1,1,0,1.0,48.0,122.6,123.5,85.6,87.3,37.0,36.3,0.455,1.05,15.3,0.243,0.793,0.579,0.186,0.641,0.694,103.4,102.0,85.0,102,0.68
0022500655,2026-01-25,1610612748,Miami Heat,1,1,0,1.0,48.0,111.3,108.8,100.6,101.0,10.7,7.8,0.538,1.75,14.8,0.339,0.667,0.516,0.118,0.468,0.525,100.6,101.5,84.58,102,0.589
0022500644,2026-01-25,1610612750,Minnesota Timberwolves,1,0,1,0.0,48.0,81.9,82.5,102.7,106.7,-20.9,-24.2,0.533,0.62,12.0,0.255,0.764,0.509,0.252,0.462,0.484,105.9,103.5,86.25,103,0.319
0022500654,2026-01-25,1610612740,New Orleans Pelicans,1,1,0,1.0,48.0,103.5,108.3,97.9,100.0,5.6,8.3,0.561,2.3,15.9,0.429,0.768,0.588,0.104,0.446,0.475,98.8,95.5,79.58,96,0.534
0022500653,2026-01-25,1610612760,Oklahoma City Thunder,1,0,1,0.0,48.0,106.7,104.1,106.8,105.1,-0.1,-1.0,0.636,1.91,17.1,0.111,0.698,0.429,0.113,0.513,0.57,95.5,97.5,81.25,97,0.47
0022500655,2026-01-25,1610612756,Phoenix Suns,1,0,1,0.0,48.0,100.6,101.0,111.3,108.8,-10.7,-7.8,0.378,1.27,10.2,0.333,0.661,0.484,0.109,0.405,0.458,100.6,101.5,84.58,101,0.411
0022500650,2026-01-25,1610612758,Sacramento Kings,1,0,1,0.0,48.0,112.3,114.9,130.7,139.0,-18.5,-24.1,0.727,1.68,21.5,0.34,0.5,0.418,0.188,0.589,0.602,104.8,100.5,83.75,101,0.409
0022500654,2026-01-25,1610612759,San Antonio Spurs,1,0,1,0.0,48.0,97.9,100.0,103.5,108.3,-5.6,-8.3,0.688,1.83,16.9,0.232,0.571,0.412,0.126,0.469,0.5,98.8,95.5,79.58,95,0.466
0022500653,2026-01-25,1610612761,Toronto Raptors,1,1,0,1.0,48.0,106.8,105.1,106.7,104.1,0.1,1.0,0.757,2.55,19.7,0.302,0.889,0.571,0.112,0.5,0.529,95.5,97.5,81.25,98,0.53
0022500659,2026-01-26,1610612737,Atlanta Hawks,1,1,0,1.0,48.0,119.5,118.9,101.8,106.4,17.7,12.5,0.714,2.5,21.9,0.275,0.769,0.524,0.126,0.592,0.626,112.2,110.0,91.67,111,0.547
0022500660,2026-01-26,1610612738,Boston Celtics,1,1,0,1.0,48.0,97.2,104.1,95.7,95.9,1.5,8.2,0.615,1.41,17.1,0.333,0.735,0.524,0.173,0.506,0.521,101.6,98.0,81.67,98,0.528
0022500657,2026-01-26,1610612766,Charlotte Hornets,1,1,0,1.0,48.0,122.8,128.7,90.9,91.2,31.9,37.5,0.723,1.36,22.4,0.425,0.719,0.598,0.248,0.669,0.685,104.1,101.5,84.58,101,0.688
0022500661,2026-01-26,1610612741,Chicago Bulls,1,0,1,0.0,48.0,118.1,116.8,129.3,127.7,-11.2,-10.9,0.721,2.07,22.3,0.167,0.902,0.53,0.149,0.634,0.656,99.8,101.0,84.17,101,0.466
0022500658,2026-01-26,1610612739,Cleveland Cavaliers,1,1,0,1.0,48.0,114.1,120.0,98.4,102.1,15.7,17.9,0.548,1.44,17.8,0.262,0.69,0.51,0.168,0.601,0.627,99.7,95.5,79.58,95,0.592
0022500663,2026-01-26,1610612744,Golden State Warriors,1,0,1,0.0,48.0,76.3,77.6,102.4,100.9,-26.1,-23.4,0.636,1.11,14.6,0.25,0.787,0.477,0.178,0.395,0.412,107.1,107.0,89.17,107,0.311
0022500662,2026-01-26,1610612745,Houston Rockets,1,1,0,1.0,48.0,107.1,108.0,94.8,101.0,12.4,7.0,0.707,1.81,19.1,0.411,0.636,0.533,0.16,0.505,0.536,102.6,99.0,82.5,100,0.598
0022500659,2026-01-26,1610612754,Indiana Pacers,1,0,1,0.0,48.0,101.8,106.4,119.5,118.9,-17.7,-12.5,0.721,1.82,20.4,0.231,0.725,0.476,0.156,0.516,0.558,112.2,110.0,91.67,109,0.453
0022500661,2026-01-26,1610612747,Los Angeles Lakers,1,1,0,1.0,48.0,129.3,127.7,118.1,116.8,11.2,10.9,0.565,3.25,19.8,0.098,0.833,0.47,0.079,0.659,0.681,99.8,101.0,84.17,101,0.534
0022500662,2026-01-26,1610612763,Memphis Grizzlies,1,0,1,0.0,48.0,94.8,101.0,107.1,108.0,-12.4,-7.0,0.667,2.0,17.6,0.364,0.589,0.467,0.133,0.405,0.44,102.6,99.0,82.5,98,0.402
0022500663,2026-01-26,1610612750,Minnesota Timberwolves,1,1,0,1.0,48.0,102.4,100.9,76.3,77.6,26.1,23.4,0.784,1.32,19.9,0.213,0.75,0.523,0.206,0.543,0.584,107.1,107.0,89.17,107,0.689
0022500658,2026-01-26,1610612753,Orlando Magic,1,0,1,0.0,48.0,98.4,102.1,114.1,120.0,-15.7,-17.9,0.553,1.75,15.7,0.31,0.738,0.49,0.125,0.463,0.487,99.7,95.5,79.58,96,0.408
0022500657,2026-01-26,1610612755,Philadelphia 76ers,1,0,1,0.0,48.0,90.9,91.2,122.8,128.7,-31.9,-37.5,0.571,1.18,14.6,0.281,0.575,0.402,0.167,0.444,0.478,104.1,101.5,84.58,102,0.312
0022500660,2026-01-26,1610612757,Portland Trail Blazers,1,0,1,0.0,48.0,95.7,95.9,97.2,104.1,-1.5,-8.2,0.531,0.94,13.4,0.265,0.667,0.476,0.184,0.474,0.515,101.6,98.0,81.67,98,0.472
0022500669,2026-01-27,1610612751,Brooklyn Nets,1,0,1,0.0,48.0,109.3,114.6,116.7,117.8,-7.5,-3.2,0.737,1.27,20.9,0.436,0.639,0.533,0.247,0.593,0.612,92.1,89.5,74.58,89,0.46
0022500668,2026-01-27,1610612743,Denver Nuggets,1,0,1,0.0,48.0,111.3,113.8,113.6,116.0,-2.3,-2.1,0.55,1.47,16.7,0.348,0.698,0.535,0.16,0.536,0.568,96.0,94.0,78.33,94,0.503
0022500668,2026-01-27,1610612765,Detroit Pistons,1,1,0,1.0,48.0,113.6,116.0,111.3,113.8,2.3,2.1,0.545,3.43,17.9,0.302,0.652,0.465,0.074,0.5,0.535,96.0,94.0,78.33,94,0.497
0022500670,2026-01-27,1610612746,LA Clippers,1,1,0,1.0,48.0,119.5,119.8,104.8,109.6,14.6,10.2,0.659,2.45,19.6,0.34,0.696,0.51,0.115,0.568,0.591,97.2,95.0,79.17,96,0.534
0022500666,2026-01-27,1610612749,Milwaukee Bucks,1,0,1,0.0,48.0,119.7,123.2,139.6,141.8,-19.8,-18.6,0.659,2.42,20.4,0.304,0.64,0.479,0.121,0.599,0.623,100.7,98.5,82.08,99,0.453
0022500667,2026-01-27,1610612740,New Orleans Pelicans,1,0,1,0.0,48.0,98.3,97.9,103.9,109.5,-5.6,-11.5,0.735,2.78,17.1,0.358,0.667,0.496,0.093,0.394,0.437,98.4,96.0,80.0,97,0.453
0022500665,2026-01-27,1610612752,New York Knicks,1,1,0,1.0,48.0,108.5,108.4,90.5,90.6,18.0,17.8,0.649,1.14,18.0,0.318,0.679,0.515,0.221,0.558,0.599,95.5,95.5,79.58,95,0.599
0022500667,2026-01-27,1610612760,Oklahoma City Thunder,1,1,0,1.0,48.0,103.9,109.5,98.3,97.9,5.6,11.5,0.714,1.56,18.1,0.333,0.642,0.504,0.168,0.477,0.535,98.4,96.0,80.0,95,0.547
0022500666,2026-01-27,1610612755,Philadelphia 76ers,1,1,0,1.0,48.0,139.6,141.8,119.7,123.2,19.8,18.6,0.66,5.0,23.2,0.36,0.696,0.521,0.071,0.634,0.646,100.7,98.5,82.08,98,0.547
0022500669,2026-01-27,1610612756,Phoenix Suns,1,1,0,1.0,48.0,116.7,117.8,109.3,114.6,7.5,3.2,0.512,1.47,17.6,0.361,0.564,0.467,0.167,0.591,0.618,92.1,89.5,74.58,90,0.54
0022500664,2026-01-27,1610612757,Portland Trail Blazers,1,0,1,0.0,48.0,100.8,103.7,107.2,107.5,-6.4,-3.7,0.452,0.95,11.8,0.507,0.729,0.608,0.187,0.45,0.466,108.7,107.0,89.17,107,0.428
0022500665,2026-01-27,1610612758,Sacramento Kings,1,0,1,0.0,48.0,90.5,90.6,108.5,108.4,-18.0,-17.8,0.514,1.06,13.8,0.321,0.682,0.485,0.177,0.431,0.467,95.5,95.5,79.58,96,0.401
0022500670,2026-01-27,1610612762,Utah Jazz,1,0,1,0.0,48.0,104.8,109.6,119.5,119.8,-14.6,-10.2,0.757,1.65,20.6,0.304,0.66,0.49,0.181,0.524,0.564,97.2,95.0,79.17,94,0.466
0022500664,2026-01-27,1610612764,Washington Wizards,1,1,0,1.0,48.0,107.2,107.5,100.8,103.7,6.4,3.7,0.675,1.93,18.0,0.271,0.493,0.392,0.131,0.495,0.536,108.7,107.0,89.17,107,0.572
0022500673,2026-01-28,1610612737,Atlanta Hawks,1,1,0,1.0,48.0,119.7,120.6,109.2,110.4,10.5,10.2,0.644,3.22,21.0,0.245,0.647,0.45,0.093,0.581,0.593,97.4,96.5,80.42,97,0.532
0022500673,2026-01-28,1610612738,Boston Celtics,1,0,1,0.0,48.0,109.2,110.4,119.7,120.6,-10.5,-10.2,0.5,1.31,15.7,0.353,0.755,0.55,0.167,0.522,0.552,97.4,96.5,80.42,96,0.468
0022500676,2026-01-28,1610612766,Charlotte Hornets,1,1,0,1.0,48.0,111.4,121.7,106.3,105.4,5.2,16.3,0.568,1.25,18.0,0.468,0.723,0.596,0.217,0.583,0.599,95.9,92.0,76.67,92,0.522
0022500672,2026-01-28,1610612741,Chicago Bulls,1,0,1,0.0,48.0,112.3,113.4,117.7,115.3,-5.4,-1.9,0.643,2.45,20.1,0.2,0.82,0.51,0.113,0.545,0.573,97.0,97.5,81.25,97,0.462
0022500671,2026-01-28,1610612739,Cleveland Cavaliers,1,1,0,1.0,48.0,130.7,133.0,102.1,102.1,28.5,30.9,0.627,3.2,22.1,0.383,0.783,0.581,0.103,0.613,0.628,97.8,97.0,80.83,97,0.633
0022500677,2026-01-28,1610612742,Dallas Mavericks,1,0,1,0.0,48.0,98.9,100.0,110.4,112.4,-11.5,-12.4,0.579,1.16,15.1,0.365,0.722,0.547,0.181,0.47,0.519,106.5,105.0,87.5,105,0.438
0022500678,2026-01-28,1610612744,Golden State Warriors,1,1,0,1.0,48.0,130.6,130.8,113.2,114.8,17.4,16.0,0.848,1.95,24.7,0.293,0.714,0.522,0.187,0.669,0.706,108.4,107.5,89.58,107,0.556
0022500679,2026-01-28,1610612745,Houston Rockets,1,0,1,0.0,48.0,95.3,100.0,111.5,112.1,-16.2,-12.1,0.59,1.64,15.9,0.381,0.738,0.524,0.141,0.434,0.463,101.7,99.0,82.5,99,0.406
0022500672,2026-01-28,1610612754,Indiana Pacers,1,1,0,1.0,48.0,117.7,115.3,112.3,113.4,5.4,1.9,0.789,5.0,22.1,0.18,0.8,0.49,0.061,0.535,0.589,97.0,97.5,81.25,98,0.538
0022500671,2026-01-28,1610612747,Los Angeles Lakers,1,0,1,0.0,48.0,102.1,102.1,130.7,133.0,-28.5,-30.9,0.538,1.31,16.4,0.217,0.617,0.419,0.165,0.537,0.557,97.8,97.0,80.83,97,0.367
0022500676,2026-01-28,1610612763,Memphis Grizzlies,1,0,1,0.0,48.0,106.3,105.4,111.4,121.7,-5.2,-16.3,0.73,2.08,20.6,0.277,0.532,0.404,0.141,0.543,0.562,95.9,92.0,76.67,92,0.478
0022500674,2026-01-28,1610612748,Miami Heat,1,0,1,0.0,48.0,115.8,115.9,124.9,123.1,-9.1,-7.3,0.614,1.5,18.8,0.222,0.745,0.51,0.168,0.585,0.632,106.8,107.5,89.58,107,0.462
0022500677,2026-01-28,1610612750,Minnesota Timberwolves,1,1,0,1.0,48.0,110.4,112.4,98.9,100.0,11.5,12.4,0.605,2.17,17.8,0.278,0.635,0.453,0.114,0.521,0.557,106.5,105.0,87.5,105,0.563
0022500675,2026-01-28,1610612752,New York Knicks,1,1,0,1.0,48.0,115.6,117.8,92.2,92.0,23.4,25.8,0.711,1.78,21.6,0.326,0.706,0.526,0.178,0.578,0.608,101.3,100.5,83.75,101,0.632
0022500674,2026-01-28,1610612753,Orlando Magic,1,1,0,1.0,48.0,124.9,123.1,115.8,115.9,9.1,7.3,0.692,5.14,22.8,0.255,0.778,0.49,0.065,0.577,0.597,106.8,107.5,89.58,108,0.538
0022500679,2026-01-28,1610612759,San Antonio Spurs,1,1,0,1.0,48.0,111.5,112.1,95.3,100.0,16.2,12.1,0.636,1.87,20.3,0.262,0.619,0.476,0.152,0.573,0.6,101.7,99.0,82.5,99,0.594
0022500675,2026-01-28,1610612761,Toronto Raptors,1,0,1,0.0,48.0,92.2,92.0,115.6,117.8,-23.4,-25.8,0.667,1.0,14.8,0.294,0.674,0.474,0.2,0.424,0.501,101.3,100.5,83.75,100,0.368
0022500678,2026-01-28,1610612762,Utah Jazz,1,0,1,0.0,48.0,113.2,114.8,130.6,130.8,-17.4,-16.0,0.864,2.0,24.1,0.286,0.707,0.478,0.176,0.572,0.617,108.4,107.5,89.58,108,0.444
0022500682,2026-01-29,1610612737,Atlanta Hawks,1,0,1,0.0,48.0,91.4,95.6,114.5,114.3,-23.1,-18.7,0.559,1.58,14.8,0.317,0.552,0.432,0.133,0.43,0.448,92.4,90.5,75.42,90,0.378
0022500684,2026-01-29,1610612751,Brooklyn Nets,1,0,1,0.0,48.0,117.2,118.4,117.6,121.6,-0.4,-3.2,0.649,2.67,18.9,0.314,0.735,0.52,0.103,0.518,0.554,89.5,87.5,72.92,87,0.471
0022500683,2026-01-29,1610612766,Charlotte Hornets,1,1,0,1.0,48.0,121.9,120.6,115.2,119.8,6.7,0.8,0.651,2.8,19.9,0.22,0.702,0.477,0.098,0.582,0.622,103.0,101.5,84.58,102,0.506
0022500529,2026-01-29,1610612741,Chicago Bulls,1,0,1,0.0,48.0,105.8,104.6,107.8,108.4,-2.0,-3.8,0.676,1.56,16.4,0.322,0.769,0.532,0.148,0.473,0.529,107.2,107.5,89.58,108,0.444
0022500683,2026-01-29,1610612742,Dallas Mavericks,1,0,1,0.0,48.0,115.2,119.8,121.9,120.6,-6.7,-0.8,0.542,3.25,18.2,0.298,0.78,0.523,0.079,0.519,0.55,103.0,101.5,84.58,101,0.494
0022500684,2026-01-29,1610612743,Denver Nuggets,1,1,0,1.0,48.0,117.6,121.6,117.2,118.4,0.4,3.2,0.632,3.43,19.2,0.265,0.686,0.48,0.08,0.556,0.588,89.5,87.5,72.92,88,0.529
0022500685,2026-01-29,1610612765,Detroit Pistons,1,0,1,0.0,48.0,99.8,100.0,116.6,118.8,-16.9,-18.8,0.703,2.89,19.7,0.2,0.659,0.415,0.094,0.46,0.499,97.0,96.0,80.0,96,0.446
0022500682,2026-01-29,1610612745,Houston Rockets,1,1,0,1.0,48.0,114.5,114.3,91.4,95.6,23.1,18.7,0.59,1.92,16.4,0.448,0.683,0.568,0.132,0.489,0.516,92.4,90.5,75.42,91,0.622
0022500529,2026-01-29,1610612748,Miami Heat,1,1,0,1.0,48.0,107.8,108.4,105.8,104.6,2.0,3.8,0.69,2.07,19.6,0.231,0.678,0.468,0.131,0.516,0.56,107.2,107.5,89.58,107,0.556
0022500681,2026-01-29,1610612749,Milwaukee Bucks,1,0,1,0.0,48.0,95.2,97.1,105.5,107.9,-10.3,-10.9,0.61,2.78,18.0,0.224,0.667,0.449,0.088,0.469,0.485,103.6,101.5,84.58,102,0.445
0022500686,2026-01-29,1610612750,Minnesota Timberwolves,1,1,0,1.0,48.0,120.7,124.2,111.2,113.3,9.5,11.0,0.578,1.3,17.8,0.438,0.702,0.568,0.202,0.629,0.635,100.9,98.5,82.08,99,0.516
0022500686,2026-01-29,1610612760,Oklahoma City Thunder,1,0,1,0.0,48.0,111.2,113.3,120.7,124.2,-9.5,-11.0,0.659,1.69,19.4,0.298,0.563,0.432,0.163,0.541,0.585,100.9,98.5,82.08,98,0.484
0022500680,2026-01-29,1610612755,Philadelphia 76ers,1,1,0,1.0,48.0,122.0,124.2,117.9,120.7,4.0,3.5,0.641,2.78,20.8,0.111,0.523,0.338,0.099,0.597,0.66,93.4,91.5,76.25,91,0.538
0022500685,2026-01-29,1610612756,Phoenix Suns,1,1,0,1.0,48.0,116.6,118.8,99.8,100.0,16.9,18.8,0.595,1.29,16.7,0.341,0.8,0.585,0.177,0.57,0.621,97.0,96.0,80.0,96,0.554
0022500680,2026-01-29,1610612758,Sacramento Kings,1,0,1,0.0,48.0,117.9,120.7,122.0,124.2,-4.0,-3.5,0.512,1.24,15.7,0.477,0.889,0.663,0.185,0.561,0.602,93.4,91.5,76.25,92,0.462
0022500681,2026-01-29,1610612764,Washington Wizards,1,1,0,1.0,48.0,105.5,107.9,95.2,97.1,10.3,10.9,0.553,1.62,14.8,0.333,0.776,0.551,0.129,0.438,0.503,103.6,101.5,84.58,101,0.555
0022500689,2026-01-30,1610612738,Boston Celtics,1,1,0,1.0,48.0,120.4,124.4,98.8,103.3,21.6,21.1,0.595,3.57,18.8,0.327,0.635,0.477,0.078,0.548,0.56,93.6,90.0,75.0,90,0.592
0022500694,2026-01-30,1610612751,Brooklyn Nets,1,1,0,1.0,48.0,114.4,118.5,108.4,106.5,6.0,12.0,0.692,2.25,20.0,0.333,0.844,0.581,0.13,0.561,0.578,93.3,92.5,77.08,92,0.549
0022500693,2026-01-30,1610612739,Cleveland Cavaliers,1,0,1,0.0,48.0,104.8,108.7,119.0,121.2,-14.2,-12.5,0.756,1.55,21.4,0.382,0.698,0.52,0.212,0.541,0.555,106.9,104.0,86.67,104,0.445
0022500695,2026-01-30,1610612743,Denver Nuggets,1,1,0,1.0,48.0,131.1,129.8,116.9,116.0,14.2,13.8,0.75,2.31,22.6,0.25,0.76,0.547,0.138,0.658,0.701,93.2,94.0,78.33,94,0.584
0022500696,2026-01-30,1610612765,Detroit Pistons,1,1,0,1.0,48.0,117.1,118.0,110.3,109.7,6.8,8.3,0.674,1.94,19.5,0.321,0.759,0.542,0.144,0.537,0.591,112.1,112.0,93.33,111,0.544
0022500696,2026-01-30,1610612744,Golden State Warriors,1,0,1,0.0,48.0,110.3,109.7,117.1,118.0,-6.8,-8.3,0.775,1.72,19.7,0.241,0.679,0.458,0.159,0.544,0.588,112.1,112.0,93.33,113,0.456
0022500695,2026-01-30,1610612746,LA Clippers,1,0,1,0.0,48.0,116.9,116.0,131.1,129.8,-14.2,-13.8,0.725,3.22,21.5,0.24,0.75,0.453,0.096,0.547,0.572,93.2,94.0,78.33,94,0.416
0022500688,2026-01-30,1610612747,Los Angeles Lakers,1,1,0,1.0,48.0,135.1,135.2,105.3,105.7,29.8,29.5,0.731,2.24,24.2,0.378,0.661,0.548,0.162,0.694,0.717,105.2,105.0,87.5,105,0.67
0022500691,2026-01-30,1610612763,Memphis Grizzlies,1,0,1,0.0,48.0,102.3,107.1,112.4,112.9,-10.1,-5.8,0.65,1.3,17.9,0.377,0.612,0.49,0.202,0.495,0.532,102.5,100.0,83.33,99,0.458
0022500691,2026-01-30,1610612740,New Orleans Pelicans,1,1,0,1.0,48.0,112.4,112.9,102.3,107.1,10.1,5.8,0.558,1.5,16.7,0.388,0.623,0.51,0.158,0.534,0.573,102.5,100.0,83.33,101,0.542
0022500690,2026-01-30,1610612752,New York Knicks,1,1,0,1.0,48.0,123.1,127.0,95.7,97.0,27.4,30.0,0.604,2.07,19.5,0.377,0.771,0.564,0.14,0.581,0.604,102.3,100.0,83.33,100,0.616
0022500687,2026-01-30,1610612753,Orlando Magic,1,1,0,1.0,48.0,125.9,127.5,114.2,117.6,11.7,9.8,0.7,2.33,20.7,0.125,0.791,0.47,0.118,0.622,0.689,104.2,102.0,85.0,102,0.52
0022500693,2026-01-30,1610612756,Phoenix Suns,1,1,0,1.0,48.0,119.0,121.2,104.8,108.7,14.2,12.5,0.689,1.41,20.9,0.302,0.618,0.48,0.212,0.665,0.678,106.9,104.0,86.67,104,0.555
0022500690,2026-01-30,1610612757,Portland Trail Blazers,1,0,1,0.0,48.0,95.7,97.0,123.1,127.0,-27.4,-30.0,0.657,1.15,17.3,0.229,0.623,0.436,0.2,0.512,0.543,102.3,100.0,83.33,100,0.384
0022500689,2026-01-30,1610612758,Sacramento Kings,1,0,1,0.0,48.0,98.8,103.3,120.4,124.4,-21.6,-21.1,0.613,1.19,14.8,0.365,0.673,0.523,0.178,0.434,0.499,93.6,90.0,75.0,90,0.408
0022500687,2026-01-30,1610612761,Toronto Raptors,1,0,1,0.0,48.0,114.2,117.6,125.9,127.5,-11.7,-9.8,0.75,2.36,22.9,0.209,0.875,0.53,0.137,0.565,0.612,104.2,102.0,85.0,102,0.48
0022500694,2026-01-30,1610612762,Utah Jazz,1,0,1,0.0,48.0,108.4,106.5,114.4,118.5,-6.0,-12.0,0.667,2.36,20.8,0.156,0.667,0.419,0.118,0.564,0.573,93.3,92.5,77.08,93,0.451
0022500688,2026-01-30,1610612764,Washington Wizards,1,0,1,0.0,48.0,105.3,105.7,135.1,135.2,-29.8,-29.5,0.636,1.47,18.4,0.339,0.622,0.452,0.181,0.525,0.537,105.2,105.0,87.5,105,0.33
0022500698,2026-01-31,1610612737,Atlanta Hawks,1,0,1,0.0,48.0,113.4,113.8,117.0,119.4,-3.6,-5.7,0.543,2.5,17.1,0.255,0.69,0.443,0.092,0.531,0.567,109.8,108.5,90.42,109,0.469
0022500697,2026-01-31,1610612766,Charlotte Hornets,1,1,0,1.0,48.0,116.0,116.8,113.5,112.8,2.5,4.1,0.769,2.5,21.3,0.327,0.841,0.57,0.126,0.517,0.568,94.5,94.5,78.75,95,0.515
0022500692,2026-01-31,1610612741,Chicago Bulls,1,1,0,1.0,48.0,105.1,109.6,99.5,103.5,5.7,6.1,0.739,1.42,21.9,0.149,0.733,0.477,0.211,0.636,0.652,118.8,114.0,95.0,114,0.532
0022500701,2026-01-31,1610612742,Dallas Mavericks,1,0,1,0.0,48.0,103.4,108.1,108.2,112.1,-4.7,-4.0,0.463,1.73,14.1,0.315,0.631,0.487,0.111,0.5,0.517,103.0,99.0,82.5,99,0.45
0022500701,2026-01-31,1610612745,Houston Rockets,1,1,0,1.0,48.0,108.2,112.1,103.4,108.1,4.7,4.0,0.733,5.5,21.2,0.369,0.685,0.513,0.061,0.463,0.484,103.0,99.0,82.5,99,0.55
0022500698,2026-01-31,1610612754,Indiana Pacers,1,1,0,1.0,48.0,117.0,119.4,113.4,113.8,3.6,5.7,0.604,1.26,19.3,0.31,0.745,0.557,0.213,0.624,0.657,109.8,108.5,90.42,108,0.531
0022500700,2026-01-31,1610612763,Memphis Grizzlies,1,0,1,0.0,48.0,111.2,111.8,126.5,129.7,-15.3,-17.9,0.659,1.93,19.7,0.333,0.696,0.505,0.147,0.544,0.567,103.1,101.5,84.58,102,0.446
0022500692,2026-01-31,1610612748,Miami Heat,1,0,1,0.0,48.0,99.5,103.5,105.1,109.6,-5.7,-6.1,0.634,1.37,16.7,0.267,0.851,0.523,0.167,0.5,0.543,118.8,114.0,95.0,114,0.468
0022500700,2026-01-31,1610612750,Minnesota Timberwolves,1,1,0,1.0,48.0,126.5,129.7,111.2,111.8,15.3,17.9,0.596,1.87,19.7,0.304,0.667,0.495,0.149,0.629,0.658,103.1,101.5,84.58,101,0.554
0022500699,2026-01-31,1610612740,New Orleans Pelicans,1,0,1,0.0,48.0,113.2,114.0,121.4,121.6,-8.2,-7.6,0.575,2.3,17.0,0.222,0.717,0.467,0.1,0.516,0.561,101.4,101.0,84.17,100,0.465
0022500699,2026-01-31,1610612755,Philadelphia 76ers,1,1,0,1.0,48.0,121.4,121.6,113.2,114.0,8.2,7.6,0.622,2.8,19.3,0.283,0.778,0.533,0.098,0.569,0.595,101.4,101.0,84.17,102,0.535
0022500697,2026-01-31,1610612759,San Antonio Spurs,1,0,1,0.0,48.0,113.5,112.8,116.0,116.8,-2.5,-4.1,0.684,2.36,20.5,0.159,0.673,0.43,0.117,0.556,0.6,94.5,94.5,78.75,94,0.485
0022500702,2026-02-01,1610612738,Boston Celtics,1,1,0,1.0,48.0,117.9,124.4,90.2,90.8,27.8,33.6,0.585,2.4,18.2,0.407,0.709,0.56,0.116,0.527,0.547,89.2,86.5,72.08,86,0.666
0022500704,2026-02-01,1610612751,Brooklyn Nets,1,0,1,0.0,48.0,77.1,76.2,129.0,130.0,-51.9,-53.8,0.708,0.68,13.1,0.235,0.854,0.511,0.248,0.377,0.454,100.3,100.5,83.75,101,0.202
0022500705,2026-02-01,1610612741,Chicago Bulls,1,0,1,0.0,48.0,85.9,85.0,123.5,126.4,-37.6,-41.4,0.643,0.95,12.7,0.283,0.679,0.474,0.178,0.356,0.446,107.2,106.5,88.75,107,0.287
0022500710,2026-02-01,1610612739,Cleveland Cavaliers,1,1,0,1.0,48.0,125.8,127.5,101.6,106.7,24.2,20.7,0.82,2.93,26.5,0.279,0.544,0.43,0.137,0.637,0.654,106.3,103.0,85.83,102,0.633
0022500711,2026-02-01,1610612743,Denver Nuggets,1,0,1,0.0,48.0,111.5,112.1,123.6,122.2,-12.1,-10.1,0.744,1.61,20.6,0.31,0.717,0.523,0.182,0.595,0.62,98.7,99.0,82.5,99,0.483
0022500704,2026-02-01,1610612765,Detroit Pistons,1,1,0,1.0,48.0,129.0,130.0,77.1,76.2,51.9,53.8,0.688,4.13,23.7,0.146,0.765,0.489,0.08,0.635,0.665,100.3,100.5,83.75,100,0.798
0022500709,2026-02-01,1610612746,LA Clippers,1,1,0,1.0,48.0,115.9,123.2,97.0,98.9,18.9,24.2,0.581,1.39,17.6,0.49,0.8,0.667,0.189,0.572,0.597,98.4,94.5,78.75,95,0.677
0022500708,2026-02-01,1610612747,Los Angeles Lakers,1,0,1,0.0,48.0,103.8,107.5,122.0,120.4,-18.2,-12.9,0.553,1.91,16.5,0.286,0.68,0.485,0.118,0.524,0.541,94.1,93.0,77.5,93,0.421
0022500705,2026-02-01,1610612748,Miami Heat,1,1,0,1.0,48.0,123.5,126.4,85.9,85.0,37.6,41.4,0.815,4.89,26.2,0.321,0.717,0.526,0.085,0.57,0.585,107.2,106.5,88.75,106,0.713
0022500702,2026-02-01,1610612749,Milwaukee Bucks,1,0,1,0.0,48.0,90.2,90.8,117.9,124.4,-27.8,-33.6,0.586,1.55,14.2,0.291,0.593,0.44,0.126,0.415,0.446,89.2,86.5,72.08,87,0.334
0022500708,2026-02-01,1610612752,New York Knicks,1,1,0,1.0,48.0,122.0,120.4,103.8,107.5,18.2,12.9,0.698,3.0,21.6,0.32,0.714,0.515,0.108,0.571,0.584,94.1,93.0,77.5,93,0.579
0022500711,2026-02-01,1610612760,Oklahoma City Thunder,1,1,0,1.0,48.0,123.6,122.2,111.5,112.1,12.1,10.1,0.575,1.77,17.0,0.283,0.69,0.477,0.131,0.582,0.624,98.7,99.0,82.5,99,0.517
0022500703,2026-02-01,1610612753,Orlando Magic,1,0,1,0.0,48.0,96.6,101.0,106.6,110.9,-10.0,-9.9,0.6,1.6,17.6,0.212,0.696,0.439,0.147,0.495,0.528,105.8,101.5,84.58,102,0.442
0022500709,2026-02-01,1610612756,Phoenix Suns,1,0,1,0.0,48.0,97.0,98.9,115.9,123.2,-18.9,-24.2,0.677,4.2,16.4,0.2,0.51,0.333,0.053,0.435,0.461,98.4,94.5,78.75,94,0.323
0022500710,2026-02-01,1610612757,Portland Trail Blazers,1,0,1,0.0,48.0,101.6,106.7,125.8,127.5,-24.2,-20.7,0.545,1.04,15.8,0.456,0.721,0.57,0.221,0.52,0.537,106.3,103.0,85.83,104,0.367
0022500707,2026-02-01,1610612758,Sacramento Kings,1,0,1,0.0,48.0,114.6,115.5,117.6,118.4,-3.1,-2.9,0.538,1.5,15.7,0.333,0.574,0.453,0.144,0.512,0.579,98.2,97.5,81.25,97,0.476
0022500703,2026-02-01,1610612759,San Antonio Spurs,1,1,0,1.0,48.0,106.6,110.9,96.6,101.0,10.0,9.9,0.659,1.59,19.1,0.304,0.788,0.561,0.168,0.549,0.583,105.8,101.5,84.58,101,0.558
0022500706,2026-02-01,1610612761,Toronto Raptors,1,1,0,1.0,48.0,103.7,102.9,90.1,97.1,13.6,5.8,0.629,1.16,15.6,0.283,0.557,0.43,0.183,0.488,0.55,107.1,103.5,86.25,104,0.54
0022500706,2026-02-01,1610612762,Utah Jazz,1,0,1,0.0,48.0,90.1,97.1,103.7,102.9,-13.6,-5.8,0.625,0.83,13.3,0.443,0.717,0.57,0.233,0.4,0.476,107.1,103.5,86.25,103,0.46
0022500707,2026-02-01,1610612764,Washington Wizards,1,1,0,1.0,48.0,117.6,118.4,114.6,115.5,3.1,2.9,0.674,1.82,20.8,0.426,0.667,0.547,0.173,0.597,0.613,98.2,97.5,81.25,98,0.524
0022500712,2026-02-02,1610612766,Charlotte Hornets,1,1,0,1.0,48.0,101.1,105.2,96.9,99.0,4.2,6.2,0.471,0.94,12.0,0.389,0.836,0.615,0.175,0.471,0.526,99.4,96.5,80.42,97,0.537
0022500713,2026-02-02,1610612745,Houston Rockets,1,1,0,1.0,48.0,117.7,120.4,114.9,115.2,2.8,5.3,0.525,1.31,14.9,0.449,0.813,0.629,0.163,0.5,0.571,99.8,98.5,82.08,98,0.514
0022500713,2026-02-02,1610612754,Indiana Pacers,1,0,1,0.0,48.0,114.9,115.2,117.7,120.4,-2.8,-5.3,0.767,3.3,23.4,0.188,0.551,0.371,0.101,0.563,0.592,99.8,98.5,82.08,99,0.486
0022500715,2026-02-02,1610612746,LA Clippers,1,0,1,0.0,48.0,118.0,121.5,133.8,134.7,-15.8,-13.2,0.522,1.71,19.2,0.222,0.615,0.455,0.151,0.647,0.651,95.7,94.0,78.33,93,0.452
0022500714,2026-02-02,1610612763,Memphis Grizzlies,1,1,0,1.0,48.0,135.1,138.4,128.5,129.3,6.6,9.1,0.705,3.1,21.4,0.354,0.692,0.53,0.101,0.608,0.662,100.5,99.0,82.5,99,0.555
0022500714,2026-02-02,1610612750,Minnesota Timberwolves,1,0,1,0.0,48.0,128.5,129.3,135.1,138.4,-6.6,-9.1,0.545,2.67,17.4,0.308,0.646,0.47,0.091,0.578,0.618,100.5,99.0,82.5,99,0.445
0022500712,2026-02-02,1610612740,New Orleans Pelicans,1,0,1,0.0,48.0,96.9,99.0,101.1,105.2,-4.2,-6.2,0.697,2.88,18.3,0.164,0.611,0.385,0.083,0.458,0.5,99.4,96.5,80.42,96,0.463
0022500715,2026-02-02,1610612755,Philadelphia 76ers,1,1,0,1.0,48.0,133.8,134.7,118.0,121.5,15.8,13.2,0.689,5.17,21.2,0.385,0.778,0.545,0.063,0.569,0.617,95.7,94.0,78.33,95,0.548
0022500720,2026-02-03,1610612737,Atlanta Hawks,1,1,0,1.0,48.0,117.9,118.7,106.0,107.5,11.8,11.2,0.694,3.78,22.4,0.204,0.724,0.473,0.084,0.589,0.595,108.1,107.0,89.17,107,0.533
0022500721,2026-02-03,1610612738,Boston Celtics,1,1,0,1.0,48.0,112.0,115.8,105.6,104.2,6.4,11.6,0.574,2.7,19.9,0.275,0.709,0.5,0.105,0.557,0.56,96.4,95.5,79.58,95,0.536
0022500719,2026-02-03,1610612751,Brooklyn Nets,1,0,1,0.0,48.0,104.6,105.8,120.0,121.4,-15.4,-15.5,0.622,1.4,18.9,0.358,0.708,0.525,0.194,0.532,0.544,104.2,103.0,85.83,103,0.42
0022500722,2026-02-03,1610612741,Chicago Bulls,1,0,1,0.0,48.0,113.7,112.7,125.2,131.0,-11.5,-18.3,0.65,2.6,18.3,0.255,0.667,0.453,0.098,0.544,0.569,102.9,101.0,84.17,102,0.465
0022500721,2026-02-03,1610612742,Dallas Mavericks,1,0,1,0.0,48.0,105.6,104.2,112.0,115.8,-6.4,-11.6,0.568,2.33,15.8,0.291,0.725,0.5,0.094,0.466,0.507,96.4,95.5,79.58,96,0.464
0022500716,2026-02-03,1610612743,Denver Nuggets,1,0,1,0.0,48.0,121.1,119.8,119.0,124.0,2.1,-4.2,0.541,2.0,14.9,0.26,0.679,0.476,0.099,0.506,0.594,102.1,100.5,83.75,101,0.5
0022500716,2026-02-03,1610612765,Detroit Pistons,1,1,0,1.0,48.0,119.0,124.0,121.1,119.8,-2.1,4.2,0.628,3.0,18.8,0.321,0.74,0.524,0.09,0.521,0.578,102.1,100.5,83.75,100,0.5
0022500724,2026-02-03,1610612744,Golden State Warriors,1,0,1,0.0,48.0,103.4,103.3,125.2,124.2,-21.8,-20.9,0.73,1.35,20.9,0.262,0.491,0.389,0.22,0.596,0.596,90.6,91.0,75.83,91,0.419
0022500717,2026-02-03,1610612754,Indiana Pacers,1,0,1,0.0,48.0,117.4,116.2,126.6,126.0,-9.2,-9.8,0.733,2.2,22.4,0.214,0.81,0.512,0.143,0.619,0.636,103.7,104.5,87.08,105,0.442
0022500719,2026-02-03,1610612747,Los Angeles Lakers,1,1,0,1.0,48.0,120.0,121.4,104.6,105.8,15.4,15.5,0.543,2.08,17.7,0.292,0.642,0.475,0.117,0.582,0.612,104.2,103.0,85.83,103,0.58
0022500720,2026-02-03,1610612748,Miami Heat,1,0,1,0.0,48.0,106.0,107.5,117.9,118.7,-11.8,-11.2,0.595,1.92,16.9,0.276,0.796,0.527,0.121,0.479,0.535,108.1,107.0,89.17,107,0.467
0022500722,2026-02-03,1610612749,Milwaukee Bucks,1,1,0,1.0,48.0,125.2,131.0,113.7,112.7,11.5,18.3,0.66,2.36,22.0,0.333,0.745,0.547,0.14,0.634,0.632,102.9,101.0,84.17,100,0.535
0022500718,2026-02-03,1610612752,New York Knicks,1,1,0,1.0,48.0,129.6,130.7,98.0,100.0,31.6,30.7,0.723,3.78,23.4,0.217,0.737,0.505,0.089,0.617,0.648,102.5,101.0,84.17,101,0.678
0022500723,2026-02-03,1610612760,Oklahoma City Thunder,1,1,0,1.0,48.0,126.2,132.0,92.1,93.9,34.0,38.1,0.688,3.0,22.1,0.396,0.727,0.573,0.113,0.581,0.613,100.6,97.5,81.25,97,0.708
0022500723,2026-02-03,1610612753,Orlando Magic,1,0,1,0.0,48.0,92.1,93.9,126.2,132.0,-34.0,-38.1,0.618,1.31,15.7,0.273,0.604,0.427,0.163,0.455,0.49,100.6,97.5,81.25,98,0.293
0022500724,2026-02-03,1610612755,Philadelphia 76ers,1,1,0,1.0,48.0,125.2,124.2,103.4,103.3,21.8,20.9,0.548,1.77,16.3,0.509,0.738,0.611,0.143,0.522,0.553,90.6,91.0,75.83,91,0.581
0022500725,2026-02-03,1610612756,Phoenix Suns,1,1,0,1.0,48.0,134.6,134.0,122.6,127.6,11.9,6.5,0.52,2.36,18.2,0.392,0.528,0.462,0.113,0.619,0.627,99.3,97.5,81.25,97,0.511
0022500725,2026-02-03,1610612757,Portland Trail Blazers,1,0,1,0.0,48.0,122.6,127.6,134.6,134.0,-11.9,-6.5,0.66,1.82,20.1,0.472,0.608,0.538,0.173,0.589,0.607,99.3,97.5,81.25,98,0.489
0022500717,2026-02-03,1610612762,Utah Jazz,1,1,0,1.0,48.0,126.6,126.0,117.4,116.2,9.2,9.8,0.76,3.8,25.3,0.19,0.786,0.488,0.096,0.642,0.659,103.7,104.5,87.08,104,0.558
0022500718,2026-02-03,1610612764,Washington Wizards,1,0,1,0.0,48.0,98.0,100.0,129.6,130.7,-31.6,-30.7,0.543,1.46,14.1,0.263,0.783,0.495,0.129,0.471,0.505,102.5,101.0,84.17,101,0.322
0022500728,2026-02-04,1610612738,Boston Celtics,1,1,0,1.0,48.0,121.5,126.7,103.7,102.2,17.8,24.5,0.667,1.73,18.6,0.462,0.736,0.6,0.167,0.539,0.577,91.7,90.5,75.42,90,0.607
0022500732,2026-02-04,1610612739,Cleveland Cavaliers,1,1,0,1.0,48.0,124.3,125.3,88.1,91.9,36.2,33.3,0.6,3.33,20.7,0.308,0.744,0.505,0.091,0.592,0.598,101.5,99.0,82.5,99,0.656
0022500726,2026-02-04,1610612743,Denver Nuggets,1,0,1,0.0,58.0,107.7,114.4,120.3,120.7,-12.6,-6.3,0.63,1.81,17.8,0.383,0.731,0.545,0.144,0.5,0.543,94.9,91.86,76.55,111,0.475
0022500728,2026-02-04,1610612745,Houston Rockets,1,0,1,0.0,48.0,103.7,102.2,121.5,126.7,-17.8,-24.5,0.471,1.6,13.2,0.264,0.538,0.4,0.11,0.482,0.507,91.7,90.5,75.42,91,0.393
0022500732,2026-02-04,1610612746,LA Clippers,1,0,1,0.0,48.0,88.1,91.9,124.3,125.3,-36.2,-33.3,0.541,0.83,15.4,0.256,0.692,0.495,0.242,0.5,0.534,101.5,99.0,82.5,99,0.344
0022500731,2026-02-04,1610612763,Memphis Grizzlies,1,1,0,1.0,48.0,123.7,125.2,112.3,122.5,11.4,2.7,0.667,2.31,20.4,0.298,0.586,0.457,0.126,0.6,0.63,107.8,102.5,85.42,103,0.526
0022500729,2026-02-04,1610612749,Milwaukee Bucks,1,1,0,1.0,53.0,133.8,133.0,129.5,130.5,4.2,2.5,0.643,2.4,23.8,0.231,0.788,0.549,0.142,0.723,0.731,95.6,95.55,79.62,106,0.53
0022500727,2026-02-04,1610612750,Minnesota Timberwolves,1,1,0,1.0,48.0,121.9,123.1,121.7,122.3,0.2,0.7,0.531,2.6,17.7,0.333,0.739,0.526,0.096,0.588,0.593,104.3,103.5,86.25,104,0.489
0022500729,2026-02-04,1610612740,New Orleans Pelicans,1,0,1,0.0,53.0,129.5,130.5,133.8,133.0,-4.2,-2.5,0.711,4.0,21.8,0.212,0.769,0.451,0.076,0.606,0.642,95.6,95.55,79.62,105,0.47
0022500726,2026-02-04,1610612752,New York Knicks,1,1,0,1.0,58.0,120.3,120.7,107.7,114.4,12.6,6.3,0.56,2.33,18.3,0.269,0.617,0.455,0.108,0.59,0.618,94.9,91.86,76.55,111,0.525
0022500730,2026-02-04,1610612760,Oklahoma City Thunder,1,0,1,0.0,48.0,101.8,101.0,109.6,110.5,-7.9,-9.5,0.703,1.86,18.4,0.19,0.644,0.419,0.133,0.5,0.534,105.0,105.0,87.5,105,0.461
0022500731,2026-02-04,1610612758,Sacramento Kings,1,0,1,0.0,48.0,112.3,122.5,123.7,125.2,-11.4,-2.7,0.644,2.23,18.8,0.414,0.702,0.543,0.127,0.505,0.556,107.8,102.5,85.42,102,0.474
0022500730,2026-02-04,1610612759,San Antonio Spurs,1,1,0,1.0,48.0,109.6,110.5,101.8,101.0,7.9,9.5,0.578,1.86,17.2,0.356,0.81,0.581,0.133,0.515,0.528,105.0,105.0,87.5,105,0.539
0022500727,2026-02-04,1610612761,Toronto Raptors,1,0,1,0.0,48.0,121.7,122.3,121.9,123.1,-0.2,-0.7,0.66,2.38,21.2,0.261,0.667,0.474,0.126,0.612,0.633,104.3,103.5,86.25,103,0.511
0022500735,2026-02-05,1610612737,Atlanta Hawks,1,1,0,1.0,48.0,122.1,122.2,115.8,120.2,6.3,2.0,0.708,3.4,22.2,0.377,0.579,0.482,0.101,0.531,0.56,101.0,99.0,82.5,99,0.568
0022500734,2026-02-05,1610612751,Brooklyn Nets,1,0,1,0.0,48.0,95.4,100.0,115.8,121.6,-20.5,-21.6,0.647,1.16,16.2,0.315,0.641,0.452,0.194,0.488,0.517,102.3,97.5,81.25,98,0.311
0022500737,2026-02-05,1610612766,Charlotte Hornets,1,1,0,1.0,48.0,106.2,113.5,101.2,102.1,4.9,11.5,0.583,0.95,14.9,0.462,0.66,0.556,0.229,0.511,0.564,100.2,96.5,80.42,96,0.505
0022500736,2026-02-05,1610612741,Chicago Bulls,1,0,1,0.0,48.0,108.6,111.5,127.2,130.9,-18.6,-19.4,0.683,1.65,19.6,0.38,0.692,0.517,0.177,0.549,0.566,97.6,95.0,79.17,96,0.409
0022500738,2026-02-05,1610612742,Dallas Mavericks,1,0,1,0.0,48.0,114.1,115.0,123.9,127.4,-9.8,-12.4,0.489,2.56,16.3,0.218,0.714,0.452,0.084,0.546,0.581,108.4,106.5,88.75,107,0.446
0022500733,2026-02-05,1610612765,Detroit Pistons,1,0,1,0.0,48.0,113.0,114.7,120.1,123.5,-7.1,-8.8,0.537,1.47,15.4,0.373,0.702,0.531,0.147,0.517,0.571,104.2,102.0,85.0,102,0.495
0022500739,2026-02-05,1610612744,Golden State Warriors,1,1,0,1.0,48.0,112.5,112.2,107.0,109.0,5.5,3.2,0.697,1.53,18.1,0.298,0.818,0.549,0.167,0.566,0.596,90.2,89.5,74.58,90,0.52
0022500737,2026-02-05,1610612745,Houston Rockets,1,0,1,0.0,48.0,101.2,102.1,106.2,113.5,-4.9,-11.5,0.632,1.33,17.6,0.34,0.538,0.444,0.186,0.506,0.539,100.2,96.5,80.42,97,0.495
0022500740,2026-02-05,1610612747,Los Angeles Lakers,1,1,0,1.0,48.0,115.7,114.4,109.4,111.7,6.3,2.8,0.614,1.23,18.9,0.324,0.829,0.59,0.212,0.614,0.655,104.0,103.5,86.25,104,0.515
0022500734,2026-02-05,1610612753,Orlando Magic,1,1,0,1.0,48.0,115.8,121.6,95.4,100.0,20.5,21.6,0.727,1.88,22.4,0.359,0.685,0.548,0.175,0.591,0.628,102.3,97.5,81.25,97,0.689
0022500740,2026-02-05,1610612755,Philadelphia 76ers,1,0,1,0.0,48.0,109.4,111.7,115.7,114.4,-6.3,-2.8,0.644,1.93,20.9,0.171,0.676,0.41,0.146,0.565,0.611,104.0,103.5,86.25,103,0.485
0022500739,2026-02-05,1610612756,Phoenix Suns,1,0,1,0.0,48.0,107.0,109.0,112.5,112.2,-5.5,-3.2,0.579,1.83,18.5,0.182,0.702,0.451,0.135,0.561,0.573,90.2,89.5,74.58,89,0.48
0022500738,2026-02-05,1610612759,San Antonio Spurs,1,1,0,1.0,48.0,123.9,127.4,114.1,115.0,9.8,12.4,0.708,2.43,22.1,0.286,0.782,0.548,0.132,0.595,0.637,108.4,106.5,88.75,106,0.554
0022500736,2026-02-05,1610612761,Toronto Raptors,1,1,0,1.0,48.0,127.2,130.9,108.6,111.5,18.6,19.4,0.714,2.92,24.8,0.308,0.62,0.483,0.128,0.644,0.663,97.6,95.0,79.17,94,0.591
0022500735,2026-02-05,1610612762,Utah Jazz,1,0,1,0.0,48.0,115.8,120.2,122.1,122.2,-6.3,-2.0,0.404,1.73,13.4,0.421,0.623,0.518,0.111,0.525,0.542,101.0,99.0,82.5,99,0.432
0022500733,2026-02-05,1610612764,Washington Wizards,1,1,0,1.0,48.0,120.1,123.5,113.0,114.7,7.1,8.8,0.612,1.76,20.5,0.298,0.627,0.469,0.167,0.637,0.637,104.2,102.0,85.0,102,0.505
0022500741,2026-02-06,1610612738,Boston Celtics,1,1,0,1.0,48.0,100.9,106.5,102.2,103.2,-1.3,3.3,0.486,1.06,13.4,0.346,0.736,0.543,0.174,0.476,0.521,95.5,92.5,77.08,92,0.502
0022500742,2026-02-06,1610612765,Detroit Pistons,1,1,0,1.0,48.0,124.7,126.9,84.7,84.2,40.1,42.7,0.705,2.38,23.3,0.225,0.736,0.516,0.14,0.633,0.658,94.5,94.0,78.33,93,0.708
0022500743,2026-02-06,1610612754,Indiana Pacers,1,0,1,0.0,48.0,107.3,106.5,108.7,114.1,-1.3,-7.7,0.743,2.89,20.6,0.152,0.654,0.418,0.097,0.519,0.561,94.4,92.5,77.08,93,0.513
0022500746,2026-02-06,1610612746,LA Clippers,1,1,0,1.0,48.0,116.5,115.2,110.3,114.4,6.3,0.7,0.595,1.38,16.9,0.225,0.679,0.484,0.162,0.585,0.656,99.3,98.0,81.67,99,0.537
0022500745,2026-02-06,1610612763,Memphis Grizzlies,1,0,1,0.0,48.0,111.4,110.6,128.3,129.8,-16.9,-19.2,0.667,1.75,19.6,0.265,0.69,0.462,0.154,0.563,0.591,104.2,104.0,86.67,104,0.422
0022500741,2026-02-06,1610612748,Miami Heat,1,0,1,0.0,48.0,102.2,103.2,100.9,106.5,1.3,-3.3,0.657,1.92,17.8,0.264,0.654,0.457,0.129,0.494,0.522,95.5,92.5,77.08,93,0.498
0022500743,2026-02-06,1610612749,Milwaukee Bucks,1,1,0,1.0,48.0,108.7,114.1,107.3,106.5,1.3,7.7,0.591,2.17,19.1,0.346,0.848,0.582,0.13,0.532,0.538,94.4,92.5,77.08,92,0.487
0022500744,2026-02-06,1610612750,Minnesota Timberwolves,1,0,1,0.0,48.0,119.2,118.6,119.4,122.7,-0.1,-4.1,0.55,2.2,15.5,0.39,0.718,0.52,0.103,0.489,0.54,98.1,97.0,80.83,97,0.46
0022500744,2026-02-06,1610612740,New Orleans Pelicans,1,1,0,1.0,48.0,119.4,122.7,119.2,118.6,0.1,4.1,0.674,1.81,21.2,0.282,0.61,0.48,0.165,0.631,0.663,98.1,97.0,80.83,97,0.54
0022500742,2026-02-06,1610612752,New York Knicks,1,0,1,0.0,48.0,84.7,84.2,124.7,126.9,-40.1,-42.7,0.759,1.47,16.8,0.264,0.775,0.484,0.158,0.402,0.447,94.5,94.0,78.33,95,0.292
0022500745,2026-02-06,1610612757,Portland Trail Blazers,1,1,0,1.0,48.0,128.3,129.8,111.4,110.6,16.9,19.2,0.633,1.72,20.9,0.31,0.735,0.538,0.173,0.639,0.68,104.2,104.0,86.67,104,0.578
0022500746,2026-02-06,1610612758,Sacramento Kings,1,0,1,0.0,48.0,110.3,114.4,116.5,115.2,-6.3,-0.7,0.537,2.0,16.2,0.321,0.775,0.516,0.113,0.5,0.546,99.3,98.0,81.67,97,0.463
0022500751,2026-02-07,1610612737,Atlanta Hawks,1,0,1,0.0,48.0,118.4,122.7,123.5,129.9,-5.0,-7.2,0.698,3.0,21.9,0.222,0.571,0.404,0.103,0.591,0.623,101.3,97.0,80.83,97,0.474
0022500747,2026-02-07,1610612751,Brooklyn Nets,1,1,0,1.0,48.0,127.8,128.3,109.5,114.1,18.3,14.1,0.72,2.77,24.0,0.357,0.75,0.558,0.131,0.621,0.639,101.3,99.0,82.5,99,0.598
0022500751,2026-02-07,1610612766,Charlotte Hornets,1,1,0,1.0,48.0,123.5,129.9,118.4,122.7,5.0,7.2,0.674,1.94,20.8,0.429,0.778,0.596,0.165,0.579,0.617,101.3,97.0,80.83,97,0.526
0022500752,2026-02-07,1610612741,Chicago Bulls,1,0,1,0.0,48.0,113.4,117.6,132.7,136.0,-19.2,-18.4,0.61,1.47,17.4,0.346,0.667,0.489,0.167,0.554,0.595,104.2,101.0,84.17,102,0.396
0022500756,2026-02-07,1610612739,Cleveland Cavaliers,1,1,0,1.0,48.0,125.6,128.2,122.6,123.5,3.1,4.6,0.652,2.5,20.3,0.372,0.653,0.522,0.117,0.585,0.647,103.9,102.5,85.42,103,0.542
0022500749,2026-02-07,1610612742,Dallas Mavericks,1,0,1,0.0,48.0,113.1,113.6,121.3,126.6,-8.2,-13.0,0.761,5.0,21.9,0.262,0.633,0.427,0.064,0.51,0.541,112.2,109.5,91.25,110,0.453
0022500752,2026-02-07,1610612743,Denver Nuggets,1,1,0,1.0,48.0,132.7,136.0,113.4,117.6,19.2,18.4,0.755,2.64,24.5,0.333,0.654,0.511,0.14,0.671,0.683,104.2,101.0,84.17,100,0.604
0022500753,2026-02-07,1610612744,Golden State Warriors,1,0,1,0.0,48.0,99.2,102.1,104.8,108.2,-5.6,-6.2,0.641,1.92,18.5,0.236,0.763,0.452,0.134,0.5,0.511,100.0,97.0,80.83,97,0.422
0022500748,2026-02-07,1610612745,Houston Rockets,1,1,0,1.0,48.0,111.6,116.7,107.8,109.3,3.8,7.4,0.658,1.67,18.5,0.313,0.66,0.49,0.156,0.548,0.587,99.3,96.5,80.42,96,0.533
0022500753,2026-02-07,1610612747,Los Angeles Lakers,1,1,0,1.0,48.0,104.8,108.2,99.2,102.1,5.6,6.2,0.829,1.26,21.5,0.237,0.764,0.548,0.237,0.587,0.639,100.0,97.0,80.83,97,0.578
0022500755,2026-02-07,1610612763,Memphis Grizzlies,1,0,1,0.0,48.0,111.4,112.7,117.1,118.4,-5.7,-5.7,0.452,1.27,15.0,0.159,0.673,0.438,0.147,0.595,0.617,103.7,102.5,85.42,102,0.493
0022500748,2026-02-07,1610612760,Oklahoma City Thunder,1,0,1,0.0,48.0,107.8,109.3,111.6,116.7,-3.8,-7.4,0.676,1.47,18.1,0.34,0.688,0.51,0.175,0.537,0.562,99.3,96.5,80.42,97,0.467
0022500750,2026-02-07,1610612753,Orlando Magic,1,1,0,1.0,48.0,105.3,105.3,102.5,101.7,2.8,3.5,0.722,1.86,17.8,0.118,0.72,0.416,0.123,0.506,0.583,114.0,114.5,95.42,114,0.516
0022500754,2026-02-07,1610612755,Philadelphia 76ers,1,1,0,1.0,48.0,113.6,111.2,104.4,107.3,9.2,3.9,0.514,1.0,14.0,0.31,0.755,0.558,0.184,0.547,0.613,97.3,97.0,80.83,98,0.547
0022500754,2026-02-07,1610612756,Phoenix Suns,1,0,1,0.0,48.0,104.4,107.3,113.6,111.2,-9.2,-3.9,0.667,1.57,16.8,0.245,0.69,0.442,0.146,0.464,0.533,97.3,97.0,80.83,96,0.453
0022500755,2026-02-07,1610612757,Portland Trail Blazers,1,1,0,1.0,48.0,117.1,118.4,111.4,112.7,5.7,5.7,0.652,1.76,20.1,0.327,0.841,0.563,0.165,0.595,0.603,103.7,102.5,85.42,103,0.507
0022500756,2026-02-07,1610612758,Sacramento Kings,1,0,1,0.0,48.0,122.6,123.5,125.6,128.2,-3.1,-4.6,0.625,2.0,20.1,0.347,0.628,0.478,0.147,0.596,0.613,103.9,102.5,85.42,102,0.458
0022500749,2026-02-07,1610612759,San Antonio Spurs,1,1,0,1.0,48.0,121.3,126.6,113.1,113.6,8.2,13.0,0.618,1.89,21.3,0.367,0.738,0.573,0.165,0.626,0.64,112.2,109.5,91.25,109,0.547
0022500750,2026-02-07,1610612762,Utah Jazz,1,0,1,0.0,48.0,102.5,101.7,105.3,105.3,-2.8,-3.5,0.682,1.25,18.9,0.28,0.882,0.584,0.209,0.533,0.573,114.0,114.5,95.42,115,0.484
0022500747,2026-02-07,1610612764,Washington Wizards,1,0,1,0.0,48.0,109.5,114.1,127.8,128.3,-18.3,-14.1,0.486,1.13,14.1,0.25,0.643,0.442,0.162,0.538,0.613,101.3,99.0,82.5,99,0.402
0022500757,2026-02-08,1610612738,Boston Celtics,1,0,1,0.0,48.0,94.1,94.7,117.4,120.7,-23.3,-26.0,0.647,2.2,16.4,0.322,0.739,0.505,0.106,0.408,0.451,94.6,93.0,77.5,94,0.37
0022500759,2026-02-08,1610612754,Indiana Pacers,1,0,1,0.0,48.0,97.1,101.0,117.1,117.3,-20.0,-16.3,0.65,1.37,18.6,0.22,0.607,0.425,0.184,0.517,0.546,105.7,103.5,86.25,103,0.397
0022500760,2026-02-08,1610612746,LA Clippers,1,1,0,1.0,48.0,120.6,118.6,92.6,98.0,28.1,20.6,0.641,1.67,19.2,0.205,0.62,0.438,0.155,0.605,0.651,99.5,97.5,81.25,97,0.641
0022500758,2026-02-08,1610612748,Miami Heat,1,1,0,1.0,48.0,125.0,125.7,92.6,95.3,32.4,30.4,0.694,2.13,21.1,0.393,0.724,0.561,0.152,0.572,0.597,107.3,105.5,87.92,105,0.639
0022500760,2026-02-08,1610612750,Minnesota Timberwolves,1,0,1,0.0,48.0,92.6,98.0,120.6,118.6,-28.1,-20.6,0.459,0.81,12.9,0.38,0.795,0.562,0.214,0.494,0.518,99.5,97.5,81.25,98,0.359
0022500757,2026-02-08,1610612752,New York Knicks,1,1,0,1.0,48.0,117.4,120.7,94.1,94.7,23.3,26.0,0.575,2.88,18.3,0.261,0.678,0.495,0.087,0.566,0.593,94.6,93.0,77.5,92,0.63
0022500759,2026-02-08,1610612761,Toronto Raptors,1,1,0,1.0,48.0,117.1,117.3,97.1,101.0,20.0,16.3,0.644,2.23,18.7,0.393,0.78,0.575,0.125,0.532,0.564,105.7,103.5,86.25,104,0.603
0022500758,2026-02-08,1610612764,Washington Wizards,1,0,1,0.0,48.0,92.6,95.3,125.0,125.7,-32.4,-30.4,0.59,1.21,15.9,0.276,0.607,0.439,0.179,0.484,0.505,107.3,105.5,87.92,106,0.361
0022500765,2026-02-09,1610612737,Atlanta Hawks,1,0,1,0.0,48.0,102.4,106.4,126.3,127.8,-24.0,-21.4,0.5,1.05,13.2,0.381,0.81,0.552,0.174,0.475,0.521,111.3,108.5,90.42,109,0.365
0022500762,2026-02-09,1610612751,Brooklyn Nets,1,1,0,1.0,48.0,110.2,113.9,103.5,107.5,6.6,6.4,0.622,1.4,18.3,0.362,0.673,0.529,0.185,0.58,0.605,111.4,107.5,89.58,108,0.561
0022500761,2026-02-09,1610612766,Charlotte Hornets,1,0,1,0.0,48.0,104.5,110.6,115.4,119.6,-10.9,-8.9,0.647,1.05,16.5,0.396,0.638,0.516,0.223,0.53,0.581,97.4,93.0,77.5,94,0.427
0022500762,2026-02-09,1610612741,Chicago Bulls,1,0,1,0.0,48.0,103.5,107.5,110.2,113.9,-6.6,-6.4,0.5,1.11,13.9,0.327,0.638,0.471,0.168,0.495,0.547,111.4,107.5,89.58,107,0.439
0022500767,2026-02-09,1610612739,Cleveland Cavaliers,1,1,0,1.0,48.0,117.0,121.4,114.3,117.0,2.8,4.4,0.581,2.08,18.1,0.294,0.588,0.441,0.122,0.549,0.585,102.0,99.0,82.5,98,0.479
0022500767,2026-02-09,1610612743,Denver Nuggets,1,0,1,0.0,48.0,114.3,117.0,117.0,121.4,-2.8,-4.4,0.658,1.79,17.1,0.412,0.706,0.559,0.14,0.524,0.583,102.0,99.0,82.5,100,0.521
0022500761,2026-02-09,1610612765,Detroit Pistons,1,1,0,1.0,48.0,115.4,119.6,104.5,110.6,10.9,8.9,0.488,2.0,15.5,0.362,0.604,0.484,0.109,0.5,0.554,97.4,93.0,77.5,92,0.573
0022500768,2026-02-09,1610612744,Golden State Warriors,1,1,0,1.0,48.0,109.2,112.9,109.1,110.8,0.1,2.1,0.705,1.35,21.5,0.286,0.689,0.494,0.228,0.596,0.624,104.0,101.5,84.58,101,0.502
0022500769,2026-02-09,1610612747,Los Angeles Lakers,1,0,1,0.0,48.0,109.9,111.1,116.9,120.2,-7.1,-9.1,0.595,1.67,18.4,0.25,0.62,0.439,0.152,0.56,0.584,100.9,99.0,82.5,99,0.461
0022500768,2026-02-09,1610612763,Memphis Grizzlies,1,0,1,0.0,48.0,109.1,110.8,109.2,112.9,-0.1,-2.1,0.619,1.44,18.3,0.311,0.714,0.506,0.176,0.566,0.604,104.0,101.5,84.58,102,0.498
0022500763,2026-02-09,1610612748,Miami Heat,1,0,1,0.0,48.0,108.4,106.7,112.0,110.6,-3.6,-3.8,0.727,1.71,17.3,0.196,0.696,0.446,0.135,0.513,0.564,102.5,104.0,86.67,104,0.436
0022500764,2026-02-09,1610612749,Milwaukee Bucks,1,0,1,0.0,48.0,98.8,101.0,120.6,118.0,-21.8,-17.0,0.472,0.85,13.8,0.182,0.708,0.457,0.204,0.545,0.574,99.1,99.0,82.5,98,0.373
0022500765,2026-02-09,1610612750,Minnesota Timberwolves,1,1,0,1.0,48.0,126.3,127.8,102.4,106.4,24.0,21.4,0.655,2.4,23.7,0.19,0.619,0.448,0.139,0.685,0.682,111.3,108.5,90.42,108,0.635
0022500766,2026-02-09,1610612740,New Orleans Pelicans,1,1,0,1.0,48.0,120.0,121.2,90.7,94.9,29.2,26.3,0.638,2.31,21.6,0.233,0.567,0.427,0.131,0.632,0.638,101.8,99.0,82.5,99,0.633
0022500769,2026-02-09,1610612760,Oklahoma City Thunder,1,1,0,1.0,48.0,116.9,120.2,109.9,111.1,7.1,9.1,0.548,1.44,16.3,0.38,0.75,0.561,0.162,0.563,0.596,100.9,99.0,82.5,99,0.539
0022500764,2026-02-09,1610612753,Orlando Magic,1,1,0,1.0,48.0,120.6,118.0,98.8,101.0,21.8,17.0,0.675,2.45,19.1,0.292,0.818,0.543,0.11,0.547,0.603,99.1,99.0,82.5,100,0.627
0022500770,2026-02-09,1610612755,Philadelphia 76ers,1,0,1,0.0,48.0,114.7,115.7,127.4,132.4,-12.6,-16.7,0.605,1.64,16.8,0.283,0.527,0.416,0.137,0.537,0.609,104.4,102.0,85.0,102,0.45
0022500770,2026-02-09,1610612757,Portland Trail Blazers,1,1,0,1.0,48.0,127.4,132.4,114.7,115.7,12.6,16.7,0.766,2.0,22.1,0.473,0.717,0.584,0.176,0.598,0.625,104.4,102.0,85.0,102,0.55
0022500766,2026-02-09,1610612758,Sacramento Kings,1,0,1,0.0,48.0,90.7,94.9,120.0,121.2,-29.2,-26.3,0.475,1.12,13.3,0.433,0.767,0.573,0.172,0.424,0.445,101.8,99.0,82.5,99,0.367
0022500763,2026-02-09,1610612762,Utah Jazz,1,1,0,1.0,48.0,112.0,110.6,108.4,106.7,3.6,3.8,0.744,2.42,19.3,0.304,0.804,0.554,0.115,0.478,0.544,102.5,104.0,86.67,104,0.564
0022500773,2026-02-10,1610612742,Dallas Mavericks,1,0,1,0.0,48.0,106.4,107.8,117.7,116.5,-11.3,-8.7,0.486,1.13,13.8,0.244,0.636,0.46,0.155,0.513,0.576,103.2,103.0,85.83,103,0.48
0022500772,2026-02-10,1610612745,Houston Rockets,1,1,0,1.0,48.0,107.5,109.7,102.0,102.2,5.4,7.5,0.528,1.06,15.0,0.326,0.649,0.505,0.194,0.544,0.587,94.0,93.0,77.5,93,0.537
0022500771,2026-02-10,1610612754,Indiana Pacers,1,1,0,1.0,53.0,120.8,120.2,115.6,119.6,5.1,0.5,0.6,2.73,19.6,0.18,0.774,0.485,0.096,0.608,0.632,103.8,102.34,85.28,114,0.523
0022500772,2026-02-10,1610612746,LA Clippers,1,0,1,0.0,48.0,102.0,102.2,107.5,109.7,-5.4,-7.5,0.667,2.0,17.6,0.351,0.674,0.495,0.129,0.455,0.484,94.0,93.0,77.5,93,0.463
0022500774,2026-02-10,1610612747,Los Angeles Lakers,1,0,1,0.0,48.0,101.1,100.0,127.1,128.3,-26.0,-28.3,0.561,1.28,16.5,0.174,0.744,0.449,0.167,0.547,0.576,106.9,107.0,89.17,108,0.357
0022500771,2026-02-10,1610612752,New York Knicks,1,0,1,0.0,53.0,115.6,119.6,120.8,120.2,-5.1,-0.5,0.66,2.75,21.0,0.226,0.82,0.515,0.107,0.57,0.599,103.8,102.34,85.28,112,0.477
0022500773,2026-02-10,1610612756,Phoenix Suns,1,1,0,1.0,48.0,117.7,116.5,106.4,107.8,11.3,8.7,0.653,2.29,20.6,0.364,0.756,0.54,0.136,0.559,0.566,103.2,103.0,85.83,103,0.52
0022500774,2026-02-10,1610612759,San Antonio Spurs,1,1,0,1.0,48.0,127.1,128.3,101.1,100.0,26.0,28.3,0.654,2.62,22.5,0.256,0.826,0.551,0.123,0.636,0.66,106.9,107.0,89.17,106,0.643
0022500775,2026-02-11,1610612737,Atlanta Hawks,1,0,1,0.0,48.0,104.7,108.1,108.1,110.0,-3.4,-1.9,0.757,2.15,20.0,0.26,0.638,0.463,0.131,0.5,0.55,102.0,99.5,82.92,99,0.518
0022500778,2026-02-11,1610612738,Boston Celtics,1,1,0,1.0,48.0,121.9,127.8,106.4,108.2,15.5,19.6,0.592,2.07,20.0,0.417,0.745,0.586,0.144,0.611,0.616,100.2,97.0,80.83,97,0.586
0022500779,2026-02-11,1610612751,Brooklyn Nets,1,0,1,0.0,48.0,108.4,107.8,113.7,112.7,-5.2,-4.9,0.658,1.47,17.4,0.333,0.776,0.55,0.167,0.529,0.57,101.3,102.0,85.0,102,0.464
0022500775,2026-02-11,1610612766,Charlotte Hornets,1,1,0,1.0,48.0,108.1,110.0,104.7,108.1,3.4,1.9,0.636,1.31,15.0,0.362,0.74,0.537,0.16,0.483,0.546,102.0,99.5,82.92,100,0.482
0022500778,2026-02-11,1610612741,Chicago Bulls,1,0,1,0.0,48.0,106.4,108.2,121.9,127.8,-15.5,-19.6,0.61,1.92,18.7,0.255,0.583,0.414,0.134,0.528,0.554,100.2,97.0,80.83,97,0.414
0022500776,2026-02-11,1610612739,Cleveland Cavaliers,1,1,0,1.0,48.0,132.3,130.2,104.7,107.6,27.6,22.6,0.667,1.43,19.6,0.447,0.631,0.563,0.198,0.639,0.695,106.1,105.5,87.92,106,0.635
0022500787,2026-02-11,1610612743,Denver Nuggets,1,1,0,1.0,48.0,120.7,124.5,118.1,117.2,2.6,7.3,0.674,1.93,20.4,0.375,0.788,0.609,0.153,0.593,0.642,99.7,98.5,82.08,98,0.558
0022500781,2026-02-11,1610612765,Detroit Pistons,1,1,0,1.0,48.0,114.1,121.5,104.3,102.2,9.9,19.4,0.585,1.5,17.0,0.5,0.727,0.606,0.172,0.539,0.565,95.1,93.0,77.5,93,0.564
0022500788,2026-02-11,1610612744,Golden State Warriors,1,0,1,0.0,48.0,112.5,114.1,124.4,129.9,-11.9,-15.8,0.881,3.08,24.3,0.314,0.64,0.475,0.121,0.549,0.574,100.9,98.0,81.67,99,0.446
0022500782,2026-02-11,1610612745,Houston Rockets,1,0,1,0.0,48.0,104.2,110.9,113.6,112.9,-9.4,-2.0,0.658,1.19,18.4,0.435,0.75,0.589,0.228,0.537,0.567,95.2,92.5,77.08,92,0.465
0022500779,2026-02-11,1610612754,Indiana Pacers,1,1,0,1.0,48.0,113.7,112.7,108.4,107.8,5.2,4.9,0.644,2.42,20.6,0.224,0.667,0.45,0.118,0.571,0.586,101.3,102.0,85.0,102,0.536
0022500782,2026-02-11,1610612746,LA Clippers,1,1,0,1.0,48.0,113.6,112.9,104.2,110.9,9.4,2.0,0.583,1.91,16.9,0.25,0.565,0.411,0.118,0.539,0.594,95.2,92.5,77.08,93,0.535
0022500787,2026-02-11,1610612763,Memphis Grizzlies,1,0,1,0.0,48.0,118.1,117.2,120.7,124.5,-2.6,-7.3,0.667,4.67,20.3,0.212,0.625,0.391,0.061,0.544,0.579,99.7,98.5,82.08,99,0.442
0022500784,2026-02-11,1610612748,Miami Heat,1,1,0,1.0,48.0,115.5,119.4,105.4,107.8,10.1,11.7,0.595,3.13,16.7,0.338,0.784,0.534,0.078,0.48,0.528,106.0,103.06,85.88,103,0.544
0022500777,2026-02-11,1610612749,Milwaukee Bucks,1,1,0,1.0,48.0,116.5,124.7,115.8,117.4,0.7,7.3,0.564,1.38,16.8,0.405,0.816,0.626,0.172,0.568,0.633,96.4,92.5,77.08,93,0.541
0022500783,2026-02-11,1610612750,Minnesota Timberwolves,1,1,0,1.0,48.0,125.0,123.1,100.0,99.1,25.0,24.1,0.578,1.73,17.9,0.244,0.636,0.46,0.139,0.598,0.649,107.7,109.0,90.83,108,0.636
0022500784,2026-02-11,1610612740,New Orleans Pelicans,1,0,1,0.0,48.0,105.4,107.8,115.5,119.4,-10.1,-11.7,0.643,2.08,19.1,0.216,0.662,0.466,0.126,0.516,0.553,106.0,103.06,85.88,103,0.456
0022500780,2026-02-11,1610612752,New York Knicks,1,1,0,1.0,48.0,130.3,134.0,86.2,86.4,44.1,47.6,0.854,2.73,25.6,0.364,0.719,0.564,0.146,0.637,0.671,104.6,103.0,85.83,103,0.749
0022500785,2026-02-11,1610612760,Oklahoma City Thunder,1,1,0,1.0,48.0,139.7,143.2,115.1,114.7,24.6,28.4,0.538,3.5,20.7,0.317,0.667,0.511,0.084,0.669,0.698,96.0,95.0,79.17,95,0.602
0022500777,2026-02-11,1610612753,Orlando Magic,1,0,1,0.0,48.0,115.8,117.4,116.5,124.7,-0.7,-7.3,0.886,3.44,23.7,0.184,0.595,0.374,0.098,0.549,0.592,96.4,92.5,77.08,92,0.459
0022500780,2026-02-11,1610612755,Philadelphia 76ers,1,0,1,0.0,48.0,86.2,86.4,130.3,134.0,-44.1,-47.6,0.485,0.89,11.9,0.281,0.636,0.436,0.175,0.409,0.458,104.6,103.0,85.83,103,0.251
0022500785,2026-02-11,1610612756,Phoenix Suns,1,0,1,0.0,48.0,115.1,114.7,139.7,143.2,-24.6,-28.4,0.605,2.17,18.8,0.333,0.683,0.489,0.126,0.549,0.558,96.0,95.0,79.17,95,0.398
0022500783,2026-02-11,1610612757,Portland Trail Blazers,1,0,1,0.0,48.0,100.0,99.1,125.0,123.1,-25.0,-24.1,0.575,0.88,15.0,0.364,0.756,0.54,0.236,0.511,0.539,107.7,109.0,90.83,110,0.364
0022500786,2026-02-11,1610612758,Sacramento Kings,1,0,1,0.0,48.0,92.3,92.1,120.1,118.6,-27.8,-26.5,0.774,1.85,17.0,0.262,0.725,0.446,0.129,0.383,0.453,100.7,101.5,84.58,101,0.346
0022500788,2026-02-11,1610612759,San Antonio Spurs,1,1,0,1.0,48.0,124.4,129.9,112.5,114.1,11.9,15.8,0.761,3.5,23.3,0.36,0.686,0.525,0.103,0.548,0.598,100.9,98.0,81.67,97,0.554
0022500781,2026-02-11,1610612761,Toronto Raptors,1,0,1,0.0,48.0,104.3,102.2,114.1,121.5,-9.9,-19.4,0.688,1.29,17.3,0.273,0.5,0.394,0.183,0.493,0.558,95.1,93.0,77.5,93,0.436
0022500786,2026-02-11,1610612762,Utah Jazz,1,1,0,1.0,48.0,120.1,118.6,92.3,92.1,27.8,26.5,0.723,1.89,23.3,0.275,0.738,0.554,0.176,0.634,0.66,100.7,101.5,84.58,102,0.654
0022500776,2026-02-11,1610612764,Washington Wizards,1,0,1,0.0,48.0,104.7,107.6,132.3,130.2,-27.6,-22.6,0.619,1.73,16.8,0.369,0.553,0.437,0.143,0.471,0.505,106.1,105.5,87.92,105,0.365
0022500791,2026-02-12,1610612742,Dallas Mavericks,1,0,1,0.0,48.0,103.0,104.0,126.2,124.0,-23.3,-20.0,0.564,1.47,16.9,0.186,0.732,0.452,0.15,0.538,0.578,99.6,100.0,83.33,100,0.376
0022500791,2026-02-12,1610612747,Los Angeles Lakers,1,1,0,1.0,48.0,126.2,124.0,103.0,104.0,23.3,20.0,0.729,2.69,24.0,0.268,0.814,0.548,0.13,0.616,0.651,99.6,100.0,83.33,100,0.624
0022500789,2026-02-12,1610612749,Milwaukee Bucks,1,1,0,1.0,48.0,116.9,118.3,99.1,100.0,17.8,18.3,0.568,2.27,18.4,0.346,0.704,0.528,0.118,0.553,0.561,93.9,93.0,77.5,93,0.57
0022500789,2026-02-12,1610612760,Oklahoma City Thunder,1,0,1,0.0,48.0,99.1,100.0,116.9,118.3,-17.8,-18.3,0.71,1.38,16.8,0.296,0.654,0.472,0.172,0.464,0.507,93.9,93.0,77.5,93,0.43
0022500790,2026-02-12,1610612757,Portland Trail Blazers,1,1,0,1.0,48.0,126.7,127.4,111.5,112.3,15.3,15.1,0.565,1.24,17.1,0.408,0.72,0.566,0.198,0.611,0.646,106.6,106.0,88.33,106,0.55
0022500790,2026-02-12,1610612762,Utah Jazz,1,0,1,0.0,48.0,111.5,112.3,126.7,127.4,-15.3,-15.1,0.667,1.47,18.9,0.28,0.592,0.434,0.179,0.563,0.596,106.6,106.0,88.33,106,0.45
0022500794,2026-02-19,1610612737,Atlanta Hawks,1,1,0,1.0,48.0,109.8,110.4,100.7,100.9,9.1,9.4,0.632,1.71,16.0,0.364,0.745,0.555,0.132,0.483,0.549,106.4,106.0,88.33,106,0.57
0022500799,2026-02-19,1610612738,Boston Celtics,1,1,0,1.0,48.0,123.4,122.2,112.8,111.1,10.6,11.1,0.735,2.77,24.2,0.304,0.772,0.563,0.131,0.605,0.617,97.8,99.0,82.5,99,0.58
0022500793,2026-02-19,1610612751,Brooklyn Nets,1,0,1,0.0,48.0,84.0,85.7,111.1,115.5,-27.1,-29.7,0.833,2.08,18.7,0.2,0.717,0.425,0.122,0.425,0.447,100.4,97.5,81.25,98,0.318
0022500792,2026-02-19,1610612766,Charlotte Hornets,1,0,1,0.0,48.0,105.3,107.4,110.9,111.7,-5.6,-4.3,0.694,1.56,18.5,0.32,0.778,0.537,0.17,0.512,0.549,95.3,94.0,78.33,94,0.472
0022500797,2026-02-19,1610612741,Chicago Bulls,1,0,1,0.0,48.0,94.2,96.2,103.2,103.8,-9.0,-7.6,0.611,0.96,15.7,0.255,0.722,0.495,0.219,0.488,0.53,106.9,105.5,87.92,105,0.438
0022500793,2026-02-19,1610612739,Cleveland Cavaliers,1,1,0,1.0,48.0,111.1,115.5,84.0,85.7,27.1,29.7,0.614,1.93,19.9,0.283,0.8,0.575,0.144,0.581,0.591,100.4,97.5,81.25,97,0.682
0022500801,2026-02-19,1610612743,Denver Nuggets,1,0,1,0.0,48.0,103.0,107.5,107.3,107.5,-4.2,0.1,0.744,1.71,20.0,0.2,0.796,0.495,0.16,0.529,0.572,108.9,106.5,88.75,106,0.479
0022500796,2026-02-19,1610612765,Detroit Pistons,1,1,0,1.0,48.0,119.1,124.8,110.6,111.0,8.4,13.8,0.625,2.0,20.3,0.362,0.729,0.547,0.149,0.586,0.619,103.1,100.5,83.75,101,0.572
0022500799,2026-02-19,1610612744,Golden State Warriors,1,0,1,0.0,48.0,112.8,111.1,123.4,122.2,-10.6,-11.1,0.698,3.33,21.3,0.228,0.696,0.437,0.091,0.552,0.553,97.8,99.0,82.5,99,0.42
0022500792,2026-02-19,1610612745,Houston Rockets,1,1,0,1.0,48.0,110.9,111.7,105.3,107.4,5.6,4.3,0.452,1.73,15.6,0.222,0.68,0.463,0.117,0.541,0.572,95.3,94.0,78.33,94,0.528
0022500795,2026-02-19,1610612754,Indiana Pacers,1,0,1,0.0,48.0,95.6,98.1,104.9,102.8,-9.3,-4.6,0.647,0.96,15.6,0.24,0.75,0.518,0.215,0.5,0.553,108.3,108.0,90.0,107,0.425
0022500801,2026-02-19,1610612746,LA Clippers,1,1,0,1.0,48.0,107.3,107.5,103.0,107.5,4.2,-0.1,0.659,1.93,18.8,0.204,0.8,0.505,0.131,0.517,0.574,108.9,106.5,88.75,107,0.521
0022500796,2026-02-19,1610612752,New York Knicks,1,0,1,0.0,48.0,110.6,111.0,119.1,124.8,-8.4,-13.8,0.585,2.0,17.5,0.271,0.638,0.453,0.12,0.517,0.559,103.1,100.5,83.75,100,0.428
0022500800,2026-02-19,1610612753,Orlando Magic,1,1,0,1.0,48.0,127.8,128.4,91.4,93.1,36.4,35.4,0.622,2.8,20.3,0.17,0.741,0.475,0.098,0.65,0.672,102.6,101.5,84.58,102,0.635
0022500794,2026-02-19,1610612755,Philadelphia 76ers,1,0,1,0.0,48.0,100.7,100.9,109.8,110.4,-9.1,-9.4,0.515,1.06,12.4,0.255,0.636,0.445,0.151,0.448,0.523,106.4,106.0,88.33,106,0.43
0022500798,2026-02-19,1610612756,Phoenix Suns,1,0,1,0.0,48.0,92.5,96.9,125.0,124.7,-32.5,-27.8,0.564,1.69,15.2,0.394,0.682,0.509,0.134,0.429,0.437,99.2,97.0,80.83,97,0.322
0022500800,2026-02-19,1610612758,Sacramento Kings,1,0,1,0.0,48.0,91.4,93.1,127.8,128.4,-36.4,-35.4,0.629,1.16,16.1,0.259,0.83,0.525,0.188,0.453,0.496,102.6,101.5,84.58,101,0.365
0022500798,2026-02-19,1610612759,San Antonio Spurs,1,1,0,1.0,48.0,125.0,124.7,92.5,96.9,32.5,27.8,0.667,2.5,21.6,0.318,0.606,0.491,0.124,0.592,0.632,99.2,97.0,80.83,97,0.678
0022500797,2026-02-19,1610612761,Toronto Raptors,1,1,0,1.0,48.0,103.2,103.8,94.2,96.2,9.0,7.6,0.605,1.64,16.0,0.278,0.745,0.505,0.132,0.461,0.531,106.9,105.5,87.92,106,0.563
0022500795,2026-02-19,1610612764,Washington Wizards,1,1,0,1.0,48.0,104.9,102.8,95.6,98.1,9.3,4.6,0.698,3.0,19.6,0.25,0.76,0.482,0.092,0.495,0.524,108.3,108.0,90.0,109,0.575
0022500805,2026-02-20,1610612737,Atlanta Hawks,1,0,1,0.0,48.0,94.5,94.2,122.9,124.3,-28.3,-30.1,0.722,2.0,18.2,0.222,0.74,0.451,0.126,0.463,0.477,103.4,103.0,85.83,103,0.347
0022500808,2026-02-20,1610612751,Brooklyn Nets,1,0,1,0.0,48.0,84.8,86.0,105.0,104.0,-20.2,-18.0,0.655,0.9,14.5,0.231,0.694,0.455,0.21,0.411,0.475,100.7,100.5,83.75,100,0.378
0022500802,2026-02-20,1610612766,Charlotte Hornets,1,0,1,0.0,48.0,121.9,122.8,130.6,129.7,-8.7,-6.8,0.722,1.86,18.3,0.475,0.667,0.547,0.152,0.5,0.556,91.5,91.5,76.25,92,0.424
0022500802,2026-02-20,1610612739,Cleveland Cavaliers,1,1,0,1.0,48.0,130.6,129.7,121.9,122.8,8.7,6.8,0.585,2.0,18.9,0.333,0.525,0.453,0.132,0.597,0.661,91.5,91.5,76.25,91,0.576
0022500806,2026-02-20,1610612742,Dallas Mavericks,1,0,1,0.0,48.0,104.0,104.7,111.6,115.1,-7.6,-10.4,0.512,1.75,14.6,0.288,0.614,0.448,0.113,0.464,0.506,108.1,106.0,88.33,106,0.455
0022500810,2026-02-20,1610612743,Denver Nuggets,1,1,0,1.0,48.0,138.8,142.7,94.7,92.0,44.1,50.8,0.745,2.56,24.6,0.356,0.828,0.621,0.145,0.682,0.713,110.9,111.0,92.5,110,0.719
0022500803,2026-02-20,1610612754,Indiana Pacers,1,0,1,0.0,48.0,106.1,106.3,117.6,119.1,-11.6,-12.8,0.744,1.52,20.4,0.269,0.738,0.479,0.189,0.578,0.595,111.3,110.5,92.08,111,0.413
0022500809,2026-02-20,1610612746,LA Clippers,1,0,1,0.0,48.0,121.1,124.5,121.4,127.6,-0.3,-3.1,0.556,1.56,18.2,0.341,0.778,0.57,0.163,0.598,0.644,101.9,98.0,81.67,98,0.504
0022500809,2026-02-20,1610612747,Los Angeles Lakers,1,1,0,1.0,48.0,121.4,127.6,121.1,124.5,0.3,3.1,0.705,2.58,22.3,0.222,0.659,0.43,0.122,0.618,0.651,101.9,98.0,81.67,98,0.496
0022500804,2026-02-20,1610612763,Memphis Grizzlies,1,1,0,1.0,48.0,109.3,110.8,101.7,102.7,7.6,8.1,0.644,1.71,18.8,0.259,0.72,0.481,0.153,0.554,0.577,112.3,111.0,92.5,111,0.548
0022500805,2026-02-20,1610612748,Miami Heat,1,1,0,1.0,48.0,122.9,124.3,94.5,94.2,28.3,30.1,0.596,3.44,21.1,0.26,0.778,0.549,0.087,0.585,0.603,103.4,103.0,85.83,103,0.653
0022500807,2026-02-20,1610612749,Milwaukee Bucks,1,1,0,1.0,48.0,130.0,135.0,113.1,112.4,16.9,22.6,0.509,1.87,19.7,0.282,0.711,0.512,0.146,0.679,0.696,105.6,104.0,86.67,103,0.569
0022500806,2026-02-20,1610612750,Minnesota Timberwolves,1,1,0,1.0,48.0,111.6,115.1,104.0,104.7,7.6,10.4,0.596,1.47,17.9,0.386,0.712,0.552,0.179,0.556,0.568,108.1,106.0,88.33,106,0.545
0022500807,2026-02-20,1610612740,New Orleans Pelicans,1,0,1,0.0,48.0,113.1,112.4,130.0,135.0,-16.9,-22.6,0.468,1.57,15.7,0.289,0.718,0.488,0.133,0.563,0.594,105.6,104.0,86.67,105,0.431
0022500808,2026-02-20,1610612760,Oklahoma City Thunder,1,1,0,1.0,48.0,105.0,104.0,84.8,86.0,20.2,18.0,0.629,1.16,15.9,0.306,0.769,0.545,0.188,0.5,0.559,100.7,100.5,83.75,101,0.622
0022500810,2026-02-20,1610612757,Portland Trail Blazers,1,0,1,0.0,48.0,94.7,92.0,138.8,142.7,-44.1,-50.8,0.714,1.39,17.1,0.172,0.644,0.379,0.161,0.494,0.521,110.9,111.0,92.5,112,0.281
0022500804,2026-02-20,1610612762,Utah Jazz,1,0,1,0.0,48.0,101.7,102.7,109.3,110.8,-7.6,-8.1,0.609,1.17,18.4,0.28,0.741,0.519,0.216,0.565,0.57,112.3,111.0,92.5,111,0.452
0022500803,2026-02-20,1610612764,Washington Wizards,1,1,0,1.0,48.0,117.6,119.1,106.1,106.3,11.6,12.8,0.655,2.0,22.9,0.262,0.731,0.521,0.164,0.611,0.634,111.3,110.5,92.08,110,0.587
0022500814,2026-02-21,1610612741,Chicago Bulls,1,0,1,0.0,48.0,100.4,103.8,111.9,118.9,-11.5,-15.1,0.763,1.26,19.6,0.264,0.649,0.464,0.217,0.554,0.582,111.1,106.0,88.33,106,0.448
0022500814,2026-02-21,1610612765,Detroit Pistons,1,1,0,1.0,48.0,111.9,118.9,100.4,103.8,11.5,15.1,0.667,2.43,21.3,0.351,0.736,0.536,0.132,0.548,0.565,111.1,106.0,88.33,106,0.552
0022500816,2026-02-21,1610612745,Houston Rockets,1,0,1,0.0,48.0,109.1,110.4,112.5,113.7,-3.3,-3.3,0.632,1.2,17.4,0.429,0.756,0.598,0.208,0.55,0.588,96.6,95.5,79.58,96,0.485
0022500813,2026-02-21,1610612763,Memphis Grizzlies,1,0,1,0.0,48.0,110.4,110.1,123.1,127.1,-12.6,-17.0,0.689,2.38,20.1,0.268,0.62,0.434,0.119,0.553,0.573,109.6,108.0,90.0,109,0.437
0022500813,2026-02-21,1610612748,Miami Heat,1,1,0,1.0,48.0,123.1,127.1,110.4,110.1,12.6,17.0,0.735,2.0,22.2,0.38,0.732,0.566,0.168,0.584,0.621,109.6,108.0,90.0,107,0.563
0022500812,2026-02-21,1610612740,New Orleans Pelicans,1,1,0,1.0,48.0,122.7,122.3,103.2,107.8,19.4,14.6,0.625,1.67,17.7,0.265,0.712,0.509,0.146,0.599,0.645,105.1,103.0,85.83,103,0.577
0022500816,2026-02-21,1610612752,New York Knicks,1,1,0,1.0,48.0,112.5,113.7,109.1,110.4,3.3,3.3,0.619,2.17,19.7,0.244,0.571,0.402,0.126,0.553,0.587,96.6,95.5,79.58,95,0.515
0022500811,2026-02-21,1610612753,Orlando Magic,1,0,1,0.0,58.0,97.9,102.8,98.6,101.8,-0.7,1.0,0.571,1.5,16.6,0.241,0.638,0.471,0.15,0.48,0.517,93.9,90.21,75.17,107,0.534
0022500812,2026-02-21,1610612755,Philadelphia 76ers,1,0,1,0.0,48.0,103.2,107.8,122.7,122.3,-19.4,-14.6,0.528,1.73,13.7,0.288,0.735,0.491,0.107,0.447,0.511,105.1,103.0,85.83,103,0.423
0022500811,2026-02-21,1610612756,Phoenix Suns,1,1,0,1.0,58.0,98.6,101.8,97.9,102.8,0.7,-1.0,0.5,2.22,12.7,0.363,0.759,0.529,0.081,0.41,0.443,93.9,90.21,75.17,111,0.466
0022500815,2026-02-21,1610612758,Sacramento Kings,1,0,1,0.0,48.0,111.9,110.9,123.8,126.4,-11.8,-15.5,0.733,2.75,21.3,0.235,0.614,0.411,0.109,0.516,0.57,110.7,110.0,91.67,110,0.458
0022500815,2026-02-21,1610612759,San Antonio Spurs,1,1,0,1.0,48.0,123.8,126.4,111.9,110.9,11.8,15.5,0.615,1.78,20.1,0.386,0.765,0.589,0.164,0.622,0.654,110.7,110.0,91.67,110,0.542
0022500818,2026-02-22,1610612737,Atlanta Hawks,1,1,0,1.0,48.0,117.1,119.8,105.4,108.3,11.7,11.5,0.667,1.65,19.4,0.435,0.717,0.586,0.177,0.557,0.597,98.5,96.0,80.0,96,0.57
0022500823,2026-02-22,1610612738,Boston Celtics,1,1,0,1.0,48.0,114.2,115.6,93.8,92.7,20.4,22.9,0.725,2.07,21.3,0.244,0.825,0.569,0.146,0.566,0.602,96.1,96.0,80.0,96,0.635
0022500818,2026-02-22,1610612751,Brooklyn Nets,1,0,1,0.0,48.0,105.4,108.3,117.1,119.8,-11.7,-11.5,0.763,2.23,20.7,0.283,0.565,0.414,0.135,0.518,0.549,98.5,96.0,80.0,96,0.43
0022500822,2026-02-22,1610612766,Charlotte Hornets,1,1,0,1.0,48.0,137.2,135.8,119.8,119.1,17.4,16.6,0.628,2.25,19.1,0.396,0.787,0.589,0.126,0.638,0.658,93.7,94.5,78.75,95,0.567
0022500825,2026-02-22,1610612741,Chicago Bulls,1,0,1,0.0,48.0,99.8,102.1,109.1,106.1,-9.3,-4.0,0.706,1.41,17.8,0.255,0.731,0.486,0.175,0.488,0.52,97.7,98.0,81.67,97,0.443
0022500817,2026-02-22,1610612739,Cleveland Cavaliers,1,0,1,0.0,48.0,110.4,113.0,121.0,121.0,-10.6,-8.0,0.651,1.65,19.6,0.333,0.7,0.52,0.17,0.556,0.58,101.2,100.0,83.33,100,0.461
0022500821,2026-02-22,1610612742,Dallas Mavericks,1,1,0,1.0,48.0,122.8,125.2,118.4,120.4,4.4,4.9,0.569,2.64,19.2,0.333,0.74,0.547,0.103,0.601,0.62,109.4,107.5,89.58,107,0.527
0022500820,2026-02-22,1610612743,Denver Nuggets,1,0,1,0.0,48.0,109.6,110.4,118.2,120.8,-8.6,-10.4,0.595,1.47,17.0,0.308,0.708,0.5,0.16,0.505,0.564,107.5,106.0,88.33,106,0.454
0022500820,2026-02-22,1610612744,Golden State Warriors,1,1,0,1.0,48.0,118.2,120.8,109.6,110.4,8.6,10.4,0.875,2.33,25.9,0.292,0.692,0.5,0.17,0.622,0.645,107.5,106.0,88.33,106,0.546
0022500821,2026-02-22,1610612754,Indiana Pacers,1,0,1,0.0,48.0,118.4,120.4,122.8,125.2,-4.4,-4.9,0.787,2.31,23.4,0.26,0.667,0.453,0.148,0.606,0.632,109.4,107.5,89.58,108,0.473
0022500827,2026-02-22,1610612746,LA Clippers,1,0,1,0.0,48.0,113.2,114.7,114.9,118.1,-1.7,-3.3,0.45,1.8,14.4,0.267,0.714,0.5,0.105,0.512,0.572,96.5,94.5,78.75,95,0.516
0022500823,2026-02-22,1610612747,Los Angeles Lakers,1,0,1,0.0,48.0,93.8,92.7,114.2,115.6,-20.4,-22.9,0.529,2.25,14.5,0.175,0.756,0.431,0.083,0.443,0.469,96.1,96.0,80.0,96,0.365
0022500819,2026-02-22,1610612749,Milwaukee Bucks,1,0,1,0.0,48.0,94.6,98.9,124.3,128.4,-29.7,-29.5,0.514,0.95,13.6,0.365,0.673,0.519,0.2,0.465,0.503,98.7,95.0,79.17,95,0.355
0022500824,2026-02-22,1610612750,Minnesota Timberwolves,1,0,1,0.0,48.0,106.0,104.9,125.9,132.4,-19.8,-27.5,0.647,1.05,16.5,0.195,0.686,0.467,0.204,0.549,0.622,104.5,102.5,85.42,103,0.435
0022500825,2026-02-22,1610612752,New York Knicks,1,1,0,1.0,48.0,109.1,106.1,99.8,102.1,9.3,4.0,0.711,2.08,19.4,0.269,0.745,0.514,0.131,0.542,0.563,97.7,98.0,81.67,99,0.557
0022500817,2026-02-22,1610612760,Oklahoma City Thunder,1,1,0,1.0,48.0,121.0,121.0,110.4,113.0,10.6,8.0,0.762,2.0,21.8,0.3,0.667,0.48,0.16,0.61,0.624,101.2,100.0,83.33,100,0.539
0022500827,2026-02-22,1610612753,Orlando Magic,1,1,0,1.0,48.0,114.9,118.1,113.2,114.7,1.7,3.3,0.625,2.08,18.8,0.286,0.733,0.5,0.128,0.53,0.574,96.5,94.5,78.75,94,0.484
0022500824,2026-02-22,1610612755,Philadelphia 76ers,1,1,0,1.0,48.0,125.9,132.4,106.0,104.9,19.8,27.5,0.62,2.82,20.8,0.314,0.805,0.533,0.108,0.624,0.635,104.5,102.5,85.42,102,0.565
0022500826,2026-02-22,1610612756,Phoenix Suns,1,0,1,0.0,48.0,78.9,81.9,98.0,97.9,-19.2,-16.0,0.516,0.7,12.4,0.352,0.667,0.495,0.245,0.418,0.439,95.7,94.0,78.33,94,0.355
0022500826,2026-02-22,1610612757,Portland Trail Blazers,1,1,0,1.0,48.0,98.0,97.9,78.9,81.9,19.2,16.0,0.605,1.1,17.4,0.333,0.648,0.505,0.223,0.531,0.536,95.7,94.0,78.33,94,0.645
0022500819,2026-02-22,1610612761,Toronto Raptors,1,1,0,1.0,48.0,124.3,128.4,94.6,98.9,29.7,29.5,0.773,4.25,23.3,0.327,0.635,0.481,0.084,0.553,0.586,98.7,95.0,79.17,95,0.645
0022500822,2026-02-22,1610612764,Washington Wizards,1,0,1,0.0,48.0,119.8,119.1,137.2,135.8,-17.4,-16.6,0.585,2.18,18.8,0.213,0.604,0.411,0.117,0.595,0.612,93.7,94.5,78.75,94,0.433
0022500828,2026-02-23,1610612765,Detroit Pistons,1,0,1,0.0,48.0,93.3,99.0,104.2,111.8,-10.9,-12.7,0.525,1.31,13.6,0.426,0.613,0.515,0.154,0.41,0.45,109.9,103.0,85.83,104,0.438
0022500830,2026-02-23,1610612745,Houston Rockets,1,1,0,1.0,48.0,115.9,115.7,95.3,96.3,20.6,19.4,0.694,1.26,22.2,0.289,0.723,0.563,0.25,0.674,0.688,109.0,108.5,90.42,108,0.608
0022500829,2026-02-23,1610612763,Memphis Grizzlies,1,0,1,0.0,48.0,108.8,110.7,115.0,119.4,-6.2,-8.7,0.786,1.83,22.3,0.277,0.653,0.469,0.175,0.552,0.595,105.9,103.0,85.83,103,0.472
0022500829,2026-02-23,1610612758,Sacramento Kings,1,1,0,1.0,48.0,115.0,119.4,108.8,110.7,6.2,8.7,0.638,2.0,20.1,0.347,0.723,0.531,0.146,0.553,0.586,105.9,103.0,85.83,103,0.528
0022500828,2026-02-23,1610612759,San Antonio Spurs,1,1,0,1.0,48.0,104.2,111.8,93.3,99.0,10.9,12.7,0.762,2.0,20.3,0.387,0.574,0.485,0.157,0.505,0.521,109.9,103.0,85.83,102,0.562
0022500830,2026-02-23,1610612762,Utah Jazz,1,0,1,0.0,48.0,95.3,96.3,115.9,115.7,-20.6,-19.4,0.639,1.92,15.4,0.277,0.711,0.437,0.11,0.408,0.472,109.0,108.5,90.42,109,0.392
0022500832,2026-02-24,1610612737,Atlanta Hawks,1,1,0,1.0,48.0,107.8,113.3,89.5,93.3,18.2,20.0,0.786,3.0,20.1,0.388,0.843,0.585,0.105,0.449,0.502,110.0,105.0,87.5,105,0.588
0022500839,2026-02-24,1610612738,Boston Celtics,1,1,0,1.0,48.0,110.3,115.5,96.8,97.6,13.5,17.9,0.632,2.18,17.6,0.5,0.804,0.642,0.131,0.468,0.49,85.8,83.5,69.58,84,0.621
0022500833,2026-02-24,1610612751,Brooklyn Nets,1,0,1,0.0,48.0,116.5,112.9,124.8,124.2,-8.3,-11.4,0.707,2.64,21.2,0.163,0.73,0.425,0.109,0.594,0.62,98.2,100.0,83.33,101,0.456
0022500836,2026-02-24,1610612766,Charlotte Hornets,1,1,0,1.0,48.0,128.5,131.0,98.4,100.0,30.1,31.0,0.633,1.82,21.1,0.413,0.75,0.585,0.17,0.647,0.662,101.3,99.5,82.92,100,0.657
0022500836,2026-02-24,1610612741,Chicago Bulls,1,0,1,0.0,48.0,98.4,100.0,128.5,131.0,-30.1,-31.0,0.514,0.86,14.0,0.25,0.587,0.415,0.212,0.524,0.559,101.3,99.5,82.92,99,0.343
0022500835,2026-02-24,1610612739,Cleveland Cavaliers,1,1,0,1.0,48.0,111.0,113.5,92.8,100.0,18.1,13.5,0.622,2.09,17.0,0.346,0.642,0.495,0.115,0.5,0.544,99.7,95.0,79.17,96,0.584
0022500833,2026-02-24,1610612742,Dallas Mavericks,1,1,0,1.0,48.0,124.8,124.2,116.5,112.9,8.3,11.4,0.542,1.63,19.3,0.27,0.837,0.575,0.162,0.634,0.664,98.2,100.0,83.33,99,0.544
0022500838,2026-02-24,1610612744,Golden State Warriors,1,0,1,0.0,48.0,101.8,102.8,105.5,105.6,-3.7,-2.8,0.65,1.24,16.6,0.41,0.651,0.532,0.198,0.469,0.509,107.1,106.5,88.75,106,0.496
0022500831,2026-02-24,1610612754,Indiana Pacers,1,0,1,0.0,48.0,103.0,103.6,122.7,123.9,-19.7,-20.2,0.659,1.5,17.6,0.286,0.829,0.515,0.164,0.5,0.545,110.3,109.5,91.25,110,0.389
0022500840,2026-02-24,1610612747,Los Angeles Lakers,1,0,1,0.0,48.0,108.7,111.2,106.7,112.2,2.0,-1.0,0.6,2.0,18.0,0.234,0.673,0.471,0.122,0.536,0.572,101.7,98.0,81.67,98,0.495
0022500837,2026-02-24,1610612748,Miami Heat,1,0,1,0.0,48.0,108.5,110.4,120.3,121.9,-11.9,-11.5,0.8,2.0,20.3,0.339,0.76,0.532,0.151,0.511,0.553,107.1,105.5,87.92,106,0.472
0022500837,2026-02-24,1610612749,Milwaukee Bucks,1,1,0,1.0,48.0,120.3,121.9,108.5,110.4,11.9,11.5,0.521,2.27,17.6,0.24,0.661,0.468,0.105,0.577,0.607,107.1,105.5,87.92,105,0.528
0022500841,2026-02-24,1610612750,Minnesota Timberwolves,1,1,0,1.0,48.0,124.8,124.0,118.4,119.8,6.4,4.2,0.553,1.63,18.7,0.295,0.6,0.457,0.16,0.631,0.643,100.8,100.5,83.75,100,0.512
0022500838,2026-02-24,1610612740,New Orleans Pelicans,1,1,0,1.0,48.0,105.5,105.6,101.8,102.8,3.7,2.8,0.465,1.18,13.4,0.349,0.59,0.468,0.159,0.475,0.508,107.1,106.5,88.75,107,0.504
0022500835,2026-02-24,1610612752,New York Knicks,1,0,1,0.0,48.0,92.8,100.0,111.0,113.5,-18.1,-13.5,0.657,1.35,17.0,0.358,0.654,0.505,0.181,0.465,0.493,99.7,95.0,79.17,94,0.416
0022500834,2026-02-24,1610612760,Oklahoma City Thunder,1,1,0,1.0,48.0,108.1,114.9,104.6,105.9,3.5,8.9,0.578,1.37,17.7,0.392,0.792,0.586,0.188,0.558,0.578,104.8,101.0,84.17,101,0.54
0022500840,2026-02-24,1610612753,Orlando Magic,1,1,0,1.0,48.0,106.7,112.2,108.7,111.2,-2.0,1.0,0.605,2.36,18.3,0.327,0.766,0.529,0.112,0.495,0.528,101.7,98.0,81.67,98,0.505
0022500831,2026-02-24,1610612755,Philadelphia 76ers,1,1,0,1.0,48.0,122.7,123.9,103.0,103.6,19.7,20.2,0.547,2.23,20.0,0.171,0.714,0.485,0.119,0.62,0.655,110.3,109.5,91.25,109,0.611
0022500839,2026-02-24,1610612756,Phoenix Suns,1,0,1,0.0,48.0,96.8,97.6,110.3,115.5,-13.5,-17.9,0.621,2.25,16.2,0.196,0.5,0.358,0.096,0.443,0.478,85.8,83.5,69.58,83,0.379
0022500841,2026-02-24,1610612757,Portland Trail Blazers,1,0,1,0.0,48.0,118.4,119.8,124.8,124.0,-6.4,-4.2,0.643,1.69,18.2,0.4,0.705,0.543,0.158,0.551,0.592,100.8,100.5,83.75,101,0.488
0022500834,2026-02-24,1610612761,Toronto Raptors,1,0,1,0.0,48.0,104.6,105.9,108.1,114.9,-3.5,-8.9,0.732,1.88,21.3,0.208,0.608,0.414,0.158,0.568,0.574,104.8,101.0,84.17,101,0.46
0022500832,2026-02-24,1610612764,Washington Wizards,1,0,1,0.0,48.0,89.5,93.3,107.8,113.3,-18.2,-20.0,0.622,1.15,16.9,0.157,0.612,0.415,0.19,0.5,0.536,110.0,105.0,87.5,105,0.412
0022500847,2026-02-25,1610612738,Boston Celtics,1,0,1,0.0,48.0,87.6,88.4,107.4,108.4,-19.8,-20.0,0.621,1.29,14.3,0.232,0.678,0.461,0.147,0.422,0.462,95.9,95.0,79.17,95,0.393
0022500846,2026-02-25,1610612739,Cleveland Cavaliers,1,0,1,0.0,48.0,123.6,123.4,123.9,125.5,-0.4,-2.1,0.667,2.55,19.9,0.38,0.738,0.543,0.117,0.552,0.587,94.5,94.0,78.33,94,0.509
0022500847,2026-02-25,1610612743,Denver Nuggets,1,1,0,1.0,48.0,107.4,108.4,87.6,88.4,19.8,20.0,0.718,3.11,19.7,0.322,0.768,0.539,0.095,0.5,0.51,95.9,95.0,79.17,95,0.607
0022500842,2026-02-25,1610612765,Detroit Pistons,1,1,0,1.0,48.0,122.2,124.0,108.2,116.0,14.1,8.0,0.604,1.71,19.6,0.422,0.649,0.549,0.17,0.59,0.617,104.3,100.0,83.33,100,0.579
0022500844,2026-02-25,1610612744,Golden State Warriors,1,1,0,1.0,48.0,129.9,134.3,114.4,113.1,15.6,21.2,0.755,2.31,24.0,0.413,0.783,0.598,0.162,0.636,0.663,100.1,99.0,82.5,99,0.588
0022500845,2026-02-25,1610612745,Houston Rockets,1,1,0,1.0,48.0,130.1,132.0,99.2,100.0,31.0,32.0,0.617,2.23,21.2,0.3,0.643,0.5,0.134,0.645,0.678,98.1,97.0,80.83,97,0.643
0022500844,2026-02-25,1610612763,Memphis Grizzlies,1,0,1,0.0,48.0,114.4,113.1,129.9,134.3,-15.6,-21.2,0.732,1.88,21.6,0.217,0.587,0.402,0.162,0.589,0.609,100.1,99.0,82.5,99,0.412
0022500846,2026-02-25,1610612749,Milwaukee Bucks,1,1,0,1.0,48.0,123.9,125.5,123.6,123.4,0.4,2.1,0.583,2.15,21.1,0.262,0.62,0.457,0.138,0.653,0.654,94.5,94.0,78.33,94,0.491
0022500842,2026-02-25,1610612760,Oklahoma City Thunder,1,0,1,0.0,48.0,108.2,116.0,122.2,124.0,-14.1,-8.0,0.718,2.0,18.9,0.351,0.578,0.451,0.14,0.5,0.551,104.3,100.0,83.33,100,0.421
0022500845,2026-02-25,1610612758,Sacramento Kings,1,0,1,0.0,48.0,99.2,100.0,130.1,132.0,-31.0,-32.0,0.595,1.83,15.9,0.357,0.7,0.5,0.124,0.435,0.476,98.1,97.0,80.83,97,0.357
0022500843,2026-02-25,1610612759,San Antonio Spurs,1,1,0,1.0,48.0,106.7,107.8,104.0,103.9,2.7,4.0,0.7,2.15,20.1,0.18,0.691,0.448,0.127,0.564,0.572,103.0,102.5,85.42,102,0.534
0022500843,2026-02-25,1610612761,Toronto Raptors,1,0,1,0.0,48.0,104.0,103.9,106.7,107.8,-2.7,-4.0,0.447,1.31,12.4,0.309,0.82,0.552,0.126,0.467,0.525,103.0,102.5,85.42,103,0.466
0022500850,2026-02-26,1610612737,Atlanta Hawks,1,1,0,1.0,48.0,114.3,116.7,92.3,90.6,22.0,26.1,0.714,2.14,19.2,0.346,0.81,0.591,0.13,0.533,0.587,107.2,107.0,89.17,108,0.674
0022500851,2026-02-26,1610612751,Brooklyn Nets,1,0,1,0.0,48.0,114.0,112.2,128.7,129.9,-14.7,-17.7,0.634,1.73,18.4,0.347,0.735,0.541,0.153,0.534,0.57,97.2,97.5,81.25,98,0.425
0022500848,2026-02-26,1610612766,Charlotte Hornets,1,1,0,1.0,48.0,132.5,135.7,113.8,110.1,18.7,25.6,0.729,2.06,24.0,0.333,0.725,0.556,0.173,0.686,0.705,98.1,98.5,82.08,98,0.589
0022500853,2026-02-26,1610612741,Chicago Bulls,1,0,1,0.0,48.0,102.6,107.7,114.5,115.2,-12.0,-7.5,0.725,1.32,20.0,0.286,0.655,0.495,0.212,0.556,0.601,107.4,104.5,87.08,104,0.463
0022500854,2026-02-26,1610612742,Dallas Mavericks,1,0,1,0.0,48.0,114.2,116.3,128.7,125.0,-14.5,-8.7,0.511,1.28,16.5,0.279,0.673,0.495,0.173,0.617,0.63,103.5,104.0,86.67,104,0.449
0022500852,2026-02-26,1610612745,Houston Rockets,1,1,0,1.0,48.0,120.5,125.6,114.6,118.7,5.9,6.9,0.558,1.85,18.8,0.357,0.596,0.489,0.144,0.591,0.622,94.0,90.5,75.42,90,0.541
0022500848,2026-02-26,1610612754,Indiana Pacers,1,0,1,0.0,48.0,113.8,110.1,132.5,135.7,-18.7,-25.6,0.683,2.33,19.9,0.275,0.667,0.444,0.121,0.534,0.569,98.1,98.5,82.08,99,0.411
0022500857,2026-02-26,1610612746,LA Clippers,1,0,1,0.0,48.0,88.2,92.6,96.5,97.9,-8.3,-5.3,0.7,1.11,16.4,0.255,0.771,0.516,0.2,0.439,0.507,98.6,95.5,79.58,95,0.46
0022500855,2026-02-26,1610612747,Los Angeles Lakers,1,0,1,0.0,48.0,123.0,120.9,125.3,125.6,-2.3,-4.7,0.526,1.54,16.4,0.308,0.694,0.523,0.143,0.58,0.636,89.8,90.5,75.42,91,0.525
0022500849,2026-02-26,1610612748,Miami Heat,1,0,1,0.0,48.0,114.2,111.4,118.2,119.2,-4.0,-7.8,0.625,1.79,17.7,0.216,0.735,0.47,0.133,0.557,0.594,103.7,104.5,87.08,105,0.478
0022500857,2026-02-26,1610612750,Minnesota Timberwolves,1,1,0,1.0,48.0,96.5,97.9,88.2,92.6,8.3,5.3,0.639,1.77,17.7,0.229,0.745,0.484,0.135,0.482,0.514,98.6,95.5,79.58,96,0.54
0022500856,2026-02-26,1610612740,New Orleans Pelicans,1,1,0,1.0,48.0,123.0,126.5,113.5,116.8,9.5,9.6,0.804,2.06,23.6,0.419,0.625,0.527,0.176,0.597,0.646,104.4,101.5,84.58,102,0.569
0022500852,2026-02-26,1610612753,Orlando Magic,1,0,1,0.0,48.0,114.6,118.7,120.5,125.6,-5.9,-6.9,0.625,2.08,18.5,0.404,0.643,0.511,0.132,0.54,0.555,94.0,90.5,75.42,91,0.459
0022500849,2026-02-26,1610612755,Philadelphia 76ers,1,1,0,1.0,48.0,118.2,119.2,114.2,111.4,4.0,7.8,0.578,1.86,18.2,0.265,0.784,0.53,0.135,0.569,0.608,103.7,104.5,87.08,104,0.522
0022500855,2026-02-26,1610612756,Phoenix Suns,1,1,0,1.0,48.0,125.3,125.6,123.0,120.9,2.3,4.7,0.55,1.83,17.3,0.306,0.692,0.477,0.133,0.586,0.606,89.8,90.5,75.42,90,0.475
0022500853,2026-02-26,1610612757,Portland Trail Blazers,1,1,0,1.0,48.0,114.5,115.2,102.6,107.7,12.0,7.5,0.643,2.25,18.1,0.345,0.714,0.505,0.114,0.495,0.557,107.4,104.5,87.08,105,0.537
0022500854,2026-02-26,1610612758,Sacramento Kings,1,1,0,1.0,48.0,128.7,125.0,114.2,116.3,14.5,8.7,0.569,5.8,19.3,0.327,0.721,0.505,0.048,0.545,0.58,103.5,104.0,86.67,104,0.551
0022500851,2026-02-26,1610612759,San Antonio Spurs,1,1,0,1.0,48.0,128.7,129.9,114.0,112.2,14.7,17.7,0.837,4.0,24.7,0.265,0.653,0.459,0.093,0.592,0.637,97.2,97.5,81.25,97,0.575
0022500856,2026-02-26,1610612762,Utah Jazz,1,0,1,0.0,48.0,113.5,116.8,123.0,126.5,-9.5,-9.6,0.622,1.56,19.0,0.375,0.581,0.473,0.178,0.567,0.584,104.4,101.5,84.58,101,0.431
0022500850,2026-02-26,1610612764,Washington Wizards,1,0,1,0.0,48.0,92.3,90.6,114.3,116.7,-22.0,-26.1,0.472,1.21,12.7,0.19,0.654,0.409,0.132,0.431,0.475,107.2,107.0,89.17,106,0.326
0022500859,2026-02-27,1610612738,Boston Celtics,1,1,0,1.0,48.0,156.0,159.1,113.2,119.4,42.8,39.8,0.731,3.17,26.8,0.393,0.714,0.597,0.129,0.808,0.823,96.5,93.0,77.5,93,0.681
0022500859,2026-02-27,1610612751,Brooklyn Nets,1,0,1,0.0,48.0,113.2,119.4,156.0,159.1,-42.8,-39.8,0.674,2.42,21.5,0.286,0.607,0.403,0.129,0.568,0.584,96.5,93.0,77.5,93,0.319
0022500858,2026-02-27,1610612739,Cleveland Cavaliers,1,0,1,0.0,53.0,105.4,109.2,111.4,115.1,-6.0,-5.9,0.744,1.78,20.4,0.339,0.559,0.452,0.165,0.527,0.562,100.7,97.36,81.13,109,0.491
0022500861,2026-02-27,1610612742,Dallas Mavericks,1,0,1,0.0,48.0,95.0,101.9,120.1,120.4,-25.1,-18.4,0.649,1.14,16.0,0.404,0.745,0.558,0.204,0.472,0.512,106.9,103.0,85.83,103,0.393
0022500862,2026-02-27,1610612743,Denver Nuggets,1,0,1,0.0,53.0,101.1,105.2,110.6,110.4,-9.4,-5.2,0.628,1.5,17.2,0.238,0.782,0.492,0.157,0.505,0.537,106.2,104.15,86.79,115,0.417
0022500858,2026-02-27,1610612765,Detroit Pistons,1,1,0,1.0,53.0,111.4,115.1,105.4,109.2,6.0,5.9,0.565,1.63,16.6,0.441,0.661,0.548,0.151,0.49,0.533,100.7,97.36,81.13,106,0.509
0022500861,2026-02-27,1610612763,Memphis Grizzlies,1,1,0,1.0,48.0,120.1,120.4,95.0,101.9,25.1,18.4,0.617,2.64,20.1,0.255,0.596,0.442,0.107,0.57,0.606,106.9,103.0,85.83,103,0.608
0022500860,2026-02-27,1610612749,Milwaukee Bucks,1,0,1,0.0,48.0,99.3,99.0,128.2,128.3,-28.9,-29.3,0.727,1.5,18.8,0.128,0.773,0.44,0.162,0.532,0.565,98.9,99.0,82.5,99,0.367
0022500860,2026-02-27,1610612752,New York Knicks,1,1,0,1.0,48.0,128.2,128.3,99.3,99.0,28.9,29.3,0.717,3.0,23.2,0.227,0.872,0.56,0.111,0.642,0.668,98.9,99.0,82.5,99,0.633
0022500862,2026-02-27,1610612760,Oklahoma City Thunder,1,1,0,1.0,53.0,110.6,110.4,101.1,105.2,9.4,5.2,0.63,2.42,18.6,0.218,0.762,0.508,0.104,0.525,0.573,106.2,104.15,86.79,115,0.583
0022500863,2026-02-28,1610612766,Charlotte Hornets,1,1,0,1.0,48.0,111.2,112.4,92.7,96.9,18.6,15.5,0.632,1.5,16.8,0.411,0.704,0.555,0.165,0.505,0.534,99.2,96.5,80.42,97,0.577
0022500866,2026-02-28,1610612744,Golden State Warriors,1,0,1,0.0,48.0,104.2,105.2,130.6,133.0,-26.4,-27.8,0.78,2.91,23.0,0.212,0.66,0.424,0.115,0.516,0.532,97.9,96.5,80.42,96,0.402
0022500864,2026-02-28,1610612745,Houston Rockets,1,0,1,0.0,48.0,104.7,106.1,116.4,117.3,-11.6,-11.3,0.634,2.36,17.8,0.362,0.68,0.509,0.111,0.479,0.504,99.5,98.5,82.08,99,0.469
0022500866,2026-02-28,1610612747,Los Angeles Lakers,1,1,0,1.0,48.0,130.6,133.0,104.2,105.2,26.4,27.8,0.604,2.9,20.4,0.34,0.788,0.576,0.103,0.639,0.653,97.9,96.5,80.42,97,0.598
0022500864,2026-02-28,1610612748,Miami Heat,1,1,0,1.0,48.0,116.4,117.3,104.7,106.1,11.6,11.3,0.489,1.57,16.2,0.32,0.638,0.491,0.143,0.561,0.582,99.5,98.5,82.08,98,0.531
0022500867,2026-02-28,1610612740,New Orleans Pelicans,1,1,0,1.0,48.0,109.8,112.7,100.5,104.0,9.3,8.8,0.821,1.68,21.1,0.367,0.75,0.584,0.186,0.547,0.588,104.6,101.5,84.58,102,0.592
0022500863,2026-02-28,1610612757,Portland Trail Blazers,1,0,1,0.0,48.0,92.7,96.9,111.2,112.4,-18.6,-15.5,0.629,1.29,16.4,0.296,0.589,0.445,0.177,0.471,0.493,99.2,96.5,80.42,96,0.423
0022500865,2026-02-28,1610612761,Toronto Raptors,1,1,0,1.0,48.0,135.5,138.1,126.0,128.9,9.6,9.3,0.608,3.1,22.1,0.324,0.622,0.488,0.103,0.653,0.692,99.1,97.0,80.83,97,0.566
0022500867,2026-02-28,1610612762,Utah Jazz,1,0,1,0.0,48.0,100.5,104.0,109.8,112.7,-9.3,-8.8,0.727,3.43,17.0,0.25,0.633,0.416,0.069,0.406,0.475,104.6,101.5,84.58,101,0.408
0022500865,2026-02-28,1610612764,Washington Wizards,1,0,1,0.0,48.0,126.0,128.9,135.5,138.1,-9.6,-9.3,0.489,1.64,16.9,0.378,0.676,0.512,0.144,0.625,0.643,99.1,97.0,80.83,97,0.434
0022500873,2026-03-01,1610612737,Atlanta Hawks,1,1,0,1.0,48.0,129.7,128.6,94.9,96.2,34.8,32.4,0.706,2.4,23.1,0.333,0.759,0.573,0.143,0.636,0.661,105.3,105.0,87.5,105,0.664
0022500874,2026-03-01,1610612738,Boston Celtics,1,1,0,1.0,48.0,118.5,126.7,104.6,106.5,13.8,20.1,0.675,1.8,19.1,0.462,0.737,0.606,0.167,0.527,0.569,95.0,91.0,75.83,90,0.576
0022500869,2026-03-01,1610612751,Brooklyn Nets,1,0,1,0.0,48.0,104.3,105.2,111.3,109.3,-7.0,-4.1,0.711,1.59,20.3,0.22,0.78,0.5,0.175,0.58,0.609,96.5,97.0,80.83,97,0.48
0022500870,2026-03-01,1610612741,Chicago Bulls,1,1,0,1.0,48.0,114.2,114.3,87.8,92.4,26.4,21.9,0.791,1.89,23.0,0.2,0.726,0.505,0.171,0.619,0.637,107.8,105.0,87.5,105,0.658
0022500869,2026-03-01,1610612739,Cleveland Cavaliers,1,1,0,1.0,48.0,111.3,109.3,104.3,105.2,7.0,4.1,0.735,1.47,19.1,0.22,0.78,0.5,0.175,0.579,0.614,96.5,97.0,80.83,97,0.52
0022500876,2026-03-01,1610612742,Dallas Mavericks,1,0,1,0.0,48.0,87.0,87.9,99.4,100.0,-12.4,-12.1,0.606,1.18,15.2,0.236,0.796,0.514,0.172,0.441,0.473,100.3,99.5,82.92,99,0.412
0022500871,2026-03-01,1610612743,Denver Nuggets,1,0,1,0.0,48.0,108.1,106.9,116.6,117.0,-8.5,-10.1,0.512,1.5,15.4,0.292,0.818,0.543,0.139,0.518,0.557,100.1,100.5,83.75,101,0.437
0022500875,2026-03-01,1610612765,Detroit Pistons,1,1,0,1.0,48.0,102.4,102.9,91.8,91.1,10.5,11.8,0.571,1.71,16.7,0.377,0.824,0.596,0.136,0.473,0.512,101.9,102.0,85.0,103,0.603
0022500872,2026-03-01,1610612754,Indiana Pacers,1,0,1,0.0,48.0,105.6,109.3,124.8,128.9,-19.2,-19.6,0.744,1.53,20.7,0.311,0.609,0.462,0.196,0.581,0.6,100.3,97.0,80.83,97,0.41
0022500877,2026-03-01,1610612746,LA Clippers,1,1,0,1.0,48.0,136.0,134.3,111.2,117.0,24.7,17.3,0.604,3.22,20.4,0.262,0.608,0.452,0.088,0.635,0.673,103.0,101.0,84.17,102,0.602
0022500878,2026-03-01,1610612747,Los Angeles Lakers,1,1,0,1.0,48.0,122.3,126.7,103.4,103.0,18.9,23.8,0.723,3.4,23.0,0.25,0.633,0.436,0.099,0.596,0.617,102.6,101.0,84.17,101,0.577
0022500872,2026-03-01,1610612763,Memphis Grizzlies,1,1,0,1.0,48.0,124.8,128.9,105.6,109.3,19.2,19.6,0.708,2.62,22.8,0.391,0.689,0.538,0.134,0.59,0.624,100.3,97.0,80.83,97,0.59
0022500870,2026-03-01,1610612749,Milwaukee Bucks,1,0,1,0.0,48.0,87.8,92.4,114.2,114.3,-26.4,-21.9,0.743,1.37,17.7,0.274,0.8,0.495,0.181,0.437,0.473,107.8,105.0,87.5,105,0.342
0022500871,2026-03-01,1610612750,Minnesota Timberwolves,1,1,0,1.0,48.0,116.6,117.0,108.1,106.9,8.5,10.1,0.717,2.36,23.4,0.182,0.708,0.457,0.14,0.624,0.627,100.1,100.5,83.75,100,0.563
0022500877,2026-03-01,1610612740,New Orleans Pelicans,1,0,1,0.0,48.0,111.2,117.0,136.0,134.3,-24.7,-17.3,0.55,1.29,15.5,0.392,0.738,0.548,0.17,0.517,0.572,103.0,101.0,84.17,100,0.398
0022500868,2026-03-01,1610612752,New York Knicks,1,1,0,1.0,48.0,112.5,115.2,90.2,89.9,22.3,25.3,0.628,1.93,18.4,0.368,0.745,0.546,0.141,0.531,0.541,100.0,99.0,82.5,99,0.617
0022500876,2026-03-01,1610612760,Oklahoma City Thunder,1,1,0,1.0,48.0,99.4,100.0,87.0,87.9,12.4,12.1,0.537,2.44,16.5,0.204,0.764,0.486,0.09,0.489,0.507,100.3,99.5,82.92,100,0.588
0022500875,2026-03-01,1610612753,Orlando Magic,1,0,1,0.0,48.0,91.8,91.1,102.4,102.9,-10.5,-11.8,0.69,1.05,15.4,0.176,0.623,0.404,0.188,0.442,0.51,101.9,102.0,85.0,101,0.397
0022500874,2026-03-01,1610612755,Philadelphia 76ers,1,0,1,0.0,48.0,104.6,106.5,118.5,126.7,-13.8,-20.1,0.6,3.5,16.5,0.263,0.538,0.394,0.065,0.466,0.502,95.0,91.0,75.83,92,0.424
0022500873,2026-03-01,1610612757,Portland Trail Blazers,1,0,1,0.0,48.0,94.9,96.2,129.7,128.6,-34.8,-32.4,0.657,1.35,16.2,0.241,0.667,0.427,0.162,0.477,0.513,105.3,105.0,87.5,105,0.336
0022500878,2026-03-01,1610612758,Sacramento Kings,1,0,1,0.0,48.0,103.4,103.0,122.3,126.7,-18.9,-23.8,0.714,1.5,20.1,0.367,0.75,0.564,0.198,0.5,0.538,102.6,101.0,84.17,101,0.423
0022500868,2026-03-01,1610612759,San Antonio Spurs,1,0,1,0.0,48.0,90.2,89.9,112.5,115.2,-22.3,-25.3,0.781,1.14,18.2,0.255,0.632,0.454,0.222,0.474,0.513,100.0,99.0,82.5,99,0.383
0022500880,2026-03-02,1610612738,Boston Celtics,1,1,0,1.0,48.0,118.7,120.0,90.6,90.0,28.1,30.0,0.756,2.82,21.8,0.382,0.769,0.57,0.122,0.537,0.546,90.2,90.0,75.0,90,0.635
0022500881,2026-03-02,1610612743,Denver Nuggets,1,1,0,1.0,48.0,132.8,125.5,127.0,125.0,5.8,0.5,0.625,1.67,18.5,0.256,0.822,0.56,0.147,0.649,0.716,97.4,101.0,84.17,102,0.527
0022500882,2026-03-02,1610612744,Golden State Warriors,1,0,1,0.0,48.0,101.5,106.3,121.1,118.8,-19.6,-12.4,0.722,1.86,18.4,0.328,0.6,0.443,0.147,0.478,0.503,96.8,95.5,79.58,95,0.397
0022500879,2026-03-02,1610612745,Houston Rockets,1,1,0,1.0,48.0,117.9,119.4,114.4,114.6,3.5,4.9,0.467,1.0,14.1,0.5,0.788,0.647,0.204,0.538,0.59,103.7,103.0,85.83,103,0.559
0022500882,2026-03-02,1610612746,LA Clippers,1,1,0,1.0,48.0,121.1,118.8,101.5,106.3,19.6,12.4,0.429,1.29,13.6,0.4,0.672,0.557,0.146,0.547,0.599,96.8,95.5,79.58,96,0.603
0022500880,2026-03-02,1610612749,Milwaukee Bucks,1,0,1,0.0,48.0,90.6,90.0,118.7,120.0,-28.1,-30.0,0.667,1.13,15.1,0.231,0.618,0.43,0.178,0.453,0.492,90.2,90.0,75.0,90,0.365
0022500881,2026-03-02,1610612762,Utah Jazz,1,0,1,0.0,48.0,127.0,125.0,132.8,125.5,-5.8,-0.5,0.545,2.67,18.2,0.178,0.744,0.44,0.09,0.599,0.641,97.4,101.0,84.17,100,0.473
0022500879,2026-03-02,1610612764,Washington Wizards,1,0,1,0.0,48.0,114.4,114.6,117.9,119.4,-3.5,-4.9,0.455,1.54,14.9,0.212,0.5,0.353,0.126,0.588,0.607,103.7,103.0,85.83,103,0.441
0022500886,2026-03-03,1610612751,Brooklyn Nets,1,0,1,0.0,48.0,90.6,98.0,124.5,122.8,-34.0,-24.8,0.727,1.26,16.8,0.352,0.653,0.495,0.19,0.419,0.494,103.9,100.5,83.75,100,0.349
0022500883,2026-03-03,1610612766,Charlotte Hornets,1,1,0,1.0,48.0,119.0,120.6,89.6,90.9,29.4,29.7,0.762,2.13,22.4,0.275,0.731,0.505,0.155,0.591,0.607,99.4,98.0,81.67,97,0.622
0022500889,2026-03-03,1610612741,Chicago Bulls,1,0,1,0.0,48.0,100.6,101.9,108.9,110.5,-8.3,-8.6,0.692,1.42,18.5,0.255,0.733,0.504,0.179,0.528,0.549,107.0,105.5,87.92,106,0.441
0022500884,2026-03-03,1610612739,Cleveland Cavaliers,1,1,0,1.0,48.0,117.2,120.2,116.3,114.7,0.9,5.5,0.711,2.7,20.1,0.275,0.698,0.468,0.106,0.541,0.58,95.1,94.5,78.75,94,0.476
0022500883,2026-03-03,1610612742,Dallas Mavericks,1,0,1,0.0,48.0,89.6,90.9,119.0,120.6,-29.4,-29.7,0.679,1.27,14.6,0.269,0.725,0.495,0.152,0.399,0.487,99.4,98.0,81.67,99,0.378
0022500884,2026-03-03,1610612765,Detroit Pistons,1,0,1,0.0,48.0,116.3,114.7,117.2,120.2,-0.9,-5.5,0.744,2.07,21.3,0.302,0.725,0.532,0.147,0.565,0.607,95.1,94.5,78.75,95,0.524
0022500891,2026-03-03,1610612747,Los Angeles Lakers,1,1,0,1.0,48.0,104.3,106.8,94.1,98.1,10.2,8.7,0.744,1.32,19.9,0.304,0.712,0.52,0.214,0.536,0.582,106.4,103.0,85.83,103,0.563
0022500890,2026-03-03,1610612763,Memphis Grizzlies,1,0,1,0.0,48.0,106.0,105.8,112.5,111.4,-6.5,-5.7,0.75,1.59,19.9,0.109,0.609,0.359,0.163,0.551,0.599,103.9,104.5,87.08,104,0.47
0022500886,2026-03-03,1610612748,Miami Heat,1,1,0,1.0,48.0,124.5,122.8,90.6,98.0,34.0,24.8,0.622,2.33,19.2,0.347,0.648,0.505,0.119,0.566,0.61,103.9,100.5,83.75,101,0.651
0022500890,2026-03-03,1610612750,Minnesota Timberwolves,1,1,0,1.0,48.0,112.5,111.4,106.0,105.8,6.5,5.7,0.475,1.06,13.5,0.391,0.891,0.641,0.171,0.536,0.591,103.9,104.5,87.08,105,0.53
0022500891,2026-03-03,1610612740,New Orleans Pelicans,1,0,1,0.0,48.0,94.1,98.1,104.3,106.8,-10.2,-8.7,0.763,1.53,19.7,0.288,0.696,0.48,0.184,0.467,0.513,106.4,103.0,85.83,103,0.437
0022500887,2026-03-03,1610612752,New York Knicks,1,1,0,1.0,48.0,112.9,118.1,99.6,101.1,13.3,17.0,0.696,1.78,23.2,0.333,0.841,0.613,0.191,0.63,0.643,96.8,94.0,78.33,94,0.604
0022500889,2026-03-03,1610612760,Oklahoma City Thunder,1,1,0,1.0,48.0,108.9,110.5,100.6,101.9,8.3,8.6,0.535,2.56,16.0,0.267,0.745,0.496,0.086,0.485,0.529,107.0,105.5,87.92,105,0.559
0022500885,2026-03-03,1610612753,Orlando Magic,1,1,0,1.0,48.0,128.2,126.0,104.8,109.0,23.4,17.0,0.786,3.67,24.3,0.132,0.636,0.43,0.09,0.618,0.683,101.1,100.0,83.33,100,0.626
0022500888,2026-03-03,1610612755,Philadelphia 76ers,1,0,1,0.0,48.0,84.0,85.0,121.4,123.6,-37.4,-38.5,0.606,1.43,14.2,0.215,0.837,0.463,0.131,0.4,0.44,108.1,106.5,88.75,107,0.282
0022500892,2026-03-03,1610612756,Phoenix Suns,1,1,0,1.0,48.0,113.5,115.2,104.1,104.0,9.3,11.1,0.738,1.63,20.5,0.396,0.706,0.548,0.192,0.56,0.573,99.7,99.0,82.5,99,0.551
0022500892,2026-03-03,1610612758,Sacramento Kings,1,0,1,0.0,48.0,104.1,104.0,113.5,115.2,-9.3,-11.1,0.61,1.79,18.0,0.294,0.604,0.452,0.141,0.494,0.526,99.7,99.0,82.5,99,0.449
0022500888,2026-03-03,1610612759,San Antonio Spurs,1,1,0,1.0,48.0,121.4,123.6,84.0,85.0,37.4,38.5,0.735,2.12,24.2,0.163,0.785,0.537,0.16,0.652,0.676,108.1,106.5,88.75,106,0.718
0022500887,2026-03-03,1610612761,Toronto Raptors,1,0,1,0.0,48.0,99.6,101.1,112.9,118.1,-13.3,-17.0,0.686,1.6,19.2,0.159,0.667,0.388,0.16,0.506,0.556,96.8,94.0,78.33,94,0.396
0022500885,2026-03-03,1610612764,Washington Wizards,1,0,1,0.0,48.0,104.8,109.0,128.2,126.0,-23.4,-17.0,0.535,1.64,16.2,0.364,0.868,0.57,0.14,0.505,0.529,101.1,100.0,83.33,100,0.374
0022500897,2026-03-04,1610612737,Atlanta Hawks,1,1,0,1.0,48.0,132.3,133.7,115.5,116.5,16.7,17.2,0.66,3.0,22.8,0.333,0.696,0.516,0.112,0.652,0.661,98.4,97.5,81.25,98,0.564
0022500894,2026-03-04,1610612738,Boston Celtics,1,0,1,0.0,48.0,93.9,96.7,127.9,131.1,-34.0,-34.4,0.6,1.13,14.3,0.333,0.76,0.545,0.174,0.443,0.507,93.5,91.0,75.83,92,0.373
0022500894,2026-03-04,1610612766,Charlotte Hornets,1,1,0,1.0,48.0,127.9,131.1,93.9,96.7,34.0,34.4,0.634,5.2,20.3,0.24,0.667,0.455,0.056,0.567,0.601,93.5,91.0,75.83,90,0.627
0022500898,2026-03-04,1610612754,Indiana Pacers,1,0,1,0.0,48.0,101.3,103.9,123.8,125.0,-22.5,-21.1,0.722,2.0,18.7,0.192,0.773,0.458,0.126,0.488,0.548,105.3,103.5,86.25,103,0.384
0022500898,2026-03-04,1610612746,LA Clippers,1,1,0,1.0,48.0,123.8,125.0,101.3,103.9,22.5,21.1,0.571,2.55,19.7,0.227,0.808,0.542,0.106,0.618,0.65,105.3,103.5,86.25,104,0.616
0022500896,2026-03-04,1610612763,Memphis Grizzlies,1,0,1,0.0,48.0,108.0,114.0,122.1,119.6,-14.1,-5.6,0.641,1.47,17.5,0.346,0.551,0.446,0.17,0.529,0.561,102.7,101.0,84.17,100,0.426
0022500897,2026-03-04,1610612749,Milwaukee Bucks,1,0,1,0.0,48.0,115.5,116.5,132.3,133.7,-16.7,-17.2,0.628,1.8,19.6,0.304,0.667,0.484,0.155,0.576,0.596,98.4,97.5,81.25,97,0.436
0022500893,2026-03-04,1610612752,New York Knicks,1,0,1,0.0,48.0,100.3,102.0,106.2,104.0,-5.9,-2.0,0.622,1.64,16.9,0.283,0.86,0.542,0.143,0.477,0.512,98.3,98.5,82.08,98,0.469
0022500893,2026-03-04,1610612760,Oklahoma City Thunder,1,1,0,1.0,48.0,106.2,104.0,100.3,102.0,5.9,2.0,0.636,1.31,16.7,0.14,0.717,0.458,0.162,0.562,0.613,98.3,98.5,82.08,99,0.531
0022500895,2026-03-04,1610612755,Philadelphia 76ers,1,1,0,1.0,48.0,105.7,111.6,103.7,108.5,2.0,3.1,0.6,1.6,17.3,0.385,0.654,0.519,0.158,0.506,0.545,99.3,94.5,78.75,95,0.544
0022500896,2026-03-04,1610612757,Portland Trail Blazers,1,1,0,1.0,48.0,122.1,119.6,108.0,114.0,14.1,5.6,0.604,1.71,19.1,0.449,0.654,0.554,0.167,0.584,0.593,102.7,101.0,84.17,102,0.574
0022500895,2026-03-04,1610612762,Utah Jazz,1,0,1,0.0,48.0,103.7,108.5,105.7,111.6,-2.0,-3.1,0.611,1.47,16.4,0.346,0.615,0.481,0.16,0.477,0.529,99.3,94.5,78.75,94,0.456
0022500901,2026-03-05,1610612751,Brooklyn Nets,1,0,1,0.0,48.0,107.9,106.8,121.7,123.5,-13.7,-16.7,0.732,1.5,19.4,0.393,0.689,0.525,0.194,0.516,0.534,102.7,102.5,85.42,103,0.406
0022500905,2026-03-05,1610612741,Chicago Bulls,1,1,0,1.0,48.0,104.0,101.9,98.2,100.0,5.8,1.9,0.561,1.77,16.9,0.204,0.705,0.482,0.126,0.517,0.541,102.9,103.0,85.83,103,0.537
0022500899,2026-03-05,1610612742,Dallas Mavericks,1,0,1,0.0,48.0,113.6,114.0,112.7,116.2,0.9,-2.2,0.718,2.15,19.9,0.275,0.673,0.481,0.13,0.535,0.58,101.2,99.5,82.92,100,0.498
0022500906,2026-03-05,1610612743,Denver Nuggets,1,1,0,1.0,48.0,120.4,121.2,115.8,116.5,4.7,4.7,0.692,1.5,19.6,0.3,0.841,0.583,0.182,0.613,0.677,98.6,98.0,81.67,99,0.519
0022500904,2026-03-05,1610612765,Detroit Pistons,1,0,1,0.0,48.0,110.2,111.6,123.2,126.0,-13.0,-14.5,0.571,2.0,15.3,0.291,0.711,0.48,0.105,0.471,0.529,97.2,95.5,79.58,95,0.393
0022500902,2026-03-05,1610612744,Golden State Warriors,1,1,0,1.0,53.0,113.2,116.2,109.1,113.0,4.1,3.2,0.644,1.53,19.6,0.377,0.556,0.467,0.192,0.553,0.572,92.9,90.11,75.09,99,0.498
0022500902,2026-03-05,1610612745,Houston Rockets,1,0,1,0.0,53.0,109.1,113.0,113.2,116.2,-4.1,-3.2,0.591,1.44,17.4,0.444,0.623,0.533,0.18,0.531,0.551,92.9,90.11,75.09,100,0.503
0022500906,2026-03-05,1610612747,Los Angeles Lakers,1,0,1,0.0,48.0,115.8,116.5,120.4,121.2,-4.7,-4.7,0.667,3.0,22.4,0.159,0.7,0.417,0.103,0.592,0.604,98.6,98.0,81.67,97,0.481
0022500901,2026-03-05,1610612748,Miami Heat,1,1,0,1.0,48.0,121.7,123.5,107.9,106.8,13.7,16.7,0.604,2.07,20.0,0.311,0.607,0.475,0.137,0.577,0.62,102.7,102.5,85.42,102,0.594
0022500903,2026-03-05,1610612750,Minnesota Timberwolves,1,1,0,1.0,48.0,117.2,117.3,110.8,111.5,6.4,5.9,0.571,1.85,17.9,0.302,0.75,0.538,0.133,0.599,0.631,97.3,97.0,80.83,98,0.554
0022500907,2026-03-05,1610612740,New Orleans Pelicans,1,1,0,1.0,48.0,123.3,126.7,115.9,116.0,7.4,10.6,0.551,2.25,18.0,0.353,0.759,0.562,0.114,0.561,0.605,107.0,105.5,87.92,105,0.545
0022500899,2026-03-05,1610612753,Orlando Magic,1,1,0,1.0,48.0,112.7,116.2,113.6,114.0,-0.9,2.2,0.705,2.58,21.1,0.327,0.725,0.519,0.121,0.521,0.553,101.2,99.5,82.92,99,0.502
0022500905,2026-03-05,1610612756,Phoenix Suns,1,0,1,0.0,48.0,98.2,100.0,104.0,101.9,-5.8,-1.9,0.667,1.6,16.6,0.295,0.796,0.518,0.146,0.462,0.496,102.9,103.0,85.83,103,0.463
0022500907,2026-03-05,1610612758,Sacramento Kings,1,0,1,0.0,48.0,115.9,116.0,123.3,126.7,-7.4,-10.6,0.58,4.14,19.6,0.241,0.647,0.438,0.066,0.545,0.564,107.0,105.5,87.92,106,0.455
0022500904,2026-03-05,1610612759,San Antonio Spurs,1,1,0,1.0,48.0,123.2,126.0,110.2,111.6,13.0,14.5,0.571,2.67,18.3,0.289,0.709,0.52,0.094,0.577,0.622,97.2,95.5,79.58,96,0.607
0022500903,2026-03-05,1610612761,Toronto Raptors,1,0,1,0.0,48.0,110.8,111.5,117.2,117.3,-6.4,-5.9,0.537,1.57,16.9,0.25,0.698,0.462,0.146,0.548,0.572,97.3,97.0,80.83,96,0.446
0022500900,2026-03-05,1610612762,Utah Jazz,1,1,0,1.0,48.0,128.5,129.8,117.8,119.1,10.7,10.6,0.66,2.58,21.5,0.388,0.604,0.495,0.128,0.592,0.61,95.0,94.0,78.33,94,0.576
0022500900,2026-03-05,1610612764,Washington Wizards,1,0,1,0.0,48.0,117.8,119.1,128.5,129.8,-10.7,-10.6,0.611,1.16,16.3,0.396,0.612,0.505,0.202,0.584,0.615,95.0,94.0,78.33,94,0.424
0022500908,2026-03-06,1610612738,Boston Celtics,1,1,0,1.0,48.0,118.1,118.8,99.7,98.0,18.4,20.8,0.617,2.9,19.9,0.286,0.842,0.566,0.099,0.556,0.568,100.9,101.5,84.58,101,0.61
0022500909,2026-03-06,1610612766,Charlotte Hornets,1,0,1,0.0,48.0,113.4,120.0,124.3,129.3,-10.9,-9.3,0.585,1.85,16.9,0.351,0.691,0.518,0.13,0.526,0.573,104.4,99.5,82.92,100,0.455
0022500908,2026-03-06,1610612742,Dallas Mavericks,1,0,1,0.0,48.0,99.7,98.0,118.1,118.8,-18.4,-20.8,0.605,2.3,17.2,0.158,0.714,0.434,0.098,0.484,0.509,100.9,101.5,84.58,102,0.39
0022500911,2026-03-06,1610612743,Denver Nuggets,1,0,1,0.0,48.0,99.8,103.0,140.3,140.6,-40.5,-37.6,0.811,2.0,21.4,0.208,0.628,0.407,0.15,0.494,0.535,102.2,100.5,83.75,100,0.324
0022500910,2026-03-06,1610612745,Houston Rockets,1,1,0,1.0,48.0,104.5,107.1,99.7,98.0,4.8,9.1,0.561,1.05,17.6,0.237,0.667,0.5,0.222,0.572,0.606,100.4,100.0,83.33,99,0.572
0022500914,2026-03-06,1610612754,Indiana Pacers,1,0,1,0.0,48.0,113.0,114.7,125.3,125.5,-12.4,-10.8,0.717,4.71,21.9,0.286,0.805,0.505,0.069,0.51,0.539,102.8,102.0,85.0,102,0.476
0022500913,2026-03-06,1610612746,LA Clippers,1,0,1,0.0,48.0,114.5,113.1,117.0,118.4,-2.5,-5.2,0.524,2.2,16.9,0.196,0.679,0.455,0.101,0.558,0.591,98.5,98.5,82.08,99,0.498
0022500914,2026-03-06,1610612747,Los Angeles Lakers,1,1,0,1.0,48.0,125.3,125.5,113.0,114.7,12.4,10.8,0.556,1.92,18.5,0.195,0.714,0.495,0.127,0.629,0.673,102.8,102.0,85.0,102,0.524
0022500909,2026-03-06,1610612748,Miami Heat,1,1,0,1.0,48.0,124.3,129.3,113.4,120.0,10.9,9.3,0.689,5.17,21.2,0.309,0.649,0.482,0.061,0.557,0.593,104.4,99.5,82.92,99,0.545
0022500912,2026-03-06,1610612740,New Orleans Pelicans,1,0,1,0.0,48.0,118.0,122.1,116.3,122.9,1.7,-0.8,0.486,1.2,13.4,0.429,0.564,0.5,0.158,0.506,0.584,99.9,95.5,79.58,95,0.481
0022500911,2026-03-06,1610612752,New York Knicks,1,1,0,1.0,48.0,140.3,140.6,99.8,103.0,40.5,37.6,0.8,4.0,27.3,0.372,0.792,0.593,0.109,0.663,0.681,102.2,100.5,83.75,101,0.676
0022500912,2026-03-06,1610612756,Phoenix Suns,1,1,0,1.0,48.0,116.3,122.9,118.0,122.1,-1.7,0.8,0.675,1.8,18.5,0.436,0.571,0.5,0.156,0.556,0.582,99.9,95.5,79.58,96,0.519
0022500910,2026-03-06,1610612757,Portland Trail Blazers,1,0,1,0.0,48.0,99.7,98.0,104.5,107.1,-4.8,-9.1,0.606,1.25,14.4,0.333,0.763,0.5,0.158,0.47,0.499,100.4,100.0,83.33,101,0.428
0022500913,2026-03-06,1610612759,San Antonio Spurs,1,1,0,1.0,48.0,117.0,118.4,114.5,113.1,2.5,5.2,0.63,2.23,20.1,0.321,0.804,0.545,0.133,0.574,0.573,98.5,98.5,82.08,98,0.502
0022500917,2026-03-07,1610612737,Atlanta Hawks,1,1,0,1.0,48.0,121.4,121.4,110.6,112.6,10.8,8.7,0.696,1.52,21.5,0.341,0.698,0.524,0.204,0.633,0.665,104.0,103.0,85.83,103,0.548
0022500916,2026-03-07,1610612751,Brooklyn Nets,1,1,0,1.0,48.0,106.7,109.2,103.3,108.2,3.4,0.9,0.571,1.0,14.7,0.391,0.673,0.541,0.204,0.5,0.58,101.0,97.5,81.25,98,0.519
0022500916,2026-03-07,1610612765,Detroit Pistons,1,0,1,0.0,48.0,103.3,108.2,106.7,109.2,-3.4,-0.9,0.583,1.5,15.6,0.327,0.609,0.459,0.144,0.482,0.532,101.0,97.5,81.25,97,0.481
0022500920,2026-03-07,1610612744,Golden State Warriors,1,0,1,0.0,48.0,103.3,104.3,108.8,111.8,-5.6,-7.5,0.778,2.15,20.1,0.327,0.761,0.525,0.14,0.489,0.506,94.7,93.0,77.5,93,0.467
0022500918,2026-03-07,1610612746,LA Clippers,1,1,0,1.0,48.0,120.8,128.1,118.2,122.4,2.7,5.7,0.366,0.94,11.3,0.489,0.633,0.564,0.167,0.524,0.604,101.7,97.0,80.83,96,0.512
0022500918,2026-03-07,1610612763,Memphis Grizzlies,1,0,1,0.0,48.0,118.2,122.4,120.8,128.1,-2.7,-5.7,0.69,1.93,20.1,0.367,0.511,0.436,0.153,0.575,0.615,101.7,97.0,80.83,98,0.488
0022500919,2026-03-07,1610612749,Milwaukee Bucks,1,1,0,1.0,48.0,111.5,115.3,97.3,100.0,14.2,15.3,0.805,3.0,23.4,0.216,0.705,0.482,0.112,0.571,0.581,101.5,98.5,82.08,98,0.577
0022500915,2026-03-07,1610612750,Minnesota Timberwolves,1,0,1,0.0,48.0,90.5,90.2,113.7,115.5,-23.2,-25.3,0.567,1.42,13.1,0.193,0.608,0.389,0.118,0.411,0.471,103.1,102.5,85.42,102,0.342
0022500920,2026-03-07,1610612760,Oklahoma City Thunder,1,1,0,1.0,48.0,108.8,111.8,103.3,104.3,5.6,7.5,0.727,1.71,18.9,0.239,0.673,0.475,0.151,0.519,0.587,94.7,93.0,77.5,93,0.533
0022500915,2026-03-07,1610612753,Orlando Magic,1,1,0,1.0,48.0,113.7,115.5,90.5,90.2,23.2,25.3,0.667,1.87,18.5,0.392,0.807,0.611,0.146,0.511,0.569,103.1,102.5,85.42,103,0.658
0022500917,2026-03-07,1610612755,Philadelphia 76ers,1,0,1,0.0,48.0,110.6,112.6,121.4,121.4,-10.8,-8.7,0.574,1.29,18.9,0.302,0.659,0.476,0.204,0.605,0.618,104.0,103.0,85.83,103,0.452
0022500919,2026-03-07,1610612762,Utah Jazz,1,0,1,0.0,48.0,97.3,100.0,111.5,115.3,-14.2,-15.3,0.742,1.92,16.7,0.295,0.784,0.518,0.121,0.411,0.482,101.5,98.5,82.08,99,0.423
0022500921,2026-03-08,1610612738,Boston Celtics,1,1,0,1.0,48.0,113.9,117.2,104.0,105.4,9.9,11.8,0.676,2.08,19.1,0.298,0.727,0.529,0.129,0.53,0.582,95.0,93.0,77.5,93,0.553
0022500928,2026-03-08,1610612766,Charlotte Hornets,1,0,1,0.0,48.0,104.7,112.5,125.5,124.7,-20.9,-12.2,0.649,1.85,18.2,0.37,0.689,0.515,0.148,0.506,0.523,91.5,88.5,73.75,88,0.402
0022500930,2026-03-08,1610612741,Chicago Bulls,1,0,1,0.0,48.0,105.8,105.8,118.7,122.3,-12.9,-16.6,0.771,1.93,19.0,0.2,0.707,0.46,0.135,0.518,0.556,105.0,103.5,86.25,104,0.417
0022500921,2026-03-08,1610612739,Cleveland Cavaliers,1,0,1,0.0,48.0,104.0,105.4,113.9,117.2,-9.9,-11.8,0.657,2.56,17.8,0.273,0.702,0.471,0.097,0.483,0.514,95.0,93.0,77.5,93,0.447
0022500924,2026-03-08,1610612742,Dallas Mavericks,1,0,1,0.0,48.0,89.5,92.0,116.5,120.8,-27.1,-28.8,0.629,1.16,15.8,0.315,0.712,0.509,0.19,0.426,0.475,103.7,100.5,83.75,100,0.34
0022500923,2026-03-08,1610612765,Detroit Pistons,1,0,1,0.0,48.0,110.5,113.4,117.5,123.5,-7.0,-10.1,0.65,2.17,18.4,0.321,0.588,0.449,0.124,0.506,0.547,101.3,97.5,81.25,97,0.429
0022500927,2026-03-08,1610612745,Houston Rockets,1,0,1,0.0,48.0,114.2,118.8,142.3,142.2,-28.1,-23.3,0.595,2.08,18.0,0.277,0.795,0.512,0.119,0.529,0.594,103.5,101.5,84.58,101,0.415
0022500929,2026-03-08,1610612754,Indiana Pacers,1,0,1,0.0,48.0,105.2,108.8,123.7,128.4,-18.6,-19.6,0.659,2.25,18.5,0.317,0.646,0.463,0.118,0.505,0.526,105.7,102.0,85.0,102,0.393
0022500922,2026-03-08,1610612747,Los Angeles Lakers,1,1,0,1.0,48.0,114.3,113.4,96.8,99.0,17.6,14.4,0.571,1.43,15.5,0.24,0.688,0.459,0.144,0.525,0.584,98.2,97.5,81.25,97,0.542
0022500923,2026-03-08,1610612748,Miami Heat,1,1,0,1.0,48.0,117.5,123.5,110.5,113.4,7.0,10.1,0.721,2.58,20.7,0.412,0.679,0.551,0.122,0.527,0.582,101.3,97.5,81.25,98,0.571
0022500926,2026-03-08,1610612749,Milwaukee Bucks,1,0,1,0.0,48.0,93.1,93.8,129.5,135.4,-36.4,-41.6,0.611,1.29,16.7,0.245,0.643,0.421,0.175,0.506,0.507,99.1,96.5,80.42,97,0.305
0022500925,2026-03-08,1610612740,New Orleans Pelicans,1,1,0,1.0,48.0,130.6,131.4,110.4,113.5,20.2,18.0,0.532,3.13,17.4,0.348,0.673,0.52,0.076,0.567,0.629,106.3,104.5,87.08,105,0.628
0022500922,2026-03-08,1610612752,New York Knicks,1,0,1,0.0,48.0,96.8,99.0,114.3,113.4,-17.6,-14.4,0.657,1.21,16.9,0.313,0.76,0.541,0.194,0.476,0.532,98.2,97.5,81.25,98,0.458
0022500926,2026-03-08,1610612753,Orlando Magic,1,1,0,1.0,48.0,129.5,135.4,93.1,93.8,36.4,41.6,0.689,2.07,21.8,0.357,0.755,0.579,0.156,0.65,0.681,99.1,96.5,80.42,96,0.695
0022500928,2026-03-08,1610612756,Phoenix Suns,1,1,0,1.0,48.0,125.5,124.7,104.7,112.5,20.9,12.2,0.667,3.0,18.9,0.311,0.63,0.485,0.09,0.557,0.614,91.5,88.5,73.75,89,0.598
0022500929,2026-03-08,1610612757,Portland Trail Blazers,1,1,0,1.0,48.0,123.7,128.4,105.2,108.8,18.6,19.6,0.617,2.07,19.7,0.354,0.683,0.537,0.137,0.586,0.625,105.7,102.0,85.0,102,0.607
0022500930,2026-03-08,1610612758,Sacramento Kings,1,1,0,1.0,48.0,118.7,122.3,105.8,105.8,12.9,16.6,0.702,8.25,21.7,0.293,0.8,0.54,0.039,0.5,0.547,105.0,103.5,86.25,103,0.583
0022500927,2026-03-08,1610612759,San Antonio Spurs,1,1,0,1.0,48.0,142.3,142.2,114.2,118.8,28.1,23.3,0.745,4.75,25.9,0.205,0.723,0.488,0.078,0.699,0.726,103.5,101.5,84.58,102,0.585
0022500924,2026-03-08,1610612761,Toronto Raptors,1,1,0,1.0,48.0,116.5,120.8,89.5,92.0,27.1,28.8,0.813,4.88,25.2,0.288,0.685,0.491,0.079,0.558,0.583,103.7,100.5,83.75,101,0.66
0022500925,2026-03-08,1610612764,Washington Wizards,1,0,1,0.0,48.0,110.4,113.5,130.6,131.4,-20.2,-18.0,0.659,1.59,18.4,0.327,0.652,0.48,0.163,0.527,0.573,106.3,104.5,87.08,104,0.372
0022500932,2026-03-09,1610612751,Brooklyn Nets,1,1,0,1.0,48.0,121.9,128.6,109.5,115.0,12.4,13.6,0.745,1.75,23.6,0.375,0.6,0.505,0.204,0.653,0.675,104.2,99.0,82.5,98,0.575
0022500931,2026-03-09,1610612739,Cleveland Cavaliers,1,1,0,1.0,48.0,119.8,121.1,102.1,108.6,17.7,12.5,0.737,2.8,20.7,0.292,0.673,0.485,0.105,0.548,0.605,97.5,94.0,78.33,95,0.597
0022500933,2026-03-09,1610612743,Denver Nuggets,1,0,1,0.0,48.0,122.6,126.0,126.2,129.0,-3.6,-3.0,0.644,3.63,19.3,0.368,0.88,0.607,0.08,0.536,0.569,102.5,100.0,83.33,100,0.487
0022500934,2026-03-09,1610612744,Golden State Warriors,1,0,1,0.0,48.0,116.9,118.4,119.3,121.4,-2.4,-3.1,0.767,3.3,21.7,0.361,0.644,0.481,0.102,0.515,0.536,99.5,98.0,81.67,98,0.46
0022500935,2026-03-09,1610612746,LA Clippers,1,1,0,1.0,48.0,121.8,124.8,114.5,116.8,7.3,7.9,0.581,3.13,18.0,0.245,0.614,0.412,0.079,0.559,0.603,103.2,101.0,84.17,101,0.516
0022500932,2026-03-09,1610612763,Memphis Grizzlies,1,0,1,0.0,48.0,109.5,115.0,121.9,128.6,-12.4,-13.6,0.625,1.67,17.1,0.4,0.625,0.495,0.15,0.511,0.558,104.2,99.0,82.5,100,0.425
0022500935,2026-03-09,1610612752,New York Knicks,1,0,1,0.0,48.0,114.5,116.8,121.8,124.8,-7.3,-7.9,0.696,1.6,21.3,0.386,0.755,0.588,0.198,0.589,0.608,103.2,101.0,84.17,101,0.484
0022500933,2026-03-09,1610612760,Oklahoma City Thunder,1,1,0,1.0,48.0,126.2,129.0,122.6,126.0,3.6,3.0,0.574,9.0,20.3,0.12,0.632,0.393,0.03,0.608,0.631,102.5,100.0,83.33,100,0.513
0022500931,2026-03-09,1610612755,Philadelphia 76ers,1,0,1,0.0,48.0,102.1,108.6,119.8,121.1,-17.7,-12.5,0.513,1.18,15.5,0.327,0.708,0.515,0.183,0.524,0.543,97.5,94.0,78.33,93,0.403
0022500934,2026-03-09,1610612762,Utah Jazz,1,1,0,1.0,48.0,119.3,121.4,116.9,118.4,2.4,3.1,0.725,1.71,20.4,0.356,0.639,0.519,0.173,0.554,0.621,99.5,98.0,81.67,98,0.54
0022500939,2026-03-10,1610612737,Atlanta Hawks,1,1,0,1.0,48.0,124.1,125.3,114.7,112.0,9.4,13.3,0.592,2.9,20.3,0.306,0.714,0.51,0.101,0.589,0.602,98.8,99.5,82.92,99,0.545
0022500942,2026-03-10,1610612738,Boston Celtics,1,0,1,0.0,48.0,116.6,116.0,126.3,125.0,-9.7,-9.0,0.643,3.38,20.3,0.14,0.75,0.426,0.08,0.579,0.601,99.2,100.0,83.33,100,0.484
0022500937,2026-03-10,1610612751,Brooklyn Nets,1,0,1,0.0,48.0,104.2,106.4,139.5,145.3,-35.2,-38.9,0.793,1.21,18.0,0.25,0.61,0.424,0.202,0.514,0.596,97.5,94.5,78.75,94,0.3
0022500944,2026-03-10,1610612766,Charlotte Hornets,1,1,0,1.0,48.0,103.0,104.0,102.1,102.0,0.9,2.0,0.618,1.24,15.0,0.362,0.76,0.546,0.172,0.466,0.52,99.5,99.0,82.5,99,0.527
0022500943,2026-03-10,1610612741,Chicago Bulls,1,1,0,1.0,53.0,114.1,118.2,109.8,110.7,4.3,7.5,0.68,2.43,20.2,0.375,0.73,0.551,0.127,0.513,0.542,102.7,100.53,83.77,110,0.522
0022500939,2026-03-10,1610612742,Dallas Mavericks,1,0,1,0.0,48.0,114.7,112.0,124.1,125.3,-9.4,-13.3,0.683,2.0,19.7,0.286,0.694,0.49,0.14,0.552,0.585,98.8,99.5,82.92,100,0.455
0022500937,2026-03-10,1610612765,Detroit Pistons,1,1,0,1.0,48.0,139.5,145.3,104.2,106.4,35.2,38.9,0.75,4.0,24.7,0.39,0.75,0.576,0.095,0.659,0.69,97.5,94.5,78.75,95,0.7
0022500943,2026-03-10,1610612744,Golden State Warriors,1,0,1,0.0,53.0,109.8,110.7,114.1,118.2,-4.3,-7.5,0.682,2.5,19.0,0.27,0.625,0.449,0.107,0.514,0.549,102.7,100.53,83.77,112,0.478
0022500940,2026-03-10,1610612745,Houston Rockets,1,1,0,1.0,48.0,116.6,117.7,102.8,103.1,13.9,14.6,0.512,1.17,15.8,0.372,0.83,0.611,0.188,0.561,0.602,96.6,96.0,80.0,96,0.59
0022500945,2026-03-10,1610612754,Indiana Pacers,1,0,1,0.0,48.0,99.4,103.8,107.3,106.5,-8.0,-2.7,0.763,1.93,20.0,0.211,0.804,0.491,0.143,0.478,0.531,107.9,106.0,88.33,105,0.453
0022500946,2026-03-10,1610612747,Los Angeles Lakers,1,1,0,1.0,48.0,123.2,126.3,111.2,110.4,11.9,15.9,0.689,4.43,21.7,0.315,0.739,0.51,0.074,0.543,0.574,96.4,95.5,79.58,95,0.567
0022500936,2026-03-10,1610612763,Memphis Grizzlies,1,0,1,0.0,48.0,120.3,127.7,132.1,136.3,-11.8,-8.6,0.542,1.3,17.2,0.444,0.622,0.525,0.198,0.582,0.607,106.2,101.5,84.58,101,0.411
0022500938,2026-03-10,1610612748,Miami Heat,1,1,0,1.0,48.0,127.2,126.1,105.9,108.4,21.2,17.6,0.689,1.82,18.6,0.34,0.8,0.558,0.143,0.572,0.647,119.9,119.0,99.17,119,0.625
0022500941,2026-03-10,1610612749,Milwaukee Bucks,1,0,1,0.0,48.0,114.2,115.2,131.8,129.0,-17.6,-13.8,0.619,1.53,19.4,0.205,0.786,0.488,0.172,0.61,0.628,98.8,99.5,82.92,99,0.444
0022500946,2026-03-10,1610612750,Minnesota Timberwolves,1,0,1,0.0,48.0,111.2,110.4,123.2,126.3,-11.9,-15.9,0.595,2.0,16.9,0.261,0.685,0.49,0.115,0.525,0.574,96.4,95.5,79.58,96,0.433
0022500936,2026-03-10,1610612755,Philadelphia 76ers,1,1,0,1.0,48.0,132.1,136.3,120.3,127.7,11.8,8.6,0.6,2.45,18.5,0.378,0.556,0.475,0.108,0.587,0.654,106.2,101.5,84.58,102,0.589
0022500941,2026-03-10,1610612756,Phoenix Suns,1,1,0,1.0,48.0,131.8,129.0,114.2,115.2,17.6,13.8,0.688,2.75,23.4,0.214,0.795,0.512,0.12,0.674,0.687,98.8,99.5,82.92,100,0.556
0022500944,2026-03-10,1610612757,Portland Trail Blazers,1,0,1,0.0,48.0,102.1,102.0,103.0,104.0,-0.9,-2.0,0.657,1.28,17.3,0.24,0.638,0.454,0.182,0.518,0.555,99.5,99.0,82.5,99,0.473
0022500945,2026-03-10,1610612758,Sacramento Kings,1,1,0,1.0,48.0,107.3,106.5,99.4,103.8,8.0,2.7,0.537,2.0,15.9,0.196,0.789,0.509,0.103,0.494,0.552,107.9,106.0,88.33,107,0.547
0022500942,2026-03-10,1610612759,San Antonio Spurs,1,1,0,1.0,48.0,126.3,125.0,116.6,116.0,9.7,9.0,0.614,2.25,19.7,0.25,0.86,0.574,0.12,0.635,0.651,99.2,100.0,83.33,100,0.516
0022500940,2026-03-10,1610612761,Toronto Raptors,1,0,1,0.0,48.0,102.8,103.1,116.6,117.7,-13.9,-14.6,0.618,1.62,16.8,0.17,0.628,0.389,0.135,0.494,0.548,96.6,96.0,80.0,96,0.41
0022500938,2026-03-10,1610612764,Washington Wizards,1,0,1,0.0,48.0,105.9,108.4,127.2,126.1,-21.2,-17.6,0.543,1.04,16.3,0.2,0.66,0.442,0.202,0.601,0.634,119.9,119.0,99.17,119,0.375
0022500951,2026-03-11,1610612766,Charlotte Hornets,1,1,0,1.0,48.0,116.4,121.9,114.5,116.0,1.9,5.9,0.707,1.81,20.0,0.412,0.775,0.571,0.167,0.561,0.6,97.8,95.0,79.17,96,0.526
0022500947,2026-03-11,1610612739,Cleveland Cavaliers,1,0,1,0.0,48.0,123.9,128.4,128.9,133.3,-5.0,-4.9,0.545,2.4,18.0,0.308,0.717,0.5,0.105,0.59,0.607,98.9,95.5,79.58,95,0.45
0022500950,2026-03-11,1610612743,Denver Nuggets,1,1,0,1.0,48.0,130.7,131.6,90.2,93.0,40.6,38.6,0.75,3.6,25.2,0.22,0.597,0.447,0.102,0.649,0.667,100.9,99.0,82.5,98,0.69
0022500950,2026-03-11,1610612745,Houston Rockets,1,0,1,0.0,48.0,90.2,93.0,130.7,131.6,-40.6,-38.6,0.595,1.56,16.8,0.403,0.78,0.553,0.16,0.454,0.451,100.9,99.0,82.5,100,0.31
0022500952,2026-03-11,1610612746,LA Clippers,1,1,0,1.0,48.0,151.7,148.5,123.4,125.5,28.4,23.1,0.692,3.6,24.0,0.344,0.727,0.538,0.097,0.75,0.782,102.3,102.5,85.42,103,0.596
0022500952,2026-03-11,1610612750,Minnesota Timberwolves,1,0,1,0.0,48.0,123.4,125.5,151.7,148.5,-28.4,-23.1,0.696,1.52,22.4,0.273,0.656,0.462,0.206,0.669,0.713,102.3,102.5,85.42,102,0.404
0022500948,2026-03-11,1610612740,New Orleans Pelicans,1,1,0,1.0,48.0,116.7,118.4,108.8,108.8,7.9,9.6,0.6,1.69,18.9,0.333,0.729,0.558,0.155,0.591,0.619,103.3,102.5,85.42,103,0.571
0022500949,2026-03-11,1610612752,New York Knicks,1,1,0,1.0,48.0,135.8,138.1,121.4,118.2,14.4,20.0,0.771,3.08,24.7,0.364,0.66,0.516,0.124,0.614,0.659,97.5,98.0,81.67,97,0.588
0022500947,2026-03-11,1610612753,Orlando Magic,1,1,0,1.0,48.0,128.9,133.3,123.9,128.4,5.0,4.9,0.659,4.83,21.3,0.283,0.692,0.5,0.063,0.588,0.632,98.9,95.5,79.58,96,0.55
0022500951,2026-03-11,1610612758,Sacramento Kings,1,0,1,0.0,48.0,114.5,116.0,116.4,121.9,-1.9,-5.9,0.533,1.71,18.9,0.225,0.588,0.429,0.149,0.59,0.611,97.8,95.0,79.17,94,0.474
0022500948,2026-03-11,1610612761,Toronto Raptors,1,0,1,0.0,48.0,108.8,108.8,116.7,118.4,-7.9,-9.6,0.513,1.82,14.6,0.271,0.667,0.442,0.108,0.489,0.529,103.3,102.5,85.42,102,0.429
0022500949,2026-03-11,1610612762,Utah Jazz,1,0,1,0.0,48.0,121.4,118.2,135.8,138.1,-14.4,-20.0,0.714,2.0,20.8,0.34,0.636,0.484,0.152,0.586,0.613,97.5,98.0,81.67,99,0.412
0022500956,2026-03-12,1610612737,Atlanta Hawks,1,1,0,1.0,48.0,108.7,108.0,99.3,99.0,9.3,9.0,0.629,1.83,15.3,0.379,0.9,0.592,0.12,0.461,0.517,98.5,99.0,82.5,100,0.588
0022500959,2026-03-12,1610612738,Boston Celtics,1,0,1,0.0,48.0,105.4,112.1,112.5,115.6,-7.1,-3.5,0.571,1.54,15.3,0.377,0.702,0.53,0.143,0.477,0.532,94.6,90.5,75.42,91,0.487
0022500956,2026-03-12,1610612751,Brooklyn Nets,1,0,1,0.0,48.0,99.3,99.0,108.7,108.0,-9.3,-9.0,0.559,0.95,15.7,0.1,0.621,0.408,0.204,0.556,0.594,98.5,99.0,82.5,98,0.412
0022500960,2026-03-12,1610612741,Chicago Bulls,1,0,1,0.0,48.0,122.6,126.2,136.2,137.9,-13.6,-11.7,0.667,2.13,22.1,0.37,0.62,0.5,0.155,0.616,0.637,105.1,103.0,85.83,103,0.469
0022501111,2026-03-12,1610612742,Dallas Mavericks,1,1,0,1.0,48.0,117.0,117.6,108.0,110.9,9.0,6.8,0.556,1.25,16.4,0.491,0.705,0.605,0.196,0.543,0.579,103.1,101.5,84.58,102,0.564
0022500958,2026-03-12,1610612743,Denver Nuggets,1,1,0,1.0,48.0,126.3,127.1,122.3,120.2,3.9,6.9,0.614,2.7,19.0,0.178,0.707,0.476,0.093,0.568,0.649,107.4,108.0,90.0,107,0.529
0022500953,2026-03-12,1610612765,Detroit Pistons,1,1,0,1.0,48.0,124.0,127.2,103.3,106.9,20.7,20.3,0.771,2.18,24.2,0.317,0.7,0.527,0.165,0.618,0.664,105.6,102.5,85.42,103,0.619
0022500954,2026-03-12,1610612754,Indiana Pacers,1,0,1,0.0,48.0,111.3,112.5,123.4,128.1,-12.1,-15.6,0.649,1.5,17.8,0.333,0.591,0.461,0.167,0.524,0.581,98.3,96.0,80.0,96,0.446
0022500960,2026-03-12,1610612747,Los Angeles Lakers,1,1,0,1.0,48.0,136.2,137.9,122.6,126.2,13.6,11.7,0.564,3.1,20.3,0.38,0.63,0.5,0.097,0.641,0.656,105.1,103.0,85.83,103,0.531
0022501111,2026-03-12,1610612763,Memphis Grizzlies,1,0,1,0.0,48.0,108.0,110.9,117.0,117.6,-9.0,-6.8,0.634,2.6,18.1,0.295,0.509,0.395,0.099,0.49,0.52,103.1,101.5,84.58,101,0.436
0022500957,2026-03-12,1610612748,Miami Heat,1,1,0,1.0,48.0,111.0,109.8,102.6,104.0,8.4,5.8,0.684,2.17,17.6,0.351,0.889,0.588,0.118,0.489,0.539,101.6,101.5,84.58,102,0.548
0022500957,2026-03-12,1610612749,Milwaukee Bucks,1,0,1,0.0,48.0,102.6,104.0,111.0,109.8,-8.4,-5.8,0.634,1.86,19.7,0.111,0.649,0.412,0.139,0.548,0.575,101.6,101.5,84.58,101,0.452
0022500959,2026-03-12,1610612760,Oklahoma City Thunder,1,1,0,1.0,48.0,112.5,115.6,105.4,112.1,7.1,3.5,0.55,1.83,17.5,0.298,0.623,0.47,0.133,0.542,0.568,94.6,90.5,75.42,90,0.513
0022500955,2026-03-12,1610612753,Orlando Magic,1,1,0,1.0,53.0,116.3,117.2,112.4,114.9,3.9,2.3,0.638,2.31,18.8,0.296,0.712,0.513,0.112,0.545,0.592,105.7,104.15,86.79,116,0.548
0022500953,2026-03-12,1610612755,Philadelphia 76ers,1,0,1,0.0,48.0,103.3,106.9,124.0,127.2,-20.7,-20.3,0.476,1.25,14.6,0.3,0.683,0.473,0.157,0.511,0.542,105.6,102.5,85.42,102,0.381
0022500954,2026-03-12,1610612756,Phoenix Suns,1,1,0,1.0,48.0,123.4,128.1,111.3,112.5,12.1,15.6,0.457,1.5,15.7,0.409,0.667,0.539,0.146,0.597,0.63,98.3,96.0,80.0,96,0.554
0022500958,2026-03-12,1610612759,San Antonio Spurs,1,0,1,0.0,48.0,122.3,120.2,126.3,127.1,-3.9,-6.9,0.791,3.4,21.7,0.293,0.822,0.524,0.092,0.553,0.6,107.4,108.0,90.0,109,0.471
0022500955,2026-03-12,1610612764,Washington Wizards,1,0,1,0.0,53.0,112.4,114.9,116.3,117.2,-3.9,-2.3,0.542,1.73,16.6,0.288,0.704,0.487,0.132,0.524,0.567,105.7,104.15,86.79,114,0.452
0022500968,2026-03-13,1610612741,Chicago Bulls,1,0,1,0.0,48.0,104.1,105.9,116.0,116.7,-11.9,-10.8,0.548,1.53,16.1,0.321,0.745,0.523,0.147,0.505,0.536,103.1,102.0,85.0,102,0.424
0022500965,2026-03-13,1610612739,Cleveland Cavaliers,1,1,0,1.0,48.0,135.7,135.3,100.4,104.0,35.2,31.3,0.571,2.29,22.1,0.275,0.679,0.505,0.137,0.714,0.713,103.1,101.5,84.58,102,0.635
0022500965,2026-03-13,1610612742,Dallas Mavericks,1,0,1,0.0,48.0,100.4,104.0,135.7,135.3,-35.2,-31.3,0.711,1.42,18.6,0.321,0.725,0.495,0.188,0.489,0.538,103.1,101.5,84.58,101,0.365
0022500961,2026-03-13,1610612765,Detroit Pistons,1,1,0,1.0,48.0,126.1,128.6,106.2,111.1,19.9,17.5,0.72,1.89,23.2,0.467,0.667,0.576,0.194,0.609,0.631,101.7,98.5,82.08,98,0.642
0022500966,2026-03-13,1610612744,Golden State Warriors,1,0,1,0.0,48.0,113.6,115.8,127.7,125.7,-14.1,-9.9,0.59,2.56,16.0,0.339,0.632,0.454,0.089,0.479,0.542,101.2,101.0,84.17,101,0.423
0022500964,2026-03-13,1610612745,Houston Rockets,1,1,0,1.0,48.0,112.1,113.8,112.4,111.7,-0.3,2.1,0.625,2.08,18.0,0.375,0.679,0.523,0.128,0.5,0.527,94.5,94.0,78.33,94,0.523
0022500962,2026-03-13,1610612754,Indiana Pacers,1,0,1,0.0,48.0,92.4,94.8,101.0,105.2,-8.6,-10.4,0.6,1.91,16.2,0.218,0.764,0.491,0.113,0.449,0.481,99.8,96.5,80.42,97,0.47
0022500968,2026-03-13,1610612746,LA Clippers,1,1,0,1.0,48.0,116.0,116.7,104.1,105.9,11.9,10.8,0.609,4.67,19.6,0.255,0.679,0.477,0.059,0.526,0.558,103.1,102.0,85.0,102,0.576
0022500961,2026-03-13,1610612763,Memphis Grizzlies,1,0,1,0.0,48.0,106.2,111.1,126.1,128.6,-19.9,-17.5,0.526,1.18,14.6,0.333,0.533,0.424,0.172,0.511,0.552,101.7,98.5,82.08,99,0.358
0022500966,2026-03-13,1610612750,Minnesota Timberwolves,1,1,0,1.0,48.0,127.7,125.7,113.6,115.8,14.1,9.9,0.543,1.47,17.9,0.368,0.661,0.546,0.168,0.634,0.68,101.2,101.0,84.17,101,0.577
0022500964,2026-03-13,1610612740,New Orleans Pelicans,1,0,1,0.0,48.0,112.4,111.7,112.1,113.8,0.3,-2.1,0.514,1.46,14.7,0.321,0.625,0.477,0.138,0.518,0.55,94.5,94.0,78.33,94,0.477
0022500962,2026-03-13,1610612752,New York Knicks,1,1,0,1.0,48.0,101.0,105.2,92.4,94.8,8.6,10.4,0.541,1.67,15.5,0.236,0.782,0.509,0.125,0.466,0.51,99.8,96.5,80.42,96,0.53
0022500963,2026-03-13,1610612756,Phoenix Suns,1,0,1,0.0,48.0,115.9,118.6,123.5,127.1,-7.6,-8.5,0.526,1.67,15.7,0.208,0.738,0.456,0.124,0.588,0.617,99.0,96.5,80.42,97,0.447
0022500967,2026-03-13,1610612757,Portland Trail Blazers,1,1,0,1.0,48.0,116.9,115.9,103.9,107.5,13.0,8.3,0.739,1.42,21.8,0.364,0.706,0.547,0.224,0.612,0.646,107.9,106.5,88.75,107,0.573
0022500963,2026-03-13,1610612761,Toronto Raptors,1,1,0,1.0,48.0,123.5,127.1,115.9,118.6,7.6,8.5,0.543,2.08,18.9,0.262,0.792,0.544,0.125,0.616,0.643,99.0,96.5,80.42,96,0.553
0022500967,2026-03-13,1610612762,Utah Jazz,1,0,1,0.0,48.0,103.9,107.5,116.9,115.9,-13.0,-8.3,0.667,1.56,18.8,0.294,0.636,0.453,0.17,0.527,0.561,107.9,106.5,88.75,106,0.427
0022500970,2026-03-14,1610612737,Atlanta Hawks,1,1,0,1.0,48.0,120.9,120.8,97.1,98.0,23.8,22.8,0.617,2.23,19.7,0.34,0.78,0.538,0.129,0.568,0.593,101.4,101.0,84.17,101,0.595
0022500971,2026-03-14,1610612738,Boston Celtics,1,1,0,1.0,48.0,114.0,113.3,102.6,101.0,11.4,12.3,0.707,1.93,19.7,0.385,0.769,0.577,0.153,0.505,0.548,97.4,98.5,82.08,98,0.552
0022500969,2026-03-14,1610612751,Brooklyn Nets,1,0,1,0.0,48.0,94.0,97.0,102.3,103.0,-8.4,-6.0,0.625,1.18,14.8,0.271,0.729,0.477,0.17,0.444,0.494,102.4,100.5,83.75,100,0.386
0022500973,2026-03-14,1610612766,Charlotte Hornets,1,0,1,0.0,48.0,100.5,106.3,115.9,121.1,-15.4,-14.8,0.514,1.5,13.7,0.311,0.608,0.446,0.125,0.473,0.508,100.4,95.5,79.58,96,0.382
0022500974,2026-03-14,1610612743,Denver Nuggets,1,0,1,0.0,53.0,110.0,112.6,111.0,116.5,-1.0,-3.9,0.75,2.06,20.9,0.259,0.706,0.476,0.144,0.563,0.597,103.3,99.62,83.02,111,0.491
0022500975,2026-03-14,1610612746,LA Clippers,1,0,1,0.0,48.0,108.2,106.9,116.8,116.8,-8.6,-10.0,0.487,1.46,14.6,0.188,0.73,0.424,0.127,0.518,0.563,100.9,101.5,84.58,102,0.458
0022500974,2026-03-14,1610612747,Los Angeles Lakers,1,1,0,1.0,53.0,111.0,116.5,110.0,112.6,1.0,3.9,0.646,1.82,20.0,0.294,0.741,0.524,0.156,0.591,0.608,103.3,99.62,83.02,109,0.509
0022500972,2026-03-14,1610612748,Miami Heat,1,0,1,0.0,48.0,112.2,111.4,111.0,115.2,1.1,-3.8,0.61,2.27,18.0,0.176,0.652,0.402,0.105,0.534,0.583,106.7,105.0,87.5,105,0.487
0022500970,2026-03-14,1610612749,Milwaukee Bucks,1,0,1,0.0,48.0,97.1,98.0,120.9,120.8,-23.8,-22.8,0.649,1.04,17.9,0.22,0.66,0.462,0.228,0.566,0.59,101.4,101.0,84.17,101,0.405
0022500972,2026-03-14,1610612753,Orlando Magic,1,1,0,1.0,48.0,111.0,115.2,112.2,111.4,-1.1,3.8,0.591,1.3,17.7,0.348,0.824,0.598,0.19,0.551,0.605,106.7,105.0,87.5,105,0.513
0022500969,2026-03-14,1610612755,Philadelphia 76ers,1,1,0,1.0,48.0,102.3,103.0,94.0,97.0,8.4,6.0,0.579,1.57,16.2,0.271,0.729,0.523,0.139,0.482,0.544,102.4,100.5,83.75,101,0.614
0022500975,2026-03-14,1610612758,Sacramento Kings,1,1,0,1.0,48.0,116.8,116.8,108.2,106.9,8.6,10.0,0.604,1.38,20.7,0.27,0.813,0.576,0.208,0.659,0.663,100.9,101.5,84.58,101,0.542
0022500973,2026-03-14,1610612759,San Antonio Spurs,1,1,0,1.0,48.0,115.9,121.1,100.5,106.3,15.4,14.8,0.674,2.23,20.1,0.392,0.689,0.554,0.137,0.527,0.568,100.4,95.5,79.58,95,0.618
0022500971,2026-03-14,1610612764,Washington Wizards,1,0,1,0.0,48.0,102.6,101.0,114.0,113.3,-11.4,-12.3,0.757,1.87,20.1,0.231,0.615,0.423,0.152,0.53,0.547,97.4,98.5,82.08,99,0.448
0022500977,2026-03-15,1610612739,Cleveland Cavaliers,1,0,1,0.0,48.0,116.2,116.5,126.4,127.5,-10.1,-10.9,0.711,2.0,21.9,0.245,0.762,0.484,0.155,0.602,0.617,103.1,102.5,85.42,103,0.428
0022500977,2026-03-15,1610612742,Dallas Mavericks,1,1,0,1.0,48.0,126.4,127.5,116.2,116.5,10.1,10.9,0.761,2.69,24.0,0.238,0.755,0.516,0.127,0.615,0.657,103.1,102.5,85.42,102,0.572
0022500978,2026-03-15,1610612765,Detroit Pistons,1,0,1,0.0,48.0,113.0,113.7,122.4,125.3,-9.4,-11.6,0.561,1.77,17.4,0.298,0.529,0.418,0.137,0.541,0.565,96.4,95.0,79.17,95,0.432
0022500981,2026-03-15,1610612744,Golden State Warriors,1,0,1,0.0,48.0,111.9,116.3,118.1,117.0,-6.2,-0.7,0.675,1.5,20.3,0.326,0.543,0.438,0.196,0.573,0.604,94.4,93.0,77.5,92,0.471
0022500979,2026-03-15,1610612754,Indiana Pacers,1,0,1,0.0,48.0,122.9,128.1,142.0,139.6,-19.2,-11.5,0.81,1.79,23.6,0.341,0.689,0.523,0.198,0.648,0.675,97.2,96.0,80.0,96,0.472
0022500979,2026-03-15,1610612749,Milwaukee Bucks,1,1,0,1.0,48.0,142.0,139.6,122.9,128.1,19.2,11.5,0.633,3.44,22.0,0.311,0.659,0.477,0.094,0.672,0.681,97.2,96.0,80.0,96,0.528
0022500976,2026-03-15,1610612750,Minnesota Timberwolves,1,0,1,0.0,48.0,99.3,104.0,114.4,116.0,-15.1,-12.0,0.5,0.72,13.7,0.333,0.667,0.524,0.253,0.565,0.594,102.5,99.5,82.92,99,0.408
0022500981,2026-03-15,1610612752,New York Knicks,1,1,0,1.0,48.0,118.1,117.0,111.9,116.3,6.2,0.7,0.59,1.53,16.8,0.457,0.674,0.562,0.16,0.524,0.584,94.4,93.0,77.5,94,0.529
0022500976,2026-03-15,1610612760,Oklahoma City Thunder,1,1,0,1.0,48.0,114.4,116.0,99.3,104.0,15.1,12.0,0.667,4.0,18.9,0.333,0.667,0.476,0.07,0.49,0.53,102.5,99.5,82.92,100,0.592
0022500980,2026-03-15,1610612755,Philadelphia 76ers,1,1,0,1.0,48.0,105.2,103.8,97.9,100.0,7.3,3.8,0.386,1.21,12.0,0.351,0.724,0.539,0.133,0.49,0.526,104.4,104.0,86.67,105,0.536
0022500980,2026-03-15,1610612757,Portland Trail Blazers,1,0,1,0.0,48.0,97.9,100.0,105.2,103.8,-7.3,-3.8,0.722,1.37,17.9,0.276,0.649,0.461,0.184,0.484,0.509,104.4,104.0,86.67,103,0.464
0022500982,2026-03-15,1610612758,Sacramento Kings,1,1,0,1.0,48.0,112.3,112.6,108.8,106.7,3.4,5.9,0.683,1.56,19.3,0.298,0.765,0.541,0.175,0.547,0.596,102.7,103.5,86.25,103,0.533
0022500978,2026-03-15,1610612761,Toronto Raptors,1,1,0,1.0,48.0,122.4,125.3,113.0,113.7,9.4,11.6,0.568,1.92,17.4,0.471,0.702,0.582,0.137,0.527,0.571,96.4,95.0,79.17,95,0.568
0022500982,2026-03-15,1610612762,Utah Jazz,1,0,1,0.0,48.0,108.8,106.7,112.3,112.6,-3.4,-5.9,0.537,1.47,15.9,0.235,0.702,0.459,0.144,0.547,0.572,102.7,103.5,86.25,104,0.467
0022500983,2026-03-16,1610612737,Atlanta Hawks,1,1,0,1.0,48.0,118.4,119.2,103.6,106.7,14.8,12.6,0.767,2.36,21.2,0.352,0.772,0.568,0.135,0.548,0.586,106.4,104.5,87.08,104,0.573
0022500986,2026-03-16,1610612738,Boston Celtics,1,1,0,1.0,48.0,121.4,126.3,114.6,116.7,6.8,9.6,0.795,2.21,22.3,0.302,0.708,0.516,0.147,0.594,0.653,98.3,95.5,79.58,95,0.54
0022500985,2026-03-16,1610612751,Brooklyn Nets,1,0,1,0.0,48.0,96.2,95.0,113.1,115.2,-16.9,-20.2,0.576,1.12,13.7,0.351,0.667,0.49,0.17,0.436,0.481,99.8,99.5,82.92,100,0.379
0022500987,2026-03-16,1610612741,Chicago Bulls,1,1,0,1.0,48.0,124.2,129.4,104.5,102.9,19.7,26.5,0.625,1.76,20.1,0.37,0.72,0.552,0.167,0.613,0.646,104.3,103.0,85.83,102,0.586
0022500988,2026-03-16,1610612742,Dallas Mavericks,1,0,1,0.0,48.0,101.7,101.8,115.2,118.3,-13.5,-16.5,0.614,2.25,17.9,0.258,0.722,0.474,0.11,0.49,0.504,110.6,109.0,90.83,109,0.413
0022500984,2026-03-16,1610612744,Golden State Warriors,1,1,0,1.0,48.0,117.6,122.5,113.9,112.5,3.7,10.0,0.696,1.88,21.1,0.383,0.683,0.523,0.167,0.555,0.605,104.5,103.0,85.83,102,0.565
0022500989,2026-03-16,1610612745,Houston Rockets,1,0,1,0.0,48.0,97.3,101.1,106.7,107.5,-9.5,-6.4,0.553,0.88,15.9,0.476,0.667,0.578,0.264,0.513,0.537,94.1,92.0,76.67,91,0.487
0022500990,2026-03-16,1610612746,LA Clippers,1,0,1,0.0,48.0,113.2,116.2,120.5,121.4,-7.3,-5.3,0.581,1.79,17.5,0.365,0.556,0.462,0.141,0.545,0.578,100.2,98.5,82.08,99,0.49
0022500989,2026-03-16,1610612747,Los Angeles Lakers,1,1,0,1.0,48.0,106.7,107.5,97.3,101.1,9.5,6.4,0.459,1.42,13.6,0.333,0.524,0.422,0.129,0.488,0.534,94.1,92.0,76.67,93,0.513
0022500987,2026-03-16,1610612763,Memphis Grizzlies,1,0,1,0.0,48.0,104.5,102.9,124.2,129.4,-19.7,-26.5,0.769,1.67,20.4,0.28,0.63,0.448,0.173,0.535,0.567,104.3,103.0,85.83,104,0.414
0022500988,2026-03-16,1610612740,New Orleans Pelicans,1,1,0,1.0,48.0,115.2,118.3,101.7,101.8,13.5,16.5,0.646,2.21,20.0,0.278,0.742,0.526,0.128,0.563,0.587,110.6,109.0,90.83,109,0.587
0022500983,2026-03-16,1610612753,Orlando Magic,1,0,1,0.0,48.0,103.6,106.7,118.4,119.2,-14.8,-12.6,0.5,1.82,14.5,0.228,0.648,0.432,0.105,0.495,0.533,106.4,104.5,87.08,105,0.427
0022500986,2026-03-16,1610612756,Phoenix Suns,1,0,1,0.0,48.0,114.6,116.7,121.4,126.3,-6.8,-9.6,0.703,2.6,19.1,0.292,0.698,0.484,0.104,0.524,0.585,98.3,95.5,79.58,96,0.46
0022500985,2026-03-16,1610612757,Portland Trail Blazers,1,1,0,1.0,48.0,113.1,115.2,96.2,95.0,16.9,20.2,0.732,1.58,21.0,0.333,0.649,0.51,0.192,0.581,0.614,99.8,99.5,82.92,99,0.621
0022500990,2026-03-16,1610612759,San Antonio Spurs,1,1,0,1.0,48.0,120.5,121.4,113.2,116.2,7.3,5.3,0.581,1.67,17.0,0.444,0.635,0.538,0.153,0.516,0.563,100.2,98.5,82.08,98,0.51
0022500984,2026-03-16,1610612764,Washington Wizards,1,0,1,0.0,48.0,113.9,112.5,117.6,122.5,-3.7,-10.0,0.6,1.14,17.3,0.317,0.617,0.477,0.202,0.596,0.645,104.5,103.0,85.83,104,0.435
0022500991,2026-03-17,1610612766,Charlotte Hornets,1,1,0,1.0,48.0,124.5,128.3,99.1,101.0,25.4,27.3,0.627,2.29,21.2,0.298,0.709,0.52,0.132,0.62,0.646,108.1,105.5,87.92,106,0.636
0022500995,2026-03-17,1610612739,Cleveland Cavaliers,1,1,0,1.0,48.0,125.6,129.5,120.2,120.8,5.3,8.6,0.643,3.86,20.0,0.277,0.745,0.52,0.074,0.558,0.609,97.2,95.5,79.58,95,0.54
0022500997,2026-03-17,1610612743,Denver Nuggets,1,1,0,1.0,48.0,118.5,118.1,91.8,92.3,26.7,25.8,0.814,2.5,23.0,0.25,0.825,0.562,0.133,0.593,0.622,104.6,104.5,87.08,105,0.632
0022500993,2026-03-17,1610612765,Detroit Pistons,1,1,0,1.0,48.0,128.6,127.5,114.3,114.7,14.3,12.7,0.674,2.38,20.7,0.375,0.787,0.579,0.127,0.572,0.625,101.7,102.0,85.0,102,0.579
0022500994,2026-03-17,1610612754,Indiana Pacers,1,0,1,0.0,48.0,112.2,114.6,142.1,141.7,-29.9,-27.1,0.705,1.72,22.5,0.256,0.592,0.435,0.188,0.618,0.624,96.9,96.0,80.0,96,0.405
0022500991,2026-03-17,1610612748,Miami Heat,1,0,1,0.0,48.0,99.1,101.0,124.5,128.3,-25.4,-27.3,0.722,1.73,17.8,0.291,0.702,0.48,0.143,0.444,0.51,108.1,105.5,87.92,105,0.364
0022500995,2026-03-17,1610612749,Milwaukee Bucks,1,0,1,0.0,48.0,120.2,120.8,125.6,129.5,-5.3,-8.6,0.571,3.0,18.2,0.255,0.723,0.48,0.083,0.591,0.607,97.2,95.5,79.58,96,0.46
0022500996,2026-03-17,1610612750,Minnesota Timberwolves,1,1,0,1.0,48.0,116.3,118.4,99.9,103.0,16.4,15.4,0.651,1.56,19.6,0.386,0.587,0.505,0.184,0.565,0.599,101.9,99.5,82.92,98,0.61
0022500994,2026-03-17,1610612752,New York Knicks,1,1,0,1.0,48.0,142.1,141.7,112.2,114.6,29.9,27.1,0.704,4.22,24.7,0.408,0.744,0.565,0.094,0.63,0.643,96.9,96.0,80.0,96,0.595
0022500992,2026-03-17,1610612760,Oklahoma City Thunder,1,1,0,1.0,48.0,109.8,113.0,104.0,106.9,5.8,6.1,0.475,1.58,14.2,0.3,0.759,0.546,0.12,0.494,0.555,103.3,100.5,83.75,100,0.563
0022500992,2026-03-17,1610612753,Orlando Magic,1,0,1,0.0,48.0,104.0,106.9,109.8,113.0,-5.8,-6.1,0.568,1.75,15.6,0.241,0.7,0.454,0.119,0.489,0.53,103.3,100.5,83.75,101,0.438
0022500997,2026-03-17,1610612755,Philadelphia 76ers,1,0,1,0.0,48.0,91.8,92.3,118.5,118.1,-26.7,-25.8,0.811,2.31,20.8,0.175,0.75,0.438,0.125,0.441,0.477,104.6,104.5,87.08,104,0.368
0022500996,2026-03-17,1610612756,Phoenix Suns,1,0,1,0.0,48.0,99.9,103.0,116.3,118.4,-16.4,-15.4,0.676,1.79,16.6,0.413,0.614,0.495,0.139,0.448,0.485,101.9,99.5,82.92,101,0.39
0022500998,2026-03-17,1610612758,Sacramento Kings,1,0,1,0.0,48.0,103.3,104.0,132.4,132.0,-29.1,-28.0,0.78,4.0,22.7,0.161,0.848,0.471,0.08,0.516,0.527,100.2,100.0,83.33,100,0.379
0022500998,2026-03-17,1610612759,San Antonio Spurs,1,1,0,1.0,48.0,132.4,132.0,103.3,104.0,29.1,28.0,0.854,6.83,27.7,0.152,0.839,0.529,0.06,0.651,0.669,100.2,100.0,83.33,100,0.621
0022500993,2026-03-17,1610612764,Washington Wizards,1,0,1,0.0,48.0,114.3,114.7,128.6,127.5,-14.3,-12.7,0.465,1.43,15.2,0.213,0.625,0.421,0.137,0.586,0.613,101.7,102.0,85.0,102,0.421
0022501006,2026-03-18,1610612737,Atlanta Hawks,1,1,0,1.0,48.0,126.0,128.6,112.4,114.3,13.6,14.3,0.655,3.27,22.9,0.32,0.646,0.48,0.105,0.608,0.624,107.0,105.0,87.5,105,0.542
0022500999,2026-03-18,1610612738,Boston Celtics,1,1,0,1.0,48.0,118.4,121.2,98.4,100.0,19.9,21.2,0.5,1.38,15.6,0.408,0.672,0.551,0.162,0.554,0.598,101.0,99.0,82.5,99,0.586
0022501000,2026-03-18,1610612751,Brooklyn Nets,1,0,1,0.0,48.0,87.9,88.5,115.6,116.3,-27.7,-27.9,0.586,0.74,12.4,0.302,0.705,0.485,0.221,0.437,0.497,104.7,104.0,86.67,104,0.301
0022501002,2026-03-18,1610612741,Chicago Bulls,1,0,1,0.0,48.0,101.6,100.9,125.8,129.9,-24.2,-29.0,0.6,1.26,16.8,0.224,0.711,0.437,0.176,0.524,0.56,108.9,107.5,89.58,108,0.373
0022501006,2026-03-18,1610612742,Dallas Mavericks,1,0,1,0.0,48.0,112.4,114.3,126.0,128.6,-13.6,-14.3,0.619,1.37,17.6,0.354,0.68,0.52,0.181,0.552,0.608,107.0,105.0,87.5,105,0.458
0022500651,2026-03-18,1610612743,Denver Nuggets,1,0,1,0.0,48.0,105.7,108.3,113.6,115.7,-7.9,-7.5,0.773,1.79,21.9,0.25,0.719,0.505,0.174,0.561,0.592,110.9,108.5,90.42,109,0.486
0022500999,2026-03-18,1610612744,Golden State Warriors,1,0,1,0.0,48.0,98.4,100.0,118.4,121.2,-19.9,-21.2,0.722,1.86,18.1,0.328,0.592,0.449,0.141,0.456,0.492,101.0,99.0,82.5,99,0.414
0022501007,2026-03-18,1610612745,Houston Rockets,1,0,1,0.0,48.0,117.8,120.8,128.0,129.2,-10.2,-8.3,0.578,2.17,19.0,0.362,0.765,0.531,0.125,0.555,0.589,97.7,96.0,80.0,96,0.46
0022501001,2026-03-18,1610612754,Indiana Pacers,1,0,1,0.0,48.0,118.4,121.4,122.8,128.3,-4.3,-6.9,0.696,2.67,22.5,0.261,0.508,0.4,0.122,0.571,0.604,102.0,98.5,82.08,98,0.491
0022501005,2026-03-18,1610612746,LA Clippers,1,0,1,0.0,48.0,113.9,113.5,126.2,130.5,-12.3,-17.0,0.533,1.5,17.6,0.356,0.537,0.442,0.167,0.563,0.582,97.0,95.5,79.58,96,0.417
0022501007,2026-03-18,1610612747,Los Angeles Lakers,1,1,0,1.0,48.0,128.0,129.2,117.8,120.8,10.2,8.3,0.652,2.14,22.4,0.235,0.638,0.469,0.146,0.704,0.706,97.7,96.0,80.0,96,0.54
0022500651,2026-03-18,1610612763,Memphis Grizzlies,1,1,0,1.0,48.0,113.6,115.7,105.7,108.3,7.9,7.5,0.524,2.2,15.1,0.281,0.75,0.495,0.093,0.51,0.558,110.9,108.5,90.42,108,0.514
0022501004,2026-03-18,1610612750,Minnesota Timberwolves,1,1,0,1.0,48.0,128.7,133.6,99.6,101.8,29.1,31.8,0.75,2.29,23.6,0.34,0.627,0.5,0.155,0.635,0.673,112.8,109.5,91.25,110,0.662
0022501005,2026-03-18,1610612740,New Orleans Pelicans,1,1,0,1.0,48.0,126.2,130.5,113.9,113.5,12.3,17.0,0.727,1.68,21.9,0.463,0.644,0.558,0.2,0.627,0.672,97.0,95.5,79.58,95,0.583
0022501000,2026-03-18,1610612760,Oklahoma City Thunder,1,1,0,1.0,48.0,115.6,116.3,87.9,88.5,27.7,27.9,0.578,1.37,18.2,0.295,0.698,0.515,0.183,0.612,0.639,104.7,104.0,86.67,104,0.699
0022501001,2026-03-18,1610612757,Portland Trail Blazers,1,1,0,1.0,48.0,122.8,128.3,118.4,121.4,4.3,6.9,0.711,2.46,20.0,0.492,0.739,0.6,0.131,0.525,0.565,102.0,98.5,82.08,99,0.509
0022501002,2026-03-18,1610612761,Toronto Raptors,1,1,0,1.0,48.0,125.8,129.9,101.6,100.9,24.2,29.0,0.688,1.83,21.9,0.289,0.776,0.563,0.168,0.655,0.705,108.9,107.5,89.58,107,0.627
0022501004,2026-03-18,1610612762,Utah Jazz,1,0,1,0.0,48.0,99.6,101.8,128.7,133.6,-29.1,-31.8,0.65,1.08,16.7,0.373,0.66,0.5,0.22,0.5,0.531,112.8,109.5,91.25,109,0.338
0022501008,2026-03-19,1610612766,Charlotte Hornets,1,1,0,1.0,48.0,125.1,131.3,106.5,114.4,18.7,16.9,0.667,1.27,19.6,0.425,0.625,0.542,0.222,0.663,0.707,104.1,98.0,81.67,99,0.594
0022501011,2026-03-19,1610612741,Chicago Bulls,1,0,1,0.0,48.0,104.3,106.8,109.9,112.7,-5.6,-5.9,0.643,1.69,18.5,0.31,0.667,0.482,0.155,0.527,0.542,105.1,102.5,85.42,103,0.47
0022501011,2026-03-19,1610612739,Cleveland Cavaliers,1,1,0,1.0,48.0,109.9,112.7,104.3,106.8,5.6,5.9,0.65,1.63,17.8,0.333,0.69,0.518,0.157,0.516,0.55,105.1,102.5,85.42,102,0.53
0022501009,2026-03-19,1610612765,Detroit Pistons,1,1,0,1.0,48.0,115.3,118.2,94.7,96.0,20.6,22.2,0.727,3.2,20.9,0.418,0.833,0.612,0.101,0.5,0.539,100.9,99.0,82.5,99,0.664
0022501012,2026-03-19,1610612746,LA Clippers,1,0,1,0.0,48.0,102.0,102.1,109.7,107.1,-7.8,-5.1,0.571,1.25,15.6,0.229,0.78,0.483,0.165,0.526,0.55,96.4,97.5,81.25,97,0.442
0022501010,2026-03-19,1610612747,Los Angeles Lakers,1,1,0,1.0,48.0,132.9,128.8,122.7,122.3,10.2,6.5,0.535,1.77,16.3,0.318,0.694,0.516,0.125,0.617,0.665,101.7,103.5,86.25,104,0.532
0022501010,2026-03-19,1610612748,Miami Heat,1,0,1,0.0,48.0,122.7,122.3,132.9,128.8,-10.2,-6.5,0.646,2.82,20.8,0.306,0.682,0.484,0.107,0.574,0.608,101.7,103.5,86.25,103,0.468
0022501014,2026-03-19,1610612749,Milwaukee Bucks,1,0,1,0.0,48.0,95.9,96.0,124.5,128.0,-28.6,-32.0,0.625,1.0,15.4,0.204,0.636,0.409,0.2,0.506,0.545,101.5,100.0,83.33,100,0.337
0022501012,2026-03-19,1610612740,New Orleans Pelicans,1,1,0,1.0,48.0,109.7,107.1,102.0,102.1,7.8,5.1,0.568,1.31,16.4,0.22,0.771,0.517,0.163,0.558,0.599,96.4,97.5,81.25,98,0.558
0022501008,2026-03-19,1610612753,Orlando Magic,1,0,1,0.0,48.0,106.5,114.4,125.1,131.3,-18.7,-16.9,0.615,1.71,17.0,0.375,0.575,0.458,0.144,0.495,0.543,104.1,98.0,81.67,97,0.406
0022501015,2026-03-19,1610612755,Philadelphia 76ers,1,1,0,1.0,48.0,132.9,132.4,116.0,113.5,17.0,18.9,0.627,3.56,20.3,0.404,0.72,0.559,0.086,0.583,0.617,103.2,104.5,87.08,105,0.585
0022501013,2026-03-19,1610612756,Phoenix Suns,1,0,1,0.0,48.0,100.5,103.1,102.9,105.2,-2.4,-2.1,0.711,2.45,19.6,0.291,0.745,0.509,0.113,0.478,0.508,98.8,96.5,80.42,97,0.51
0022501015,2026-03-19,1610612758,Sacramento Kings,1,0,1,0.0,48.0,116.0,113.5,132.9,132.4,-17.0,-18.9,0.605,1.86,18.1,0.28,0.596,0.441,0.135,0.551,0.58,103.2,104.5,87.08,104,0.415
0022501013,2026-03-19,1610612759,San Antonio Spurs,1,1,0,1.0,48.0,102.9,105.2,100.5,103.1,2.4,2.1,0.657,1.64,17.6,0.255,0.709,0.491,0.146,0.482,0.542,98.8,96.5,80.42,96,0.49
0022501014,2026-03-19,1610612762,Utah Jazz,1,1,0,1.0,48.0,124.5,128.0,95.9,96.0,28.6,32.0,0.708,2.0,22.7,0.364,0.796,0.591,0.17,0.64,0.654,101.5,100.0,83.33,100,0.663
0022501009,2026-03-19,1610612764,Washington Wizards,1,0,1,0.0,48.0,94.7,96.0,115.3,118.2,-20.6,-22.2,0.556,1.05,15.7,0.167,0.582,0.388,0.192,0.53,0.544,100.9,99.0,82.5,99,0.336
0022501018,2026-03-20,1610612737,Atlanta Hawks,1,0,1,0.0,48.0,93.6,93.1,113.2,117.0,-19.6,-23.9,0.611,1.22,16.4,0.245,0.652,0.434,0.176,0.476,0.514,102.4,101.0,84.17,102,0.377
0022501019,2026-03-20,1610612738,Boston Celtics,1,1,0,1.0,48.0,120.4,120.6,112.6,115.5,7.8,5.2,0.475,1.46,13.9,0.404,0.784,0.592,0.134,0.511,0.572,98.3,97.0,80.83,97,0.526
0022501016,2026-03-20,1610612751,Brooklyn Nets,1,0,1,0.0,48.0,94.5,94.8,93.9,95.9,0.6,-1.0,0.824,1.87,20.7,0.208,0.642,0.425,0.155,0.477,0.509,98.2,97.0,80.83,97,0.468
0022501021,2026-03-20,1610612743,Denver Nuggets,1,1,0,1.0,48.0,130.1,126.0,120.9,121.1,9.2,5.0,0.591,2.6,19.7,0.25,0.733,0.506,0.104,0.63,0.658,94.1,95.5,79.58,96,0.509
0022501017,2026-03-20,1610612765,Detroit Pistons,1,1,0,1.0,48.0,109.8,111.7,97.6,99.0,12.1,12.6,0.644,1.93,19.7,0.333,0.682,0.506,0.146,0.552,0.582,104.1,102.5,85.42,103,0.589
0022501017,2026-03-20,1610612744,Golden State Warriors,1,0,1,0.0,48.0,97.6,99.0,109.8,111.7,-12.1,-12.6,0.657,0.88,16.5,0.318,0.667,0.494,0.255,0.539,0.578,104.1,102.5,85.42,102,0.411
0022501018,2026-03-20,1610612745,Houston Rockets,1,1,0,1.0,48.0,113.2,117.0,93.6,93.1,19.6,23.9,0.786,1.65,22.1,0.348,0.755,0.566,0.2,0.59,0.614,102.4,101.0,84.17,100,0.623
0022501019,2026-03-20,1610612763,Memphis Grizzlies,1,0,1,0.0,48.0,112.6,115.5,120.4,120.6,-7.8,-5.2,0.571,2.67,18.5,0.216,0.596,0.408,0.093,0.544,0.574,98.3,97.0,80.83,97,0.474
0022501020,2026-03-20,1610612750,Minnesota Timberwolves,1,0,1,0.0,48.0,101.2,104.0,106.3,108.0,-5.1,-4.0,0.583,1.62,15.0,0.339,0.6,0.468,0.13,0.445,0.501,102.2,100.0,83.33,100,0.472
0022501016,2026-03-20,1610612752,New York Knicks,1,1,0,1.0,48.0,93.9,95.9,94.5,94.8,-0.6,1.0,0.71,1.0,15.9,0.358,0.792,0.575,0.227,0.461,0.516,98.2,97.0,80.83,97,0.532
0022501020,2026-03-20,1610612757,Portland Trail Blazers,1,1,0,1.0,48.0,106.3,108.0,101.2,104.0,5.1,4.0,0.641,1.47,17.0,0.4,0.661,0.532,0.17,0.473,0.527,102.2,100.0,83.33,100,0.528
0022501021,2026-03-20,1610612761,Toronto Raptors,1,0,1,0.0,48.0,120.9,121.1,130.1,126.0,-9.2,-5.0,0.727,3.2,23.0,0.267,0.75,0.494,0.105,0.57,0.598,94.1,95.5,79.58,95,0.491
0022501026,2026-03-21,1610612737,Atlanta Hawks,1,1,0,1.0,48.0,118.0,123.5,107.3,107.8,10.6,15.7,0.583,1.56,19.3,0.357,0.733,0.552,0.176,0.612,0.644,104.6,102.0,85.0,102,0.604
0022501023,2026-03-21,1610612766,Charlotte Hornets,1,1,0,1.0,48.0,123.3,125.3,102.7,102.0,20.6,23.2,0.556,1.39,18.0,0.386,0.784,0.6,0.182,0.635,0.649,99.5,99.0,82.5,99,0.617
0022501025,2026-03-21,1610612739,Cleveland Cavaliers,1,1,0,1.0,48.0,113.6,116.8,108.4,111.6,5.3,5.3,0.619,1.86,18.8,0.367,0.774,0.578,0.147,0.545,0.568,97.7,95.0,79.17,95,0.518
0022501029,2026-03-21,1610612742,Dallas Mavericks,1,0,1,0.0,53.0,120.4,124.8,132.8,130.2,-12.3,-5.4,0.521,2.27,16.6,0.368,0.786,0.545,0.105,0.534,0.571,96.3,95.55,79.62,105,0.441
0022501026,2026-03-21,1610612744,Golden State Warriors,1,0,1,0.0,48.0,107.3,107.8,118.0,123.5,-10.6,-15.7,0.561,1.1,16.8,0.267,0.643,0.448,0.206,0.591,0.615,104.6,102.0,85.0,102,0.396
0022501027,2026-03-21,1610612745,Houston Rockets,1,1,0,1.0,48.0,129.1,130.9,125.7,128.4,3.4,2.4,0.733,2.54,23.4,0.318,0.673,0.505,0.138,0.616,0.646,96.1,94.5,78.75,94,0.516
0022501028,2026-03-21,1610612754,Indiana Pacers,1,0,1,0.0,48.0,119.8,120.2,129.5,135.4,-9.7,-15.2,0.864,3.8,26.8,0.116,0.568,0.345,0.101,0.612,0.637,101.4,99.0,82.5,99,0.456
0022501029,2026-03-21,1610612746,LA Clippers,1,1,0,1.0,53.0,132.8,130.2,120.4,124.8,12.3,5.4,0.647,2.75,22.3,0.214,0.632,0.455,0.113,0.683,0.705,96.3,95.55,79.62,106,0.559
0022501024,2026-03-21,1610612747,Los Angeles Lakers,1,1,0,1.0,48.0,107.4,110.5,104.9,108.3,2.5,2.2,0.487,1.58,14.4,0.358,0.6,0.476,0.126,0.494,0.526,98.4,95.5,79.58,95,0.503
0022501023,2026-03-21,1610612763,Memphis Grizzlies,1,0,1,0.0,48.0,102.7,102.0,123.3,125.3,-20.6,-23.2,0.571,1.54,15.4,0.216,0.614,0.4,0.131,0.5,0.535,99.5,99.0,82.5,99,0.383
0022501027,2026-03-21,1610612748,Miami Heat,1,0,1,0.0,48.0,125.7,128.4,129.1,130.9,-3.4,-2.4,0.66,3.44,22.0,0.327,0.682,0.495,0.095,0.598,0.616,96.1,94.5,78.75,95,0.484
0022501031,2026-03-21,1610612749,Milwaukee Bucks,1,1,0,1.0,48.0,112.2,117.4,110.6,114.1,1.6,3.3,0.513,1.18,16.0,0.326,0.661,0.515,0.185,0.603,0.619,95.6,92.0,76.67,92,0.525
0022501025,2026-03-21,1610612740,New Orleans Pelicans,1,0,1,0.0,48.0,108.4,111.6,113.6,116.8,-5.3,-5.3,0.769,3.33,21.9,0.226,0.633,0.422,0.095,0.5,0.536,97.7,95.0,79.17,95,0.482
0022501022,2026-03-21,1610612760,Oklahoma City Thunder,1,1,0,1.0,48.0,129.2,130.7,105.8,111.0,23.4,19.7,0.62,2.38,20.5,0.404,0.75,0.586,0.129,0.597,0.621,103.6,100.5,83.75,101,0.626
0022501024,2026-03-21,1610612753,Orlando Magic,1,0,1,0.0,48.0,104.9,108.3,107.4,110.5,-2.5,-2.2,0.75,1.5,19.0,0.4,0.642,0.524,0.188,0.5,0.558,98.4,95.5,79.58,96,0.497
0022501030,2026-03-21,1610612755,Philadelphia 76ers,1,1,0,1.0,48.0,118.8,123.5,108.8,112.6,10.0,10.9,0.587,1.69,18.1,0.417,0.724,0.585,0.157,0.533,0.594,106.4,102.5,85.42,102,0.543
0022501031,2026-03-21,1610612756,Phoenix Suns,1,0,1,0.0,48.0,110.6,114.1,112.2,117.4,-1.6,-3.3,0.675,2.7,19.9,0.339,0.674,0.485,0.109,0.534,0.542,95.6,92.0,76.67,92,0.475
0022501028,2026-03-21,1610612759,San Antonio Spurs,1,1,0,1.0,48.0,129.5,135.4,119.8,120.2,9.7,15.2,0.623,2.75,22.0,0.432,0.884,0.655,0.121,0.613,0.641,101.4,99.0,82.5,99,0.544
0022501030,2026-03-21,1610612762,Utah Jazz,1,0,1,0.0,48.0,108.8,112.6,118.8,123.5,-10.0,-10.9,0.744,3.63,19.6,0.276,0.583,0.415,0.078,0.453,0.529,106.4,102.5,85.42,103,0.457
0022501022,2026-03-21,1610612764,Washington Wizards,1,0,1,0.0,48.0,105.8,111.0,129.2,130.7,-23.4,-19.7,0.683,1.87,19.9,0.25,0.596,0.414,0.15,0.538,0.561,103.6,100.5,83.75,100,0.374
0022501035,2026-03-22,1610612738,Boston Celtics,1,0,1,0.0,48.0,91.2,91.1,102.4,102.0,-11.2,-10.9,0.5,1.55,12.7,0.27,0.778,0.504,0.109,0.405,0.447,100.3,100.5,83.75,101,0.433
0022501033,2026-03-22,1610612751,Brooklyn Nets,1,0,1,0.0,48.0,126.0,127.1,130.0,134.0,-3.9,-7.0,0.652,4.29,22.1,0.217,0.512,0.356,0.073,0.602,0.63,96.9,95.0,79.17,96,0.457
0022501032,2026-03-22,1610612743,Denver Nuggets,1,1,0,1.0,48.0,125.8,126.7,110.8,109.8,15.0,16.9,0.755,3.36,25.3,0.19,0.707,0.49,0.109,0.644,0.669,101.4,101.5,84.58,101,0.583
0022501035,2026-03-22,1610612750,Minnesota Timberwolves,1,1,0,1.0,48.0,102.4,102.0,91.2,91.1,11.2,10.9,0.615,1.71,17.6,0.222,0.73,0.496,0.14,0.495,0.523,100.3,100.5,83.75,100,0.567
0022501034,2026-03-22,1610612752,New York Knicks,1,1,0,1.0,48.0,140.3,145.0,111.1,113.0,29.2,32.0,0.582,2.29,21.3,0.462,0.75,0.621,0.14,0.676,0.708,102.5,100.0,83.33,100,0.637
0022501036,2026-03-22,1610612756,Phoenix Suns,1,1,0,1.0,48.0,122.0,125.0,100.3,101.0,21.6,24.0,0.522,1.26,17.6,0.372,0.732,0.548,0.198,0.618,0.642,98.0,96.5,80.42,96,0.577
0022501032,2026-03-22,1610612757,Portland Trail Blazers,1,0,1,0.0,48.0,110.8,109.8,125.8,126.7,-15.0,-16.9,0.738,2.82,20.7,0.293,0.81,0.51,0.108,0.515,0.538,101.4,101.5,84.58,102,0.417
0022501033,2026-03-22,1610612758,Sacramento Kings,1,1,0,1.0,48.0,130.0,134.0,126.0,127.1,3.9,7.0,0.698,1.76,20.8,0.488,0.783,0.644,0.181,0.61,0.65,96.9,95.0,79.17,94,0.543
0022501036,2026-03-22,1610612761,Toronto Raptors,1,0,1,0.0,48.0,100.3,101.0,122.0,125.0,-21.6,-24.0,0.757,1.4,20.6,0.268,0.628,0.452,0.206,0.553,0.579,98.0,96.5,80.42,97,0.423
0022501034,2026-03-22,1610612764,Washington Wizards,1,0,1,0.0,48.0,111.1,113.0,140.3,145.0,-29.2,-32.0,0.581,1.67,18.2,0.25,0.538,0.379,0.15,0.584,0.596,102.5,100.0,83.33,100,0.363
0022501037,2026-03-23,1610612737,Atlanta Hawks,1,1,0,1.0,48.0,143.1,140.4,96.0,103.9,47.1,36.5,0.755,3.36,24.0,0.302,0.7,0.516,0.106,0.668,0.709,106.7,103.5,86.25,104,0.682
0022501045,2026-03-23,1610612751,Brooklyn Nets,1,0,1,0.0,48.0,91.0,91.7,118.0,125.2,-26.9,-33.6,0.667,1.0,16.1,0.188,0.683,0.416,0.204,0.463,0.534,111.2,107.5,89.58,108,0.318
0022501042,2026-03-23,1610612741,Chicago Bulls,1,1,0,1.0,48.0,118.6,121.1,111.2,113.8,7.4,7.3,0.667,1.88,20.1,0.234,0.8,0.526,0.147,0.606,0.645,111.4,109.0,90.83,109,0.529
0022501044,2026-03-23,1610612742,Dallas Mavericks,1,0,1,0.0,53.0,115.1,115.9,115.6,119.1,-0.4,-3.2,0.725,1.61,23.4,0.19,0.529,0.376,0.204,0.678,0.684,105.2,103.25,86.04,113,0.475
0022501038,2026-03-23,1610612765,Detroit Pistons,1,1,0,1.0,48.0,114.7,120.2,113.8,115.8,0.8,4.4,0.775,2.82,22.1,0.327,0.682,0.495,0.117,0.517,0.573,97.6,94.5,78.75,94,0.49
0022501044,2026-03-23,1610612744,Golden State Warriors,1,1,0,1.0,53.0,115.6,119.1,115.1,115.9,0.4,3.2,0.765,1.63,21.9,0.471,0.81,0.624,0.209,0.589,0.614,105.2,103.25,86.04,115,0.525
0022501042,2026-03-23,1610612745,Houston Rockets,1,0,1,0.0,48.0,111.2,113.8,118.6,121.1,-7.4,-7.3,0.551,1.59,18.6,0.2,0.766,0.474,0.156,0.592,0.605,111.4,109.0,90.83,109,0.471
0022501039,2026-03-23,1610612754,Indiana Pacers,1,1,0,1.0,48.0,133.9,132.0,118.2,128.6,15.7,3.4,0.711,3.56,23.7,0.184,0.604,0.419,0.093,0.646,0.691,101.1,97.5,81.25,97,0.539
0022501046,2026-03-23,1610612746,LA Clippers,1,1,0,1.0,48.0,133.1,133.0,96.0,99.0,37.1,34.0,0.638,2.5,22.4,0.2,0.68,0.482,0.124,0.685,0.725,98.4,97.0,80.83,97,0.657
0022501038,2026-03-23,1610612747,Los Angeles Lakers,1,0,1,0.0,48.0,113.8,115.8,114.7,120.2,-0.8,-4.4,0.711,2.08,19.9,0.318,0.673,0.505,0.137,0.532,0.594,97.6,94.5,78.75,95,0.51
0022501037,2026-03-23,1610612763,Memphis Grizzlies,1,0,1,0.0,48.0,96.0,103.9,143.1,140.4,-47.1,-36.5,0.571,0.87,14.5,0.3,0.698,0.484,0.223,0.506,0.566,106.7,103.5,86.25,103,0.318
0022501041,2026-03-23,1610612748,Miami Heat,1,0,1,0.0,48.0,102.0,103.7,122.2,127.1,-20.1,-23.4,0.763,2.42,19.7,0.207,0.574,0.384,0.112,0.484,0.535,110.1,107.0,89.17,107,0.409
0022501046,2026-03-23,1610612749,Milwaukee Bucks,1,0,1,0.0,48.0,96.0,99.0,133.1,133.0,-37.1,-34.0,0.784,1.26,20.4,0.32,0.8,0.518,0.237,0.536,0.546,98.4,97.0,80.83,97,0.343
0022501040,2026-03-23,1610612760,Oklahoma City Thunder,1,1,0,1.0,48.0,125.0,121.8,99.1,103.0,25.9,18.8,0.688,2.2,22.6,0.273,0.691,0.505,0.149,0.633,0.651,101.2,100.5,83.75,101,0.593
0022501039,2026-03-23,1610612753,Orlando Magic,1,0,1,0.0,48.0,118.2,128.6,133.9,132.0,-15.7,-3.4,0.604,2.64,20.1,0.396,0.816,0.581,0.112,0.574,0.603,101.1,97.5,81.25,98,0.461
0022501040,2026-03-23,1610612755,Philadelphia 76ers,1,0,1,0.0,48.0,99.1,103.0,125.0,121.8,-25.9,-18.8,0.707,1.61,19.9,0.309,0.727,0.495,0.18,0.527,0.526,101.2,100.5,83.75,100,0.407
0022501045,2026-03-23,1610612757,Portland Trail Blazers,1,1,0,1.0,48.0,118.0,125.2,91.0,91.7,26.9,33.6,0.636,1.17,18.9,0.317,0.813,0.584,0.224,0.663,0.686,111.2,107.5,89.58,107,0.682
0022501041,2026-03-23,1610612759,San Antonio Spurs,1,1,0,1.0,48.0,122.2,127.1,102.0,103.7,20.1,23.4,0.688,2.2,20.2,0.426,0.793,0.616,0.14,0.55,0.6,110.1,107.0,89.17,107,0.591
0022501043,2026-03-23,1610612761,Toronto Raptors,1,1,0,1.0,48.0,128.5,131.2,114.5,115.5,14.0,15.7,0.907,2.88,29.3,0.22,0.688,0.472,0.156,0.727,0.713,111.1,109.5,91.25,109,0.571
0022501043,2026-03-23,1610612762,Utah Jazz,1,0,1,0.0,48.0,114.5,115.5,128.5,131.2,-14.0,-15.7,0.641,1.39,16.8,0.313,0.78,0.528,0.164,0.548,0.623,111.1,109.5,91.25,110,0.429
0022501047,2026-03-24,1610612766,Charlotte Hornets,1,1,0,1.0,48.0,128.8,138.1,92.0,90.9,36.8,47.2,0.667,2.13,21.6,0.404,0.804,0.621,0.155,0.649,0.663,100.9,98.0,81.67,97,0.683
0022501049,2026-03-24,1610612739,Cleveland Cavaliers,1,1,0,1.0,48.0,142.0,141.7,134.1,136.5,8.0,5.2,0.49,3.0,18.9,0.229,0.644,0.463,0.083,0.679,0.725,96.7,96.0,80.0,96,0.531
0022501050,2026-03-24,1610612743,Denver Nuggets,1,1,0,1.0,48.0,128.6,127.6,125.2,124.2,3.4,3.3,0.778,3.5,23.6,0.319,0.759,0.554,0.102,0.585,0.618,97.7,98.5,82.08,98,0.519
0022501048,2026-03-24,1610612740,New Orleans Pelicans,1,0,1,0.0,48.0,122.5,126.1,125.2,130.1,-2.7,-4.0,0.733,4.71,24.6,0.205,0.69,0.442,0.076,0.597,0.619,95.7,92.5,77.08,92,0.487
0022501048,2026-03-24,1610612752,New York Knicks,1,1,0,1.0,48.0,125.2,130.1,122.5,126.1,2.7,4.0,0.659,2.64,21.5,0.31,0.795,0.558,0.118,0.594,0.639,95.7,92.5,77.08,93,0.513
0022501049,2026-03-24,1610612753,Orlando Magic,1,0,1,0.0,48.0,134.1,136.5,142.0,141.7,-8.0,-5.2,0.659,2.7,19.4,0.356,0.771,0.538,0.104,0.571,0.65,96.7,96.0,80.0,96,0.469
0022501050,2026-03-24,1610612756,Phoenix Suns,1,0,1,0.0,48.0,125.2,124.2,128.6,127.6,-3.4,-3.3,0.615,8.0,17.6,0.241,0.681,0.446,0.03,0.534,0.584,97.7,98.5,82.08,99,0.481
0022501047,2026-03-24,1610612758,Sacramento Kings,1,0,1,0.0,48.0,92.0,90.9,128.8,138.1,-36.8,-47.2,0.73,2.25,19.9,0.196,0.596,0.379,0.121,0.456,0.47,100.9,98.0,81.67,99,0.317
0022501051,2026-03-25,1610612737,Atlanta Hawks,1,1,0,1.0,53.0,113.6,117.1,116.9,118.3,-3.3,-1.2,0.62,1.55,18.5,0.448,0.667,0.55,0.18,0.562,0.578,101.8,99.62,83.02,111,0.47
0022501054,2026-03-25,1610612738,Boston Celtics,1,1,0,1.0,48.0,119.3,122.7,115.4,113.5,3.9,9.1,0.658,1.92,18.7,0.298,0.889,0.587,0.134,0.58,0.635,97.1,96.5,80.42,97,0.545
0022501060,2026-03-25,1610612751,Brooklyn Nets,1,0,1,0.0,48.0,103.7,103.9,107.0,105.8,-3.4,-1.9,0.615,1.41,18.0,0.167,0.686,0.403,0.167,0.556,0.587,102.0,102.5,85.42,102,0.456
0022501053,2026-03-25,1610612741,Chicago Bulls,1,0,1,0.0,48.0,118.5,121.2,137.3,138.9,-18.9,-17.7,0.625,2.14,19.1,0.264,0.745,0.5,0.124,0.566,0.614,115.0,113.0,94.17,113,0.437
0022501055,2026-03-25,1610612739,Cleveland Cavaliers,1,0,1,0.0,48.0,105.6,106.2,120.4,123.7,-14.8,-17.5,0.743,1.86,19.5,0.229,0.767,0.484,0.144,0.506,0.562,98.6,97.0,80.83,97,0.402
0022501059,2026-03-25,1610612742,Dallas Mavericks,1,0,1,0.0,48.0,127.4,129.8,134.3,134.0,-6.9,-4.2,0.646,7.75,21.2,0.208,0.756,0.459,0.038,0.557,0.603,105.9,105.0,87.5,104,0.471
0022501059,2026-03-25,1610612743,Denver Nuggets,1,1,0,1.0,48.0,134.3,134.0,127.4,129.8,6.9,4.2,0.72,4.0,23.5,0.244,0.792,0.541,0.085,0.669,0.698,105.9,105.0,87.5,106,0.529
0022501051,2026-03-25,1610612765,Detroit Pistons,1,0,1,0.0,53.0,116.9,118.3,113.6,117.1,3.3,1.2,0.635,2.36,20.8,0.333,0.552,0.45,0.128,0.554,0.584,101.8,99.62,83.02,109,0.53
0022501060,2026-03-25,1610612744,Golden State Warriors,1,1,0,1.0,48.0,107.0,105.8,103.7,103.9,3.4,1.9,0.583,0.81,15.6,0.314,0.833,0.597,0.252,0.596,0.65,102.0,102.5,85.42,103,0.544
0022501058,2026-03-25,1610612745,Houston Rockets,1,0,1,0.0,53.0,100.0,100.0,97.0,102.8,3.0,-2.8,0.684,1.24,17.0,0.339,0.646,0.504,0.194,0.457,0.519,100.3,97.36,81.13,108,0.523
0022501052,2026-03-25,1610612754,Indiana Pacers,1,0,1,0.0,48.0,119.1,122.6,123.5,126.9,-4.3,-4.2,0.729,1.94,23.6,0.171,0.674,0.429,0.17,0.651,0.676,110.0,107.0,89.17,106,0.461
0022501062,2026-03-25,1610612746,LA Clippers,1,1,0,1.0,48.0,127.2,125.3,97.1,98.9,30.1,26.3,0.571,2.18,18.6,0.227,0.689,0.495,0.116,0.61,0.643,95.2,95.0,79.17,95,0.63
0022501052,2026-03-25,1610612747,Los Angeles Lakers,1,1,0,1.0,48.0,123.5,126.9,119.1,122.6,4.3,4.2,0.6,2.14,19.9,0.326,0.829,0.571,0.13,0.612,0.659,110.0,107.0,89.17,108,0.539
0022501056,2026-03-25,1610612763,Memphis Grizzlies,1,0,1,0.0,48.0,94.4,96.1,122.2,123.0,-27.8,-26.9,0.765,2.17,19.1,0.143,0.702,0.398,0.118,0.488,0.517,102.2,101.0,84.17,102,0.353
0022501055,2026-03-25,1610612748,Miami Heat,1,1,0,1.0,48.0,120.4,123.7,105.6,106.2,14.8,17.5,0.738,2.21,22.8,0.233,0.771,0.516,0.144,0.63,0.662,98.6,97.0,80.83,97,0.598
0022501061,2026-03-25,1610612749,Milwaukee Bucks,1,0,1,0.0,48.0,97.2,98.0,129.3,131.3,-32.1,-33.3,0.611,1.29,15.6,0.333,0.6,0.44,0.168,0.483,0.506,101.2,100.0,83.33,101,0.293
0022501058,2026-03-25,1610612750,Minnesota Timberwolves,1,1,0,1.0,53.0,97.0,102.8,100.0,100.0,-3.0,2.8,0.6,1.59,17.2,0.354,0.661,0.496,0.159,0.477,0.489,100.3,97.36,81.13,107,0.477
0022501054,2026-03-25,1610612760,Oklahoma City Thunder,1,0,1,0.0,48.0,115.4,113.5,119.3,122.7,-3.9,-9.1,0.447,2.43,14.4,0.111,0.702,0.413,0.073,0.55,0.596,97.1,96.5,80.42,96,0.455
0022501053,2026-03-25,1610612755,Philadelphia 76ers,1,1,0,1.0,48.0,137.3,138.9,118.5,121.2,18.9,17.7,0.596,4.25,21.4,0.255,0.736,0.5,0.071,0.66,0.681,115.0,113.0,94.17,113,0.563
0022501061,2026-03-25,1610612757,Portland Trail Blazers,1,1,0,1.0,48.0,129.3,131.3,97.2,98.0,32.1,33.3,0.714,1.43,20.7,0.4,0.667,0.56,0.212,0.644,0.688,101.2,100.0,83.33,99,0.707
0022501056,2026-03-25,1610612759,San Antonio Spurs,1,1,0,1.0,48.0,122.2,123.0,94.4,96.1,27.8,26.9,0.783,2.4,24.0,0.298,0.857,0.602,0.15,0.607,0.623,102.2,101.0,84.17,100,0.647
0022501062,2026-03-25,1610612761,Toronto Raptors,1,0,1,0.0,48.0,97.1,98.9,127.2,125.3,-30.1,-26.3,0.7,2.55,19.7,0.311,0.773,0.505,0.116,0.469,0.466,95.2,95.0,79.17,95,0.37
0022501057,2026-03-25,1610612762,Utah Jazz,1,0,1,0.0,48.0,99.1,99.1,120.3,120.9,-21.2,-21.8,0.756,2.27,21.5,0.241,0.66,0.429,0.135,0.505,0.514,110.8,110.5,92.08,111,0.434
0022501057,2026-03-25,1610612764,Washington Wizards,1,1,0,1.0,48.0,120.3,120.9,99.1,99.1,21.2,21.8,0.519,1.42,17.8,0.34,0.759,0.571,0.173,0.622,0.636,110.8,110.5,92.08,110,0.566
0022501063,2026-03-26,1610612766,Charlotte Hornets,1,1,0,1.0,48.0,122.8,129.5,113.2,115.7,9.6,13.8,0.683,1.56,20.9,0.462,0.78,0.625,0.205,0.628,0.657,91.9,88.5,73.75,88,0.552
0022501064,2026-03-26,1610612765,Detroit Pistons,1,1,0,1.0,48.0,121.6,124.0,103.3,104.9,18.3,19.2,0.708,1.79,22.5,0.317,0.661,0.52,0.183,0.653,0.678,105.3,103.5,86.25,104,0.619
0022501064,2026-03-26,1610612740,New Orleans Pelicans,1,0,1,0.0,48.0,103.3,104.9,121.6,124.0,-18.3,-19.2,0.591,1.73,17.4,0.339,0.683,0.48,0.146,0.511,0.512,105.3,103.5,86.25,103,0.381
0022501063,2026-03-26,1610612752,New York Knicks,1,0,1,0.0,48.0,113.2,115.7,122.8,129.5,-9.6,-13.8,0.619,2.6,21.3,0.22,0.538,0.375,0.112,0.579,0.599,91.9,88.5,73.75,89,0.448
0022501065,2026-03-26,1610612753,Orlando Magic,1,1,0,1.0,48.0,130.0,128.7,120.6,123.2,9.4,5.6,0.55,1.83,17.6,0.25,0.702,0.506,0.128,0.628,0.687,95.1,94.5,78.75,94,0.522
0022501065,2026-03-26,1610612758,Sacramento Kings,1,0,1,0.0,48.0,120.6,123.2,130.0,128.7,-9.4,-5.6,0.667,2.73,21.9,0.298,0.75,0.494,0.116,0.591,0.616,95.1,94.5,78.75,95,0.478
0022501067,2026-03-27,1610612737,Atlanta Hawks,1,0,1,0.0,48.0,111.4,112.1,115.8,119.8,-4.4,-7.7,0.676,5.75,18.3,0.218,0.6,0.39,0.044,0.477,0.523,92.8,91.0,75.83,91,0.446
0022501067,2026-03-27,1610612738,Boston Celtics,1,1,0,1.0,48.0,115.8,119.8,111.4,112.1,4.4,7.7,0.684,1.63,19.4,0.4,0.782,0.61,0.176,0.556,0.598,92.8,91.0,75.83,91,0.554
0022501075,2026-03-27,1610612751,Brooklyn Nets,1,0,1,0.0,48.0,94.6,100.0,119.0,118.4,-24.4,-18.4,0.6,1.71,17.1,0.283,0.78,0.485,0.141,0.469,0.482,101.0,98.5,82.08,99,0.355
0022501070,2026-03-27,1610612741,Chicago Bulls,1,0,1,0.0,48.0,103.4,107.6,119.5,126.0,-16.0,-18.3,0.61,2.08,16.9,0.295,0.644,0.467,0.114,0.495,0.527,109.4,104.5,87.08,105,0.408
0022501068,2026-03-27,1610612739,Cleveland Cavaliers,1,1,0,1.0,48.0,131.1,136.7,116.7,118.5,14.5,18.2,0.731,3.8,24.1,0.255,0.741,0.515,0.092,0.634,0.673,111.7,108.5,90.42,109,0.585
0022501074,2026-03-27,1610612742,Dallas Mavericks,1,1,0,1.0,48.0,96.0,96.2,89.0,89.4,7.0,6.7,0.667,1.41,17.5,0.184,0.647,0.42,0.163,0.488,0.531,104.4,104.0,86.67,104,0.587
0022501072,2026-03-27,1610612743,Denver Nuggets,1,1,0,1.0,48.0,123.8,128.6,123.6,121.7,0.2,6.9,0.756,2.27,21.5,0.352,0.761,0.54,0.143,0.574,0.619,106.7,105.5,87.92,105,0.496
0022501073,2026-03-27,1610612744,Golden State Warriors,1,1,0,1.0,48.0,128.9,126.0,119.5,121.2,9.3,4.8,0.727,2.67,21.9,0.227,0.809,0.527,0.115,0.629,0.664,103.5,104.0,86.67,104,0.536
0022501069,2026-03-27,1610612745,Houston Rockets,1,1,0,1.0,48.0,122.1,122.7,113.6,112.4,8.5,10.3,0.682,2.14,19.9,0.481,0.717,0.6,0.144,0.538,0.57,96.7,97.0,80.83,97,0.56
0022501066,2026-03-27,1610612754,Indiana Pacers,1,0,1,0.0,48.0,109.1,111.9,109.7,115.2,-0.7,-3.3,0.791,1.7,22.7,0.354,0.633,0.509,0.198,0.586,0.604,103.7,100.0,83.33,101,0.528
0022501066,2026-03-27,1610612746,LA Clippers,1,1,0,1.0,48.0,109.7,115.2,109.1,111.9,0.7,3.3,0.488,1.67,14.2,0.367,0.646,0.491,0.121,0.495,0.528,103.7,100.0,83.33,99,0.472
0022501075,2026-03-27,1610612747,Los Angeles Lakers,1,1,0,1.0,48.0,119.0,118.4,94.6,100.0,24.4,18.4,0.474,1.2,14.4,0.22,0.717,0.515,0.153,0.621,0.656,101.0,98.5,82.08,98,0.645
0022501069,2026-03-27,1610612763,Memphis Grizzlies,1,0,1,0.0,48.0,113.6,112.4,122.1,122.7,-8.5,-10.3,0.7,2.55,20.1,0.283,0.519,0.4,0.113,0.511,0.551,96.7,97.0,80.83,97,0.44
0022501068,2026-03-27,1610612748,Miami Heat,1,0,1,0.0,48.0,116.7,118.5,131.1,136.7,-14.5,-18.2,0.625,1.92,17.0,0.259,0.745,0.485,0.12,0.522,0.594,111.7,108.5,90.42,108,0.415
0022501071,2026-03-27,1610612740,New Orleans Pelicans,1,0,1,0.0,48.0,102.9,106.0,116.8,119.0,-13.8,-13.0,0.538,1.5,15.0,0.339,0.609,0.461,0.14,0.457,0.51,102.5,100.0,83.33,100,0.413
0022501070,2026-03-27,1610612760,Oklahoma City Thunder,1,1,0,1.0,48.0,119.5,126.0,103.4,107.6,16.0,18.3,0.617,2.9,18.8,0.356,0.705,0.533,0.096,0.535,0.571,109.4,104.5,87.08,104,0.592
0022501074,2026-03-27,1610612757,Portland Trail Blazers,1,0,1,0.0,48.0,89.0,89.4,96.0,96.2,-7.0,-6.7,0.516,0.64,11.6,0.353,0.816,0.58,0.24,0.443,0.497,104.4,104.0,86.67,104,0.413
0022501071,2026-03-27,1610612761,Toronto Raptors,1,1,0,1.0,48.0,116.8,119.0,102.9,106.0,13.8,13.0,0.75,2.57,23.4,0.391,0.661,0.539,0.14,0.57,0.59,102.5,100.0,83.33,100,0.587
0022501072,2026-03-27,1610612762,Utah Jazz,1,0,1,0.0,48.0,123.6,121.7,123.8,128.6,-0.2,-6.9,0.642,3.4,22.5,0.239,0.648,0.46,0.094,0.605,0.624,106.7,105.5,87.92,106,0.504
0022501073,2026-03-27,1610612764,Washington Wizards,1,0,1,0.0,48.0,119.5,121.2,128.9,126.0,-9.3,-4.8,0.58,2.64,20.4,0.191,0.773,0.473,0.106,0.621,0.634,103.5,104.0,86.67,104,0.464
0022501078,2026-03-28,1610612737,Atlanta Hawks,1,1,0,1.0,48.0,124.6,126.8,115.6,116.5,9.0,10.3,0.756,2.62,23.1,0.356,0.62,0.495,0.134,0.596,0.623,98.2,97.0,80.83,97,0.565
0022501077,2026-03-28,1610612766,Charlotte Hornets,1,0,1,0.0,48.0,116.2,117.5,122.0,122.9,-5.7,-5.4,0.5,2.0,12.8,0.418,0.795,0.568,0.093,0.464,0.518,97.4,96.5,80.42,97,0.445
0022501079,2026-03-28,1610612741,Chicago Bulls,1,0,1,0.0,48.0,108.8,110.7,105.5,112.6,3.3,-1.9,0.634,1.13,16.9,0.362,0.733,0.57,0.205,0.561,0.614,116.2,111.5,92.92,112,0.539
0022501080,2026-03-28,1610612765,Detroit Pistons,1,1,0,1.0,48.0,109.6,111.2,85.7,87.9,23.9,23.3,0.651,1.4,20.3,0.293,0.714,0.548,0.204,0.585,0.609,100.5,98.5,82.08,98,0.686
0022501079,2026-03-28,1610612763,Memphis Grizzlies,1,1,0,1.0,48.0,105.5,112.6,108.8,110.7,-3.3,1.9,0.62,2.21,19.6,0.267,0.638,0.43,0.126,0.523,0.546,116.2,111.5,92.92,111,0.461
0022501076,2026-03-28,1610612749,Milwaukee Bucks,1,0,1,0.0,48.0,95.3,97.9,127.3,129.6,-31.9,-31.7,0.579,1.16,16.8,0.245,0.667,0.44,0.196,0.517,0.53,99.7,97.5,81.25,97,0.33
0022501080,2026-03-28,1610612750,Minnesota Timberwolves,1,0,1,0.0,48.0,85.7,87.9,109.6,111.2,-23.9,-23.3,0.667,1.2,13.3,0.286,0.707,0.452,0.152,0.371,0.437,100.5,98.5,82.08,99,0.314
0022501077,2026-03-28,1610612755,Philadelphia 76ers,1,1,0,1.0,48.0,122.0,122.9,116.2,117.5,5.7,5.4,0.475,2.11,15.3,0.205,0.582,0.432,0.094,0.585,0.623,97.4,96.5,80.42,96,0.555
0022501081,2026-03-28,1610612756,Phoenix Suns,1,1,0,1.0,48.0,127.3,127.6,105.5,103.8,21.9,23.8,0.558,2.23,18.5,0.411,0.788,0.593,0.124,0.582,0.592,104.3,105.0,87.5,105,0.575
0022501078,2026-03-28,1610612758,Sacramento Kings,1,0,1,0.0,48.0,115.6,116.5,124.6,126.8,-9.0,-10.3,0.6,1.8,19.0,0.38,0.644,0.505,0.155,0.548,0.572,98.2,97.0,80.83,97,0.435
0022501076,2026-03-28,1610612759,San Antonio Spurs,1,1,0,1.0,48.0,127.3,129.6,95.3,97.9,31.9,31.7,0.714,3.18,23.8,0.333,0.755,0.56,0.112,0.629,0.649,99.7,97.5,81.25,98,0.67
0022501081,2026-03-28,1610612762,Utah Jazz,1,0,1,0.0,48.0,105.5,103.8,127.3,127.6,-21.9,-23.8,0.698,2.14,20.5,0.212,0.589,0.407,0.133,0.522,0.543,104.3,105.0,87.5,105,0.425
0022501085,2026-03-29,1610612738,Boston Celtics,1,1,0,1.0,48.0,124.3,125.3,106.0,108.8,18.3,16.5,0.548,3.29,18.4,0.262,0.68,0.489,0.077,0.59,0.615,92.5,91.0,75.83,91,0.597
0022501084,2026-03-29,1610612751,Brooklyn Nets,1,1,0,1.0,48.0,119.8,122.1,101.0,103.1,18.8,19.0,0.714,2.0,21.6,0.326,0.648,0.5,0.158,0.594,0.618,97.4,95.5,79.58,95,0.602
0022501085,2026-03-29,1610612766,Charlotte Hornets,1,0,1,0.0,48.0,106.0,108.8,124.3,125.3,-18.3,-16.5,0.528,1.58,15.2,0.32,0.738,0.511,0.132,0.506,0.542,92.5,91.0,75.83,91,0.403
0022501090,2026-03-29,1610612743,Denver Nuggets,1,1,0,1.0,48.0,119.2,124.7,99.1,100.0,20.1,24.7,0.721,2.58,23.0,0.244,0.74,0.505,0.129,0.61,0.635,95.6,93.0,77.5,93,0.59
0022501090,2026-03-29,1610612744,Golden State Warriors,1,0,1,0.0,48.0,99.1,100.0,119.2,124.7,-20.1,-24.7,0.829,1.93,21.5,0.26,0.756,0.495,0.161,0.506,0.529,95.6,93.0,77.5,93,0.41
0022501088,2026-03-29,1610612745,Houston Rockets,1,1,0,1.0,48.0,133.7,135.4,100.7,102.0,33.0,33.4,0.673,4.13,21.2,0.421,0.769,0.587,0.081,0.552,0.586,100.8,99.5,82.92,99,0.659
0022501083,2026-03-29,1610612754,Indiana Pacers,1,1,0,1.0,48.0,126.5,129.8,113.5,114.6,13.0,15.2,0.679,3.0,24.7,0.175,0.786,0.531,0.115,0.674,0.691,105.3,103.5,86.25,104,0.574
0022501082,2026-03-29,1610612746,LA Clippers,1,1,0,1.0,48.0,129.2,125.7,111.2,111.9,17.9,13.9,0.6,1.69,20.0,0.235,0.842,0.556,0.158,0.669,0.711,100.0,101.0,84.17,101,0.617
0022501083,2026-03-29,1610612748,Miami Heat,1,0,1,0.0,48.0,113.5,114.6,126.5,129.8,-13.0,-15.2,0.63,4.14,20.3,0.214,0.825,0.469,0.068,0.53,0.552,105.3,103.5,86.25,103,0.426
0022501082,2026-03-29,1610612749,Milwaukee Bucks,1,0,1,0.0,48.0,111.2,111.9,129.2,125.7,-17.9,-13.9,0.575,1.05,17.7,0.158,0.765,0.444,0.218,0.649,0.676,100.0,101.0,84.17,101,0.383
0022501088,2026-03-29,1610612740,New Orleans Pelicans,1,0,1,0.0,48.0,100.7,102.0,133.7,135.4,-33.0,-33.4,0.514,1.73,14.7,0.231,0.579,0.413,0.11,0.483,0.519,100.8,99.5,82.92,100,0.341
0022501089,2026-03-29,1610612752,New York Knicks,1,0,1,0.0,48.0,107.0,107.5,117.2,120.7,-10.2,-13.1,0.528,1.0,14.6,0.383,0.644,0.511,0.204,0.53,0.559,94.1,92.5,77.08,93,0.428
0022501089,2026-03-29,1610612760,Oklahoma City Thunder,1,1,0,1.0,48.0,117.2,120.7,107.0,107.5,10.2,13.1,0.6,1.4,16.3,0.356,0.617,0.489,0.163,0.533,0.605,94.1,92.5,77.08,92,0.572
0022501086,2026-03-29,1610612753,Orlando Magic,1,0,1,0.0,48.0,79.6,83.7,129.1,132.4,-49.5,-48.7,0.645,0.71,14.4,0.283,0.705,0.474,0.269,0.433,0.481,108.5,104.5,87.08,104,0.195
0022501087,2026-03-29,1610612757,Portland Trail Blazers,1,1,0,1.0,48.0,119.3,119.4,84.9,85.4,34.4,34.0,0.545,1.71,17.0,0.304,0.768,0.559,0.136,0.581,0.615,103.4,103.0,85.83,103,0.72
0022501084,2026-03-29,1610612758,Sacramento Kings,1,0,1,0.0,48.0,101.0,103.1,119.8,122.1,-18.8,-19.0,0.583,1.4,15.4,0.352,0.674,0.5,0.156,0.488,0.521,97.4,95.5,79.58,96,0.398
0022501086,2026-03-29,1610612761,Toronto Raptors,1,1,0,1.0,48.0,129.1,132.4,79.6,83.7,49.5,48.7,0.759,3.73,25.8,0.295,0.717,0.526,0.105,0.644,0.67,108.5,104.5,87.08,105,0.805
0022501087,2026-03-29,1610612764,Washington Wizards,1,0,1,0.0,48.0,84.9,85.4,119.3,119.4,-34.4,-34.0,0.5,1.0,12.1,0.232,0.696,0.441,0.155,0.397,0.455,103.4,103.0,85.83,103,0.28
0022501092,2026-03-30,1610612737,Atlanta Hawks,1,1,0,1.0,48.0,111.3,113.1,100.6,103.0,10.8,10.1,0.651,2.55,20.1,0.231,0.727,0.486,0.111,0.549,0.568,101.0,99.0,82.5,99,0.564
0022501092,2026-03-30,1610612738,Boston Celtics,1,0,1,0.0,48.0,100.6,103.0,111.3,113.1,-10.8,-10.1,0.514,1.2,13.6,0.273,0.769,0.514,0.152,0.494,0.529,101.0,99.0,82.5,99,0.436
0022501094,2026-03-30,1610612741,Chicago Bulls,1,0,1,0.0,48.0,107.3,111.8,125.8,125.2,-18.5,-13.5,0.605,2.36,18.7,0.222,0.604,0.411,0.108,0.532,0.558,104.4,102.5,85.42,102,0.409
0022501096,2026-03-30,1610612739,Cleveland Cavaliers,1,1,0,1.0,48.0,118.6,119.6,112.1,110.8,6.5,8.8,0.702,2.75,22.4,0.289,0.76,0.537,0.118,0.556,0.599,101.8,102.0,85.0,102,0.573
0022501095,2026-03-30,1610612742,Dallas Mavericks,1,0,1,0.0,48.0,89.6,91.3,116.7,119.2,-27.1,-28.0,0.677,1.4,14.8,0.281,0.8,0.509,0.146,0.388,0.452,105.6,103.5,86.25,103,0.36
0022501097,2026-03-30,1610612765,Detroit Pistons,1,0,1,0.0,53.0,101.7,104.8,106.5,108.6,-4.7,-3.8,0.732,1.88,19.2,0.35,0.75,0.519,0.152,0.505,0.513,97.4,95.09,79.25,105,0.473
0022501098,2026-03-30,1610612747,Los Angeles Lakers,1,1,0,1.0,48.0,121.1,117.6,97.1,101.0,24.0,16.6,0.659,1.93,20.7,0.237,0.811,0.571,0.147,0.601,0.645,101.6,101.0,84.17,102,0.616
0022501093,2026-03-30,1610612763,Memphis Grizzlies,1,0,1,0.0,48.0,104.2,106.1,126.5,132.3,-22.4,-26.3,0.684,1.13,19.3,0.263,0.5,0.404,0.232,0.58,0.626,102.2,99.0,82.5,99,0.403
0022501091,2026-03-30,1610612748,Miami Heat,1,1,0,1.0,48.0,118.1,117.8,103.5,109.0,14.6,8.8,0.558,2.18,16.6,0.364,0.754,0.563,0.109,0.522,0.563,103.1,100.5,83.75,101,0.573
0022501095,2026-03-30,1610612750,Minnesota Timberwolves,1,1,0,1.0,48.0,116.7,119.2,89.6,91.3,27.1,28.0,0.647,3.0,22.4,0.2,0.719,0.491,0.106,0.604,0.612,105.6,103.5,86.25,104,0.64
0022501097,2026-03-30,1610612760,Oklahoma City Thunder,1,1,0,1.0,53.0,106.5,108.6,101.7,104.8,4.7,3.8,0.447,0.94,12.8,0.25,0.65,0.481,0.171,0.531,0.599,97.4,95.09,79.25,105,0.527
0022501091,2026-03-30,1610612755,Philadelphia 76ers,1,0,1,0.0,48.0,103.5,109.0,118.1,117.8,-14.6,-8.8,0.65,2.6,18.6,0.246,0.636,0.438,0.1,0.479,0.522,103.1,100.5,83.75,100,0.427
0022501093,2026-03-30,1610612756,Phoenix Suns,1,1,0,1.0,48.0,126.5,132.3,104.2,106.1,22.4,26.3,0.709,3.55,23.8,0.5,0.737,0.596,0.111,0.583,0.582,102.2,99.0,82.5,99,0.597
0022501094,2026-03-30,1610612759,San Antonio Spurs,1,1,0,1.0,48.0,125.8,125.2,107.3,111.8,18.5,13.5,0.633,2.58,20.0,0.396,0.778,0.589,0.117,0.583,0.605,104.4,102.5,85.42,103,0.591
0022501096,2026-03-30,1610612762,Utah Jazz,1,0,1,0.0,48.0,112.1,110.8,118.6,119.6,-6.5,-8.8,0.762,2.13,21.9,0.24,0.711,0.463,0.147,0.563,0.584,101.8,102.0,85.0,102,0.427
0022501098,2026-03-30,1610612764,Washington Wizards,1,0,1,0.0,48.0,97.1,101.0,121.1,117.6,-24.0,-16.6,0.61,2.78,18.5,0.189,0.763,0.429,0.09,0.478,0.505,101.6,101.0,84.17,100,0.384
0022501100,2026-03-31,1610612751,Brooklyn Nets,1,0,1,0.0,48.0,89.7,90.5,119.4,123.2,-29.7,-32.6,0.5,0.88,11.9,0.196,0.617,0.409,0.168,0.432,0.507,96.9,95.0,79.17,95,0.322
0022501100,2026-03-31,1610612766,Charlotte Hornets,1,1,0,1.0,48.0,119.4,123.2,89.7,90.5,29.7,32.6,0.683,2.15,20.0,0.383,0.804,0.591,0.137,0.54,0.597,96.9,95.0,79.17,95,0.678
0022501103,2026-03-31,1610612739,Cleveland Cavaliers,1,0,1,0.0,48.0,114.9,116.5,129.0,129.6,-14.1,-13.1,0.605,1.86,19.0,0.298,0.675,0.471,0.144,0.569,0.592,98.4,97.5,81.25,97,0.423
0022500652,2026-03-31,1610612742,Dallas Mavericks,1,0,1,0.0,48.0,91.4,90.8,112.4,111.8,-21.0,-21.0,0.529,1.29,12.7,0.227,0.722,0.45,0.128,0.406,0.457,108.9,109.5,91.25,109,0.37
0022501101,2026-03-31,1610612765,Detroit Pistons,1,1,0,1.0,48.0,126.7,128.3,113.0,116.0,13.7,12.3,0.75,1.57,23.6,0.258,0.633,0.488,0.212,0.692,0.737,101.4,99.5,82.92,99,0.557
0022501102,2026-03-31,1610612745,Houston Rockets,1,1,0,1.0,48.0,124.7,127.6,103.3,105.6,21.4,22.0,0.833,3.5,26.9,0.211,0.64,0.455,0.115,0.635,0.653,90.0,88.0,73.33,87,0.615
0022501104,2026-03-31,1610612746,LA Clippers,1,0,1,0.0,48.0,112.9,114.3,116.4,123.9,-3.5,-9.6,0.5,1.36,15.8,0.25,0.49,0.385,0.154,0.566,0.604,95.0,91.5,76.25,91,0.472
0022501103,2026-03-31,1610612747,Los Angeles Lakers,1,1,0,1.0,48.0,129.0,129.6,114.9,116.5,14.1,13.1,0.578,2.17,19.0,0.325,0.702,0.529,0.122,0.62,0.672,98.4,97.5,81.25,98,0.577
0022500652,2026-03-31,1610612749,Milwaukee Bucks,1,1,0,1.0,48.0,112.4,111.8,91.4,90.8,21.0,21.0,0.683,1.56,18.4,0.278,0.773,0.55,0.164,0.554,0.595,108.9,109.5,91.25,110,0.63
0022501102,2026-03-31,1610612752,New York Knicks,1,0,1,0.0,48.0,103.3,105.6,124.7,127.6,-21.4,-22.0,0.611,2.0,17.1,0.36,0.789,0.545,0.124,0.482,0.511,90.0,88.0,73.33,89,0.385
0022501099,2026-03-31,1610612753,Orlando Magic,1,1,0,1.0,48.0,101.7,106.5,98.8,101.8,3.0,4.6,0.686,0.96,16.4,0.292,0.719,0.524,0.231,0.506,0.593,112.7,108.5,90.42,108,0.568
0022501099,2026-03-31,1610612756,Phoenix Suns,1,0,1,0.0,48.0,98.8,101.8,101.7,106.5,-3.0,-4.6,0.686,1.2,16.3,0.281,0.708,0.476,0.183,0.477,0.537,112.7,108.5,90.42,109,0.432
0022501104,2026-03-31,1610612757,Portland Trail Blazers,1,1,0,1.0,48.0,116.4,123.9,112.9,114.3,3.5,9.6,0.537,1.29,15.7,0.51,0.75,0.615,0.185,0.533,0.576,95.0,91.5,76.25,92,0.528
0022501101,2026-03-31,1610612761,Toronto Raptors,1,0,1,0.0,48.0,113.0,116.0,126.7,128.3,-13.7,-12.3,0.767,2.36,21.9,0.367,0.742,0.513,0.14,0.539,0.565,101.4,99.5,82.92,100,0.443
0022501107,2026-04-01,1610612737,Atlanta Hawks,1,1,0,1.0,48.0,118.3,121.5,89.7,96.2,28.6,25.3,0.574,1.59,18.1,0.313,0.768,0.558,0.159,0.592,0.626,111.3,106.0,88.33,107,0.637
0022501106,2026-04-01,1610612738,Boston Celtics,1,1,0,1.0,48.0,143.0,151.5,126.3,130.3,16.7,21.2,0.607,3.78,23.0,0.378,0.673,0.54,0.093,0.693,0.701,102.5,98.0,81.67,97,0.589
0022501109,2026-04-01,1610612741,Chicago Bulls,1,0,1,0.0,48.0,110.1,114.5,130.2,134.3,-20.1,-19.7,0.468,1.1,14.6,0.377,0.727,0.536,0.182,0.552,0.581,112.9,109.0,90.83,110,0.385
0022501112,2026-04-01,1610612743,Denver Nuggets,1,1,0,1.0,48.0,121.9,121.5,110.4,109.3,11.5,12.1,0.682,2.14,19.6,0.32,0.768,0.557,0.131,0.571,0.621,106.3,107.0,89.17,107,0.565
0022501113,2026-04-01,1610612744,Golden State Warriors,1,0,1,0.0,48.0,110.9,111.9,117.4,125.7,-6.5,-13.9,0.69,1.93,20.7,0.217,0.611,0.43,0.149,0.57,0.602,105.1,101.0,84.17,101,0.44
0022501110,2026-04-01,1610612745,Houston Rockets,1,1,0,1.0,48.0,128.4,125.3,117.7,121.5,10.7,3.8,0.732,3.75,21.4,0.333,0.64,0.49,0.084,0.575,0.615,94.4,94.0,78.33,95,0.571
0022501109,2026-04-01,1610612754,Indiana Pacers,1,1,0,1.0,48.0,130.2,134.3,110.1,114.5,20.1,19.7,0.845,3.5,29.0,0.273,0.623,0.464,0.13,0.667,0.681,112.9,109.0,90.83,108,0.615
0022501003,2026-04-01,1610612763,Memphis Grizzlies,1,0,1,0.0,48.0,122.4,126.6,134.6,136.8,-12.2,-10.2,0.692,1.93,20.6,0.268,0.429,0.349,0.149,0.618,0.667,96.9,94.5,78.75,94,0.418
0022501106,2026-04-01,1610612748,Miami Heat,1,0,1,0.0,48.0,126.3,130.3,143.0,151.5,-16.7,-21.2,0.614,3.0,18.8,0.327,0.622,0.46,0.091,0.589,0.614,102.5,98.0,81.67,99,0.411
0022501110,2026-04-01,1610612749,Milwaukee Bucks,1,0,1,0.0,48.0,117.7,121.5,128.4,125.3,-10.7,-3.8,0.5,1.4,15.9,0.36,0.667,0.51,0.161,0.567,0.588,94.4,94.0,78.33,93,0.429
0022501003,2026-04-01,1610612752,New York Knicks,1,1,0,1.0,48.0,134.6,136.8,122.4,126.6,12.2,10.2,0.75,1.89,23.4,0.571,0.732,0.651,0.2,0.626,0.666,96.9,94.5,78.75,95,0.582
0022501107,2026-04-01,1610612753,Orlando Magic,1,0,1,0.0,48.0,89.7,96.2,118.3,121.5,-28.6,-25.3,0.829,1.53,19.7,0.232,0.688,0.442,0.181,0.432,0.497,111.3,106.0,88.33,105,0.363
0022501105,2026-04-01,1610612755,Philadelphia 76ers,1,1,0,1.0,48.0,142.9,147.1,120.8,124.8,22.2,22.4,0.607,3.36,23.9,0.35,0.708,0.545,0.106,0.702,0.721,107.8,104.5,87.08,104,0.576
0022501108,2026-04-01,1610612758,Sacramento Kings,1,1,0,1.0,48.0,123.3,126.8,118.5,117.3,4.8,9.5,0.571,1.71,16.7,0.451,0.762,0.591,0.144,0.522,0.587,98.4,97.5,81.25,97,0.486
0022501113,2026-04-01,1610612759,San Antonio Spurs,1,1,0,1.0,48.0,117.4,125.7,110.9,111.9,6.5,13.9,0.773,2.27,21.8,0.389,0.783,0.57,0.149,0.554,0.598,105.1,101.0,84.17,101,0.56
0022501108,2026-04-01,1610612761,Toronto Raptors,1,0,1,0.0,48.0,118.5,117.3,123.3,126.8,-4.8,-9.5,0.786,3.0,23.7,0.238,0.549,0.409,0.112,0.604,0.631,98.4,97.5,81.25,98,0.514
0022501112,2026-04-01,1610612762,Utah Jazz,1,0,1,0.0,48.0,110.4,109.3,121.9,121.5,-11.5,-12.1,0.727,2.67,21.1,0.232,0.68,0.443,0.112,0.526,0.552,106.3,107.0,89.17,107,0.435
0022501105,2026-04-01,1610612764,Washington Wizards,1,0,1,0.0,48.0,120.8,124.8,142.9,147.1,-22.2,-22.4,0.64,2.67,21.2,0.292,0.65,0.455,0.114,0.604,0.633,107.8,104.5,87.08,105,0.424
0022501114,2026-04-02,1610612766,Charlotte Hornets,1,1,0,1.0,48.0,125.0,132.3,108.7,112.6,16.3,19.7,0.563,2.08,19.1,0.435,0.745,0.598,0.135,0.613,0.638,100.0,95.5,79.58,96,0.62
0022501117,2026-04-02,1610612739,Cleveland Cavaliers,1,1,0,1.0,48.0,119.9,116.8,108.0,109.9,11.9,6.9,0.667,1.87,20.0,0.244,0.709,0.5,0.149,0.61,0.631,100.6,101.0,84.17,101,0.537
0022501115,2026-04-02,1610612765,Detroit Pistons,1,1,0,1.0,48.0,107.9,109.7,101.9,103.8,6.0,5.9,0.707,1.93,20.0,0.271,0.804,0.545,0.146,0.535,0.572,105.4,103.5,86.25,103,0.544
0022501117,2026-04-02,1610612744,Golden State Warriors,1,0,1,0.0,48.0,108.0,109.9,119.9,116.8,-11.9,-6.9,0.61,2.08,17.6,0.291,0.756,0.5,0.119,0.5,0.54,100.6,101.0,84.17,101,0.463
0022501119,2026-04-02,1610612746,LA Clippers,1,0,1,0.0,48.0,98.1,100.0,117.8,120.4,-19.7,-20.4,0.5,2.0,15.2,0.241,0.721,0.454,0.101,0.457,0.49,100.5,98.5,82.08,99,0.391
0022501116,2026-04-02,1610612747,Los Angeles Lakers,1,0,1,0.0,48.0,95.2,93.2,132.7,135.0,-37.6,-41.7,0.588,1.11,15.0,0.204,0.66,0.434,0.175,0.475,0.528,102.8,103.0,85.83,103,0.351
0022501115,2026-04-02,1610612750,Minnesota Timberwolves,1,0,1,0.0,48.0,101.9,103.8,107.9,109.7,-6.0,-5.9,0.579,1.57,16.2,0.196,0.729,0.455,0.135,0.517,0.557,105.4,103.5,86.25,104,0.456
0022501118,2026-04-02,1610612740,New Orleans Pelicans,1,0,1,0.0,48.0,103.5,107.1,115.8,116.8,-12.3,-9.8,0.658,1.32,18.1,0.298,0.642,0.48,0.192,0.506,0.555,102.2,100.0,83.33,99,0.448
0022501116,2026-04-02,1610612760,Oklahoma City Thunder,1,1,0,1.0,48.0,132.7,135.0,95.2,93.2,37.6,41.7,0.582,3.2,21.1,0.34,0.796,0.566,0.097,0.632,0.645,102.8,103.0,85.83,103,0.649
0022501114,2026-04-02,1610612756,Phoenix Suns,1,0,1,0.0,48.0,108.7,112.6,125.0,132.3,-16.3,-19.7,0.524,1.83,16.9,0.255,0.565,0.402,0.126,0.549,0.561,100.0,95.5,79.58,95,0.38
0022501118,2026-04-02,1610612757,Portland Trail Blazers,1,1,0,1.0,48.0,115.8,116.8,103.5,107.1,12.3,9.8,0.643,1.69,18.5,0.358,0.702,0.52,0.158,0.565,0.59,102.2,100.0,83.33,101,0.553
0022501119,2026-04-02,1610612759,San Antonio Spurs,1,1,0,1.0,48.0,117.8,120.4,98.1,100.0,19.7,20.4,0.638,1.88,21.4,0.279,0.759,0.546,0.163,0.602,0.627,100.5,98.5,82.08,98,0.609
0022501122,2026-04-03,1610612737,Atlanta Hawks,1,1,0,1.0,48.0,133.6,135.6,102.1,101.9,31.5,33.7,0.706,2.77,24.0,0.25,0.829,0.543,0.125,0.678,0.701,105.2,104.5,87.08,104,0.631
0022501126,2026-04-03,1610612738,Boston Celtics,1,1,0,1.0,48.0,138.0,141.5,107.8,109.8,30.3,31.7,0.66,3.67,23.1,0.4,0.8,0.622,0.096,0.657,0.683,95.0,93.0,77.5,94,0.678
0022501122,2026-04-03,1610612751,Brooklyn Nets,1,0,1,0.0,48.0,102.1,101.9,133.6,135.6,-31.5,-33.7,0.615,1.2,17.6,0.171,0.75,0.457,0.19,0.57,0.609,105.2,104.5,87.08,105,0.369
0022501120,2026-04-03,1610612766,Charlotte Hornets,1,1,0,1.0,48.0,128.2,130.3,109.8,109.1,18.5,21.2,0.674,3.1,21.5,0.275,0.722,0.505,0.101,0.604,0.629,99.5,99.0,82.5,99,0.574
0022501123,2026-04-03,1610612741,Chicago Bulls,1,0,1,0.0,48.0,96.5,96.0,136.9,136.0,-40.4,-40.0,0.686,1.5,17.8,0.212,0.667,0.423,0.16,0.5,0.519,99.4,100.0,83.33,100,0.287
0022501127,2026-04-03,1610612742,Dallas Mavericks,1,0,1,0.0,48.0,114.8,115.5,125.1,126.6,-10.3,-11.2,0.568,1.92,16.7,0.283,0.75,0.484,0.118,0.537,0.584,110.5,109.5,91.25,110,0.434
0022501124,2026-04-03,1610612745,Houston Rockets,1,1,0,1.0,48.0,131.8,138.6,104.2,102.9,27.6,35.7,0.588,2.73,20.7,0.311,0.632,0.49,0.109,0.636,0.665,103.9,102.0,85.0,101,0.645
0022501120,2026-04-03,1610612754,Indiana Pacers,1,0,1,0.0,48.0,109.8,109.1,128.2,130.3,-18.5,-21.2,0.674,2.42,20.6,0.278,0.725,0.495,0.121,0.543,0.554,99.5,99.0,82.5,99,0.426
0022501125,2026-04-03,1610612763,Memphis Grizzlies,1,0,1,0.0,48.0,92.8,93.2,126.7,125.5,-33.9,-32.3,0.412,0.7,10.5,0.302,0.617,0.45,0.194,0.465,0.498,102.2,102.5,85.42,103,0.23
0022501126,2026-04-03,1610612749,Milwaukee Bucks,1,0,1,0.0,48.0,107.8,109.8,138.0,141.5,-30.3,-31.7,0.686,1.85,19.0,0.2,0.6,0.378,0.141,0.548,0.569,95.0,93.0,77.5,92,0.322
0022501121,2026-04-03,1610612750,Minnesota Timberwolves,1,0,1,0.0,48.0,94.7,101.0,113.5,111.7,-18.8,-10.7,0.553,1.75,14.9,0.273,0.711,0.45,0.118,0.446,0.469,105.1,102.5,85.42,102,0.348
0022501128,2026-04-03,1610612740,New Orleans Pelicans,1,0,1,0.0,48.0,113.9,115.3,114.9,118.2,-1.1,-2.9,0.6,1.85,18.2,0.217,0.646,0.436,0.133,0.56,0.606,100.5,98.5,82.08,98,0.477
0022501123,2026-04-03,1610612752,New York Knicks,1,1,0,1.0,48.0,136.9,136.0,96.5,96.0,40.4,40.0,0.625,3.33,20.7,0.333,0.788,0.577,0.09,0.61,0.658,99.4,100.0,83.33,100,0.713
0022501127,2026-04-03,1610612753,Orlando Magic,1,1,0,1.0,48.0,125.1,126.6,114.8,115.5,10.3,11.2,0.745,2.06,22.7,0.25,0.717,0.516,0.156,0.643,0.688,110.5,109.5,91.25,109,0.566
0022501121,2026-04-03,1610612755,Philadelphia 76ers,1,1,0,1.0,48.0,113.5,111.7,94.7,101.0,18.8,10.7,0.659,1.69,18.9,0.289,0.727,0.55,0.155,0.555,0.61,105.1,102.5,85.42,103,0.652
0022501128,2026-04-03,1610612758,Sacramento Kings,1,1,0,1.0,48.0,114.9,118.2,113.9,115.3,1.1,2.9,0.63,1.93,20.0,0.354,0.783,0.564,0.152,0.567,0.592,100.5,98.5,82.08,99,0.523
0022501125,2026-04-03,1610612761,Toronto Raptors,1,1,0,1.0,48.0,126.7,125.5,92.8,93.2,33.9,32.3,0.705,1.94,20.7,0.383,0.698,0.55,0.157,0.577,0.627,102.2,102.5,85.42,102,0.77
0022501124,2026-04-03,1610612762,Utah Jazz,1,0,1,0.0,48.0,104.2,102.9,131.8,138.6,-27.6,-35.7,0.512,1.69,15.4,0.368,0.689,0.51,0.126,0.474,0.502,103.9,102.0,85.0,103,0.355
0022501130,2026-04-04,1610612743,Denver Nuggets,1,1,0,1.0,53.0,125.1,127.1,119.8,122.9,5.4,4.2,0.694,5.67,22.2,0.222,0.719,0.477,0.056,0.579,0.614,99.9,97.81,81.51,107,0.517
0022501131,2026-04-04,1610612765,Detroit Pistons,1,1,0,1.0,48.0,124.0,124.7,100.7,100.0,23.3,24.7,0.767,2.75,22.8,0.422,0.717,0.571,0.129,0.557,0.595,93.0,93.0,77.5,93,0.649
0022501129,2026-04-04,1610612748,Miami Heat,1,1,0,1.0,48.0,134.6,142.1,125.3,125.9,9.3,16.1,0.778,2.8,25.5,0.364,0.69,0.549,0.14,0.672,0.704,110.8,107.5,89.58,107,0.59
0022501131,2026-04-04,1610612755,Philadelphia 76ers,1,0,1,0.0,48.0,100.7,100.0,124.0,124.7,-23.3,-24.7,0.486,1.13,13.8,0.283,0.578,0.429,0.161,0.494,0.532,93.0,93.0,77.5,93,0.351
0022501130,2026-04-04,1610612759,San Antonio Spurs,1,0,1,0.0,53.0,119.8,122.9,125.1,127.1,-5.4,-4.2,0.617,2.64,19.0,0.281,0.778,0.523,0.101,0.54,0.594,99.9,97.81,81.51,109,0.483
0022501129,2026-04-04,1610612764,Washington Wizards,1,0,1,0.0,48.0,125.3,125.9,134.6,142.1,-9.3,-16.1,0.56,3.11,18.2,0.31,0.636,0.451,0.083,0.552,0.583,110.8,107.5,89.58,108,0.41
0022501132,2026-04-05,1610612738,Boston Celtics,1,1,0,1.0,48.0,113.8,118.6,100.1,103.1,13.7,15.5,0.532,1.39,18.1,0.381,0.733,0.563,0.186,0.58,0.605,101.0,97.5,81.25,97,0.552
0022501133,2026-04-05,1610612751,Brooklyn Nets,1,1,0,1.0,48.0,122.1,122.2,111.3,116.2,10.8,6.1,0.674,2.64,20.7,0.289,0.619,0.448,0.111,0.574,0.617,101.2,99.0,82.5,99,0.553
0022501137,2026-04-05,1610612766,Charlotte Hornets,1,1,0,1.0,48.0,125.0,124.5,110.1,111.3,14.9,13.1,0.689,2.07,21.2,0.375,0.66,0.52,0.153,0.592,0.619,97.9,97.5,81.25,98,0.567
0022501134,2026-04-05,1610612741,Chicago Bulls,1,0,1,0.0,48.0,103.7,105.8,115.7,117.6,-12.1,-11.9,0.634,1.37,17.4,0.404,0.702,0.545,0.183,0.505,0.544,104.9,103.0,85.83,104,0.462
0022501136,2026-04-05,1610612739,Cleveland Cavaliers,1,1,0,1.0,48.0,115.4,118.2,111.6,109.1,3.8,9.1,0.605,2.6,19.0,0.275,0.75,0.523,0.101,0.554,0.583,99.1,99.0,82.5,99,0.533
0022501140,2026-04-05,1610612742,Dallas Mavericks,1,1,0,1.0,48.0,130.3,131.4,120.2,124.3,10.1,7.1,0.587,3.86,19.6,0.191,0.646,0.421,0.069,0.602,0.645,104.7,102.5,85.42,102,0.503
0022501142,2026-04-05,1610612744,Golden State Warriors,1,0,1,0.0,48.0,119.8,123.4,124.0,124.5,-4.2,-1.1,0.81,3.4,24.5,0.256,0.737,0.481,0.106,0.583,0.625,95.6,94.0,78.33,94,0.487
0022501142,2026-04-05,1610612745,Houston Rockets,1,1,0,1.0,48.0,124.0,124.5,119.8,123.4,4.2,1.1,0.682,2.14,22.4,0.263,0.744,0.519,0.149,0.631,0.662,95.6,94.0,78.33,94,0.513
0022501136,2026-04-05,1610612754,Indiana Pacers,1,0,1,0.0,48.0,111.6,109.1,115.4,118.2,-3.8,-9.1,0.848,2.8,20.0,0.25,0.725,0.477,0.101,0.483,0.547,99.1,99.0,82.5,99,0.467
0022501141,2026-04-05,1610612746,LA Clippers,1,1,0,1.0,48.0,129.9,135.3,107.1,105.8,22.8,29.5,0.612,2.0,20.7,0.295,0.681,0.495,0.147,0.641,0.682,104.0,102.5,85.42,102,0.592
0022501140,2026-04-05,1610612747,Los Angeles Lakers,1,0,1,0.0,48.0,120.2,124.3,130.3,131.4,-10.1,-7.1,0.766,3.0,23.2,0.354,0.809,0.579,0.117,0.56,0.607,104.7,102.5,85.42,103,0.497
0022501135,2026-04-05,1610612763,Memphis Grizzlies,1,0,1,0.0,48.0,111.3,112.7,127.7,129.7,-16.4,-17.0,0.658,1.79,17.2,0.321,0.649,0.452,0.137,0.505,0.551,102.9,101.5,84.58,102,0.403
0022501135,2026-04-05,1610612749,Milwaukee Bucks,1,1,0,1.0,48.0,127.7,129.7,111.3,112.7,16.4,17.0,0.6,1.5,20.8,0.351,0.679,0.548,0.198,0.699,0.7,102.9,101.5,84.58,101,0.597
0022501137,2026-04-05,1610612750,Minnesota Timberwolves,1,0,1,0.0,48.0,110.1,111.3,125.0,124.5,-14.9,-13.1,0.632,1.33,17.5,0.34,0.625,0.48,0.186,0.542,0.58,97.9,97.5,81.25,97,0.433
0022501138,2026-04-05,1610612740,New Orleans Pelicans,1,0,1,0.0,48.0,102.0,102.9,105.8,107.7,-3.8,-4.8,0.514,1.2,13.4,0.222,0.655,0.446,0.143,0.476,0.541,105.8,104.5,87.08,105,0.455
0022501139,2026-04-05,1610612760,Oklahoma City Thunder,1,1,0,1.0,48.0,136.4,136.4,102.2,101.8,34.2,34.6,0.741,2.5,25.8,0.211,0.695,0.505,0.15,0.717,0.737,107.8,108.0,90.0,107,0.635
0022501138,2026-04-05,1610612753,Orlando Magic,1,1,0,1.0,48.0,105.8,107.7,102.0,102.9,3.8,4.8,0.675,2.08,17.9,0.345,0.778,0.554,0.125,0.468,0.515,105.8,104.5,87.08,104,0.545
0022501134,2026-04-05,1610612756,Phoenix Suns,1,1,0,1.0,48.0,115.7,117.6,103.7,105.8,12.1,11.9,0.489,1.38,15.9,0.298,0.596,0.455,0.157,0.579,0.608,104.9,103.0,85.83,102,0.538
0022501141,2026-04-05,1610612758,Sacramento Kings,1,0,1,0.0,48.0,107.1,105.8,129.9,135.3,-22.8,-29.5,0.556,1.25,17.6,0.319,0.705,0.505,0.194,0.582,0.581,104.0,102.5,85.42,103,0.408
0022501132,2026-04-05,1610612761,Toronto Raptors,1,0,1,0.0,48.0,100.1,103.1,113.8,118.6,-13.7,-15.5,0.775,2.07,22.1,0.267,0.619,0.437,0.153,0.524,0.549,101.0,97.5,81.25,98,0.448
0022501139,2026-04-05,1610612762,Utah Jazz,1,0,1,0.0,48.0,102.2,101.8,136.4,136.4,-34.2,-34.6,0.674,1.81,18.6,0.305,0.789,0.495,0.147,0.5,0.521,107.8,108.0,90.0,109,0.365
0022501133,2026-04-05,1610612764,Washington Wizards,1,0,1,0.0,48.0,111.3,116.2,122.1,122.2,-10.8,-6.1,0.455,0.87,14.8,0.381,0.711,0.552,0.232,0.614,0.63,101.2,99.0,82.5,99,0.447
0022501143,2026-04-06,1610612737,Atlanta Hawks,1,0,1,0.0,48.0,106.6,108.2,111.9,113.7,-5.3,-5.4,0.605,1.53,15.6,0.435,0.698,0.543,0.155,0.484,0.512,97.5,96.0,80.0,97,0.418
0022501145,2026-04-06,1610612739,Cleveland Cavaliers,1,1,0,1.0,48.0,134.9,137.9,121.9,122.3,13.0,15.5,0.692,2.77,23.2,0.39,0.804,0.62,0.126,0.652,0.674,104.3,103.0,85.83,103,0.614
0022501147,2026-04-06,1610612743,Denver Nuggets,1,1,0,1.0,53.0,128.6,129.2,121.9,125.7,6.7,3.5,0.712,3.08,22.7,0.408,0.627,0.52,0.113,0.574,0.614,97.3,95.55,79.62,106,0.545
0022501144,2026-04-06,1610612765,Detroit Pistons,1,0,1,0.0,48.0,100.6,103.9,114.3,118.3,-13.7,-14.4,0.762,1.52,21.6,0.277,0.682,0.473,0.204,0.553,0.573,107.0,103.5,86.25,103,0.428
0022501145,2026-04-06,1610612763,Memphis Grizzlies,1,0,1,0.0,48.0,121.9,122.3,134.9,137.9,-13.0,-15.5,0.711,2.46,22.1,0.196,0.61,0.38,0.126,0.633,0.64,104.3,103.0,85.83,103,0.386
0022501143,2026-04-06,1610612752,New York Knicks,1,1,0,1.0,48.0,111.9,113.7,106.6,108.2,5.3,5.4,0.69,1.71,21.2,0.302,0.565,0.457,0.179,0.565,0.59,97.5,96.0,80.0,95,0.582
0022501144,2026-04-06,1610612753,Orlando Magic,1,1,0,1.0,48.0,114.3,118.3,100.6,103.9,13.7,14.4,0.683,1.87,19.2,0.318,0.723,0.527,0.144,0.574,0.624,107.0,103.5,86.25,104,0.572
0022501146,2026-04-06,1610612755,Philadelphia 76ers,1,0,1,0.0,48.0,106.5,105.2,114.2,118.6,-7.7,-13.4,0.5,1.42,12.9,0.31,0.708,0.491,0.124,0.443,0.506,98.2,97.0,80.83,97,0.4
0022501147,2026-04-06,1610612757,Portland Trail Blazers,1,0,1,0.0,53.0,121.9,125.7,128.6,129.2,-6.7,-3.5,0.69,1.61,19.1,0.373,0.592,0.48,0.171,0.612,0.651,97.3,95.55,79.62,105,0.455
0022501146,2026-04-06,1610612759,San Antonio Spurs,1,1,0,1.0,48.0,114.2,118.6,106.5,105.2,7.7,13.4,0.705,2.82,22.0,0.292,0.69,0.509,0.113,0.556,0.583,98.2,97.0,80.83,97,0.6
0022501149,2026-04-07,1610612738,Boston Celtics,1,1,0,1.0,48.0,121.1,122.8,110.0,112.1,11.1,10.7,0.512,1.57,16.8,0.378,0.673,0.536,0.152,0.592,0.612,93.0,91.5,76.25,92,0.563
0022501150,2026-04-07,1610612751,Brooklyn Nets,1,1,0,1.0,48.0,99.9,103.2,94.2,96.8,5.7,6.5,0.545,1.29,15.1,0.186,0.688,0.451,0.151,0.5,0.564,95.8,93.0,77.5,93,0.536
0022501149,2026-04-07,1610612766,Charlotte Hornets,1,0,1,0.0,48.0,110.0,112.1,121.1,122.8,-11.1,-10.7,0.632,1.85,18.2,0.327,0.622,0.464,0.143,0.523,0.544,93.0,91.5,76.25,91,0.437
0022501148,2026-04-07,1610612741,Chicago Bulls,1,1,0,1.0,48.0,117.4,119.4,89.7,89.9,27.7,29.5,0.761,2.69,22.6,0.235,0.754,0.509,0.12,0.569,0.609,109.6,108.5,90.42,108,0.651
0022501156,2026-04-07,1610612742,Dallas Mavericks,1,0,1,0.0,48.0,96.9,97.2,108.1,109.4,-11.2,-12.3,0.514,2.0,12.6,0.292,0.737,0.5,0.085,0.38,0.459,106.8,106.0,88.33,106,0.442
0022501154,2026-04-07,1610612744,Golden State Warriors,1,1,0,1.0,48.0,113.9,114.6,108.8,111.7,5.1,2.9,0.73,1.59,19.3,0.362,0.667,0.516,0.177,0.555,0.594,96.5,95.0,79.17,96,0.536
0022501157,2026-04-07,1610612745,Houston Rockets,1,1,0,1.0,48.0,116.6,121.4,103.8,108.2,12.8,13.2,0.578,1.37,16.8,0.544,0.717,0.621,0.194,0.52,0.556,101.6,97.5,81.25,98,0.551
0022501152,2026-04-07,1610612754,Indiana Pacers,1,0,1,0.0,48.0,99.4,101.0,116.9,119.2,-17.5,-18.3,0.686,1.04,17.8,0.22,0.659,0.447,0.223,0.541,0.6,105.3,103.5,86.25,103,0.429
0022501156,2026-04-07,1610612746,LA Clippers,1,1,0,1.0,48.0,108.1,109.4,96.9,97.2,11.2,12.3,0.561,1.53,16.0,0.263,0.708,0.5,0.142,0.522,0.556,106.8,106.0,88.33,106,0.558
0022501155,2026-04-07,1610612747,Los Angeles Lakers,1,0,1,0.0,48.0,91.0,89.7,126.6,128.1,-35.6,-38.4,0.813,1.53,19.4,0.224,0.727,0.462,0.175,0.5,0.502,96.4,96.5,80.42,97,0.345
0022501151,2026-04-07,1610612748,Miami Heat,1,0,1,0.0,48.0,91.0,93.1,117.4,118.6,-26.4,-25.5,0.788,1.73,18.3,0.241,0.685,0.455,0.147,0.429,0.478,103.7,102.0,85.0,102,0.366
0022501150,2026-04-07,1610612749,Milwaukee Bucks,1,0,1,0.0,48.0,94.2,96.8,99.9,103.2,-5.7,-6.5,0.714,1.25,18.8,0.313,0.814,0.549,0.215,0.525,0.532,95.8,93.0,77.5,93,0.464
0022501152,2026-04-07,1610612750,Minnesota Timberwolves,1,1,0,1.0,48.0,116.9,119.2,99.4,101.0,17.5,18.3,0.587,1.35,18.5,0.341,0.78,0.553,0.192,0.612,0.646,105.3,103.5,86.25,104,0.571
0022501153,2026-04-07,1610612740,New Orleans Pelicans,1,1,0,1.0,48.0,126.7,127.9,113.6,112.3,13.1,15.6,0.525,1.88,19.4,0.25,0.755,0.515,0.139,0.642,0.672,121.8,122.0,101.67,122,0.55
0022501155,2026-04-07,1610612760,Oklahoma City Thunder,1,1,0,1.0,48.0,126.6,128.1,91.0,89.7,35.6,38.4,0.644,2.42,21.2,0.273,0.776,0.538,0.125,0.624,0.646,96.4,96.5,80.42,96,0.655
0022501157,2026-04-07,1610612756,Phoenix Suns,1,0,1,0.0,48.0,103.8,108.2,116.6,121.4,-12.8,-13.2,0.469,0.79,12.0,0.283,0.456,0.379,0.196,0.473,0.57,101.6,97.5,81.25,97,0.449
0022501154,2026-04-07,1610612758,Sacramento Kings,1,0,1,0.0,48.0,108.8,111.7,113.9,114.6,-5.1,-2.9,0.537,1.47,16.7,0.333,0.638,0.484,0.16,0.534,0.556,96.5,95.0,79.17,94,0.464
0022501151,2026-04-07,1610612761,Toronto Raptors,1,1,0,1.0,48.0,117.4,118.6,91.0,93.1,26.4,25.5,0.694,2.83,22.2,0.315,0.759,0.545,0.118,0.556,0.571,103.7,102.0,85.0,102,0.634
0022501153,2026-04-07,1610612762,Utah Jazz,1,0,1,0.0,48.0,113.6,112.3,126.7,127.9,-13.1,-15.6,0.717,2.38,22.1,0.245,0.75,0.485,0.131,0.558,0.598,121.8,122.0,101.67,122,0.45
0022501148,2026-04-07,1610612764,Washington Wizards,1,0,1,0.0,48.0,89.7,89.9,117.4,119.4,-27.7,-29.5,0.595,1.0,15.3,0.246,0.765,0.491,0.202,0.494,0.514,109.6,108.5,90.42,109,0.349
0022501158,2026-04-08,1610612737,Atlanta Hawks,1,0,1,0.0,48.0,107.8,110.5,116.9,117.3,-9.1,-6.8,0.489,1.77,16.1,0.283,0.76,0.515,0.124,0.541,0.554,106.0,104.5,87.08,105,0.448
0022501158,2026-04-08,1610612739,Cleveland Cavaliers,1,1,0,1.0,48.0,116.9,117.3,107.8,110.5,9.1,6.8,0.537,2.0,15.9,0.24,0.717,0.485,0.106,0.534,0.59,106.0,104.5,87.08,104,0.552
0022501164,2026-04-08,1610612742,Dallas Mavericks,1,0,1,0.0,48.0,106.3,112.6,116.1,117.9,-9.8,-5.3,0.73,2.25,19.6,0.321,0.706,0.51,0.126,0.489,0.542,98.6,95.0,79.17,95,0.489
0022501162,2026-04-08,1610612743,Denver Nuggets,1,1,0,1.0,48.0,133.0,136.0,121.3,119.0,11.7,17.0,0.585,2.58,21.5,0.31,0.818,0.598,0.12,0.667,0.685,100.2,100.0,83.33,100,0.602
0022501160,2026-04-08,1610612765,Detroit Pistons,1,1,0,1.0,48.0,145.4,145.7,109.6,119.4,35.9,26.4,0.792,3.17,25.5,0.447,0.593,0.533,0.128,0.655,0.705,97.8,93.5,77.92,94,0.679
0022501163,2026-04-08,1610612746,LA Clippers,1,0,1,0.0,48.0,110.5,111.1,127.3,129.3,-16.8,-18.2,0.675,2.08,19.4,0.245,0.763,0.462,0.131,0.547,0.57,100.1,99.0,82.5,99,0.408
0022501162,2026-04-08,1610612763,Memphis Grizzlies,1,0,1,0.0,48.0,121.3,119.0,133.0,136.0,-11.7,-17.0,0.571,4.0,17.9,0.182,0.69,0.402,0.06,0.56,0.583,100.2,100.0,83.33,100,0.398
0022501160,2026-04-08,1610612749,Milwaukee Bucks,1,0,1,0.0,48.0,109.6,119.4,145.4,145.7,-35.9,-26.4,0.722,1.63,18.4,0.407,0.553,0.467,0.172,0.517,0.564,97.8,93.5,77.92,93,0.321
0022501159,2026-04-08,1610612750,Minnesota Timberwolves,1,0,1,0.0,48.0,116.3,118.8,128.0,130.7,-11.7,-11.9,0.489,1.38,16.2,0.298,0.553,0.426,0.158,0.6,0.624,103.1,101.0,84.17,101,0.443
0022501163,2026-04-08,1610612760,Oklahoma City Thunder,1,1,0,1.0,48.0,127.3,129.3,110.5,111.1,16.8,18.2,0.625,2.31,21.7,0.237,0.755,0.538,0.131,0.657,0.684,100.1,99.0,82.5,99,0.592
0022501159,2026-04-08,1610612753,Orlando Magic,1,1,0,1.0,48.0,128.0,130.7,116.3,118.8,11.7,11.9,0.647,1.94,21.3,0.447,0.702,0.574,0.168,0.6,0.628,103.1,101.0,84.17,101,0.557
0022501164,2026-04-08,1610612756,Phoenix Suns,1,1,0,1.0,48.0,116.1,117.9,106.3,112.6,9.8,5.3,0.476,2.0,15.4,0.294,0.679,0.49,0.105,0.538,0.569,98.6,95.0,79.17,95,0.511
0022501161,2026-04-08,1610612757,Portland Trail Blazers,1,0,1,0.0,48.0,98.6,100.0,109.4,110.9,-10.8,-10.9,0.619,1.63,18.4,0.288,0.694,0.485,0.158,0.516,0.518,102.4,101.0,84.17,101,0.435
0022501161,2026-04-08,1610612759,San Antonio Spurs,1,1,0,1.0,48.0,109.4,110.9,98.6,100.0,10.8,10.9,0.651,1.65,19.6,0.306,0.712,0.515,0.168,0.551,0.581,102.4,101.0,84.17,101,0.565
0022501168,2026-04-09,1610612738,Boston Celtics,1,0,1,0.0,48.0,119.0,120.5,126.4,127.3,-7.4,-6.8,0.605,2.09,18.0,0.354,0.789,0.547,0.125,0.548,0.582,88.8,88.0,73.33,88,0.453
0022501167,2026-04-09,1610612751,Brooklyn Nets,1,0,1,0.0,48.0,87.6,90.4,117.2,118.3,-29.7,-27.9,0.541,2.0,14.8,0.172,0.74,0.421,0.096,0.427,0.45,106.1,104.0,86.67,104,0.286
0022501166,2026-04-09,1610612741,Chicago Bulls,1,1,0,1.0,48.0,111.2,111.2,101.0,100.9,10.2,10.3,0.605,1.63,17.6,0.3,0.629,0.482,0.15,0.511,0.572,106.9,107.0,89.17,107,0.562
0022501170,2026-04-09,1610612744,Golden State Warriors,1,0,1,0.0,48.0,114.1,112.0,125.9,129.3,-11.8,-17.4,0.585,1.26,18.0,0.405,0.676,0.526,0.207,0.562,0.597,92.4,92.0,76.67,92,0.43
0022501169,2026-04-09,1610612745,Houston Rockets,1,1,0,1.0,48.0,109.2,110.8,101.9,99.0,7.4,11.8,0.5,1.4,14.8,0.339,0.765,0.542,0.147,0.511,0.541,101.8,102.5,85.42,102,0.547
0022501167,2026-04-09,1610612754,Indiana Pacers,1,1,0,1.0,48.0,117.2,118.3,87.6,90.4,29.7,27.9,0.843,3.58,26.9,0.26,0.828,0.579,0.115,0.561,0.581,106.1,104.0,86.67,104,0.714
0022501170,2026-04-09,1610612747,Los Angeles Lakers,1,1,0,1.0,48.0,125.9,129.3,114.1,112.0,11.8,17.4,0.755,1.95,26.4,0.324,0.595,0.474,0.207,0.713,0.712,92.4,92.0,76.67,92,0.57
0022501165,2026-04-09,1610612748,Miami Heat,1,0,1,0.0,48.0,117.3,121.3,132.0,136.2,-14.7,-14.9,0.761,2.33,25.2,0.25,0.644,0.459,0.16,0.646,0.647,97.1,94.0,78.33,94,0.442
0022501168,2026-04-09,1610612752,New York Knicks,1,1,0,1.0,48.0,126.4,127.3,119.0,120.5,7.4,6.8,0.674,4.14,23.2,0.211,0.646,0.453,0.08,0.631,0.647,88.8,88.0,73.33,88,0.547
0022501169,2026-04-09,1610612755,Philadelphia 76ers,1,0,1,0.0,48.0,101.9,99.0,109.2,110.8,-7.4,-11.8,0.553,1.31,15.4,0.235,0.661,0.458,0.155,0.512,0.536,101.8,102.5,85.42,103,0.453
0022501165,2026-04-09,1610612761,Toronto Raptors,1,1,0,1.0,48.0,132.0,136.2,117.3,121.3,14.7,14.9,0.545,4.0,17.9,0.356,0.75,0.541,0.064,0.587,0.634,97.1,94.0,78.33,94,0.558
0022501166,2026-04-09,1610612764,Washington Wizards,1,0,1,0.0,48.0,101.0,100.9,111.2,111.2,-10.2,-10.3,0.632,1.26,15.7,0.371,0.7,0.518,0.178,0.448,0.501,106.9,107.0,89.17,107,0.438
0022501173,2026-04-10,1610612737,Atlanta Hawks,1,1,0,1.0,48.0,120.4,121.6,98.2,100.0,22.2,21.6,0.6,2.08,18.5,0.34,0.714,0.525,0.127,0.57,0.596,103.5,102.0,85.0,102,0.577
0022501174,2026-04-10,1610612738,Boston Celtics,1,1,0,1.0,48.0,133.8,137.1,109.1,112.4,24.8,24.8,0.673,2.5,23.0,0.292,0.661,0.49,0.133,0.693,0.702,107.9,105.0,87.5,105,0.608
0022501179,2026-04-10,1610612751,Brooklyn Nets,1,0,1,0.0,48.0,116.1,112.5,128.8,130.2,-12.7,-17.7,0.737,2.55,20.7,0.245,0.763,0.471,0.115,0.56,0.593,95.0,96.0,80.0,96,0.434
0022501171,2026-04-10,1610612766,Charlotte Hornets,1,0,1,0.0,48.0,99.9,104.2,118.7,124.2,-18.8,-20.0,0.471,1.0,12.0,0.404,0.592,0.491,0.167,0.46,0.51,99.8,95.5,79.58,96,0.38
0022501177,2026-04-10,1610612741,Chicago Bulls,1,0,1,0.0,48.0,95.0,95.4,118.1,118.7,-23.1,-23.3,0.658,1.25,17.2,0.25,0.706,0.476,0.185,0.494,0.523,108.0,107.5,89.58,108,0.387
0022501173,2026-04-10,1610612739,Cleveland Cavaliers,1,0,1,0.0,48.0,98.2,100.0,120.4,121.6,-22.2,-21.6,0.641,1.32,17.7,0.286,0.66,0.475,0.186,0.494,0.543,103.5,102.0,85.0,102,0.423
0022501180,2026-04-10,1610612742,Dallas Mavericks,1,0,1,0.0,48.0,120.8,121.2,136.4,139.0,-15.7,-17.8,0.578,3.71,18.6,0.273,0.595,0.412,0.071,0.536,0.564,100.6,99.5,82.92,99,0.405
0022501182,2026-04-10,1610612743,Denver Nuggets,1,1,0,1.0,48.0,120.1,124.5,104.6,103.9,15.5,20.6,0.596,1.65,19.3,0.319,0.69,0.524,0.167,0.618,0.643,104.0,102.5,85.42,102,0.596
0022501171,2026-04-10,1610612765,Detroit Pistons,1,1,0,1.0,48.0,118.7,124.2,99.9,104.2,18.8,20.0,0.644,1.93,20.3,0.408,0.596,0.509,0.158,0.556,0.587,99.8,95.5,79.58,95,0.62
0022501184,2026-04-10,1610612744,Golden State Warriors,1,0,1,0.0,48.0,114.2,115.7,119.3,121.6,-5.1,-5.9,0.769,1.88,21.4,0.19,0.647,0.441,0.157,0.568,0.632,103.6,102.0,85.0,102,0.509
0022501178,2026-04-10,1610612745,Houston Rockets,1,0,1,0.0,48.0,130.3,133.3,134.7,136.0,-4.4,-2.7,0.547,2.23,20.3,0.417,0.698,0.57,0.131,0.632,0.665,101.2,99.5,82.92,99,0.519
0022501175,2026-04-10,1610612754,Indiana Pacers,1,0,1,0.0,48.0,88.6,89.5,100.6,101.0,-12.0,-11.4,0.758,1.19,17.5,0.228,0.723,0.492,0.2,0.455,0.495,105.2,104.5,87.08,105,0.456
0022501183,2026-04-10,1610612746,LA Clippers,1,0,1,0.0,48.0,101.8,102.1,116.7,122.1,-14.9,-20.0,0.472,1.0,13.8,0.25,0.574,0.411,0.179,0.512,0.549,97.3,95.0,79.17,95,0.35
0022501185,2026-04-10,1610612747,Los Angeles Lakers,1,1,0,1.0,48.0,113.2,112.2,80.0,81.1,33.2,31.1,0.771,2.45,21.8,0.184,0.6,0.43,0.122,0.565,0.614,90.2,90.0,75.0,90,0.745
0022501181,2026-04-10,1610612763,Memphis Grizzlies,1,0,1,0.0,48.0,82.8,83.5,121.0,121.5,-38.2,-38.0,0.659,1.35,16.8,0.211,0.755,0.444,0.165,0.427,0.447,121.7,121.0,100.83,121,0.293
0022501172,2026-04-10,1610612748,Miami Heat,1,1,0,1.0,48.0,135.3,135.9,110.2,113.6,25.1,22.3,0.755,1.95,24.3,0.371,0.766,0.598,0.184,0.72,0.749,104.8,103.0,85.83,103,0.594
0022501179,2026-04-10,1610612749,Milwaukee Bucks,1,1,0,1.0,48.0,128.8,130.2,116.1,112.5,12.7,17.7,0.8,2.12,25.5,0.237,0.755,0.529,0.177,0.704,0.71,95.0,96.0,80.0,96,0.566
0022501178,2026-04-10,1610612750,Minnesota Timberwolves,1,1,0,1.0,48.0,134.7,136.0,130.3,133.3,4.4,2.7,0.529,3.38,19.4,0.302,0.583,0.43,0.08,0.657,0.68,101.2,99.5,82.92,100,0.481
0022501174,2026-04-10,1610612740,New Orleans Pelicans,1,0,1,0.0,48.0,109.1,112.4,133.8,137.1,-24.8,-24.8,0.5,1.69,15.2,0.339,0.708,0.51,0.124,0.505,0.54,107.9,105.0,87.5,105,0.392
0022501176,2026-04-10,1610612752,New York Knicks,1,1,0,1.0,48.0,119.3,120.4,102.4,102.2,16.9,18.3,0.585,2.0,19.2,0.222,0.78,0.519,0.129,0.6,0.645,93.3,93.0,77.5,93,0.624
0022501182,2026-04-10,1610612760,Oklahoma City Thunder,1,0,1,0.0,48.0,104.6,103.9,120.1,124.5,-15.5,-20.6,0.595,1.92,17.1,0.31,0.681,0.476,0.126,0.495,0.513,104.0,102.5,85.42,103,0.404
0022501177,2026-04-10,1610612753,Orlando Magic,1,1,0,1.0,48.0,118.1,118.7,95.0,95.4,23.1,23.3,0.673,2.2,21.6,0.294,0.75,0.524,0.14,0.59,0.607,108.0,107.5,89.58,107,0.613
0022501175,2026-04-10,1610612755,Philadelphia 76ers,1,1,0,1.0,48.0,100.6,101.0,88.6,89.5,12.0,11.4,0.405,2.13,12.2,0.277,0.772,0.508,0.077,0.428,0.467,105.2,104.5,87.08,104,0.544
0022501185,2026-04-10,1610612756,Phoenix Suns,1,0,1,0.0,48.0,80.0,81.1,113.2,112.2,-33.2,-31.1,0.654,0.74,13.2,0.4,0.816,0.57,0.256,0.383,0.423,90.2,90.0,75.0,90,0.255
0022501183,2026-04-10,1610612757,Portland Trail Blazers,1,1,0,1.0,48.0,116.7,122.1,101.8,102.1,14.9,20.0,0.622,1.53,16.8,0.426,0.75,0.589,0.158,0.518,0.589,97.3,95.0,79.17,95,0.65
0022501184,2026-04-10,1610612758,Sacramento Kings,1,1,0,1.0,48.0,119.3,121.6,114.2,115.7,5.1,5.9,0.61,1.56,17.2,0.353,0.81,0.559,0.157,0.556,0.596,103.6,102.0,85.0,102,0.491
0022501180,2026-04-10,1610612759,San Antonio Spurs,1,1,0,1.0,48.0,136.4,139.0,120.8,121.2,15.7,17.8,0.6,2.73,20.5,0.405,0.727,0.588,0.11,0.614,0.669,100.6,99.5,82.92,100,0.595
0022501176,2026-04-10,1610612761,Toronto Raptors,1,0,1,0.0,48.0,102.4,102.2,119.3,120.4,-16.9,-18.3,0.667,1.33,19.0,0.22,0.778,0.481,0.194,0.562,0.581,93.3,93.0,77.5,93,0.376
0022501181,2026-04-10,1610612762,Utah Jazz,1,1,0,1.0,48.0,121.0,121.5,82.8,83.5,38.2,38.0,0.694,2.69,24.3,0.245,0.789,0.556,0.132,0.632,0.626,121.7,121.0,100.83,121,0.707
0022501172,2026-04-10,1610612764,Washington Wizards,1,0,1,0.0,48.0,110.2,113.6,135.3,135.9,-25.1,-22.3,0.565,1.86,18.7,0.234,0.629,0.402,0.136,0.576,0.596,104.8,103.0,85.83,103,0.406
0022501189,2026-04-12,1610612737,Atlanta Hawks,1,0,1,0.0,48.0,111.5,111.4,136.9,137.5,-25.4,-26.1,0.705,1.82,20.3,0.321,0.735,0.52,0.162,0.565,0.58,104.7,104.5,87.08,105,0.395
0022501186,2026-04-12,1610612738,Boston Celtics,1,1,0,1.0,48.0,106.9,107.6,98.9,102.9,8.0,4.8,0.667,1.41,17.3,0.216,0.65,0.45,0.162,0.523,0.584,107.4,105.0,87.5,105,0.55
0022501192,2026-04-12,1610612751,Brooklyn Nets,1,0,1,0.0,48.0,99.3,101.0,136.3,136.0,-37.1,-35.0,0.6,1.31,15.6,0.255,0.844,0.471,0.16,0.459,0.511,100.8,100.0,83.33,100,0.277
0022501190,2026-04-12,1610612766,Charlotte Hornets,1,1,0,1.0,48.0,111.7,118.3,103.8,102.1,7.9,16.2,0.692,1.5,19.4,0.38,0.736,0.563,0.194,0.571,0.595,95.5,93.5,77.92,93,0.585
0022501193,2026-04-12,1610612741,Chicago Bulls,1,0,1,0.0,48.0,111.9,114.3,130.8,134.2,-18.9,-19.9,0.577,2.31,19.0,0.288,0.635,0.45,0.116,0.538,0.56,114.1,111.5,92.92,112,0.432
0022501187,2026-04-12,1610612739,Cleveland Cavaliers,1,1,0,1.0,48.0,128.4,128.7,112.1,117.0,16.3,11.7,0.646,1.55,20.4,0.489,0.74,0.621,0.198,0.64,0.662,102.8,100.5,83.75,101,0.574
0022501193,2026-04-12,1610612742,Dallas Mavericks,1,1,0,1.0,48.0,130.8,134.2,111.9,114.3,18.9,19.9,0.673,1.94,21.2,0.365,0.712,0.55,0.162,0.63,0.666,114.1,111.5,92.92,111,0.568
0022501197,2026-04-12,1610612743,Denver Nuggets,1,1,0,1.0,48.0,124.7,126.7,115.8,115.7,8.9,11.0,0.6,2.5,19.6,0.415,0.69,0.559,0.119,0.555,0.584,102.3,101.5,84.58,101,0.554
0022501188,2026-04-12,1610612765,Detroit Pistons,1,1,0,1.0,48.0,127.1,127.9,113.3,115.2,13.8,12.6,0.7,1.94,22.7,0.375,0.765,0.593,0.173,0.646,0.674,105.7,104.5,87.08,104,0.57
0022501199,2026-04-12,1610612744,Golden State Warriors,1,0,1,0.0,48.0,116.9,117.0,118.1,121.1,-1.2,-4.0,0.667,2.4,17.6,0.34,0.673,0.5,0.106,0.483,0.55,95.7,94.5,78.75,94,0.47
0022501194,2026-04-12,1610612745,Houston Rockets,1,1,0,1.0,48.0,122.0,128.2,94.9,98.1,27.1,30.1,0.479,2.09,14.9,0.452,0.821,0.627,0.107,0.524,0.558,107.3,103.0,85.83,103,0.642
0022501188,2026-04-12,1610612754,Indiana Pacers,1,0,1,0.0,48.0,113.3,115.2,127.1,127.9,-13.8,-12.6,0.756,1.94,20.9,0.235,0.625,0.407,0.152,0.583,0.612,105.7,104.5,87.08,105,0.43
0022501199,2026-04-12,1610612746,LA Clippers,1,1,0,1.0,48.0,118.1,121.1,116.9,117.0,1.2,4.0,0.643,2.7,19.6,0.327,0.66,0.5,0.105,0.551,0.591,95.7,94.5,78.75,95,0.53
0022501198,2026-04-12,1610612747,Los Angeles Lakers,1,1,0,1.0,48.0,123.0,123.6,102.0,101.9,21.0,21.7,0.725,2.18,23.4,0.364,0.695,0.553,0.16,0.629,0.652,105.7,105.5,87.92,106,0.62
0022501194,2026-04-12,1610612763,Memphis Grizzlies,1,0,1,0.0,48.0,94.9,98.1,122.0,128.2,-27.1,-30.1,0.59,1.77,16.9,0.179,0.548,0.373,0.126,0.479,0.508,107.3,103.0,85.83,103,0.358
0022501189,2026-04-12,1610612748,Miami Heat,1,1,0,1.0,48.0,136.9,137.5,111.5,111.4,25.4,26.1,0.586,4.86,22.5,0.265,0.679,0.48,0.067,0.636,0.647,104.7,104.5,87.08,104,0.605
0022501191,2026-04-12,1610612749,Milwaukee Bucks,1,0,1,0.0,48.0,99.4,101.9,122.0,121.2,-22.7,-19.2,0.667,1.37,17.9,0.281,0.729,0.486,0.183,0.506,0.532,105.0,104.0,86.67,104,0.412
0022501195,2026-04-12,1610612750,Minnesota Timberwolves,1,1,0,1.0,48.0,123.5,122.2,111.8,117.8,11.7,4.5,0.711,2.91,20.6,0.308,0.606,0.475,0.102,0.562,0.612,109.8,107.5,89.58,108,0.568
0022501195,2026-04-12,1610612740,New Orleans Pelicans,1,0,1,0.0,48.0,111.8,117.8,123.5,122.2,-11.7,-4.5,0.444,2.22,13.1,0.394,0.692,0.525,0.084,0.444,0.509,109.8,107.5,89.58,107,0.432
0022501190,2026-04-12,1610612752,New York Knicks,1,0,1,0.0,48.0,103.8,102.1,111.7,118.3,-7.9,-16.2,0.641,2.27,18.8,0.264,0.62,0.437,0.117,0.506,0.513,95.5,93.5,77.92,94,0.415
0022501196,2026-04-12,1610612760,Oklahoma City Thunder,1,0,1,0.0,48.0,103.0,105.1,130.3,137.8,-27.2,-32.7,0.78,3.2,22.4,0.228,0.587,0.388,0.102,0.526,0.52,101.8,98.0,81.67,98,0.403
0022501186,2026-04-12,1610612753,Orlando Magic,1,0,1,0.0,48.0,98.9,102.9,106.9,107.6,-8.0,-4.8,0.611,1.16,14.9,0.35,0.784,0.55,0.181,0.462,0.518,107.4,105.0,87.5,105,0.45
0022501191,2026-04-12,1610612755,Philadelphia 76ers,1,1,0,1.0,48.0,122.0,121.2,99.4,101.9,22.7,19.2,0.596,2.0,19.4,0.271,0.719,0.514,0.135,0.604,0.628,105.0,104.0,86.67,104,0.588
0022501196,2026-04-12,1610612756,Phoenix Suns,1,1,0,1.0,48.0,130.3,137.8,103.0,105.1,27.2,32.7,0.5,2.15,19.3,0.413,0.772,0.612,0.133,0.653,0.651,101.8,98.0,81.67,98,0.597
0022501200,2026-04-12,1610612757,Portland Trail Blazers,1,1,0,1.0,48.0,120.1,123.2,111.5,112.2,8.6,11.0,0.596,2.33,18.8,0.4,0.63,0.505,0.121,0.545,0.567,100.1,98.5,82.08,99,0.522
0022501200,2026-04-12,1610612758,Sacramento Kings,1,0,1,0.0,48.0,111.5,112.2,120.1,123.2,-8.6,-11.0,0.6,1.41,17.3,0.37,0.6,0.495,0.173,0.524,0.569,100.1,98.5,82.08,98,0.478
0022501197,2026-04-12,1610612759,San Antonio Spurs,1,0,1,0.0,48.0,115.8,115.7,124.7,126.7,-8.9,-11.0,0.6,3.0,18.5,0.31,0.585,0.441,0.088,0.53,0.552,102.3,101.5,84.58,102,0.446
0022501192,2026-04-12,1610612761,Toronto Raptors,1,1,0,1.0,48.0,136.3,136.0,99.3,101.0,37.1,35.0,0.706,3.6,25.5,0.156,0.745,0.529,0.1,0.713,0.733,100.8,100.0,83.33,100,0.723
0022501198,2026-04-12,1610612762,Utah Jazz,1,0,1,0.0,48.0,102.0,101.9,123.0,123.6,-21.0,-21.7,0.61,1.56,16.9,0.305,0.636,0.447,0.152,0.473,0.505,105.7,105.5,87.92,105,0.38
0022501187,2026-04-12,1610612764,Washington Wizards,1,0,1,0.0,48.0,112.1,117.0,128.4,128.7,-16.3,-11.7,0.69,2.23,20.6,0.26,0.511,0.379,0.13,0.567,0.595,102.8,100.5,83.75,100,0.426
