GAME_ID,TEAM_ID,TEAM_ABBREVIATION,GAME_DATE,PREV_CITY,CURRENT_CITY,DISTANCE_MILES,TRAVEL_DIRECTION,TIMEZONE_SHIFT_HOURS
0022500082,1610612737,ATL,2025-10-22,Atlanta,Atlanta,0.0,,0.0
0022500090,1610612737,ATL,2025-10-24,Atlanta,Orlando,402.1,SE,0.0
0022500101,1610612737,ATL,2025-10-25,Orlando,Atlanta,402.1,NW,0.0
0022500115,1610612737,ATL,2025-10-27,Atlanta,Chicago,589.0,N,-1.0
0022500130,1610612737,ATL,2025-10-29,Chicago,Brooklyn,715.3,E,1.0
0022500020,1610612737,ATL,2025-10-31,Brooklyn,Indianapolis,645.2,W,0.0
0022500151,1610612737,ATL,2025-11-02,Indianapolis,Cleveland,263.0,NE,0.0
0022500166,1610612737,ATL,2025-11-04,Cleveland,Atlanta,554.8,S,0.0
0022500030,1610612737,ATL,2025-11-07,Atlanta,Atlanta,0.0,,0.0
0022500185,1610612737,ATL,2025-11-08,Atlanta,Atlanta,0.0,,0.0
0022500206,1610612737,ATL,2025-11-10,Atlanta,Inglewood,1938.9,W,-3.0
0022500223,1610612737,ATL,2025-11-12,Inglewood,Sacramento,365.3,NW,0.0
0022500227,1610612737,ATL,2025-11-13,Sacramento,Salt Lake City,532.1,E,1.0
0022500239,1610612737,ATL,2025-11-16,Salt Lake City,Phoenix,506.0,S,0.0
0022500251,1610612737,ATL,2025-11-18,Phoenix,Atlanta,1588.0,E,2.0
0022500267,1610612737,ATL,2025-11-20,Atlanta,San Antonio,878.0,W,-1.0
0022500270,1610612737,ATL,2025-11-22,San Antonio,New Orleans,502.7,E,0.0
0022500276,1610612737,ATL,2025-11-23,New Orleans,Atlanta,424.8,NE,1.0
0022500057,1610612737,ATL,2025-11-25,Atlanta,Washington,542.5,NE,0.0
0022500069,1610612737,ATL,2025-11-28,Washington,Atlanta,542.5,SW,0.0
0022500304,1610612737,ATL,2025-11-30,Atlanta,Philadelphia,663.0,NE,0.0
0022500309,1610612737,ATL,2025-12-01,Philadelphia,Detroit,443.4,NW,0.0
0022500327,1610612737,ATL,2025-12-03,Detroit,Atlanta,597.5,S,0.0
0022500340,1610612737,ATL,2025-12-05,Atlanta,Atlanta,0.0,,0.0
0022500351,1610612737,ATL,2025-12-06,Atlanta,Washington,542.5,NE,0.0
0022501210,1610612737,ATL,2025-12-12,Washington,Detroit,395.7,NW,0.0
0022501217,1610612737,ATL,2025-12-14,Detroit,Atlanta,597.5,S,0.0
0022500371,1610612737,ATL,2025-12-18,Atlanta,Charlotte,226.5,NE,0.0
0022500383,1610612737,ATL,2025-12-19,Charlotte,Atlanta,226.5,SW,0.0
0022500396,1610612737,ATL,2025-12-21,Atlanta,Atlanta,0.0,,0.0
0022500411,1610612737,ATL,2025-12-23,Atlanta,Atlanta,0.0,,0.0
0022500423,1610612737,ATL,2025-12-26,Atlanta,Atlanta,0.0,,0.0
0022500435,1610612737,ATL,2025-12-27,Atlanta,Atlanta,0.0,,0.0
0022500455,1610612737,ATL,2025-12-29,Atlanta,Oklahoma City,754.7,W,-1.0
0022500463,1610612737,ATL,2025-12-31,Oklahoma City,Atlanta,754.7,E,1.0
0022500479,1610612737,ATL,2026-01-02,Atlanta,New York,747.9,NE,0.0
0022500488,1610612737,ATL,2026-01-03,New York,Toronto,340.4,NW,0.0
0022500504,1610612737,ATL,2026-01-05,Toronto,Toronto,0.0,,0.0
0022500519,1610612737,ATL,2026-01-07,Toronto,Atlanta,734.3,SW,0.0
0022500537,1610612737,ATL,2026-01-09,Atlanta,Denver,1210.4,NW,-2.0
0022500556,1610612737,ATL,2026-01-11,Denver,San Francisco,944.8,W,-1.0
0022500569,1610612737,ATL,2026-01-13,San Francisco,Los Angeles,345.5,SE,0.0
0022500585,1610612737,ATL,2026-01-15,Los Angeles,Portland,827.1,N,0.0
0022500594,1610612737,ATL,2026-01-17,Portland,Atlanta,2167.7,E,3.0
0022500014,1610612737,ATL,2026-01-19,Atlanta,Atlanta,0.0,,0.0
0022500623,1610612737,ATL,2026-01-21,Atlanta,Memphis,335.9,W,-1.0
0022500636,1610612737,ATL,2026-01-23,Memphis,Atlanta,335.9,E,1.0
0022500659,1610612737,ATL,2026-01-26,Atlanta,Atlanta,0.0,,0.0
0022500673,1610612737,ATL,2026-01-28,Atlanta,Boston,936.1,NE,0.0
0022500682,1610612737,ATL,2026-01-29,Boston,Atlanta,936.1,SW,0.0
0022500698,1610612737,ATL,2026-01-31,Atlanta,Indianapolis,426.3,N,0.0
0022500720,1610612737,ATL,2026-02-03,Indianapolis,Miami,1025.8,S,0.0
0022500735,1610612737,ATL,2026-02-05,Miami,Atlanta,606.0,NW,0.0
0022500751,1610612737,ATL,2026-02-07,Atlanta,Atlanta,0.0,,0.0
0022500765,1610612737,ATL,2026-02-09,Atlanta,Minneapolis,907.7,NW,-1.0
0022500775,1610612737,ATL,2026-02-11,Minneapolis,Charlotte,939.3,SE,1.0
0022500794,1610612737,ATL,2026-02-19,Charlotte,Philadelphia,447.8,NE,0.0
0022500805,1610612737,ATL,2026-02-20,Philadelphia,Atlanta,663.0,SW,0.0
0022500818,1610612737,ATL,2026-02-22,Atlanta,Atlanta,0.0,,0.0
0022500832,1610612737,ATL,2026-02-24,Atlanta,Atlanta,0.0,,0.0
0022500850,1610612737,ATL,2026-02-26,Atlanta,Atlanta,0.0,,0.0
0022500873,1610612737,ATL,2026-03-01,Atlanta,Atlanta,0.0,,0.0
0022500897,1610612737,ATL,2026-03-04,Atlanta,Milwaukee,669.3,N,-1.0
0022500917,1610612737,ATL,2026-03-07,Milwaukee,Atlanta,669.3,S,1.0
0022500939,1610612737,ATL,2026-03-10,Atlanta,Atlanta,0.0,,0.0
0022500956,1610612737,ATL,2026-03-12,Atlanta,Atlanta,0.0,,0.0
0022500970,1610612737,ATL,2026-03-14,Atlanta,Atlanta,0.0,,0.0
0022500983,1610612737,ATL,2026-03-16,Atlanta,Atlanta,0.0,,0.0
0022501006,1610612737,ATL,2026-03-18,Atlanta,Dallas,719.8,W,-1.0
0022501018,1610612737,ATL,2026-03-20,Dallas,Houston,226.8,SE,0.0
0022501026,1610612737,ATL,2026-03-21,Houston,Atlanta,700.7,NE,1.0
0022501037,1610612737,ATL,2026-03-23,Atlanta,Atlanta,0.0,,0.0
0022501051,1610612737,ATL,2026-03-25,Atlanta,Detroit,597.5,N,0.0
0022501067,1610612737,ATL,2026-03-27,Detroit,Boston,611.9,E,0.0
0022501078,1610612737,ATL,2026-03-28,Boston,Atlanta,936.1,SW,0.0
0022501092,1610612737,ATL,2026-03-30,Atlanta,Atlanta,0.0,,0.0
0022501107,1610612737,ATL,2026-04-01,Atlanta,Orlando,402.1,SE,0.0
0022501122,1610612737,ATL,2026-04-03,Orlando,Brooklyn,938.0,NE,0.0
0022501143,1610612737,ATL,2026-04-06,Brooklyn,Atlanta,745.8,SW,0.0
0022501158,1610612737,ATL,2026-04-08,Atlanta,Cleveland,554.8,N,0.0
0022501173,1610612737,ATL,2026-04-10,Cleveland,Atlanta,554.8,S,0.0
0022501189,1610612737,ATL,2026-04-12,Atlanta,Miami,606.0,SE,0.0
0022500083,1610612738,BOS,2025-10-22,Boston,Boston,0.0,,0.0
0022500018,1610612738,BOS,2025-10-24,Boston,New York,188.2,SW,0.0
0022500106,1610612738,BOS,2025-10-26,New York,Detroit,481.0,W,0.0
0022500117,1610612738,BOS,2025-10-27,Detroit,New Orleans,940.9,SW,-1.0
0022500128,1610612738,BOS,2025-10-29,New Orleans,Boston,1359.0,NE,1.0
0022500021,1610612738,BOS,2025-10-31,Boston,Philadelphia,273.4,SW,0.0
0022500146,1610612738,BOS,2025-11-01,Philadelphia,Boston,273.4,NE,0.0
0022500158,1610612738,BOS,2025-11-03,Boston,Boston,0.0,,0.0
0022500174,1610612738,BOS,2025-11-05,Boston,Boston,0.0,,0.0
0022500028,1610612738,BOS,2025-11-07,Boston,Orlando,1116.1,SW,0.0
0022500193,1610612738,BOS,2025-11-09,Orlando,Orlando,0.0,,0.0
0022500209,1610612738,BOS,2025-11-11,Orlando,Philadelphia,860.9,NE,0.0
0022500216,1610612738,BOS,2025-11-12,Philadelphia,Boston,273.4,NE,0.0
0022500233,1610612738,BOS,2025-11-16,Boston,Boston,0.0,,0.0
0022500250,1610612738,BOS,2025-11-18,Boston,Brooklyn,190.4,SW,0.0
0022500049,1610612738,BOS,2025-11-21,Brooklyn,Boston,190.4,NE,0.0
0022500277,1610612738,BOS,2025-11-23,Boston,Boston,0.0,,0.0
0022500060,1610612738,BOS,2025-11-26,Boston,Boston,0.0,,0.0
0022500293,1610612738,BOS,2025-11-29,Boston,Minneapolis,1121.1,W,-1.0
0022500302,1610612738,BOS,2025-11-30,Minneapolis,Cleveland,630.2,E,1.0
0022500320,1610612738,BOS,2025-12-02,Cleveland,Boston,549.1,E,0.0
0022500334,1610612738,BOS,2025-12-04,Boston,Washington,393.6,SW,0.0
0022500338,1610612738,BOS,2025-12-05,Washington,Boston,393.6,NE,0.0
0022500358,1610612738,BOS,2025-12-07,Boston,Toronto,429.2,W,0.0
0022501206,1610612738,BOS,2025-12-11,Toronto,Milwaukee,430.8,W,-1.0
0022501222,1610612738,BOS,2025-12-15,Milwaukee,Boston,855.6,E,1.0
0022500381,1610612738,BOS,2025-12-19,Boston,Boston,0.0,,0.0
0022500388,1610612738,BOS,2025-12-20,Boston,Toronto,429.2,W,0.0
0022500403,1610612738,BOS,2025-12-22,Toronto,Boston,429.2,E,0.0
0022500426,1610612738,BOS,2025-12-26,Boston,Indianapolis,805.4,W,0.0
0022500444,1610612738,BOS,2025-12-28,Indianapolis,Portland,1880.7,NW,-3.0
0022500459,1610612738,BOS,2025-12-30,Portland,Salt Lake City,633.9,SE,1.0
0022500474,1610612738,BOS,2026-01-01,Salt Lake City,Sacramento,532.1,W,-1.0
0022500493,1610612738,BOS,2026-01-03,Sacramento,Inglewood,365.3,SE,0.0
0022500503,1610612738,BOS,2026-01-05,Inglewood,Boston,2599.1,NE,3.0
0022500520,1610612738,BOS,2026-01-07,Boston,Boston,0.0,,0.0
0022500532,1610612738,BOS,2026-01-09,Boston,Boston,0.0,,0.0
0022500545,1610612738,BOS,2026-01-10,Boston,Boston,0.0,,0.0
0022500559,1610612738,BOS,2026-01-12,Boston,Indianapolis,805.4,W,0.0
0022500580,1610612738,BOS,2026-01-15,Indianapolis,Miami,1025.8,S,0.0
0022500594,1610612738,BOS,2026-01-17,Miami,Atlanta,606.0,NW,0.0
0022500017,1610612738,BOS,2026-01-19,Atlanta,Detroit,597.5,N,0.0
0022500621,1610612738,BOS,2026-01-21,Detroit,Boston,611.9,E,0.0
0022500637,1610612738,BOS,2026-01-23,Boston,Brooklyn,190.4,SW,0.0
0022500647,1610612738,BOS,2026-01-24,Brooklyn,Chicago,715.3,W,-1.0
0022500660,1610612738,BOS,2026-01-26,Chicago,Boston,850.6,E,1.0
0022500673,1610612738,BOS,2026-01-28,Boston,Boston,0.0,,0.0
0022500689,1610612738,BOS,2026-01-30,Boston,Boston,0.0,,0.0
0022500702,1610612738,BOS,2026-02-01,Boston,Boston,0.0,,0.0
0022500721,1610612738,BOS,2026-02-03,Boston,Dallas,1549.3,W,-1.0
0022500728,1610612738,BOS,2026-02-04,Dallas,Houston,226.8,SE,0.0
0022500741,1610612738,BOS,2026-02-06,Houston,Boston,1604.1,NE,1.0
0022500757,1610612738,BOS,2026-02-08,Boston,Boston,0.0,,0.0
0022500778,1610612738,BOS,2026-02-11,Boston,Boston,0.0,,0.0
0022500799,1610612738,BOS,2026-02-19,Boston,San Francisco,2691.2,W,-3.0
0022500823,1610612738,BOS,2026-02-22,San Francisco,Los Angeles,345.5,SE,0.0
0022500839,1610612738,BOS,2026-02-24,Los Angeles,Phoenix,358.3,E,1.0
0022500847,1610612738,BOS,2026-02-25,Phoenix,Denver,585.4,NE,0.0
0022500859,1610612738,BOS,2026-02-27,Denver,Boston,1766.0,E,2.0
0022500874,1610612738,BOS,2026-03-01,Boston,Boston,0.0,,0.0
0022500880,1610612738,BOS,2026-03-02,Boston,Milwaukee,855.6,W,-1.0
0022500894,1610612738,BOS,2026-03-04,Milwaukee,Boston,855.6,E,1.0
0022500908,1610612738,BOS,2026-03-06,Boston,Boston,0.0,,0.0
0022500921,1610612738,BOS,2026-03-08,Boston,Cleveland,549.1,W,0.0
0022500942,1610612738,BOS,2026-03-10,Cleveland,San Antonio,1254.4,SW,-1.0
0022500959,1610612738,BOS,2026-03-12,San Antonio,Oklahoma City,420.5,N,0.0
0022500971,1610612738,BOS,2026-03-14,Oklahoma City,Boston,1492.8,NE,1.0
0022500986,1610612738,BOS,2026-03-16,Boston,Boston,0.0,,0.0
0022500999,1610612738,BOS,2026-03-18,Boston,Boston,0.0,,0.0
0022501019,1610612738,BOS,2026-03-20,Boston,Memphis,1135.1,W,-1.0
0022501035,1610612738,BOS,2026-03-22,Memphis,Boston,1135.1,NE,1.0
0022501054,1610612738,BOS,2026-03-25,Boston,Boston,0.0,,0.0
0022501067,1610612738,BOS,2026-03-27,Boston,Boston,0.0,,0.0
0022501085,1610612738,BOS,2026-03-29,Boston,Charlotte,720.7,SW,0.0
0022501092,1610612738,BOS,2026-03-30,Charlotte,Atlanta,226.5,SW,0.0
0022501106,1610612738,BOS,2026-04-01,Atlanta,Miami,606.0,SE,0.0
0022501126,1610612738,BOS,2026-04-03,Miami,Milwaukee,1270.2,N,-1.0
0022501132,1610612738,BOS,2026-04-05,Milwaukee,Boston,855.6,E,1.0
0022501149,1610612738,BOS,2026-04-07,Boston,Boston,0.0,,0.0
0022501168,1610612738,BOS,2026-04-09,Boston,New York,188.2,SW,0.0
0022501174,1610612738,BOS,2026-04-10,New York,Boston,188.2,NE,0.0
0022501186,1610612738,BOS,2026-04-12,Boston,Boston,0.0,,0.0
0022500003,1610612739,CLE,2025-10-22,Cleveland,New York,403.7,E,0.0
0022500091,1610612739,CLE,2025-10-24,New York,Brooklyn,4.8,S,0.0
0022500107,1610612739,CLE,2025-10-26,Brooklyn,Cleveland,405.4,W,0.0
0022500007,1610612739,CLE,2025-10-27,Cleveland,Detroit,91.3,NW,0.0
0022500128,1610612739,CLE,2025-10-29,Detroit,Boston,611.9,E,0.0
0022500022,1610612739,CLE,2025-10-31,Boston,Cleveland,549.1,W,0.0
0022500151,1610612739,CLE,2025-11-02,Cleveland,Cleveland,0.0,,0.0
0022500171,1610612739,CLE,2025-11-05,Cleveland,Cleveland,0.0,,0.0
0022500029,1610612739,CLE,2025-11-07,Cleveland,Washington,304.7,SE,0.0
0022500186,1610612739,CLE,2025-11-08,Washington,Cleveland,304.7,NW,0.0
0022500201,1610612739,CLE,2025-11-10,Cleveland,Miami,1089.2,S,0.0
0022500217,1610612739,CLE,2025-11-12,Miami,Miami,0.0,,0.0
0022500225,1610612739,CLE,2025-11-13,Miami,Cleveland,1089.2,N,0.0
0022500228,1610612739,CLE,2025-11-15,Cleveland,Cleveland,0.0,,0.0
0022500241,1610612739,CLE,2025-11-17,Cleveland,Cleveland,0.0,,0.0
0022500255,1610612739,CLE,2025-11-19,Cleveland,Cleveland,0.0,,0.0
0022500048,1610612739,CLE,2025-11-21,Cleveland,Cleveland,0.0,,0.0
0022500278,1610612739,CLE,2025-11-23,Cleveland,Cleveland,0.0,,0.0
0022500284,1610612739,CLE,2025-11-24,Cleveland,Toronto,189.2,NE,0.0
0022500069,1610612739,CLE,2025-11-28,Toronto,Atlanta,734.3,SW,0.0
0022500302,1610612739,CLE,2025-11-30,Atlanta,Cleveland,554.8,N,0.0
0022500310,1610612739,CLE,2025-12-01,Cleveland,Indianapolis,263.0,SW,0.0
0022500324,1610612739,CLE,2025-12-03,Indianapolis,Cleveland,263.0,NE,0.0
0022500341,1610612739,CLE,2025-12-05,Cleveland,Cleveland,0.0,,0.0
0022500352,1610612739,CLE,2025-12-06,Cleveland,Cleveland,0.0,,0.0
0022501212,1610612739,CLE,2025-12-12,Cleveland,Washington,304.7,SE,0.0
0022501218,1610612739,CLE,2025-12-14,Washington,Cleveland,304.7,NW,0.0
0022500367,1610612739,CLE,2025-12-17,Cleveland,Chicago,309.9,W,-1.0
0022500384,1610612739,CLE,2025-12-19,Chicago,Cleveland,309.9,E,1.0
0022500402,1610612739,CLE,2025-12-22,Cleveland,Cleveland,0.0,,0.0
0022500412,1610612739,CLE,2025-12-23,Cleveland,Cleveland,0.0,,0.0
0022500009,1610612739,CLE,2025-12-25,Cleveland,New York,403.7,E,0.0
0022500438,1610612739,CLE,2025-12-27,New York,Houston,1419.3,SW,-1.0
0022500456,1610612739,CLE,2025-12-29,Houston,San Antonio,186.1,W,0.0
0022500465,1610612739,CLE,2025-12-31,San Antonio,Cleveland,1254.4,NE,1.0
0022500478,1610612739,CLE,2026-01-02,Cleveland,Cleveland,0.0,,0.0
0022500494,1610612739,CLE,2026-01-04,Cleveland,Cleveland,0.0,,0.0
0022500510,1610612739,CLE,2026-01-06,Cleveland,Indianapolis,263.0,SW,0.0
0022500530,1610612739,CLE,2026-01-08,Indianapolis,Minneapolis,511.4,NW,-1.0
0022500542,1610612739,CLE,2026-01-10,Minneapolis,Cleveland,630.2,E,1.0
0022500558,1610612739,CLE,2026-01-12,Cleveland,Cleveland,0.0,,0.0
0022500572,1610612739,CLE,2026-01-14,Cleveland,Philadelphia,358.6,E,0.0
0022500589,1610612739,CLE,2026-01-16,Philadelphia,Philadelphia,0.0,,0.0
0022500015,1610612739,CLE,2026-01-19,Philadelphia,Cleveland,358.6,W,0.0
0022500620,1610612739,CLE,2026-01-21,Cleveland,Charlotte,435.7,S,0.0
0022500638,1610612739,CLE,2026-01-23,Charlotte,Cleveland,435.7,N,0.0
0022500646,1610612739,CLE,2026-01-24,Cleveland,Orlando,895.4,S,0.0
0022500658,1610612739,CLE,2026-01-26,Orlando,Cleveland,895.4,N,0.0
0022500671,1610612739,CLE,2026-01-28,Cleveland,Cleveland,0.0,,0.0
0022500693,1610612739,CLE,2026-01-30,Cleveland,Phoenix,1745.9,W,-2.0
0022500710,1610612739,CLE,2026-02-01,Phoenix,Portland,1006.3,NW,-1.0
0022500732,1610612739,CLE,2026-02-04,Portland,Inglewood,832.5,S,0.0
0022500756,1610612739,CLE,2026-02-07,Inglewood,Sacramento,365.3,NW,0.0
0022500767,1610612739,CLE,2026-02-09,Sacramento,Denver,885.9,E,1.0
0022500776,1610612739,CLE,2026-02-11,Denver,Cleveland,1225.2,E,2.0
0022500793,1610612739,CLE,2026-02-19,Cleveland,Cleveland,0.0,,0.0
0022500802,1610612739,CLE,2026-02-20,Cleveland,Charlotte,435.7,S,0.0
0022500817,1610612739,CLE,2026-02-22,Charlotte,Oklahoma City,938.9,W,-1.0
0022500835,1610612739,CLE,2026-02-24,Oklahoma City,Cleveland,950.2,NE,1.0
0022500846,1610612739,CLE,2026-02-25,Cleveland,Milwaukee,335.9,W,-1.0
0022500858,1610612739,CLE,2026-02-27,Milwaukee,Detroit,251.6,E,1.0
0022500869,1610612739,CLE,2026-03-01,Detroit,Brooklyn,483.3,E,0.0
0022500884,1610612739,CLE,2026-03-03,Brooklyn,Cleveland,405.4,W,0.0
0022500921,1610612739,CLE,2026-03-08,Cleveland,Cleveland,0.0,,0.0
0022500931,1610612739,CLE,2026-03-09,Cleveland,Cleveland,0.0,,0.0
0022500947,1610612739,CLE,2026-03-11,Cleveland,Orlando,895.4,S,0.0
0022500965,1610612739,CLE,2026-03-13,Orlando,Dallas,961.6,W,-1.0
0022500977,1610612739,CLE,2026-03-15,Dallas,Cleveland,1024.9,NE,1.0
0022500995,1610612739,CLE,2026-03-17,Cleveland,Milwaukee,335.9,W,-1.0
0022501011,1610612739,CLE,2026-03-19,Milwaukee,Chicago,81.4,S,0.0
0022501025,1610612739,CLE,2026-03-21,Chicago,New Orleans,835.2,S,0.0
0022501049,1610612739,CLE,2026-03-24,New Orleans,Cleveland,925.3,NE,1.0
0022501055,1610612739,CLE,2026-03-25,Cleveland,Cleveland,0.0,,0.0
0022501068,1610612739,CLE,2026-03-27,Cleveland,Cleveland,0.0,,0.0
0022501096,1610612739,CLE,2026-03-30,Cleveland,Salt Lake City,1565.1,W,-2.0
0022501103,1610612739,CLE,2026-03-31,Salt Lake City,Los Angeles,581.0,SW,-1.0
0022501117,1610612739,CLE,2026-04-02,Los Angeles,San Francisco,345.5,NW,0.0
0022501136,1610612739,CLE,2026-04-05,San Francisco,Cleveland,2160.9,E,3.0
0022501145,1610612739,CLE,2026-04-06,Cleveland,Memphis,630.7,SW,-1.0
0022501158,1610612739,CLE,2026-04-08,Memphis,Cleveland,630.7,NE,1.0
0022501173,1610612739,CLE,2026-04-10,Cleveland,Atlanta,554.8,S,0.0
0022501187,1610612739,CLE,2026-04-12,Atlanta,Cleveland,554.8,N,0.0
0022500085,1610612740,NOP,2025-10-22,New Orleans,Memphis,358.5,N,0.0
0022500095,1610612740,NOP,2025-10-24,Memphis,New Orleans,358.5,S,0.0
0022500117,1610612740,NOP,2025-10-27,New Orleans,New Orleans,0.0,,0.0
0022500134,1610612740,NOP,2025-10-29,New Orleans,Denver,1081.3,NW,-1.0
0022500027,1610612740,NOP,2025-10-31,Denver,Inglewood,838.0,SW,-1.0
0022500148,1610612740,NOP,2025-11-02,Inglewood,Oklahoma City,1185.4,E,2.0
0022500168,1610612740,NOP,2025-11-04,Oklahoma City,New Orleans,575.8,SE,0.0
0022500177,1610612740,NOP,2025-11-05,New Orleans,Dallas,442.7,NW,0.0
0022500188,1610612740,NOP,2025-11-08,Dallas,San Antonio,251.5,SW,0.0
0022500204,1610612740,NOP,2025-11-10,San Antonio,Phoenix,849.5,NW,-1.0
0022500219,1610612740,NOP,2025-11-12,Phoenix,New Orleans,1312.5,E,1.0
0022500045,1610612740,NOP,2025-11-14,New Orleans,New Orleans,0.0,,0.0
0022500237,1610612740,NOP,2025-11-16,New Orleans,New Orleans,0.0,,0.0
0022500247,1610612740,NOP,2025-11-17,New Orleans,New Orleans,0.0,,0.0
0022500260,1610612740,NOP,2025-11-19,New Orleans,New Orleans,0.0,,0.0
0022500052,1610612740,NOP,2025-11-21,New Orleans,Dallas,442.7,NW,0.0
0022500270,1610612740,NOP,2025-11-22,Dallas,New Orleans,442.7,SE,0.0
0022500289,1610612740,NOP,2025-11-24,New Orleans,New Orleans,0.0,,0.0
0022500065,1610612740,NOP,2025-11-26,New Orleans,New Orleans,0.0,,0.0
0022500298,1610612740,NOP,2025-11-29,New Orleans,San Francisco,1920.0,NW,-2.0
0022500308,1610612740,NOP,2025-11-30,San Francisco,Los Angeles,345.5,SE,0.0
0022500321,1610612740,NOP,2025-12-02,Los Angeles,New Orleans,1670.2,E,2.0
0022500337,1610612740,NOP,2025-12-04,New Orleans,New Orleans,0.0,,0.0
0022500350,1610612740,NOP,2025-12-06,New Orleans,Brooklyn,1169.1,NE,1.0
0022500366,1610612740,NOP,2025-12-08,Brooklyn,New Orleans,1169.1,SW,-1.0
0022501207,1610612740,NOP,2025-12-11,New Orleans,New Orleans,0.0,,0.0
0022501223,1610612740,NOP,2025-12-14,New Orleans,Chicago,835.2,N,0.0
0022500375,1610612740,NOP,2025-12-18,Chicago,New Orleans,835.2,S,0.0
0022500389,1610612740,NOP,2025-12-20,New Orleans,New Orleans,0.0,,0.0
0022500404,1610612740,NOP,2025-12-22,New Orleans,New Orleans,0.0,,0.0
0022500412,1610612740,NOP,2025-12-23,New Orleans,Cleveland,925.3,NE,1.0
0022500429,1610612740,NOP,2025-12-26,Cleveland,New Orleans,925.3,SW,-1.0
0022500434,1610612740,NOP,2025-12-27,New Orleans,New Orleans,0.0,,0.0
0022500454,1610612740,NOP,2025-12-29,New Orleans,New Orleans,0.0,,0.0
0022500466,1610612740,NOP,2025-12-31,New Orleans,Chicago,835.2,N,0.0
0022500482,1610612740,NOP,2026-01-02,Chicago,New Orleans,835.2,S,0.0
0022500497,1610612740,NOP,2026-01-04,New Orleans,Miami,669.1,SE,1.0
0022500514,1610612740,NOP,2026-01-06,Miami,New Orleans,669.1,NW,-1.0
0022500519,1610612740,NOP,2026-01-07,New Orleans,Atlanta,424.8,NE,1.0
0022500534,1610612740,NOP,2026-01-09,Atlanta,Washington,542.5,NE,0.0
0022500548,1610612740,NOP,2026-01-11,Washington,Orlando,758.1,S,0.0
0022500567,1610612740,NOP,2026-01-13,Orlando,New Orleans,533.2,W,-1.0
0022500574,1610612740,NOP,2026-01-14,New Orleans,New Orleans,0.0,,0.0
0022500588,1610612740,NOP,2026-01-16,New Orleans,Indianapolis,713.6,N,1.0
0022500604,1610612740,NOP,2026-01-18,Indianapolis,Houston,866.0,SW,-1.0
0022500624,1610612740,NOP,2026-01-21,Houston,New Orleans,316.7,E,0.0
0022500639,1610612740,NOP,2026-01-23,New Orleans,Memphis,358.5,N,0.0
0022500654,1610612740,NOP,2026-01-25,Memphis,San Antonio,628.6,SW,0.0
0022500667,1610612740,NOP,2026-01-27,San Antonio,Oklahoma City,420.5,N,0.0
0022500691,1610612740,NOP,2026-01-30,Oklahoma City,New Orleans,575.8,SE,0.0
0022500699,1610612740,NOP,2026-01-31,New Orleans,Philadelphia,1086.5,NE,1.0
0022500712,1610612740,NOP,2026-02-02,Philadelphia,Charlotte,447.8,SW,0.0
0022500729,1610612740,NOP,2026-02-04,Charlotte,Milwaukee,659.6,NW,-1.0
0022500744,1610612740,NOP,2026-02-06,Milwaukee,Minneapolis,297.9,NW,0.0
0022500766,1610612740,NOP,2026-02-09,Minneapolis,New Orleans,1053.0,S,0.0
0022500784,1610612740,NOP,2026-02-11,New Orleans,New Orleans,0.0,,0.0
0022500807,1610612740,NOP,2026-02-20,New Orleans,New Orleans,0.0,,0.0
0022500812,1610612740,NOP,2026-02-21,New Orleans,New Orleans,0.0,,0.0
0022500838,1610612740,NOP,2026-02-24,New Orleans,New Orleans,0.0,,0.0
0022500856,1610612740,NOP,2026-02-26,New Orleans,Salt Lake City,1432.8,NW,-1.0
0022500867,1610612740,NOP,2026-02-28,Salt Lake City,Salt Lake City,0.0,,0.0
0022500877,1610612740,NOP,2026-03-01,Salt Lake City,Inglewood,589.0,SW,-1.0
0022500891,1610612740,NOP,2026-03-03,Inglewood,Los Angeles,8.0,NE,0.0
0022500907,1610612740,NOP,2026-03-05,Los Angeles,Sacramento,361.4,NW,0.0
0022500912,1610612740,NOP,2026-03-06,Sacramento,Phoenix,634.7,SE,1.0
0022500925,1610612740,NOP,2026-03-08,Phoenix,New Orleans,1312.5,E,2.0
0022500948,1610612740,NOP,2026-03-11,New Orleans,New Orleans,0.0,,0.0
0022500964,1610612740,NOP,2026-03-13,New Orleans,Houston,316.7,W,0.0
0022500988,1610612740,NOP,2026-03-16,Houston,New Orleans,316.7,E,0.0
0022501005,1610612740,NOP,2026-03-18,New Orleans,New Orleans,0.0,,0.0
0022501012,1610612740,NOP,2026-03-19,New Orleans,New Orleans,0.0,,0.0
0022501025,1610612740,NOP,2026-03-21,New Orleans,New Orleans,0.0,,0.0
0022501048,1610612740,NOP,2026-03-24,New Orleans,New York,1171.0,NE,1.0
0022501064,1610612740,NOP,2026-03-26,New York,Detroit,481.0,W,0.0
0022501071,1610612740,NOP,2026-03-27,Detroit,Toronto,206.4,NE,0.0
0022501088,1610612740,NOP,2026-03-29,Toronto,New Orleans,1114.1,SW,-1.0
0022501118,1610612740,NOP,2026-04-02,New Orleans,Portland,2059.5,NW,-2.0
0022501128,1610612740,NOP,2026-04-03,Portland,Sacramento,484.0,S,0.0
0022501138,1610612740,NOP,2026-04-05,Sacramento,New Orleans,1879.8,E,2.0
0022501153,1610612740,NOP,2026-04-07,New Orleans,New Orleans,0.0,,0.0
0022501174,1610612740,NOP,2026-04-10,New Orleans,Boston,1359.0,NE,1.0
0022501195,1610612740,NOP,2026-04-12,Boston,Minneapolis,1121.1,W,-1.0
0022500084,1610612741,CHI,2025-10-22,Chicago,Chicago,0.0,,0.0
0022500100,1610612741,CHI,2025-10-25,Chicago,Orlando,987.1,SE,1.0
0022500115,1610612741,CHI,2025-10-27,Orlando,Chicago,987.1,N,-1.0
0022500132,1610612741,CHI,2025-10-29,Chicago,Chicago,0.0,,0.0
0022500023,1610612741,CHI,2025-10-31,Chicago,Chicago,0.0,,0.0
0022500153,1610612741,CHI,2025-11-02,Chicago,New York,713.5,E,1.0
0022500167,1610612741,CHI,2025-11-04,New York,Chicago,713.5,W,-1.0
0022500035,1610612741,CHI,2025-11-07,Chicago,Milwaukee,81.4,N,0.0
0022500186,1610612741,CHI,2025-11-08,Milwaukee,Cleveland,335.9,E,1.0
0022500202,1610612741,CHI,2025-11-10,Cleveland,Chicago,309.9,W,-1.0
0022500214,1610612741,CHI,2025-11-12,Chicago,Detroit,238.9,E,1.0
0022500240,1610612741,CHI,2025-11-16,Detroit,Salt Lake City,1488.3,W,-2.0
0022500248,1610612741,CHI,2025-11-17,Salt Lake City,Denver,370.1,E,0.0
0022500263,1610612741,CHI,2025-11-19,Denver,Portland,979.7,NW,-1.0
0022500051,1610612741,CHI,2025-11-21,Portland,Chicago,1751.7,E,2.0
0022500271,1610612741,CHI,2025-11-22,Chicago,Chicago,0.0,,0.0
0022500289,1610612741,CHI,2025-11-24,Chicago,New Orleans,835.2,S,0.0
0022500071,1610612741,CHI,2025-11-28,New Orleans,Charlotte,649.5,NE,1.0
0022500295,1610612741,CHI,2025-11-29,Charlotte,Indianapolis,428.0,NW,0.0
0022500314,1610612741,CHI,2025-12-01,Indianapolis,Orlando,821.8,S,0.0
0022500329,1610612741,CHI,2025-12-03,Orlando,Chicago,987.1,N,-1.0
0022500345,1610612741,CHI,2025-12-05,Chicago,Chicago,0.0,,0.0
0022500361,1610612741,CHI,2025-12-07,Chicago,Chicago,0.0,,0.0
0022501209,1610612741,CHI,2025-12-12,Chicago,Charlotte,589.4,SE,1.0
0022501223,1610612741,CHI,2025-12-14,Charlotte,Chicago,589.4,NW,-1.0
0022500367,1610612741,CHI,2025-12-17,Chicago,Chicago,0.0,,0.0
0022500384,1610612741,CHI,2025-12-19,Chicago,Cleveland,309.9,E,1.0
0022500396,1610612741,CHI,2025-12-21,Cleveland,Atlanta,554.8,S,0.0
0022500411,1610612741,CHI,2025-12-23,Atlanta,Atlanta,0.0,,0.0
0022500427,1610612741,CHI,2025-12-26,Atlanta,Chicago,589.0,N,-1.0
0022500437,1610612741,CHI,2025-12-27,Chicago,Chicago,0.0,,0.0
0022500452,1610612741,CHI,2025-12-29,Chicago,Chicago,0.0,,0.0
0022500466,1610612741,CHI,2025-12-31,Chicago,Chicago,0.0,,0.0
0022500480,1610612741,CHI,2026-01-02,Chicago,Chicago,0.0,,0.0
0022500489,1610612741,CHI,2026-01-03,Chicago,Chicago,0.0,,0.0
0022500503,1610612741,CHI,2026-01-05,Chicago,Boston,850.6,E,1.0
0022500517,1610612741,CHI,2026-01-07,Boston,Detroit,611.9,W,0.0
0022500546,1610612741,CHI,2026-01-10,Detroit,Chicago,238.9,W,-1.0
0022500565,1610612741,CHI,2026-01-13,Chicago,Houston,941.3,SW,0.0
0022500573,1610612741,CHI,2026-01-14,Houston,Chicago,941.3,NE,0.0
0022500587,1610612741,CHI,2026-01-16,Chicago,Brooklyn,715.3,E,1.0
0022500603,1610612741,CHI,2026-01-18,Brooklyn,Chicago,715.3,W,-1.0
0022500614,1610612741,CHI,2026-01-20,Chicago,Chicago,0.0,,0.0
0022500631,1610612741,CHI,2026-01-22,Chicago,Minneapolis,353.2,NW,0.0
0022500647,1610612741,CHI,2026-01-24,Minneapolis,Chicago,353.2,SE,0.0
0022500661,1610612741,CHI,2026-01-26,Chicago,Chicago,0.0,,0.0
0022500672,1610612741,CHI,2026-01-28,Chicago,Indianapolis,166.4,SE,1.0
0022500529,1610612741,CHI,2026-01-29,Indianapolis,Chicago,166.4,NW,-1.0
0022500692,1610612741,CHI,2026-01-31,Chicago,Miami,1191.3,SE,1.0
0022500705,1610612741,CHI,2026-02-01,Miami,Miami,0.0,,0.0
0022500722,1610612741,CHI,2026-02-03,Miami,Milwaukee,1270.2,N,-1.0
0022500736,1610612741,CHI,2026-02-05,Milwaukee,Toronto,430.8,E,1.0
0022500752,1610612741,CHI,2026-02-07,Toronto,Chicago,437.8,W,-1.0
0022500762,1610612741,CHI,2026-02-09,Chicago,Brooklyn,715.3,E,1.0
0022500778,1610612741,CHI,2026-02-11,Brooklyn,Boston,190.4,NE,0.0
0022500797,1610612741,CHI,2026-02-19,Boston,Chicago,850.6,W,-1.0
0022500814,1610612741,CHI,2026-02-21,Chicago,Chicago,0.0,,0.0
0022500825,1610612741,CHI,2026-02-22,Chicago,Chicago,0.0,,0.0
0022500836,1610612741,CHI,2026-02-24,Chicago,Chicago,0.0,,0.0
0022500853,1610612741,CHI,2026-02-26,Chicago,Chicago,0.0,,0.0
0022500870,1610612741,CHI,2026-03-01,Chicago,Chicago,0.0,,0.0
0022500889,1610612741,CHI,2026-03-03,Chicago,Chicago,0.0,,0.0
0022500905,1610612741,CHI,2026-03-05,Chicago,Phoenix,1449.6,W,-1.0
0022500930,1610612741,CHI,2026-03-08,Phoenix,Sacramento,634.7,NW,0.0
0022500943,1610612741,CHI,2026-03-10,Sacramento,San Francisco,74.0,SW,0.0
0022500960,1610612741,CHI,2026-03-12,San Francisco,Los Angeles,345.5,SE,0.0
0022500968,1610612741,CHI,2026-03-13,Los Angeles,Inglewood,8.0,SW,0.0
0022500987,1610612741,CHI,2026-03-16,Inglewood,Chicago,1748.5,NE,2.0
0022501002,1610612741,CHI,2026-03-18,Chicago,Chicago,0.0,,0.0
0022501011,1610612741,CHI,2026-03-19,Chicago,Chicago,0.0,,0.0
0022501042,1610612741,CHI,2026-03-23,Chicago,Chicago,0.0,,0.0
0022501053,1610612741,CHI,2026-03-25,Chicago,Philadelphia,666.5,E,1.0
0022501070,1610612741,CHI,2026-03-27,Philadelphia,Oklahoma City,1256.0,W,-1.0
0022501079,1610612741,CHI,2026-03-28,Oklahoma City,Memphis,421.4,E,0.0
0022501094,1610612741,CHI,2026-03-30,Memphis,San Antonio,628.6,SW,0.0
0022501109,1610612741,CHI,2026-04-01,San Antonio,Chicago,1049.5,NE,0.0
0022501123,1610612741,CHI,2026-04-03,Chicago,New York,713.5,E,1.0
0022501134,1610612741,CHI,2026-04-05,New York,Chicago,713.5,W,-1.0
0022501148,1610612741,CHI,2026-04-07,Chicago,Washington,596.8,E,1.0
0022501166,1610612741,CHI,2026-04-09,Washington,Washington,0.0,,0.0
0022501177,1610612741,CHI,2026-04-10,Washington,Chicago,596.8,NW,-1.0
0022501193,1610612741,CHI,2026-04-12,Chicago,Dallas,803.0,SW,0.0
0022500004,1610612742,DAL,2025-10-22,Dallas,Dallas,0.0,,0.0
0022500096,1610612742,DAL,2025-10-24,Dallas,Dallas,0.0,,0.0
0022500111,1610612742,DAL,2025-10-26,Dallas,Dallas,0.0,,0.0
0022500119,1610612742,DAL,2025-10-27,Dallas,Dallas,0.0,,0.0
0022500133,1610612742,DAL,2025-10-29,Dallas,Dallas,0.0,,0.0
0022500147,1610612742,DAL,2025-11-01,Dallas,Detroit,999.2,NE,1.0
0022500160,1610612742,DAL,2025-11-03,Detroit,Houston,1106.3,SW,-1.0
0022500177,1610612742,DAL,2025-11-05,Houston,Dallas,226.8,N,0.0
0022500034,1610612742,DAL,2025-11-07,Dallas,Memphis,419.8,NE,0.0
0022500183,1610612742,DAL,2025-11-08,Memphis,Washington,763.5,NE,1.0
0022500203,1610612742,DAL,2025-11-10,Washington,Dallas,1183.0,W,-1.0
0022500221,1610612742,DAL,2025-11-12,Dallas,Dallas,0.0,,0.0
0022500046,1610612742,DAL,2025-11-14,Dallas,Dallas,0.0,,0.0
0022500238,1610612742,DAL,2025-11-16,Dallas,Dallas,0.0,,0.0
0022500246,1610612742,DAL,2025-11-17,Dallas,Minneapolis,863.1,N,0.0
0022500262,1610612742,DAL,2025-11-19,Minneapolis,Dallas,863.1,S,0.0
0022500052,1610612742,DAL,2025-11-21,Dallas,Dallas,0.0,,0.0
0022500273,1610612742,DAL,2025-11-22,Dallas,Dallas,0.0,,0.0
0022500286,1610612742,DAL,2025-11-24,Dallas,Miami,1110.8,E,1.0
0022500078,1610612742,DAL,2025-11-28,Miami,Los Angeles,2336.7,NW,-3.0
0022500300,1610612742,DAL,2025-11-29,Los Angeles,Inglewood,8.0,SW,0.0
0022500315,1610612742,DAL,2025-12-01,Inglewood,Denver,838.0,NE,1.0
0022500332,1610612742,DAL,2025-12-03,Denver,Dallas,662.5,SE,1.0
0022500349,1610612742,DAL,2025-12-05,Dallas,Oklahoma City,189.0,N,0.0
0022500356,1610612742,DAL,2025-12-06,Oklahoma City,Dallas,189.0,S,0.0
0022501214,1610612742,DAL,2025-12-12,Dallas,Dallas,0.0,,0.0
0022501224,1610612742,DAL,2025-12-15,Dallas,Salt Lake City,998.4,NW,-1.0
0022500376,1610612742,DAL,2025-12-18,Salt Lake City,Dallas,998.4,SE,1.0
0022500387,1610612742,DAL,2025-12-20,Dallas,Philadelphia,1296.4,NE,1.0
0022500404,1610612742,DAL,2025-12-22,Philadelphia,New Orleans,1086.5,SW,-1.0
0022500415,1610612742,DAL,2025-12-23,New Orleans,Dallas,442.7,NW,0.0
0022500011,1610612742,DAL,2025-12-25,Dallas,San Francisco,1478.1,W,-2.0
0022500432,1610612742,DAL,2025-12-27,San Francisco,Sacramento,74.0,NE,0.0
0022500457,1610612742,DAL,2025-12-29,Sacramento,Portland,484.0,N,0.0
0022500473,1610612742,DAL,2026-01-01,Portland,Dallas,1630.0,SE,2.0
0022500491,1610612742,DAL,2026-01-03,Dallas,Dallas,0.0,,0.0
0022500515,1610612742,DAL,2026-01-06,Dallas,Sacramento,1437.2,NW,-2.0
0022500531,1610612742,DAL,2026-01-08,Sacramento,Salt Lake City,532.1,E,1.0
0022500546,1610612742,DAL,2026-01-10,Salt Lake City,Chicago,1255.3,E,1.0
0022500561,1610612742,DAL,2026-01-12,Chicago,Dallas,803.0,SW,0.0
0022500575,1610612742,DAL,2026-01-14,Dallas,Dallas,0.0,,0.0
0022500583,1610612742,DAL,2026-01-15,Dallas,Dallas,0.0,,0.0
0022500593,1610612742,DAL,2026-01-17,Dallas,Dallas,0.0,,0.0
0022500016,1610612742,DAL,2026-01-19,Dallas,New York,1372.1,NE,1.0
0022500630,1610612742,DAL,2026-01-22,New York,Dallas,1372.1,W,-1.0
0022500648,1610612742,DAL,2026-01-24,Dallas,Dallas,0.0,,0.0
0022500677,1610612742,DAL,2026-01-28,Dallas,Dallas,0.0,,0.0
0022500683,1610612742,DAL,2026-01-29,Dallas,Dallas,0.0,,0.0
0022500701,1610612742,DAL,2026-01-31,Dallas,Houston,226.8,SE,0.0
0022500721,1610612742,DAL,2026-02-03,Houston,Dallas,226.8,N,0.0
0022500738,1610612742,DAL,2026-02-05,Dallas,Dallas,0.0,,0.0
0022500749,1610612742,DAL,2026-02-07,Dallas,San Antonio,251.5,SW,0.0
0022500773,1610612742,DAL,2026-02-10,San Antonio,Phoenix,849.5,NW,-1.0
0022500791,1610612742,DAL,2026-02-12,Phoenix,Los Angeles,358.3,W,-1.0
0022500806,1610612742,DAL,2026-02-20,Los Angeles,Minneapolis,1522.4,NE,2.0
0022500821,1610612742,DAL,2026-02-22,Minneapolis,Indianapolis,511.4,SE,1.0
0022500833,1610612742,DAL,2026-02-24,Indianapolis,Brooklyn,645.2,E,0.0
0022500854,1610612742,DAL,2026-02-26,Brooklyn,Dallas,1371.7,W,-1.0
0022500861,1610612742,DAL,2026-02-27,Dallas,Dallas,0.0,,0.0
0022500876,1610612742,DAL,2026-03-01,Dallas,Dallas,0.0,,0.0
0022500883,1610612742,DAL,2026-03-03,Dallas,Charlotte,929.0,E,1.0
0022500899,1610612742,DAL,2026-03-05,Charlotte,Orlando,463.1,S,0.0
0022500908,1610612742,DAL,2026-03-06,Orlando,Boston,1116.1,NE,0.0
0022500924,1610612742,DAL,2026-03-08,Boston,Toronto,429.2,W,0.0
0022500939,1610612742,DAL,2026-03-10,Toronto,Atlanta,734.3,SW,0.0
0022501111,1610612742,DAL,2026-03-12,Atlanta,Memphis,335.9,W,-1.0
0022500965,1610612742,DAL,2026-03-13,Memphis,Dallas,419.8,W,0.0
0022500977,1610612742,DAL,2026-03-15,Dallas,Cleveland,1024.9,NE,1.0
0022500988,1610612742,DAL,2026-03-16,Cleveland,New Orleans,925.3,SW,-1.0
0022501006,1610612742,DAL,2026-03-18,New Orleans,Dallas,442.7,NW,0.0
0022501029,1610612742,DAL,2026-03-21,Dallas,Dallas,0.0,,0.0
0022501044,1610612742,DAL,2026-03-23,Dallas,Dallas,0.0,,0.0
0022501059,1610612742,DAL,2026-03-25,Dallas,Denver,662.5,NW,-1.0
0022501074,1610612742,DAL,2026-03-27,Denver,Portland,979.7,NW,-1.0
0022501095,1610612742,DAL,2026-03-30,Portland,Dallas,1630.0,SE,2.0
0022500652,1610612742,DAL,2026-03-31,Dallas,Milwaukee,857.3,NE,0.0
0022501127,1610612742,DAL,2026-04-03,Milwaukee,Dallas,857.3,SW,0.0
0022501140,1610612742,DAL,2026-04-05,Dallas,Dallas,0.0,,0.0
0022501156,1610612742,DAL,2026-04-07,Dallas,Inglewood,1242.8,W,-2.0
0022501164,1610612742,DAL,2026-04-08,Inglewood,Phoenix,362.1,E,0.0
0022501180,1610612742,DAL,2026-04-10,Phoenix,San Antonio,849.5,E,2.0
0022501193,1610612742,DAL,2026-04-12,San Antonio,Dallas,251.5,N,0.0
0022500006,1610612743,DEN,2025-10-23,Denver,San Francisco,944.8,W,-1.0
0022500104,1610612743,DEN,2025-10-25,San Francisco,Denver,944.8,E,1.0
0022500008,1610612743,DEN,2025-10-27,Denver,Minneapolis,698.5,NE,1.0
0022500134,1610612743,DEN,2025-10-29,Minneapolis,Denver,698.5,SW,-1.0
0022500026,1610612743,DEN,2025-10-31,Denver,Portland,979.7,NW,-1.0
0022500162,1610612743,DEN,2025-11-03,Portland,Denver,979.7,E,1.0
0022500178,1610612743,DEN,2025-11-05,Denver,Denver,0.0,,0.0
0022500037,1610612743,DEN,2025-11-07,Denver,Denver,0.0,,0.0
0022500189,1610612743,DEN,2025-11-08,Denver,Denver,0.0,,0.0
0022500212,1610612743,DEN,2025-11-11,Denver,Sacramento,885.9,W,-1.0
0022500224,1610612743,DEN,2025-11-12,Sacramento,Inglewood,365.3,SE,0.0
0022500232,1610612743,DEN,2025-11-15,Inglewood,Minneapolis,1529.9,NE,2.0
0022500248,1610612743,DEN,2025-11-17,Minneapolis,Denver,698.5,SW,-1.0
0022500260,1610612743,DEN,2025-11-19,Denver,New Orleans,1081.3,SE,1.0
0022500054,1610612743,DEN,2025-11-21,New Orleans,Houston,316.7,W,0.0
0022500274,1610612743,DEN,2025-11-22,Houston,Denver,880.3,NW,-1.0
0022500287,1610612743,DEN,2025-11-24,Denver,Memphis,878.8,E,1.0
0022500076,1610612743,DEN,2025-11-28,Memphis,Denver,878.8,NW,-1.0
0022500299,1610612743,DEN,2025-11-29,Denver,Phoenix,585.4,SW,0.0
0022500315,1610612743,DEN,2025-12-01,Phoenix,Denver,585.4,NE,0.0
0022500325,1610612743,DEN,2025-12-03,Denver,Indianapolis,999.5,E,2.0
0022500340,1610612743,DEN,2025-12-05,Indianapolis,Atlanta,426.3,S,0.0
0022500359,1610612743,DEN,2025-12-07,Atlanta,Charlotte,226.5,NE,0.0
0022501208,1610612743,DEN,2025-12-11,Charlotte,Sacramento,2240.2,W,-3.0
0022501225,1610612743,DEN,2025-12-15,Sacramento,Denver,885.9,E,1.0
0022500377,1610612743,DEN,2025-12-18,Denver,Denver,0.0,,0.0
0022500386,1610612743,DEN,2025-12-20,Denver,Denver,0.0,,0.0
0022500405,1610612743,DEN,2025-12-22,Denver,Denver,0.0,,0.0
0022500415,1610612743,DEN,2025-12-23,Denver,Dallas,662.5,SE,1.0
0022500013,1610612743,DEN,2025-12-25,Dallas,Denver,662.5,NW,-1.0
0022500433,1610612743,DEN,2025-12-27,Denver,Orlando,1550.1,SE,2.0
0022500450,1610612743,DEN,2025-12-29,Orlando,Miami,204.3,S,0.0
0022500468,1610612743,DEN,2025-12-31,Miami,Toronto,1235.0,N,0.0
0022500478,1610612743,DEN,2026-01-02,Toronto,Cleveland,189.2,SW,0.0
0022500496,1610612743,DEN,2026-01-04,Cleveland,Brooklyn,405.4,E,0.0
0022500507,1610612743,DEN,2026-01-05,Brooklyn,Philadelphia,83.0,SW,0.0
0022500520,1610612743,DEN,2026-01-07,Philadelphia,Boston,273.4,NE,0.0
0022500537,1610612743,DEN,2026-01-09,Boston,Denver,1766.0,W,-2.0
0022500554,1610612743,DEN,2026-01-11,Denver,Denver,0.0,,0.0
0022500567,1610612743,DEN,2026-01-13,Denver,New Orleans,1081.3,SE,1.0
0022500575,1610612743,DEN,2026-01-14,New Orleans,Dallas,442.7,NW,0.0
0022500600,1610612743,DEN,2026-01-17,Dallas,Denver,662.5,NW,-1.0
0022500605,1610612743,DEN,2026-01-18,Denver,Denver,0.0,,0.0
0022500617,1610612743,DEN,2026-01-20,Denver,Denver,0.0,,0.0
0022500629,1610612743,DEN,2026-01-22,Denver,Washington,1491.0,E,2.0
0022500640,1610612743,DEN,2026-01-23,Washington,Milwaukee,635.9,NW,-1.0
0022500668,1610612743,DEN,2026-01-27,Milwaukee,Denver,912.8,W,-1.0
0022500684,1610612743,DEN,2026-01-29,Denver,Denver,0.0,,0.0
0022500695,1610612743,DEN,2026-01-30,Denver,Denver,0.0,,0.0
0022500711,1610612743,DEN,2026-02-01,Denver,Denver,0.0,,0.0
0022500716,1610612743,DEN,2026-02-03,Denver,Detroit,1154.6,E,2.0
0022500726,1610612743,DEN,2026-02-04,Detroit,New York,481.0,E,0.0
0022500752,1610612743,DEN,2026-02-07,New York,Chicago,713.5,W,-1.0
0022500767,1610612743,DEN,2026-02-09,Chicago,Denver,916.7,W,-1.0
0022500787,1610612743,DEN,2026-02-11,Denver,Denver,0.0,,0.0
0022500801,1610612743,DEN,2026-02-19,Denver,Inglewood,838.0,SW,-1.0
0022500810,1610612743,DEN,2026-02-20,Inglewood,Portland,832.5,N,0.0
0022500820,1610612743,DEN,2026-02-22,Portland,San Francisco,536.6,S,0.0
0022500847,1610612743,DEN,2026-02-25,San Francisco,Denver,944.8,E,1.0
0022500862,1610612743,DEN,2026-02-27,Denver,Oklahoma City,505.5,SE,1.0
0022500871,1610612743,DEN,2026-03-01,Oklahoma City,Denver,505.5,NW,-1.0
0022500881,1610612743,DEN,2026-03-02,Denver,Salt Lake City,370.1,W,0.0
0022500906,1610612743,DEN,2026-03-05,Salt Lake City,Denver,370.1,E,0.0
0022500911,1610612743,DEN,2026-03-06,Denver,Denver,0.0,,0.0
0022500933,1610612743,DEN,2026-03-09,Denver,Oklahoma City,505.5,SE,1.0
0022500950,1610612743,DEN,2026-03-11,Oklahoma City,Denver,505.5,NW,-1.0
0022500958,1610612743,DEN,2026-03-12,Denver,San Antonio,804.6,SE,1.0
0022500974,1610612743,DEN,2026-03-14,San Antonio,Los Angeles,1205.9,W,-2.0
0022500997,1610612743,DEN,2026-03-17,Los Angeles,Denver,830.8,NE,1.0
0022500651,1610612743,DEN,2026-03-18,Denver,Memphis,878.8,E,1.0
0022501021,1610612743,DEN,2026-03-20,Memphis,Denver,878.8,NW,-1.0
0022501032,1610612743,DEN,2026-03-22,Denver,Denver,0.0,,0.0
0022501050,1610612743,DEN,2026-03-24,Denver,Phoenix,585.4,SW,-1.0
0022501059,1610612743,DEN,2026-03-25,Phoenix,Denver,585.4,NE,1.0
0022501072,1610612743,DEN,2026-03-27,Denver,Denver,0.0,,0.0
0022501090,1610612743,DEN,2026-03-29,Denver,Denver,0.0,,0.0
0022501112,1610612743,DEN,2026-04-01,Denver,Salt Lake City,370.1,W,0.0
0022501130,1610612743,DEN,2026-04-04,Salt Lake City,Denver,370.1,E,0.0
0022501147,1610612743,DEN,2026-04-06,Denver,Denver,0.0,,0.0
0022501162,1610612743,DEN,2026-04-08,Denver,Denver,0.0,,0.0
0022501182,1610612743,DEN,2026-04-10,Denver,Denver,0.0,,0.0
0022501197,1610612743,DEN,2026-04-12,Denver,San Antonio,804.6,SE,1.0
0022500002,1610612744,GSW,2025-10-21,San Francisco,Los Angeles,345.5,SE,0.0
0022500006,1610612744,GSW,2025-10-23,Los Angeles,San Francisco,345.5,NW,0.0
0022500097,1610612744,GSW,2025-10-24,San Francisco,Portland,536.6,N,0.0
0022500121,1610612744,GSW,2025-10-27,Portland,San Francisco,536.6,S,0.0
0022500127,1610612744,GSW,2025-10-28,San Francisco,San Francisco,0.0,,0.0
0022500139,1610612744,GSW,2025-10-30,San Francisco,Milwaukee,1836.4,E,2.0
0022500144,1610612744,GSW,2025-11-01,Milwaukee,Indianapolis,244.4,SE,1.0
0022500169,1610612744,GSW,2025-11-04,Indianapolis,San Francisco,1943.5,W,-3.0
0022500181,1610612744,GSW,2025-11-05,San Francisco,Sacramento,74.0,NE,0.0
0022500037,1610612744,GSW,2025-11-07,Sacramento,Denver,885.9,E,1.0
0022500196,1610612744,GSW,2025-11-09,Denver,San Francisco,944.8,W,-1.0
0022500210,1610612744,GSW,2025-11-11,San Francisco,Oklahoma City,1384.4,E,2.0
0022500220,1610612744,GSW,2025-11-12,Oklahoma City,San Antonio,420.5,S,0.0
0022500047,1610612744,GSW,2025-11-14,San Antonio,San Antonio,0.0,,0.0
0022500237,1610612744,GSW,2025-11-16,San Antonio,New Orleans,502.7,E,0.0
0022500249,1610612744,GSW,2025-11-18,New Orleans,Orlando,533.2,E,1.0
0022500257,1610612744,GSW,2025-11-19,Orlando,Miami,204.3,S,0.0
0022500056,1610612744,GSW,2025-11-21,Miami,San Francisco,2588.8,NW,-3.0
0022500291,1610612744,GSW,2025-11-24,San Francisco,San Francisco,0.0,,0.0
0022500066,1610612744,GSW,2025-11-26,San Francisco,San Francisco,0.0,,0.0
0022500298,1610612744,GSW,2025-11-29,San Francisco,San Francisco,0.0,,0.0
0022500323,1610612744,GSW,2025-12-02,San Francisco,San Francisco,0.0,,0.0
0022500333,1610612744,GSW,2025-12-04,San Francisco,Philadelphia,2515.7,E,3.0
0022500352,1610612744,GSW,2025-12-06,Philadelphia,Cleveland,358.6,W,0.0
0022500361,1610612744,GSW,2025-12-07,Cleveland,Chicago,309.9,W,-1.0
0022501215,1610612744,GSW,2025-12-12,Chicago,San Francisco,1851.0,W,-2.0
0022501221,1610612744,GSW,2025-12-14,San Francisco,Portland,536.6,N,0.0
0022500378,1610612744,GSW,2025-12-18,Portland,Phoenix,1006.3,SE,1.0
0022500392,1610612744,GSW,2025-12-20,Phoenix,San Francisco,651.4,NW,-1.0
0022500407,1610612744,GSW,2025-12-22,San Francisco,San Francisco,0.0,,0.0
0022500011,1610612744,GSW,2025-12-25,San Francisco,San Francisco,0.0,,0.0
0022500441,1610612744,GSW,2025-12-28,San Francisco,Toronto,2263.0,NE,3.0
0022500449,1610612744,GSW,2025-12-29,Toronto,Brooklyn,344.0,SE,0.0
0022500462,1610612744,GSW,2025-12-31,Brooklyn,Charlotte,530.7,SW,0.0
0022500484,1610612744,GSW,2026-01-02,Charlotte,San Francisco,2295.5,W,-3.0
0022500492,1610612744,GSW,2026-01-03,San Francisco,San Francisco,0.0,,0.0
0022500508,1610612744,GSW,2026-01-05,San Francisco,Inglewood,347.9,SE,0.0
0022500526,1610612744,GSW,2026-01-07,Inglewood,San Francisco,347.9,NW,0.0
0022500539,1610612744,GSW,2026-01-09,San Francisco,San Francisco,0.0,,0.0
0022500556,1610612744,GSW,2026-01-11,San Francisco,San Francisco,0.0,,0.0
0022500570,1610612744,GSW,2026-01-13,San Francisco,San Francisco,0.0,,0.0
0022500584,1610612744,GSW,2026-01-15,San Francisco,San Francisco,0.0,,0.0
0022500599,1610612744,GSW,2026-01-17,San Francisco,San Francisco,0.0,,0.0
0022500612,1610612744,GSW,2026-01-19,San Francisco,San Francisco,0.0,,0.0
0022500618,1610612744,GSW,2026-01-20,San Francisco,San Francisco,0.0,,0.0
0022500630,1610612744,GSW,2026-01-22,San Francisco,Dallas,1478.1,E,2.0
0022500644,1610612744,GSW,2026-01-25,Dallas,Minneapolis,863.1,N,0.0
0022500663,1610612744,GSW,2026-01-26,Minneapolis,Minneapolis,0.0,,0.0
0022500678,1610612744,GSW,2026-01-28,Minneapolis,Salt Lake City,984.4,W,-1.0
0022500696,1610612744,GSW,2026-01-30,Salt Lake City,San Francisco,597.6,W,-1.0
0022500724,1610612744,GSW,2026-02-03,San Francisco,San Francisco,0.0,,0.0
0022500739,1610612744,GSW,2026-02-05,San Francisco,Phoenix,651.4,SE,1.0
0022500753,1610612744,GSW,2026-02-07,Phoenix,Los Angeles,358.3,W,-1.0
0022500768,1610612744,GSW,2026-02-09,Los Angeles,San Francisco,345.5,NW,0.0
0022500788,1610612744,GSW,2026-02-11,San Francisco,San Francisco,0.0,,0.0
0022500799,1610612744,GSW,2026-02-19,San Francisco,San Francisco,0.0,,0.0
0022500820,1610612744,GSW,2026-02-22,San Francisco,San Francisco,0.0,,0.0
0022500838,1610612744,GSW,2026-02-24,San Francisco,New Orleans,1920.0,E,2.0
0022500844,1610612744,GSW,2026-02-25,New Orleans,Memphis,358.5,N,0.0
0022500866,1610612744,GSW,2026-02-28,Memphis,San Francisco,1797.4,W,-2.0
0022500882,1610612744,GSW,2026-03-02,San Francisco,San Francisco,0.0,,0.0
0022500902,1610612744,GSW,2026-03-05,San Francisco,Houston,1641.3,E,2.0
0022500920,1610612744,GSW,2026-03-07,Houston,Oklahoma City,414.1,N,0.0
0022500934,1610612744,GSW,2026-03-09,Oklahoma City,Salt Lake City,862.2,NW,-1.0
0022500943,1610612744,GSW,2026-03-10,Salt Lake City,San Francisco,597.6,W,-1.0
0022500966,1610612744,GSW,2026-03-13,San Francisco,San Francisco,0.0,,0.0
0022500981,1610612744,GSW,2026-03-15,San Francisco,New York,2564.4,E,3.0
0022500984,1610612744,GSW,2026-03-16,New York,Washington,205.4,SW,0.0
0022500999,1610612744,GSW,2026-03-18,Washington,Boston,393.6,NE,0.0
0022501017,1610612744,GSW,2026-03-20,Boston,Detroit,611.9,W,0.0
0022501026,1610612744,GSW,2026-03-21,Detroit,Atlanta,597.5,S,0.0
0022501044,1610612744,GSW,2026-03-23,Atlanta,Dallas,719.8,W,-1.0
0022501060,1610612744,GSW,2026-03-25,Dallas,San Francisco,1478.1,W,-2.0
0022501073,1610612744,GSW,2026-03-27,San Francisco,San Francisco,0.0,,0.0
0022501090,1610612744,GSW,2026-03-29,San Francisco,Denver,944.8,E,1.0
0022501113,1610612744,GSW,2026-04-01,Denver,San Francisco,944.8,W,-1.0
0022501117,1610612744,GSW,2026-04-02,San Francisco,San Francisco,0.0,,0.0
0022501142,1610612744,GSW,2026-04-05,San Francisco,San Francisco,0.0,,0.0
0022501154,1610612744,GSW,2026-04-07,San Francisco,San Francisco,0.0,,0.0
0022501170,1610612744,GSW,2026-04-09,San Francisco,San Francisco,0.0,,0.0
0022501184,1610612744,GSW,2026-04-10,San Francisco,Sacramento,74.0,NE,0.0
0022501199,1610612744,GSW,2026-04-12,Sacramento,Inglewood,365.3,SE,0.0
0022500001,1610612745,HOU,2025-10-21,Houston,Oklahoma City,414.1,N,0.0
0022500093,1610612745,HOU,2025-10-24,Oklahoma City,Houston,414.1,S,0.0
0022500116,1610612745,HOU,2025-10-27,Houston,Houston,0.0,,0.0
0022500131,1610612745,HOU,2025-10-29,Houston,Toronto,1301.3,NE,1.0
0022500146,1610612745,HOU,2025-11-01,Toronto,Boston,429.2,E,0.0
0022500160,1610612745,HOU,2025-11-03,Boston,Houston,1604.1,SW,-1.0
0022500176,1610612745,HOU,2025-11-05,Houston,Memphis,484.1,NE,0.0
0022500032,1610612745,HOU,2025-11-07,Memphis,San Antonio,628.6,SW,0.0
0022500191,1610612745,HOU,2025-11-09,San Antonio,Milwaukee,1106.6,NE,0.0
0022500218,1610612745,HOU,2025-11-12,Milwaukee,Houston,1006.5,SW,0.0
0022500042,1610612745,HOU,2025-11-14,Houston,Houston,0.0,,0.0
0022500236,1610612745,HOU,2025-11-16,Houston,Houston,0.0,,0.0
0022500255,1610612745,HOU,2025-11-19,Houston,Cleveland,1114.5,NE,1.0
0022500054,1610612745,HOU,2025-11-21,Cleveland,Houston,1114.5,SW,-1.0
0022500290,1610612745,HOU,2025-11-24,Houston,Phoenix,1014.7,W,-1.0
0022500066,1610612745,HOU,2025-11-26,Phoenix,San Francisco,651.4,NW,-1.0
0022500301,1610612745,HOU,2025-11-30,San Francisco,Salt Lake City,597.6,NE,1.0
0022500316,1610612745,HOU,2025-12-01,Salt Lake City,Salt Lake City,0.0,,0.0
0022500330,1610612745,HOU,2025-12-03,Salt Lake City,Houston,1200.6,SE,1.0
0022500346,1610612745,HOU,2025-12-05,Houston,Houston,0.0,,0.0
0022500356,1610612745,HOU,2025-12-06,Houston,Dallas,226.8,N,0.0
0022501205,1610612745,HOU,2025-12-11,Dallas,Houston,226.8,SE,0.0
0022501225,1610612745,HOU,2025-12-15,Houston,Denver,880.3,NW,-1.0
0022500375,1610612745,HOU,2025-12-18,Denver,New Orleans,1081.3,SE,1.0
0022500386,1610612745,HOU,2025-12-20,New Orleans,Denver,1081.3,NW,-1.0
0022500401,1610612745,HOU,2025-12-21,Denver,Sacramento,885.9,W,-1.0
0022500422,1610612745,HOU,2025-12-23,Sacramento,Inglewood,365.3,SE,0.0
0022500012,1610612745,HOU,2025-12-25,Inglewood,Los Angeles,8.0,NE,0.0
0022500438,1610612745,HOU,2025-12-27,Los Angeles,Houston,1372.8,E,2.0
0022500453,1610612745,HOU,2025-12-29,Houston,Houston,0.0,,0.0
0022500471,1610612745,HOU,2026-01-01,Houston,Brooklyn,1418.2,NE,1.0
0022500491,1610612745,HOU,2026-01-03,Brooklyn,Dallas,1371.7,W,-1.0
0022500505,1610612745,HOU,2026-01-05,Dallas,Houston,226.8,SE,0.0
0022500527,1610612745,HOU,2026-01-07,Houston,Portland,1834.4,NW,-2.0
0022500540,1610612745,HOU,2026-01-09,Portland,Portland,0.0,,0.0
0022500557,1610612745,HOU,2026-01-11,Portland,Sacramento,484.0,S,0.0
0022500565,1610612745,HOU,2026-01-13,Sacramento,Houston,1606.9,E,2.0
0022500581,1610612745,HOU,2026-01-15,Houston,Houston,0.0,,0.0
0022500591,1610612745,HOU,2026-01-16,Houston,Houston,0.0,,0.0
0022500604,1610612745,HOU,2026-01-18,Houston,Houston,0.0,,0.0
0022500615,1610612745,HOU,2026-01-20,Houston,Houston,0.0,,0.0
0022500628,1610612745,HOU,2026-01-22,Houston,Philadelphia,1338.0,NE,1.0
0022500635,1610612745,HOU,2026-01-23,Philadelphia,Detroit,443.4,NW,0.0
0022500662,1610612745,HOU,2026-01-26,Detroit,Houston,1106.3,SW,-1.0
0022500679,1610612745,HOU,2026-01-28,Houston,Houston,0.0,,0.0
0022500682,1610612745,HOU,2026-01-29,Houston,Atlanta,700.7,NE,1.0
0022500701,1610612745,HOU,2026-01-31,Atlanta,Houston,700.7,W,-1.0
0022500713,1610612745,HOU,2026-02-02,Houston,Indianapolis,866.0,NE,1.0
0022500728,1610612745,HOU,2026-02-04,Indianapolis,Houston,866.0,SW,-1.0
0022500737,1610612745,HOU,2026-02-05,Houston,Houston,0.0,,0.0
0022500748,1610612745,HOU,2026-02-07,Houston,Oklahoma City,414.1,N,0.0
0022500772,1610612745,HOU,2026-02-10,Oklahoma City,Houston,414.1,S,0.0
0022500782,1610612745,HOU,2026-02-11,Houston,Houston,0.0,,0.0
0022500792,1610612745,HOU,2026-02-19,Houston,Charlotte,925.8,NE,1.0
0022500816,1610612745,HOU,2026-02-21,Charlotte,New York,533.3,NE,0.0
0022500830,1610612745,HOU,2026-02-23,New York,Houston,1419.3,SW,-1.0
0022500845,1610612745,HOU,2026-02-25,Houston,Houston,0.0,,0.0
0022500852,1610612745,HOU,2026-02-26,Houston,Orlando,847.1,E,1.0
0022500864,1610612745,HOU,2026-02-28,Orlando,Miami,204.3,S,0.0
0022500879,1610612745,HOU,2026-03-02,Miami,Washington,924.8,N,0.0
0022500902,1610612745,HOU,2026-03-05,Washington,Houston,1219.1,SW,-1.0
0022500910,1610612745,HOU,2026-03-06,Houston,Houston,0.0,,0.0
0022500927,1610612745,HOU,2026-03-08,Houston,San Antonio,186.1,W,0.0
0022500940,1610612745,HOU,2026-03-10,San Antonio,Houston,186.1,E,0.0
0022500950,1610612745,HOU,2026-03-11,Houston,Denver,880.3,NW,-1.0
0022500964,1610612745,HOU,2026-03-13,Denver,Houston,880.3,SE,1.0
0022500989,1610612745,HOU,2026-03-16,Houston,Houston,0.0,,0.0
0022501007,1610612745,HOU,2026-03-18,Houston,Houston,0.0,,0.0
0022501018,1610612745,HOU,2026-03-20,Houston,Houston,0.0,,0.0
0022501027,1610612745,HOU,2026-03-21,Houston,Houston,0.0,,0.0
0022501042,1610612745,HOU,2026-03-23,Houston,Chicago,941.3,NE,0.0
0022501058,1610612745,HOU,2026-03-25,Chicago,Minneapolis,353.2,NW,0.0
0022501069,1610612745,HOU,2026-03-27,Minneapolis,Memphis,700.9,S,0.0
0022501088,1610612745,HOU,2026-03-29,Memphis,New Orleans,358.5,S,0.0
0022501102,1610612745,HOU,2026-03-31,New Orleans,Houston,316.7,W,0.0
0022501110,1610612745,HOU,2026-04-01,Houston,Houston,0.0,,0.0
0022501124,1610612745,HOU,2026-04-03,Houston,Houston,0.0,,0.0
0022501142,1610612745,HOU,2026-04-05,Houston,San Francisco,1641.3,NW,-2.0
0022501157,1610612745,HOU,2026-04-07,San Francisco,Phoenix,651.4,SE,0.0
0022501169,1610612745,HOU,2026-04-09,Phoenix,Houston,1014.7,E,2.0
0022501178,1610612745,HOU,2026-04-10,Houston,Houston,0.0,,0.0
0022501194,1610612745,HOU,2026-04-12,Houston,Houston,0.0,,0.0
0022500087,1610612746,LAC,2025-10-22,Inglewood,Salt Lake City,589.0,NE,1.0
0022500099,1610612746,LAC,2025-10-24,Salt Lake City,Inglewood,589.0,SW,-1.0
0022500112,1610612746,LAC,2025-10-26,Inglewood,Inglewood,0.0,,0.0
0022500127,1610612746,LAC,2025-10-28,Inglewood,San Francisco,347.9,NW,0.0
0022500027,1610612746,LAC,2025-10-31,San Francisco,Inglewood,347.9,SE,0.0
0022500164,1610612746,LAC,2025-11-03,Inglewood,Inglewood,0.0,,0.0
0022500170,1610612746,LAC,2025-11-04,Inglewood,Inglewood,0.0,,0.0
0022500182,1610612746,LAC,2025-11-06,Inglewood,Phoenix,362.1,E,1.0
0022500190,1610612746,LAC,2025-11-08,Phoenix,Inglewood,362.1,W,-1.0
0022500206,1610612746,LAC,2025-11-10,Inglewood,Inglewood,0.0,,0.0
0022500224,1610612746,LAC,2025-11-12,Inglewood,Inglewood,0.0,,0.0
0022500046,1610612746,LAC,2025-11-14,Inglewood,Dallas,1242.8,E,2.0
0022500233,1610612746,LAC,2025-11-16,Dallas,Boston,1549.3,NE,1.0
0022500243,1610612746,LAC,2025-11-17,Boston,Philadelphia,273.4,SW,0.0
0022500264,1610612746,LAC,2025-11-20,Philadelphia,Orlando,860.9,SW,0.0
0022500268,1610612746,LAC,2025-11-22,Orlando,Charlotte,463.1,N,0.0
0022500278,1610612746,LAC,2025-11-23,Charlotte,Cleveland,435.7,N,0.0
0022500059,1610612746,LAC,2025-11-25,Cleveland,Los Angeles,2046.7,W,-3.0
0022500079,1610612746,LAC,2025-11-28,Los Angeles,Inglewood,8.0,SW,0.0
0022500300,1610612746,LAC,2025-11-29,Inglewood,Inglewood,0.0,,0.0
0022500313,1610612746,LAC,2025-12-01,Inglewood,Miami,2340.5,E,3.0
0022500327,1610612746,LAC,2025-12-03,Miami,Atlanta,606.0,NW,0.0
0022500347,1610612746,LAC,2025-12-05,Atlanta,Memphis,335.9,W,-1.0
0022500355,1610612746,LAC,2025-12-06,Memphis,Minneapolis,700.9,N,0.0
0022501205,1610612746,LAC,2025-12-11,Minneapolis,Houston,1058.3,S,0.0
0022501226,1610612746,LAC,2025-12-15,Houston,Inglewood,1376.4,W,-2.0
0022500369,1610612746,LAC,2025-12-18,Inglewood,Oklahoma City,1185.4,E,2.0
0022500395,1610612746,LAC,2025-12-20,Oklahoma City,Inglewood,1185.4,W,-2.0
0022500422,1610612746,LAC,2025-12-23,Inglewood,Inglewood,0.0,,0.0
0022500431,1610612746,LAC,2025-12-26,Inglewood,Portland,832.5,N,0.0
0022500445,1610612746,LAC,2025-12-28,Portland,Inglewood,832.5,S,0.0
0022500461,1610612746,LAC,2025-12-30,Inglewood,Inglewood,0.0,,0.0
0022500475,1610612746,LAC,2026-01-01,Inglewood,Inglewood,0.0,,0.0
0022500493,1610612746,LAC,2026-01-03,Inglewood,Inglewood,0.0,,0.0
0022500508,1610612746,LAC,2026-01-05,Inglewood,Inglewood,0.0,,0.0
0022500522,1610612746,LAC,2026-01-07,Inglewood,New York,2454.2,NE,3.0
0022500535,1610612746,LAC,2026-01-09,New York,Brooklyn,4.8,S,0.0
0022500544,1610612746,LAC,2026-01-10,Brooklyn,Detroit,483.3,W,0.0
0022500563,1610612746,LAC,2026-01-12,Detroit,Inglewood,1987.3,W,-3.0
0022500577,1610612746,LAC,2026-01-14,Inglewood,Inglewood,0.0,,0.0
0022500590,1610612746,LAC,2026-01-16,Inglewood,Toronto,2180.0,NE,3.0
0022500608,1610612746,LAC,2026-01-19,Toronto,Washington,350.0,S,0.0
0022500614,1610612746,LAC,2026-01-20,Washington,Chicago,596.8,NW,-1.0
0022500633,1610612746,LAC,2026-01-22,Chicago,Inglewood,1748.5,W,-2.0
0022500656,1610612746,LAC,2026-01-25,Inglewood,Inglewood,0.0,,0.0
0022500670,1610612746,LAC,2026-01-27,Inglewood,Salt Lake City,589.0,NE,1.0
0022500695,1610612746,LAC,2026-01-30,Salt Lake City,Denver,370.1,E,0.0
0022500709,1610612746,LAC,2026-02-01,Denver,Phoenix,585.4,SW,0.0
0022500715,1610612746,LAC,2026-02-02,Phoenix,Inglewood,362.1,W,-1.0
0022500732,1610612746,LAC,2026-02-04,Inglewood,Inglewood,0.0,,0.0
0022500746,1610612746,LAC,2026-02-06,Inglewood,Sacramento,365.3,NW,0.0
0022500760,1610612746,LAC,2026-02-08,Sacramento,Minneapolis,1511.1,NE,2.0
0022500772,1610612746,LAC,2026-02-10,Minneapolis,Houston,1058.3,S,0.0
0022500782,1610612746,LAC,2026-02-11,Houston,Houston,0.0,,0.0
0022500801,1610612746,LAC,2026-02-19,Houston,Inglewood,1376.4,W,-2.0
0022500809,1610612746,LAC,2026-02-20,Inglewood,Los Angeles,8.0,NE,0.0
0022500827,1610612746,LAC,2026-02-22,Los Angeles,Inglewood,8.0,SW,0.0
0022500857,1610612746,LAC,2026-02-26,Inglewood,Inglewood,0.0,,0.0
0022500877,1610612746,LAC,2026-03-01,Inglewood,Inglewood,0.0,,0.0
0022500882,1610612746,LAC,2026-03-02,Inglewood,San Francisco,347.9,NW,0.0
0022500898,1610612746,LAC,2026-03-04,San Francisco,Inglewood,347.9,SE,0.0
0022500913,1610612746,LAC,2026-03-06,Inglewood,San Antonio,1209.0,E,2.0
0022500918,1610612746,LAC,2026-03-07,San Antonio,Memphis,628.6,NE,0.0
0022500935,1610612746,LAC,2026-03-09,Memphis,Inglewood,1606.9,W,-2.0
0022500952,1610612746,LAC,2026-03-11,Inglewood,Inglewood,0.0,,0.0
0022500968,1610612746,LAC,2026-03-13,Inglewood,Inglewood,0.0,,0.0
0022500975,1610612746,LAC,2026-03-14,Inglewood,Inglewood,0.0,,0.0
0022500990,1610612746,LAC,2026-03-16,Inglewood,Inglewood,0.0,,0.0
0022501005,1610612746,LAC,2026-03-18,Inglewood,New Orleans,1674.3,E,2.0
0022501012,1610612746,LAC,2026-03-19,New Orleans,New Orleans,0.0,,0.0
0022501029,1610612746,LAC,2026-03-21,New Orleans,Dallas,442.7,NW,0.0
0022501046,1610612746,LAC,2026-03-23,Dallas,Inglewood,1242.8,W,-2.0
0022501062,1610612746,LAC,2026-03-25,Inglewood,Inglewood,0.0,,0.0
0022501066,1610612746,LAC,2026-03-27,Inglewood,Indianapolis,1813.9,E,3.0
0022501082,1610612746,LAC,2026-03-29,Indianapolis,Milwaukee,244.4,N,-1.0
0022501104,1610612746,LAC,2026-03-31,Milwaukee,Inglewood,1749.5,W,-2.0
0022501119,1610612746,LAC,2026-04-02,Inglewood,Inglewood,0.0,,0.0
0022501141,1610612746,LAC,2026-04-05,Inglewood,Sacramento,365.3,NW,0.0
0022501156,1610612746,LAC,2026-04-07,Sacramento,Inglewood,365.3,SE,0.0
0022501163,1610612746,LAC,2026-04-08,Inglewood,Inglewood,0.0,,0.0
0022501183,1610612746,LAC,2026-04-10,Inglewood,Portland,832.5,N,0.0
0022501199,1610612746,LAC,2026-04-12,Portland,Inglewood,832.5,S,0.0
0022500002,1610612747,LAL,2025-10-21,Los Angeles,Los Angeles,0.0,,0.0
0022500019,1610612747,LAL,2025-10-24,Los Angeles,Los Angeles,0.0,,0.0
0022500113,1610612747,LAL,2025-10-26,Los Angeles,Sacramento,361.4,NW,0.0
0022500122,1610612747,LAL,2025-10-27,Sacramento,Los Angeles,361.4,SE,0.0
0022500136,1610612747,LAL,2025-10-29,Los Angeles,Minneapolis,1522.4,NE,2.0
0022500024,1610612747,LAL,2025-10-31,Minneapolis,Memphis,700.9,S,0.0
0022500155,1610612747,LAL,2025-11-02,Memphis,Los Angeles,1601.4,W,-2.0
0022500163,1610612747,LAL,2025-11-03,Los Angeles,Portland,827.1,N,0.0
0022500179,1610612747,LAL,2025-11-05,Portland,Los Angeles,827.1,S,0.0
0022500185,1610612747,LAL,2025-11-08,Los Angeles,Atlanta,1933.6,E,3.0
0022500198,1610612747,LAL,2025-11-10,Atlanta,Charlotte,226.5,NE,0.0
0022500222,1610612747,LAL,2025-11-12,Charlotte,Oklahoma City,938.9,W,-1.0
0022500045,1610612747,LAL,2025-11-14,Oklahoma City,New Orleans,575.8,SE,0.0
0022500231,1610612747,LAL,2025-11-15,New Orleans,Milwaukee,912.7,N,0.0
0022500253,1610612747,LAL,2025-11-18,Milwaukee,Los Angeles,1742.4,W,-2.0
0022500282,1610612747,LAL,2025-11-23,Los Angeles,Salt Lake City,581.0,NE,1.0
0022500059,1610612747,LAL,2025-11-25,Salt Lake City,Los Angeles,581.0,SW,-1.0
0022500078,1610612747,LAL,2025-11-28,Los Angeles,Los Angeles,0.0,,0.0
0022500308,1610612747,LAL,2025-11-30,Los Angeles,Los Angeles,0.0,,0.0
0022500317,1610612747,LAL,2025-12-01,Los Angeles,Los Angeles,0.0,,0.0
0022500336,1610612747,LAL,2025-12-04,Los Angeles,Toronto,2173.0,NE,3.0
0022500338,1610612747,LAL,2025-12-05,Toronto,Boston,429.2,E,0.0
0022500362,1610612747,LAL,2025-12-07,Boston,Philadelphia,273.4,SW,0.0
0022501204,1610612747,LAL,2025-12-10,Philadelphia,Los Angeles,2389.6,W,-3.0
0022501228,1610612747,LAL,2025-12-14,Los Angeles,Phoenix,358.3,E,1.0
0022500379,1610612747,LAL,2025-12-18,Phoenix,Salt Lake City,506.0,N,0.0
0022500395,1610612747,LAL,2025-12-20,Salt Lake City,Inglewood,589.0,SW,-1.0
0022500418,1610612747,LAL,2025-12-23,Inglewood,Phoenix,362.1,E,1.0
0022500012,1610612747,LAL,2025-12-25,Phoenix,Los Angeles,358.3,W,-1.0
0022500446,1610612747,LAL,2025-12-28,Los Angeles,Los Angeles,0.0,,0.0
0022500460,1610612747,LAL,2025-12-30,Los Angeles,Los Angeles,0.0,,0.0
0022500485,1610612747,LAL,2026-01-02,Los Angeles,Los Angeles,0.0,,0.0
0022500501,1610612747,LAL,2026-01-04,Los Angeles,Los Angeles,0.0,,0.0
0022500514,1610612747,LAL,2026-01-06,Los Angeles,New Orleans,1670.2,E,2.0
0022500523,1610612747,LAL,2026-01-07,New Orleans,San Antonio,502.7,W,0.0
0022500541,1610612747,LAL,2026-01-09,San Antonio,Los Angeles,1205.9,W,-2.0
0022500562,1610612747,LAL,2026-01-12,Los Angeles,Sacramento,361.4,NW,0.0
0022500569,1610612747,LAL,2026-01-13,Sacramento,Los Angeles,361.4,SE,0.0
0022500586,1610612747,LAL,2026-01-15,Los Angeles,Los Angeles,0.0,,0.0
0022500601,1610612747,LAL,2026-01-17,Los Angeles,Portland,827.1,N,0.0
0022500607,1610612747,LAL,2026-01-18,Portland,Los Angeles,827.1,S,0.0
0022500617,1610612747,LAL,2026-01-20,Los Angeles,Denver,830.8,NE,1.0
0022500633,1610612747,LAL,2026-01-22,Denver,Inglewood,838.0,SW,-1.0
0022500648,1610612747,LAL,2026-01-24,Inglewood,Dallas,1242.8,E,2.0
0022500661,1610612747,LAL,2026-01-26,Dallas,Chicago,803.0,NE,0.0
0022500671,1610612747,LAL,2026-01-28,Chicago,Cleveland,309.9,E,1.0
0022500688,1610612747,LAL,2026-01-30,Cleveland,Washington,304.7,SE,0.0
0022500708,1610612747,LAL,2026-02-01,Washington,New York,205.4,NE,0.0
0022500719,1610612747,LAL,2026-02-03,New York,Brooklyn,4.8,S,0.0
0022500740,1610612747,LAL,2026-02-05,Brooklyn,Los Angeles,2448.8,W,-3.0
0022500753,1610612747,LAL,2026-02-07,Los Angeles,Los Angeles,0.0,,0.0
0022500769,1610612747,LAL,2026-02-09,Los Angeles,Los Angeles,0.0,,0.0
0022500774,1610612747,LAL,2026-02-10,Los Angeles,Los Angeles,0.0,,0.0
0022500791,1610612747,LAL,2026-02-12,Los Angeles,Los Angeles,0.0,,0.0
0022500809,1610612747,LAL,2026-02-20,Los Angeles,Los Angeles,0.0,,0.0
0022500823,1610612747,LAL,2026-02-22,Los Angeles,Los Angeles,0.0,,0.0
0022500840,1610612747,LAL,2026-02-24,Los Angeles,Los Angeles,0.0,,0.0
0022500855,1610612747,LAL,2026-02-26,Los Angeles,Phoenix,358.3,E,1.0
0022500866,1610612747,LAL,2026-02-28,Phoenix,San Francisco,651.4,NW,-1.0
0022500878,1610612747,LAL,2026-03-01,San Francisco,Los Angeles,345.5,SE,0.0
0022500891,1610612747,LAL,2026-03-03,Los Angeles,Los Angeles,0.0,,0.0
0022500906,1610612747,LAL,2026-03-05,Los Angeles,Denver,830.8,NE,1.0
0022500914,1610612747,LAL,2026-03-06,Denver,Los Angeles,830.8,SW,-1.0
0022500922,1610612747,LAL,2026-03-08,Los Angeles,Los Angeles,0.0,,0.0
0022500946,1610612747,LAL,2026-03-10,Los Angeles,Los Angeles,0.0,,0.0
0022500960,1610612747,LAL,2026-03-12,Los Angeles,Los Angeles,0.0,,0.0
0022500974,1610612747,LAL,2026-03-14,Los Angeles,Los Angeles,0.0,,0.0
0022500989,1610612747,LAL,2026-03-16,Los Angeles,Houston,1372.8,E,2.0
0022501007,1610612747,LAL,2026-03-18,Houston,Houston,0.0,,0.0
0022501010,1610612747,LAL,2026-03-19,Houston,Miami,966.6,E,1.0
0022501024,1610612747,LAL,2026-03-21,Miami,Orlando,204.3,N,0.0
0022501038,1610612747,LAL,2026-03-23,Orlando,Detroit,958.2,N,0.0
0022501052,1610612747,LAL,2026-03-25,Detroit,Indianapolis,240.4,SW,0.0
0022501075,1610612747,LAL,2026-03-27,Indianapolis,Los Angeles,1807.4,W,-3.0
0022501098,1610612747,LAL,2026-03-30,Los Angeles,Los Angeles,0.0,,0.0
0022501103,1610612747,LAL,2026-03-31,Los Angeles,Los Angeles,0.0,,0.0
0022501116,1610612747,LAL,2026-04-02,Los Angeles,Oklahoma City,1180.0,E,2.0
0022501140,1610612747,LAL,2026-04-05,Oklahoma City,Dallas,189.0,S,0.0
0022501155,1610612747,LAL,2026-04-07,Dallas,Los Angeles,1238.2,W,-2.0
0022501170,1610612747,LAL,2026-04-09,Los Angeles,San Francisco,345.5,NW,0.0
0022501185,1610612747,LAL,2026-04-10,San Francisco,Los Angeles,345.5,SE,0.0
0022501198,1610612747,LAL,2026-04-12,Los Angeles,Los Angeles,0.0,,0.0
0022500081,1610612748,MIA,2025-10-22,Miami,Orlando,204.3,N,0.0
0022500094,1610612748,MIA,2025-10-24,Orlando,Memphis,682.6,NW,-1.0
0022500108,1610612748,MIA,2025-10-26,Memphis,Miami,872.5,SE,1.0
0022500124,1610612748,MIA,2025-10-28,Miami,Miami,0.0,,0.0
0022500141,1610612748,MIA,2025-10-30,Miami,San Antonio,1144.2,W,-1.0
0022500155,1610612748,MIA,2025-11-02,San Antonio,Los Angeles,1205.9,W,-2.0
0022500164,1610612748,MIA,2025-11-03,Los Angeles,Inglewood,8.0,SW,0.0
0022500178,1610612748,MIA,2025-11-05,Inglewood,Denver,838.0,NE,1.0
0022500033,1610612748,MIA,2025-11-07,Denver,Miami,1725.7,SE,2.0
0022500187,1610612748,MIA,2025-11-08,Miami,Miami,0.0,,0.0
0022500201,1610612748,MIA,2025-11-10,Miami,Miami,0.0,,0.0
0022500217,1610612748,MIA,2025-11-12,Miami,Miami,0.0,,0.0
0022500039,1610612748,MIA,2025-11-14,Miami,New York,1093.6,N,0.0
0022500244,1610612748,MIA,2025-11-17,New York,Miami,1093.6,S,0.0
0022500257,1610612748,MIA,2025-11-19,Miami,Miami,0.0,,0.0
0022500051,1610612748,MIA,2025-11-21,Miami,Chicago,1191.3,N,-1.0
0022500275,1610612748,MIA,2025-11-23,Chicago,Philadelphia,666.5,E,1.0
0022500286,1610612748,MIA,2025-11-24,Philadelphia,Miami,1017.6,S,0.0
0022500062,1610612748,MIA,2025-11-26,Miami,Miami,0.0,,0.0
0022500296,1610612748,MIA,2025-11-29,Miami,Miami,0.0,,0.0
0022500313,1610612748,MIA,2025-12-01,Miami,Miami,0.0,,0.0
0022500332,1610612748,MIA,2025-12-03,Miami,Dallas,1110.8,NW,-1.0
0022500339,1610612748,MIA,2025-12-05,Dallas,Orlando,961.6,E,1.0
0022500354,1610612748,MIA,2025-12-06,Orlando,Miami,204.3,S,0.0
0022501201,1610612748,MIA,2025-12-09,Miami,Orlando,204.3,N,0.0
0022501227,1610612748,MIA,2025-12-15,Orlando,Miami,204.3,S,0.0
0022500373,1610612748,MIA,2025-12-18,Miami,Brooklyn,1089.6,N,0.0
0022500381,1610612748,MIA,2025-12-19,Brooklyn,Boston,190.4,NE,0.0
0022500398,1610612748,MIA,2025-12-21,Boston,New York,188.2,SW,0.0
0022500414,1610612748,MIA,2025-12-23,New York,Miami,1093.6,S,0.0
0022500423,1610612748,MIA,2025-12-26,Miami,Atlanta,606.0,NW,0.0
0022500436,1610612748,MIA,2025-12-27,Atlanta,Miami,606.0,SE,0.0
0022500450,1610612748,MIA,2025-12-29,Miami,Miami,0.0,,0.0
0022500472,1610612748,MIA,2026-01-01,Miami,Detroit,1155.7,N,0.0
0022500486,1610612748,MIA,2026-01-03,Detroit,Miami,1155.7,S,0.0
0022500497,1610612748,MIA,2026-01-04,Miami,Miami,0.0,,0.0
0022500513,1610612748,MIA,2026-01-06,Miami,Minneapolis,1513.1,NW,-1.0
0022500543,1610612748,MIA,2026-01-10,Minneapolis,Indianapolis,511.4,SE,1.0
0022500553,1610612748,MIA,2026-01-11,Indianapolis,Oklahoma City,688.4,W,-1.0
0022500564,1610612748,MIA,2026-01-13,Oklahoma City,Miami,1225.5,SE,1.0
0022500580,1610612748,MIA,2026-01-15,Miami,Miami,0.0,,0.0
0022500597,1610612748,MIA,2026-01-17,Miami,Miami,0.0,,0.0
0022500612,1610612748,MIA,2026-01-19,Miami,San Francisco,2588.8,NW,-3.0
0022500619,1610612748,MIA,2026-01-20,San Francisco,Sacramento,74.0,NE,0.0
0022500634,1610612748,MIA,2026-01-22,Sacramento,Portland,484.0,N,0.0
0022500649,1610612748,MIA,2026-01-24,Portland,Salt Lake City,633.9,SE,1.0
0022500655,1610612748,MIA,2026-01-25,Salt Lake City,Phoenix,506.0,S,0.0
0022500674,1610612748,MIA,2026-01-28,Phoenix,Miami,1978.4,E,2.0
0022500529,1610612748,MIA,2026-01-29,Miami,Chicago,1191.3,N,-1.0
0022500692,1610612748,MIA,2026-01-31,Chicago,Miami,1191.3,SE,1.0
0022500705,1610612748,MIA,2026-02-01,Miami,Miami,0.0,,0.0
0022500720,1610612748,MIA,2026-02-03,Miami,Miami,0.0,,0.0
0022500741,1610612748,MIA,2026-02-06,Miami,Boston,1257.4,N,0.0
0022500758,1610612748,MIA,2026-02-08,Boston,Washington,393.6,SW,0.0
0022500763,1610612748,MIA,2026-02-09,Washington,Miami,924.8,S,0.0
0022500784,1610612748,MIA,2026-02-11,Miami,New Orleans,669.1,NW,-1.0
0022500805,1610612748,MIA,2026-02-20,New Orleans,Atlanta,424.8,NE,1.0
0022500813,1610612748,MIA,2026-02-21,Atlanta,Miami,606.0,SE,0.0
0022500837,1610612748,MIA,2026-02-24,Miami,Milwaukee,1270.2,N,-1.0
0022500849,1610612748,MIA,2026-02-26,Milwaukee,Philadelphia,693.8,E,1.0
0022500864,1610612748,MIA,2026-02-28,Philadelphia,Miami,1017.6,S,0.0
0022500886,1610612748,MIA,2026-03-03,Miami,Miami,0.0,,0.0
0022500901,1610612748,MIA,2026-03-05,Miami,Miami,0.0,,0.0
0022500909,1610612748,MIA,2026-03-06,Miami,Charlotte,653.7,N,0.0
0022500923,1610612748,MIA,2026-03-08,Charlotte,Miami,653.7,S,0.0
0022500938,1610612748,MIA,2026-03-10,Miami,Miami,0.0,,0.0
0022500957,1610612748,MIA,2026-03-12,Miami,Miami,0.0,,0.0
0022500972,1610612748,MIA,2026-03-14,Miami,Miami,0.0,,0.0
0022500991,1610612748,MIA,2026-03-17,Miami,Charlotte,653.7,N,0.0
0022501010,1610612748,MIA,2026-03-19,Charlotte,Miami,653.7,S,0.0
0022501027,1610612748,MIA,2026-03-21,Miami,Houston,966.6,W,-1.0
0022501041,1610612748,MIA,2026-03-23,Houston,Miami,966.6,E,1.0
0022501055,1610612748,MIA,2026-03-25,Miami,Cleveland,1089.2,N,0.0
0022501068,1610612748,MIA,2026-03-27,Cleveland,Cleveland,0.0,,0.0
0022501083,1610612748,MIA,2026-03-29,Cleveland,Indianapolis,263.0,SW,0.0
0022501091,1610612748,MIA,2026-03-30,Indianapolis,Miami,1025.8,S,0.0
0022501106,1610612748,MIA,2026-04-01,Miami,Miami,0.0,,0.0
0022501129,1610612748,MIA,2026-04-04,Miami,Miami,0.0,,0.0
0022501151,1610612748,MIA,2026-04-07,Miami,Toronto,1235.0,N,0.0
0022501165,1610612748,MIA,2026-04-09,Toronto,Toronto,0.0,,0.0
0022501172,1610612748,MIA,2026-04-10,Toronto,Washington,350.0,S,0.0
0022501189,1610612748,MIA,2026-04-12,Washington,Miami,924.8,S,0.0
0022500086,1610612749,MIL,2025-10-22,Milwaukee,Milwaukee,0.0,,0.0
0022500092,1610612749,MIL,2025-10-24,Milwaukee,Toronto,430.8,E,1.0
0022500107,1610612749,MIL,2025-10-26,Toronto,Cleveland,189.2,SW,0.0
0022500125,1610612749,MIL,2025-10-28,Cleveland,Milwaukee,335.9,W,-1.0
0022500139,1610612749,MIL,2025-10-30,Milwaukee,Milwaukee,0.0,,0.0
0022500142,1610612749,MIL,2025-11-01,Milwaukee,Milwaukee,0.0,,0.0
0022500157,1610612749,MIL,2025-11-03,Milwaukee,Indianapolis,244.4,SE,1.0
0022500165,1610612749,MIL,2025-11-04,Indianapolis,Toronto,440.3,NE,0.0
0022500035,1610612749,MIL,2025-11-07,Toronto,Milwaukee,430.8,W,-1.0
0022500191,1610612749,MIL,2025-11-09,Milwaukee,Milwaukee,0.0,,0.0
0022500203,1610612749,MIL,2025-11-10,Milwaukee,Dallas,857.3,SW,0.0
0022500213,1610612749,MIL,2025-11-12,Dallas,Charlotte,929.0,E,1.0
0022500043,1610612749,MIL,2025-11-14,Charlotte,Milwaukee,659.6,NW,-1.0
0022500231,1610612749,MIL,2025-11-15,Milwaukee,Milwaukee,0.0,,0.0
0022500241,1610612749,MIL,2025-11-17,Milwaukee,Cleveland,335.9,E,1.0
0022500266,1610612749,MIL,2025-11-20,Cleveland,Milwaukee,335.9,W,-1.0
0022500272,1610612749,MIL,2025-11-22,Milwaukee,Milwaukee,0.0,,0.0
0022500288,1610612749,MIL,2025-11-24,Milwaukee,Milwaukee,0.0,,0.0
0022500062,1610612749,MIL,2025-11-26,Milwaukee,Miami,1270.2,SE,1.0
0022500074,1610612749,MIL,2025-11-28,Miami,New York,1093.6,N,0.0
0022500297,1610612749,MIL,2025-11-29,New York,Milwaukee,732.5,W,-1.0
0022500311,1610612749,MIL,2025-12-01,Milwaukee,Washington,635.9,SE,1.0
0022500331,1610612749,MIL,2025-12-03,Washington,Milwaukee,635.9,NW,-1.0
0022500348,1610612749,MIL,2025-12-05,Milwaukee,Milwaukee,0.0,,0.0
0022500353,1610612749,MIL,2025-12-06,Milwaukee,Detroit,251.6,E,1.0
0022501206,1610612749,MIL,2025-12-11,Detroit,Milwaukee,251.6,W,-1.0
0022501219,1610612749,MIL,2025-12-14,Milwaukee,Brooklyn,734.8,E,1.0
0022500374,1610612749,MIL,2025-12-18,Brooklyn,Milwaukee,734.8,W,-1.0
0022500400,1610612749,MIL,2025-12-21,Milwaukee,Minneapolis,297.9,NW,0.0
0022500413,1610612749,MIL,2025-12-23,Minneapolis,Indianapolis,511.4,SE,1.0
0022500428,1610612749,MIL,2025-12-26,Indianapolis,Memphis,384.3,SW,-1.0
0022500437,1610612749,MIL,2025-12-27,Memphis,Chicago,483.2,N,0.0
0022500447,1610612749,MIL,2025-12-29,Chicago,Charlotte,589.4,SE,1.0
0022500469,1610612749,MIL,2025-12-31,Charlotte,Milwaukee,659.6,NW,-1.0
0022500481,1610612749,MIL,2026-01-02,Milwaukee,Milwaukee,0.0,,0.0
0022500500,1610612749,MIL,2026-01-04,Milwaukee,Sacramento,1770.9,W,-2.0
0022500526,1610612749,MIL,2026-01-07,Sacramento,San Francisco,74.0,SW,0.0
0022500541,1610612749,MIL,2026-01-09,San Francisco,Los Angeles,345.5,SE,0.0
0022500554,1610612749,MIL,2026-01-11,Los Angeles,Denver,830.8,NE,1.0
0022500566,1610612749,MIL,2026-01-13,Denver,Milwaukee,912.8,E,1.0
0022500582,1610612749,MIL,2026-01-15,Milwaukee,San Antonio,1106.6,SW,0.0
0022500014,1610612749,MIL,2026-01-19,San Antonio,Atlanta,878.0,NE,1.0
0022500625,1610612749,MIL,2026-01-21,Atlanta,Milwaukee,669.3,N,-1.0
0022500640,1610612749,MIL,2026-01-23,Milwaukee,Milwaukee,0.0,,0.0
0022500666,1610612749,MIL,2026-01-27,Milwaukee,Philadelphia,693.8,E,1.0
0022500681,1610612749,MIL,2026-01-29,Philadelphia,Washington,120.6,SW,0.0
0022500702,1610612749,MIL,2026-02-01,Washington,Boston,393.6,NE,0.0
0022500722,1610612749,MIL,2026-02-03,Boston,Milwaukee,855.6,W,-1.0
0022500729,1610612749,MIL,2026-02-04,Milwaukee,Milwaukee,0.0,,0.0
0022500743,1610612749,MIL,2026-02-06,Milwaukee,Milwaukee,0.0,,0.0
0022500764,1610612749,MIL,2026-02-09,Milwaukee,Orlando,1066.2,S,1.0
0022500777,1610612749,MIL,2026-02-11,Orlando,Orlando,0.0,,0.0
0022500789,1610612749,MIL,2026-02-12,Orlando,Oklahoma City,1057.5,NW,-1.0
0022500807,1610612749,MIL,2026-02-20,Oklahoma City,New Orleans,575.8,SE,0.0
0022500819,1610612749,MIL,2026-02-22,New Orleans,Milwaukee,912.7,N,0.0
0022500837,1610612749,MIL,2026-02-24,Milwaukee,Milwaukee,0.0,,0.0
0022500846,1610612749,MIL,2026-02-25,Milwaukee,Milwaukee,0.0,,0.0
0022500860,1610612749,MIL,2026-02-27,Milwaukee,Milwaukee,0.0,,0.0
0022500870,1610612749,MIL,2026-03-01,Milwaukee,Chicago,81.4,S,0.0
0022500880,1610612749,MIL,2026-03-02,Chicago,Milwaukee,81.4,N,0.0
0022500897,1610612749,MIL,2026-03-04,Milwaukee,Milwaukee,0.0,,0.0
0022500919,1610612749,MIL,2026-03-07,Milwaukee,Milwaukee,0.0,,0.0
0022500926,1610612749,MIL,2026-03-08,Milwaukee,Milwaukee,0.0,,0.0
0022500941,1610612749,MIL,2026-03-10,Milwaukee,Milwaukee,0.0,,0.0
0022500957,1610612749,MIL,2026-03-12,Milwaukee,Miami,1270.2,SE,1.0
0022500970,1610612749,MIL,2026-03-14,Miami,Atlanta,606.0,NW,0.0
0022500979,1610612749,MIL,2026-03-15,Atlanta,Milwaukee,669.3,N,-1.0
0022500995,1610612749,MIL,2026-03-17,Milwaukee,Milwaukee,0.0,,0.0
0022501014,1610612749,MIL,2026-03-19,Milwaukee,Salt Lake City,1239.0,W,-1.0
0022501031,1610612749,MIL,2026-03-21,Salt Lake City,Phoenix,506.0,S,-1.0
0022501046,1610612749,MIL,2026-03-23,Phoenix,Inglewood,362.1,W,0.0
0022501061,1610612749,MIL,2026-03-25,Inglewood,Portland,832.5,N,0.0
0022501076,1610612749,MIL,2026-03-28,Portland,Milwaukee,1713.8,E,2.0
0022501082,1610612749,MIL,2026-03-29,Milwaukee,Milwaukee,0.0,,0.0
0022500652,1610612749,MIL,2026-03-31,Milwaukee,Milwaukee,0.0,,0.0
0022501110,1610612749,MIL,2026-04-01,Milwaukee,Houston,1006.5,SW,0.0
0022501126,1610612749,MIL,2026-04-03,Houston,Milwaukee,1006.5,N,0.0
0022501135,1610612749,MIL,2026-04-05,Milwaukee,Milwaukee,0.0,,0.0
0022501150,1610612749,MIL,2026-04-07,Milwaukee,Brooklyn,734.8,E,1.0
0022501160,1610612749,MIL,2026-04-08,Brooklyn,Detroit,483.3,W,0.0
0022501179,1610612749,MIL,2026-04-10,Detroit,Milwaukee,251.6,W,-1.0
0022501191,1610612749,MIL,2026-04-12,Milwaukee,Philadelphia,693.8,E,1.0
0022500089,1610612750,MIN,2025-10-22,Minneapolis,Portland,1422.0,W,-2.0
0022500019,1610612750,MIN,2025-10-24,Portland,Los Angeles,827.1,S,0.0
0022500110,1610612750,MIN,2025-10-26,Los Angeles,Minneapolis,1522.4,NE,2.0
0022500008,1610612750,MIN,2025-10-27,Minneapolis,Minneapolis,0.0,,0.0
0022500136,1610612750,MIN,2025-10-29,Minneapolis,Minneapolis,0.0,,0.0
0022500143,1610612750,MIN,2025-11-01,Minneapolis,Charlotte,939.3,SE,1.0
0022500156,1610612750,MIN,2025-11-03,Charlotte,Brooklyn,530.7,NE,0.0
0022500175,1610612750,MIN,2025-11-05,Brooklyn,New York,4.8,N,0.0
0022500036,1610612750,MIN,2025-11-07,New York,Minneapolis,1016.5,NW,-1.0
0022500197,1610612750,MIN,2025-11-09,Minneapolis,Sacramento,1511.1,W,-2.0
0022500205,1610612750,MIN,2025-11-10,Sacramento,Salt Lake City,532.1,E,1.0
0022500044,1610612750,MIN,2025-11-14,Salt Lake City,Minneapolis,984.4,NE,1.0
0022500232,1610612750,MIN,2025-11-15,Minneapolis,Minneapolis,0.0,,0.0
0022500246,1610612750,MIN,2025-11-17,Minneapolis,Minneapolis,0.0,,0.0
0022500259,1610612750,MIN,2025-11-19,Minneapolis,Minneapolis,0.0,,0.0
0022500053,1610612750,MIN,2025-11-21,Minneapolis,Phoenix,1278.1,SW,-1.0
0022500292,1610612750,MIN,2025-11-24,Phoenix,Sacramento,634.7,NW,-1.0
0022500064,1610612750,MIN,2025-11-26,Sacramento,Oklahoma City,1336.6,E,2.0
0022500293,1610612750,MIN,2025-11-29,Oklahoma City,Minneapolis,694.2,N,0.0
0022500306,1610612750,MIN,2025-11-30,Minneapolis,Minneapolis,0.0,,0.0
0022500321,1610612750,MIN,2025-12-02,Minneapolis,New Orleans,1053.0,S,0.0
0022500337,1610612750,MIN,2025-12-04,New Orleans,New Orleans,0.0,,0.0
0022500355,1610612750,MIN,2025-12-06,New Orleans,Minneapolis,1053.0,N,0.0
0022500365,1610612750,MIN,2025-12-08,Minneapolis,Minneapolis,0.0,,0.0
0022501215,1610612750,MIN,2025-12-12,Minneapolis,San Francisco,1579.5,W,-2.0
0022501220,1610612750,MIN,2025-12-14,San Francisco,Minneapolis,1579.5,NE,2.0
0022500368,1610612750,MIN,2025-12-17,Minneapolis,Minneapolis,0.0,,0.0
0022500385,1610612750,MIN,2025-12-19,Minneapolis,Minneapolis,0.0,,0.0
0022500400,1610612750,MIN,2025-12-21,Minneapolis,Minneapolis,0.0,,0.0
0022500416,1610612750,MIN,2025-12-23,Minneapolis,Minneapolis,0.0,,0.0
0022500013,1610612750,MIN,2025-12-25,Minneapolis,Denver,698.5,SW,-1.0
0022500439,1610612750,MIN,2025-12-27,Denver,Minneapolis,698.5,NE,1.0
0022500452,1610612750,MIN,2025-12-29,Minneapolis,Chicago,353.2,SE,0.0
0022500463,1610612750,MIN,2025-12-31,Chicago,Atlanta,589.0,S,1.0
0022500486,1610612750,MIN,2026-01-03,Atlanta,Miami,606.0,SE,0.0
0022500498,1610612750,MIN,2026-01-04,Miami,Washington,924.8,N,0.0
0022500513,1610612750,MIN,2026-01-06,Washington,Minneapolis,932.8,NW,-1.0
0022500530,1610612750,MIN,2026-01-08,Minneapolis,Minneapolis,0.0,,0.0
0022500542,1610612750,MIN,2026-01-10,Minneapolis,Cleveland,630.2,E,1.0
0022500552,1610612750,MIN,2026-01-11,Cleveland,Minneapolis,630.2,NW,-1.0
0022500566,1610612750,MIN,2026-01-13,Minneapolis,Milwaukee,297.9,SE,0.0
0022500591,1610612750,MIN,2026-01-16,Milwaukee,Houston,1006.5,SW,0.0
0022500598,1610612750,MIN,2026-01-17,Houston,San Antonio,186.1,W,0.0
0022500616,1610612750,MIN,2026-01-20,San Antonio,Salt Lake City,1089.8,NW,-1.0
0022500631,1610612750,MIN,2026-01-22,Salt Lake City,Minneapolis,984.4,NE,1.0
0022500644,1610612750,MIN,2026-01-25,Minneapolis,Minneapolis,0.0,,0.0
0022500663,1610612750,MIN,2026-01-26,Minneapolis,Minneapolis,0.0,,0.0
0022500677,1610612750,MIN,2026-01-28,Minneapolis,Dallas,863.1,S,0.0
0022500686,1610612750,MIN,2026-01-29,Dallas,Minneapolis,863.1,N,0.0
0022500700,1610612750,MIN,2026-01-31,Minneapolis,Memphis,700.9,S,0.0
0022500714,1610612750,MIN,2026-02-02,Memphis,Memphis,0.0,,0.0
0022500727,1610612750,MIN,2026-02-04,Memphis,Toronto,817.2,NE,1.0
0022500744,1610612750,MIN,2026-02-06,Toronto,Minneapolis,692.4,W,-1.0
0022500760,1610612750,MIN,2026-02-08,Minneapolis,Minneapolis,0.0,,0.0
0022500765,1610612750,MIN,2026-02-09,Minneapolis,Minneapolis,0.0,,0.0
0022500783,1610612750,MIN,2026-02-11,Minneapolis,Minneapolis,0.0,,0.0
0022500806,1610612750,MIN,2026-02-20,Minneapolis,Minneapolis,0.0,,0.0
0022500824,1610612750,MIN,2026-02-22,Minneapolis,Minneapolis,0.0,,0.0
0022500841,1610612750,MIN,2026-02-24,Minneapolis,Portland,1422.0,W,-2.0
0022500857,1610612750,MIN,2026-02-26,Portland,Inglewood,832.5,S,0.0
0022500871,1610612750,MIN,2026-03-01,Inglewood,Denver,838.0,NE,1.0
0022500890,1610612750,MIN,2026-03-03,Denver,Minneapolis,698.5,NE,1.0
0022500903,1610612750,MIN,2026-03-05,Minneapolis,Minneapolis,0.0,,0.0
0022500915,1610612750,MIN,2026-03-07,Minneapolis,Minneapolis,0.0,,0.0
0022500946,1610612750,MIN,2026-03-10,Minneapolis,Los Angeles,1522.4,W,-2.0
0022500952,1610612750,MIN,2026-03-11,Los Angeles,Inglewood,8.0,SW,0.0
0022500966,1610612750,MIN,2026-03-13,Inglewood,San Francisco,347.9,NW,0.0
0022500976,1610612750,MIN,2026-03-15,San Francisco,Oklahoma City,1384.4,E,2.0
0022500996,1610612750,MIN,2026-03-17,Oklahoma City,Minneapolis,694.2,N,0.0
0022501004,1610612750,MIN,2026-03-18,Minneapolis,Minneapolis,0.0,,0.0
0022501020,1610612750,MIN,2026-03-20,Minneapolis,Minneapolis,0.0,,0.0
0022501035,1610612750,MIN,2026-03-22,Minneapolis,Boston,1121.1,E,1.0
0022501058,1610612750,MIN,2026-03-25,Boston,Minneapolis,1121.1,W,-1.0
0022501080,1610612750,MIN,2026-03-28,Minneapolis,Minneapolis,0.0,,0.0
0022501095,1610612750,MIN,2026-03-30,Minneapolis,Dallas,863.1,S,0.0
0022501115,1610612750,MIN,2026-04-02,Dallas,Detroit,999.2,NE,1.0
0022501121,1610612750,MIN,2026-04-03,Detroit,Philadelphia,443.4,E,0.0
0022501137,1610612750,MIN,2026-04-05,Philadelphia,Minneapolis,984.9,NW,-1.0
0022501152,1610612750,MIN,2026-04-07,Minneapolis,Indianapolis,511.4,SE,1.0
0022501159,1610612750,MIN,2026-04-08,Indianapolis,Orlando,821.8,S,0.0
0022501178,1610612750,MIN,2026-04-10,Orlando,Houston,847.1,W,-1.0
0022501195,1610612750,MIN,2026-04-12,Houston,Minneapolis,1058.3,N,0.0
0022500080,1610612751,BKN,2025-10-22,Brooklyn,Charlotte,530.7,SW,0.0
0022500091,1610612751,BKN,2025-10-24,Charlotte,Brooklyn,530.7,NE,0.0
0022500105,1610612751,BKN,2025-10-26,Brooklyn,San Antonio,1579.3,W,-1.0
0022500116,1610612751,BKN,2025-10-27,San Antonio,Houston,186.1,E,0.0
0022500130,1610612751,BKN,2025-10-29,Houston,Brooklyn,1418.2,NE,1.0
0022500149,1610612751,BKN,2025-11-02,Brooklyn,Brooklyn,0.0,,0.0
0022500156,1610612751,BKN,2025-11-03,Brooklyn,Brooklyn,0.0,,0.0
0022500173,1610612751,BKN,2025-11-05,Brooklyn,Indianapolis,645.2,W,0.0
0022500031,1610612751,BKN,2025-11-07,Indianapolis,Brooklyn,645.2,E,0.0
0022500192,1610612751,BKN,2025-11-09,Brooklyn,New York,4.8,N,0.0
0022500207,1610612751,BKN,2025-11-11,New York,Brooklyn,4.8,S,0.0
0022500040,1610612751,BKN,2025-11-14,Brooklyn,Orlando,938.0,SW,0.0
0022500235,1610612751,BKN,2025-11-16,Orlando,Washington,758.1,N,0.0
0022500250,1610612751,BKN,2025-11-18,Washington,Brooklyn,203.3,NE,0.0
0022500049,1610612751,BKN,2025-11-21,Brooklyn,Boston,190.4,NE,0.0
0022500279,1610612751,BKN,2025-11-23,Boston,Toronto,429.2,W,0.0
0022500285,1610612751,BKN,2025-11-24,Toronto,Brooklyn,344.0,SE,0.0
0022500070,1610612751,BKN,2025-11-28,Brooklyn,Brooklyn,0.0,,0.0
0022500297,1610612751,BKN,2025-11-29,Brooklyn,Milwaukee,734.8,W,-1.0
0022500312,1610612751,BKN,2025-12-01,Milwaukee,Brooklyn,734.8,E,1.0
0022500329,1610612751,BKN,2025-12-03,Brooklyn,Chicago,715.3,W,-1.0
0022500335,1610612751,BKN,2025-12-04,Chicago,Brooklyn,715.3,E,1.0
0022500350,1610612751,BKN,2025-12-06,Brooklyn,Brooklyn,0.0,,0.0
0022501214,1610612751,BKN,2025-12-12,Brooklyn,Dallas,1371.7,W,-1.0
0022501219,1610612751,BKN,2025-12-14,Dallas,Brooklyn,1371.7,NE,1.0
0022500373,1610612751,BKN,2025-12-18,Brooklyn,Brooklyn,0.0,,0.0
0022500397,1610612751,BKN,2025-12-21,Brooklyn,Brooklyn,0.0,,0.0
0022500410,1610612751,BKN,2025-12-23,Brooklyn,Philadelphia,83.0,SW,0.0
0022500439,1610612751,BKN,2025-12-27,Philadelphia,Minneapolis,984.9,NW,-1.0
0022500449,1610612751,BKN,2025-12-29,Minneapolis,Brooklyn,1019.2,E,1.0
0022500471,1610612751,BKN,2026-01-01,Brooklyn,Brooklyn,0.0,,0.0
0022500477,1610612751,BKN,2026-01-02,Brooklyn,Washington,203.3,SW,0.0
0022500496,1610612751,BKN,2026-01-04,Washington,Brooklyn,203.3,NE,0.0
0022500521,1610612751,BKN,2026-01-07,Brooklyn,Brooklyn,0.0,,0.0
0022500535,1610612751,BKN,2026-01-09,Brooklyn,Brooklyn,0.0,,0.0
0022500549,1610612751,BKN,2026-01-11,Brooklyn,Memphis,954.5,W,-1.0
0022500561,1610612751,BKN,2026-01-12,Memphis,Dallas,419.8,W,0.0
0022500574,1610612751,BKN,2026-01-14,Dallas,New Orleans,442.7,SE,0.0
0022500587,1610612751,BKN,2026-01-16,New Orleans,Brooklyn,1169.1,NE,1.0
0022500603,1610612751,BKN,2026-01-18,Brooklyn,Chicago,715.3,W,-1.0
0022500610,1610612751,BKN,2026-01-19,Chicago,Brooklyn,715.3,E,1.0
0022500622,1610612751,BKN,2026-01-21,Brooklyn,New York,4.8,N,0.0
0022500637,1610612751,BKN,2026-01-23,New York,Brooklyn,4.8,S,0.0
0022500656,1610612751,BKN,2026-01-25,Brooklyn,Inglewood,2455.5,W,-3.0
0022500669,1610612751,BKN,2026-01-27,Inglewood,Phoenix,362.1,E,1.0
0022500684,1610612751,BKN,2026-01-29,Phoenix,Denver,585.4,NE,0.0
0022500694,1610612751,BKN,2026-01-30,Denver,Salt Lake City,370.1,W,0.0
0022500704,1610612751,BKN,2026-02-01,Salt Lake City,Detroit,1488.3,E,2.0
0022500719,1610612751,BKN,2026-02-03,Detroit,Brooklyn,483.3,E,0.0
0022500734,1610612751,BKN,2026-02-05,Brooklyn,Orlando,938.0,SW,0.0
0022500747,1610612751,BKN,2026-02-07,Orlando,Brooklyn,938.0,NE,0.0
0022500762,1610612751,BKN,2026-02-09,Brooklyn,Brooklyn,0.0,,0.0
0022500779,1610612751,BKN,2026-02-11,Brooklyn,Brooklyn,0.0,,0.0
0022500793,1610612751,BKN,2026-02-19,Brooklyn,Cleveland,405.4,W,0.0
0022500808,1610612751,BKN,2026-02-20,Cleveland,Oklahoma City,950.2,W,-1.0
0022500818,1610612751,BKN,2026-02-22,Oklahoma City,Atlanta,754.7,E,1.0
0022500833,1610612751,BKN,2026-02-24,Atlanta,Brooklyn,745.8,NE,0.0
0022500851,1610612751,BKN,2026-02-26,Brooklyn,Brooklyn,0.0,,0.0
0022500859,1610612751,BKN,2026-02-27,Brooklyn,Boston,190.4,NE,0.0
0022500869,1610612751,BKN,2026-03-01,Boston,Brooklyn,190.4,SW,0.0
0022500886,1610612751,BKN,2026-03-03,Brooklyn,Miami,1089.6,S,0.0
0022500901,1610612751,BKN,2026-03-05,Miami,Miami,0.0,,0.0
0022500916,1610612751,BKN,2026-03-07,Miami,Detroit,1155.7,N,0.0
0022500932,1610612751,BKN,2026-03-09,Detroit,Brooklyn,483.3,E,0.0
0022500937,1610612751,BKN,2026-03-10,Brooklyn,Brooklyn,0.0,,0.0
0022500956,1610612751,BKN,2026-03-12,Brooklyn,Atlanta,745.8,SW,0.0
0022500969,1610612751,BKN,2026-03-14,Atlanta,Philadelphia,663.0,NE,0.0
0022500985,1610612751,BKN,2026-03-16,Philadelphia,Brooklyn,83.0,NE,0.0
0022501000,1610612751,BKN,2026-03-18,Brooklyn,Brooklyn,0.0,,0.0
0022501016,1610612751,BKN,2026-03-20,Brooklyn,Brooklyn,0.0,,0.0
0022501033,1610612751,BKN,2026-03-22,Brooklyn,Sacramento,2502.1,W,-3.0
0022501045,1610612751,BKN,2026-03-23,Sacramento,Portland,484.0,N,0.0
0022501060,1610612751,BKN,2026-03-25,Portland,San Francisco,536.6,S,0.0
0022501075,1610612751,BKN,2026-03-27,San Francisco,Los Angeles,345.5,SE,0.0
0022501084,1610612751,BKN,2026-03-29,Los Angeles,Brooklyn,2448.8,NE,3.0
0022501100,1610612751,BKN,2026-03-31,Brooklyn,Brooklyn,0.0,,0.0
0022501122,1610612751,BKN,2026-04-03,Brooklyn,Brooklyn,0.0,,0.0
0022501133,1610612751,BKN,2026-04-05,Brooklyn,Brooklyn,0.0,,0.0
0022501150,1610612751,BKN,2026-04-07,Brooklyn,Brooklyn,0.0,,0.0
0022501167,1610612751,BKN,2026-04-09,Brooklyn,Brooklyn,0.0,,0.0
0022501179,1610612751,BKN,2026-04-10,Brooklyn,Milwaukee,734.8,W,-1.0
0022501192,1610612751,BKN,2026-04-12,Milwaukee,Toronto,430.8,E,1.0
0022500003,1610612752,NYK,2025-10-22,New York,New York,0.0,,0.0
0022500018,1610612752,NYK,2025-10-24,New York,New York,0.0,,0.0
0022500108,1610612752,NYK,2025-10-26,New York,Miami,1093.6,S,0.0
0022500125,1610612752,NYK,2025-10-28,Miami,Milwaukee,1270.2,N,-1.0
0022500023,1610612752,NYK,2025-10-31,Milwaukee,Chicago,81.4,S,0.0
0022500153,1610612752,NYK,2025-11-02,Chicago,New York,713.5,E,1.0
0022500159,1610612752,NYK,2025-11-03,New York,New York,0.0,,0.0
0022500175,1610612752,NYK,2025-11-05,New York,New York,0.0,,0.0
0022500192,1610612752,NYK,2025-11-09,New York,New York,0.0,,0.0
0022500208,1610612752,NYK,2025-11-11,New York,New York,0.0,,0.0
0022500215,1610612752,NYK,2025-11-12,New York,New York,0.0,,0.0
0022500039,1610612752,NYK,2025-11-14,New York,New York,0.0,,0.0
0022500244,1610612752,NYK,2025-11-17,New York,Miami,1093.6,S,0.0
0022500262,1610612752,NYK,2025-11-19,Miami,Dallas,1110.8,NW,-1.0
0022500269,1610612752,NYK,2025-11-22,Dallas,Orlando,961.6,E,1.0
0022500285,1610612752,NYK,2025-11-24,Orlando,Brooklyn,938.0,NE,0.0
0022500061,1610612752,NYK,2025-11-26,Brooklyn,Charlotte,530.7,SW,0.0
0022500074,1610612752,NYK,2025-11-28,Charlotte,New York,533.3,NE,0.0
0022500303,1610612752,NYK,2025-11-30,New York,New York,0.0,,0.0
0022500320,1610612752,NYK,2025-12-02,New York,Boston,188.2,NE,0.0
0022500328,1610612752,NYK,2025-12-03,Boston,New York,188.2,SW,0.0
0022500343,1610612752,NYK,2025-12-05,New York,New York,0.0,,0.0
0022500357,1610612752,NYK,2025-12-07,New York,New York,0.0,,0.0
0022501202,1610612752,NYK,2025-12-09,New York,Toronto,340.4,NW,0.0
0022501229,1610612752,NYK,2025-12-13,Toronto,Orlando,1049.5,S,0.0
0022500372,1610612752,NYK,2025-12-18,Orlando,Indianapolis,821.8,N,0.0
0022500382,1610612752,NYK,2025-12-19,Indianapolis,New York,644.4,E,0.0
0022500398,1610612752,NYK,2025-12-21,New York,New York,0.0,,0.0
0022500416,1610612752,NYK,2025-12-23,New York,Minneapolis,1016.5,NW,-1.0
0022500009,1610612752,NYK,2025-12-25,Minneapolis,New York,1016.5,E,1.0
0022500435,1610612752,NYK,2025-12-27,New York,Atlanta,747.9,SW,0.0
0022500454,1610612752,NYK,2025-12-29,Atlanta,New Orleans,424.8,SW,-1.0
0022500467,1610612752,NYK,2025-12-31,New Orleans,San Antonio,502.7,W,0.0
0022500479,1610612752,NYK,2026-01-02,San Antonio,New York,1580.2,NE,1.0
0022500487,1610612752,NYK,2026-01-03,New York,New York,0.0,,0.0
0022500502,1610612752,NYK,2026-01-05,New York,Detroit,481.0,W,0.0
0022500522,1610612752,NYK,2026-01-07,Detroit,New York,481.0,E,0.0
0022500538,1610612752,NYK,2026-01-09,New York,Phoenix,2140.5,W,-2.0
0022500551,1610612752,NYK,2026-01-11,Phoenix,Portland,1006.3,NW,-1.0
0022500576,1610612752,NYK,2026-01-14,Portland,Sacramento,484.0,S,0.0
0022500584,1610612752,NYK,2026-01-15,Sacramento,San Francisco,74.0,SW,0.0
0022500596,1610612752,NYK,2026-01-17,San Francisco,New York,2564.4,E,3.0
0022500016,1610612752,NYK,2026-01-19,New York,New York,0.0,,0.0
0022500622,1610612752,NYK,2026-01-21,New York,New York,0.0,,0.0
0022500643,1610612752,NYK,2026-01-24,New York,Philadelphia,85.4,SW,0.0
0022500665,1610612752,NYK,2026-01-27,Philadelphia,New York,85.4,NE,0.0
0022500675,1610612752,NYK,2026-01-28,New York,Toronto,340.4,NW,0.0
0022500690,1610612752,NYK,2026-01-30,Toronto,New York,340.4,SE,0.0
0022500708,1610612752,NYK,2026-02-01,New York,New York,0.0,,0.0
0022500718,1610612752,NYK,2026-02-03,New York,Washington,205.4,SW,0.0
0022500726,1610612752,NYK,2026-02-04,Washington,New York,205.4,NE,0.0
0022500742,1610612752,NYK,2026-02-06,New York,Detroit,481.0,W,0.0
0022500757,1610612752,NYK,2026-02-08,Detroit,Boston,611.9,E,0.0
0022500771,1610612752,NYK,2026-02-10,Boston,New York,188.2,SW,0.0
0022500780,1610612752,NYK,2026-02-11,New York,Philadelphia,85.4,SW,0.0
0022500796,1610612752,NYK,2026-02-19,Philadelphia,New York,85.4,NE,0.0
0022500816,1610612752,NYK,2026-02-21,New York,New York,0.0,,0.0
0022500825,1610612752,NYK,2026-02-22,New York,Chicago,713.5,W,-1.0
0022500835,1610612752,NYK,2026-02-24,Chicago,Cleveland,309.9,E,1.0
0022500860,1610612752,NYK,2026-02-27,Cleveland,Milwaukee,335.9,W,-1.0
0022500868,1610612752,NYK,2026-03-01,Milwaukee,New York,732.5,E,1.0
0022500887,1610612752,NYK,2026-03-03,New York,Toronto,340.4,NW,0.0
0022500893,1610612752,NYK,2026-03-04,Toronto,New York,340.4,SE,0.0
0022500911,1610612752,NYK,2026-03-06,New York,Denver,1628.5,W,-2.0
0022500922,1610612752,NYK,2026-03-08,Denver,Los Angeles,830.8,SW,-1.0
0022500935,1610612752,NYK,2026-03-09,Los Angeles,Inglewood,8.0,SW,0.0
0022500949,1610612752,NYK,2026-03-11,Inglewood,Salt Lake City,589.0,NE,1.0
0022500962,1610612752,NYK,2026-03-13,Salt Lake City,Indianapolis,1354.3,E,2.0
0022500981,1610612752,NYK,2026-03-15,Indianapolis,New York,644.4,E,0.0
0022500994,1610612752,NYK,2026-03-17,New York,New York,0.0,,0.0
0022501016,1610612752,NYK,2026-03-20,New York,Brooklyn,4.8,S,0.0
0022501034,1610612752,NYK,2026-03-22,Brooklyn,New York,4.8,N,0.0
0022501048,1610612752,NYK,2026-03-24,New York,New York,0.0,,0.0
0022501063,1610612752,NYK,2026-03-26,New York,Charlotte,533.3,SW,0.0
0022501089,1610612752,NYK,2026-03-29,Charlotte,Oklahoma City,938.9,W,-1.0
0022501102,1610612752,NYK,2026-03-31,Oklahoma City,Houston,414.1,S,0.0
0022501003,1610612752,NYK,2026-04-01,Houston,Memphis,484.1,NE,0.0
0022501123,1610612752,NYK,2026-04-03,Memphis,New York,955.1,NE,1.0
0022501143,1610612752,NYK,2026-04-06,New York,Atlanta,747.9,SW,0.0
0022501168,1610612752,NYK,2026-04-09,Atlanta,New York,747.9,NE,0.0
0022501176,1610612752,NYK,2026-04-10,New York,New York,0.0,,0.0
0022501190,1610612752,NYK,2026-04-12,New York,New York,0.0,,0.0
0022500081,1610612753,ORL,2025-10-22,Orlando,Orlando,0.0,,0.0
0022500090,1610612753,ORL,2025-10-24,Orlando,Orlando,0.0,,0.0
0022500100,1610612753,ORL,2025-10-25,Orlando,Orlando,0.0,,0.0
0022500114,1610612753,ORL,2025-10-27,Orlando,Philadelphia,860.9,NE,0.0
0022500129,1610612753,ORL,2025-10-29,Philadelphia,Detroit,443.4,NW,0.0
0022500138,1610612753,ORL,2025-10-30,Detroit,Charlotte,505.9,S,0.0
0022500145,1610612753,ORL,2025-11-01,Charlotte,Washington,329.7,NE,0.0
0022500166,1610612753,ORL,2025-11-04,Washington,Atlanta,542.5,SW,0.0
0022500028,1610612753,ORL,2025-11-07,Atlanta,Orlando,402.1,SE,0.0
0022500193,1610612753,ORL,2025-11-09,Orlando,Orlando,0.0,,0.0
0022500200,1610612753,ORL,2025-11-10,Orlando,Orlando,0.0,,0.0
0022500215,1610612753,ORL,2025-11-12,Orlando,New York,941.6,NE,0.0
0022500040,1610612753,ORL,2025-11-14,New York,Orlando,941.6,SW,0.0
0022500236,1610612753,ORL,2025-11-16,Orlando,Houston,847.1,W,-1.0
0022500249,1610612753,ORL,2025-11-18,Houston,Orlando,847.1,E,1.0
0022500264,1610612753,ORL,2025-11-20,Orlando,Orlando,0.0,,0.0
0022500269,1610612753,ORL,2025-11-22,Orlando,Orlando,0.0,,0.0
0022500277,1610612753,ORL,2025-11-23,Orlando,Boston,1116.1,NE,0.0
0022500058,1610612753,ORL,2025-11-25,Boston,Philadelphia,273.4,SW,0.0
0022500072,1610612753,ORL,2025-11-28,Philadelphia,Detroit,443.4,NW,0.0
0022500314,1610612753,ORL,2025-12-01,Detroit,Orlando,958.2,S,0.0
0022500326,1610612753,ORL,2025-12-03,Orlando,Orlando,0.0,,0.0
0022500339,1610612753,ORL,2025-12-05,Orlando,Orlando,0.0,,0.0
0022500357,1610612753,ORL,2025-12-07,Orlando,New York,941.6,NE,0.0
0022501201,1610612753,ORL,2025-12-09,New York,Orlando,941.6,SW,0.0
0022501229,1610612753,ORL,2025-12-13,Orlando,New York,941.6,NE,0.0
0022500377,1610612753,ORL,2025-12-18,New York,Denver,1628.5,W,-2.0
0022500393,1610612753,ORL,2025-12-20,Denver,Salt Lake City,370.1,W,0.0
0022500407,1610612753,ORL,2025-12-22,Salt Lake City,San Francisco,597.6,W,-1.0
0022500420,1610612753,ORL,2025-12-23,San Francisco,Portland,536.6,N,0.0
0022500424,1610612753,ORL,2025-12-26,Portland,Orlando,2525.0,E,3.0
0022500433,1610612753,ORL,2025-12-27,Orlando,Orlando,0.0,,0.0
0022500451,1610612753,ORL,2025-12-29,Orlando,Toronto,1049.5,N,0.0
0022500464,1610612753,ORL,2025-12-31,Toronto,Indianapolis,440.3,SW,0.0
0022500480,1610612753,ORL,2026-01-02,Indianapolis,Chicago,166.4,NW,-1.0
0022500495,1610612753,ORL,2026-01-04,Chicago,Orlando,987.1,SE,1.0
0022500511,1610612753,ORL,2026-01-06,Orlando,Washington,758.1,N,0.0
0022500521,1610612753,ORL,2026-01-07,Washington,Brooklyn,203.3,NE,0.0
0022500533,1610612753,ORL,2026-01-09,Brooklyn,Orlando,938.0,SW,0.0
0022500548,1610612753,ORL,2026-01-11,Orlando,Orlando,0.0,,0.0
0022500578,1610612753,ORL,2026-01-15,Orlando,Orlando,0.0,,0.0
0022500602,1610612753,ORL,2026-01-18,Orlando,Memphis,682.6,NW,-1.0
0022500627,1610612753,ORL,2026-01-22,Memphis,Orlando,682.6,SE,1.0
0022500646,1610612753,ORL,2026-01-24,Orlando,Orlando,0.0,,0.0
0022500658,1610612753,ORL,2026-01-26,Orlando,Cleveland,895.4,N,0.0
0022500674,1610612753,ORL,2026-01-28,Cleveland,Miami,1089.2,S,0.0
0022500687,1610612753,ORL,2026-01-30,Miami,Orlando,204.3,N,0.0
0022500703,1610612753,ORL,2026-02-01,Orlando,San Antonio,1031.6,W,-1.0
0022500723,1610612753,ORL,2026-02-03,San Antonio,Oklahoma City,420.5,N,0.0
0022500734,1610612753,ORL,2026-02-05,Oklahoma City,Orlando,1057.5,E,1.0
0022500750,1610612753,ORL,2026-02-07,Orlando,Orlando,0.0,,0.0
0022500764,1610612753,ORL,2026-02-09,Orlando,Orlando,0.0,,0.0
0022500777,1610612753,ORL,2026-02-11,Orlando,Orlando,0.0,,0.0
0022500800,1610612753,ORL,2026-02-19,Orlando,Sacramento,2390.8,NW,-3.0
0022500811,1610612753,ORL,2026-02-21,Sacramento,Phoenix,634.7,SE,1.0
0022500827,1610612753,ORL,2026-02-22,Phoenix,Inglewood,362.1,W,-1.0
0022500840,1610612753,ORL,2026-02-24,Inglewood,Los Angeles,8.0,NE,0.0
0022500852,1610612753,ORL,2026-02-26,Los Angeles,Orlando,2198.6,E,3.0
0022500875,1610612753,ORL,2026-03-01,Orlando,Orlando,0.0,,0.0
0022500885,1610612753,ORL,2026-03-03,Orlando,Orlando,0.0,,0.0
0022500899,1610612753,ORL,2026-03-05,Orlando,Orlando,0.0,,0.0
0022500915,1610612753,ORL,2026-03-07,Orlando,Minneapolis,1309.6,NW,-1.0
0022500926,1610612753,ORL,2026-03-08,Minneapolis,Milwaukee,297.9,SE,0.0
0022500947,1610612753,ORL,2026-03-11,Milwaukee,Orlando,1066.2,S,1.0
0022500955,1610612753,ORL,2026-03-12,Orlando,Orlando,0.0,,0.0
0022500972,1610612753,ORL,2026-03-14,Orlando,Miami,204.3,S,0.0
0022500983,1610612753,ORL,2026-03-16,Miami,Atlanta,606.0,NW,0.0
0022500992,1610612753,ORL,2026-03-17,Atlanta,Orlando,402.1,SE,0.0
0022501008,1610612753,ORL,2026-03-19,Orlando,Charlotte,463.1,N,0.0
0022501024,1610612753,ORL,2026-03-21,Charlotte,Orlando,463.1,S,0.0
0022501039,1610612753,ORL,2026-03-23,Orlando,Orlando,0.0,,0.0
0022501049,1610612753,ORL,2026-03-24,Orlando,Cleveland,895.4,N,0.0
0022501065,1610612753,ORL,2026-03-26,Cleveland,Orlando,895.4,S,0.0
0022501086,1610612753,ORL,2026-03-29,Orlando,Toronto,1049.5,N,0.0
0022501099,1610612753,ORL,2026-03-31,Toronto,Orlando,1049.5,S,0.0
0022501107,1610612753,ORL,2026-04-01,Orlando,Orlando,0.0,,0.0
0022501127,1610612753,ORL,2026-04-03,Orlando,Dallas,961.6,W,-1.0
0022501138,1610612753,ORL,2026-04-05,Dallas,New Orleans,442.7,SE,0.0
0022501144,1610612753,ORL,2026-04-06,New Orleans,Orlando,533.2,E,1.0
0022501159,1610612753,ORL,2026-04-08,Orlando,Orlando,0.0,,0.0
0022501177,1610612753,ORL,2026-04-10,Orlando,Chicago,987.1,N,-1.0
0022501186,1610612753,ORL,2026-04-12,Chicago,Boston,850.6,E,1.0
0022500005,1610612754,IND,2025-10-23,Indianapolis,Indianapolis,0.0,,0.0
0022500103,1610612754,IND,2025-10-25,Indianapolis,Memphis,384.3,SW,-1.0
0022500110,1610612754,IND,2025-10-26,Memphis,Minneapolis,700.9,N,0.0
0022500133,1610612754,IND,2025-10-29,Minneapolis,Dallas,863.1,S,0.0
0022500020,1610612754,IND,2025-10-31,Dallas,Indianapolis,763.5,NE,1.0
0022500144,1610612754,IND,2025-11-01,Indianapolis,Indianapolis,0.0,,0.0
0022500157,1610612754,IND,2025-11-03,Indianapolis,Indianapolis,0.0,,0.0
0022500173,1610612754,IND,2025-11-05,Indianapolis,Indianapolis,0.0,,0.0
0022500189,1610612754,IND,2025-11-08,Indianapolis,Denver,999.5,W,-2.0
0022500196,1610612754,IND,2025-11-09,Denver,San Francisco,944.8,W,-1.0
0022500211,1610612754,IND,2025-11-11,San Francisco,Salt Lake City,597.6,NE,1.0
0022500226,1610612754,IND,2025-11-13,Salt Lake City,Phoenix,506.0,S,0.0
0022500230,1610612754,IND,2025-11-15,Phoenix,Indianapolis,1496.2,NE,2.0
0022500242,1610612754,IND,2025-11-17,Indianapolis,Detroit,240.4,NE,0.0
0022500256,1610612754,IND,2025-11-19,Detroit,Indianapolis,240.4,SW,0.0
0022500048,1610612754,IND,2025-11-21,Indianapolis,Cleveland,263.0,NE,0.0
0022500283,1610612754,IND,2025-11-24,Cleveland,Indianapolis,263.0,SW,0.0
0022500063,1610612754,IND,2025-11-26,Indianapolis,Toronto,440.3,NE,0.0
0022500073,1610612754,IND,2025-11-28,Toronto,Indianapolis,440.3,SW,0.0
0022500295,1610612754,IND,2025-11-29,Indianapolis,Indianapolis,0.0,,0.0
0022500310,1610612754,IND,2025-12-01,Indianapolis,Indianapolis,0.0,,0.0
0022500325,1610612754,IND,2025-12-03,Indianapolis,Indianapolis,0.0,,0.0
0022500345,1610612754,IND,2025-12-05,Indianapolis,Chicago,166.4,NW,-1.0
0022500364,1610612754,IND,2025-12-08,Chicago,Indianapolis,166.4,SE,1.0
0022501211,1610612754,IND,2025-12-12,Indianapolis,Philadelphia,582.5,E,0.0
0022501216,1610612754,IND,2025-12-14,Philadelphia,Indianapolis,582.5,W,0.0
0022500372,1610612754,IND,2025-12-18,Indianapolis,Indianapolis,0.0,,0.0
0022500389,1610612754,IND,2025-12-20,Indianapolis,New Orleans,713.6,S,-1.0
0022500403,1610612754,IND,2025-12-22,New Orleans,Boston,1359.0,NE,1.0
0022500413,1610612754,IND,2025-12-23,Boston,Indianapolis,805.4,W,0.0
0022500426,1610612754,IND,2025-12-26,Indianapolis,Indianapolis,0.0,,0.0
0022500436,1610612754,IND,2025-12-27,Indianapolis,Miami,1025.8,S,0.0
0022500453,1610612754,IND,2025-12-29,Miami,Houston,966.6,W,-1.0
0022500464,1610612754,IND,2025-12-31,Houston,Indianapolis,866.0,NE,1.0
0022500476,1610612754,IND,2026-01-02,Indianapolis,Indianapolis,0.0,,0.0
0022500495,1610612754,IND,2026-01-04,Indianapolis,Orlando,821.8,S,0.0
0022500510,1610612754,IND,2026-01-06,Orlando,Indianapolis,821.8,N,0.0
0022500528,1610612754,IND,2026-01-08,Indianapolis,Charlotte,428.0,SE,0.0
0022500543,1610612754,IND,2026-01-10,Charlotte,Indianapolis,428.0,NW,0.0
0022500559,1610612754,IND,2026-01-12,Indianapolis,Indianapolis,0.0,,0.0
0022500571,1610612754,IND,2026-01-14,Indianapolis,Indianapolis,0.0,,0.0
0022500588,1610612754,IND,2026-01-16,Indianapolis,Indianapolis,0.0,,0.0
0022500595,1610612754,IND,2026-01-17,Indianapolis,Detroit,240.4,NE,0.0
0022500609,1610612754,IND,2026-01-19,Detroit,Philadelphia,443.4,E,0.0
0022500621,1610612754,IND,2026-01-21,Philadelphia,Boston,273.4,NE,0.0
0022500641,1610612754,IND,2026-01-23,Boston,Oklahoma City,1492.8,W,-1.0
0022500659,1610612754,IND,2026-01-26,Oklahoma City,Atlanta,754.7,E,1.0
0022500672,1610612754,IND,2026-01-28,Atlanta,Indianapolis,426.3,N,0.0
0022500698,1610612754,IND,2026-01-31,Indianapolis,Indianapolis,0.0,,0.0
0022500713,1610612754,IND,2026-02-02,Indianapolis,Indianapolis,0.0,,0.0
0022500717,1610612754,IND,2026-02-03,Indianapolis,Indianapolis,0.0,,0.0
0022500743,1610612754,IND,2026-02-06,Indianapolis,Milwaukee,244.4,N,-1.0
0022500759,1610612754,IND,2026-02-08,Milwaukee,Toronto,430.8,E,1.0
0022500771,1610612754,IND,2026-02-10,Toronto,New York,340.4,SE,0.0
0022500779,1610612754,IND,2026-02-11,New York,Brooklyn,4.8,S,0.0
0022500795,1610612754,IND,2026-02-19,Brooklyn,Washington,203.3,SW,0.0
0022500803,1610612754,IND,2026-02-20,Washington,Washington,0.0,,0.0
0022500821,1610612754,IND,2026-02-22,Washington,Indianapolis,491.6,W,0.0
0022500831,1610612754,IND,2026-02-24,Indianapolis,Indianapolis,0.0,,0.0
0022500848,1610612754,IND,2026-02-26,Indianapolis,Indianapolis,0.0,,0.0
0022500872,1610612754,IND,2026-03-01,Indianapolis,Indianapolis,0.0,,0.0
0022500898,1610612754,IND,2026-03-04,Indianapolis,Inglewood,1813.9,W,-3.0
0022500914,1610612754,IND,2026-03-06,Inglewood,Los Angeles,8.0,NE,0.0
0022500929,1610612754,IND,2026-03-08,Los Angeles,Portland,827.1,N,0.0
0022500945,1610612754,IND,2026-03-10,Portland,Sacramento,484.0,S,0.0
0022500954,1610612754,IND,2026-03-12,Sacramento,Indianapolis,1882.7,E,3.0
0022500962,1610612754,IND,2026-03-13,Indianapolis,Indianapolis,0.0,,0.0
0022500979,1610612754,IND,2026-03-15,Indianapolis,Milwaukee,244.4,N,-1.0
0022500994,1610612754,IND,2026-03-17,Milwaukee,New York,732.5,E,1.0
0022501001,1610612754,IND,2026-03-18,New York,Indianapolis,644.4,W,0.0
0022501028,1610612754,IND,2026-03-21,Indianapolis,San Antonio,997.1,SW,-1.0
0022501039,1610612754,IND,2026-03-23,San Antonio,Orlando,1031.6,E,1.0
0022501052,1610612754,IND,2026-03-25,Orlando,Indianapolis,821.8,N,0.0
0022501066,1610612754,IND,2026-03-27,Indianapolis,Indianapolis,0.0,,0.0
0022501083,1610612754,IND,2026-03-29,Indianapolis,Indianapolis,0.0,,0.0
0022501109,1610612754,IND,2026-04-01,Indianapolis,Chicago,166.4,NW,-1.0
0022501120,1610612754,IND,2026-04-03,Chicago,Charlotte,589.4,SE,1.0
0022501136,1610612754,IND,2026-04-05,Charlotte,Cleveland,435.7,N,0.0
0022501152,1610612754,IND,2026-04-07,Cleveland,Indianapolis,263.0,SW,0.0
0022501167,1610612754,IND,2026-04-09,Indianapolis,Brooklyn,645.2,E,0.0
0022501175,1610612754,IND,2026-04-10,Brooklyn,Indianapolis,645.2,W,0.0
0022501188,1610612754,IND,2026-04-12,Indianapolis,Indianapolis,0.0,,0.0
0022500083,1610612755,PHI,2025-10-22,Philadelphia,Boston,273.4,NE,0.0
0022500102,1610612755,PHI,2025-10-25,Boston,Philadelphia,273.4,SW,0.0
0022500114,1610612755,PHI,2025-10-27,Philadelphia,Philadelphia,0.0,,0.0
0022500123,1610612755,PHI,2025-10-28,Philadelphia,Washington,120.6,SW,0.0
0022500021,1610612755,PHI,2025-10-31,Washington,Philadelphia,120.6,NE,0.0
0022500149,1610612755,PHI,2025-11-02,Philadelphia,Brooklyn,83.0,NE,0.0
0022500167,1610612755,PHI,2025-11-04,Brooklyn,Chicago,715.3,W,-1.0
0022500171,1610612755,PHI,2025-11-05,Chicago,Cleveland,309.9,E,1.0
0022500184,1610612755,PHI,2025-11-08,Cleveland,Philadelphia,358.6,E,0.0
0022500195,1610612755,PHI,2025-11-09,Philadelphia,Philadelphia,0.0,,0.0
0022500209,1610612755,PHI,2025-11-11,Philadelphia,Philadelphia,0.0,,0.0
0022500041,1610612755,PHI,2025-11-14,Philadelphia,Detroit,443.4,NW,0.0
0022500243,1610612755,PHI,2025-11-17,Detroit,Philadelphia,443.4,E,0.0
0022500258,1610612755,PHI,2025-11-19,Philadelphia,Philadelphia,0.0,,0.0
0022500266,1610612755,PHI,2025-11-20,Philadelphia,Milwaukee,693.8,W,-1.0
0022500275,1610612755,PHI,2025-11-23,Milwaukee,Philadelphia,693.8,E,1.0
0022500058,1610612755,PHI,2025-11-25,Philadelphia,Philadelphia,0.0,,0.0
0022500070,1610612755,PHI,2025-11-28,Philadelphia,Brooklyn,83.0,NE,0.0
0022500304,1610612755,PHI,2025-11-30,Brooklyn,Philadelphia,83.0,SW,0.0
0022500318,1610612755,PHI,2025-12-02,Philadelphia,Philadelphia,0.0,,0.0
0022500333,1610612755,PHI,2025-12-04,Philadelphia,Philadelphia,0.0,,0.0
0022500348,1610612755,PHI,2025-12-05,Philadelphia,Milwaukee,693.8,W,-1.0
0022500362,1610612755,PHI,2025-12-07,Milwaukee,Philadelphia,693.8,E,1.0
0022501211,1610612755,PHI,2025-12-12,Philadelphia,Philadelphia,0.0,,0.0
0022501217,1610612755,PHI,2025-12-14,Philadelphia,Atlanta,663.0,SW,0.0
0022500382,1610612755,PHI,2025-12-19,Atlanta,New York,747.9,NE,0.0
0022500387,1610612755,PHI,2025-12-20,New York,Philadelphia,85.4,SW,0.0
0022500410,1610612755,PHI,2025-12-23,Philadelphia,Philadelphia,0.0,,0.0
0022500427,1610612755,PHI,2025-12-26,Philadelphia,Chicago,666.5,W,-1.0
0022500442,1610612755,PHI,2025-12-28,Chicago,Oklahoma City,690.9,SW,0.0
0022500458,1610612755,PHI,2025-12-30,Oklahoma City,Memphis,421.4,E,0.0
0022500473,1610612755,PHI,2026-01-01,Memphis,Dallas,419.8,W,0.0
0022500487,1610612755,PHI,2026-01-03,Dallas,New York,1372.1,NE,1.0
0022500507,1610612755,PHI,2026-01-05,New York,Philadelphia,85.4,SW,0.0
0022500518,1610612755,PHI,2026-01-07,Philadelphia,Philadelphia,0.0,,0.0
0022500533,1610612755,PHI,2026-01-09,Philadelphia,Orlando,860.9,SW,0.0
0022500550,1610612755,PHI,2026-01-11,Orlando,Toronto,1049.5,N,0.0
0022500560,1610612755,PHI,2026-01-12,Toronto,Toronto,0.0,,0.0
0022500572,1610612755,PHI,2026-01-14,Toronto,Philadelphia,337.3,SE,0.0
0022500589,1610612755,PHI,2026-01-16,Philadelphia,Philadelphia,0.0,,0.0
0022500609,1610612755,PHI,2026-01-19,Philadelphia,Philadelphia,0.0,,0.0
0022500613,1610612755,PHI,2026-01-20,Philadelphia,Philadelphia,0.0,,0.0
0022500628,1610612755,PHI,2026-01-22,Philadelphia,Philadelphia,0.0,,0.0
0022500643,1610612755,PHI,2026-01-24,Philadelphia,Philadelphia,0.0,,0.0
0022500657,1610612755,PHI,2026-01-26,Philadelphia,Charlotte,447.8,SW,0.0
0022500666,1610612755,PHI,2026-01-27,Charlotte,Philadelphia,447.8,NE,0.0
0022500680,1610612755,PHI,2026-01-29,Philadelphia,Philadelphia,0.0,,0.0
0022500699,1610612755,PHI,2026-01-31,Philadelphia,Philadelphia,0.0,,0.0
0022500715,1610612755,PHI,2026-02-02,Philadelphia,Inglewood,2396.2,W,-3.0
0022500724,1610612755,PHI,2026-02-03,Inglewood,San Francisco,347.9,NW,0.0
0022500740,1610612755,PHI,2026-02-05,San Francisco,Los Angeles,345.5,SE,0.0
0022500754,1610612755,PHI,2026-02-07,Los Angeles,Phoenix,358.3,E,1.0
0022500770,1610612755,PHI,2026-02-09,Phoenix,Portland,1006.3,NW,-1.0
0022500780,1610612755,PHI,2026-02-11,Portland,Philadelphia,2406.4,E,3.0
0022500794,1610612755,PHI,2026-02-19,Philadelphia,Philadelphia,0.0,,0.0
0022500812,1610612755,PHI,2026-02-21,Philadelphia,New Orleans,1086.5,SW,-1.0
0022500824,1610612755,PHI,2026-02-22,New Orleans,Minneapolis,1053.0,N,0.0
0022500831,1610612755,PHI,2026-02-24,Minneapolis,Indianapolis,511.4,SE,1.0
0022500849,1610612755,PHI,2026-02-26,Indianapolis,Philadelphia,582.5,E,0.0
0022500874,1610612755,PHI,2026-03-01,Philadelphia,Boston,273.4,NE,0.0
0022500888,1610612755,PHI,2026-03-03,Boston,Philadelphia,273.4,SW,0.0
0022500895,1610612755,PHI,2026-03-04,Philadelphia,Philadelphia,0.0,,0.0
0022500917,1610612755,PHI,2026-03-07,Philadelphia,Atlanta,663.0,SW,0.0
0022500931,1610612755,PHI,2026-03-09,Atlanta,Cleveland,554.8,N,0.0
0022500936,1610612755,PHI,2026-03-10,Cleveland,Philadelphia,358.6,E,0.0
0022500953,1610612755,PHI,2026-03-12,Philadelphia,Detroit,443.4,NW,0.0
0022500969,1610612755,PHI,2026-03-14,Detroit,Philadelphia,443.4,E,0.0
0022500980,1610612755,PHI,2026-03-15,Philadelphia,Philadelphia,0.0,,0.0
0022500997,1610612755,PHI,2026-03-17,Philadelphia,Denver,1575.8,W,-2.0
0022501015,1610612755,PHI,2026-03-19,Denver,Sacramento,885.9,W,-1.0
0022501030,1610612755,PHI,2026-03-21,Sacramento,Salt Lake City,532.1,E,1.0
0022501040,1610612755,PHI,2026-03-23,Salt Lake City,Philadelphia,1921.2,E,2.0
0022501053,1610612755,PHI,2026-03-25,Philadelphia,Philadelphia,0.0,,0.0
0022501077,1610612755,PHI,2026-03-28,Philadelphia,Charlotte,447.8,SW,0.0
0022501091,1610612755,PHI,2026-03-30,Charlotte,Miami,653.7,S,0.0
0022501105,1610612755,PHI,2026-04-01,Miami,Washington,924.8,N,0.0
0022501121,1610612755,PHI,2026-04-03,Washington,Philadelphia,120.6,NE,0.0
0022501131,1610612755,PHI,2026-04-04,Philadelphia,Philadelphia,0.0,,0.0
0022501146,1610612755,PHI,2026-04-06,Philadelphia,San Antonio,1500.7,W,-1.0
0022501169,1610612755,PHI,2026-04-09,San Antonio,Houston,186.1,E,0.0
0022501175,1610612755,PHI,2026-04-10,Houston,Indianapolis,866.0,NE,1.0
0022501191,1610612755,PHI,2026-04-12,Indianapolis,Philadelphia,582.5,E,0.0
0022500088,1610612756,PHX,2025-10-22,Phoenix,Phoenix,0.0,,0.0
0022500099,1610612756,PHX,2025-10-24,Phoenix,Inglewood,362.1,W,0.0
0022500104,1610612756,PHX,2025-10-25,Inglewood,Denver,838.0,NE,1.0
0022500120,1610612756,PHX,2025-10-27,Denver,Salt Lake City,370.1,W,0.0
0022500137,1610612756,PHX,2025-10-29,Salt Lake City,Phoenix,506.0,S,-1.0
0022500025,1610612756,PHX,2025-10-31,Phoenix,Phoenix,0.0,,0.0
0022500154,1610612756,PHX,2025-11-02,Phoenix,Phoenix,0.0,,0.0
0022500169,1610612756,PHX,2025-11-04,Phoenix,San Francisco,651.4,NW,-1.0
0022500182,1610612756,PHX,2025-11-06,San Francisco,Phoenix,651.4,SE,1.0
0022500190,1610612756,PHX,2025-11-08,Phoenix,Inglewood,362.1,W,-1.0
0022500204,1610612756,PHX,2025-11-10,Inglewood,Phoenix,362.1,E,1.0
0022500221,1610612756,PHX,2025-11-12,Phoenix,Dallas,883.5,E,1.0
0022500226,1610612756,PHX,2025-11-13,Dallas,Phoenix,883.5,W,-1.0
0022500239,1610612756,PHX,2025-11-16,Phoenix,Phoenix,0.0,,0.0
0022500254,1610612756,PHX,2025-11-18,Phoenix,Portland,1006.3,NW,-1.0
0022500053,1610612756,PHX,2025-11-21,Portland,Phoenix,1006.3,SE,1.0
0022500281,1610612756,PHX,2025-11-23,Phoenix,Phoenix,0.0,,0.0
0022500290,1610612756,PHX,2025-11-24,Phoenix,Phoenix,0.0,,0.0
0022500068,1610612756,PHX,2025-11-26,Phoenix,Sacramento,634.7,NW,-1.0
0022500075,1610612756,PHX,2025-11-28,Sacramento,Oklahoma City,1336.6,E,2.0
0022500299,1610612756,PHX,2025-11-29,Oklahoma City,Phoenix,840.1,W,-1.0
0022500317,1610612756,PHX,2025-12-01,Phoenix,Los Angeles,358.3,W,-1.0
0022500346,1610612756,PHX,2025-12-05,Los Angeles,Houston,1372.8,E,2.0
0022500365,1610612756,PHX,2025-12-08,Houston,Minneapolis,1058.3,N,0.0
0022501203,1610612756,PHX,2025-12-10,Minneapolis,Oklahoma City,694.2,S,0.0
0022501228,1610612756,PHX,2025-12-14,Oklahoma City,Phoenix,840.1,W,-1.0
0022500378,1610612756,PHX,2025-12-18,Phoenix,Phoenix,0.0,,0.0
0022500392,1610612756,PHX,2025-12-20,Phoenix,San Francisco,651.4,NW,-1.0
0022500418,1610612756,PHX,2025-12-23,San Francisco,Phoenix,651.4,SE,1.0
0022500429,1610612756,PHX,2025-12-26,Phoenix,New Orleans,1312.5,E,1.0
0022500434,1610612756,PHX,2025-12-27,New Orleans,New Orleans,0.0,,0.0
0022500448,1610612756,PHX,2025-12-29,New Orleans,Washington,965.9,NE,1.0
0022500465,1610612756,PHX,2025-12-31,Washington,Cleveland,304.7,NW,0.0
0022500483,1610612756,PHX,2026-01-02,Cleveland,Phoenix,1745.9,W,-2.0
0022500499,1610612756,PHX,2026-01-04,Phoenix,Phoenix,0.0,,0.0
0022500505,1610612756,PHX,2026-01-05,Phoenix,Houston,1014.7,E,1.0
0022500524,1610612756,PHX,2026-01-07,Houston,Memphis,484.1,NE,0.0
0022500538,1610612756,PHX,2026-01-09,Memphis,Phoenix,1259.9,W,-1.0
0022500555,1610612756,PHX,2026-01-11,Phoenix,Phoenix,0.0,,0.0
0022500564,1610612756,PHX,2026-01-13,Phoenix,Miami,1978.4,E,2.0
0022500579,1610612756,PHX,2026-01-15,Miami,Detroit,1155.7,N,0.0
0022500596,1610612756,PHX,2026-01-17,Detroit,New York,481.0,E,0.0
0022500610,1610612756,PHX,2026-01-19,New York,Brooklyn,4.8,S,0.0
0022500613,1610612756,PHX,2026-01-20,Brooklyn,Philadelphia,83.0,SW,0.0
0022500636,1610612756,PHX,2026-01-23,Philadelphia,Atlanta,663.0,SW,0.0
0022500655,1610612756,PHX,2026-01-25,Atlanta,Phoenix,1588.0,W,-2.0
0022500669,1610612756,PHX,2026-01-27,Phoenix,Phoenix,0.0,,0.0
0022500685,1610612756,PHX,2026-01-29,Phoenix,Phoenix,0.0,,0.0
0022500693,1610612756,PHX,2026-01-30,Phoenix,Phoenix,0.0,,0.0
0022500709,1610612756,PHX,2026-02-01,Phoenix,Phoenix,0.0,,0.0
0022500725,1610612756,PHX,2026-02-03,Phoenix,Portland,1006.3,NW,-1.0
0022500739,1610612756,PHX,2026-02-05,Portland,Phoenix,1006.3,SE,1.0
0022500754,1610612756,PHX,2026-02-07,Phoenix,Phoenix,0.0,,0.0
0022500773,1610612756,PHX,2026-02-10,Phoenix,Phoenix,0.0,,0.0
0022500785,1610612756,PHX,2026-02-11,Phoenix,Phoenix,0.0,,0.0
0022500798,1610612756,PHX,2026-02-19,Phoenix,San Antonio,849.5,E,1.0
0022500811,1610612756,PHX,2026-02-21,San Antonio,Phoenix,849.5,NW,-1.0
0022500826,1610612756,PHX,2026-02-22,Phoenix,Phoenix,0.0,,0.0
0022500839,1610612756,PHX,2026-02-24,Phoenix,Phoenix,0.0,,0.0
0022500855,1610612756,PHX,2026-02-26,Phoenix,Phoenix,0.0,,0.0
0022500892,1610612756,PHX,2026-03-03,Phoenix,Sacramento,634.7,NW,-1.0
0022500905,1610612756,PHX,2026-03-05,Sacramento,Phoenix,634.7,SE,1.0
0022500912,1610612756,PHX,2026-03-06,Phoenix,Phoenix,0.0,,0.0
0022500928,1610612756,PHX,2026-03-08,Phoenix,Phoenix,0.0,,0.0
0022500941,1610612756,PHX,2026-03-10,Phoenix,Milwaukee,1461.7,NE,2.0
0022500954,1610612756,PHX,2026-03-12,Milwaukee,Indianapolis,244.4,SE,1.0
0022500963,1610612756,PHX,2026-03-13,Indianapolis,Toronto,440.3,NE,0.0
0022500986,1610612756,PHX,2026-03-16,Toronto,Boston,429.2,E,0.0
0022500996,1610612756,PHX,2026-03-17,Boston,Minneapolis,1121.1,W,-1.0
0022501013,1610612756,PHX,2026-03-19,Minneapolis,San Antonio,1110.9,S,0.0
0022501031,1610612756,PHX,2026-03-21,San Antonio,Phoenix,849.5,NW,-2.0
0022501036,1610612756,PHX,2026-03-22,Phoenix,Phoenix,0.0,,0.0
0022501050,1610612756,PHX,2026-03-24,Phoenix,Phoenix,0.0,,0.0
0022501081,1610612756,PHX,2026-03-28,Phoenix,Phoenix,0.0,,0.0
0022501093,1610612756,PHX,2026-03-30,Phoenix,Memphis,1259.9,E,2.0
0022501099,1610612756,PHX,2026-03-31,Memphis,Orlando,682.6,SE,1.0
0022501114,1610612756,PHX,2026-04-02,Orlando,Charlotte,463.1,N,0.0
0022501134,1610612756,PHX,2026-04-05,Charlotte,Chicago,589.4,NW,-1.0
0022501157,1610612756,PHX,2026-04-07,Chicago,Phoenix,1449.6,W,-2.0
0022501164,1610612756,PHX,2026-04-08,Phoenix,Phoenix,0.0,,0.0
0022501185,1610612756,PHX,2026-04-10,Phoenix,Los Angeles,358.3,W,0.0
0022501196,1610612756,PHX,2026-04-12,Los Angeles,Oklahoma City,1180.0,E,2.0
0022500089,1610612757,POR,2025-10-22,Portland,Portland,0.0,,0.0
0022500097,1610612757,POR,2025-10-24,Portland,Portland,0.0,,0.0
0022500112,1610612757,POR,2025-10-26,Portland,Inglewood,832.5,S,0.0
0022500122,1610612757,POR,2025-10-27,Inglewood,Los Angeles,8.0,NE,0.0
0022500135,1610612757,POR,2025-10-29,Los Angeles,Salt Lake City,581.0,NE,1.0
0022500026,1610612757,POR,2025-10-31,Salt Lake City,Portland,633.9,NW,-1.0
0022500163,1610612757,POR,2025-11-03,Portland,Portland,0.0,,0.0
0022500180,1610612757,POR,2025-11-05,Portland,Portland,0.0,,0.0
0022500187,1610612757,POR,2025-11-08,Portland,Miami,2704.4,E,3.0
0022500200,1610612757,POR,2025-11-10,Miami,Orlando,204.3,N,0.0
0022500219,1610612757,POR,2025-11-12,Orlando,New Orleans,533.2,W,-1.0
0022500042,1610612757,POR,2025-11-14,New Orleans,Houston,316.7,W,0.0
0022500238,1610612757,POR,2025-11-16,Houston,Dallas,226.8,N,0.0
0022500254,1610612757,POR,2025-11-18,Dallas,Portland,1630.0,NW,-2.0
0022500263,1610612757,POR,2025-11-19,Portland,Portland,0.0,,0.0
0022500056,1610612757,POR,2025-11-21,Portland,San Francisco,536.6,S,0.0
0022500280,1610612757,POR,2025-11-23,San Francisco,Oklahoma City,1384.4,E,2.0
0022500288,1610612757,POR,2025-11-24,Oklahoma City,Milwaukee,732.6,NE,0.0
0022500067,1610612757,POR,2025-11-26,Milwaukee,Portland,1713.8,W,-2.0
0022500305,1610612757,POR,2025-11-30,Portland,Portland,0.0,,0.0
0022500319,1610612757,POR,2025-12-02,Portland,Toronto,2108.1,E,3.0
0022500324,1610612757,POR,2025-12-03,Toronto,Cleveland,189.2,SW,0.0
0022500342,1610612757,POR,2025-12-05,Cleveland,Detroit,91.3,NW,0.0
0022500360,1610612757,POR,2025-12-07,Detroit,Memphis,623.9,SW,-1.0
0022501207,1610612757,POR,2025-12-11,Memphis,New Orleans,358.5,S,0.0
0022501221,1610612757,POR,2025-12-14,New Orleans,Portland,2059.5,NW,-2.0
0022500380,1610612757,POR,2025-12-18,Portland,Portland,0.0,,0.0
0022500394,1610612757,POR,2025-12-20,Portland,Sacramento,484.0,S,0.0
0022500408,1610612757,POR,2025-12-22,Sacramento,Portland,484.0,N,0.0
0022500420,1610612757,POR,2025-12-23,Portland,Portland,0.0,,0.0
0022500431,1610612757,POR,2025-12-26,Portland,Portland,0.0,,0.0
0022500444,1610612757,POR,2025-12-28,Portland,Portland,0.0,,0.0
0022500457,1610612757,POR,2025-12-29,Portland,Portland,0.0,,0.0
0022500470,1610612757,POR,2025-12-31,Portland,Oklahoma City,1484.6,E,2.0
0022500482,1610612757,POR,2026-01-02,Oklahoma City,New Orleans,575.8,SE,0.0
0022500490,1610612757,POR,2026-01-03,New Orleans,San Antonio,502.7,W,0.0
0022500509,1610612757,POR,2026-01-05,San Antonio,Portland,1720.8,NW,-2.0
0022500527,1610612757,POR,2026-01-07,Portland,Portland,0.0,,0.0
0022500540,1610612757,POR,2026-01-09,Portland,Portland,0.0,,0.0
0022500551,1610612757,POR,2026-01-11,Portland,Portland,0.0,,0.0
0022500570,1610612757,POR,2026-01-13,Portland,San Francisco,536.6,S,0.0
0022500585,1610612757,POR,2026-01-15,San Francisco,Portland,536.6,N,0.0
0022500601,1610612757,POR,2026-01-17,Portland,Portland,0.0,,0.0
0022500606,1610612757,POR,2026-01-18,Portland,Sacramento,484.0,S,0.0
0022500634,1610612757,POR,2026-01-22,Sacramento,Portland,484.0,N,0.0
0022500642,1610612757,POR,2026-01-23,Portland,Portland,0.0,,0.0
0022500660,1610612757,POR,2026-01-26,Portland,Boston,2531.9,E,3.0
0022500664,1610612757,POR,2026-01-27,Boston,Washington,393.6,SW,0.0
0022500690,1610612757,POR,2026-01-30,Washington,New York,205.4,NE,0.0
0022500710,1610612757,POR,2026-02-01,New York,Portland,2438.1,NW,-3.0
0022500725,1610612757,POR,2026-02-03,Portland,Portland,0.0,,0.0
0022500745,1610612757,POR,2026-02-06,Portland,Portland,0.0,,0.0
0022500755,1610612757,POR,2026-02-07,Portland,Portland,0.0,,0.0
0022500770,1610612757,POR,2026-02-09,Portland,Portland,0.0,,0.0
0022500783,1610612757,POR,2026-02-11,Portland,Minneapolis,1422.0,E,2.0
0022500790,1610612757,POR,2026-02-12,Minneapolis,Salt Lake City,984.4,W,-1.0
0022500810,1610612757,POR,2026-02-20,Salt Lake City,Portland,633.9,NW,-1.0
0022500826,1610612757,POR,2026-02-22,Portland,Phoenix,1006.3,SE,1.0
0022500841,1610612757,POR,2026-02-24,Phoenix,Portland,1006.3,NW,-1.0
0022500853,1610612757,POR,2026-02-26,Portland,Chicago,1751.7,E,2.0
0022500863,1610612757,POR,2026-02-28,Chicago,Charlotte,589.4,SE,1.0
0022500873,1610612757,POR,2026-03-01,Charlotte,Atlanta,226.5,SW,0.0
0022500896,1610612757,POR,2026-03-04,Atlanta,Memphis,335.9,W,-1.0
0022500910,1610612757,POR,2026-03-06,Memphis,Houston,484.1,SW,0.0
0022500929,1610612757,POR,2026-03-08,Houston,Portland,1834.4,NW,-2.0
0022500944,1610612757,POR,2026-03-10,Portland,Portland,0.0,,0.0
0022500967,1610612757,POR,2026-03-13,Portland,Portland,0.0,,0.0
0022500980,1610612757,POR,2026-03-15,Portland,Philadelphia,2406.4,E,3.0
0022500985,1610612757,POR,2026-03-16,Philadelphia,Brooklyn,83.0,NE,0.0
0022501001,1610612757,POR,2026-03-18,Brooklyn,Indianapolis,645.2,W,0.0
0022501020,1610612757,POR,2026-03-20,Indianapolis,Minneapolis,511.4,NW,-1.0
0022501032,1610612757,POR,2026-03-22,Minneapolis,Denver,698.5,SW,-1.0
0022501045,1610612757,POR,2026-03-23,Denver,Portland,979.7,NW,-1.0
0022501061,1610612757,POR,2026-03-25,Portland,Portland,0.0,,0.0
0022501074,1610612757,POR,2026-03-27,Portland,Portland,0.0,,0.0
0022501087,1610612757,POR,2026-03-29,Portland,Portland,0.0,,0.0
0022501104,1610612757,POR,2026-03-31,Portland,Inglewood,832.5,S,0.0
0022501118,1610612757,POR,2026-04-02,Inglewood,Portland,832.5,N,0.0
0022501147,1610612757,POR,2026-04-06,Portland,Denver,979.7,E,1.0
0022501161,1610612757,POR,2026-04-08,Denver,San Antonio,804.6,SE,1.0
0022501183,1610612757,POR,2026-04-10,San Antonio,Portland,1720.8,NW,-2.0
0022501200,1610612757,POR,2026-04-12,Portland,Portland,0.0,,0.0
0022500088,1610612758,SAC,2025-10-22,Sacramento,Phoenix,634.7,SE,0.0
0022500098,1610612758,SAC,2025-10-24,Phoenix,Sacramento,634.7,NW,0.0
0022500113,1610612758,SAC,2025-10-26,Sacramento,Sacramento,0.0,,0.0
0022500126,1610612758,SAC,2025-10-28,Sacramento,Oklahoma City,1336.6,E,2.0
0022500132,1610612758,SAC,2025-10-29,Oklahoma City,Chicago,690.9,NE,0.0
0022500142,1610612758,SAC,2025-11-01,Chicago,Milwaukee,81.4,N,0.0
0022500162,1610612758,SAC,2025-11-03,Milwaukee,Denver,912.8,W,-1.0
0022500181,1610612758,SAC,2025-11-05,Denver,Sacramento,885.9,W,-1.0
0022500038,1610612758,SAC,2025-11-07,Sacramento,Sacramento,0.0,,0.0
0022500197,1610612758,SAC,2025-11-09,Sacramento,Sacramento,0.0,,0.0
0022500212,1610612758,SAC,2025-11-11,Sacramento,Sacramento,0.0,,0.0
0022500223,1610612758,SAC,2025-11-12,Sacramento,Sacramento,0.0,,0.0
0022500044,1610612758,SAC,2025-11-14,Sacramento,Minneapolis,1511.1,NE,2.0
0022500234,1610612758,SAC,2025-11-16,Minneapolis,San Antonio,1110.9,S,0.0
0022500261,1610612758,SAC,2025-11-19,San Antonio,Oklahoma City,420.5,N,0.0
0022500265,1610612758,SAC,2025-11-20,Oklahoma City,Memphis,421.4,E,0.0
0022500274,1610612758,SAC,2025-11-22,Memphis,Denver,878.8,NW,-1.0
0022500292,1610612758,SAC,2025-11-24,Denver,Sacramento,885.9,W,-1.0
0022500068,1610612758,SAC,2025-11-26,Sacramento,Sacramento,0.0,,0.0
0022500077,1610612758,SAC,2025-11-28,Sacramento,Salt Lake City,532.1,E,1.0
0022500307,1610612758,SAC,2025-11-30,Salt Lake City,Sacramento,532.1,W,-1.0
0022500330,1610612758,SAC,2025-12-03,Sacramento,Houston,1606.9,E,2.0
0022500354,1610612758,SAC,2025-12-06,Houston,Miami,966.6,E,1.0
0022500364,1610612758,SAC,2025-12-08,Miami,Indianapolis,1025.8,N,0.0
0022501208,1610612758,SAC,2025-12-11,Indianapolis,Sacramento,1882.7,W,-3.0
0022501220,1610612758,SAC,2025-12-14,Sacramento,Minneapolis,1511.1,NE,2.0
0022500380,1610612758,SAC,2025-12-18,Minneapolis,Portland,1422.0,W,-2.0
0022500394,1610612758,SAC,2025-12-20,Portland,Sacramento,484.0,S,0.0
0022500401,1610612758,SAC,2025-12-21,Sacramento,Sacramento,0.0,,0.0
0022500421,1610612758,SAC,2025-12-23,Sacramento,Sacramento,0.0,,0.0
0022500432,1610612758,SAC,2025-12-27,Sacramento,Sacramento,0.0,,0.0
0022500446,1610612758,SAC,2025-12-28,Sacramento,Los Angeles,361.4,SE,0.0
0022500461,1610612758,SAC,2025-12-30,Los Angeles,Inglewood,8.0,SW,0.0
0022500474,1610612758,SAC,2026-01-01,Inglewood,Sacramento,365.3,NW,0.0
0022500483,1610612758,SAC,2026-01-02,Sacramento,Phoenix,634.7,SE,1.0
0022500500,1610612758,SAC,2026-01-04,Phoenix,Sacramento,634.7,NW,-1.0
0022500515,1610612758,SAC,2026-01-06,Sacramento,Sacramento,0.0,,0.0
0022500539,1610612758,SAC,2026-01-09,Sacramento,San Francisco,74.0,SW,0.0
0022500557,1610612758,SAC,2026-01-11,San Francisco,Sacramento,74.0,NE,0.0
0022500562,1610612758,SAC,2026-01-12,Sacramento,Sacramento,0.0,,0.0
0022500576,1610612758,SAC,2026-01-14,Sacramento,Sacramento,0.0,,0.0
0022500592,1610612758,SAC,2026-01-16,Sacramento,Sacramento,0.0,,0.0
0022500606,1610612758,SAC,2026-01-18,Sacramento,Sacramento,0.0,,0.0
0022500619,1610612758,SAC,2026-01-20,Sacramento,Sacramento,0.0,,0.0
0022500626,1610612758,SAC,2026-01-21,Sacramento,Sacramento,0.0,,0.0
0022500638,1610612758,SAC,2026-01-23,Sacramento,Cleveland,2097.0,E,3.0
0022500650,1610612758,SAC,2026-01-25,Cleveland,Detroit,91.3,NW,0.0
0022500665,1610612758,SAC,2026-01-27,Detroit,New York,481.0,E,0.0
0022500680,1610612758,SAC,2026-01-29,New York,Philadelphia,85.4,SW,0.0
0022500689,1610612758,SAC,2026-01-30,Philadelphia,Boston,273.4,NE,0.0
0022500707,1610612758,SAC,2026-02-01,Boston,Washington,393.6,SW,0.0
0022500731,1610612758,SAC,2026-02-04,Washington,Sacramento,2372.8,W,-3.0
0022500746,1610612758,SAC,2026-02-06,Sacramento,Sacramento,0.0,,0.0
0022500756,1610612758,SAC,2026-02-07,Sacramento,Sacramento,0.0,,0.0
0022500766,1610612758,SAC,2026-02-09,Sacramento,New Orleans,1879.8,E,2.0
0022500786,1610612758,SAC,2026-02-11,New Orleans,Salt Lake City,1432.8,NW,-1.0
0022500800,1610612758,SAC,2026-02-19,Salt Lake City,Sacramento,532.1,W,-1.0
0022500815,1610612758,SAC,2026-02-21,Sacramento,San Antonio,1459.0,E,2.0
0022500829,1610612758,SAC,2026-02-23,San Antonio,Memphis,628.6,NE,0.0
0022500845,1610612758,SAC,2026-02-25,Memphis,Houston,484.1,SW,0.0
0022500854,1610612758,SAC,2026-02-26,Houston,Dallas,226.8,N,0.0
0022500878,1610612758,SAC,2026-03-01,Dallas,Los Angeles,1238.2,W,-2.0
0022500892,1610612758,SAC,2026-03-03,Los Angeles,Sacramento,361.4,NW,0.0
0022500907,1610612758,SAC,2026-03-05,Sacramento,Sacramento,0.0,,0.0
0022500930,1610612758,SAC,2026-03-08,Sacramento,Sacramento,0.0,,0.0
0022500945,1610612758,SAC,2026-03-10,Sacramento,Sacramento,0.0,,0.0
0022500951,1610612758,SAC,2026-03-11,Sacramento,Sacramento,0.0,,0.0
0022500975,1610612758,SAC,2026-03-14,Sacramento,Inglewood,365.3,SE,0.0
0022500982,1610612758,SAC,2026-03-15,Inglewood,Sacramento,365.3,NW,0.0
0022500998,1610612758,SAC,2026-03-17,Sacramento,Sacramento,0.0,,0.0
0022501015,1610612758,SAC,2026-03-19,Sacramento,Sacramento,0.0,,0.0
0022501033,1610612758,SAC,2026-03-22,Sacramento,Sacramento,0.0,,0.0
0022501047,1610612758,SAC,2026-03-24,Sacramento,Charlotte,2240.2,E,3.0
0022501065,1610612758,SAC,2026-03-26,Charlotte,Orlando,463.1,S,0.0
0022501078,1610612758,SAC,2026-03-28,Orlando,Atlanta,402.1,NW,0.0
0022501084,1610612758,SAC,2026-03-29,Atlanta,Brooklyn,745.8,NE,0.0
0022501108,1610612758,SAC,2026-04-01,Brooklyn,Toronto,344.0,NW,0.0
0022501128,1610612758,SAC,2026-04-03,Toronto,Sacramento,2196.4,W,-3.0
0022501141,1610612758,SAC,2026-04-05,Sacramento,Sacramento,0.0,,0.0
0022501154,1610612758,SAC,2026-04-07,Sacramento,San Francisco,74.0,SW,0.0
0022501184,1610612758,SAC,2026-04-10,San Francisco,Sacramento,74.0,NE,0.0
0022501200,1610612758,SAC,2026-04-12,Sacramento,Portland,484.0,N,0.0
0022500004,1610612759,SAS,2025-10-22,San Antonio,Dallas,251.5,N,0.0
0022500095,1610612759,SAS,2025-10-24,Dallas,New Orleans,442.7,SE,0.0
0022500105,1610612759,SAS,2025-10-26,New Orleans,San Antonio,502.7,W,0.0
0022500118,1610612759,SAS,2025-10-27,San Antonio,San Antonio,0.0,,0.0
0022500141,1610612759,SAS,2025-10-30,San Antonio,San Antonio,0.0,,0.0
0022500154,1610612759,SAS,2025-11-02,San Antonio,Phoenix,849.5,NW,-1.0
0022500179,1610612759,SAS,2025-11-05,Phoenix,Los Angeles,358.3,W,-1.0
0022500032,1610612759,SAS,2025-11-07,Los Angeles,San Antonio,1205.9,E,2.0
0022500188,1610612759,SAS,2025-11-08,San Antonio,San Antonio,0.0,,0.0
0022500202,1610612759,SAS,2025-11-10,San Antonio,Chicago,1049.5,NE,0.0
0022500220,1610612759,SAS,2025-11-12,Chicago,San Antonio,1049.5,SW,0.0
0022500047,1610612759,SAS,2025-11-14,San Antonio,San Antonio,0.0,,0.0
0022500234,1610612759,SAS,2025-11-16,San Antonio,San Antonio,0.0,,0.0
0022500252,1610612759,SAS,2025-11-18,San Antonio,San Antonio,0.0,,0.0
0022500267,1610612759,SAS,2025-11-20,San Antonio,San Antonio,0.0,,0.0
0022500281,1610612759,SAS,2025-11-23,San Antonio,Phoenix,849.5,NW,-1.0
0022500067,1610612759,SAS,2025-11-26,Phoenix,Portland,1006.3,NW,-1.0
0022500076,1610612759,SAS,2025-11-28,Portland,Denver,979.7,E,1.0
0022500306,1610612759,SAS,2025-11-30,Denver,Minneapolis,698.5,NE,1.0
0022500322,1610612759,SAS,2025-12-02,Minneapolis,San Antonio,1110.9,S,0.0
0022500326,1610612759,SAS,2025-12-03,San Antonio,Orlando,1031.6,E,1.0
0022500341,1610612759,SAS,2025-12-05,Orlando,Cleveland,895.4,N,0.0
0022500366,1610612759,SAS,2025-12-08,Cleveland,New Orleans,925.3,SW,-1.0
0022501204,1610612759,SAS,2025-12-10,New Orleans,Los Angeles,1670.2,W,-2.0
0022501230,1610612759,SAS,2025-12-13,Los Angeles,Oklahoma City,1180.0,E,2.0
0022500370,1610612759,SAS,2025-12-18,Oklahoma City,San Antonio,420.5,S,0.0
0022500383,1610612759,SAS,2025-12-19,San Antonio,Atlanta,878.0,NE,1.0
0022500399,1610612759,SAS,2025-12-21,Atlanta,Washington,542.5,NE,0.0
0022500417,1610612759,SAS,2025-12-23,Washington,San Antonio,1383.4,W,-1.0
0022500010,1610612759,SAS,2025-12-25,San Antonio,Oklahoma City,420.5,N,0.0
0022500440,1610612759,SAS,2025-12-27,Oklahoma City,San Antonio,420.5,S,0.0
0022500456,1610612759,SAS,2025-12-29,San Antonio,San Antonio,0.0,,0.0
0022500467,1610612759,SAS,2025-12-31,San Antonio,San Antonio,0.0,,0.0
0022500476,1610612759,SAS,2026-01-02,San Antonio,Indianapolis,997.1,NE,1.0
0022500490,1610612759,SAS,2026-01-03,Indianapolis,San Antonio,997.1,SW,-1.0
0022500512,1610612759,SAS,2026-01-06,San Antonio,Memphis,628.6,NE,0.0
0022500523,1610612759,SAS,2026-01-07,Memphis,San Antonio,628.6,SW,0.0
0022500545,1610612759,SAS,2026-01-10,San Antonio,Boston,1762.3,NE,1.0
0022500552,1610612759,SAS,2026-01-11,Boston,Minneapolis,1121.1,W,-1.0
0022500568,1610612759,SAS,2026-01-13,Minneapolis,Oklahoma City,694.2,S,0.0
0022500582,1610612759,SAS,2026-01-15,Oklahoma City,San Antonio,420.5,S,0.0
0022500598,1610612759,SAS,2026-01-17,San Antonio,San Antonio,0.0,,0.0
0022500611,1610612759,SAS,2026-01-19,San Antonio,San Antonio,0.0,,0.0
0022500615,1610612759,SAS,2026-01-20,San Antonio,Houston,186.1,E,0.0
0022500632,1610612759,SAS,2026-01-22,Houston,Salt Lake City,1200.6,NW,-1.0
0022500654,1610612759,SAS,2026-01-25,Salt Lake City,San Antonio,1089.8,SE,1.0
0022500679,1610612759,SAS,2026-01-28,San Antonio,Houston,186.1,E,0.0
0022500697,1610612759,SAS,2026-01-31,Houston,Charlotte,925.8,NE,1.0
0022500703,1610612759,SAS,2026-02-01,Charlotte,San Antonio,1100.8,W,-1.0
0022500730,1610612759,SAS,2026-02-04,San Antonio,San Antonio,0.0,,0.0
0022500738,1610612759,SAS,2026-02-05,San Antonio,Dallas,251.5,N,0.0
0022500749,1610612759,SAS,2026-02-07,Dallas,San Antonio,251.5,SW,0.0
0022500774,1610612759,SAS,2026-02-10,San Antonio,Los Angeles,1205.9,W,-2.0
0022500788,1610612759,SAS,2026-02-11,Los Angeles,San Francisco,345.5,NW,0.0
0022500798,1610612759,SAS,2026-02-19,San Francisco,San Antonio,1488.5,E,2.0
0022500815,1610612759,SAS,2026-02-21,San Antonio,San Antonio,0.0,,0.0
0022500828,1610612759,SAS,2026-02-23,San Antonio,Detroit,1236.2,NE,1.0
0022500843,1610612759,SAS,2026-02-25,Detroit,Toronto,206.4,NE,0.0
0022500851,1610612759,SAS,2026-02-26,Toronto,Brooklyn,344.0,SE,0.0
0022500868,1610612759,SAS,2026-03-01,Brooklyn,New York,4.8,N,0.0
0022500888,1610612759,SAS,2026-03-03,New York,Philadelphia,85.4,SW,0.0
0022500904,1610612759,SAS,2026-03-05,Philadelphia,San Antonio,1500.7,W,-1.0
0022500913,1610612759,SAS,2026-03-06,San Antonio,San Antonio,0.0,,0.0
0022500927,1610612759,SAS,2026-03-08,San Antonio,San Antonio,0.0,,0.0
0022500942,1610612759,SAS,2026-03-10,San Antonio,San Antonio,0.0,,0.0
0022500958,1610612759,SAS,2026-03-12,San Antonio,San Antonio,0.0,,0.0
0022500973,1610612759,SAS,2026-03-14,San Antonio,San Antonio,0.0,,0.0
0022500990,1610612759,SAS,2026-03-16,San Antonio,Inglewood,1209.0,W,-2.0
0022500998,1610612759,SAS,2026-03-17,Inglewood,Sacramento,365.3,NW,0.0
0022501013,1610612759,SAS,2026-03-19,Sacramento,San Antonio,1459.0,E,2.0
0022501028,1610612759,SAS,2026-03-21,San Antonio,San Antonio,0.0,,0.0
0022501041,1610612759,SAS,2026-03-23,San Antonio,Miami,1144.2,E,1.0
0022501056,1610612759,SAS,2026-03-25,Miami,Memphis,872.5,NW,-1.0
0022501076,1610612759,SAS,2026-03-28,Memphis,Milwaukee,558.1,N,0.0
0022501094,1610612759,SAS,2026-03-30,Milwaukee,San Antonio,1106.6,SW,0.0
0022501113,1610612759,SAS,2026-04-01,San Antonio,San Francisco,1488.5,NW,-2.0
0022501119,1610612759,SAS,2026-04-02,San Francisco,Inglewood,347.9,SE,0.0
0022501130,1610612759,SAS,2026-04-04,Inglewood,Denver,838.0,NE,1.0
0022501146,1610612759,SAS,2026-04-06,Denver,San Antonio,804.6,SE,1.0
0022501161,1610612759,SAS,2026-04-08,San Antonio,San Antonio,0.0,,0.0
0022501180,1610612759,SAS,2026-04-10,San Antonio,San Antonio,0.0,,0.0
0022501197,1610612759,SAS,2026-04-12,San Antonio,San Antonio,0.0,,0.0
0022500001,1610612760,OKC,2025-10-21,Oklahoma City,Oklahoma City,0.0,,0.0
0022500005,1610612760,OKC,2025-10-23,Oklahoma City,Indianapolis,688.4,NE,1.0
0022500101,1610612760,OKC,2025-10-25,Indianapolis,Atlanta,426.3,S,0.0
0022500119,1610612760,OKC,2025-10-27,Atlanta,Dallas,719.8,W,-1.0
0022500126,1610612760,OKC,2025-10-28,Dallas,Oklahoma City,189.0,N,0.0
0022500140,1610612760,OKC,2025-10-30,Oklahoma City,Oklahoma City,0.0,,0.0
0022500148,1610612760,OKC,2025-11-02,Oklahoma City,Oklahoma City,0.0,,0.0
0022500170,1610612760,OKC,2025-11-04,Oklahoma City,Inglewood,1185.4,W,-2.0
0022500180,1610612760,OKC,2025-11-05,Inglewood,Portland,832.5,N,0.0
0022500038,1610612760,OKC,2025-11-07,Portland,Sacramento,484.0,S,0.0
0022500194,1610612760,OKC,2025-11-09,Sacramento,Memphis,1746.2,E,2.0
0022500210,1610612760,OKC,2025-11-11,Memphis,Oklahoma City,421.4,W,0.0
0022500222,1610612760,OKC,2025-11-12,Oklahoma City,Oklahoma City,0.0,,0.0
0022500229,1610612760,OKC,2025-11-15,Oklahoma City,Charlotte,938.9,E,1.0
0022500247,1610612760,OKC,2025-11-17,Charlotte,New Orleans,649.5,SW,-1.0
0022500261,1610612760,OKC,2025-11-19,New Orleans,Oklahoma City,575.8,NW,0.0
0022500055,1610612760,OKC,2025-11-21,Oklahoma City,Salt Lake City,862.2,NW,-1.0
0022500280,1610612760,OKC,2025-11-23,Salt Lake City,Oklahoma City,862.2,E,1.0
0022500064,1610612760,OKC,2025-11-26,Oklahoma City,Oklahoma City,0.0,,0.0
0022500075,1610612760,OKC,2025-11-28,Oklahoma City,Oklahoma City,0.0,,0.0
0022500305,1610612760,OKC,2025-11-30,Oklahoma City,Portland,1484.6,NW,-2.0
0022500323,1610612760,OKC,2025-12-02,Portland,San Francisco,536.6,S,0.0
0022500349,1610612760,OKC,2025-12-05,San Francisco,Oklahoma City,1384.4,E,2.0
0022500363,1610612760,OKC,2025-12-07,Oklahoma City,Salt Lake City,862.2,NW,-1.0
0022501203,1610612760,OKC,2025-12-10,Salt Lake City,Oklahoma City,862.2,E,1.0
0022501230,1610612760,OKC,2025-12-13,Oklahoma City,San Antonio,420.5,S,0.0
0022500369,1610612760,OKC,2025-12-18,San Antonio,Oklahoma City,420.5,N,0.0
0022500385,1610612760,OKC,2025-12-19,Oklahoma City,Minneapolis,694.2,N,0.0
0022500406,1610612760,OKC,2025-12-22,Minneapolis,Oklahoma City,694.2,S,0.0
0022500417,1610612760,OKC,2025-12-23,Oklahoma City,San Antonio,420.5,S,0.0
0022500010,1610612760,OKC,2025-12-25,San Antonio,Oklahoma City,420.5,N,0.0
0022500442,1610612760,OKC,2025-12-28,Oklahoma City,Oklahoma City,0.0,,0.0
0022500455,1610612760,OKC,2025-12-29,Oklahoma City,Oklahoma City,0.0,,0.0
0022500470,1610612760,OKC,2025-12-31,Oklahoma City,Oklahoma City,0.0,,0.0
0022500484,1610612760,OKC,2026-01-02,Oklahoma City,San Francisco,1384.4,W,-2.0
0022500499,1610612760,OKC,2026-01-04,San Francisco,Phoenix,651.4,SE,1.0
0022500506,1610612760,OKC,2026-01-05,Phoenix,Oklahoma City,840.1,E,1.0
0022500525,1610612760,OKC,2026-01-07,Oklahoma City,Oklahoma City,0.0,,0.0
0022500536,1610612760,OKC,2026-01-09,Oklahoma City,Memphis,421.4,E,0.0
0022500553,1610612760,OKC,2026-01-11,Memphis,Oklahoma City,421.4,W,0.0
0022500568,1610612760,OKC,2026-01-13,Oklahoma City,Oklahoma City,0.0,,0.0
0022500581,1610612760,OKC,2026-01-15,Oklahoma City,Houston,414.1,S,0.0
0022500597,1610612760,OKC,2026-01-17,Houston,Miami,966.6,E,1.0
0022500015,1610612760,OKC,2026-01-19,Miami,Cleveland,1089.2,N,0.0
0022500625,1610612760,OKC,2026-01-21,Cleveland,Milwaukee,335.9,W,-1.0
0022500641,1610612760,OKC,2026-01-23,Milwaukee,Oklahoma City,732.6,SW,0.0
0022500653,1610612760,OKC,2026-01-25,Oklahoma City,Oklahoma City,0.0,,0.0
0022500667,1610612760,OKC,2026-01-27,Oklahoma City,Oklahoma City,0.0,,0.0
0022500686,1610612760,OKC,2026-01-29,Oklahoma City,Minneapolis,694.2,N,0.0
0022500711,1610612760,OKC,2026-02-01,Minneapolis,Denver,698.5,SW,-1.0
0022500723,1610612760,OKC,2026-02-03,Denver,Oklahoma City,505.5,SE,1.0
0022500730,1610612760,OKC,2026-02-04,Oklahoma City,San Antonio,420.5,S,0.0
0022500748,1610612760,OKC,2026-02-07,San Antonio,Oklahoma City,420.5,N,0.0
0022500769,1610612760,OKC,2026-02-09,Oklahoma City,Los Angeles,1180.0,W,-2.0
0022500785,1610612760,OKC,2026-02-11,Los Angeles,Phoenix,358.3,E,1.0
0022500789,1610612760,OKC,2026-02-12,Phoenix,Oklahoma City,840.1,E,1.0
0022500808,1610612760,OKC,2026-02-20,Oklahoma City,Oklahoma City,0.0,,0.0
0022500817,1610612760,OKC,2026-02-22,Oklahoma City,Oklahoma City,0.0,,0.0
0022500834,1610612760,OKC,2026-02-24,Oklahoma City,Toronto,1115.8,NE,1.0
0022500842,1610612760,OKC,2026-02-25,Toronto,Detroit,206.4,SW,0.0
0022500862,1610612760,OKC,2026-02-27,Detroit,Oklahoma City,909.4,SW,-1.0
0022500876,1610612760,OKC,2026-03-01,Oklahoma City,Dallas,189.0,S,0.0
0022500889,1610612760,OKC,2026-03-03,Dallas,Chicago,803.0,NE,0.0
0022500893,1610612760,OKC,2026-03-04,Chicago,New York,713.5,E,1.0
0022500920,1610612760,OKC,2026-03-07,New York,Oklahoma City,1325.4,W,-1.0
0022500933,1610612760,OKC,2026-03-09,Oklahoma City,Oklahoma City,0.0,,0.0
0022500959,1610612760,OKC,2026-03-12,Oklahoma City,Oklahoma City,0.0,,0.0
0022500976,1610612760,OKC,2026-03-15,Oklahoma City,Oklahoma City,0.0,,0.0
0022500992,1610612760,OKC,2026-03-17,Oklahoma City,Orlando,1057.5,E,1.0
0022501000,1610612760,OKC,2026-03-18,Orlando,Brooklyn,938.0,NE,0.0
0022501022,1610612760,OKC,2026-03-21,Brooklyn,Washington,203.3,SW,0.0
0022501040,1610612760,OKC,2026-03-23,Washington,Philadelphia,120.6,NE,0.0
0022501054,1610612760,OKC,2026-03-25,Philadelphia,Boston,273.4,NE,0.0
0022501070,1610612760,OKC,2026-03-27,Boston,Oklahoma City,1492.8,W,-1.0
0022501089,1610612760,OKC,2026-03-29,Oklahoma City,Oklahoma City,0.0,,0.0
0022501097,1610612760,OKC,2026-03-30,Oklahoma City,Oklahoma City,0.0,,0.0
0022501116,1610612760,OKC,2026-04-02,Oklahoma City,Oklahoma City,0.0,,0.0
0022501139,1610612760,OKC,2026-04-05,Oklahoma City,Oklahoma City,0.0,,0.0
0022501155,1610612760,OKC,2026-04-07,Oklahoma City,Los Angeles,1180.0,W,-2.0
0022501163,1610612760,OKC,2026-04-08,Los Angeles,Inglewood,8.0,SW,0.0
0022501182,1610612760,OKC,2026-04-10,Inglewood,Denver,838.0,NE,1.0
0022501196,1610612760,OKC,2026-04-12,Denver,Oklahoma City,505.5,SE,1.0
0022500082,1610612761,TOR,2025-10-22,Toronto,Atlanta,734.3,SW,0.0
0022500092,1610612761,TOR,2025-10-24,Atlanta,Toronto,734.3,N,0.0
0022500111,1610612761,TOR,2025-10-26,Toronto,Dallas,1203.1,SW,-1.0
0022500118,1610612761,TOR,2025-10-27,Dallas,San Antonio,251.5,SW,0.0
0022500131,1610612761,TOR,2025-10-29,San Antonio,Toronto,1437.2,NE,1.0
0022500022,1610612761,TOR,2025-10-31,Toronto,Cleveland,189.2,SW,0.0
0022500152,1610612761,TOR,2025-11-02,Cleveland,Toronto,189.2,NE,0.0
0022500165,1610612761,TOR,2025-11-04,Toronto,Toronto,0.0,,0.0
0022500030,1610612761,TOR,2025-11-07,Toronto,Atlanta,734.3,SW,0.0
0022500184,1610612761,TOR,2025-11-08,Atlanta,Philadelphia,663.0,NE,0.0
0022500207,1610612761,TOR,2025-11-11,Philadelphia,Brooklyn,83.0,NE,0.0
0022500225,1610612761,TOR,2025-11-13,Brooklyn,Cleveland,405.4,W,0.0
0022500230,1610612761,TOR,2025-11-15,Cleveland,Indianapolis,263.0,SW,0.0
0022500245,1610612761,TOR,2025-11-17,Indianapolis,Toronto,440.3,NE,0.0
0022500258,1610612761,TOR,2025-11-19,Toronto,Philadelphia,337.3,SE,0.0
0022500050,1610612761,TOR,2025-11-21,Philadelphia,Toronto,337.3,NW,0.0
0022500279,1610612761,TOR,2025-11-23,Toronto,Toronto,0.0,,0.0
0022500284,1610612761,TOR,2025-11-24,Toronto,Toronto,0.0,,0.0
0022500063,1610612761,TOR,2025-11-26,Toronto,Toronto,0.0,,0.0
0022500294,1610612761,TOR,2025-11-29,Toronto,Charlotte,586.8,S,0.0
0022500303,1610612761,TOR,2025-11-30,Charlotte,New York,533.3,NE,0.0
0022500319,1610612761,TOR,2025-12-02,New York,Toronto,340.4,NW,0.0
0022500336,1610612761,TOR,2025-12-04,Toronto,Toronto,0.0,,0.0
0022500344,1610612761,TOR,2025-12-05,Toronto,Toronto,0.0,,0.0
0022500358,1610612761,TOR,2025-12-07,Toronto,Toronto,0.0,,0.0
0022501202,1610612761,TOR,2025-12-09,Toronto,Toronto,0.0,,0.0
0022501227,1610612761,TOR,2025-12-15,Toronto,Miami,1235.0,S,0.0
0022500374,1610612761,TOR,2025-12-18,Miami,Milwaukee,1270.2,N,-1.0
0022500388,1610612761,TOR,2025-12-20,Milwaukee,Toronto,430.8,E,1.0
0022500397,1610612761,TOR,2025-12-21,Toronto,Brooklyn,344.0,SE,0.0
0022500414,1610612761,TOR,2025-12-23,Brooklyn,Miami,1089.6,S,0.0
0022500425,1610612761,TOR,2025-12-26,Miami,Washington,924.8,N,0.0
0022500441,1610612761,TOR,2025-12-28,Washington,Toronto,350.0,N,0.0
0022500451,1610612761,TOR,2025-12-29,Toronto,Toronto,0.0,,0.0
0022500468,1610612761,TOR,2025-12-31,Toronto,Toronto,0.0,,0.0
0022500488,1610612761,TOR,2026-01-03,Toronto,Toronto,0.0,,0.0
0022500504,1610612761,TOR,2026-01-05,Toronto,Toronto,0.0,,0.0
0022500516,1610612761,TOR,2026-01-07,Toronto,Charlotte,586.8,S,0.0
0022500532,1610612761,TOR,2026-01-09,Charlotte,Boston,720.7,NE,0.0
0022500550,1610612761,TOR,2026-01-11,Boston,Toronto,429.2,W,0.0
0022500560,1610612761,TOR,2026-01-12,Toronto,Toronto,0.0,,0.0
0022500571,1610612761,TOR,2026-01-14,Toronto,Indianapolis,440.3,SW,0.0
0022500590,1610612761,TOR,2026-01-16,Indianapolis,Toronto,440.3,NE,0.0
0022500607,1610612761,TOR,2026-01-18,Toronto,Los Angeles,2173.0,W,-3.0
0022500618,1610612761,TOR,2026-01-20,Los Angeles,San Francisco,345.5,NW,0.0
0022500626,1610612761,TOR,2026-01-21,San Francisco,Sacramento,74.0,NE,0.0
0022500642,1610612761,TOR,2026-01-23,Sacramento,Portland,484.0,N,0.0
0022500653,1610612761,TOR,2026-01-25,Portland,Oklahoma City,1484.6,E,2.0
0022500675,1610612761,TOR,2026-01-28,Oklahoma City,Toronto,1115.8,NE,1.0
0022500687,1610612761,TOR,2026-01-30,Toronto,Orlando,1049.5,S,0.0
0022500706,1610612761,TOR,2026-02-01,Orlando,Toronto,1049.5,N,0.0
0022500727,1610612761,TOR,2026-02-04,Toronto,Toronto,0.0,,0.0
0022500736,1610612761,TOR,2026-02-05,Toronto,Toronto,0.0,,0.0
0022500759,1610612761,TOR,2026-02-08,Toronto,Toronto,0.0,,0.0
0022500781,1610612761,TOR,2026-02-11,Toronto,Toronto,0.0,,0.0
0022500797,1610612761,TOR,2026-02-19,Toronto,Chicago,437.8,W,-1.0
0022500819,1610612761,TOR,2026-02-22,Chicago,Milwaukee,81.4,N,0.0
0022500834,1610612761,TOR,2026-02-24,Milwaukee,Toronto,430.8,E,1.0
0022500843,1610612761,TOR,2026-02-25,Toronto,Toronto,0.0,,0.0
0022500865,1610612761,TOR,2026-02-28,Toronto,Washington,350.0,S,0.0
0022500887,1610612761,TOR,2026-03-03,Washington,Toronto,350.0,N,0.0
0022500903,1610612761,TOR,2026-03-05,Toronto,Minneapolis,692.4,W,-1.0
0022500924,1610612761,TOR,2026-03-08,Minneapolis,Toronto,692.4,E,1.0
0022500940,1610612761,TOR,2026-03-10,Toronto,Houston,1301.3,SW,-1.0
0022500948,1610612761,TOR,2026-03-11,Houston,New Orleans,316.7,E,0.0
0022500963,1610612761,TOR,2026-03-13,New Orleans,Toronto,1114.1,NE,1.0
0022500978,1610612761,TOR,2026-03-15,Toronto,Toronto,0.0,,0.0
0022501002,1610612761,TOR,2026-03-18,Toronto,Chicago,437.8,W,-1.0
0022501021,1610612761,TOR,2026-03-20,Chicago,Denver,916.7,W,-1.0
0022501036,1610612761,TOR,2026-03-22,Denver,Phoenix,585.4,SW,-1.0
0022501043,1610612761,TOR,2026-03-23,Phoenix,Salt Lake City,506.0,N,1.0
0022501062,1610612761,TOR,2026-03-25,Salt Lake City,Inglewood,589.0,SW,-1.0
0022501071,1610612761,TOR,2026-03-27,Inglewood,Toronto,2180.0,NE,3.0
0022501086,1610612761,TOR,2026-03-29,Toronto,Toronto,0.0,,0.0
0022501101,1610612761,TOR,2026-03-31,Toronto,Detroit,206.4,SW,0.0
0022501108,1610612761,TOR,2026-04-01,Detroit,Toronto,206.4,NE,0.0
0022501125,1610612761,TOR,2026-04-03,Toronto,Memphis,817.2,SW,-1.0
0022501132,1610612761,TOR,2026-04-05,Memphis,Boston,1135.1,NE,1.0
0022501151,1610612761,TOR,2026-04-07,Boston,Toronto,429.2,W,0.0
0022501165,1610612761,TOR,2026-04-09,Toronto,Toronto,0.0,,0.0
0022501176,1610612761,TOR,2026-04-10,Toronto,New York,340.4,SE,0.0
0022501192,1610612761,TOR,2026-04-12,New York,Toronto,340.4,NW,0.0
0022500087,1610612762,UTA,2025-10-22,Salt Lake City,Salt Lake City,0.0,,0.0
0022500098,1610612762,UTA,2025-10-24,Salt Lake City,Sacramento,532.1,W,-1.0
0022500120,1610612762,UTA,2025-10-27,Sacramento,Salt Lake City,532.1,E,1.0
0022500135,1610612762,UTA,2025-10-29,Salt Lake City,Salt Lake City,0.0,,0.0
0022500025,1610612762,UTA,2025-10-31,Salt Lake City,Phoenix,506.0,S,-1.0
0022500150,1610612762,UTA,2025-11-02,Phoenix,Charlotte,1778.9,E,2.0
0022500158,1610612762,UTA,2025-11-03,Charlotte,Boston,720.7,NE,0.0
0022500172,1610612762,UTA,2025-11-05,Boston,Detroit,611.9,W,0.0
0022500036,1610612762,UTA,2025-11-07,Detroit,Minneapolis,542.0,NW,-1.0
0022500205,1610612762,UTA,2025-11-10,Minneapolis,Salt Lake City,984.4,W,-1.0
0022500211,1610612762,UTA,2025-11-11,Salt Lake City,Salt Lake City,0.0,,0.0
0022500227,1610612762,UTA,2025-11-13,Salt Lake City,Salt Lake City,0.0,,0.0
0022500240,1610612762,UTA,2025-11-16,Salt Lake City,Salt Lake City,0.0,,0.0
0022500253,1610612762,UTA,2025-11-18,Salt Lake City,Los Angeles,581.0,SW,-1.0
0022500055,1610612762,UTA,2025-11-21,Los Angeles,Salt Lake City,581.0,NE,1.0
0022500282,1610612762,UTA,2025-11-23,Salt Lake City,Salt Lake City,0.0,,0.0
0022500291,1610612762,UTA,2025-11-24,Salt Lake City,San Francisco,597.6,W,-1.0
0022500077,1610612762,UTA,2025-11-28,San Francisco,Salt Lake City,597.6,NE,1.0
0022500301,1610612762,UTA,2025-11-30,Salt Lake City,Salt Lake City,0.0,,0.0
0022500316,1610612762,UTA,2025-12-01,Salt Lake City,Salt Lake City,0.0,,0.0
0022500335,1610612762,UTA,2025-12-04,Salt Lake City,Brooklyn,1970.1,E,2.0
0022500343,1610612762,UTA,2025-12-05,Brooklyn,New York,4.8,N,0.0
0022500363,1610612762,UTA,2025-12-07,New York,Salt Lake City,1968.2,W,-2.0
0022501213,1610612762,UTA,2025-12-12,Salt Lake City,Memphis,1248.5,E,1.0
0022501224,1610612762,UTA,2025-12-15,Memphis,Salt Lake City,1248.5,NW,-1.0
0022500379,1610612762,UTA,2025-12-18,Salt Lake City,Salt Lake City,0.0,,0.0
0022500393,1610612762,UTA,2025-12-20,Salt Lake City,Salt Lake City,0.0,,0.0
0022500405,1610612762,UTA,2025-12-22,Salt Lake City,Denver,370.1,E,0.0
0022500419,1610612762,UTA,2025-12-23,Denver,Salt Lake City,370.1,W,0.0
0022500430,1610612762,UTA,2025-12-26,Salt Lake City,Salt Lake City,0.0,,0.0
0022500440,1610612762,UTA,2025-12-27,Salt Lake City,San Antonio,1089.8,SE,1.0
0022500459,1610612762,UTA,2025-12-30,San Antonio,Salt Lake City,1089.8,NW,-1.0
0022500475,1610612762,UTA,2026-01-01,Salt Lake City,Inglewood,589.0,SW,-1.0
0022500492,1610612762,UTA,2026-01-03,Inglewood,San Francisco,347.9,NW,0.0
0022500509,1610612762,UTA,2026-01-05,San Francisco,Portland,536.6,N,0.0
0022500525,1610612762,UTA,2026-01-07,Portland,Oklahoma City,1484.6,E,2.0
0022500531,1610612762,UTA,2026-01-08,Oklahoma City,Salt Lake City,862.2,NW,-1.0
0022500547,1610612762,UTA,2026-01-10,Salt Lake City,Salt Lake City,0.0,,0.0
0022500558,1610612762,UTA,2026-01-12,Salt Lake City,Cleveland,1565.1,E,2.0
0022500573,1610612762,UTA,2026-01-14,Cleveland,Chicago,309.9,W,-1.0
0022500583,1610612762,UTA,2026-01-15,Chicago,Dallas,803.0,SW,0.0
0022500593,1610612762,UTA,2026-01-17,Dallas,Dallas,0.0,,0.0
0022500611,1610612762,UTA,2026-01-19,Dallas,San Antonio,251.5,SW,0.0
0022500616,1610612762,UTA,2026-01-20,San Antonio,Salt Lake City,1089.8,NW,-1.0
0022500632,1610612762,UTA,2026-01-22,Salt Lake City,Salt Lake City,0.0,,0.0
0022500649,1610612762,UTA,2026-01-24,Salt Lake City,Salt Lake City,0.0,,0.0
0022500670,1610612762,UTA,2026-01-27,Salt Lake City,Salt Lake City,0.0,,0.0
0022500678,1610612762,UTA,2026-01-28,Salt Lake City,Salt Lake City,0.0,,0.0
0022500694,1610612762,UTA,2026-01-30,Salt Lake City,Salt Lake City,0.0,,0.0
0022500706,1610612762,UTA,2026-02-01,Salt Lake City,Toronto,1665.5,E,2.0
0022500717,1610612762,UTA,2026-02-03,Toronto,Indianapolis,440.3,SW,0.0
0022500735,1610612762,UTA,2026-02-05,Indianapolis,Atlanta,426.3,S,0.0
0022500750,1610612762,UTA,2026-02-07,Atlanta,Orlando,402.1,SE,0.0
0022500763,1610612762,UTA,2026-02-09,Orlando,Miami,204.3,S,0.0
0022500786,1610612762,UTA,2026-02-11,Miami,Salt Lake City,2087.6,NW,-2.0
0022500790,1610612762,UTA,2026-02-12,Salt Lake City,Salt Lake City,0.0,,0.0
0022500804,1610612762,UTA,2026-02-20,Salt Lake City,Memphis,1248.5,E,1.0
0022500830,1610612762,UTA,2026-02-23,Memphis,Houston,484.1,SW,0.0
0022500856,1610612762,UTA,2026-02-26,Houston,Salt Lake City,1200.6,NW,-1.0
0022500867,1610612762,UTA,2026-02-28,Salt Lake City,Salt Lake City,0.0,,0.0
0022500881,1610612762,UTA,2026-03-02,Salt Lake City,Salt Lake City,0.0,,0.0
0022500895,1610612762,UTA,2026-03-04,Salt Lake City,Philadelphia,1921.2,E,2.0
0022500900,1610612762,UTA,2026-03-05,Philadelphia,Washington,120.6,SW,0.0
0022500919,1610612762,UTA,2026-03-07,Washington,Milwaukee,635.9,NW,-1.0
0022500934,1610612762,UTA,2026-03-09,Milwaukee,Salt Lake City,1239.0,W,-1.0
0022500949,1610612762,UTA,2026-03-11,Salt Lake City,Salt Lake City,0.0,,0.0
0022500967,1610612762,UTA,2026-03-13,Salt Lake City,Portland,633.9,NW,-1.0
0022500982,1610612762,UTA,2026-03-15,Portland,Sacramento,484.0,S,0.0
0022501004,1610612762,UTA,2026-03-18,Sacramento,Minneapolis,1511.1,NE,2.0
0022501014,1610612762,UTA,2026-03-19,Minneapolis,Salt Lake City,984.4,W,-1.0
0022501030,1610612762,UTA,2026-03-21,Salt Lake City,Salt Lake City,0.0,,0.0
0022501043,1610612762,UTA,2026-03-23,Salt Lake City,Salt Lake City,0.0,,0.0
0022501057,1610612762,UTA,2026-03-25,Salt Lake City,Salt Lake City,0.0,,0.0
0022501072,1610612762,UTA,2026-03-27,Salt Lake City,Denver,370.1,E,0.0
0022501081,1610612762,UTA,2026-03-28,Denver,Phoenix,585.4,SW,-1.0
0022501096,1610612762,UTA,2026-03-30,Phoenix,Salt Lake City,506.0,N,1.0
0022501112,1610612762,UTA,2026-04-01,Salt Lake City,Salt Lake City,0.0,,0.0
0022501124,1610612762,UTA,2026-04-03,Salt Lake City,Houston,1200.6,SE,1.0
0022501139,1610612762,UTA,2026-04-05,Houston,Oklahoma City,414.1,N,0.0
0022501153,1610612762,UTA,2026-04-07,Oklahoma City,New Orleans,575.8,SE,0.0
0022501181,1610612762,UTA,2026-04-10,New Orleans,Salt Lake City,1432.8,NW,-1.0
0022501198,1610612762,UTA,2026-04-12,Salt Lake City,Los Angeles,581.0,SW,-1.0
0022500085,1610612763,MEM,2025-10-22,Memphis,Memphis,0.0,,0.0
0022500094,1610612763,MEM,2025-10-24,Memphis,Memphis,0.0,,0.0
0022500103,1610612763,MEM,2025-10-25,Memphis,Memphis,0.0,,0.0
0022500121,1610612763,MEM,2025-10-27,Memphis,San Francisco,1797.4,W,-2.0
0022500137,1610612763,MEM,2025-10-29,San Francisco,Phoenix,651.4,SE,0.0
0022500024,1610612763,MEM,2025-10-31,Phoenix,Memphis,1259.9,E,2.0
0022500152,1610612763,MEM,2025-11-02,Memphis,Toronto,817.2,NE,1.0
0022500161,1610612763,MEM,2025-11-03,Toronto,Memphis,817.2,SW,-1.0
0022500176,1610612763,MEM,2025-11-05,Memphis,Memphis,0.0,,0.0
0022500034,1610612763,MEM,2025-11-07,Memphis,Memphis,0.0,,0.0
0022500194,1610612763,MEM,2025-11-09,Memphis,Memphis,0.0,,0.0
0022500208,1610612763,MEM,2025-11-11,Memphis,New York,955.1,NE,1.0
0022500216,1610612763,MEM,2025-11-12,New York,Boston,188.2,NE,0.0
0022500228,1610612763,MEM,2025-11-15,Boston,Cleveland,549.1,W,0.0
0022500252,1610612763,MEM,2025-11-18,Cleveland,San Antonio,1254.4,SW,-1.0
0022500265,1610612763,MEM,2025-11-20,San Antonio,Memphis,628.6,NE,0.0
0022500273,1610612763,MEM,2025-11-22,Memphis,Dallas,419.8,W,0.0
0022500287,1610612763,MEM,2025-11-24,Dallas,Memphis,419.8,NE,0.0
0022500065,1610612763,MEM,2025-11-26,Memphis,New Orleans,358.5,S,0.0
0022500079,1610612763,MEM,2025-11-28,New Orleans,Inglewood,1674.3,W,-2.0
0022500307,1610612763,MEM,2025-11-30,Inglewood,Sacramento,365.3,NW,0.0
0022500322,1610612763,MEM,2025-12-02,Sacramento,San Antonio,1459.0,E,2.0
0022500347,1610612763,MEM,2025-12-05,San Antonio,Memphis,628.6,NE,0.0
0022500360,1610612763,MEM,2025-12-07,Memphis,Memphis,0.0,,0.0
0022501213,1610612763,MEM,2025-12-12,Memphis,Memphis,0.0,,0.0
0022501226,1610612763,MEM,2025-12-15,Memphis,Inglewood,1606.9,W,-2.0
0022500368,1610612763,MEM,2025-12-17,Inglewood,Minneapolis,1529.9,NE,2.0
0022500391,1610612763,MEM,2025-12-20,Minneapolis,Memphis,700.9,S,0.0
0022500406,1610612763,MEM,2025-12-22,Memphis,Oklahoma City,421.4,W,0.0
0022500419,1610612763,MEM,2025-12-23,Oklahoma City,Salt Lake City,862.2,NW,-1.0
0022500428,1610612763,MEM,2025-12-26,Salt Lake City,Memphis,1248.5,E,1.0
0022500443,1610612763,MEM,2025-12-28,Memphis,Washington,763.5,NE,1.0
0022500458,1610612763,MEM,2025-12-30,Washington,Memphis,763.5,W,-1.0
0022500485,1610612763,MEM,2026-01-02,Memphis,Los Angeles,1601.4,W,-2.0
0022500501,1610612763,MEM,2026-01-04,Los Angeles,Los Angeles,0.0,,0.0
0022500512,1610612763,MEM,2026-01-06,Los Angeles,Memphis,1601.4,E,2.0
0022500524,1610612763,MEM,2026-01-07,Memphis,Memphis,0.0,,0.0
0022500536,1610612763,MEM,2026-01-09,Memphis,Memphis,0.0,,0.0
0022500549,1610612763,MEM,2026-01-11,Memphis,Memphis,0.0,,0.0
0022500578,1610612763,MEM,2026-01-15,Memphis,Orlando,682.6,SE,1.0
0022500602,1610612763,MEM,2026-01-18,Orlando,Memphis,682.6,NW,-1.0
0022500623,1610612763,MEM,2026-01-21,Memphis,Memphis,0.0,,0.0
0022500639,1610612763,MEM,2026-01-23,Memphis,Memphis,0.0,,0.0
0022500662,1610612763,MEM,2026-01-26,Memphis,Houston,484.1,SW,0.0
0022500676,1610612763,MEM,2026-01-28,Houston,Memphis,484.1,NE,0.0
0022500691,1610612763,MEM,2026-01-30,Memphis,New Orleans,358.5,S,0.0
0022500700,1610612763,MEM,2026-01-31,New Orleans,Memphis,358.5,N,0.0
0022500714,1610612763,MEM,2026-02-02,Memphis,Memphis,0.0,,0.0
0022500731,1610612763,MEM,2026-02-04,Memphis,Sacramento,1746.2,W,-2.0
0022500745,1610612763,MEM,2026-02-06,Sacramento,Portland,484.0,N,0.0
0022500755,1610612763,MEM,2026-02-07,Portland,Portland,0.0,,0.0
0022500768,1610612763,MEM,2026-02-09,Portland,San Francisco,536.6,S,0.0
0022500787,1610612763,MEM,2026-02-11,San Francisco,Denver,944.8,E,1.0
0022500804,1610612763,MEM,2026-02-20,Denver,Memphis,878.8,E,1.0
0022500813,1610612763,MEM,2026-02-21,Memphis,Miami,872.5,SE,1.0
0022500829,1610612763,MEM,2026-02-23,Miami,Memphis,872.5,NW,-1.0
0022500844,1610612763,MEM,2026-02-25,Memphis,Memphis,0.0,,0.0
0022500861,1610612763,MEM,2026-02-27,Memphis,Dallas,419.8,W,0.0
0022500872,1610612763,MEM,2026-03-01,Dallas,Indianapolis,763.5,NE,1.0
0022500890,1610612763,MEM,2026-03-03,Indianapolis,Minneapolis,511.4,NW,-1.0
0022500896,1610612763,MEM,2026-03-04,Minneapolis,Memphis,700.9,S,0.0
0022500918,1610612763,MEM,2026-03-07,Memphis,Memphis,0.0,,0.0
0022500932,1610612763,MEM,2026-03-09,Memphis,Brooklyn,954.5,NE,1.0
0022500936,1610612763,MEM,2026-03-10,Brooklyn,Philadelphia,83.0,SW,0.0
0022501111,1610612763,MEM,2026-03-12,Philadelphia,Memphis,877.9,W,-1.0
0022500961,1610612763,MEM,2026-03-13,Memphis,Detroit,623.9,NE,1.0
0022500987,1610612763,MEM,2026-03-16,Detroit,Chicago,238.9,W,-1.0
0022500651,1610612763,MEM,2026-03-18,Chicago,Memphis,483.2,S,0.0
0022501019,1610612763,MEM,2026-03-20,Memphis,Memphis,0.0,,0.0
0022501023,1610612763,MEM,2026-03-21,Memphis,Charlotte,520.0,E,1.0
0022501037,1610612763,MEM,2026-03-23,Charlotte,Atlanta,226.5,SW,0.0
0022501056,1610612763,MEM,2026-03-25,Atlanta,Memphis,335.9,W,-1.0
0022501069,1610612763,MEM,2026-03-27,Memphis,Memphis,0.0,,0.0
0022501079,1610612763,MEM,2026-03-28,Memphis,Memphis,0.0,,0.0
0022501093,1610612763,MEM,2026-03-30,Memphis,Memphis,0.0,,0.0
0022501003,1610612763,MEM,2026-04-01,Memphis,Memphis,0.0,,0.0
0022501125,1610612763,MEM,2026-04-03,Memphis,Memphis,0.0,,0.0
0022501135,1610612763,MEM,2026-04-05,Memphis,Milwaukee,558.1,N,0.0
0022501145,1610612763,MEM,2026-04-06,Milwaukee,Memphis,558.1,S,0.0
0022501162,1610612763,MEM,2026-04-08,Memphis,Denver,878.8,NW,-1.0
0022501181,1610612763,MEM,2026-04-10,Denver,Salt Lake City,370.1,W,0.0
0022501194,1610612763,MEM,2026-04-12,Salt Lake City,Houston,1200.6,SE,1.0
0022500086,1610612764,WAS,2025-10-22,Washington,Milwaukee,635.9,NW,-1.0
0022500096,1610612764,WAS,2025-10-24,Milwaukee,Dallas,857.3,SW,0.0
0022500109,1610612764,WAS,2025-10-26,Dallas,Washington,1183.0,NE,1.0
0022500123,1610612764,WAS,2025-10-28,Washington,Washington,0.0,,0.0
0022500140,1610612764,WAS,2025-10-30,Washington,Oklahoma City,1150.3,W,-1.0
0022500145,1610612764,WAS,2025-11-01,Oklahoma City,Washington,1150.3,E,1.0
0022500159,1610612764,WAS,2025-11-03,Washington,New York,205.4,NE,0.0
0022500174,1610612764,WAS,2025-11-05,New York,Boston,188.2,NE,0.0
0022500029,1610612764,WAS,2025-11-07,Boston,Washington,393.6,SW,0.0
0022500183,1610612764,WAS,2025-11-08,Washington,Washington,0.0,,0.0
0022500199,1610612764,WAS,2025-11-10,Washington,Detroit,395.7,NW,0.0
0022500218,1610612764,WAS,2025-11-12,Detroit,Houston,1106.3,SW,-1.0
0022500235,1610612764,WAS,2025-11-16,Houston,Washington,1219.1,NE,1.0
0022500259,1610612764,WAS,2025-11-19,Washington,Minneapolis,932.8,NW,-1.0
0022500050,1610612764,WAS,2025-11-21,Minneapolis,Toronto,692.4,E,1.0
0022500271,1610612764,WAS,2025-11-22,Toronto,Chicago,437.8,W,-1.0
0022500057,1610612764,WAS,2025-11-25,Chicago,Washington,596.8,E,1.0
0022500073,1610612764,WAS,2025-11-28,Washington,Indianapolis,491.6,W,0.0
0022500311,1610612764,WAS,2025-12-01,Indianapolis,Washington,491.6,E,0.0
0022500318,1610612764,WAS,2025-12-02,Washington,Philadelphia,120.6,NE,0.0
0022500334,1610612764,WAS,2025-12-04,Philadelphia,Washington,120.6,SW,0.0
0022500351,1610612764,WAS,2025-12-06,Washington,Washington,0.0,,0.0
0022501212,1610612764,WAS,2025-12-12,Washington,Washington,0.0,,0.0
0022501216,1610612764,WAS,2025-12-14,Washington,Indianapolis,491.6,W,0.0
0022500370,1610612764,WAS,2025-12-18,Indianapolis,San Antonio,997.1,SW,-1.0
0022500391,1610612764,WAS,2025-12-20,San Antonio,Memphis,628.6,NE,0.0
0022500399,1610612764,WAS,2025-12-21,Memphis,Washington,763.5,NE,1.0
0022500409,1610612764,WAS,2025-12-23,Washington,Charlotte,329.7,SW,0.0
0022500425,1610612764,WAS,2025-12-26,Charlotte,Washington,329.7,NE,0.0
0022500443,1610612764,WAS,2025-12-28,Washington,Washington,0.0,,0.0
0022500448,1610612764,WAS,2025-12-29,Washington,Washington,0.0,,0.0
0022500469,1610612764,WAS,2025-12-31,Washington,Milwaukee,635.9,NW,-1.0
0022500477,1610612764,WAS,2026-01-02,Milwaukee,Washington,635.9,SE,1.0
0022500498,1610612764,WAS,2026-01-04,Washington,Washington,0.0,,0.0
0022500511,1610612764,WAS,2026-01-06,Washington,Washington,0.0,,0.0
0022500518,1610612764,WAS,2026-01-07,Washington,Philadelphia,120.6,NE,0.0
0022500534,1610612764,WAS,2026-01-09,Philadelphia,Washington,120.6,SW,0.0
0022500555,1610612764,WAS,2026-01-11,Washington,Phoenix,1978.4,W,-2.0
0022500577,1610612764,WAS,2026-01-14,Phoenix,Inglewood,362.1,W,-1.0
0022500592,1610612764,WAS,2026-01-16,Inglewood,Sacramento,365.3,NW,0.0
0022500600,1610612764,WAS,2026-01-17,Sacramento,Denver,885.9,E,1.0
0022500608,1610612764,WAS,2026-01-19,Denver,Washington,1491.0,E,2.0
0022500629,1610612764,WAS,2026-01-22,Washington,Washington,0.0,,0.0
0022500645,1610612764,WAS,2026-01-24,Washington,Charlotte,329.7,SW,0.0
0022500664,1610612764,WAS,2026-01-27,Charlotte,Washington,329.7,NE,0.0
0022500681,1610612764,WAS,2026-01-29,Washington,Washington,0.0,,0.0
0022500688,1610612764,WAS,2026-01-30,Washington,Washington,0.0,,0.0
0022500707,1610612764,WAS,2026-02-01,Washington,Washington,0.0,,0.0
0022500718,1610612764,WAS,2026-02-03,Washington,Washington,0.0,,0.0
0022500733,1610612764,WAS,2026-02-05,Washington,Detroit,395.7,NW,0.0
0022500747,1610612764,WAS,2026-02-07,Detroit,Brooklyn,483.3,E,0.0
0022500758,1610612764,WAS,2026-02-08,Brooklyn,Washington,203.3,SW,0.0
0022500776,1610612764,WAS,2026-02-11,Washington,Cleveland,304.7,NW,0.0
0022500795,1610612764,WAS,2026-02-19,Cleveland,Washington,304.7,SE,0.0
0022500803,1610612764,WAS,2026-02-20,Washington,Washington,0.0,,0.0
0022500822,1610612764,WAS,2026-02-22,Washington,Washington,0.0,,0.0
0022500832,1610612764,WAS,2026-02-24,Washington,Atlanta,542.5,SW,0.0
0022500850,1610612764,WAS,2026-02-26,Atlanta,Atlanta,0.0,,0.0
0022500865,1610612764,WAS,2026-02-28,Atlanta,Washington,542.5,NE,0.0
0022500879,1610612764,WAS,2026-03-02,Washington,Washington,0.0,,0.0
0022500885,1610612764,WAS,2026-03-03,Washington,Orlando,758.1,S,0.0
0022500900,1610612764,WAS,2026-03-05,Orlando,Washington,758.1,N,0.0
0022500925,1610612764,WAS,2026-03-08,Washington,New Orleans,965.9,SW,-1.0
0022500938,1610612764,WAS,2026-03-10,New Orleans,Miami,669.1,SE,1.0
0022500955,1610612764,WAS,2026-03-12,Miami,Orlando,204.3,N,0.0
0022500971,1610612764,WAS,2026-03-14,Orlando,Boston,1116.1,NE,0.0
0022500984,1610612764,WAS,2026-03-16,Boston,Washington,393.6,SW,0.0
0022500993,1610612764,WAS,2026-03-17,Washington,Washington,0.0,,0.0
0022501009,1610612764,WAS,2026-03-19,Washington,Washington,0.0,,0.0
0022501022,1610612764,WAS,2026-03-21,Washington,Washington,0.0,,0.0
0022501034,1610612764,WAS,2026-03-22,Washington,New York,205.4,NE,0.0
0022501057,1610612764,WAS,2026-03-25,New York,Salt Lake City,1968.2,W,-2.0
0022501073,1610612764,WAS,2026-03-27,Salt Lake City,San Francisco,597.6,W,-1.0
0022501087,1610612764,WAS,2026-03-29,San Francisco,Portland,536.6,N,0.0
0022501098,1610612764,WAS,2026-03-30,Portland,Los Angeles,827.1,S,0.0
0022501105,1610612764,WAS,2026-04-01,Los Angeles,Washington,2296.5,E,3.0
0022501129,1610612764,WAS,2026-04-04,Washington,Miami,924.8,S,0.0
0022501133,1610612764,WAS,2026-04-05,Miami,Brooklyn,1089.6,N,0.0
0022501148,1610612764,WAS,2026-04-07,Brooklyn,Washington,203.3,SW,0.0
0022501166,1610612764,WAS,2026-04-09,Washington,Washington,0.0,,0.0
0022501172,1610612764,WAS,2026-04-10,Washington,Washington,0.0,,0.0
0022501187,1610612764,WAS,2026-04-12,Washington,Cleveland,304.7,NW,0.0
0022500084,1610612765,DET,2025-10-22,Detroit,Chicago,238.9,W,-1.0
0022500093,1610612765,DET,2025-10-24,Chicago,Houston,941.3,SW,0.0
0022500106,1610612765,DET,2025-10-26,Houston,Detroit,1106.3,NE,1.0
0022500007,1610612765,DET,2025-10-27,Detroit,Detroit,0.0,,0.0
0022500129,1610612765,DET,2025-10-29,Detroit,Detroit,0.0,,0.0
0022500147,1610612765,DET,2025-11-01,Detroit,Detroit,0.0,,0.0
0022500161,1610612765,DET,2025-11-03,Detroit,Memphis,623.9,SW,-1.0
0022500172,1610612765,DET,2025-11-05,Memphis,Detroit,623.9,NE,1.0
0022500031,1610612765,DET,2025-11-07,Detroit,Brooklyn,483.3,E,0.0
0022500195,1610612765,DET,2025-11-09,Brooklyn,Philadelphia,83.0,SW,0.0
0022500199,1610612765,DET,2025-11-10,Philadelphia,Detroit,443.4,NW,0.0
0022500214,1610612765,DET,2025-11-12,Detroit,Detroit,0.0,,0.0
0022500041,1610612765,DET,2025-11-14,Detroit,Detroit,0.0,,0.0
0022500242,1610612765,DET,2025-11-17,Detroit,Detroit,0.0,,0.0
0022500251,1610612765,DET,2025-11-18,Detroit,Atlanta,597.5,S,0.0
0022500272,1610612765,DET,2025-11-22,Atlanta,Milwaukee,669.3,N,-1.0
0022500283,1610612765,DET,2025-11-24,Milwaukee,Indianapolis,244.4,SE,1.0
0022500060,1610612765,DET,2025-11-26,Indianapolis,Boston,805.4,E,0.0
0022500072,1610612765,DET,2025-11-28,Boston,Detroit,611.9,W,0.0
0022500296,1610612765,DET,2025-11-29,Detroit,Miami,1155.7,S,0.0
0022500309,1610612765,DET,2025-12-01,Miami,Detroit,1155.7,N,0.0
0022500331,1610612765,DET,2025-12-03,Detroit,Milwaukee,251.6,W,-1.0
0022500342,1610612765,DET,2025-12-05,Milwaukee,Detroit,251.6,E,1.0
0022500353,1610612765,DET,2025-12-06,Detroit,Detroit,0.0,,0.0
0022501210,1610612765,DET,2025-12-12,Detroit,Detroit,0.0,,0.0
0022501222,1610612765,DET,2025-12-15,Detroit,Boston,611.9,E,0.0
0022500376,1610612765,DET,2025-12-18,Boston,Dallas,1549.3,W,-1.0
0022500390,1610612765,DET,2025-12-20,Dallas,Detroit,999.2,NE,1.0
0022500408,1610612765,DET,2025-12-22,Detroit,Portland,1963.0,W,-3.0
0022500421,1610612765,DET,2025-12-23,Portland,Sacramento,484.0,S,0.0
0022500430,1610612765,DET,2025-12-26,Sacramento,Salt Lake City,532.1,E,1.0
0022500445,1610612765,DET,2025-12-28,Salt Lake City,Inglewood,589.0,SW,-1.0
0022500460,1610612765,DET,2025-12-30,Inglewood,Los Angeles,8.0,NE,0.0
0022500472,1610612765,DET,2026-01-01,Los Angeles,Detroit,1980.4,NE,3.0
0022500494,1610612765,DET,2026-01-04,Detroit,Cleveland,91.3,SE,0.0
0022500502,1610612765,DET,2026-01-05,Cleveland,Detroit,91.3,NW,0.0
0022500517,1610612765,DET,2026-01-07,Detroit,Detroit,0.0,,0.0
0022500544,1610612765,DET,2026-01-10,Detroit,Detroit,0.0,,0.0
0022500579,1610612765,DET,2026-01-15,Detroit,Detroit,0.0,,0.0
0022500595,1610612765,DET,2026-01-17,Detroit,Detroit,0.0,,0.0
0022500017,1610612765,DET,2026-01-19,Detroit,Detroit,0.0,,0.0
0022500624,1610612765,DET,2026-01-21,Detroit,New Orleans,940.9,SW,-1.0
0022500635,1610612765,DET,2026-01-23,New Orleans,Detroit,940.9,NE,1.0
0022500650,1610612765,DET,2026-01-25,Detroit,Detroit,0.0,,0.0
0022500668,1610612765,DET,2026-01-27,Detroit,Denver,1154.6,W,-2.0
0022500685,1610612765,DET,2026-01-29,Denver,Phoenix,585.4,SW,0.0
0022500696,1610612765,DET,2026-01-30,Phoenix,San Francisco,651.4,NW,-1.0
0022500704,1610612765,DET,2026-02-01,San Francisco,Detroit,2085.2,E,3.0
0022500716,1610612765,DET,2026-02-03,Detroit,Detroit,0.0,,0.0
0022500733,1610612765,DET,2026-02-05,Detroit,Detroit,0.0,,0.0
0022500742,1610612765,DET,2026-02-06,Detroit,Detroit,0.0,,0.0
0022500761,1610612765,DET,2026-02-09,Detroit,Charlotte,505.9,S,0.0
0022500781,1610612765,DET,2026-02-11,Charlotte,Toronto,586.8,N,0.0
0022500796,1610612765,DET,2026-02-19,Toronto,New York,340.4,SE,0.0
0022500814,1610612765,DET,2026-02-21,New York,Chicago,713.5,W,-1.0
0022500828,1610612765,DET,2026-02-23,Chicago,Detroit,238.9,E,1.0
0022500842,1610612765,DET,2026-02-25,Detroit,Detroit,0.0,,0.0
0022500858,1610612765,DET,2026-02-27,Detroit,Detroit,0.0,,0.0
0022500875,1610612765,DET,2026-03-01,Detroit,Orlando,958.2,S,0.0
0022500884,1610612765,DET,2026-03-03,Orlando,Cleveland,895.4,N,0.0
0022500904,1610612765,DET,2026-03-05,Cleveland,San Antonio,1254.4,SW,-1.0
0022500916,1610612765,DET,2026-03-07,San Antonio,Detroit,1236.2,NE,1.0
0022500923,1610612765,DET,2026-03-08,Detroit,Miami,1155.7,S,0.0
0022500937,1610612765,DET,2026-03-10,Miami,Brooklyn,1089.6,N,0.0
0022500953,1610612765,DET,2026-03-12,Brooklyn,Detroit,483.3,W,0.0
0022500961,1610612765,DET,2026-03-13,Detroit,Detroit,0.0,,0.0
0022500978,1610612765,DET,2026-03-15,Detroit,Toronto,206.4,NE,0.0
0022500993,1610612765,DET,2026-03-17,Toronto,Washington,350.0,S,0.0
0022501009,1610612765,DET,2026-03-19,Washington,Washington,0.0,,0.0
0022501017,1610612765,DET,2026-03-20,Washington,Detroit,395.7,NW,0.0
0022501038,1610612765,DET,2026-03-23,Detroit,Detroit,0.0,,0.0
0022501051,1610612765,DET,2026-03-25,Detroit,Detroit,0.0,,0.0
0022501064,1610612765,DET,2026-03-26,Detroit,Detroit,0.0,,0.0
0022501080,1610612765,DET,2026-03-28,Detroit,Minneapolis,542.0,NW,-1.0
0022501097,1610612765,DET,2026-03-30,Minneapolis,Oklahoma City,694.2,S,0.0
0022501101,1610612765,DET,2026-03-31,Oklahoma City,Detroit,909.4,NE,1.0
0022501115,1610612765,DET,2026-04-02,Detroit,Detroit,0.0,,0.0
0022501131,1610612765,DET,2026-04-04,Detroit,Philadelphia,443.4,E,0.0
0022501144,1610612765,DET,2026-04-06,Philadelphia,Orlando,860.9,SW,0.0
0022501160,1610612765,DET,2026-04-08,Orlando,Detroit,958.2,N,0.0
0022501171,1610612765,DET,2026-04-10,Detroit,Charlotte,505.9,S,0.0
0022501188,1610612765,DET,2026-04-12,Charlotte,Indianapolis,428.0,NW,0.0
0022500080,1610612766,CHA,2025-10-22,Charlotte,Charlotte,0.0,,0.0
0022500102,1610612766,CHA,2025-10-25,Charlotte,Philadelphia,447.8,NE,0.0
0022500109,1610612766,CHA,2025-10-26,Philadelphia,Washington,120.6,SW,0.0
0022500124,1610612766,CHA,2025-10-28,Washington,Miami,924.8,S,0.0
0022500138,1610612766,CHA,2025-10-30,Miami,Charlotte,653.7,N,0.0
0022500143,1610612766,CHA,2025-11-01,Charlotte,Charlotte,0.0,,0.0
0022500150,1610612766,CHA,2025-11-02,Charlotte,Charlotte,0.0,,0.0
0022500168,1610612766,CHA,2025-11-04,Charlotte,New Orleans,649.5,SW,-1.0
0022500033,1610612766,CHA,2025-11-07,New Orleans,Miami,669.1,SE,1.0
0022500198,1610612766,CHA,2025-11-10,Miami,Charlotte,653.7,N,0.0
0022500213,1610612766,CHA,2025-11-12,Charlotte,Charlotte,0.0,,0.0
0022500043,1610612766,CHA,2025-11-14,Charlotte,Milwaukee,659.6,NW,-1.0
0022500229,1610612766,CHA,2025-11-15,Milwaukee,Charlotte,659.6,SE,1.0
0022500245,1610612766,CHA,2025-11-17,Charlotte,Toronto,586.8,N,0.0
0022500256,1610612766,CHA,2025-11-19,Toronto,Indianapolis,440.3,SW,0.0
0022500268,1610612766,CHA,2025-11-22,Indianapolis,Charlotte,428.0,SE,0.0
0022500276,1610612766,CHA,2025-11-23,Charlotte,Atlanta,226.5,SW,0.0
0022500061,1610612766,CHA,2025-11-26,Atlanta,Charlotte,226.5,NE,0.0
0022500071,1610612766,CHA,2025-11-28,Charlotte,Charlotte,0.0,,0.0
0022500294,1610612766,CHA,2025-11-29,Charlotte,Charlotte,0.0,,0.0
0022500312,1610612766,CHA,2025-12-01,Charlotte,Brooklyn,530.7,NE,0.0
0022500328,1610612766,CHA,2025-12-03,Brooklyn,New York,4.8,N,0.0
0022500344,1610612766,CHA,2025-12-05,New York,Toronto,340.4,NW,0.0
0022500359,1610612766,CHA,2025-12-07,Toronto,Charlotte,586.8,S,0.0
0022501209,1610612766,CHA,2025-12-12,Charlotte,Charlotte,0.0,,0.0
0022501218,1610612766,CHA,2025-12-14,Charlotte,Cleveland,435.7,N,0.0
0022500371,1610612766,CHA,2025-12-18,Cleveland,Charlotte,435.7,S,0.0
0022500390,1610612766,CHA,2025-12-20,Charlotte,Detroit,505.9,N,0.0
0022500402,1610612766,CHA,2025-12-22,Detroit,Cleveland,91.3,SE,0.0
0022500409,1610612766,CHA,2025-12-23,Cleveland,Charlotte,435.7,S,0.0
0022500424,1610612766,CHA,2025-12-26,Charlotte,Orlando,463.1,S,0.0
0022500447,1610612766,CHA,2025-12-29,Orlando,Charlotte,463.1,N,0.0
0022500462,1610612766,CHA,2025-12-31,Charlotte,Charlotte,0.0,,0.0
0022500481,1610612766,CHA,2026-01-02,Charlotte,Milwaukee,659.6,NW,-1.0
0022500489,1610612766,CHA,2026-01-03,Milwaukee,Chicago,81.4,S,0.0
0022500506,1610612766,CHA,2026-01-05,Chicago,Oklahoma City,690.9,SW,0.0
0022500516,1610612766,CHA,2026-01-07,Oklahoma City,Charlotte,938.9,E,1.0
0022500528,1610612766,CHA,2026-01-08,Charlotte,Charlotte,0.0,,0.0
0022500547,1610612766,CHA,2026-01-10,Charlotte,Salt Lake City,1724.5,W,-2.0
0022500563,1610612766,CHA,2026-01-12,Salt Lake City,Inglewood,589.0,SW,-1.0
0022500586,1610612766,CHA,2026-01-15,Inglewood,Los Angeles,8.0,NE,0.0
0022500599,1610612766,CHA,2026-01-17,Los Angeles,San Francisco,345.5,NW,0.0
0022500605,1610612766,CHA,2026-01-18,San Francisco,Denver,944.8,E,1.0
0022500620,1610612766,CHA,2026-01-21,Denver,Charlotte,1356.9,E,2.0
0022500627,1610612766,CHA,2026-01-22,Charlotte,Orlando,463.1,S,0.0
0022500645,1610612766,CHA,2026-01-24,Orlando,Charlotte,463.1,N,0.0
0022500657,1610612766,CHA,2026-01-26,Charlotte,Charlotte,0.0,,0.0
0022500676,1610612766,CHA,2026-01-28,Charlotte,Memphis,520.0,W,-1.0
0022500683,1610612766,CHA,2026-01-29,Memphis,Dallas,419.8,W,0.0
0022500697,1610612766,CHA,2026-01-31,Dallas,Charlotte,929.0,E,1.0
0022500712,1610612766,CHA,2026-02-02,Charlotte,Charlotte,0.0,,0.0
0022500737,1610612766,CHA,2026-02-05,Charlotte,Houston,925.8,W,-1.0
0022500751,1610612766,CHA,2026-02-07,Houston,Atlanta,700.7,NE,1.0
0022500761,1610612766,CHA,2026-02-09,Atlanta,Charlotte,226.5,NE,0.0
0022500775,1610612766,CHA,2026-02-11,Charlotte,Charlotte,0.0,,0.0
0022500792,1610612766,CHA,2026-02-19,Charlotte,Charlotte,0.0,,0.0
0022500802,1610612766,CHA,2026-02-20,Charlotte,Charlotte,0.0,,0.0
0022500822,1610612766,CHA,2026-02-22,Charlotte,Washington,329.7,NE,0.0
0022500836,1610612766,CHA,2026-02-24,Washington,Chicago,596.8,NW,-1.0
0022500848,1610612766,CHA,2026-02-26,Chicago,Indianapolis,166.4,SE,1.0
0022500863,1610612766,CHA,2026-02-28,Indianapolis,Charlotte,428.0,SE,0.0
0022500883,1610612766,CHA,2026-03-03,Charlotte,Charlotte,0.0,,0.0
0022500894,1610612766,CHA,2026-03-04,Charlotte,Boston,720.7,NE,0.0
0022500909,1610612766,CHA,2026-03-06,Boston,Charlotte,720.7,SW,0.0
0022500928,1610612766,CHA,2026-03-08,Charlotte,Phoenix,1778.9,W,-3.0
0022500944,1610612766,CHA,2026-03-10,Phoenix,Portland,1006.3,NW,0.0
0022500951,1610612766,CHA,2026-03-11,Portland,Sacramento,484.0,S,0.0
0022500973,1610612766,CHA,2026-03-14,Sacramento,San Antonio,1459.0,E,2.0
0022500991,1610612766,CHA,2026-03-17,San Antonio,Charlotte,1100.8,NE,1.0
0022501008,1610612766,CHA,2026-03-19,Charlotte,Charlotte,0.0,,0.0
0022501023,1610612766,CHA,2026-03-21,Charlotte,Charlotte,0.0,,0.0
0022501047,1610612766,CHA,2026-03-24,Charlotte,Charlotte,0.0,,0.0
0022501063,1610612766,CHA,2026-03-26,Charlotte,Charlotte,0.0,,0.0
0022501077,1610612766,CHA,2026-03-28,Charlotte,Charlotte,0.0,,0.0
0022501085,1610612766,CHA,2026-03-29,Charlotte,Charlotte,0.0,,0.0
0022501100,1610612766,CHA,2026-03-31,Charlotte,Brooklyn,530.7,NE,0.0
0022501114,1610612766,CHA,2026-04-02,Brooklyn,Charlotte,530.7,SW,0.0
0022501120,1610612766,CHA,2026-04-03,Charlotte,Charlotte,0.0,,0.0
0022501137,1610612766,CHA,2026-04-05,Charlotte,Minneapolis,939.3,NW,-1.0
0022501149,1610612766,CHA,2026-04-07,Minneapolis,Boston,1121.1,E,1.0
0022501171,1610612766,CHA,2026-04-10,Boston,Charlotte,720.7,SW,0.0
0022501190,1610612766,CHA,2026-04-12,Charlotte,New York,533.3,NE,0.0
