GAME_ID,GAME_DATE,TEAM_ID,TEAM_NAME,GP,W,L,W_PCT,MIN,E_OFF_RATING,OFF_RATING,E_DEF_RATING,DEF_RATING,E_NET_RATING,NET_RATING,AST_PCT,AST_TO,AST_RATIO,OREB_PCT,DREB_PCT,REB_PCT,TM_TOV_PCT,EFG_PCT,TS_PCT,E_PACE,PACE,PACE_PER40,POSS,PIE
0022200001,2022-10-18,1610612738,Boston Celtics,1,1,0,1.0,48.0,126.9,129.9,114.3,119.4,12.5,10.5,0.522,2.18,18.5,0.256,0.81,0.543,0.113,0.634,0.668,100.8,97.5,81.25,97,0.566
0022200002,2022-10-18,1610612744,Golden State Warriors,1,1,0,1.0,48.0,105.9,107.0,92.4,97.3,13.6,9.6,0.689,1.72,19.1,0.281,0.754,0.518,0.157,0.535,0.564,117.1,113.5,94.58,115,0.548
0022200002,2022-10-18,1610612747,Los Angeles Lakers,1,0,1,0.0,48.0,92.4,97.3,105.9,107.0,-13.6,-9.6,0.575,1.05,15.4,0.246,0.719,0.482,0.196,0.479,0.519,117.1,113.5,94.58,112,0.452
0022200001,2022-10-18,1610612755,Philadelphia 76ers,1,0,1,0.0,48.0,114.3,119.4,126.9,129.9,-12.5,-10.5,0.4,1.14,13.1,0.19,0.744,0.457,0.143,0.581,0.634,100.8,97.5,81.25,98,0.434
0022200005,2022-10-19,1610612737,Atlanta Hawks,1,1,0,1.0,48.0,110.8,110.4,101.3,100.9,9.5,9.4,0.667,3.33,21.1,0.128,0.696,0.437,0.085,0.539,0.582,105.6,106.0,88.33,106,0.572
0022200006,2022-10-19,1610612751,Brooklyn Nets,1,0,1,0.0,48.0,101.4,105.9,123.8,127.5,-22.5,-21.6,0.55,1.38,16.2,0.226,0.571,0.404,0.157,0.506,0.542,105.8,102.0,85.0,102,0.392
0022200011,2022-10-19,1610612766,Charlotte Hornets,1,1,0,1.0,48.0,122.7,120.6,93.4,97.1,29.3,23.4,0.542,1.73,17.4,0.333,0.705,0.541,0.14,0.58,0.619,107.2,106.0,88.33,107,0.632
0022200007,2022-10-19,1610612741,Chicago Bulls,1,1,0,1.0,48.0,107.1,110.5,104.5,102.9,2.6,7.6,0.561,1.53,15.9,0.304,0.804,0.529,0.143,0.511,0.551,105.8,105.0,87.5,105,0.522
0022200008,2022-10-19,1610612739,Cleveland Cavaliers,1,0,1,0.0,48.0,107.0,106.1,106.8,109.1,0.2,-3.0,0.658,1.47,18.9,0.195,0.679,0.468,0.172,0.558,0.603,99.6,99.0,82.5,99,0.521
0022200013,2022-10-19,1610612742,Dallas Mavericks,1,0,1,0.0,48.0,108.3,110.5,108.4,113.8,-0.1,-3.3,0.486,1.42,13.9,0.217,0.745,0.484,0.126,0.56,0.584,97.8,94.5,78.75,95,0.485
0022200012,2022-10-19,1610612743,Denver Nuggets,1,0,1,0.0,48.0,100.1,100.0,116.4,119.4,-16.4,-19.4,0.525,1.0,15.7,0.25,0.591,0.42,0.206,0.512,0.561,103.8,102.5,85.42,102,0.415
0022200003,2022-10-19,1610612765,Detroit Pistons,1,1,0,1.0,48.0,107.0,111.9,106.5,106.9,0.6,5.0,0.775,2.38,20.8,0.293,0.723,0.486,0.129,0.5,0.54,104.0,101.5,84.58,101,0.525
0022200005,2022-10-19,1610612745,Houston Rockets,1,0,1,0.0,48.0,101.3,100.9,110.8,110.4,-9.5,-9.4,0.595,1.56,17.0,0.304,0.872,0.563,0.151,0.474,0.511,105.6,106.0,88.33,106,0.428
0022200004,2022-10-19,1610612754,Indiana Pacers,1,0,1,0.0,48.0,97.9,102.9,108.0,108.6,-10.0,-5.7,0.538,1.4,14.7,0.29,0.647,0.451,0.144,0.479,0.504,107.4,104.5,87.08,104,0.424
0022200009,2022-10-19,1610612763,Memphis Grizzlies,1,1,0,1.0,53.0,102.6,107.5,101.0,105.7,1.6,1.8,0.643,1.93,16.8,0.4,0.676,0.536,0.131,0.468,0.487,101.0,96.45,80.38,107,0.529
0022200007,2022-10-19,1610612748,Miami Heat,1,0,1,0.0,48.0,104.5,102.9,107.1,110.5,-2.6,-7.6,0.568,1.11,15.6,0.196,0.696,0.471,0.181,0.538,0.585,105.8,105.0,87.5,105,0.478
0022200010,2022-10-19,1610612750,Minnesota Timberwolves,1,1,0,1.0,48.0,106.0,109.5,101.2,100.9,4.7,8.6,0.641,1.79,16.9,0.3,0.683,0.496,0.133,0.468,0.53,107.6,106.0,88.33,105,0.548
0022200006,2022-10-19,1610612740,New Orleans Pelicans,1,1,0,1.0,48.0,123.8,127.5,101.4,105.9,22.5,21.6,0.62,2.38,19.7,0.429,0.774,0.596,0.127,0.549,0.575,105.8,102.0,85.0,102,0.608
0022200009,2022-10-19,1610612752,New York Knicks,1,0,1,0.0,53.0,101.0,105.7,102.6,107.5,-1.6,-1.8,0.636,2.33,18.1,0.324,0.6,0.464,0.113,0.445,0.479,101.0,96.45,80.38,106,0.471
0022200010,2022-10-19,1610612760,Oklahoma City Thunder,1,0,1,0.0,48.0,101.2,100.9,106.0,109.5,-4.7,-8.6,0.579,1.57,14.8,0.317,0.7,0.504,0.131,0.455,0.497,107.6,106.0,88.33,107,0.452
0022200003,2022-10-19,1610612753,Orlando Magic,1,0,1,0.0,48.0,106.5,106.9,107.0,111.9,-0.6,-5.0,0.5,1.17,15.4,0.277,0.707,0.514,0.176,0.552,0.578,104.0,101.5,84.58,102,0.475
0022200013,2022-10-19,1610612756,Phoenix Suns,1,1,0,1.0,48.0,108.4,113.8,108.3,110.5,0.1,3.3,0.625,2.08,19.1,0.255,0.783,0.516,0.128,0.518,0.565,97.8,94.5,78.75,94,0.515
0022200014,2022-10-19,1610612757,Portland Trail Blazers,1,1,0,1.0,48.0,112.2,113.9,102.5,106.9,9.7,6.9,0.513,1.82,14.9,0.264,0.766,0.5,0.109,0.506,0.561,103.9,101.0,84.17,101,0.526
0022200014,2022-10-19,1610612758,Sacramento Kings,1,0,1,0.0,48.0,102.5,106.9,112.2,113.9,-9.7,-6.9,0.692,1.69,19.6,0.234,0.736,0.5,0.158,0.559,0.578,103.9,101.0,84.17,101,0.474
0022200011,2022-10-19,1610612759,San Antonio Spurs,1,0,1,0.0,48.0,93.4,97.1,122.7,120.6,-29.3,-23.4,0.55,1.47,15.2,0.295,0.667,0.459,0.143,0.439,0.471,107.2,106.0,88.33,105,0.368
0022200008,2022-10-19,1610612761,Toronto Raptors,1,1,0,1.0,48.0,106.8,109.1,107.0,106.1,-0.2,3.0,0.528,1.46,14.1,0.321,0.805,0.532,0.131,0.494,0.54,99.6,99.0,82.5,99,0.479
0022200012,2022-10-19,1610612762,Utah Jazz,1,1,0,1.0,48.0,116.4,119.4,100.1,100.0,16.4,19.4,0.643,1.35,18.2,0.409,0.75,0.58,0.194,0.602,0.636,103.8,102.5,85.42,103,0.585
0022200004,2022-10-19,1610612764,Washington Wizards,1,1,0,1.0,48.0,108.0,108.6,97.9,102.9,10.0,5.7,0.5,1.24,14.7,0.353,0.71,0.549,0.162,0.516,0.556,107.4,104.5,87.08,105,0.576
0022200016,2022-10-20,1610612746,LA Clippers,1,1,0,1.0,48.0,96.6,99.0,90.3,91.5,6.3,7.5,0.486,0.78,13.3,0.283,0.8,0.586,0.221,0.519,0.55,107.0,105.0,87.5,104,0.542
0022200016,2022-10-20,1610612747,Los Angeles Lakers,1,0,1,0.0,48.0,90.3,91.5,96.6,99.0,-6.3,-7.5,0.697,2.3,16.2,0.2,0.717,0.414,0.094,0.399,0.46,107.0,105.0,87.5,106,0.458
0022200015,2022-10-20,1610612749,Milwaukee Bucks,1,1,0,1.0,48.0,92.6,94.7,94.9,92.6,-2.3,2.1,0.706,1.71,18.6,0.212,0.875,0.53,0.147,0.482,0.499,94.9,95.0,79.17,95,0.497
0022200015,2022-10-20,1610612755,Philadelphia 76ers,1,0,1,0.0,48.0,94.9,92.6,92.6,94.7,2.3,-2.1,0.472,1.7,14.4,0.125,0.788,0.47,0.105,0.464,0.496,94.9,95.0,79.17,95,0.503
0022200020,2022-10-21,1610612737,Atlanta Hawks,1,1,0,1.0,48.0,103.8,105.9,95.9,97.0,7.9,8.9,0.65,1.53,18.4,0.286,0.776,0.531,0.167,0.522,0.562,103.1,101.5,84.58,102,0.567
0022200022,2022-10-21,1610612738,Boston Celtics,1,1,0,1.0,48.0,118.6,116.8,106.6,109.5,12.0,7.4,0.415,0.85,13.6,0.342,0.686,0.539,0.211,0.608,0.648,95.6,95.0,79.17,95,0.521
0022200021,2022-10-21,1610612751,Brooklyn Nets,1,1,0,1.0,48.0,117.5,114.7,106.1,109.4,11.4,5.4,0.684,2.0,19.4,0.277,0.708,0.495,0.137,0.556,0.588,95.8,95.5,79.58,95,0.516
0022200017,2022-10-21,1610612766,Charlotte Hornets,1,0,1,0.0,48.0,105.5,108.7,116.7,119.2,-11.2,-10.5,0.682,2.14,20.4,0.264,0.583,0.416,0.136,0.521,0.543,106.2,103.5,86.25,103,0.424
0022200019,2022-10-21,1610612741,Chicago Bulls,1,0,1,0.0,48.0,103.6,103.1,105.3,103.0,-1.7,0.1,0.576,1.46,15.0,0.229,0.821,0.494,0.134,0.462,0.535,96.7,98.0,81.67,97,0.455
0022200026,2022-10-21,1610612743,Denver Nuggets,1,1,0,1.0,48.0,121.9,120.8,109.9,113.9,12.0,6.9,0.652,1.5,20.3,0.286,0.708,0.511,0.189,0.622,0.66,108.4,107.0,89.17,106,0.52
0022200023,2022-10-21,1610612765,Detroit Pistons,1,0,1,0.0,48.0,99.9,101.9,123.0,125.0,-23.1,-23.1,0.667,1.73,17.6,0.31,0.72,0.5,0.144,0.483,0.509,105.9,104.0,86.67,104,0.405
0022200026,2022-10-21,1610612744,Golden State Warriors,1,0,1,0.0,48.0,109.9,113.9,121.9,120.8,-12.0,-6.9,0.81,1.79,21.8,0.292,0.714,0.489,0.176,0.563,0.616,108.4,107.0,89.17,108,0.48
0022200024,2022-10-21,1610612745,Houston Rockets,1,0,1,0.0,48.0,113.8,118.4,122.0,126.5,-8.2,-8.0,0.409,1.29,12.9,0.357,0.614,0.487,0.136,0.559,0.574,106.5,102.5,85.42,103,0.436
0022200018,2022-10-21,1610612754,Indiana Pacers,1,0,1,0.0,48.0,115.8,118.6,124.1,123.4,-8.3,-4.8,0.627,2.0,19.5,0.377,0.791,0.563,0.142,0.543,0.589,113.0,112.0,93.33,113,0.459
0022200024,2022-10-21,1610612763,Memphis Grizzlies,1,1,0,1.0,48.0,122.0,126.5,113.8,118.4,8.2,8.0,0.578,2.17,17.3,0.386,0.643,0.513,0.118,0.556,0.582,106.5,102.5,85.42,102,0.564
0022200022,2022-10-21,1610612748,Miami Heat,1,0,1,0.0,48.0,106.6,109.5,118.6,116.8,-12.0,-7.4,0.548,2.3,17.3,0.314,0.658,0.461,0.105,0.5,0.527,95.6,95.0,79.17,95,0.479
0022200025,2022-10-21,1610612750,Minnesota Timberwolves,1,0,1,0.0,53.0,108.5,111.5,115.5,116.8,-7.0,-5.3,0.408,1.0,12.7,0.41,0.642,0.531,0.177,0.509,0.538,104.3,102.34,85.28,113,0.438
0022200017,2022-10-21,1610612740,New Orleans Pelicans,1,1,0,1.0,48.0,116.7,119.2,105.5,108.7,11.2,10.5,0.548,1.44,15.8,0.417,0.736,0.584,0.154,0.517,0.589,106.2,103.5,86.25,104,0.576
0022200023,2022-10-21,1610612752,New York Knicks,1,1,0,1.0,48.0,123.0,125.0,99.9,101.9,23.1,23.1,0.58,2.42,19.7,0.28,0.69,0.5,0.115,0.611,0.621,105.9,104.0,86.67,104,0.595
0022200020,2022-10-21,1610612753,Orlando Magic,1,0,1,0.0,48.0,95.9,97.0,103.8,105.9,-7.9,-8.9,0.485,0.84,12.5,0.224,0.714,0.469,0.188,0.463,0.526,103.1,101.5,84.58,101,0.433
0022200027,2022-10-21,1610612756,Phoenix Suns,1,0,1,0.0,53.0,99.8,102.8,106.8,103.7,-7.0,-0.9,0.721,1.82,20.1,0.283,0.694,0.48,0.157,0.511,0.538,98.3,98.26,81.89,108,0.506
0022200027,2022-10-21,1610612757,Portland Trail Blazers,1,1,0,1.0,53.0,106.8,103.7,99.8,102.8,7.0,0.9,0.389,0.67,10.2,0.306,0.717,0.52,0.193,0.5,0.577,98.3,98.26,81.89,109,0.494
0022200018,2022-10-21,1610612759,San Antonio Spurs,1,1,0,1.0,48.0,124.1,123.4,115.8,118.6,8.3,4.8,0.773,2.0,22.1,0.209,0.623,0.438,0.153,0.648,0.683,113.0,112.0,93.33,111,0.541
0022200021,2022-10-21,1610612761,Toronto Raptors,1,0,1,0.0,48.0,106.1,109.4,117.5,114.7,-11.4,-5.4,0.61,1.67,18.5,0.292,0.723,0.505,0.156,0.554,0.571,95.8,95.5,79.58,96,0.484
0022200025,2022-10-21,1610612762,Utah Jazz,1,1,0,1.0,53.0,115.5,116.8,108.5,111.5,7.0,5.3,0.796,3.0,22.2,0.358,0.59,0.469,0.115,0.532,0.549,104.3,102.34,85.28,113,0.562
0022200019,2022-10-21,1610612764,Washington Wizards,1,1,0,1.0,48.0,105.3,103.0,103.6,103.1,1.7,-0.1,0.634,1.53,19.7,0.179,0.771,0.506,0.172,0.575,0.601,96.7,98.0,81.67,99,0.545
0022200030,2022-10-22,1610612738,Boston Celtics,1,1,0,1.0,48.0,125.6,126.0,117.5,121.2,8.1,4.8,0.571,3.0,18.3,0.191,0.679,0.45,0.08,0.592,0.634,101.2,99.5,82.92,100,0.528
0022200032,2022-10-22,1610612741,Chicago Bulls,1,0,1,0.0,48.0,101.1,98.0,124.4,130.6,-23.3,-32.7,0.559,1.9,15.0,0.192,0.658,0.389,0.102,0.446,0.505,99.0,98.0,81.67,98,0.362
0022200032,2022-10-22,1610612739,Cleveland Cavaliers,1,1,0,1.0,48.0,124.4,130.6,101.1,98.0,23.3,32.7,0.667,1.78,22.7,0.342,0.808,0.611,0.184,0.659,0.689,99.0,98.0,81.67,98,0.638
0022200034,2022-10-22,1610612742,Dallas Mavericks,1,1,0,1.0,48.0,129.4,137.0,94.5,94.1,34.9,42.9,0.511,1.53,16.0,0.438,0.796,0.619,0.15,0.594,0.647,103.7,101.0,84.17,100,0.702
0022200035,2022-10-22,1610612743,Denver Nuggets,1,1,0,1.0,48.0,113.3,118.4,109.2,112.5,4.1,5.9,0.786,1.83,22.0,0.264,0.732,0.505,0.175,0.612,0.618,107.4,103.5,86.25,103,0.514
0022200029,2022-10-22,1610612765,Detroit Pistons,1,0,1,0.0,48.0,109.3,111.7,118.6,121.6,-9.3,-9.9,0.703,1.86,17.1,0.371,0.629,0.5,0.136,0.484,0.531,104.9,102.5,85.42,103,0.438
0022200033,2022-10-22,1610612745,Houston Rockets,1,0,1,0.0,48.0,103.3,106.1,122.3,126.3,-19.0,-20.2,0.556,1.43,14.6,0.311,0.762,0.495,0.141,0.473,0.511,102.0,99.0,82.5,99,0.386
0022200029,2022-10-22,1610612754,Indiana Pacers,1,1,0,1.0,48.0,118.6,121.6,109.3,111.7,9.3,9.9,0.622,2.55,18.4,0.371,0.629,0.5,0.108,0.515,0.546,104.9,102.5,85.42,102,0.562
0022200036,2022-10-22,1610612746,LA Clippers,1,1,0,1.0,48.0,112.5,112.1,109.6,111.2,2.9,0.9,0.585,1.85,18.3,0.19,0.792,0.511,0.131,0.562,0.612,99.1,98.5,82.08,99,0.552
0022200034,2022-10-22,1610612763,Memphis Grizzlies,1,0,1,0.0,48.0,94.5,94.1,129.4,137.0,-34.9,-42.9,0.588,1.11,15.2,0.204,0.563,0.381,0.176,0.487,0.536,103.7,101.0,84.17,102,0.298
0022200031,2022-10-22,1610612748,Miami Heat,1,1,0,1.0,48.0,114.4,117.9,112.0,114.7,2.4,3.2,0.737,1.75,20.9,0.275,0.755,0.548,0.168,0.572,0.637,97.6,95.0,79.17,95,0.533
0022200033,2022-10-22,1610612749,Milwaukee Bucks,1,1,0,1.0,48.0,122.3,126.3,103.3,106.1,19.0,20.2,0.604,1.81,21.0,0.238,0.689,0.505,0.162,0.659,0.663,102.0,99.0,82.5,99,0.614
0022200035,2022-10-22,1610612760,Oklahoma City Thunder,1,0,1,0.0,48.0,109.2,112.5,113.3,118.4,-4.1,-5.9,0.69,2.23,19.6,0.268,0.736,0.495,0.125,0.527,0.562,107.4,103.5,86.25,104,0.486
0022200030,2022-10-22,1610612753,Orlando Magic,1,0,1,0.0,48.0,117.5,121.2,125.6,126.0,-8.1,-4.8,0.467,2.33,15.3,0.321,0.809,0.55,0.091,0.553,0.571,101.2,99.5,82.92,99,0.472
0022200028,2022-10-22,1610612755,Philadelphia 76ers,1,0,1,0.0,48.0,109.0,111.7,116.8,121.3,-7.8,-9.6,0.703,2.17,19.0,0.347,0.653,0.5,0.128,0.5,0.545,97.0,94.0,78.33,94,0.472
0022200036,2022-10-22,1610612758,Sacramento Kings,1,0,1,0.0,48.0,109.6,111.2,112.5,112.1,-2.9,-0.9,0.6,2.0,18.2,0.208,0.81,0.489,0.122,0.553,0.565,99.1,98.5,82.08,98,0.448
0022200028,2022-10-22,1610612759,San Antonio Spurs,1,1,0,1.0,48.0,116.8,121.3,109.0,111.7,7.8,9.6,0.628,1.93,19.6,0.347,0.653,0.5,0.149,0.573,0.596,97.0,94.0,78.33,94,0.528
0022200031,2022-10-22,1610612761,Toronto Raptors,1,0,1,0.0,48.0,112.0,114.7,114.4,117.9,-2.4,-3.2,0.649,4.0,18.2,0.245,0.725,0.452,0.063,0.506,0.549,97.6,95.0,79.17,95,0.467
0022200038,2022-10-23,1610612737,Atlanta Hawks,1,0,1,0.0,48.0,105.5,107.9,122.1,124.8,-16.6,-16.8,0.59,1.92,16.0,0.333,0.638,0.467,0.119,0.453,0.508,103.3,101.0,84.17,101,0.424
0022200038,2022-10-23,1610612766,Charlotte Hornets,1,1,0,1.0,48.0,122.1,124.8,105.5,107.9,16.6,16.8,0.596,2.0,19.2,0.362,0.667,0.533,0.139,0.583,0.61,103.3,101.0,84.17,101,0.576
0022200039,2022-10-23,1610612739,Cleveland Cavaliers,1,1,0,1.0,53.0,112.5,113.6,97.6,105.9,14.9,7.7,0.463,1.46,13.5,0.339,0.714,0.514,0.126,0.495,0.547,96.7,92.38,76.98,103,0.543
0022200042,2022-10-23,1610612744,Golden State Warriors,1,1,0,1.0,48.0,118.4,117.1,109.6,113.6,8.7,3.5,0.533,1.85,16.7,0.191,0.66,0.44,0.117,0.598,0.632,111.9,110.5,92.08,111,0.507
0022200043,2022-10-23,1610612746,LA Clippers,1,0,1,0.0,48.0,98.1,97.9,114.0,114.3,-15.8,-16.3,0.444,1.07,13.0,0.204,0.686,0.45,0.155,0.494,0.523,97.5,97.5,81.25,97,0.408
0022200037,2022-10-23,1610612747,Los Angeles Lakers,1,0,1,0.0,48.0,100.2,103.0,104.0,103.9,-3.9,-1.0,0.634,2.0,18.7,0.226,0.673,0.441,0.129,0.478,0.516,102.8,101.5,84.58,101,0.496
0022200041,2022-10-23,1610612750,Minnesota Timberwolves,1,1,0,1.0,48.0,115.2,116.0,102.7,106.0,12.5,10.0,0.522,1.6,17.3,0.319,0.737,0.548,0.15,0.58,0.594,102.0,100.0,83.33,100,0.563
0022200040,2022-10-23,1610612740,New Orleans Pelicans,1,0,1,0.0,53.0,105.5,109.0,108.6,110.9,-3.1,-1.9,0.625,1.76,18.8,0.382,0.661,0.523,0.153,0.51,0.542,102.8,100.08,83.4,111,0.489
0022200041,2022-10-23,1610612760,Oklahoma City Thunder,1,0,1,0.0,48.0,102.7,106.0,115.2,116.0,-12.5,-10.0,0.585,2.18,17.3,0.263,0.681,0.452,0.11,0.484,0.513,102.0,100.0,83.33,100,0.437
0022200043,2022-10-23,1610612756,Phoenix Suns,1,1,0,1.0,48.0,114.0,114.3,98.1,97.9,15.8,16.3,0.674,2.23,20.3,0.314,0.796,0.55,0.133,0.543,0.57,97.5,97.5,81.25,98,0.592
0022200037,2022-10-23,1610612757,Portland Trail Blazers,1,1,0,1.0,48.0,104.0,103.9,100.2,103.0,3.9,1.0,0.514,1.0,13.9,0.327,0.774,0.559,0.186,0.5,0.553,102.8,101.5,84.58,102,0.504
0022200042,2022-10-23,1610612758,Sacramento Kings,1,0,1,0.0,48.0,109.6,113.6,118.4,117.1,-8.7,-3.5,0.66,1.94,19.5,0.34,0.809,0.56,0.145,0.525,0.563,111.9,110.5,92.08,110,0.493
0022200040,2022-10-23,1610612762,Utah Jazz,1,1,0,1.0,53.0,108.6,110.9,105.5,109.0,3.1,1.9,0.674,1.71,18.5,0.339,0.618,0.477,0.155,0.505,0.553,102.8,100.08,83.4,110,0.511
0022200039,2022-10-23,1610612764,Washington Wizards,1,0,1,0.0,53.0,97.6,105.9,112.5,113.6,-14.9,-7.7,0.581,1.25,17.9,0.286,0.661,0.486,0.198,0.563,0.572,96.7,92.38,76.98,101,0.457
0022200047,2022-10-24,1610612738,Boston Celtics,1,0,1,0.0,48.0,99.7,101.0,120.3,117.6,-20.6,-16.7,0.703,2.36,18.2,0.25,0.696,0.436,0.109,0.46,0.484,101.0,101.5,84.58,101,0.366
0022200049,2022-10-24,1610612751,Brooklyn Nets,1,0,1,0.0,48.0,123.5,126.5,128.1,136.7,-4.6,-10.2,0.574,2.45,19.9,0.31,0.569,0.452,0.112,0.592,0.63,102.5,98.0,81.67,98,0.482
0022200047,2022-10-24,1610612741,Chicago Bulls,1,1,0,1.0,48.0,120.3,117.6,99.7,101.0,20.6,16.7,0.69,2.07,20.0,0.304,0.75,0.564,0.137,0.54,0.601,101.0,101.5,84.58,102,0.634
0022200051,2022-10-24,1610612743,Denver Nuggets,1,0,1,0.0,48.0,115.6,114.6,138.3,140.6,-22.7,-26.0,0.622,3.5,20.6,0.245,0.725,0.461,0.083,0.56,0.566,96.4,96.0,80.0,96,0.391
0022200048,2022-10-24,1610612745,Houston Rockets,1,1,0,1.0,48.0,110.6,114.0,105.8,109.1,4.8,4.9,0.447,1.06,12.1,0.418,0.593,0.505,0.16,0.483,0.548,102.6,99.5,82.92,100,0.518
0022200044,2022-10-24,1610612754,Indiana Pacers,1,0,1,0.0,48.0,106.9,112.8,128.6,129.0,-21.6,-16.3,0.711,2.08,19.1,0.382,0.795,0.566,0.138,0.489,0.529,96.2,93.5,77.92,94,0.417
0022200049,2022-10-24,1610612763,Memphis Grizzlies,1,1,0,1.0,48.0,128.1,136.7,123.5,126.5,4.6,10.2,0.447,2.33,14.9,0.431,0.69,0.548,0.092,0.585,0.622,102.5,98.0,81.67,98,0.518
0022200045,2022-10-24,1610612748,Miami Heat,1,0,1,0.0,48.0,91.0,92.8,101.2,101.0,-10.2,-8.2,0.655,1.58,15.0,0.2,0.774,0.481,0.124,0.398,0.474,97.8,97.0,80.83,97,0.461
0022200050,2022-10-24,1610612750,Minnesota Timberwolves,1,0,1,0.0,48.0,103.4,103.9,104.8,110.6,-1.5,-6.7,0.632,1.5,17.4,0.24,0.661,0.473,0.157,0.488,0.549,106.1,103.0,85.83,102,0.48
0022200046,2022-10-24,1610612752,New York Knicks,1,1,0,1.0,48.0,115.0,116.2,104.2,105.2,10.8,11.0,0.558,1.71,16.4,0.426,0.706,0.562,0.141,0.522,0.553,98.9,98.0,81.67,99,0.577
0022200046,2022-10-24,1610612753,Orlando Magic,1,0,1,0.0,48.0,104.2,105.2,115.0,116.2,-10.8,-11.0,0.389,1.08,11.1,0.294,0.574,0.438,0.134,0.459,0.521,98.9,98.0,81.67,97,0.423
0022200044,2022-10-24,1610612755,Philadelphia 76ers,1,1,0,1.0,48.0,128.6,129.0,106.9,112.8,21.6,16.3,0.658,3.13,19.7,0.205,0.618,0.434,0.086,0.594,0.65,96.2,93.5,77.92,93,0.583
0022200051,2022-10-24,1610612757,Portland Trail Blazers,1,1,0,1.0,48.0,138.3,140.6,115.6,114.6,22.7,26.0,0.479,2.3,17.8,0.275,0.755,0.539,0.104,0.675,0.698,96.4,96.0,80.0,96,0.609
0022200050,2022-10-24,1610612759,San Antonio Spurs,1,1,0,1.0,48.0,104.8,110.6,103.4,103.9,1.5,6.7,0.771,2.85,23.0,0.339,0.76,0.527,0.125,0.514,0.519,106.1,103.0,85.83,104,0.52
0022200045,2022-10-24,1610612761,Toronto Raptors,1,1,0,1.0,48.0,101.2,101.0,91.0,92.8,10.2,8.2,0.647,1.83,16.8,0.226,0.8,0.519,0.124,0.477,0.517,97.8,97.0,80.83,97,0.539
0022200048,2022-10-24,1610612762,Utah Jazz,1,0,1,0.0,48.0,105.8,109.1,110.6,114.0,-4.8,-4.9,0.523,1.15,16.0,0.407,0.582,0.495,0.202,0.532,0.54,102.6,99.5,82.92,99,0.482
0022200053,2022-10-25,1610612742,Dallas Mavericks,1,0,1,0.0,48.0,118.6,119.4,120.3,120.2,-1.7,-0.9,0.439,1.5,14.5,0.31,0.824,0.539,0.129,0.573,0.6,93.7,93.5,77.92,93,0.491
0022200052,2022-10-25,1610612765,Detroit Pistons,1,0,1,0.0,48.0,98.0,100.0,120.7,121.2,-22.7,-21.2,0.333,0.92,9.6,0.25,0.744,0.465,0.131,0.455,0.5,100.2,99.0,82.5,99,0.316
0022200055,2022-10-25,1610612744,Golden State Warriors,1,0,1,0.0,48.0,100.5,101.9,125.3,128.8,-24.8,-26.9,0.683,1.75,19.4,0.25,0.62,0.431,0.155,0.505,0.533,105.7,103.5,86.25,103,0.379
0022200054,2022-10-25,1610612746,LA Clippers,1,0,1,0.0,48.0,91.3,91.3,101.9,103.8,-10.6,-12.6,0.6,1.11,15.8,0.18,0.634,0.446,0.184,0.482,0.517,104.5,103.5,86.25,103,0.448
0022200053,2022-10-25,1610612740,New Orleans Pelicans,1,1,0,1.0,48.0,120.3,120.2,118.6,119.4,1.7,0.9,0.568,1.79,20.0,0.176,0.69,0.461,0.149,0.658,0.673,93.7,93.5,77.92,94,0.509
0022200054,2022-10-25,1610612760,Oklahoma City Thunder,1,1,0,1.0,48.0,101.9,103.8,91.3,91.3,10.6,12.6,0.452,3.17,12.8,0.366,0.82,0.554,0.058,0.4,0.446,104.5,103.5,86.25,104,0.552
0022200055,2022-10-25,1610612756,Phoenix Suns,1,1,0,1.0,48.0,125.3,128.8,100.5,101.9,24.8,26.9,0.66,2.21,20.1,0.38,0.75,0.569,0.135,0.576,0.626,105.7,103.5,86.25,104,0.621
0022200052,2022-10-25,1610612764,Washington Wizards,1,1,0,1.0,48.0,120.7,121.2,98.0,100.0,22.7,21.2,0.591,2.17,19.1,0.256,0.75,0.535,0.121,0.576,0.622,100.2,99.0,82.5,99,0.684
0022200057,2022-10-26,1610612737,Atlanta Hawks,1,1,0,1.0,48.0,113.5,118.0,107.9,115.3,5.5,2.7,0.489,1.83,15.9,0.333,0.692,0.52,0.12,0.538,0.578,104.3,99.0,82.5,100,0.57
0022200060,2022-10-26,1610612751,Brooklyn Nets,1,0,1,0.0,48.0,93.2,96.1,104.0,105.8,-10.8,-9.7,0.676,1.64,16.8,0.218,0.686,0.443,0.136,0.436,0.499,106.0,103.5,86.25,103,0.422
0022200058,2022-10-26,1610612766,Charlotte Hornets,1,0,1,0.0,53.0,110.8,117.0,121.1,119.6,-10.2,-2.7,0.633,2.07,19.5,0.315,0.702,0.495,0.134,0.561,0.584,103.6,101.43,84.53,112,0.478
0022200061,2022-10-26,1610612741,Chicago Bulls,1,1,0,1.0,48.0,116.4,120.4,98.6,105.8,17.8,14.6,0.791,1.89,22.7,0.289,0.673,0.495,0.175,0.586,0.636,108.6,103.0,85.83,103,0.563
0022200056,2022-10-26,1610612739,Cleveland Cavaliers,1,1,0,1.0,48.0,101.8,107.3,94.6,94.8,7.2,12.4,0.694,1.92,18.0,0.339,0.75,0.529,0.135,0.471,0.514,99.2,96.5,80.42,96,0.56
0022200064,2022-10-26,1610612743,Denver Nuggets,1,1,0,1.0,48.0,106.5,105.8,95.2,96.1,11.4,9.7,0.81,3.09,23.0,0.192,0.852,0.528,0.106,0.505,0.543,103.6,103.5,86.25,104,0.577
0022200057,2022-10-26,1610612765,Detroit Pistons,1,0,1,0.0,48.0,107.9,115.3,113.5,118.0,-5.5,-2.7,0.548,1.64,16.8,0.308,0.667,0.48,0.143,0.538,0.561,104.3,99.0,82.5,98,0.43
0022200063,2022-10-26,1610612745,Houston Rockets,1,0,1,0.0,48.0,92.2,93.5,100.7,100.0,-8.6,-6.5,0.528,1.0,13.2,0.295,0.714,0.496,0.176,0.441,0.483,108.9,108.5,90.42,108,0.383
0022200061,2022-10-26,1610612754,Indiana Pacers,1,0,1,0.0,48.0,98.6,105.8,116.4,120.4,-17.8,-14.6,0.838,1.55,20.7,0.327,0.711,0.505,0.194,0.523,0.564,108.6,103.0,85.83,103,0.437
0022200064,2022-10-26,1610612747,Los Angeles Lakers,1,0,1,0.0,48.0,95.2,96.1,106.5,105.8,-11.4,-9.7,0.625,1.79,18.4,0.148,0.808,0.472,0.136,0.489,0.51,103.6,103.5,86.25,103,0.423
0022200065,2022-10-26,1610612748,Miami Heat,1,1,0,1.0,48.0,121.0,124.0,100.6,101.0,20.4,22.9,0.773,1.89,23.0,0.4,0.708,0.559,0.188,0.592,0.624,97.9,96.5,80.42,96,0.619
0022200060,2022-10-26,1610612749,Milwaukee Bucks,1,1,0,1.0,48.0,104.0,105.8,93.2,96.1,10.8,9.7,0.538,1.11,14.9,0.314,0.782,0.557,0.183,0.5,0.546,106.0,103.5,86.25,104,0.578
0022200062,2022-10-26,1610612750,Minnesota Timberwolves,1,1,0,1.0,48.0,128.8,127.6,114.4,116.2,14.4,11.4,0.712,2.18,25.7,0.063,0.679,0.447,0.162,0.775,0.77,105.4,105.0,87.5,105,0.567
0022200058,2022-10-26,1610612752,New York Knicks,1,1,0,1.0,53.0,121.1,119.6,110.8,117.0,10.2,2.7,0.5,1.63,17.2,0.298,0.685,0.505,0.143,0.593,0.628,103.6,101.43,84.53,112,0.522
0022200056,2022-10-26,1610612753,Orlando Magic,1,0,1,0.0,48.0,94.6,94.8,101.8,107.3,-7.2,-12.4,0.543,1.12,14.8,0.25,0.661,0.471,0.175,0.469,0.51,99.2,96.5,80.42,97,0.44
0022200059,2022-10-26,1610612755,Philadelphia 76ers,1,0,1,0.0,48.0,113.1,117.2,127.7,126.6,-14.6,-9.4,0.725,2.23,22.7,0.146,0.8,0.469,0.14,0.608,0.624,94.8,93.5,77.92,93,0.456
0022200065,2022-10-26,1610612757,Portland Trail Blazers,1,0,1,0.0,48.0,100.6,101.0,121.0,124.0,-20.4,-22.9,0.588,1.05,15.4,0.292,0.6,0.441,0.196,0.513,0.548,97.9,96.5,80.42,97,0.381
0022200062,2022-10-26,1610612759,San Antonio Spurs,1,0,1,0.0,48.0,114.4,116.2,128.8,127.6,-14.4,-11.4,0.791,2.13,21.8,0.321,0.938,0.553,0.152,0.537,0.583,105.4,105.0,87.5,105,0.433
0022200059,2022-10-26,1610612761,Toronto Raptors,1,1,0,1.0,48.0,127.7,126.6,113.1,117.2,14.6,9.4,0.696,3.56,23.9,0.2,0.854,0.531,0.096,0.643,0.66,94.8,93.5,77.92,94,0.544
0022200063,2022-10-26,1610612762,Utah Jazz,1,1,0,1.0,48.0,100.7,100.0,92.2,93.5,8.6,6.5,0.737,1.75,18.4,0.286,0.705,0.504,0.147,0.494,0.528,108.9,108.5,90.42,109,0.617
0022200066,2022-10-27,1610612751,Brooklyn Nets,1,0,1,0.0,53.0,115.5,114.7,120.1,121.7,-4.6,-7.0,0.465,1.33,13.8,0.346,0.773,0.542,0.138,0.527,0.589,97.6,97.36,81.13,109,0.481
0022200066,2022-10-27,1610612742,Dallas Mavericks,1,1,0,1.0,53.0,120.1,121.7,115.5,114.7,4.6,7.0,0.61,1.39,17.7,0.227,0.654,0.458,0.17,0.63,0.669,97.6,97.36,81.13,106,0.519
0022200068,2022-10-27,1610612744,Golden State Warriors,1,1,0,1.0,48.0,118.7,124.2,108.2,108.9,10.5,15.3,0.652,1.43,20.0,0.447,0.765,0.612,0.212,0.598,0.624,102.6,100.0,83.33,99,0.54
0022200067,2022-10-27,1610612746,LA Clippers,1,0,1,0.0,48.0,110.1,111.1,121.0,118.0,-10.9,-6.9,0.477,1.05,15.9,0.3,0.714,0.528,0.202,0.591,0.612,98.7,99.5,82.92,99,0.485
0022200069,2022-10-27,1610612763,Memphis Grizzlies,1,1,0,1.0,48.0,121.5,126.3,113.8,111.1,7.7,15.2,0.551,1.93,19.3,0.304,0.795,0.544,0.141,0.609,0.626,99.8,99.0,82.5,99,0.538
0022200068,2022-10-27,1610612748,Miami Heat,1,0,1,0.0,48.0,108.2,108.9,118.7,124.2,-10.5,-15.3,0.641,2.08,18.1,0.235,0.553,0.388,0.119,0.523,0.563,102.6,100.0,83.33,101,0.46
0022200067,2022-10-27,1610612760,Oklahoma City Thunder,1,1,0,1.0,48.0,121.0,118.0,110.1,111.1,10.9,6.9,0.574,2.25,19.1,0.286,0.7,0.472,0.12,0.584,0.599,98.7,99.5,82.92,100,0.515
0022200069,2022-10-27,1610612758,Sacramento Kings,1,0,1,0.0,48.0,113.8,111.1,121.5,126.3,-7.7,-15.2,0.7,2.15,20.6,0.205,0.696,0.456,0.131,0.554,0.593,99.8,99.0,82.5,99,0.462
0022200070,2022-10-28,1610612737,Atlanta Hawks,1,1,0,1.0,48.0,133.4,138.8,112.3,113.1,21.1,25.6,0.564,4.43,21.5,0.333,0.648,0.505,0.071,0.629,0.648,100.8,98.5,82.08,98,0.631
0022200072,2022-10-28,1610612738,Boston Celtics,1,0,1,0.0,53.0,111.7,112.8,121.1,121.1,-9.4,-8.3,0.667,1.47,19.2,0.205,0.761,0.489,0.174,0.591,0.64,99.2,98.72,82.26,109,0.503
0022200071,2022-10-28,1610612766,Charlotte Hornets,1,0,1,0.0,48.0,91.6,93.0,109.2,111.9,-17.7,-18.9,0.636,1.4,15.8,0.203,0.848,0.486,0.15,0.448,0.482,102.5,100.5,83.75,100,0.372
0022200077,2022-10-28,1610612741,Chicago Bulls,1,0,1,0.0,48.0,114.3,117.0,116.8,121.7,-2.5,-4.7,0.426,1.54,13.7,0.37,0.667,0.5,0.123,0.52,0.561,109.4,106.0,88.33,106,0.445
0022200072,2022-10-28,1610612739,Cleveland Cavaliers,1,1,0,1.0,53.0,121.1,121.1,111.7,112.8,9.4,8.3,0.4,1.13,13.0,0.239,0.795,0.511,0.147,0.609,0.647,99.2,98.72,82.26,109,0.498
0022200078,2022-10-28,1610612743,Denver Nuggets,1,1,0,1.0,48.0,123.2,120.6,99.6,106.3,23.6,14.3,0.462,1.5,13.4,0.352,0.764,0.56,0.124,0.559,0.585,98.2,96.0,80.0,97,0.579
0022200070,2022-10-28,1610612765,Detroit Pistons,1,0,1,0.0,48.0,112.3,113.1,133.4,138.8,-21.1,-25.6,0.486,1.64,13.2,0.352,0.667,0.495,0.111,0.471,0.545,100.8,98.5,82.08,99,0.369
0022200080,2022-10-28,1610612745,Houston Rockets,1,0,1,0.0,48.0,103.5,107.8,120.4,123.8,-16.9,-16.0,0.575,1.35,15.9,0.333,0.717,0.505,0.165,0.5,0.538,105.5,102.0,85.0,103,0.408
0022200074,2022-10-28,1610612754,Indiana Pacers,1,1,0,1.0,48.0,121.5,125.7,114.3,115.8,7.2,9.9,0.732,2.14,21.4,0.25,0.766,0.529,0.139,0.599,0.665,103.4,101.0,84.17,101,0.57
0022200076,2022-10-28,1610612747,Los Angeles Lakers,1,0,1,0.0,48.0,92.0,93.6,105.2,102.8,-13.2,-9.2,0.541,0.91,13.9,0.296,0.754,0.539,0.202,0.466,0.506,108.2,108.5,90.42,109,0.44
0022200075,2022-10-28,1610612749,Milwaukee Bucks,1,1,0,1.0,48.0,109.3,114.4,100.9,103.8,8.4,10.6,0.548,3.29,15.2,0.348,0.698,0.515,0.067,0.445,0.492,108.0,104.0,86.67,104,0.547
0022200076,2022-10-28,1610612750,Minnesota Timberwolves,1,1,0,1.0,48.0,105.2,102.8,92.0,93.6,13.2,9.2,0.659,2.7,18.0,0.246,0.704,0.461,0.093,0.48,0.507,108.2,108.5,90.42,108,0.56
0022200079,2022-10-28,1610612740,New Orleans Pelicans,1,0,1,0.0,48.0,110.3,112.1,125.5,125.3,-15.3,-13.1,0.658,1.79,18.2,0.271,0.614,0.435,0.141,0.529,0.58,99.7,99.0,82.5,99,0.406
0022200075,2022-10-28,1610612752,New York Knicks,1,0,1,0.0,48.0,100.9,103.8,109.3,114.4,-8.4,-10.6,0.514,1.46,13.5,0.302,0.652,0.485,0.125,0.462,0.504,108.0,104.0,86.67,104,0.453
0022200071,2022-10-28,1610612753,Orlando Magic,1,1,0,1.0,48.0,109.2,111.9,91.6,93.0,17.7,18.9,0.667,2.33,20.6,0.152,0.797,0.514,0.119,0.553,0.586,102.5,100.5,83.75,101,0.628
0022200073,2022-10-28,1610612755,Philadelphia 76ers,1,1,0,1.0,48.0,118.1,120.4,91.3,97.8,26.8,22.6,0.581,1.67,19.8,0.205,0.627,0.459,0.161,0.622,0.645,96.7,92.5,77.08,93,0.636
0022200079,2022-10-28,1610612756,Phoenix Suns,1,1,0,1.0,48.0,125.5,125.3,110.3,112.1,15.3,13.1,0.688,2.75,22.3,0.386,0.729,0.565,0.121,0.576,0.615,99.7,99.0,82.5,99,0.594
0022200080,2022-10-28,1610612757,Portland Trail Blazers,1,1,0,1.0,48.0,120.4,123.8,103.5,107.8,16.9,16.0,0.625,1.88,20.8,0.283,0.667,0.495,0.158,0.606,0.633,105.5,102.0,85.0,101,0.592
0022200077,2022-10-28,1610612759,San Antonio Spurs,1,1,0,1.0,48.0,116.8,121.7,114.3,117.0,2.5,4.7,0.804,1.76,23.9,0.333,0.63,0.5,0.198,0.628,0.662,109.4,106.0,88.33,106,0.555
0022200073,2022-10-28,1610612761,Toronto Raptors,1,0,1,0.0,48.0,91.3,97.8,118.1,120.4,-26.8,-22.6,0.606,1.18,14.9,0.373,0.795,0.541,0.185,0.436,0.466,96.7,92.5,77.08,92,0.364
0022200078,2022-10-28,1610612762,Utah Jazz,1,0,1,0.0,48.0,99.6,106.3,123.2,120.6,-23.6,-14.3,0.632,2.4,18.2,0.236,0.648,0.44,0.105,0.473,0.508,98.2,96.0,80.0,95,0.421
0022200074,2022-10-28,1610612764,Washington Wizards,1,0,1,0.0,48.0,114.3,115.8,121.5,125.7,-7.2,-9.9,0.61,1.92,18.4,0.234,0.75,0.471,0.129,0.547,0.595,103.4,101.0,84.17,101,0.43
0022200085,2022-10-29,1610612737,Atlanta Hawks,1,0,1,0.0,48.0,113.2,113.9,119.7,121.8,-6.5,-7.9,0.422,1.46,14.1,0.294,0.647,0.471,0.129,0.548,0.572,102.2,101.0,84.17,101,0.439
0022200083,2022-10-29,1610612751,Brooklyn Nets,1,0,1,0.0,48.0,120.3,120.8,124.5,128.9,-4.2,-8.0,0.707,3.22,22.1,0.163,0.554,0.384,0.094,0.585,0.621,98.4,96.5,80.42,96,0.494
0022200082,2022-10-29,1610612766,Charlotte Hornets,1,1,0,1.0,53.0,108.5,113.2,105.6,106.6,2.9,6.6,0.744,3.2,20.3,0.323,0.776,0.542,0.094,0.471,0.519,98.6,96.0,80.0,106,0.534
0022200084,2022-10-29,1610612741,Chicago Bulls,1,0,1,0.0,48.0,107.1,106.9,111.9,112.9,-4.8,-6.0,0.611,1.22,16.4,0.222,0.773,0.494,0.176,0.519,0.588,101.8,101.5,84.58,102,0.464
0022200086,2022-10-29,1610612742,Dallas Mavericks,1,0,1,0.0,53.0,97.4,101.8,107.7,109.3,-10.3,-7.5,0.447,1.06,11.9,0.288,0.755,0.5,0.147,0.442,0.505,100.8,97.81,81.51,109,0.416
0022200082,2022-10-29,1610612744,Golden State Warriors,1,0,1,0.0,53.0,105.6,106.6,108.5,113.2,-2.9,-6.6,0.705,3.1,20.9,0.224,0.677,0.458,0.094,0.505,0.528,98.6,96.0,80.0,106,0.466
0022200083,2022-10-29,1610612754,Indiana Pacers,1,1,0,1.0,48.0,124.5,128.9,120.3,120.8,4.2,8.0,0.775,2.58,20.4,0.446,0.837,0.616,0.124,0.548,0.593,98.4,96.5,80.42,97,0.506
0022200087,2022-10-29,1610612763,Memphis Grizzlies,1,0,1,0.0,48.0,117.6,118.3,117.2,121.6,0.4,-3.3,0.48,1.2,17.1,0.325,0.705,0.524,0.192,0.636,0.65,105.2,103.0,85.83,104,0.494
0022200081,2022-10-29,1610612748,Miami Heat,1,0,1,0.0,48.0,110.1,110.8,114.7,119.0,-4.6,-8.2,0.474,2.0,13.5,0.264,0.795,0.489,0.088,0.489,0.55,103.2,101.0,84.17,102,0.446
0022200085,2022-10-29,1610612749,Milwaukee Bucks,1,1,0,1.0,48.0,119.7,121.8,113.2,113.9,6.5,7.9,0.533,2.0,16.8,0.353,0.706,0.529,0.119,0.565,0.587,102.2,101.0,84.17,101,0.561
0022200086,2022-10-29,1610612760,Oklahoma City Thunder,1,1,0,1.0,53.0,107.7,109.3,97.4,101.8,10.3,7.5,0.568,1.67,17.4,0.245,0.712,0.5,0.14,0.522,0.57,100.8,97.81,81.51,107,0.584
0022200084,2022-10-29,1610612755,Philadelphia 76ers,1,1,0,1.0,48.0,111.9,112.9,107.1,106.9,4.8,6.0,0.718,1.47,20.1,0.227,0.778,0.506,0.188,0.582,0.627,101.8,101.5,84.58,101,0.536
0022200081,2022-10-29,1610612758,Sacramento Kings,1,1,0,1.0,48.0,114.7,119.0,110.1,110.8,4.6,8.2,0.643,1.29,20.0,0.205,0.736,0.511,0.21,0.645,0.67,103.2,101.0,84.17,100,0.554
0022200087,2022-10-29,1610612762,Utah Jazz,1,1,0,1.0,48.0,117.2,121.6,117.6,118.3,-0.4,3.3,0.667,1.5,20.7,0.295,0.675,0.476,0.196,0.626,0.647,105.2,103.0,85.83,102,0.506
0022200089,2022-10-30,1610612738,Boston Celtics,1,1,0,1.0,48.0,114.5,115.5,94.0,96.9,20.6,18.6,0.806,2.07,21.8,0.182,0.698,0.486,0.144,0.589,0.638,98.9,97.0,80.83,97,0.622
0022200090,2022-10-30,1610612739,Cleveland Cavaliers,1,1,0,1.0,48.0,119.4,122.2,106.9,110.2,12.5,12.0,0.805,2.36,22.9,0.28,0.686,0.485,0.141,0.59,0.621,101.2,98.5,82.08,99,0.554
0022200093,2022-10-30,1610612742,Dallas Mavericks,1,1,0,1.0,48.0,120.9,125.3,111.8,114.1,9.0,11.1,0.366,3.75,13.3,0.174,0.673,0.432,0.044,0.56,0.598,94.1,91.5,76.25,91,0.538
0022200095,2022-10-30,1610612743,Denver Nuggets,1,0,1,0.0,48.0,110.1,110.0,120.0,122.2,-10.0,-12.2,0.585,2.67,17.1,0.281,0.692,0.477,0.09,0.505,0.529,100.4,99.5,82.92,100,0.457
0022200091,2022-10-30,1610612765,Detroit Pistons,1,1,0,1.0,48.0,123.4,125.5,108.6,109.6,14.8,15.9,0.6,1.5,17.0,0.326,0.704,0.53,0.157,0.566,0.642,104.4,103.0,85.83,102,0.553
0022200091,2022-10-30,1610612744,Golden State Warriors,1,0,1,0.0,48.0,108.6,109.6,123.4,125.5,-14.8,-15.9,0.59,1.53,16.1,0.296,0.674,0.47,0.144,0.489,0.553,104.4,103.0,85.83,104,0.448
0022200094,2022-10-30,1610612745,Houston Rockets,1,0,1,0.0,48.0,113.0,111.2,125.0,126.5,-12.0,-15.3,0.474,1.2,13.3,0.373,0.727,0.537,0.153,0.5,0.554,97.8,98.0,81.67,98,0.414
0022200088,2022-10-30,1610612746,LA Clippers,1,0,1,0.0,48.0,92.2,96.8,114.8,117.9,-22.7,-21.1,0.667,1.6,18.2,0.259,0.646,0.441,0.16,0.483,0.496,98.1,94.5,78.75,94,0.373
0022200095,2022-10-30,1610612747,Los Angeles Lakers,1,1,0,1.0,48.0,120.0,122.2,110.1,110.0,10.0,12.2,0.522,2.67,17.3,0.308,0.719,0.523,0.091,0.547,0.577,100.4,99.5,82.92,99,0.543
0022200092,2022-10-30,1610612750,Minnesota Timberwolves,1,0,1,0.0,48.0,95.3,99.0,103.9,108.1,-8.6,-9.1,0.525,1.91,14.9,0.349,0.635,0.478,0.111,0.424,0.455,102.9,99.0,82.5,99,0.439
0022200088,2022-10-30,1610612740,New Orleans Pelicans,1,1,0,1.0,48.0,114.8,117.9,92.2,96.8,22.7,21.1,0.696,2.46,22.2,0.354,0.741,0.559,0.137,0.575,0.58,98.1,94.5,78.75,95,0.627
0022200090,2022-10-30,1610612752,New York Knicks,1,0,1,0.0,48.0,106.9,110.2,119.4,122.2,-12.5,-12.0,0.578,1.86,18.6,0.314,0.72,0.515,0.143,0.543,0.545,101.2,98.5,82.08,98,0.446
0022200093,2022-10-30,1610612753,Orlando Magic,1,0,1,0.0,48.0,111.8,114.1,120.9,125.3,-9.0,-11.1,0.541,1.67,15.6,0.327,0.826,0.568,0.13,0.525,0.565,94.1,91.5,76.25,92,0.462
0022200094,2022-10-30,1610612756,Phoenix Suns,1,1,0,1.0,48.0,125.0,126.5,113.0,111.2,12.0,15.3,0.644,2.42,20.9,0.273,0.627,0.463,0.122,0.607,0.638,97.8,98.0,81.67,98,0.586
0022200092,2022-10-30,1610612759,San Antonio Spurs,1,1,0,1.0,48.0,103.9,108.1,95.3,99.0,8.6,9.1,0.75,1.35,18.6,0.365,0.651,0.522,0.202,0.512,0.552,102.9,99.0,82.5,99,0.561
0022200089,2022-10-30,1610612764,Washington Wizards,1,0,1,0.0,48.0,94.0,96.9,114.5,115.5,-20.6,-18.6,0.579,2.2,16.1,0.302,0.818,0.514,0.103,0.423,0.447,98.9,97.0,80.83,97,0.378
0022200099,2022-10-31,1610612737,Atlanta Hawks,1,0,1,0.0,48.0,102.8,105.8,132.9,135.0,-30.1,-29.1,0.718,1.56,19.6,0.255,0.673,0.469,0.175,0.53,0.574,105.3,103.0,85.83,103,0.363
0022200098,2022-10-31,1610612751,Brooklyn Nets,1,1,0,1.0,48.0,112.8,110.5,98.1,104.8,14.7,5.7,0.605,1.3,18.8,0.211,0.667,0.472,0.19,0.606,0.653,107.0,104.5,87.08,105,0.603
0022200096,2022-10-31,1610612766,Charlotte Hornets,1,0,1,0.0,48.0,102.7,105.9,108.2,111.7,-5.5,-5.8,0.721,1.48,21.5,0.244,0.667,0.462,0.206,0.595,0.599,105.7,102.5,85.42,102,0.49
0022200100,2022-10-31,1610612765,Detroit Pistons,1,0,1,0.0,48.0,107.7,109.1,108.1,111.1,-0.4,-2.0,0.463,1.58,14.2,0.308,0.647,0.476,0.121,0.489,0.533,101.0,99.0,82.5,99,0.487
0022200102,2022-10-31,1610612745,Houston Rockets,1,0,1,0.0,48.0,87.6,93.0,94.5,96.0,-6.9,-3.0,0.5,1.13,12.8,0.281,0.769,0.514,0.15,0.432,0.474,103.3,99.5,82.92,100,0.46
0022200098,2022-10-31,1610612754,Indiana Pacers,1,0,1,0.0,48.0,98.1,104.8,112.8,110.5,-14.7,-5.7,0.561,0.96,16.0,0.333,0.789,0.528,0.231,0.534,0.561,107.0,104.5,87.08,104,0.397
0022200102,2022-10-31,1610612746,LA Clippers,1,1,0,1.0,48.0,94.5,96.0,87.6,93.0,6.9,3.0,0.622,1.64,17.2,0.231,0.719,0.486,0.141,0.477,0.503,103.3,99.5,82.92,99,0.54
0022200101,2022-10-31,1610612763,Memphis Grizzlies,1,0,1,0.0,48.0,96.8,100.0,116.7,117.5,-19.9,-17.5,0.368,0.88,9.9,0.359,0.76,0.535,0.152,0.446,0.475,106.1,104.0,86.67,105,0.385
0022200100,2022-10-31,1610612749,Milwaukee Bucks,1,1,0,1.0,48.0,108.1,111.1,107.7,109.1,0.4,2.0,0.526,1.25,14.7,0.353,0.692,0.524,0.162,0.5,0.551,101.0,99.0,82.5,99,0.513
0022200097,2022-10-31,1610612755,Philadelphia 76ers,1,1,0,1.0,48.0,115.9,119.2,111.6,112.1,4.3,7.1,0.565,1.86,19.7,0.171,0.791,0.488,0.141,0.627,0.643,100.6,99.0,82.5,99,0.537
0022200096,2022-10-31,1610612758,Sacramento Kings,1,1,0,1.0,48.0,108.2,111.7,102.7,105.9,5.5,5.8,0.703,1.37,17.9,0.333,0.756,0.538,0.184,0.535,0.591,105.7,102.5,85.42,103,0.51
0022200099,2022-10-31,1610612761,Toronto Raptors,1,1,0,1.0,48.0,132.9,135.0,102.8,105.8,30.1,29.1,0.543,3.57,17.4,0.327,0.745,0.531,0.068,0.576,0.634,105.3,103.0,85.83,103,0.637
0022200101,2022-10-31,1610612762,Utah Jazz,1,1,0,1.0,48.0,116.7,117.5,96.8,100.0,19.9,17.5,0.619,1.63,18.4,0.24,0.641,0.465,0.155,0.579,0.613,106.1,104.0,86.67,103,0.615
0022200097,2022-10-31,1610612764,Washington Wizards,1,0,1,0.0,48.0,111.6,112.1,115.9,119.2,-4.3,-7.1,0.579,1.38,16.9,0.209,0.829,0.512,0.162,0.531,0.6,100.6,99.0,82.5,99,0.463
0022200103,2022-11-01,1610612751,Brooklyn Nets,1,0,1,0.0,48.0,102.7,104.2,111.1,112.5,-8.3,-8.3,0.75,1.5,20.9,0.175,0.706,0.473,0.189,0.568,0.601,96.8,95.5,79.58,95,0.471
0022200103,2022-11-01,1610612741,Chicago Bulls,1,1,0,1.0,48.0,111.1,112.5,102.7,104.2,8.3,8.3,0.513,2.0,15.4,0.294,0.825,0.527,0.104,0.506,0.55,96.8,95.5,79.58,96,0.529
0022200104,2022-11-01,1610612744,Golden State Warriors,1,0,1,0.0,48.0,107.4,112.4,112.8,118.4,-5.4,-6.0,0.795,1.55,21.8,0.292,0.708,0.5,0.206,0.571,0.596,102.1,97.5,81.25,97,0.46
0022200104,2022-11-01,1610612748,Miami Heat,1,1,0,1.0,48.0,112.8,118.4,107.4,112.4,5.4,6.0,0.8,2.13,22.2,0.292,0.708,0.5,0.153,0.545,0.599,102.1,97.5,81.25,98,0.54
0022200106,2022-11-01,1610612750,Minnesota Timberwolves,1,0,1,0.0,48.0,101.4,108.1,113.0,117.2,-11.6,-9.1,0.649,1.33,17.0,0.365,0.735,0.545,0.182,0.5,0.548,104.1,99.0,82.5,99,0.426
0022200105,2022-11-01,1610612760,Oklahoma City Thunder,1,1,0,1.0,48.0,102.8,108.4,99.3,100.0,3.6,8.4,0.622,1.65,18.9,0.245,0.688,0.455,0.159,0.526,0.559,110.8,107.5,89.58,107,0.524
0022200105,2022-11-01,1610612753,Orlando Magic,1,0,1,0.0,48.0,99.3,100.0,102.8,108.4,-3.6,-8.4,0.513,0.8,14.0,0.313,0.755,0.545,0.231,0.506,0.564,110.8,107.5,89.58,108,0.476
0022200106,2022-11-01,1610612756,Phoenix Suns,1,1,0,1.0,48.0,113.0,117.2,101.4,108.1,11.6,9.1,0.756,2.82,21.8,0.265,0.635,0.455,0.111,0.556,0.588,104.1,99.0,82.5,99,0.574
0022200110,2022-11-02,1610612737,Atlanta Hawks,1,1,0,1.0,48.0,105.6,110.9,95.4,98.0,10.2,12.9,0.636,3.11,18.4,0.364,0.704,0.517,0.089,0.467,0.491,104.9,101.0,84.17,101,0.555
0022200107,2022-11-02,1610612738,Boston Celtics,1,0,1,0.0,53.0,101.9,102.7,101.3,103.6,0.6,-0.9,0.684,1.86,17.7,0.218,0.797,0.518,0.127,0.468,0.539,101.2,99.62,83.02,110,0.518
0022200111,2022-11-02,1610612766,Charlotte Hornets,1,0,1,0.0,48.0,85.4,85.4,101.0,105.0,-15.6,-19.5,0.611,1.29,15.7,0.267,0.706,0.468,0.165,0.429,0.444,104.0,102.0,85.0,103,0.427
0022200111,2022-11-02,1610612741,Chicago Bulls,1,1,0,1.0,48.0,101.0,105.0,85.4,85.4,15.6,19.5,0.737,1.4,19.4,0.294,0.733,0.532,0.198,0.511,0.553,104.0,102.0,85.0,101,0.573
0022200107,2022-11-02,1610612739,Cleveland Cavaliers,1,1,0,1.0,53.0,101.3,103.6,101.9,102.7,-0.6,0.9,0.571,2.18,16.6,0.203,0.782,0.482,0.1,0.475,0.516,101.2,99.62,83.02,110,0.482
0022200115,2022-11-02,1610612742,Dallas Mavericks,1,1,0,1.0,48.0,107.7,110.8,105.1,108.7,2.7,2.1,0.476,1.67,16.1,0.267,0.674,0.473,0.129,0.565,0.568,95.4,92.5,77.08,93,0.514
0022200113,2022-11-02,1610612765,Detroit Pistons,1,0,1,0.0,48.0,87.0,87.5,112.0,112.6,-25.0,-25.1,0.545,0.86,14.2,0.13,0.692,0.429,0.202,0.487,0.532,104.1,103.5,86.25,104,0.341
0022200112,2022-11-02,1610612745,Houston Rockets,1,0,1,0.0,48.0,100.8,102.0,110.8,111.2,-10.1,-9.2,0.459,0.89,12.7,0.345,0.778,0.54,0.192,0.483,0.519,99.3,98.5,82.08,99,0.431
0022200112,2022-11-02,1610612746,LA Clippers,1,1,0,1.0,48.0,110.8,111.2,100.8,102.0,10.1,9.2,0.488,1.33,15.6,0.222,0.655,0.46,0.153,0.56,0.59,99.3,98.5,82.08,98,0.569
0022200117,2022-11-02,1610612747,Los Angeles Lakers,1,1,0,1.0,53.0,104.2,103.4,102.4,101.7,1.8,1.7,0.667,1.67,18.9,0.236,0.793,0.522,0.155,0.51,0.555,103.9,104.6,87.17,116,0.51
0022200116,2022-11-02,1610612763,Memphis Grizzlies,1,1,0,1.0,48.0,111.1,108.8,101.5,106.0,9.6,2.8,0.737,1.87,19.9,0.255,0.679,0.485,0.147,0.536,0.585,102.2,101.0,84.17,102,0.561
0022200109,2022-11-02,1610612748,Miami Heat,1,1,0,1.0,48.0,113.7,113.4,106.8,111.5,6.9,1.9,0.614,2.45,20.1,0.217,0.809,0.516,0.113,0.556,0.581,98.4,96.5,80.42,97,0.516
0022200113,2022-11-02,1610612749,Milwaukee Bucks,1,1,0,1.0,48.0,112.0,112.6,87.0,87.5,25.0,25.1,0.558,1.5,16.8,0.308,0.87,0.571,0.155,0.522,0.566,104.1,103.5,86.25,103,0.659
0022200117,2022-11-02,1610612740,New Orleans Pelicans,1,0,1,0.0,53.0,102.4,101.7,104.2,103.4,-1.8,-1.7,0.745,2.5,21.6,0.207,0.764,0.478,0.122,0.5,0.526,103.9,104.6,87.17,115,0.49
0022200110,2022-11-02,1610612752,New York Knicks,1,0,1,0.0,48.0,95.4,98.0,105.6,110.9,-10.2,-12.9,0.622,1.35,16.4,0.296,0.636,0.483,0.168,0.467,0.501,104.9,101.0,84.17,101,0.445
0022200108,2022-11-02,1610612755,Philadelphia 76ers,1,0,1,0.0,48.0,117.1,118.1,130.0,128.7,-12.9,-10.6,0.641,3.13,19.5,0.188,0.8,0.446,0.085,0.577,0.598,93.9,94.0,78.33,94,0.392
0022200116,2022-11-02,1610612757,Portland Trail Blazers,1,0,1,0.0,48.0,101.5,106.0,111.1,108.8,-9.6,-2.8,0.75,1.35,18.6,0.321,0.745,0.515,0.2,0.478,0.528,102.2,101.0,84.17,100,0.439
0022200109,2022-11-02,1610612758,Sacramento Kings,1,0,1,0.0,48.0,106.8,111.5,113.7,113.4,-6.9,-1.9,0.707,2.42,21.6,0.191,0.783,0.484,0.125,0.552,0.581,98.4,96.5,80.42,96,0.484
0022200114,2022-11-02,1610612759,San Antonio Spurs,1,0,1,0.0,48.0,90.8,90.9,124.3,128.8,-33.5,-37.9,0.784,1.26,19.0,0.263,0.694,0.462,0.209,0.468,0.499,112.6,110.5,92.08,110,0.311
0022200114,2022-11-02,1610612761,Toronto Raptors,1,1,0,1.0,48.0,124.3,128.8,90.8,90.9,33.5,37.9,0.544,2.82,19.9,0.306,0.737,0.538,0.099,0.604,0.633,112.6,110.5,92.08,111,0.689
0022200115,2022-11-02,1610612762,Utah Jazz,1,0,1,0.0,48.0,105.1,108.7,107.7,110.8,-2.7,-2.1,0.718,1.65,20.7,0.326,0.733,0.527,0.185,0.524,0.555,95.4,92.5,77.08,92,0.486
0022200108,2022-11-02,1610612764,Washington Wizards,1,1,0,1.0,48.0,130.0,128.7,117.1,118.1,12.9,10.6,0.6,3.38,21.1,0.2,0.813,0.554,0.085,0.609,0.657,93.9,94.0,78.33,94,0.608
0022200119,2022-11-03,1610612743,Denver Nuggets,1,1,0,1.0,48.0,118.4,119.6,108.5,106.8,9.9,12.8,0.711,1.6,22.4,0.225,0.78,0.533,0.196,0.643,0.67,102.2,102.5,85.42,102,0.576
0022200118,2022-11-03,1610612744,Golden State Warriors,1,0,1,0.0,48.0,118.8,122.9,122.4,126.2,-3.6,-3.4,0.62,2.21,20.9,0.294,0.651,0.457,0.133,0.613,0.623,107.4,104.0,86.67,105,0.468
0022200119,2022-11-03,1610612760,Oklahoma City Thunder,1,0,1,0.0,48.0,108.5,106.8,118.4,119.6,-9.9,-12.8,0.422,1.9,14.3,0.22,0.775,0.467,0.097,0.516,0.543,102.2,102.5,85.42,103,0.424
0022200118,2022-11-03,1610612753,Orlando Magic,1,1,0,1.0,48.0,122.4,126.2,118.8,122.9,3.6,3.4,0.476,1.05,14.5,0.349,0.706,0.543,0.184,0.622,0.662,107.4,104.0,86.67,103,0.532
0022200124,2022-11-04,1610612738,Boston Celtics,1,1,0,1.0,48.0,114.8,119.4,111.2,114.4,3.6,5.0,0.585,1.71,17.4,0.25,0.786,0.512,0.136,0.548,0.614,107.1,103.5,86.25,103,0.519
0022200123,2022-11-04,1610612751,Brooklyn Nets,1,1,0,1.0,48.0,130.4,132.0,87.2,87.8,43.2,44.2,0.64,3.56,23.4,0.2,0.782,0.537,0.093,0.633,0.666,98.4,97.5,81.25,97,0.712
0022200125,2022-11-04,1610612766,Charlotte Hornets,1,0,1,0.0,48.0,93.7,91.7,121.6,121.5,-27.9,-29.8,0.667,1.22,15.3,0.25,0.612,0.419,0.167,0.43,0.497,106.3,107.5,89.58,108,0.362
0022200124,2022-11-04,1610612741,Chicago Bulls,1,0,1,0.0,48.0,111.2,114.4,114.8,119.4,-3.6,-5.0,0.488,1.24,15.8,0.214,0.75,0.488,0.163,0.584,0.633,107.1,103.5,86.25,104,0.481
0022200120,2022-11-04,1610612739,Cleveland Cavaliers,1,1,0,1.0,48.0,115.4,116.7,88.4,91.7,27.1,25.0,0.682,1.58,21.6,0.333,0.769,0.582,0.198,0.611,0.636,98.3,96.0,80.0,96,0.702
0022200127,2022-11-04,1610612742,Dallas Mavericks,1,1,0,1.0,48.0,109.9,114.4,110.0,114.6,-0.1,-0.2,0.59,1.21,17.4,0.317,0.549,0.446,0.196,0.584,0.631,100.5,96.5,80.42,97,0.53
0022200120,2022-11-04,1610612765,Detroit Pistons,1,0,1,0.0,48.0,88.4,91.7,115.4,116.7,-27.1,-25.0,0.516,0.84,12.9,0.231,0.667,0.418,0.198,0.452,0.491,98.3,96.0,80.0,96,0.298
0022200128,2022-11-04,1610612744,Golden State Warriors,1,0,1,0.0,48.0,102.9,106.1,113.1,115.2,-10.2,-9.1,0.657,1.0,18.0,0.189,0.667,0.443,0.232,0.577,0.64,101.4,99.0,82.5,99,0.446
0022200121,2022-11-04,1610612754,Indiana Pacers,1,1,0,1.0,48.0,97.0,100.0,95.7,96.1,1.3,3.9,0.757,1.47,20.4,0.174,0.76,0.479,0.188,0.538,0.56,103.8,102.0,85.0,101,0.546
0022200126,2022-11-04,1610612746,LA Clippers,1,1,0,1.0,48.0,111.5,111.9,103.0,106.0,8.5,5.9,0.619,1.63,19.7,0.179,0.83,0.554,0.158,0.619,0.639,102.1,100.5,83.75,101,0.555
0022200131,2022-11-04,1610612747,Los Angeles Lakers,1,0,1,0.0,48.0,119.2,120.8,129.5,134.0,-10.3,-13.2,0.55,2.0,16.9,0.267,0.635,0.464,0.115,0.548,0.608,98.9,96.5,80.42,96,0.457
0022200125,2022-11-04,1610612763,Memphis Grizzlies,1,1,0,1.0,48.0,121.6,121.5,93.7,91.7,27.9,29.8,0.68,1.79,21.4,0.388,0.75,0.581,0.178,0.592,0.614,106.3,107.5,89.58,107,0.638
0022200121,2022-11-04,1610612748,Miami Heat,1,0,1,0.0,48.0,95.7,96.1,97.0,100.0,-1.3,-3.9,0.548,0.89,13.0,0.24,0.826,0.521,0.184,0.451,0.535,103.8,102.0,85.0,103,0.454
0022200129,2022-11-04,1610612749,Milwaukee Bucks,1,1,0,1.0,48.0,111.3,109.5,96.7,99.0,14.6,10.5,0.707,2.23,20.1,0.196,0.807,0.519,0.124,0.582,0.591,104.4,104.0,86.67,105,0.601
0022200129,2022-11-04,1610612750,Minnesota Timberwolves,1,0,1,0.0,48.0,96.7,99.0,111.3,109.5,-14.6,-10.5,0.564,1.38,16.2,0.193,0.804,0.481,0.155,0.484,0.513,104.4,104.0,86.67,103,0.399
0022200128,2022-11-04,1610612740,New Orleans Pelicans,1,1,0,1.0,48.0,113.1,115.2,102.9,106.1,10.2,9.1,0.585,1.5,17.5,0.333,0.811,0.557,0.162,0.58,0.608,101.4,99.0,82.5,99,0.554
0022200122,2022-11-04,1610612752,New York Knicks,1,1,0,1.0,48.0,102.0,101.0,95.2,101.0,6.8,0.0,0.649,1.09,16.8,0.311,0.692,0.536,0.21,0.519,0.577,106.6,104.0,86.67,105,0.542
0022200122,2022-11-04,1610612755,Philadelphia 76ers,1,0,1,0.0,48.0,95.2,101.0,102.0,101.0,-6.8,0.0,0.73,1.8,18.0,0.308,0.689,0.464,0.146,0.444,0.485,106.6,104.0,86.67,103,0.458
0022200130,2022-11-04,1610612756,Phoenix Suns,1,0,1,0.0,48.0,110.1,112.8,109.5,112.5,0.6,0.3,0.722,1.53,19.4,0.298,0.651,0.467,0.181,0.518,0.575,97.4,95.0,79.17,94,0.479
0022200130,2022-11-04,1610612757,Portland Trail Blazers,1,1,0,1.0,48.0,109.5,112.5,110.1,112.8,-0.6,-0.3,0.698,1.67,21.6,0.349,0.702,0.533,0.188,0.565,0.59,97.4,95.0,79.17,96,0.521
0022200126,2022-11-04,1610612759,San Antonio Spurs,1,0,1,0.0,48.0,103.0,106.0,111.5,111.9,-8.5,-5.9,0.548,1.77,17.4,0.17,0.821,0.446,0.13,0.545,0.553,102.1,100.5,83.75,100,0.445
0022200127,2022-11-04,1610612761,Toronto Raptors,1,0,1,0.0,48.0,110.0,114.6,109.9,114.4,0.1,0.2,0.513,1.05,14.4,0.451,0.683,0.554,0.198,0.506,0.556,100.5,96.5,80.42,96,0.47
0022200131,2022-11-04,1610612762,Utah Jazz,1,1,0,1.0,48.0,129.5,134.0,119.2,120.8,10.3,13.2,0.596,3.88,21.1,0.365,0.733,0.536,0.082,0.587,0.605,98.9,96.5,80.42,97,0.543
0022200123,2022-11-04,1610612764,Washington Wizards,1,0,1,0.0,48.0,87.2,87.8,130.4,132.0,-43.2,-44.2,0.6,1.38,14.1,0.218,0.8,0.463,0.133,0.41,0.464,98.4,97.5,81.25,98,0.288
0022200134,2022-11-05,1610612737,Atlanta Hawks,1,1,0,1.0,53.0,107.8,108.8,103.1,107.1,4.7,1.7,0.596,2.15,17.7,0.276,0.625,0.459,0.114,0.5,0.544,105.2,102.79,85.66,114,0.548
0022200135,2022-11-05,1610612738,Boston Celtics,1,1,0,1.0,48.0,135.3,135.7,119.1,119.2,16.2,16.5,0.638,2.31,21.9,0.22,0.689,0.465,0.133,0.688,0.713,98.7,98.5,82.08,98,0.531
0022200133,2022-11-05,1610612751,Brooklyn Nets,1,1,0,1.0,48.0,102.4,105.4,95.8,100.0,6.6,5.4,0.697,2.09,17.8,0.255,0.655,0.462,0.118,0.464,0.523,96.9,93.5,77.92,93,0.555
0022200133,2022-11-05,1610612766,Charlotte Hornets,1,0,1,0.0,48.0,95.8,100.0,102.4,105.4,-6.6,-5.4,0.688,1.47,16.3,0.345,0.745,0.538,0.16,0.453,0.489,96.9,93.5,77.92,94,0.445
0022200138,2022-11-05,1610612743,Denver Nuggets,1,1,0,1.0,48.0,126.8,128.6,103.7,103.1,23.0,25.5,0.698,2.06,25.2,0.351,0.826,0.614,0.184,0.695,0.689,98.4,98.0,81.67,98,0.623
0022200137,2022-11-05,1610612745,Houston Rockets,1,0,1,0.0,48.0,107.7,113.6,124.3,125.2,-16.6,-11.7,0.675,1.17,18.4,0.375,0.727,0.519,0.223,0.571,0.599,106.2,103.0,85.83,103,0.406
0022200136,2022-11-05,1610612749,Milwaukee Bucks,1,1,0,1.0,48.0,109.7,111.3,95.9,96.9,13.8,14.4,0.605,1.21,16.5,0.396,0.796,0.588,0.196,0.517,0.554,98.3,97.0,80.83,97,0.587
0022200137,2022-11-05,1610612750,Minnesota Timberwolves,1,1,0,1.0,48.0,124.3,125.2,107.7,113.6,16.6,11.7,0.776,1.58,25.3,0.273,0.625,0.481,0.233,0.706,0.726,106.2,103.0,85.83,103,0.594
0022200134,2022-11-05,1610612740,New Orleans Pelicans,1,0,1,0.0,53.0,103.1,107.1,107.8,108.8,-4.7,-1.7,0.489,1.44,14.4,0.375,0.724,0.541,0.142,0.468,0.503,105.2,102.79,85.66,113,0.452
0022200135,2022-11-05,1610612752,New York Knicks,1,0,1,0.0,48.0,119.1,119.2,135.3,135.7,-16.2,-16.5,0.478,1.57,16.3,0.311,0.78,0.535,0.141,0.572,0.608,98.7,98.5,82.08,99,0.469
0022200136,2022-11-05,1610612760,Oklahoma City Thunder,1,0,1,0.0,48.0,95.9,96.9,109.7,111.3,-13.8,-14.4,0.611,1.38,17.1,0.204,0.604,0.412,0.165,0.5,0.516,98.3,97.0,80.83,97,0.413
0022200132,2022-11-05,1610612753,Orlando Magic,1,0,1,0.0,53.0,110.0,111.8,112.1,113.5,-2.0,-1.7,0.54,1.5,18.6,0.214,0.843,0.559,0.164,0.565,0.61,101.5,100.08,83.4,110,0.538
0022200139,2022-11-05,1610612756,Phoenix Suns,1,1,0,1.0,48.0,104.8,106.3,82.4,87.2,22.4,19.0,0.629,1.57,16.7,0.313,0.731,0.53,0.146,0.494,0.541,98.4,95.0,79.17,96,0.65
0022200139,2022-11-05,1610612757,Portland Trail Blazers,1,0,1,0.0,48.0,82.4,87.2,104.8,106.3,-22.4,-19.0,0.733,1.22,16.9,0.269,0.688,0.47,0.191,0.424,0.458,98.4,95.0,79.17,94,0.35
0022200132,2022-11-05,1610612758,Sacramento Kings,1,1,0,1.0,53.0,112.1,113.5,110.0,111.8,2.0,1.7,0.511,1.71,16.9,0.157,0.786,0.441,0.126,0.586,0.603,101.5,100.08,83.4,111,0.462
0022200138,2022-11-05,1610612759,San Antonio Spurs,1,0,1,0.0,48.0,103.7,103.1,126.8,128.6,-23.0,-25.5,0.718,1.87,20.9,0.174,0.649,0.386,0.153,0.563,0.572,98.4,98.0,81.67,98,0.377
0022200141,2022-11-06,1610612741,Chicago Bulls,1,0,1,0.0,48.0,108.7,108.3,115.5,118.9,-6.9,-10.6,0.675,1.59,19.3,0.347,0.567,0.468,0.177,0.528,0.555,96.8,95.5,79.58,96,0.46
0022200140,2022-11-06,1610612739,Cleveland Cavaliers,1,1,0,1.0,48.0,108.7,112.9,96.9,99.0,11.9,13.9,0.514,1.36,14.3,0.286,0.774,0.539,0.139,0.488,0.571,104.0,101.0,84.17,101,0.595
0022200143,2022-11-06,1610612746,LA Clippers,1,0,1,0.0,48.0,99.3,103.0,109.5,111.1,-10.2,-8.1,0.512,1.57,16.8,0.213,0.756,0.466,0.141,0.54,0.55,101.6,99.0,82.5,99,0.444
0022200140,2022-11-06,1610612747,Los Angeles Lakers,1,0,1,0.0,48.0,96.9,99.0,108.7,112.9,-11.9,-13.9,0.6,1.41,17.5,0.226,0.714,0.461,0.168,0.506,0.52,104.0,101.0,84.17,101,0.405
0022200142,2022-11-06,1610612763,Memphis Grizzlies,1,1,0,1.0,48.0,104.3,109.6,101.7,102.1,2.6,7.5,0.513,1.82,15.5,0.291,0.724,0.513,0.117,0.478,0.516,97.1,94.5,78.75,94,0.529
0022200141,2022-11-06,1610612761,Toronto Raptors,1,1,0,1.0,48.0,115.5,118.9,108.7,108.3,6.9,10.6,0.636,3.11,18.8,0.433,0.653,0.532,0.095,0.476,0.505,96.8,95.5,79.58,95,0.54
0022200143,2022-11-06,1610612762,Utah Jazz,1,1,0,1.0,48.0,109.5,111.1,99.3,103.0,10.2,8.1,0.514,0.86,14.2,0.244,0.787,0.534,0.212,0.567,0.636,101.6,99.0,82.5,99,0.556
0022200142,2022-11-06,1610612764,Washington Wizards,1,0,1,0.0,48.0,101.7,102.1,104.3,109.6,-2.6,-7.5,0.61,2.5,18.4,0.276,0.709,0.487,0.105,0.469,0.483,97.1,94.5,78.75,95,0.471
0022200149,2022-11-07,1610612737,Atlanta Hawks,1,1,0,1.0,48.0,109.9,113.6,91.6,96.1,18.3,17.5,0.5,1.92,16.0,0.321,0.765,0.533,0.117,0.52,0.549,106.8,102.5,85.42,103,0.59
0022200152,2022-11-07,1610612738,Boston Celtics,1,1,0,1.0,48.0,106.5,110.1,105.8,105.0,0.7,5.2,0.684,1.73,19.3,0.208,0.769,0.5,0.152,0.537,0.578,101.2,100.0,83.33,99,0.522
0022200155,2022-11-07,1610612751,Brooklyn Nets,1,0,1,0.0,48.0,106.4,105.6,103.7,109.1,2.7,-3.5,0.629,1.57,17.3,0.34,0.571,0.449,0.157,0.5,0.532,90.5,88.5,73.75,89,0.489
0022200144,2022-11-07,1610612766,Charlotte Hornets,1,0,1,0.0,48.0,98.0,102.0,110.0,111.3,-12.0,-9.3,0.643,2.45,18.6,0.361,0.714,0.505,0.112,0.441,0.463,100.1,97.5,81.25,98,0.45
0022200151,2022-11-07,1610612741,Chicago Bulls,1,1,0,1.0,48.0,108.1,107.8,92.7,94.2,15.4,13.6,0.714,1.36,21.0,0.263,0.843,0.596,0.214,0.581,0.619,103.7,103.0,85.83,103,0.603
0022200158,2022-11-07,1610612739,Cleveland Cavaliers,1,0,1,0.0,48.0,117.9,118.2,123.5,121.4,-5.7,-3.2,0.674,1.71,20.6,0.302,0.907,0.605,0.172,0.614,0.634,97.8,98.5,82.08,99,0.521
0022200155,2022-11-07,1610612742,Dallas Mavericks,1,1,0,1.0,48.0,103.7,109.1,106.4,105.6,-2.7,3.5,0.563,0.82,14.5,0.429,0.66,0.551,0.25,0.528,0.581,90.5,88.5,73.75,88,0.511
0022200154,2022-11-07,1610612743,Denver Nuggets,1,1,0,1.0,48.0,103.8,111.7,104.9,105.8,-1.1,5.8,0.702,1.5,21.7,0.356,0.744,0.545,0.214,0.58,0.594,107.4,103.0,85.83,103,0.534
0022200146,2022-11-07,1610612765,Detroit Pistons,1,1,0,1.0,48.0,104.2,109.8,99.5,101.0,4.6,8.8,0.513,1.25,13.7,0.414,0.703,0.566,0.157,0.468,0.521,105.5,102.0,85.0,102,0.558
0022200156,2022-11-07,1610612744,Golden State Warriors,1,1,0,1.0,48.0,111.3,112.6,106.8,107.6,4.4,5.0,0.636,1.87,20.0,0.217,0.772,0.524,0.146,0.58,0.596,105.0,104.0,86.67,103,0.531
0022200145,2022-11-07,1610612745,Houston Rockets,1,1,0,1.0,48.0,126.4,132.7,121.4,124.5,5.0,8.2,0.674,1.41,20.7,0.391,0.634,0.506,0.218,0.667,0.684,105.3,101.5,84.58,101,0.523
0022200147,2022-11-07,1610612754,Indiana Pacers,1,1,0,1.0,48.0,125.1,126.5,120.2,120.8,4.9,5.7,0.767,1.94,22.4,0.289,0.72,0.516,0.167,0.628,0.671,102.3,101.5,84.58,102,0.531
0022200158,2022-11-07,1610612746,LA Clippers,1,1,0,1.0,48.0,123.5,121.4,117.9,118.2,5.7,3.2,0.475,2.11,15.7,0.093,0.698,0.395,0.092,0.614,0.652,97.8,98.5,82.08,98,0.479
0022200157,2022-11-07,1610612747,Los Angeles Lakers,1,0,1,0.0,48.0,111.3,111.5,126.7,133.7,-15.4,-22.1,0.375,0.94,11.7,0.209,0.644,0.432,0.154,0.543,0.609,106.9,104.0,86.67,104,0.397
0022200152,2022-11-07,1610612763,Memphis Grizzlies,1,0,1,0.0,48.0,105.8,105.0,106.5,110.1,-0.7,-5.2,0.659,2.45,19.3,0.231,0.792,0.5,0.109,0.533,0.545,101.2,100.0,83.33,101,0.478
0022200150,2022-11-07,1610612748,Miami Heat,1,0,1,0.0,48.0,109.6,113.8,114.3,115.8,-4.7,-2.0,0.7,2.33,21.4,0.196,0.857,0.481,0.128,0.56,0.591,96.9,94.5,78.75,94,0.482
0022200149,2022-11-07,1610612749,Milwaukee Bucks,1,0,1,0.0,48.0,91.6,96.1,109.9,113.6,-18.3,-17.5,0.583,1.11,15.6,0.235,0.679,0.467,0.186,0.489,0.521,106.8,102.5,85.42,102,0.41
0022200153,2022-11-07,1610612750,Minnesota Timberwolves,1,0,1,0.0,48.0,101.4,102.9,109.1,115.4,-7.7,-12.5,0.737,1.56,20.0,0.205,0.692,0.469,0.173,0.537,0.584,107.8,104.0,86.67,104,0.489
0022200147,2022-11-07,1610612740,New Orleans Pelicans,1,0,1,0.0,48.0,120.2,120.8,125.1,126.5,-4.9,-5.7,0.667,3.2,21.8,0.28,0.711,0.484,0.099,0.567,0.584,102.3,101.5,84.58,101,0.469
0022200153,2022-11-07,1610612752,New York Knicks,1,1,0,1.0,48.0,109.1,115.4,101.4,102.9,7.7,12.5,0.667,1.37,17.8,0.308,0.795,0.531,0.183,0.545,0.6,107.8,104.0,86.67,104,0.511
0022200146,2022-11-07,1610612760,Oklahoma City Thunder,1,0,1,0.0,48.0,99.5,101.0,104.2,109.8,-4.6,-8.8,0.561,2.3,16.0,0.297,0.586,0.434,0.098,0.451,0.47,105.5,102.0,85.0,102,0.442
0022200145,2022-11-07,1610612753,Orlando Magic,1,0,1,0.0,48.0,121.4,124.5,126.4,132.7,-5.0,-8.2,0.6,1.35,18.8,0.366,0.609,0.494,0.196,0.622,0.664,105.3,101.5,84.58,102,0.477
0022200148,2022-11-07,1610612755,Philadelphia 76ers,1,1,0,1.0,48.0,105.7,108.7,96.0,94.6,9.7,14.1,0.71,1.38,16.5,0.373,0.814,0.574,0.174,0.463,0.534,93.2,92.5,77.08,92,0.553
0022200148,2022-11-07,1610612756,Phoenix Suns,1,0,1,0.0,48.0,96.0,94.6,105.7,108.7,-9.7,-14.1,0.594,1.27,16.0,0.186,0.627,0.426,0.161,0.479,0.532,93.2,92.5,77.08,93,0.447
0022200150,2022-11-07,1610612757,Portland Trail Blazers,1,1,0,1.0,48.0,114.3,115.8,109.6,113.8,4.7,2.0,0.711,1.42,21.3,0.143,0.804,0.519,0.2,0.639,0.677,96.9,94.5,78.75,95,0.518
0022200156,2022-11-07,1610612758,Sacramento Kings,1,0,1,0.0,48.0,106.8,107.6,111.3,112.6,-4.4,-5.0,0.649,2.18,16.9,0.228,0.783,0.476,0.105,0.484,0.545,105.0,104.0,86.67,105,0.469
0022200154,2022-11-07,1610612759,San Antonio Spurs,1,0,1,0.0,48.0,104.9,105.8,103.8,111.7,1.1,-5.8,0.721,1.29,21.4,0.256,0.644,0.455,0.233,0.598,0.606,107.4,103.0,85.83,103,0.466
0022200151,2022-11-07,1610612761,Toronto Raptors,1,0,1,0.0,48.0,92.7,94.2,108.1,107.8,-15.4,-13.6,0.667,1.6,17.9,0.157,0.737,0.404,0.146,0.476,0.512,103.7,103.0,85.83,103,0.397
0022200157,2022-11-07,1610612762,Utah Jazz,1,1,0,1.0,48.0,126.7,133.7,111.3,111.5,15.4,22.1,0.566,2.0,20.1,0.356,0.791,0.568,0.144,0.642,0.664,106.9,104.0,86.67,104,0.603
0022200144,2022-11-07,1610612764,Washington Wizards,1,1,0,1.0,48.0,110.0,111.3,98.0,102.0,12.0,9.3,0.5,1.4,16.2,0.286,0.639,0.495,0.155,0.556,0.579,100.1,97.5,81.25,97,0.55
0022200162,2022-11-09,1610612737,Atlanta Hawks,1,0,1,0.0,48.0,110.3,114.4,119.5,119.0,-9.2,-4.6,0.471,2.18,16.1,0.356,0.704,0.522,0.106,0.505,0.523,106.2,104.5,87.08,104,0.49
0022200163,2022-11-09,1610612738,Boston Celtics,1,1,0,1.0,48.0,125.2,125.5,110.2,109.8,15.0,15.7,0.66,2.38,22.0,0.209,0.673,0.469,0.127,0.636,0.658,101.9,102.0,85.0,102,0.585
0022200164,2022-11-09,1610612751,Brooklyn Nets,1,1,0,1.0,48.0,112.2,112.0,83.0,85.0,29.2,27.0,0.714,2.0,21.3,0.245,0.778,0.545,0.15,0.563,0.585,101.1,100.0,83.33,100,0.69
0022200159,2022-11-09,1610612766,Charlotte Hornets,1,0,1,0.0,48.0,102.6,104.4,109.4,114.1,-6.7,-9.7,0.618,1.91,15.7,0.367,0.675,0.49,0.121,0.429,0.468,94.3,91.5,76.25,91,0.389
0022200166,2022-11-09,1610612741,Chicago Bulls,1,0,1,0.0,48.0,106.8,108.8,111.8,111.7,-5.0,-2.8,0.523,1.53,17.4,0.159,0.652,0.411,0.147,0.546,0.585,103.4,102.5,85.42,102,0.467
0022200171,2022-11-09,1610612739,Cleveland Cavaliers,1,0,1,0.0,48.0,119.0,122.4,129.1,129.6,-10.0,-7.1,0.522,1.33,17.4,0.415,0.865,0.628,0.184,0.599,0.633,99.6,98.0,81.67,98,0.448
0022200161,2022-11-09,1610612742,Dallas Mavericks,1,0,1,0.0,48.0,91.2,92.6,96.7,100.0,-5.4,-7.4,0.531,2.83,14.4,0.123,0.75,0.381,0.064,0.441,0.466,96.3,94.0,78.33,94,0.431
0022200160,2022-11-09,1610612743,Denver Nuggets,1,1,0,1.0,48.0,110.5,111.9,106.9,107.2,3.6,4.7,0.628,1.23,18.1,0.277,0.736,0.52,0.202,0.557,0.613,110.9,110.0,91.67,109,0.543
0022200163,2022-11-09,1610612765,Detroit Pistons,1,0,1,0.0,48.0,110.2,109.8,125.2,125.5,-15.0,-15.7,0.405,1.5,11.2,0.327,0.791,0.531,0.098,0.455,0.525,101.9,102.0,85.0,102,0.415
0022200165,2022-11-09,1610612745,Houston Rockets,1,0,1,0.0,48.0,111.6,112.4,113.9,118.4,-2.3,-6.0,0.784,1.81,20.1,0.367,0.54,0.464,0.165,0.494,0.558,99.7,97.5,81.25,97,0.544
0022200160,2022-11-09,1610612754,Indiana Pacers,1,0,1,0.0,48.0,106.9,107.2,110.5,111.9,-3.6,-4.7,0.622,1.56,18.4,0.264,0.723,0.48,0.162,0.542,0.57,110.9,110.0,91.67,111,0.457
0022200170,2022-11-09,1610612746,LA Clippers,1,1,0,1.0,48.0,112.4,111.8,97.6,100.0,14.8,11.8,0.585,1.6,17.9,0.186,0.76,0.495,0.147,0.58,0.617,102.5,101.5,84.58,102,0.554
0022200170,2022-11-09,1610612747,Los Angeles Lakers,1,0,1,0.0,48.0,97.6,100.0,112.4,111.8,-14.8,-11.8,0.65,1.63,18.7,0.24,0.814,0.505,0.158,0.511,0.529,102.5,101.5,84.58,101,0.446
0022200169,2022-11-09,1610612763,Memphis Grizzlies,1,1,0,1.0,53.0,117.3,119.2,113.9,115.1,3.4,4.1,0.48,1.2,16.2,0.417,0.667,0.549,0.192,0.582,0.598,96.4,95.09,79.25,104,0.494
0022200168,2022-11-09,1610612749,Milwaukee Bucks,1,1,0,1.0,58.0,111.8,115.3,113.4,111.9,-1.7,3.4,0.54,1.59,16.8,0.281,0.703,0.504,0.144,0.552,0.588,98.5,97.66,81.38,118,0.529
0022200167,2022-11-09,1610612750,Minnesota Timberwolves,1,0,1,0.0,48.0,113.5,113.6,120.8,124.0,-7.3,-10.4,0.634,1.37,19.0,0.2,0.7,0.478,0.184,0.583,0.635,104.9,103.5,86.25,103,0.456
0022200166,2022-11-09,1610612740,New Orleans Pelicans,1,1,0,1.0,48.0,111.8,111.7,106.8,108.8,5.0,2.8,0.476,1.25,14.6,0.348,0.841,0.589,0.155,0.518,0.576,103.4,102.5,85.42,103,0.533
0022200164,2022-11-09,1610612752,New York Knicks,1,0,1,0.0,48.0,83.0,85.0,112.2,112.0,-29.2,-27.0,0.75,1.4,15.7,0.222,0.755,0.455,0.15,0.391,0.432,101.1,100.0,83.33,100,0.31
0022200168,2022-11-09,1610612760,Oklahoma City Thunder,1,0,1,0.0,58.0,113.4,111.9,111.8,115.3,1.7,-3.4,0.48,1.85,14.9,0.297,0.719,0.496,0.11,0.532,0.553,98.5,97.66,81.38,118,0.471
0022200161,2022-11-09,1610612753,Orlando Magic,1,1,0,1.0,48.0,96.7,100.0,91.2,92.6,5.4,7.4,0.556,1.05,16.4,0.25,0.877,0.619,0.202,0.548,0.571,96.3,94.0,78.33,94,0.569
0022200167,2022-11-09,1610612756,Phoenix Suns,1,1,0,1.0,48.0,120.8,124.0,113.5,113.6,7.3,10.4,0.66,2.82,20.7,0.3,0.8,0.522,0.106,0.567,0.61,104.9,103.5,86.25,104,0.544
0022200159,2022-11-09,1610612757,Portland Trail Blazers,1,1,0,1.0,48.0,109.4,114.1,102.6,104.4,6.7,9.7,0.7,1.56,21.4,0.325,0.633,0.51,0.196,0.607,0.61,94.3,91.5,76.25,92,0.611
0022200171,2022-11-09,1610612758,Sacramento Kings,1,1,0,1.0,48.0,129.1,129.6,119.0,122.4,10.0,7.1,0.75,3.33,22.6,0.135,0.585,0.372,0.092,0.638,0.695,99.6,98.0,81.67,98,0.552
0022200169,2022-11-09,1610612759,San Antonio Spurs,1,0,1,0.0,53.0,113.9,115.1,117.3,119.2,-3.4,-4.1,0.638,2.5,19.6,0.333,0.583,0.451,0.113,0.541,0.564,96.4,95.09,79.25,106,0.506
0022200165,2022-11-09,1610612761,Toronto Raptors,1,1,0,1.0,48.0,113.9,118.4,111.6,112.4,2.3,6.0,0.452,1.46,13.1,0.46,0.633,0.536,0.133,0.485,0.523,99.7,97.5,81.25,98,0.456
0022200162,2022-11-09,1610612762,Utah Jazz,1,1,0,1.0,48.0,119.5,119.0,110.3,114.4,9.2,4.6,0.614,2.08,18.2,0.296,0.644,0.478,0.124,0.559,0.598,106.2,104.5,87.08,105,0.51
0022200173,2022-11-10,1610612737,Atlanta Hawks,1,1,0,1.0,48.0,98.9,98.1,91.2,89.6,7.8,8.5,0.487,1.06,13.9,0.24,0.833,0.548,0.17,0.477,0.53,104.7,106.0,88.33,106,0.565
0022200174,2022-11-10,1610612766,Charlotte Hornets,1,0,1,0.0,53.0,102.0,103.7,107.5,110.4,-5.5,-6.7,0.535,1.1,15.9,0.286,0.818,0.567,0.194,0.568,0.579,99.0,96.91,80.75,108,0.484
0022200172,2022-11-10,1610612742,Dallas Mavericks,1,0,1,0.0,48.0,103.7,101.9,111.0,110.8,-7.3,-8.8,0.514,1.46,14.5,0.185,0.795,0.459,0.126,0.535,0.551,101.5,102.5,85.42,103,0.441
0022200174,2022-11-10,1610612748,Miami Heat,1,1,0,1.0,53.0,107.5,110.4,102.0,103.7,5.5,6.7,0.538,1.91,15.3,0.182,0.714,0.433,0.104,0.489,0.553,99.0,96.91,80.75,106,0.516
0022200175,2022-11-10,1610612740,New Orleans Pelicans,1,0,1,0.0,48.0,97.4,100.0,112.2,111.6,-14.9,-11.6,0.576,1.12,15.1,0.265,0.74,0.505,0.179,0.481,0.53,96.0,95.0,79.17,95,0.407
0022200173,2022-11-10,1610612755,Philadelphia 76ers,1,0,1,0.0,48.0,91.2,89.6,98.9,98.1,-7.8,-8.5,0.469,0.88,11.5,0.167,0.76,0.452,0.16,0.422,0.494,104.7,106.0,88.33,106,0.435
0022200175,2022-11-10,1610612757,Portland Trail Blazers,1,1,0,1.0,48.0,112.2,111.6,97.4,100.0,14.9,11.6,0.676,2.78,18.9,0.26,0.735,0.495,0.095,0.506,0.55,96.0,95.0,79.17,95,0.593
0022200172,2022-11-10,1610612764,Washington Wizards,1,1,0,1.0,48.0,111.0,110.8,103.7,101.9,7.3,8.8,0.61,1.47,18.4,0.205,0.815,0.541,0.167,0.56,0.609,101.5,102.5,85.42,102,0.559
0022200176,2022-11-11,1610612738,Boston Celtics,1,1,0,1.0,48.0,136.7,140.9,116.9,120.4,19.8,20.4,0.6,4.29,22.2,0.293,0.717,0.532,0.075,0.644,0.663,95.8,93.0,77.5,93,0.582
0022200182,2022-11-11,1610612739,Cleveland Cavaliers,1,0,1,0.0,48.0,98.6,104.1,111.4,108.2,-12.8,-4.0,0.676,1.92,18.0,0.298,0.814,0.52,0.134,0.446,0.488,98.8,97.5,81.25,97,0.46
0022200176,2022-11-11,1610612743,Denver Nuggets,1,0,1,0.0,48.0,116.9,120.4,136.7,140.9,-19.8,-20.4,0.619,4.33,19.4,0.283,0.707,0.468,0.065,0.522,0.556,95.8,93.0,77.5,93,0.418
0022200178,2022-11-11,1610612765,Detroit Pistons,1,0,1,0.0,48.0,110.8,112.0,118.9,121.0,-8.1,-9.0,0.595,1.47,16.1,0.319,0.63,0.485,0.15,0.506,0.571,101.4,100.0,83.33,100,0.482
0022200182,2022-11-11,1610612744,Golden State Warriors,1,1,0,1.0,48.0,111.4,108.2,98.6,104.1,12.8,4.0,0.725,1.93,21.5,0.186,0.702,0.48,0.153,0.579,0.601,98.8,97.5,81.25,98,0.54
0022200183,2022-11-11,1610612747,Los Angeles Lakers,1,0,1,0.0,48.0,114.6,115.2,118.5,120.0,-3.9,-4.8,0.524,1.57,15.9,0.354,0.69,0.511,0.141,0.534,0.573,100.3,99.5,82.92,99,0.449
0022200181,2022-11-11,1610612763,Memphis Grizzlies,1,1,0,1.0,48.0,115.3,120.0,106.5,109.6,8.8,10.4,0.568,1.79,17.9,0.408,0.773,0.581,0.147,0.54,0.571,97.8,94.5,78.75,95,0.535
0022200180,2022-11-11,1610612749,Milwaukee Bucks,1,0,1,0.0,48.0,89.3,95.9,109.3,113.3,-19.9,-17.4,0.688,1.29,15.0,0.394,0.674,0.5,0.175,0.388,0.43,102.9,97.5,81.25,97,0.364
0022200181,2022-11-11,1610612750,Minnesota Timberwolves,1,0,1,0.0,48.0,106.5,109.6,115.3,120.0,-8.8,-10.4,0.784,1.93,22.0,0.227,0.592,0.419,0.16,0.532,0.581,97.8,94.5,78.75,94,0.465
0022200178,2022-11-11,1610612752,New York Knicks,1,1,0,1.0,48.0,118.9,121.0,110.8,112.0,8.1,9.0,0.548,2.09,16.2,0.37,0.681,0.515,0.11,0.5,0.567,101.4,100.0,83.33,100,0.518
0022200179,2022-11-11,1610612760,Oklahoma City Thunder,1,1,0,1.0,48.0,126.3,126.9,106.8,109.7,19.6,17.2,0.596,1.63,20.3,0.409,0.654,0.542,0.183,0.64,0.657,105.2,103.5,86.25,104,0.58
0022200177,2022-11-11,1610612753,Orlando Magic,1,1,0,1.0,48.0,120.5,122.6,98.0,104.3,22.5,18.3,0.535,1.53,18.1,0.275,0.707,0.531,0.161,0.616,0.643,96.8,93.0,77.5,93,0.607
0022200177,2022-11-11,1610612756,Phoenix Suns,1,0,1,0.0,48.0,98.0,104.3,120.5,122.6,-22.5,-18.3,0.579,2.0,16.8,0.293,0.725,0.469,0.118,0.468,0.49,96.8,93.0,77.5,93,0.393
0022200183,2022-11-11,1610612758,Sacramento Kings,1,1,0,1.0,48.0,118.5,120.0,114.6,115.2,3.9,4.8,0.6,1.8,19.3,0.31,0.646,0.489,0.15,0.586,0.623,100.3,99.5,82.92,100,0.551
0022200180,2022-11-11,1610612759,San Antonio Spurs,1,1,0,1.0,48.0,109.3,113.3,89.3,95.9,19.9,17.4,0.512,1.16,16.5,0.326,0.606,0.5,0.194,0.576,0.606,102.9,97.5,81.25,98,0.636
0022200179,2022-11-11,1610612761,Toronto Raptors,1,0,1,0.0,48.0,106.8,109.7,126.3,126.9,-19.6,-17.2,0.526,1.25,14.2,0.346,0.591,0.458,0.155,0.494,0.544,105.2,103.5,86.25,103,0.42
0022200188,2022-11-12,1610612737,Atlanta Hawks,1,0,1,0.0,48.0,101.0,107.9,116.8,119.8,-15.7,-11.9,0.5,1.05,14.3,0.385,0.842,0.578,0.188,0.483,0.54,105.8,101.0,84.17,101,0.427
0022200186,2022-11-12,1610612738,Boston Celtics,1,1,0,1.0,48.0,117.5,119.4,106.7,109.1,10.8,10.3,0.692,3.86,19.7,0.222,0.712,0.462,0.071,0.527,0.576,100.4,98.5,82.08,98,0.554
0022200184,2022-11-12,1610612751,Brooklyn Nets,1,1,0,1.0,48.0,110.8,112.2,93.3,96.9,17.5,15.3,0.675,2.08,20.3,0.174,0.717,0.465,0.133,0.578,0.596,100.5,98.0,81.67,98,0.586
0022200189,2022-11-12,1610612766,Charlotte Hornets,1,0,1,0.0,48.0,109.5,112.7,125.4,128.2,-15.9,-15.4,0.543,2.08,18.7,0.152,0.739,0.446,0.118,0.561,0.593,105.1,102.5,85.42,102,0.426
0022200190,2022-11-12,1610612742,Dallas Mavericks,1,1,0,1.0,48.0,121.3,123.2,117.4,117.9,3.9,5.3,0.634,2.36,19.8,0.227,0.708,0.478,0.116,0.593,0.633,95.9,95.0,79.17,95,0.534
0022200186,2022-11-12,1610612765,Detroit Pistons,1,0,1,0.0,48.0,106.7,109.1,117.5,119.4,-10.8,-10.3,0.622,1.64,16.8,0.288,0.778,0.538,0.141,0.506,0.55,100.4,98.5,82.08,99,0.446
0022200191,2022-11-12,1610612745,Houston Rockets,1,0,1,0.0,48.0,103.0,105.0,119.4,117.8,-16.4,-12.9,0.6,0.92,17.4,0.31,0.717,0.523,0.257,0.582,0.61,101.3,101.0,84.17,101,0.442
0022200187,2022-11-12,1610612754,Indiana Pacers,1,1,0,1.0,48.0,115.6,115.7,101.2,103.0,14.3,12.7,0.805,1.57,22.0,0.349,0.7,0.553,0.206,0.616,0.64,102.4,101.5,84.58,102,0.597
0022200184,2022-11-12,1610612746,LA Clippers,1,0,1,0.0,48.0,93.3,96.9,110.8,112.2,-17.5,-15.3,0.647,1.22,16.4,0.283,0.826,0.535,0.184,0.465,0.506,100.5,98.0,81.67,98,0.414
0022200189,2022-11-12,1610612748,Miami Heat,1,1,0,1.0,48.0,125.4,128.2,109.5,112.7,15.9,15.4,0.653,2.67,21.8,0.261,0.848,0.554,0.117,0.613,0.646,105.1,102.5,85.42,103,0.574
0022200191,2022-11-12,1610612740,New Orleans Pelicans,1,1,0,1.0,48.0,119.4,117.8,103.0,105.0,16.4,12.9,0.667,2.33,19.7,0.283,0.69,0.477,0.119,0.535,0.597,101.3,101.0,84.17,101,0.558
0022200188,2022-11-12,1610612755,Philadelphia 76ers,1,1,0,1.0,48.0,116.8,119.8,101.0,107.9,15.7,11.9,0.545,2.0,18.3,0.158,0.615,0.422,0.119,0.6,0.646,105.8,101.0,84.17,101,0.573
0022200190,2022-11-12,1610612757,Portland Trail Blazers,1,0,1,0.0,48.0,117.4,117.9,121.3,123.2,-3.9,-5.3,0.556,1.67,15.5,0.292,0.773,0.522,0.126,0.531,0.587,95.9,95.0,79.17,95,0.466
0022200187,2022-11-12,1610612761,Toronto Raptors,1,0,1,0.0,48.0,101.2,103.0,115.6,115.7,-14.3,-12.7,0.378,1.17,10.5,0.3,0.651,0.447,0.119,0.431,0.487,102.4,101.5,84.58,101,0.403
0022200185,2022-11-12,1610612762,Utah Jazz,1,0,1,0.0,48.0,107.9,110.9,121.2,119.8,-13.4,-8.9,0.75,2.75,22.8,0.216,0.844,0.51,0.119,0.543,0.567,101.8,101.0,84.17,101,0.454
0022200185,2022-11-12,1610612764,Washington Wizards,1,1,0,1.0,48.0,121.2,119.8,107.9,110.9,13.4,8.9,0.614,3.0,20.0,0.156,0.784,0.49,0.089,0.591,0.625,101.8,101.0,84.17,101,0.546
0022200198,2022-11-13,1610612751,Brooklyn Nets,1,0,1,0.0,48.0,104.4,108.4,119.8,120.8,-15.4,-12.4,0.611,1.69,17.1,0.25,0.688,0.469,0.137,0.494,0.55,97.7,95.5,79.58,95,0.462
0022200196,2022-11-13,1610612741,Chicago Bulls,1,0,1,0.0,48.0,101.7,102.0,125.7,126.0,-24.0,-24.0,0.6,1.26,17.9,0.238,0.857,0.519,0.188,0.531,0.571,100.7,100.5,83.75,101,0.39
0022200193,2022-11-13,1610612739,Cleveland Cavaliers,1,0,1,0.0,48.0,123.8,122.8,130.4,130.3,-6.6,-7.5,0.55,2.2,15.7,0.309,0.718,0.479,0.099,0.545,0.584,99.6,100.0,83.33,101,0.434
0022200196,2022-11-13,1610612743,Denver Nuggets,1,1,0,1.0,48.0,125.7,126.0,101.7,102.0,24.0,24.0,0.688,2.06,23.9,0.143,0.762,0.481,0.16,0.681,0.706,100.7,100.5,83.75,100,0.61
0022200197,2022-11-13,1610612744,Golden State Warriors,1,0,1,0.0,48.0,107.4,110.6,114.7,117.3,-7.3,-6.7,0.643,1.5,19.0,0.224,0.729,0.474,0.173,0.556,0.593,106.7,104.0,86.67,104,0.461
0022200198,2022-11-13,1610612747,Los Angeles Lakers,1,1,0,1.0,48.0,119.8,120.8,104.4,108.4,15.4,12.4,0.568,2.78,18.4,0.313,0.75,0.531,0.094,0.544,0.581,97.7,95.5,79.58,96,0.538
0022200194,2022-11-13,1610612763,Memphis Grizzlies,1,0,1,0.0,48.0,89.0,92.9,100.8,102.0,-11.8,-9.1,0.553,1.24,15.0,0.333,0.759,0.535,0.172,0.443,0.458,102.3,99.5,82.92,99,0.413
0022200193,2022-11-13,1610612750,Minnesota Timberwolves,1,1,0,1.0,48.0,130.4,130.3,123.8,122.8,6.6,7.5,0.652,2.31,21.4,0.282,0.691,0.521,0.131,0.634,0.665,99.6,100.0,83.33,99,0.566
0022200192,2022-11-13,1610612752,New York Knicks,1,0,1,0.0,48.0,121.1,125.0,129.7,133.0,-8.6,-8.0,0.521,1.92,16.8,0.314,0.735,0.482,0.12,0.546,0.605,111.7,108.5,90.42,108,0.454
0022200192,2022-11-13,1610612760,Oklahoma City Thunder,1,1,0,1.0,48.0,129.7,133.0,121.1,125.0,8.6,8.0,0.564,1.63,20.8,0.265,0.686,0.518,0.174,0.722,0.749,111.7,108.5,90.42,109,0.546
0022200195,2022-11-13,1610612755,Philadelphia 76ers,1,1,0,1.0,48.0,106.7,107.1,94.1,101.0,12.5,6.1,0.525,1.75,16.2,0.239,0.548,0.417,0.122,0.506,0.556,101.3,97.5,81.25,98,0.608
0022200197,2022-11-13,1610612758,Sacramento Kings,1,1,0,1.0,48.0,114.7,117.3,107.4,110.6,7.3,6.7,0.66,1.94,21.2,0.271,0.776,0.526,0.154,0.604,0.614,106.7,104.0,86.67,104,0.539
0022200195,2022-11-13,1610612762,Utah Jazz,1,0,1,0.0,48.0,94.1,101.0,106.7,107.1,-12.5,-6.1,0.622,1.28,15.5,0.452,0.761,0.583,0.186,0.452,0.471,101.3,97.5,81.25,97,0.392
0022200194,2022-11-13,1610612764,Washington Wizards,1,1,0,1.0,48.0,100.8,102.0,89.0,92.9,11.8,9.1,0.722,1.73,18.7,0.241,0.667,0.465,0.15,0.529,0.535,102.3,99.5,82.92,100,0.587
0022200204,2022-11-14,1610612737,Atlanta Hawks,1,1,0,1.0,48.0,119.6,119.8,100.0,103.9,19.6,15.9,0.523,2.56,16.7,0.28,0.673,0.48,0.089,0.516,0.575,103.6,101.5,84.58,101,0.589
0022200201,2022-11-14,1610612738,Boston Celtics,1,1,0,1.0,48.0,111.7,112.5,104.1,108.0,7.7,4.5,0.543,1.79,16.9,0.208,0.736,0.472,0.125,0.531,0.579,115.0,112.5,93.75,112,0.549
0022200200,2022-11-14,1610612766,Charlotte Hornets,1,1,0,1.0,48.0,114.8,116.7,107.0,110.5,7.8,6.1,0.524,1.69,16.3,0.375,0.519,0.451,0.135,0.517,0.568,97.8,95.5,79.58,96,0.564
0022200199,2022-11-14,1610612765,Detroit Pistons,1,0,1,0.0,48.0,106.8,111.0,115.8,116.2,-9.0,-5.2,0.657,1.21,16.3,0.375,0.69,0.522,0.19,0.519,0.579,101.6,99.5,82.92,100,0.441
0022200205,2022-11-14,1610612744,Golden State Warriors,1,1,0,1.0,48.0,128.1,130.7,90.2,94.1,37.9,36.6,0.745,2.69,24.3,0.195,0.582,0.435,0.129,0.665,0.694,104.2,101.0,84.17,101,0.711
0022200203,2022-11-14,1610612745,Houston Rockets,1,0,1,0.0,48.0,102.3,105.0,117.9,120.8,-15.6,-15.8,0.513,1.43,14.7,0.283,0.714,0.474,0.139,0.506,0.532,103.6,101.0,84.17,101,0.422
0022200203,2022-11-14,1610612746,LA Clippers,1,1,0,1.0,48.0,117.9,120.8,102.3,105.0,15.6,15.8,0.61,1.47,18.1,0.286,0.717,0.526,0.168,0.593,0.639,103.6,101.0,84.17,101,0.578
0022200202,2022-11-14,1610612748,Miami Heat,1,1,0,1.0,48.0,122.8,124.2,118.2,123.1,4.6,1.1,0.605,1.53,17.2,0.435,0.519,0.48,0.165,0.548,0.601,93.4,91.0,75.83,91,0.535
0022200204,2022-11-14,1610612749,Milwaukee Bucks,1,0,1,0.0,48.0,100.0,103.9,119.6,119.8,-19.6,-15.9,0.618,1.24,15.0,0.327,0.72,0.52,0.167,0.451,0.53,103.6,101.5,84.58,102,0.411
0022200201,2022-11-14,1610612760,Oklahoma City Thunder,1,0,1,0.0,48.0,104.1,108.0,111.7,112.5,-7.7,-4.5,0.447,1.05,14.4,0.264,0.792,0.528,0.177,0.536,0.569,115.0,112.5,93.75,113,0.451
0022200200,2022-11-14,1610612753,Orlando Magic,1,0,1,0.0,48.0,107.0,110.5,114.8,116.7,-7.8,-6.1,0.639,1.05,16.1,0.481,0.625,0.549,0.232,0.489,0.535,97.8,95.5,79.58,95,0.436
0022200202,2022-11-14,1610612756,Phoenix Suns,1,0,1,0.0,48.0,118.2,123.1,122.8,124.2,-4.6,-1.1,0.458,1.57,15.9,0.481,0.565,0.52,0.154,0.556,0.556,93.4,91.0,75.83,91,0.465
0022200205,2022-11-14,1610612759,San Antonio Spurs,1,0,1,0.0,48.0,90.2,94.1,128.1,130.7,-37.9,-36.6,0.5,0.95,12.2,0.418,0.805,0.565,0.188,0.41,0.438,104.2,101.0,84.17,101,0.289
0022200199,2022-11-14,1610612761,Toronto Raptors,1,1,0,1.0,48.0,115.8,116.2,106.8,111.0,9.0,5.2,0.675,1.59,19.4,0.31,0.625,0.478,0.172,0.537,0.61,101.6,99.5,82.92,99,0.559
0022200210,2022-11-15,1610612751,Brooklyn Nets,1,0,1,0.0,48.0,110.5,111.0,135.4,140.4,-24.9,-29.4,0.625,1.47,18.0,0.122,0.659,0.39,0.156,0.562,0.633,111.3,109.0,90.83,109,0.389
0022200207,2022-11-15,1610612742,Dallas Mavericks,1,1,0,1.0,48.0,108.9,109.6,108.1,106.3,0.8,3.3,0.571,1.67,16.3,0.176,0.879,0.452,0.128,0.544,0.569,94.0,94.5,78.75,94,0.476
0022200207,2022-11-15,1610612746,LA Clippers,1,0,1,0.0,48.0,108.1,106.3,108.9,109.6,-0.8,-3.3,0.676,1.1,18.9,0.121,0.824,0.548,0.221,0.625,0.669,94.0,94.5,78.75,95,0.524
0022200206,2022-11-15,1610612763,Memphis Grizzlies,1,0,1,0.0,48.0,102.0,103.0,113.8,115.3,-11.8,-12.3,0.421,1.45,12.1,0.298,0.8,0.533,0.111,0.462,0.495,99.6,98.5,82.08,99,0.43
0022200206,2022-11-15,1610612740,New Orleans Pelicans,1,1,0,1.0,48.0,113.8,115.3,102.0,103.0,11.8,12.3,0.721,3.1,22.3,0.2,0.702,0.467,0.102,0.571,0.587,99.6,98.5,82.08,98,0.57
0022200208,2022-11-15,1610612752,New York Knicks,1,1,0,1.0,48.0,112.4,114.6,108.6,107.8,3.8,6.8,0.591,1.86,17.8,0.321,0.673,0.49,0.136,0.532,0.567,103.6,103.0,85.83,103,0.505
0022200209,2022-11-15,1610612757,Portland Trail Blazers,1,1,0,1.0,48.0,118.9,120.6,109.5,112.2,9.4,8.4,0.537,1.29,16.9,0.275,0.711,0.506,0.175,0.614,0.647,99.5,97.5,81.25,97,0.515
0022200210,2022-11-15,1610612758,Sacramento Kings,1,1,0,1.0,48.0,135.4,140.4,110.5,111.0,24.9,29.4,0.696,2.29,24.2,0.341,0.878,0.61,0.156,0.702,0.729,111.3,109.0,90.83,109,0.611
0022200209,2022-11-15,1610612759,San Antonio Spurs,1,0,1,0.0,48.0,109.5,112.2,118.9,120.6,-9.4,-8.4,0.773,1.79,23.6,0.289,0.725,0.494,0.194,0.571,0.595,99.5,97.5,81.25,98,0.485
0022200208,2022-11-15,1610612762,Utah Jazz,1,0,1,0.0,48.0,108.6,107.8,112.4,114.6,-3.8,-6.8,0.806,1.38,19.6,0.327,0.679,0.51,0.204,0.518,0.577,103.6,103.0,85.83,103,0.495
0022200214,2022-11-16,1610612737,Atlanta Hawks,1,0,1,0.0,48.0,99.3,98.1,124.3,124.8,-25.0,-26.7,0.5,2.33,15.0,0.262,0.825,0.485,0.087,0.45,0.473,101.6,102.0,85.0,103,0.391
0022200214,2022-11-16,1610612738,Boston Celtics,1,1,0,1.0,48.0,124.3,124.8,99.3,98.1,25.0,26.7,0.604,1.93,21.2,0.175,0.738,0.515,0.149,0.665,0.682,101.6,102.0,85.0,101,0.609
0022200211,2022-11-16,1610612766,Charlotte Hornets,1,0,1,0.0,48.0,106.7,107.6,121.8,120.2,-15.1,-12.6,0.674,1.61,19.1,0.373,0.795,0.556,0.171,0.521,0.554,104.3,104.5,87.08,105,0.433
0022200217,2022-11-16,1610612741,Chicago Bulls,1,0,1,0.0,48.0,108.4,111.1,125.8,126.5,-17.4,-15.4,0.568,2.08,18.7,0.234,0.682,0.451,0.121,0.556,0.57,100.0,98.5,82.08,99,0.423
0022200216,2022-11-16,1610612739,Cleveland Cavaliers,1,0,1,0.0,48.0,104.8,103.2,114.3,120.2,-9.4,-17.1,0.611,2.75,17.7,0.163,0.608,0.39,0.084,0.5,0.536,96.2,94.5,78.75,95,0.445
0022200218,2022-11-16,1610612742,Dallas Mavericks,1,0,1,0.0,48.0,89.0,93.9,101.4,103.1,-12.4,-9.2,0.677,3.5,15.2,0.268,0.707,0.429,0.061,0.363,0.417,101.5,98.0,81.67,98,0.367
0022200219,2022-11-16,1610612743,Denver Nuggets,1,0,1,0.0,48.0,105.3,109.6,106.4,112.8,-1.1,-3.2,0.5,1.2,14.5,0.25,0.765,0.515,0.16,0.524,0.567,98.7,94.0,78.33,94,0.427
0022200220,2022-11-16,1610612744,Golden State Warriors,1,0,1,0.0,48.0,107.7,111.2,123.8,121.5,-16.1,-10.3,0.714,1.76,20.5,0.18,0.814,0.473,0.159,0.554,0.598,107.7,107.0,89.17,107,0.439
0022200218,2022-11-16,1610612745,Houston Rockets,1,1,0,1.0,48.0,101.4,103.1,89.0,93.9,12.4,9.2,0.6,0.91,16.0,0.293,0.732,0.571,0.235,0.533,0.59,101.5,98.0,81.67,98,0.633
0022200211,2022-11-16,1610612754,Indiana Pacers,1,1,0,1.0,48.0,121.8,120.2,106.7,107.6,15.1,12.6,0.614,1.93,19.4,0.205,0.627,0.444,0.135,0.604,0.653,104.3,104.5,87.08,104,0.567
0022200215,2022-11-16,1610612748,Miami Heat,1,0,1,0.0,48.0,109.8,111.8,119.6,119.1,-9.7,-7.3,0.528,0.83,16.1,0.182,0.578,0.41,0.247,0.644,0.687,94.2,93.5,77.92,93,0.45
0022200216,2022-11-16,1610612749,Milwaukee Bucks,1,1,0,1.0,48.0,114.3,120.2,104.8,103.2,9.4,17.1,0.634,1.86,18.6,0.392,0.837,0.61,0.149,0.57,0.577,96.2,94.5,78.75,94,0.555
0022200212,2022-11-16,1610612750,Minnesota Timberwolves,1,1,0,1.0,48.0,122.0,124.8,103.4,106.9,18.6,17.8,0.609,2.55,20.3,0.222,0.686,0.469,0.109,0.591,0.628,103.9,101.0,84.17,101,0.616
0022200217,2022-11-16,1610612740,New Orleans Pelicans,1,1,0,1.0,48.0,125.8,126.5,108.4,111.1,17.4,15.4,0.698,2.0,21.1,0.318,0.766,0.549,0.153,0.606,0.649,100.0,98.5,82.08,98,0.577
0022200219,2022-11-16,1610612752,New York Knicks,1,1,0,1.0,48.0,106.4,112.8,105.3,109.6,1.1,3.2,0.649,3.0,18.6,0.235,0.75,0.485,0.085,0.488,0.543,98.7,94.0,78.33,94,0.573
0022200213,2022-11-16,1610612760,Oklahoma City Thunder,1,1,0,1.0,48.0,122.9,119.8,118.2,118.8,4.7,1.0,0.545,1.6,17.9,0.225,0.69,0.463,0.149,0.642,0.654,100.0,101.0,84.17,101,0.47
0022200212,2022-11-16,1610612753,Orlando Magic,1,0,1,0.0,48.0,103.4,106.9,122.0,124.8,-18.6,-17.8,0.5,1.31,15.3,0.314,0.778,0.531,0.158,0.5,0.537,103.9,101.0,84.17,101,0.384
0022200220,2022-11-16,1610612756,Phoenix Suns,1,1,0,1.0,48.0,123.8,121.5,107.7,111.2,16.1,10.3,0.75,2.06,22.3,0.186,0.82,0.527,0.15,0.634,0.67,107.7,107.0,89.17,107,0.561
0022200215,2022-11-16,1610612761,Toronto Raptors,1,1,0,1.0,48.0,119.6,119.1,109.8,111.8,9.7,7.3,0.523,1.64,16.9,0.422,0.818,0.59,0.149,0.552,0.585,94.2,93.5,77.92,94,0.55
0022200213,2022-11-16,1610612764,Washington Wizards,1,0,1,0.0,48.0,118.2,118.8,122.9,119.8,-4.7,-1.0,0.727,1.68,21.9,0.31,0.775,0.537,0.188,0.61,0.642,100.0,101.0,84.17,101,0.53
0022200221,2022-11-17,1610612751,Brooklyn Nets,1,1,0,1.0,48.0,107.8,109.0,100.1,107.0,7.7,2.0,0.8,1.88,23.0,0.205,0.721,0.52,0.17,0.576,0.612,104.0,100.0,83.33,100,0.568
0022200223,2022-11-17,1610612765,Detroit Pistons,1,0,1,0.0,48.0,89.6,93.8,96.4,99.0,-6.8,-5.2,0.455,1.15,11.8,0.254,0.7,0.459,0.134,0.409,0.462,100.6,97.0,80.83,97,0.456
0022200223,2022-11-17,1610612746,LA Clippers,1,1,0,1.0,48.0,96.4,99.0,89.6,93.8,6.8,5.2,0.515,0.94,13.2,0.3,0.746,0.541,0.186,0.475,0.524,100.6,97.0,80.83,97,0.544
0022200221,2022-11-17,1610612757,Portland Trail Blazers,1,0,1,0.0,48.0,100.1,107.0,107.8,109.0,-7.7,-2.0,0.611,2.2,15.8,0.279,0.795,0.48,0.1,0.457,0.51,104.0,100.0,83.33,100,0.432
0022200222,2022-11-17,1610612758,Sacramento Kings,1,1,0,1.0,48.0,130.6,131.3,110.6,113.1,20.0,18.2,0.583,2.33,20.7,0.229,0.775,0.52,0.121,0.651,0.695,100.4,99.0,82.5,99,0.579
0022200222,2022-11-17,1610612759,San Antonio Spurs,1,0,1,0.0,48.0,110.6,113.1,130.6,131.3,-20.0,-18.2,0.63,1.53,21.2,0.225,0.771,0.48,0.192,0.613,0.627,100.4,99.0,82.5,99,0.421
0022200231,2022-11-18,1610612738,Boston Celtics,1,1,0,1.0,48.0,118.8,117.0,110.4,110.1,8.4,6.9,0.683,1.65,19.9,0.289,0.822,0.556,0.17,0.6,0.633,98.6,99.5,82.92,100,0.532
0022200225,2022-11-18,1610612766,Charlotte Hornets,1,0,1,0.0,58.0,102.0,105.2,110.8,113.8,-8.8,-8.6,0.545,1.5,14.7,0.333,0.787,0.517,0.138,0.464,0.506,98.7,96.0,80.0,116,0.413
0022200227,2022-11-18,1610612741,Chicago Bulls,1,0,1,0.0,48.0,109.2,109.2,111.7,111.3,-2.5,-2.2,0.659,2.45,19.3,0.3,0.825,0.533,0.112,0.489,0.535,97.3,97.5,81.25,98,0.508
0022200225,2022-11-18,1610612739,Cleveland Cavaliers,1,1,0,1.0,58.0,110.8,113.8,102.0,105.2,8.8,8.6,0.51,1.25,16.8,0.213,0.667,0.483,0.172,0.576,0.622,98.7,96.0,80.0,116,0.587
0022200230,2022-11-18,1610612742,Dallas Mavericks,1,1,0,1.0,48.0,136.1,135.1,101.1,103.1,35.0,32.0,0.63,2.9,22.5,0.188,0.732,0.534,0.106,0.682,0.711,95.6,95.0,79.17,94,0.672
0022200230,2022-11-18,1610612743,Denver Nuggets,1,0,1,0.0,48.0,101.1,103.1,136.1,135.1,-35.0,-32.0,0.632,1.85,17.9,0.268,0.813,0.466,0.135,0.478,0.506,95.6,95.0,79.17,96,0.328
0022200234,2022-11-18,1610612765,Detroit Pistons,1,0,1,0.0,48.0,113.0,114.2,122.4,120.8,-9.4,-6.6,0.628,2.45,18.6,0.24,0.789,0.477,0.104,0.527,0.57,105.8,106.0,88.33,106,0.431
0022200233,2022-11-18,1610612744,Golden State Warriors,1,1,0,1.0,48.0,104.9,108.8,96.2,98.1,8.7,10.8,0.78,1.78,21.2,0.315,0.707,0.518,0.176,0.549,0.556,105.4,102.5,85.42,102,0.554
0022200228,2022-11-18,1610612745,Houston Rockets,1,0,1,0.0,48.0,88.3,93.8,102.2,102.1,-13.9,-8.2,0.517,0.88,11.4,0.362,0.731,0.536,0.175,0.372,0.455,100.0,97.0,80.83,97,0.407
0022200228,2022-11-18,1610612754,Indiana Pacers,1,1,0,1.0,48.0,102.2,102.1,88.3,93.8,13.9,8.2,0.758,1.67,18.4,0.269,0.638,0.464,0.155,0.476,0.527,100.0,97.0,80.83,97,0.593
0022200234,2022-11-18,1610612747,Los Angeles Lakers,1,1,0,1.0,48.0,122.4,120.8,113.0,114.2,9.4,6.6,0.674,1.81,20.3,0.211,0.76,0.523,0.151,0.596,0.669,105.8,106.0,88.33,106,0.569
0022200229,2022-11-18,1610612763,Memphis Grizzlies,1,1,0,1.0,48.0,115.7,118.6,105.9,106.8,9.7,11.8,0.667,2.36,17.6,0.35,0.792,0.558,0.108,0.495,0.547,104.2,102.5,85.42,102,0.531
0022200224,2022-11-18,1610612748,Miami Heat,1,0,1,0.0,53.0,94.6,98.1,97.1,99.1,-2.6,-0.9,0.657,2.3,15.6,0.258,0.807,0.512,0.093,0.413,0.473,100.6,97.81,81.51,108,0.479
0022200226,2022-11-18,1610612749,Milwaukee Bucks,1,0,1,0.0,48.0,97.9,100.0,108.4,107.8,-10.6,-7.8,0.537,1.69,16.2,0.226,0.837,0.5,0.127,0.522,0.514,102.8,102.0,85.0,102,0.445
0022200231,2022-11-18,1610612740,New Orleans Pelicans,1,0,1,0.0,48.0,110.4,110.1,118.8,117.0,-8.4,-6.9,0.558,1.85,18.3,0.178,0.711,0.444,0.131,0.569,0.588,98.6,99.5,82.92,99,0.468
0022200233,2022-11-18,1610612752,New York Knicks,1,0,1,0.0,48.0,96.2,98.1,104.9,108.8,-8.7,-10.8,0.533,1.0,11.8,0.293,0.685,0.482,0.155,0.397,0.495,105.4,102.5,85.42,103,0.446
0022200229,2022-11-18,1610612760,Oklahoma City Thunder,1,0,1,0.0,48.0,105.9,106.8,115.7,118.6,-9.7,-11.8,0.756,3.09,23.0,0.208,0.65,0.442,0.107,0.526,0.545,104.2,102.5,85.42,103,0.469
0022200227,2022-11-18,1610612753,Orlando Magic,1,1,0,1.0,48.0,111.7,111.3,109.2,109.2,2.5,2.2,0.658,1.56,19.4,0.175,0.7,0.467,0.165,0.571,0.623,97.3,97.5,81.25,97,0.492
0022200226,2022-11-18,1610612755,Philadelphia 76ers,1,1,0,1.0,48.0,108.4,107.8,97.9,100.0,10.6,7.8,0.7,1.56,20.4,0.163,0.774,0.5,0.176,0.596,0.615,102.8,102.0,85.0,102,0.555
0022200232,2022-11-18,1610612756,Phoenix Suns,1,0,1,0.0,48.0,122.8,127.9,124.6,131.4,-1.8,-3.5,0.592,2.07,19.5,0.391,0.696,0.543,0.135,0.569,0.625,107.9,103.0,85.83,104,0.524
0022200232,2022-11-18,1610612762,Utah Jazz,1,1,0,1.0,48.0,124.6,131.4,122.8,127.9,1.8,3.5,0.627,1.88,21.6,0.304,0.609,0.457,0.167,0.648,0.66,107.9,103.0,85.83,102,0.476
0022200224,2022-11-18,1610612764,Washington Wizards,1,1,0,1.0,53.0,97.1,99.1,94.6,98.1,2.6,0.9,0.805,2.06,21.7,0.193,0.742,0.488,0.148,0.505,0.524,100.6,97.81,81.51,108,0.521
0022200235,2022-11-19,1610612737,Atlanta Hawks,1,1,0,1.0,53.0,112.6,109.7,106.4,109.9,6.3,-0.2,0.5,1.53,15.5,0.24,0.677,0.482,0.133,0.538,0.584,101.8,101.43,84.53,113,0.52
0022200236,2022-11-19,1610612754,Indiana Pacers,1,1,0,1.0,48.0,112.5,117.5,110.3,115.3,2.2,2.2,0.659,1.8,19.1,0.353,0.661,0.514,0.155,0.556,0.58,101.9,97.5,81.25,97,0.525
0022200239,2022-11-19,1610612746,LA Clippers,1,1,0,1.0,48.0,124.8,124.0,100.8,102.1,24.0,21.9,0.727,2.46,23.2,0.25,0.667,0.484,0.135,0.673,0.666,95.8,95.5,79.58,96,0.593
0022200237,2022-11-19,1610612750,Minnesota Timberwolves,1,1,0,1.0,48.0,104.1,107.7,105.7,103.8,-1.6,3.9,0.7,1.4,19.6,0.229,0.9,0.534,0.192,0.541,0.586,105.3,104.5,87.08,104,0.515
0022200236,2022-11-19,1610612753,Orlando Magic,1,0,1,0.0,48.0,110.3,115.3,112.5,117.5,-2.2,-2.2,0.41,1.45,12.0,0.339,0.647,0.486,0.112,0.516,0.552,101.9,97.5,81.25,98,0.475
0022200237,2022-11-19,1610612755,Philadelphia 76ers,1,0,1,0.0,48.0,105.7,103.8,104.1,107.7,1.6,-3.9,0.618,0.95,16.2,0.1,0.771,0.466,0.21,0.577,0.641,105.3,104.5,87.08,105,0.485
0022200238,2022-11-19,1610612757,Portland Trail Blazers,1,0,1,0.0,48.0,109.8,111.9,114.4,116.8,-4.6,-5.0,0.692,1.5,19.0,0.298,0.714,0.51,0.178,0.548,0.595,103.0,101.0,84.17,101,0.509
0022200239,2022-11-19,1610612759,San Antonio Spurs,1,0,1,0.0,48.0,100.8,102.1,124.8,124.0,-24.0,-21.9,0.611,1.47,16.4,0.333,0.75,0.516,0.158,0.454,0.504,95.8,95.5,79.58,95,0.407
0022200235,2022-11-19,1610612761,Toronto Raptors,1,0,1,0.0,53.0,106.4,109.9,112.6,109.7,-6.3,0.2,0.563,1.93,17.1,0.323,0.76,0.518,0.126,0.481,0.518,101.8,101.43,84.53,111,0.48
0022200238,2022-11-19,1610612762,Utah Jazz,1,1,0,1.0,48.0,114.4,116.8,109.8,111.9,4.6,5.0,0.548,1.77,16.8,0.286,0.702,0.49,0.129,0.538,0.583,103.0,101.0,84.17,101,0.491
0022200243,2022-11-20,1610612751,Brooklyn Nets,1,1,0,1.0,48.0,122.6,121.0,104.9,109.5,17.7,11.4,0.66,1.74,23.1,0.139,0.719,0.51,0.181,0.699,0.709,106.6,105.0,87.5,105,0.56
0022200241,2022-11-20,1610612766,Charlotte Hornets,1,0,1,0.0,48.0,94.3,100.0,102.0,105.0,-7.7,-5.0,0.487,1.46,13.0,0.397,0.673,0.525,0.127,0.43,0.463,106.0,101.5,84.58,102,0.461
0022200244,2022-11-20,1610612739,Cleveland Cavaliers,1,1,0,1.0,48.0,116.4,118.9,91.9,91.6,24.6,27.4,0.705,1.55,21.8,0.436,0.74,0.607,0.211,0.608,0.627,95.9,95.0,79.17,95,0.675
0022200246,2022-11-20,1610612742,Dallas Mavericks,1,0,1,0.0,48.0,102.9,102.1,99.6,103.2,3.3,-1.1,0.686,1.85,18.9,0.167,0.767,0.451,0.137,0.545,0.556,96.3,95.0,79.17,95,0.453
0022200246,2022-11-20,1610612743,Denver Nuggets,1,1,0,1.0,48.0,99.6,103.2,102.9,102.1,-3.3,1.1,0.595,1.38,17.3,0.233,0.833,0.549,0.168,0.532,0.567,96.3,95.0,79.17,95,0.547
0022200242,2022-11-20,1610612765,Detroit Pistons,1,0,1,0.0,48.0,127.6,127.7,132.5,134.3,-4.9,-6.6,0.426,1.67,15.3,0.227,0.692,0.446,0.119,0.612,0.651,102.3,101.5,84.58,101,0.432
0022200245,2022-11-20,1610612744,Golden State Warriors,1,1,0,1.0,48.0,125.0,124.5,115.5,117.6,9.5,6.9,0.826,2.24,25.7,0.209,0.686,0.468,0.167,0.674,0.686,102.7,102.0,85.0,102,0.522
0022200245,2022-11-20,1610612745,Houston Rockets,1,0,1,0.0,48.0,115.5,117.6,125.0,124.5,-9.5,-6.9,0.585,1.71,17.0,0.314,0.791,0.532,0.137,0.539,0.589,102.7,102.0,85.0,102,0.478
0022200247,2022-11-20,1610612747,Los Angeles Lakers,1,1,0,1.0,48.0,116.5,118.3,86.5,88.5,30.1,29.8,0.644,1.93,20.6,0.195,0.768,0.555,0.144,0.6,0.644,106.0,104.0,86.67,104,0.684
0022200243,2022-11-20,1610612763,Memphis Grizzlies,1,0,1,0.0,48.0,104.9,109.5,122.6,121.0,-17.7,-11.4,0.651,2.8,18.5,0.281,0.861,0.49,0.095,0.495,0.51,106.6,105.0,87.5,105,0.44
0022200244,2022-11-20,1610612748,Miami Heat,1,0,1,0.0,48.0,91.9,91.6,116.4,118.9,-24.6,-27.4,0.548,1.06,13.6,0.26,0.564,0.393,0.168,0.425,0.485,95.9,95.0,79.17,95,0.325
0022200240,2022-11-20,1610612752,New York Knicks,1,0,1,0.0,48.0,97.9,99.0,116.1,122.1,-18.2,-23.1,0.588,1.82,15.4,0.264,0.55,0.416,0.115,0.441,0.495,98.5,95.5,79.58,96,0.406
0022200240,2022-11-20,1610612756,Phoenix Suns,1,1,0,1.0,48.0,116.1,122.1,97.9,99.0,18.2,23.1,0.814,2.69,22.3,0.45,0.736,0.584,0.137,0.51,0.533,98.5,95.5,79.58,95,0.594
0022200242,2022-11-20,1610612758,Sacramento Kings,1,1,0,1.0,48.0,132.5,134.3,127.6,127.7,4.9,6.6,0.617,2.64,20.3,0.308,0.773,0.554,0.108,0.624,0.682,102.3,101.5,84.58,102,0.568
0022200247,2022-11-20,1610612759,San Antonio Spurs,1,0,1,0.0,48.0,86.5,88.5,116.5,118.3,-30.1,-29.8,0.634,2.6,17.8,0.232,0.805,0.445,0.096,0.424,0.42,106.0,104.0,86.67,104,0.316
0022200241,2022-11-20,1610612764,Washington Wizards,1,1,0,1.0,48.0,102.0,105.0,94.3,100.0,7.7,5.0,0.475,1.12,13.8,0.327,0.603,0.475,0.168,0.5,0.525,106.0,101.5,84.58,101,0.539
0022200248,2022-11-21,1610612737,Atlanta Hawks,1,0,1,0.0,48.0,100.5,104.1,117.4,115.2,-16.9,-11.1,0.632,1.41,17.6,0.3,0.862,0.506,0.173,0.5,0.54,99.3,98.5,82.08,98,0.409
0022200250,2022-11-21,1610612738,Boston Celtics,1,0,1,0.0,48.0,102.4,104.9,115.5,117.5,-13.0,-12.6,0.737,1.87,20.4,0.135,0.723,0.414,0.147,0.546,0.566,104.6,102.5,85.42,102,0.419
0022200250,2022-11-21,1610612741,Chicago Bulls,1,1,0,1.0,48.0,115.5,117.5,102.4,104.9,13.0,12.6,0.565,1.73,18.6,0.277,0.865,0.586,0.146,0.596,0.619,104.6,102.5,85.42,103,0.581
0022200248,2022-11-21,1610612739,Cleveland Cavaliers,1,1,0,1.0,48.0,117.4,115.2,100.5,104.1,16.9,11.1,0.571,1.2,18.9,0.138,0.7,0.494,0.202,0.671,0.711,99.3,98.5,82.08,99,0.591
0022200253,2022-11-21,1610612744,Golden State Warriors,1,0,1,0.0,48.0,78.8,81.4,124.0,125.5,-45.2,-44.1,0.607,0.63,13.4,0.17,0.702,0.436,0.265,0.446,0.504,104.3,102.0,85.0,102,0.255
0022200249,2022-11-21,1610612754,Indiana Pacers,1,1,0,1.0,48.0,115.1,123.0,101.0,101.0,14.1,22.0,0.744,1.52,21.8,0.333,0.725,0.542,0.21,0.576,0.628,103.9,100.5,83.75,100,0.635
0022200255,2022-11-21,1610612746,LA Clippers,1,1,0,1.0,48.0,117.1,123.5,113.4,115.2,3.7,8.3,0.553,1.63,18.6,0.356,0.6,0.484,0.163,0.566,0.609,102.0,98.5,82.08,98,0.53
0022200252,2022-11-21,1610612748,Miami Heat,1,0,1,0.0,48.0,95.1,97.1,99.2,101.0,-4.1,-3.8,0.743,1.73,17.7,0.298,0.813,0.533,0.144,0.45,0.489,106.0,104.0,86.67,104,0.466
0022200251,2022-11-21,1610612749,Milwaukee Bucks,1,1,0,1.0,48.0,117.8,114.4,105.4,108.8,12.5,5.6,0.66,2.21,21.2,0.262,0.706,0.505,0.135,0.599,0.613,103.2,103.0,85.83,104,0.595
0022200252,2022-11-21,1610612750,Minnesota Timberwolves,1,1,0,1.0,48.0,99.2,101.0,95.1,97.1,4.1,3.8,0.811,1.67,21.1,0.188,0.702,0.467,0.173,0.518,0.56,106.0,104.0,86.67,104,0.534
0022200253,2022-11-21,1610612740,New Orleans Pelicans,1,1,0,1.0,48.0,124.0,125.5,78.8,81.4,45.2,44.1,0.612,2.14,20.5,0.298,0.83,0.564,0.137,0.621,0.638,104.3,102.0,85.0,102,0.745
0022200254,2022-11-21,1610612752,New York Knicks,1,1,0,1.0,48.0,120.8,124.0,113.2,115.5,7.5,8.5,0.412,1.4,14.9,0.38,0.72,0.55,0.144,0.582,0.61,105.9,103.5,86.25,104,0.522
0022200254,2022-11-21,1610612760,Oklahoma City Thunder,1,0,1,0.0,48.0,113.2,115.5,120.8,124.0,-7.5,-8.5,0.581,1.79,17.6,0.28,0.62,0.45,0.136,0.534,0.583,105.9,103.5,86.25,103,0.478
0022200249,2022-11-21,1610612753,Orlando Magic,1,0,1,0.0,48.0,101.0,101.0,115.1,123.0,-14.1,-22.0,0.556,1.18,14.8,0.275,0.667,0.458,0.168,0.488,0.531,103.9,100.5,83.75,101,0.365
0022200251,2022-11-21,1610612757,Portland Trail Blazers,1,0,1,0.0,48.0,105.4,108.8,117.8,114.4,-12.5,-5.6,0.432,1.19,14.0,0.294,0.738,0.495,0.157,0.516,0.548,103.2,103.0,85.83,102,0.405
0022200255,2022-11-21,1610612762,Utah Jazz,1,0,1,0.0,48.0,113.4,115.2,117.1,123.5,-3.7,-8.3,0.55,1.29,15.6,0.4,0.644,0.516,0.172,0.517,0.573,102.0,98.5,82.08,99,0.47
0022200256,2022-11-22,1610612751,Brooklyn Nets,1,0,1,0.0,48.0,109.6,111.6,119.7,123.7,-10.1,-12.1,0.705,2.07,23.1,0.211,0.579,0.432,0.158,0.606,0.618,96.4,94.0,78.33,95,0.52
0022200258,2022-11-22,1610612743,Denver Nuggets,1,0,1,0.0,48.0,107.5,113.7,112.1,113.4,-4.5,0.3,0.651,1.56,19.7,0.396,0.651,0.516,0.189,0.529,0.554,99.3,96.0,80.0,95,0.487
0022200258,2022-11-22,1610612765,Detroit Pistons,1,1,0,1.0,48.0,112.1,113.4,107.5,113.7,4.5,-0.3,0.6,1.69,19.4,0.349,0.604,0.484,0.165,0.557,0.584,99.3,96.0,80.0,97,0.513
0022200259,2022-11-22,1610612747,Los Angeles Lakers,1,0,1,0.0,48.0,95.1,95.5,103.4,106.5,-8.3,-11.0,0.528,1.12,13.7,0.192,0.782,0.495,0.155,0.447,0.523,110.8,109.0,90.83,110,0.478
0022200257,2022-11-22,1610612763,Memphis Grizzlies,1,0,1,0.0,48.0,99.8,100.9,100.1,104.6,-0.3,-3.7,0.634,1.44,17.4,0.273,0.717,0.491,0.167,0.495,0.523,111.0,108.0,90.0,108,0.508
0022200256,2022-11-22,1610612755,Philadelphia 76ers,1,1,0,1.0,48.0,119.7,123.7,109.6,111.6,10.1,12.1,0.442,1.9,14.0,0.421,0.789,0.568,0.108,0.515,0.542,96.4,94.0,78.33,93,0.48
0022200259,2022-11-22,1610612756,Phoenix Suns,1,1,0,1.0,48.0,103.4,106.5,95.1,95.5,8.3,11.0,0.479,1.53,16.2,0.218,0.808,0.505,0.139,0.549,0.552,110.8,109.0,90.83,108,0.522
0022200257,2022-11-22,1610612758,Sacramento Kings,1,1,0,1.0,48.0,100.1,104.6,99.8,100.9,0.3,3.7,0.692,1.35,18.1,0.283,0.727,0.509,0.185,0.517,0.555,111.0,108.0,90.0,108,0.492
0022200263,2022-11-23,1610612737,Atlanta Hawks,1,1,0,1.0,48.0,109.4,110.6,98.8,102.9,10.6,7.7,0.561,1.77,16.5,0.25,0.722,0.491,0.125,0.505,0.563,106.2,103.5,86.25,104,0.552
0022200264,2022-11-23,1610612738,Boston Celtics,1,1,0,1.0,48.0,126.0,128.9,111.7,114.3,14.2,14.6,0.644,2.42,21.6,0.205,0.786,0.506,0.124,0.637,0.67,99.7,97.5,81.25,97,0.578
0022200266,2022-11-23,1610612751,Brooklyn Nets,1,1,0,1.0,48.0,113.0,115.5,95.1,100.0,17.9,15.5,0.711,1.52,23.4,0.237,0.565,0.449,0.216,0.652,0.658,101.0,97.5,81.25,97,0.615
0022200260,2022-11-23,1610612766,Charlotte Hornets,1,1,0,1.0,48.0,100.7,104.9,96.3,100.0,4.5,4.9,0.568,1.56,17.7,0.291,0.735,0.5,0.157,0.511,0.528,105.6,101.5,84.58,102,0.533
0022200267,2022-11-23,1610612741,Chicago Bulls,1,1,0,1.0,48.0,114.7,114.6,102.7,108.7,11.9,5.9,0.698,2.31,21.4,0.152,0.667,0.43,0.126,0.598,0.622,106.5,103.5,86.25,103,0.549
0022200261,2022-11-23,1610612739,Cleveland Cavaliers,1,1,0,1.0,48.0,126.5,128.1,107.0,106.7,19.5,21.4,0.537,1.29,18.0,0.343,0.721,0.551,0.191,0.635,0.678,89.9,89.5,74.58,89,0.583
0022200264,2022-11-23,1610612742,Dallas Mavericks,1,0,1,0.0,48.0,111.7,114.3,126.0,128.9,-14.2,-14.6,0.455,1.43,15.7,0.214,0.795,0.494,0.143,0.604,0.614,99.7,97.5,81.25,98,0.422
0022200268,2022-11-23,1610612743,Denver Nuggets,1,1,0,1.0,53.0,121.3,122.4,117.4,117.8,3.8,4.7,0.738,1.63,19.6,0.4,0.714,0.566,0.178,0.557,0.618,97.5,96.91,80.75,107,0.548
0022200270,2022-11-23,1610612765,Detroit Pistons,1,1,0,1.0,48.0,125.2,131.6,115.6,120.8,9.6,10.7,0.545,3.43,18.0,0.304,0.705,0.5,0.074,0.562,0.62,100.1,95.5,79.58,95,0.527
0022200271,2022-11-23,1610612744,Golden State Warriors,1,1,0,1.0,48.0,119.6,121.6,101.1,104.9,18.5,16.7,0.75,2.77,23.5,0.3,0.667,0.485,0.127,0.593,0.604,104.8,102.0,85.0,102,0.587
0022200262,2022-11-23,1610612754,Indiana Pacers,1,0,1,0.0,48.0,98.0,101.0,115.6,115.0,-17.6,-14.0,0.676,1.92,17.5,0.3,0.677,0.429,0.13,0.469,0.49,101.3,100.0,83.33,100,0.364
0022200271,2022-11-23,1610612746,LA Clippers,1,0,1,0.0,48.0,101.1,104.9,119.6,121.6,-18.5,-16.7,0.564,1.29,15.6,0.333,0.7,0.515,0.167,0.511,0.541,104.8,102.0,85.0,102,0.413
0022200265,2022-11-23,1610612748,Miami Heat,1,1,0,1.0,48.0,111.1,113.0,100.6,106.1,10.5,6.9,0.513,1.54,14.5,0.321,0.774,0.541,0.13,0.505,0.55,103.0,99.5,82.92,100,0.522
0022200267,2022-11-23,1610612749,Milwaukee Bucks,1,0,1,0.0,48.0,102.7,108.7,114.7,114.6,-11.9,-5.9,0.585,1.2,16.6,0.333,0.848,0.57,0.192,0.522,0.559,106.5,103.5,86.25,104,0.451
0022200262,2022-11-23,1610612750,Minnesota Timberwolves,1,1,0,1.0,48.0,115.6,115.0,98.0,101.0,17.6,14.0,0.66,1.35,22.1,0.323,0.7,0.571,0.23,0.662,0.681,101.3,100.0,83.33,100,0.636
0022200269,2022-11-23,1610612740,New Orleans Pelicans,1,1,0,1.0,48.0,119.2,120.6,100.6,103.8,18.6,16.8,0.702,1.57,22.0,0.268,0.74,0.527,0.196,0.659,0.678,108.8,106.5,88.75,107,0.583
0022200268,2022-11-23,1610612760,Oklahoma City Thunder,1,0,1,0.0,53.0,117.4,117.8,121.3,122.4,-3.8,-4.7,0.619,2.6,17.4,0.286,0.6,0.434,0.093,0.526,0.576,97.5,96.91,80.75,107,0.452
0022200260,2022-11-23,1610612755,Philadelphia 76ers,1,0,1,0.0,48.0,96.3,100.0,100.7,104.9,-4.5,-4.9,0.526,1.05,15.0,0.265,0.709,0.5,0.188,0.494,0.538,105.6,101.5,84.58,101,0.467
0022200261,2022-11-23,1610612757,Portland Trail Blazers,1,0,1,0.0,48.0,107.0,106.7,126.5,128.1,-19.5,-21.4,0.8,1.65,21.5,0.279,0.657,0.449,0.189,0.532,0.573,89.9,89.5,74.58,90,0.417
0022200263,2022-11-23,1610612758,Sacramento Kings,1,0,1,0.0,48.0,98.8,102.9,109.4,110.6,-10.6,-7.7,0.659,1.42,18.8,0.278,0.75,0.509,0.184,0.511,0.539,106.2,103.5,86.25,103,0.448
0022200269,2022-11-23,1610612759,San Antonio Spurs,1,0,1,0.0,48.0,100.6,103.8,119.2,120.6,-18.6,-16.8,0.756,1.55,20.8,0.26,0.732,0.473,0.189,0.541,0.565,108.8,106.5,88.75,106,0.417
0022200266,2022-11-23,1610612761,Toronto Raptors,1,0,1,0.0,48.0,95.1,100.0,113.0,115.5,-17.9,-15.5,0.444,1.14,11.1,0.435,0.763,0.551,0.143,0.391,0.438,101.0,97.5,81.25,98,0.385
0022200270,2022-11-23,1610612762,Utah Jazz,1,0,1,0.0,48.0,115.6,120.8,125.2,131.6,-9.6,-10.7,0.756,1.94,22.1,0.295,0.696,0.5,0.167,0.602,0.635,100.1,95.5,79.58,96,0.473
0022200265,2022-11-23,1610612764,Washington Wizards,1,0,1,0.0,48.0,100.6,106.1,111.1,113.0,-10.5,-6.9,0.643,1.93,19.7,0.226,0.679,0.459,0.141,0.528,0.539,103.0,99.5,82.92,99,0.478
0022200278,2022-11-25,1610612737,Atlanta Hawks,1,0,1,0.0,48.0,115.3,115.1,121.9,123.1,-6.6,-8.0,0.359,1.0,10.9,0.188,0.49,0.34,0.132,0.567,0.623,105.4,105.0,87.5,106,0.435
0022200275,2022-11-25,1610612738,Boston Celtics,1,1,0,1.0,48.0,120.9,123.2,98.6,103.0,22.3,20.3,0.659,2.7,20.5,0.14,0.679,0.438,0.101,0.59,0.643,103.2,100.0,83.33,99,0.613
0022200276,2022-11-25,1610612751,Brooklyn Nets,1,0,1,0.0,48.0,110.0,111.4,118.8,121.9,-8.9,-10.5,0.574,1.42,19.6,0.143,0.804,0.489,0.181,0.619,0.633,107.1,105.0,87.5,105,0.41
0022200272,2022-11-25,1610612766,Charlotte Hornets,1,1,0,1.0,48.0,103.7,100.9,99.2,100.0,4.5,0.9,0.6,1.33,16.2,0.288,0.768,0.537,0.165,0.494,0.534,107.5,108.5,90.42,109,0.529
0022200281,2022-11-25,1610612741,Chicago Bulls,1,0,1,0.0,53.0,106.1,108.2,109.7,111.8,-3.6,-3.6,0.568,1.67,16.6,0.276,0.731,0.491,0.136,0.495,0.535,101.5,99.62,83.02,110,0.447
0022200280,2022-11-25,1610612739,Cleveland Cavaliers,1,0,1,0.0,48.0,104.7,107.4,118.2,120.6,-13.5,-13.3,0.353,1.33,10.0,0.259,0.75,0.48,0.095,0.46,0.518,98.2,96.0,80.0,95,0.415
0022200285,2022-11-25,1610612743,Denver Nuggets,1,1,0,1.0,48.0,119.8,122.6,111.9,111.8,8.0,10.8,0.614,4.5,20.1,0.298,0.806,0.518,0.065,0.551,0.575,94.0,93.0,77.5,93,0.56
0022200283,2022-11-25,1610612765,Detroit Pistons,1,0,1,0.0,48.0,103.0,103.0,107.5,108.0,-4.5,-5.0,0.538,1.11,15.0,0.389,0.688,0.529,0.192,0.473,0.515,99.7,99.5,82.92,99,0.439
0022200284,2022-11-25,1610612744,Golden State Warriors,1,1,0,1.0,48.0,118.7,124.0,115.1,114.6,3.6,9.5,0.635,1.57,20.9,0.42,0.686,0.554,0.202,0.614,0.622,105.6,103.5,86.25,104,0.525
0022200278,2022-11-25,1610612745,Houston Rockets,1,1,0,1.0,48.0,121.9,123.1,115.3,115.1,6.6,8.0,0.61,1.14,16.2,0.51,0.813,0.66,0.212,0.54,0.609,105.4,105.0,87.5,104,0.565
0022200276,2022-11-25,1610612754,Indiana Pacers,1,1,0,1.0,48.0,118.8,121.9,110.0,111.4,8.9,10.5,0.651,2.8,19.7,0.196,0.857,0.511,0.095,0.57,0.623,107.1,105.0,87.5,105,0.59
0022200285,2022-11-25,1610612746,LA Clippers,1,0,1,0.0,48.0,111.9,111.8,119.8,122.6,-8.0,-10.8,0.595,1.57,18.0,0.194,0.702,0.482,0.151,0.625,0.627,94.0,93.0,77.5,93,0.44
0022200282,2022-11-25,1610612747,Los Angeles Lakers,1,1,0,1.0,48.0,101.2,102.9,91.2,92.2,9.9,10.8,0.7,1.27,19.4,0.304,0.656,0.509,0.216,0.53,0.572,103.4,102.0,85.0,102,0.614
0022200279,2022-11-25,1610612763,Memphis Grizzlies,1,1,0,1.0,48.0,127.1,130.7,109.2,108.8,17.9,21.9,0.553,1.86,18.2,0.327,0.72,0.525,0.139,0.615,0.642,102.8,101.5,84.58,101,0.554
0022200277,2022-11-25,1610612748,Miami Heat,1,1,0,1.0,48.0,107.7,113.4,106.2,109.2,1.6,4.2,0.571,1.85,17.8,0.292,0.661,0.49,0.134,0.511,0.555,101.5,97.5,81.25,97,0.509
0022200280,2022-11-25,1610612749,Milwaukee Bucks,1,1,0,1.0,48.0,118.2,120.6,104.7,107.4,13.5,13.3,0.643,2.08,20.0,0.25,0.741,0.52,0.134,0.596,0.622,98.2,96.0,80.0,97,0.585
0022200272,2022-11-25,1610612750,Minnesota Timberwolves,1,0,1,0.0,48.0,99.2,100.0,103.7,100.9,-4.5,-0.9,0.585,1.5,16.6,0.232,0.712,0.463,0.148,0.474,0.52,107.5,108.5,90.42,108,0.471
0022200279,2022-11-25,1610612740,New Orleans Pelicans,1,0,1,0.0,48.0,109.2,108.8,127.1,130.7,-17.9,-21.9,0.703,2.0,18.4,0.28,0.673,0.475,0.127,0.488,0.557,102.8,101.5,84.58,102,0.446
0022200274,2022-11-25,1610612752,New York Knicks,1,0,1,0.0,53.0,111.9,118.3,122.9,120.0,-11.0,-1.7,0.587,2.7,17.4,0.317,0.673,0.477,0.092,0.5,0.55,100.9,99.17,82.64,109,0.467
0022200281,2022-11-25,1610612760,Oklahoma City Thunder,1,1,0,1.0,53.0,109.7,111.8,106.1,108.2,3.6,3.6,0.545,1.85,16.3,0.269,0.724,0.509,0.118,0.5,0.564,101.5,99.62,83.02,110,0.553
0022200273,2022-11-25,1610612753,Orlando Magic,1,0,1,0.0,48.0,102.2,105.3,115.2,113.8,-13.0,-8.5,0.588,1.43,15.6,0.292,0.659,0.467,0.149,0.481,0.539,94.9,94.0,78.33,94,0.445
0022200273,2022-11-25,1610612755,Philadelphia 76ers,1,1,0,1.0,48.0,115.2,113.8,102.2,105.3,13.0,8.5,0.641,1.56,18.7,0.341,0.708,0.533,0.17,0.561,0.595,94.9,94.0,78.33,94,0.555
0022200283,2022-11-25,1610612756,Phoenix Suns,1,1,0,1.0,48.0,107.5,108.0,103.0,103.0,4.5,5.0,0.595,1.92,17.9,0.313,0.611,0.471,0.13,0.523,0.549,99.7,99.5,82.92,100,0.561
0022200274,2022-11-25,1610612757,Portland Trail Blazers,1,1,0,1.0,53.0,122.9,120.0,111.9,118.3,11.0,1.7,0.571,1.85,16.0,0.327,0.683,0.523,0.118,0.553,0.614,100.9,99.17,82.64,110,0.533
0022200275,2022-11-25,1610612758,Sacramento Kings,1,0,1,0.0,48.0,98.6,103.0,120.9,123.2,-22.3,-20.3,0.556,1.11,14.6,0.321,0.86,0.563,0.178,0.466,0.528,103.2,100.0,83.33,101,0.387
0022200282,2022-11-25,1610612759,San Antonio Spurs,1,0,1,0.0,48.0,91.2,92.2,101.2,102.9,-9.9,-10.8,0.553,1.31,14.6,0.344,0.696,0.491,0.157,0.41,0.439,103.4,102.0,85.0,102,0.386
0022200284,2022-11-25,1610612762,Utah Jazz,1,0,1,0.0,48.0,115.1,114.6,118.7,124.0,-3.6,-9.5,0.609,2.15,19.0,0.314,0.58,0.446,0.126,0.531,0.565,105.6,103.5,86.25,103,0.475
0022200277,2022-11-25,1610612764,Washington Wizards,1,0,1,0.0,48.0,106.2,109.2,107.7,113.4,-1.6,-4.2,0.675,2.25,18.8,0.339,0.708,0.51,0.122,0.489,0.526,101.5,97.5,81.25,98,0.491
0022200286,2022-11-26,1610612742,Dallas Mavericks,1,0,1,0.0,48.0,104.6,105.3,110.0,111.7,-5.4,-6.4,0.8,1.75,21.5,0.175,0.623,0.43,0.168,0.555,0.598,95.5,94.5,78.75,95,0.494
0022200287,2022-11-26,1610612745,Houston Rockets,1,1,0,1.0,48.0,111.2,112.4,98.9,99.1,12.2,13.3,0.556,1.0,17.5,0.317,0.705,0.549,0.238,0.628,0.64,106.1,105.5,87.92,105,0.591
0022200288,2022-11-26,1610612747,Los Angeles Lakers,1,1,0,1.0,48.0,128.5,132.4,129.2,129.0,-0.7,3.4,0.532,1.47,18.0,0.167,0.673,0.473,0.157,0.685,0.735,109.0,107.5,89.58,108,0.533
0022200287,2022-11-26,1610612760,Oklahoma City Thunder,1,0,1,0.0,48.0,98.9,99.1,111.2,112.4,-12.2,-13.3,0.5,1.27,13.3,0.295,0.683,0.451,0.142,0.443,0.49,106.1,105.5,87.92,106,0.409
0022200289,2022-11-26,1610612756,Phoenix Suns,1,1,0,1.0,48.0,121.2,120.2,119.1,119.1,2.1,1.1,0.548,3.83,16.9,0.352,0.767,0.536,0.064,0.489,0.537,93.6,94.0,78.33,94,0.512
0022200288,2022-11-26,1610612759,San Antonio Spurs,1,0,1,0.0,48.0,129.2,129.0,128.5,132.4,0.7,-3.4,0.623,3.3,20.9,0.327,0.833,0.527,0.093,0.59,0.606,109.0,107.5,89.58,107,0.467
0022200286,2022-11-26,1610612761,Toronto Raptors,1,1,0,1.0,48.0,110.0,111.7,104.6,105.3,5.4,6.4,0.526,1.54,14.9,0.377,0.825,0.57,0.138,0.477,0.528,95.5,94.5,78.75,94,0.506
0022200289,2022-11-26,1610612762,Utah Jazz,1,0,1,0.0,48.0,119.1,119.1,121.2,120.2,-2.1,-1.1,0.5,1.67,16.1,0.233,0.648,0.464,0.128,0.589,0.622,93.6,94.0,78.33,94,0.488
0022200293,2022-11-27,1610612737,Atlanta Hawks,1,0,1,0.0,48.0,97.6,99.0,107.8,107.1,-10.1,-8.1,0.686,2.0,17.9,0.204,0.841,0.49,0.121,0.455,0.509,99.4,99.0,82.5,99,0.441
0022200294,2022-11-27,1610612738,Boston Celtics,1,1,0,1.0,48.0,136.2,138.3,128.0,128.7,8.2,9.6,0.568,1.79,18.9,0.361,0.78,0.584,0.149,0.65,0.711,95.0,94.0,78.33,94,0.524
0022200290,2022-11-27,1610612751,Brooklyn Nets,1,1,0,1.0,48.0,123.4,123.3,107.0,107.8,16.5,15.6,0.659,3.38,22.3,0.132,0.708,0.453,0.089,0.622,0.646,90.3,90.0,75.0,90,0.558
0022200295,2022-11-27,1610612739,Cleveland Cavaliers,1,1,0,1.0,48.0,106.8,109.7,94.5,101.1,12.3,8.6,0.424,1.0,11.5,0.319,0.694,0.51,0.151,0.481,0.557,97.5,93.0,77.5,93,0.571
0022200298,2022-11-27,1610612742,Dallas Mavericks,1,0,1,0.0,48.0,117.3,116.2,125.8,127.8,-8.4,-11.7,0.561,1.77,17.6,0.209,0.725,0.458,0.131,0.619,0.632,98.3,98.0,81.67,99,0.448
0022200295,2022-11-27,1610612765,Detroit Pistons,1,0,1,0.0,48.0,94.5,101.1,106.8,109.7,-12.3,-8.6,0.389,0.88,11.5,0.306,0.681,0.49,0.172,0.506,0.52,97.5,93.0,77.5,93,0.429
0022200291,2022-11-27,1610612744,Golden State Warriors,1,1,0,1.0,48.0,132.0,130.5,104.8,108.6,27.2,21.9,0.72,2.25,24.0,0.237,0.808,0.567,0.152,0.69,0.715,106.3,105.0,87.5,105,0.634
0022200292,2022-11-27,1610612754,Indiana Pacers,1,0,1,0.0,48.0,92.5,93.5,105.5,105.6,-13.0,-12.1,0.639,1.77,16.2,0.203,0.611,0.398,0.121,0.431,0.48,108.1,107.5,89.58,107,0.384
0022200292,2022-11-27,1610612746,LA Clippers,1,1,0,1.0,48.0,105.5,105.6,92.5,93.5,13.0,12.1,0.786,1.83,20.4,0.389,0.797,0.602,0.167,0.479,0.527,108.1,107.5,89.58,108,0.616
0022200296,2022-11-27,1610612763,Memphis Grizzlies,1,1,0,1.0,48.0,122.5,128.3,127.9,124.2,-5.3,4.0,0.696,2.91,21.1,0.396,0.745,0.56,0.111,0.547,0.584,99.9,99.0,82.5,99,0.505
0022200293,2022-11-27,1610612748,Miami Heat,1,1,0,1.0,48.0,107.8,107.1,97.6,99.0,10.1,8.1,0.7,2.0,20.9,0.159,0.796,0.51,0.141,0.543,0.587,99.4,99.0,82.5,99,0.559
0022200298,2022-11-27,1610612749,Milwaukee Bucks,1,1,0,1.0,48.0,125.8,127.8,117.3,116.2,8.4,11.7,0.583,2.0,20.6,0.275,0.791,0.542,0.144,0.657,0.67,98.3,98.0,81.67,97,0.552
0022200291,2022-11-27,1610612750,Minnesota Timberwolves,1,0,1,0.0,48.0,104.8,108.6,132.0,130.5,-27.2,-21.9,0.564,1.57,16.2,0.192,0.763,0.433,0.133,0.523,0.566,106.3,105.0,87.5,105,0.366
0022200296,2022-11-27,1610612752,New York Knicks,1,0,1,0.0,48.0,127.9,124.2,122.5,128.3,5.3,-4.0,0.682,3.75,21.3,0.255,0.604,0.44,0.081,0.563,0.614,99.9,99.0,82.5,99,0.495
0022200297,2022-11-27,1610612753,Orlando Magic,1,0,1,0.0,48.0,104.0,105.1,134.5,135.7,-30.5,-30.6,0.583,1.31,16.4,0.191,0.759,0.408,0.163,0.532,0.572,98.9,98.0,81.67,98,0.323
0022200297,2022-11-27,1610612755,Philadelphia 76ers,1,1,0,1.0,48.0,134.5,135.7,104.0,105.1,30.5,30.6,0.64,2.0,23.4,0.241,0.809,0.592,0.163,0.721,0.748,98.9,98.0,81.67,98,0.677
0022200290,2022-11-27,1610612757,Portland Trail Blazers,1,0,1,0.0,48.0,107.0,107.8,123.4,123.3,-16.5,-15.6,0.771,2.08,20.8,0.292,0.868,0.547,0.144,0.519,0.547,90.3,90.0,75.0,90,0.442
0022200294,2022-11-27,1610612764,Washington Wizards,1,0,1,0.0,48.0,128.0,128.7,136.2,138.3,-8.2,-9.6,0.523,5.75,18.3,0.22,0.639,0.416,0.043,0.579,0.627,95.0,94.0,78.33,94,0.476
0022200299,2022-11-28,1610612737,Atlanta Hawks,1,0,1,0.0,48.0,105.6,104.1,108.4,109.5,-2.9,-5.3,0.703,1.3,19.4,0.282,0.766,0.547,0.206,0.581,0.603,95.8,96.0,80.0,97,0.499
0022200301,2022-11-28,1610612738,Boston Celtics,1,1,0,1.0,48.0,135.8,140.0,105.4,105.0,30.4,35.0,0.727,2.5,26.3,0.342,0.674,0.524,0.16,0.72,0.729,101.3,100.0,83.33,100,0.635
0022200302,2022-11-28,1610612751,Brooklyn Nets,1,1,0,1.0,48.0,112.2,114.7,103.4,107.4,8.8,7.4,0.455,1.11,16.0,0.256,0.745,0.523,0.189,0.599,0.625,97.9,95.0,79.17,95,0.576
0022200301,2022-11-28,1610612766,Charlotte Hornets,1,0,1,0.0,48.0,105.4,105.0,135.8,140.0,-30.4,-35.0,0.667,1.4,19.6,0.326,0.658,0.476,0.2,0.552,0.567,101.3,100.0,83.33,100,0.365
0022200306,2022-11-28,1610612741,Chicago Bulls,1,1,0,1.0,48.0,115.2,115.2,110.8,111.5,4.4,3.7,0.488,2.63,15.6,0.308,0.787,0.535,0.081,0.495,0.548,97.8,97.5,81.25,99,0.518
0022200303,2022-11-28,1610612739,Cleveland Cavaliers,1,0,1,0.0,48.0,93.6,94.6,103.6,108.7,-10.1,-14.1,0.618,2.1,16.2,0.276,0.745,0.486,0.108,0.417,0.453,95.3,92.5,77.08,93,0.436
0022200305,2022-11-28,1610612743,Denver Nuggets,1,1,0,1.0,48.0,131.9,133.0,111.9,116.5,20.0,16.5,0.62,2.21,21.8,0.341,0.66,0.516,0.144,0.636,0.666,99.4,97.0,80.83,97,0.604
0022200305,2022-11-28,1610612745,Houston Rockets,1,0,1,0.0,48.0,111.9,116.5,131.9,133.0,-20.0,-16.5,0.641,1.47,18.1,0.34,0.659,0.484,0.175,0.553,0.589,99.4,97.0,80.83,97,0.396
0022200308,2022-11-28,1610612754,Indiana Pacers,1,1,0,1.0,48.0,105.4,112.6,112.0,112.7,-6.6,-0.1,0.674,2.9,19.0,0.333,0.679,0.496,0.097,0.49,0.518,106.3,102.5,85.42,103,0.494
0022200308,2022-11-28,1610612747,Los Angeles Lakers,1,0,1,0.0,48.0,112.0,112.7,105.4,112.6,6.6,0.1,0.575,1.64,16.1,0.321,0.667,0.504,0.137,0.489,0.539,106.3,102.5,85.42,102,0.506
0022200300,2022-11-28,1610612750,Minnesota Timberwolves,1,0,1,0.0,48.0,120.4,123.3,138.0,136.5,-17.6,-13.2,0.476,1.11,14.2,0.391,0.8,0.581,0.175,0.542,0.62,104.2,103.5,86.25,103,0.414
0022200304,2022-11-28,1610612740,New Orleans Pelicans,1,1,0,1.0,48.0,101.2,102.9,97.9,99.0,3.2,3.9,0.538,0.95,15.0,0.347,0.638,0.505,0.216,0.5,0.548,103.5,102.0,85.0,102,0.584
0022200304,2022-11-28,1610612760,Oklahoma City Thunder,1,0,1,0.0,48.0,97.9,99.0,101.2,102.9,-3.2,-3.9,0.471,0.84,11.6,0.362,0.653,0.495,0.186,0.435,0.495,103.5,102.0,85.0,102,0.416
0022200302,2022-11-28,1610612753,Orlando Magic,1,0,1,0.0,48.0,103.4,107.4,112.2,114.7,-8.8,-7.4,0.474,1.0,14.4,0.255,0.744,0.477,0.189,0.556,0.569,97.9,95.0,79.17,95,0.424
0022200299,2022-11-28,1610612755,Philadelphia 76ers,1,1,0,1.0,48.0,108.4,109.5,105.6,104.1,2.9,5.3,0.59,1.92,17.8,0.234,0.718,0.453,0.126,0.512,0.554,95.8,96.0,80.0,95,0.501
0022200307,2022-11-28,1610612756,Phoenix Suns,1,1,0,1.0,48.0,114.9,117.3,112.6,111.4,2.3,5.9,0.52,1.53,18.1,0.311,0.795,0.551,0.163,0.585,0.609,105.0,104.5,87.08,104,0.495
0022200307,2022-11-28,1610612758,Sacramento Kings,1,0,1,0.0,48.0,112.6,111.4,114.9,117.3,-2.3,-5.9,0.696,2.0,21.9,0.205,0.689,0.449,0.152,0.574,0.61,105.0,104.5,87.08,105,0.505
0022200303,2022-11-28,1610612761,Toronto Raptors,1,1,0,1.0,48.0,103.6,108.7,93.6,94.6,10.1,14.1,0.622,1.92,18.3,0.255,0.724,0.514,0.13,0.512,0.547,95.3,92.5,77.08,92,0.564
0022200306,2022-11-28,1610612762,Utah Jazz,1,0,1,0.0,48.0,110.8,111.5,115.2,115.2,-4.4,-3.7,0.732,2.14,22.1,0.213,0.692,0.465,0.146,0.594,0.584,97.8,97.5,81.25,96,0.482
0022200300,2022-11-28,1610612764,Washington Wizards,1,1,0,1.0,48.0,138.0,136.5,120.4,123.3,17.6,13.2,0.596,4.43,21.7,0.2,0.609,0.419,0.067,0.654,0.69,104.2,103.5,86.25,104,0.586
0022200310,2022-11-29,1610612742,Dallas Mavericks,1,1,0,1.0,48.0,106.5,111.5,106.5,108.7,0.1,2.9,0.5,1.5,15.1,0.246,0.766,0.481,0.135,0.544,0.564,107.5,104.0,86.67,104,0.464
0022200309,2022-11-29,1610612765,Detroit Pistons,1,0,1,0.0,48.0,109.1,107.8,136.9,137.3,-27.8,-29.4,0.667,1.75,20.3,0.178,0.591,0.382,0.157,0.584,0.599,101.5,102.0,85.0,102,0.393
0022200310,2022-11-29,1610612744,Golden State Warriors,1,0,1,0.0,48.0,106.5,108.7,106.5,111.5,-0.1,-2.9,0.643,1.5,19.0,0.234,0.754,0.519,0.173,0.54,0.576,107.5,104.0,86.67,104,0.536
0022200311,2022-11-29,1610612746,LA Clippers,1,1,0,1.0,48.0,117.6,122.9,113.6,116.7,4.0,6.3,0.634,2.0,18.4,0.358,0.72,0.534,0.135,0.534,0.582,99.5,96.0,80.0,96,0.53
0022200309,2022-11-29,1610612752,New York Knicks,1,1,0,1.0,48.0,136.9,137.3,109.1,107.8,27.8,29.4,0.574,2.21,20.5,0.409,0.822,0.618,0.137,0.646,0.665,101.5,102.0,85.0,102,0.607
0022200311,2022-11-29,1610612757,Portland Trail Blazers,1,0,1,0.0,48.0,113.6,116.7,117.6,122.9,-4.0,-6.3,0.571,2.18,18.0,0.28,0.642,0.466,0.115,0.561,0.58,99.5,96.0,80.0,96,0.47
0022200313,2022-11-30,1610612737,Atlanta Hawks,1,1,0,1.0,48.0,124.6,122.5,105.9,105.9,18.7,16.7,0.49,2.08,17.6,0.333,0.837,0.58,0.118,0.585,0.611,101.2,102.0,85.0,102,0.586
0022200314,2022-11-30,1610612738,Boston Celtics,1,1,0,1.0,48.0,133.8,135.4,121.0,123.5,12.8,11.9,0.696,1.78,22.5,0.316,0.721,0.531,0.182,0.687,0.72,100.0,98.5,82.08,99,0.56
0022200315,2022-11-30,1610612751,Brooklyn Nets,1,1,0,1.0,48.0,112.5,111.9,102.9,107.0,9.6,4.9,0.564,2.44,17.2,0.111,0.63,0.394,0.089,0.53,0.592,102.2,100.5,83.75,101,0.544
0022200321,2022-11-30,1610612741,Chicago Bulls,1,0,1,0.0,48.0,109.2,108.7,124.2,126.9,-15.1,-18.3,0.512,1.75,16.0,0.133,0.733,0.433,0.115,0.524,0.585,104.9,104.0,86.67,104,0.462
0022200312,2022-11-30,1610612739,Cleveland Cavaliers,1,1,0,1.0,48.0,123.6,122.8,90.5,92.4,33.1,30.4,0.622,1.47,22.0,0.233,0.783,0.566,0.207,0.709,0.721,92.7,92.0,76.67,92,0.668
0022200320,2022-11-30,1610612743,Denver Nuggets,1,1,0,1.0,48.0,125.3,127.7,100.1,106.4,25.2,21.3,0.682,2.5,22.2,0.275,0.679,0.505,0.128,0.633,0.654,97.9,94.0,78.33,94,0.63
0022200320,2022-11-30,1610612745,Houston Rockets,1,0,1,0.0,48.0,100.1,106.4,125.3,127.7,-25.2,-21.3,0.486,1.29,14.0,0.321,0.725,0.495,0.149,0.489,0.521,97.9,94.0,78.33,94,0.37
0022200323,2022-11-30,1610612754,Indiana Pacers,1,0,1,0.0,48.0,98.1,100.0,119.4,120.2,-21.3,-20.2,0.7,1.87,17.8,0.231,0.729,0.442,0.132,0.46,0.504,115.5,114.0,95.0,114,0.4
0022200322,2022-11-30,1610612746,LA Clippers,1,0,1,0.0,48.0,108.9,115.5,127.1,127.6,-18.2,-12.1,0.432,1.45,11.8,0.407,0.59,0.48,0.113,0.452,0.515,100.6,97.5,81.25,97,0.393
0022200324,2022-11-30,1610612747,Los Angeles Lakers,1,1,0,1.0,48.0,123.7,129.3,109.8,110.1,13.9,19.2,0.583,3.5,19.6,0.308,0.725,0.515,0.081,0.567,0.59,101.3,99.0,82.5,99,0.586
0022200317,2022-11-30,1610612763,Memphis Grizzlies,1,0,1,0.0,48.0,94.2,100.0,103.5,106.9,-9.2,-6.9,0.459,0.63,11.8,0.491,0.8,0.638,0.267,0.477,0.504,106.3,101.5,84.58,101,0.427
0022200314,2022-11-30,1610612748,Miami Heat,1,0,1,0.0,48.0,121.0,123.5,133.8,135.4,-12.8,-11.9,0.532,1.67,18.5,0.279,0.684,0.469,0.153,0.622,0.644,100.0,98.5,82.08,98,0.44
0022200316,2022-11-30,1610612749,Milwaukee Bucks,1,1,0,1.0,48.0,116.7,114.7,105.3,107.3,11.3,7.4,0.59,3.83,17.3,0.283,0.629,0.47,0.063,0.489,0.537,95.6,95.5,79.58,95,0.579
0022200317,2022-11-30,1610612750,Minnesota Timberwolves,1,1,0,1.0,48.0,103.5,106.9,94.2,100.0,9.2,6.9,0.634,2.0,18.8,0.2,0.509,0.362,0.127,0.528,0.56,106.3,101.5,84.58,102,0.573
0022200318,2022-11-30,1610612740,New Orleans Pelicans,1,1,0,1.0,48.0,119.5,121.2,98.8,102.9,20.7,18.3,0.622,1.4,19.4,0.273,0.816,0.559,0.192,0.605,0.647,107.4,104.5,87.08,104,0.587
0022200316,2022-11-30,1610612752,New York Knicks,1,0,1,0.0,48.0,105.3,107.3,116.7,114.7,-11.3,-7.4,0.429,2.25,13.1,0.371,0.717,0.53,0.083,0.45,0.473,95.6,95.5,79.58,96,0.421
0022200319,2022-11-30,1610612760,Oklahoma City Thunder,1,1,0,1.0,48.0,118.7,119.0,109.9,108.8,8.8,10.2,0.354,1.42,12.8,0.327,0.714,0.533,0.12,0.559,0.576,100.6,101.0,84.17,100,0.521
0022200313,2022-11-30,1610612753,Orlando Magic,1,0,1,0.0,48.0,105.9,105.9,124.6,122.5,-18.7,-16.7,0.667,1.44,19.4,0.163,0.667,0.42,0.176,0.544,0.6,101.2,102.0,85.0,102,0.414
0022200312,2022-11-30,1610612755,Philadelphia 76ers,1,0,1,0.0,48.0,90.5,92.4,123.6,122.8,-33.1,-30.4,0.594,1.19,15.7,0.217,0.767,0.434,0.174,0.455,0.5,92.7,92.0,76.67,92,0.332
0022200321,2022-11-30,1610612756,Phoenix Suns,1,1,0,1.0,48.0,124.2,126.9,109.2,108.7,15.1,18.3,0.449,1.57,15.9,0.267,0.867,0.567,0.135,0.608,0.646,104.9,104.0,86.67,104,0.538
0022200324,2022-11-30,1610612757,Portland Trail Blazers,1,0,1,0.0,48.0,109.8,110.1,123.7,129.3,-13.9,-19.2,0.5,1.75,15.7,0.275,0.692,0.485,0.121,0.511,0.549,101.3,99.0,82.5,99,0.414
0022200323,2022-11-30,1610612758,Sacramento Kings,1,1,0,1.0,48.0,119.4,120.2,98.1,100.0,21.3,20.2,0.583,1.56,18.2,0.271,0.769,0.558,0.158,0.589,0.636,115.5,114.0,95.0,114,0.6
0022200319,2022-11-30,1610612759,San Antonio Spurs,1,0,1,0.0,48.0,109.9,108.8,118.7,119.0,-8.8,-10.2,0.659,2.45,18.9,0.286,0.673,0.467,0.108,0.5,0.539,100.6,101.0,84.17,102,0.479
0022200318,2022-11-30,1610612761,Toronto Raptors,1,0,1,0.0,48.0,98.8,102.9,119.5,121.2,-20.7,-18.3,0.69,1.81,20.4,0.184,0.727,0.441,0.152,0.54,0.56,107.4,104.5,87.08,105,0.413
0022200322,2022-11-30,1610612762,Utah Jazz,1,1,0,1.0,48.0,127.1,127.6,108.9,115.5,18.2,12.1,0.533,1.33,17.5,0.41,0.593,0.52,0.184,0.642,0.67,100.6,97.5,81.25,98,0.607
0022200315,2022-11-30,1610612764,Washington Wizards,1,0,1,0.0,48.0,102.9,107.0,112.5,111.9,-9.6,-4.9,0.487,1.36,13.8,0.37,0.889,0.606,0.14,0.472,0.515,102.2,100.5,83.75,100,0.456
0022200325,2022-12-01,1610612742,Dallas Mavericks,1,0,1,0.0,53.0,116.0,117.9,125.3,122.4,-9.3,-4.5,0.543,1.92,18.2,0.128,0.652,0.387,0.123,0.645,0.633,96.1,96.45,80.38,106,0.443
0022200325,2022-12-01,1610612765,Detroit Pistons,1,1,0,1.0,53.0,125.3,122.4,116.0,117.9,9.3,4.5,0.569,2.23,19.1,0.348,0.872,0.613,0.121,0.622,0.626,96.1,96.45,80.38,107,0.557
0022200327,2022-12-02,1610612737,Atlanta Hawks,1,1,0,1.0,48.0,124.3,121.9,111.5,113.5,12.7,8.3,0.49,2.0,18.0,0.325,0.733,0.541,0.125,0.614,0.621,95.9,96.0,80.0,96,0.532
0022200328,2022-12-02,1610612738,Boston Celtics,1,0,1,0.0,53.0,103.3,104.5,105.3,107.1,-2.1,-2.6,0.65,1.3,17.8,0.196,0.737,0.481,0.18,0.546,0.584,102.4,100.98,84.15,111,0.513
0022200329,2022-12-02,1610612751,Brooklyn Nets,1,1,0,1.0,48.0,111.0,112.9,101.7,104.0,9.3,8.9,0.614,1.5,19.6,0.238,0.736,0.516,0.178,0.604,0.622,102.9,101.0,84.17,101,0.562
0022200326,2022-12-02,1610612766,Charlotte Hornets,1,1,0,1.0,48.0,124.9,124.5,119.1,123.4,5.9,1.1,0.625,6.25,17.9,0.356,0.54,0.44,0.043,0.484,0.538,95.5,94.0,78.33,94,0.489
0022200336,2022-12-02,1610612741,Chicago Bulls,1,0,1,0.0,48.0,101.3,102.8,108.1,109.2,-6.7,-6.4,0.651,2.33,19.4,0.145,0.78,0.448,0.111,0.511,0.536,109.8,108.5,90.42,108,0.449
0022200330,2022-12-02,1610612739,Cleveland Cavaliers,1,1,0,1.0,48.0,111.5,116.3,102.9,103.2,8.6,13.1,0.537,1.69,17.9,0.233,0.698,0.465,0.141,0.583,0.608,94.6,92.5,77.08,92,0.548
0022200327,2022-12-02,1610612743,Denver Nuggets,1,0,1,0.0,48.0,111.5,113.5,124.3,121.9,-12.7,-8.3,0.689,1.94,22.3,0.267,0.675,0.459,0.167,0.6,0.601,95.9,96.0,80.0,96,0.468
0022200336,2022-12-02,1610612744,Golden State Warriors,1,1,0,1.0,48.0,108.1,109.2,101.3,102.8,6.7,6.4,0.762,1.6,21.1,0.22,0.855,0.552,0.183,0.598,0.613,109.8,108.5,90.42,109,0.551
0022200334,2022-12-02,1610612745,Houston Rockets,1,1,0,1.0,48.0,117.4,122.0,118.2,122.2,-0.8,-0.2,0.475,1.12,14.0,0.37,0.69,0.523,0.17,0.543,0.61,103.1,99.5,82.92,100,0.489
0022200335,2022-12-02,1610612754,Indiana Pacers,1,0,1,0.0,48.0,102.1,102.6,118.5,120.9,-16.4,-18.3,0.625,1.32,16.4,0.228,0.707,0.429,0.164,0.5,0.559,116.9,115.5,96.25,116,0.385
0022200331,2022-12-02,1610612747,Los Angeles Lakers,1,1,0,1.0,48.0,134.9,133.0,128.2,130.3,6.7,2.7,0.615,8.0,22.1,0.298,0.745,0.521,0.04,0.599,0.624,99.6,99.5,82.92,100,0.531
0022200332,2022-12-02,1610612763,Memphis Grizzlies,1,1,0,1.0,48.0,114.3,117.0,107.4,109.0,6.9,8.0,0.524,1.83,15.3,0.379,0.75,0.555,0.12,0.49,0.535,101.9,100.0,83.33,100,0.544
0022200328,2022-12-02,1610612748,Miami Heat,1,1,0,1.0,53.0,105.3,107.1,103.3,104.5,2.1,2.6,0.396,1.12,13.1,0.263,0.804,0.519,0.152,0.53,0.551,102.4,100.98,84.15,112,0.487
0022200331,2022-12-02,1610612749,Milwaukee Bucks,1,0,1,0.0,48.0,128.2,130.3,134.9,133.0,-6.7,-2.7,0.58,2.9,20.7,0.255,0.702,0.479,0.101,0.622,0.641,99.6,99.5,82.92,99,0.469
0022200333,2022-12-02,1610612740,New Orleans Pelicans,1,1,0,1.0,48.0,114.2,113.6,92.5,94.3,21.7,19.3,0.625,2.78,18.1,0.189,0.742,0.487,0.087,0.5,0.566,104.7,104.0,86.67,103,0.615
0022200330,2022-12-02,1610612753,Orlando Magic,1,0,1,0.0,48.0,102.9,103.2,111.5,116.3,-8.6,-13.1,0.475,1.06,15.2,0.302,0.767,0.535,0.194,0.543,0.556,94.6,92.5,77.08,93,0.452
0022200332,2022-12-02,1610612755,Philadelphia 76ers,1,0,1,0.0,48.0,107.4,109.0,114.3,117.0,-6.9,-8.0,0.575,1.77,17.0,0.25,0.621,0.445,0.13,0.516,0.553,101.9,100.0,83.33,100,0.456
0022200334,2022-12-02,1610612756,Phoenix Suns,1,0,1,0.0,48.0,118.2,122.2,117.4,122.0,0.8,0.2,0.667,1.67,21.3,0.31,0.63,0.477,0.182,0.629,0.648,103.1,99.5,82.92,99,0.511
0022200333,2022-12-02,1610612759,San Antonio Spurs,1,0,1,0.0,48.0,92.5,94.3,114.2,113.6,-21.7,-19.3,0.684,2.17,17.8,0.258,0.811,0.513,0.114,0.444,0.471,104.7,104.0,86.67,105,0.385
0022200329,2022-12-02,1610612761,Toronto Raptors,1,0,1,0.0,48.0,101.7,104.0,111.0,112.9,-9.3,-8.9,0.421,1.14,12.3,0.264,0.762,0.484,0.139,0.477,0.524,102.9,101.0,84.17,101,0.438
0022200335,2022-12-02,1610612762,Utah Jazz,1,1,0,1.0,48.0,118.5,120.9,102.1,102.6,16.4,18.3,0.63,1.12,18.6,0.293,0.772,0.571,0.226,0.645,0.7,116.9,115.5,96.25,115,0.615
0022200326,2022-12-02,1610612764,Washington Wizards,1,0,1,0.0,48.0,119.1,123.4,124.9,124.5,-5.9,-1.1,0.59,1.64,16.4,0.46,0.644,0.56,0.149,0.523,0.572,95.5,94.0,78.33,94,0.511
0022200339,2022-12-03,1610612766,Charlotte Hornets,1,0,1,0.0,48.0,92.8,91.4,99.7,100.0,-6.9,-8.6,0.441,1.07,11.5,0.204,0.783,0.47,0.133,0.42,0.488,104.4,105.0,87.5,105,0.435
0022200337,2022-12-03,1610612742,Dallas Mavericks,1,1,0,1.0,48.0,117.3,117.5,97.7,99.0,19.6,18.5,0.628,2.45,18.5,0.288,0.809,0.519,0.107,0.55,0.57,102.7,102.0,85.0,103,0.578
0022200342,2022-12-03,1610612744,Golden State Warriors,1,1,0,1.0,48.0,123.2,125.0,100.2,103.1,23.0,21.9,0.756,2.43,24.8,0.163,0.654,0.432,0.146,0.676,0.671,99.1,97.0,80.83,96,0.581
0022200342,2022-12-03,1610612745,Houston Rockets,1,0,1,0.0,48.0,100.2,103.1,123.2,125.0,-23.0,-21.9,0.425,1.13,12.8,0.346,0.837,0.568,0.153,0.456,0.506,99.1,97.0,80.83,98,0.419
0022200338,2022-12-03,1610612746,LA Clippers,1,0,1,0.0,48.0,91.0,95.0,119.2,121.8,-28.1,-26.7,0.455,0.83,10.8,0.371,0.796,0.559,0.178,0.403,0.46,104.3,101.0,84.17,101,0.299
0022200339,2022-12-03,1610612749,Milwaukee Bucks,1,1,0,1.0,48.0,99.7,100.0,92.8,91.4,6.9,8.6,0.615,1.09,17.4,0.217,0.796,0.53,0.21,0.542,0.575,104.4,105.0,87.5,105,0.565
0022200341,2022-12-03,1610612750,Minnesota Timberwolves,1,0,1,0.0,48.0,113.1,112.3,116.0,119.5,-2.9,-7.2,0.532,1.09,16.1,0.356,0.673,0.521,0.202,0.584,0.626,114.8,113.5,94.58,114,0.491
0022200337,2022-12-03,1610612752,New York Knicks,1,0,1,0.0,48.0,97.7,99.0,117.3,117.5,-19.6,-18.5,0.514,0.9,14.1,0.191,0.712,0.481,0.198,0.519,0.56,102.7,102.0,85.0,101,0.422
0022200341,2022-12-03,1610612760,Oklahoma City Thunder,1,1,0,1.0,48.0,116.0,119.5,113.1,112.3,2.9,7.2,0.542,1.24,16.8,0.327,0.644,0.479,0.186,0.575,0.623,114.8,113.5,94.58,113,0.509
0022200340,2022-12-03,1610612753,Orlando Magic,1,0,1,0.0,48.0,107.5,109.1,121.0,123.5,-13.5,-14.4,0.605,1.44,17.4,0.244,0.65,0.444,0.162,0.558,0.604,100.2,98.5,82.08,99,0.423
0022200343,2022-12-03,1610612757,Portland Trail Blazers,1,1,0,1.0,48.0,116.4,117.2,111.8,112.1,4.7,5.1,0.463,1.46,14.5,0.265,0.776,0.52,0.131,0.541,0.588,99.5,99.0,82.5,99,0.523
0022200338,2022-12-03,1610612758,Sacramento Kings,1,1,0,1.0,48.0,119.2,121.8,91.0,95.0,28.1,26.7,0.674,3.44,21.8,0.204,0.629,0.441,0.089,0.579,0.602,104.3,101.0,84.17,101,0.701
0022200340,2022-12-03,1610612761,Toronto Raptors,1,1,0,1.0,48.0,121.0,123.5,107.5,109.1,13.5,14.4,0.66,1.82,21.7,0.35,0.756,0.556,0.173,0.613,0.637,100.2,98.5,82.08,98,0.577
0022200343,2022-12-03,1610612762,Utah Jazz,1,0,1,0.0,48.0,111.8,112.1,116.4,117.2,-4.7,-5.1,0.526,1.54,15.5,0.224,0.735,0.48,0.131,0.53,0.576,99.5,99.0,82.5,99,0.477
0022200346,2022-12-04,1610612738,Boston Celtics,1,1,0,1.0,48.0,104.3,105.1,94.2,95.8,10.1,9.3,0.514,1.06,14.2,0.255,0.759,0.525,0.173,0.525,0.573,98.2,97.0,80.83,98,0.587
0022200346,2022-12-04,1610612751,Brooklyn Nets,1,0,1,0.0,48.0,94.2,95.8,104.3,105.1,-10.1,-9.3,0.5,1.13,13.5,0.241,0.745,0.475,0.156,0.458,0.491,98.2,97.0,80.83,96,0.413
0022200350,2022-12-04,1610612741,Chicago Bulls,1,0,1,0.0,48.0,97.7,98.1,101.5,106.8,-3.8,-8.7,0.447,1.06,13.3,0.16,0.766,0.454,0.155,0.494,0.535,105.9,103.0,85.83,103,0.426
0022200348,2022-12-04,1610612739,Cleveland Cavaliers,1,0,1,0.0,48.0,78.8,81.8,90.0,92.9,-11.2,-11.1,0.586,0.89,13.1,0.25,0.642,0.44,0.192,0.398,0.441,102.5,99.0,82.5,99,0.412
0022200344,2022-12-04,1610612743,Denver Nuggets,1,0,1,0.0,48.0,104.4,106.0,118.8,119.8,-14.4,-13.8,0.585,1.26,17.8,0.279,0.848,0.573,0.19,0.556,0.579,101.7,100.5,83.75,100,0.432
0022200347,2022-12-04,1610612765,Detroit Pistons,1,0,1,0.0,48.0,107.5,108.7,114.3,119.6,-6.8,-10.9,0.703,1.73,18.3,0.26,0.686,0.475,0.146,0.518,0.576,105.5,102.5,85.42,103,0.458
0022200351,2022-12-04,1610612754,Indiana Pacers,1,0,1,0.0,48.0,100.7,102.0,116.4,117.2,-15.6,-15.1,0.55,1.47,16.5,0.269,0.702,0.475,0.153,0.495,0.519,99.5,98.5,82.08,98,0.416
0022200349,2022-12-04,1610612747,Los Angeles Lakers,1,1,0,1.0,48.0,116.4,121.5,107.6,110.2,8.8,11.3,0.654,2.27,22.2,0.25,0.741,0.519,0.14,0.594,0.615,111.1,107.5,89.58,107,0.576
0022200347,2022-12-04,1610612763,Memphis Grizzlies,1,1,0,1.0,48.0,114.3,119.6,107.5,108.7,6.8,10.9,0.651,2.0,19.2,0.314,0.74,0.525,0.137,0.549,0.582,105.5,102.5,85.42,102,0.542
0022200344,2022-12-04,1610612740,New Orleans Pelicans,1,1,0,1.0,48.0,118.8,119.8,104.4,106.0,14.4,13.8,0.707,2.64,21.2,0.152,0.721,0.427,0.109,0.574,0.625,101.7,100.5,83.75,101,0.568
0022200348,2022-12-04,1610612752,New York Knicks,1,1,0,1.0,48.0,90.0,92.9,78.8,81.8,11.2,11.1,0.486,0.81,12.6,0.358,0.75,0.56,0.212,0.436,0.483,102.5,99.0,82.5,99,0.588
0022200345,2022-12-04,1610612756,Phoenix Suns,1,1,0,1.0,48.0,133.3,134.3,93.2,96.0,40.1,38.4,0.776,3.45,24.8,0.354,0.68,0.52,0.111,0.622,0.647,100.9,99.0,82.5,99,0.703
0022200351,2022-12-04,1610612757,Portland Trail Blazers,1,1,0,1.0,48.0,116.4,117.2,100.7,102.0,15.6,15.1,0.762,2.13,22.2,0.298,0.731,0.525,0.152,0.587,0.606,99.5,98.5,82.08,99,0.584
0022200350,2022-12-04,1610612758,Sacramento Kings,1,1,0,1.0,48.0,101.5,106.8,97.7,98.1,3.8,8.7,0.75,1.58,21.0,0.234,0.84,0.546,0.184,0.541,0.583,105.9,103.0,85.83,103,0.574
0022200345,2022-12-04,1610612759,San Antonio Spurs,1,0,1,0.0,48.0,93.2,96.0,133.3,134.3,-40.1,-38.4,0.5,1.0,14.3,0.32,0.646,0.48,0.192,0.471,0.5,100.9,99.0,82.5,99,0.297
0022200349,2022-12-04,1610612764,Washington Wizards,1,0,1,0.0,48.0,107.6,110.2,116.4,121.5,-8.8,-11.3,0.49,2.4,16.3,0.259,0.75,0.481,0.093,0.514,0.533,111.1,107.5,89.58,108,0.424
0022200354,2022-12-05,1610612737,Atlanta Hawks,1,0,1,0.0,48.0,103.2,104.6,112.5,112.0,-9.3,-7.4,0.545,1.33,15.7,0.356,0.712,0.523,0.165,0.495,0.521,109.0,108.5,90.42,109,0.446
0022200355,2022-12-05,1610612738,Boston Celtics,1,1,0,1.0,48.0,119.3,118.4,110.9,112.2,8.4,6.1,0.614,2.45,19.6,0.265,0.706,0.49,0.112,0.561,0.584,98.2,98.0,81.67,98,0.544
0022200352,2022-12-05,1610612766,Charlotte Hornets,1,0,1,0.0,48.0,115.3,119.4,117.5,120.2,-2.2,-0.8,0.617,2.9,20.4,0.296,0.673,0.481,0.102,0.541,0.555,101.4,98.5,82.08,98,0.507
0022200358,2022-12-05,1610612742,Dallas Mavericks,1,1,0,1.0,48.0,132.1,135.4,108.4,113.3,23.7,22.2,0.523,1.77,17.7,0.275,0.611,0.468,0.135,0.643,0.681,100.4,97.0,80.83,96,0.561
0022200359,2022-12-05,1610612744,Golden State Warriors,1,0,1,0.0,48.0,101.6,104.0,103.8,112.0,-2.2,-8.0,0.684,2.17,18.3,0.267,0.692,0.464,0.12,0.473,0.508,105.1,100.0,83.33,100,0.472
0022200356,2022-12-05,1610612745,Houston Rockets,1,1,0,1.0,58.0,111.5,118.9,110.0,110.8,1.5,8.1,0.452,0.9,12.3,0.464,0.717,0.587,0.189,0.521,0.582,95.3,91.86,76.55,111,0.534
0022200359,2022-12-05,1610612754,Indiana Pacers,1,1,0,1.0,48.0,103.8,112.0,101.6,104.0,2.2,8.0,0.605,1.53,18.3,0.308,0.733,0.536,0.17,0.561,0.572,105.1,100.0,83.33,100,0.528
0022200352,2022-12-05,1610612746,LA Clippers,1,1,0,1.0,48.0,117.5,120.2,115.3,119.4,2.2,0.8,0.667,2.5,20.8,0.327,0.704,0.519,0.121,0.565,0.582,101.4,98.5,82.08,99,0.493
0022200357,2022-12-05,1610612763,Memphis Grizzlies,1,1,0,1.0,48.0,99.1,106.3,96.2,96.9,2.9,9.4,0.548,1.92,18.0,0.208,0.76,0.49,0.126,0.511,0.537,99.3,95.5,79.58,95,0.547
0022200357,2022-12-05,1610612748,Miami Heat,1,0,1,0.0,48.0,96.2,96.9,99.1,106.3,-2.9,-9.4,0.742,1.35,17.6,0.24,0.792,0.51,0.177,0.481,0.524,99.3,95.5,79.58,96,0.453
0022200353,2022-12-05,1610612749,Milwaukee Bucks,1,1,0,1.0,48.0,102.4,104.8,97.4,100.0,5.0,4.8,0.816,1.82,21.2,0.208,0.7,0.469,0.163,0.524,0.565,105.6,103.0,85.83,104,0.557
0022200354,2022-12-05,1610612760,Oklahoma City Thunder,1,1,0,1.0,48.0,112.5,112.0,103.2,104.6,9.3,7.4,0.581,1.56,16.9,0.288,0.644,0.477,0.148,0.516,0.573,109.0,108.5,90.42,108,0.554
0022200353,2022-12-05,1610612753,Orlando Magic,1,0,1,0.0,48.0,97.4,100.0,102.4,104.8,-5.0,-4.8,0.618,1.5,14.9,0.3,0.792,0.531,0.137,0.409,0.482,105.6,103.0,85.83,102,0.443
0022200356,2022-12-05,1610612755,Philadelphia 76ers,1,0,1,0.0,58.0,110.0,110.8,111.5,118.9,-1.5,-8.1,0.59,1.15,15.4,0.283,0.536,0.413,0.18,0.546,0.598,95.3,91.86,76.55,111,0.466
0022200358,2022-12-05,1610612756,Phoenix Suns,1,0,1,0.0,48.0,108.4,113.3,132.1,135.4,-23.7,-22.2,0.7,2.15,19.2,0.389,0.725,0.532,0.133,0.511,0.542,100.4,97.0,80.83,98,0.439
0022200355,2022-12-05,1610612761,Toronto Raptors,1,0,1,0.0,48.0,110.9,112.2,119.3,118.4,-8.4,-6.1,0.487,1.46,14.4,0.294,0.735,0.51,0.133,0.518,0.56,98.2,98.0,81.67,98,0.456
0022200360,2022-12-06,1610612739,Cleveland Cavaliers,1,1,0,1.0,48.0,116.6,117.2,100.4,103.0,16.2,14.1,0.521,3.13,18.5,0.267,0.685,0.495,0.081,0.554,0.577,100.5,99.0,82.5,99,0.601
0022200362,2022-12-06,1610612742,Dallas Mavericks,1,1,0,1.0,48.0,117.6,118.4,115.8,117.3,1.8,1.0,0.75,1.59,20.5,0.184,0.762,0.488,0.173,0.618,0.677,99.0,98.0,81.67,98,0.503
0022200362,2022-12-06,1610612743,Denver Nuggets,1,0,1,0.0,48.0,115.8,117.3,117.6,118.4,-1.8,-1.0,0.75,1.76,22.1,0.238,0.816,0.513,0.173,0.596,0.637,99.0,98.0,81.67,98,0.497
0022200361,2022-12-06,1610612765,Detroit Pistons,1,1,0,1.0,48.0,118.9,122.1,99.5,100.0,19.3,22.1,0.628,2.08,20.1,0.261,0.761,0.511,0.137,0.603,0.62,97.0,95.5,79.58,95,0.583
0022200360,2022-12-06,1610612747,Los Angeles Lakers,1,0,1,0.0,48.0,100.4,103.0,116.6,117.2,-16.2,-14.1,0.421,1.0,12.1,0.315,0.733,0.505,0.162,0.461,0.512,100.5,99.0,82.5,99,0.399
0022200361,2022-12-06,1610612748,Miami Heat,1,0,1,0.0,48.0,99.5,100.0,118.9,122.1,-19.3,-22.1,0.636,1.4,16.4,0.239,0.739,0.489,0.156,0.494,0.543,97.0,95.5,79.58,96,0.417
0022200365,2022-12-07,1610612737,Atlanta Hawks,1,0,1,0.0,48.0,93.1,95.7,119.5,120.2,-26.4,-24.5,0.5,1.45,13.0,0.241,0.667,0.434,0.118,0.412,0.466,95.1,93.5,77.92,93,0.352
0022200373,2022-12-07,1610612738,Boston Celtics,1,1,0,1.0,48.0,115.0,117.9,92.1,92.5,22.8,25.5,0.592,2.23,19.3,0.283,0.724,0.514,0.123,0.564,0.586,107.5,106.0,88.33,106,0.642
0022200364,2022-12-07,1610612751,Brooklyn Nets,1,1,0,1.0,48.0,123.2,125.8,117.0,119.6,6.2,6.2,0.673,3.0,24.1,0.205,0.739,0.494,0.113,0.64,0.656,99.1,97.0,80.83,97,0.557
0022200364,2022-12-07,1610612766,Charlotte Hornets,1,0,1,0.0,48.0,117.0,119.6,123.2,125.8,-6.2,-6.2,0.532,2.27,18.7,0.261,0.795,0.506,0.113,0.591,0.591,99.1,97.0,80.83,97,0.443
0022200367,2022-12-07,1610612741,Chicago Bulls,1,1,0,1.0,48.0,104.1,107.5,102.1,104.7,2.0,2.8,0.644,1.53,20.0,0.239,0.783,0.511,0.178,0.556,0.59,109.6,106.5,88.75,107,0.529
0022200371,2022-12-07,1610612765,Detroit Pistons,1,0,1,0.0,48.0,96.0,98.0,99.9,105.1,-3.8,-7.1,0.486,1.31,13.3,0.228,0.714,0.453,0.13,0.472,0.505,103.1,99.5,82.92,100,0.413
0022200372,2022-12-07,1610612744,Golden State Warriors,1,0,1,0.0,48.0,112.8,118.3,120.1,120.4,-7.3,-2.1,0.578,1.86,17.6,0.364,0.732,0.521,0.135,0.531,0.564,106.1,103.5,86.25,104,0.469
0022200370,2022-12-07,1610612754,Indiana Pacers,1,0,1,0.0,48.0,107.9,109.5,108.2,114.2,-0.2,-4.6,0.564,1.16,16.4,0.156,0.551,0.362,0.181,0.599,0.628,109.2,105.5,87.92,105,0.461
0022200363,2022-12-07,1610612746,LA Clippers,1,0,1,0.0,53.0,104.3,106.7,109.8,112.6,-5.5,-5.9,0.667,1.53,17.2,0.371,0.667,0.513,0.163,0.489,0.521,96.0,93.74,78.11,104,0.472
0022200366,2022-12-07,1610612747,Los Angeles Lakers,1,0,1,0.0,48.0,105.2,105.6,114.0,116.7,-8.8,-11.1,0.432,1.07,11.9,0.235,0.629,0.451,0.14,0.466,0.552,109.0,107.5,89.58,107,0.45
0022200368,2022-12-07,1610612763,Memphis Grizzlies,1,1,0,1.0,48.0,113.8,117.1,95.2,97.1,18.6,20.0,0.667,1.88,21.3,0.271,0.689,0.505,0.162,0.585,0.609,107.6,105.0,87.5,105,0.616
0022200369,2022-12-07,1610612749,Milwaukee Bucks,1,1,0,1.0,48.0,130.5,131.3,115.3,117.7,15.2,13.5,0.739,4.86,22.7,0.377,0.796,0.578,0.073,0.552,0.591,97.3,96.0,80.0,96,0.569
0022200370,2022-12-07,1610612750,Minnesota Timberwolves,1,1,0,1.0,48.0,108.2,114.2,107.9,109.5,0.2,4.6,0.568,1.09,16.3,0.449,0.844,0.638,0.217,0.516,0.577,109.2,105.5,87.92,106,0.539
0022200371,2022-12-07,1610612740,New Orleans Pelicans,1,1,0,1.0,48.0,99.9,105.1,96.0,98.0,3.8,7.1,0.538,1.11,15.7,0.286,0.772,0.547,0.192,0.506,0.547,103.1,99.5,82.92,99,0.587
0022200365,2022-12-07,1610612752,New York Knicks,1,1,0,1.0,48.0,119.5,120.2,93.1,95.7,26.4,24.5,0.703,1.86,19.1,0.333,0.759,0.566,0.149,0.548,0.604,95.1,93.5,77.92,94,0.648
0022200368,2022-12-07,1610612760,Oklahoma City Thunder,1,0,1,0.0,48.0,95.2,97.1,113.8,117.1,-18.6,-20.0,0.735,1.32,16.9,0.311,0.729,0.495,0.181,0.446,0.499,107.6,105.0,87.5,105,0.384
0022200363,2022-12-07,1610612753,Orlando Magic,1,1,0,1.0,53.0,109.8,112.6,104.3,106.7,5.5,5.9,0.5,1.54,14.1,0.333,0.629,0.487,0.126,0.463,0.534,96.0,93.74,78.11,103,0.528
0022200373,2022-12-07,1610612756,Phoenix Suns,1,0,1,0.0,48.0,92.1,92.5,115.0,117.9,-22.8,-25.5,0.514,1.06,13.6,0.276,0.717,0.486,0.17,0.441,0.483,107.5,106.0,88.33,106,0.358
0022200369,2022-12-07,1610612758,Sacramento Kings,1,0,1,0.0,48.0,115.3,117.7,130.5,131.3,-15.2,-13.5,0.442,2.38,15.2,0.204,0.623,0.422,0.083,0.538,0.576,97.3,96.0,80.0,96,0.431
0022200366,2022-12-07,1610612761,Toronto Raptors,1,1,0,1.0,48.0,114.0,116.7,105.2,105.6,8.8,11.1,0.532,2.27,16.0,0.371,0.765,0.549,0.102,0.5,0.54,109.0,107.5,89.58,108,0.55
0022200372,2022-12-07,1610612762,Utah Jazz,1,1,0,1.0,48.0,120.1,120.4,112.8,118.3,7.3,2.1,0.565,1.53,18.6,0.268,0.636,0.479,0.165,0.622,0.651,106.1,103.5,86.25,103,0.531
0022200367,2022-12-07,1610612764,Washington Wizards,1,0,1,0.0,48.0,102.1,104.7,104.1,107.5,-2.0,-2.8,0.537,1.22,16.1,0.217,0.761,0.489,0.17,0.542,0.574,109.6,106.5,88.75,106,0.471
0022200376,2022-12-08,1610612743,Denver Nuggets,1,1,0,1.0,48.0,120.2,124.7,122.4,122.4,-2.2,2.3,0.596,1.75,19.6,0.383,0.681,0.532,0.165,0.582,0.601,99.4,97.5,81.25,97,0.503
0022200375,2022-12-08,1610612745,Houston Rockets,1,0,1,0.0,48.0,106.2,110.1,118.5,120.4,-12.2,-10.3,0.523,1.64,16.3,0.368,0.763,0.526,0.141,0.5,0.521,101.1,98.5,82.08,99,0.419
0022200374,2022-12-08,1610612746,LA Clippers,1,0,1,0.0,48.0,112.0,113.4,118.4,118.6,-6.4,-5.2,0.649,1.5,18.5,0.2,0.822,0.511,0.165,0.569,0.616,97.7,97.0,80.83,97,0.468
0022200374,2022-12-08,1610612748,Miami Heat,1,1,0,1.0,48.0,118.4,118.6,112.0,113.4,6.4,5.2,0.522,3.0,18.6,0.178,0.8,0.489,0.082,0.578,0.598,97.7,97.0,80.83,97,0.532
0022200376,2022-12-08,1610612757,Portland Trail Blazers,1,0,1,0.0,48.0,122.4,122.4,120.2,124.7,2.2,-2.3,0.682,2.31,21.1,0.319,0.617,0.468,0.133,0.571,0.612,99.4,97.5,81.25,98,0.497
0022200375,2022-12-08,1610612759,San Antonio Spurs,1,1,0,1.0,48.0,118.5,120.4,106.2,110.1,12.2,10.3,0.543,1.47,18.9,0.237,0.632,0.474,0.173,0.633,0.658,101.1,98.5,82.08,98,0.581
0022200380,2022-12-09,1610612737,Atlanta Hawks,1,0,1,0.0,48.0,109.4,112.6,115.1,116.5,-5.7,-3.9,0.457,1.17,15.1,0.34,0.692,0.5,0.175,0.548,0.58,105.1,103.0,85.83,103,0.46
0022200380,2022-12-09,1610612751,Brooklyn Nets,1,1,0,1.0,48.0,115.1,116.5,109.4,112.6,5.7,3.9,0.667,1.43,20.8,0.308,0.66,0.5,0.204,0.62,0.65,105.1,103.0,85.83,103,0.54
0022200377,2022-12-09,1610612766,Charlotte Hornets,1,0,1,0.0,48.0,104.8,103.0,116.1,124.7,-11.3,-21.7,0.432,1.23,12.5,0.28,0.589,0.443,0.131,0.476,0.529,100.8,98.0,81.67,99,0.421
0022200381,2022-12-09,1610612739,Cleveland Cavaliers,1,0,1,0.0,48.0,94.4,97.9,112.7,110.4,-18.3,-12.5,0.588,1.0,15.5,0.298,0.861,0.542,0.206,0.494,0.536,97.4,96.5,80.42,97,0.406
0022200386,2022-12-09,1610612742,Dallas Mavericks,1,0,1,0.0,48.0,107.6,107.1,104.8,110.4,2.8,-3.3,0.512,1.91,15.8,0.263,0.667,0.454,0.112,0.54,0.533,99.3,97.0,80.83,98,0.464
0022200383,2022-12-09,1610612765,Detroit Pistons,1,0,1,0.0,48.0,95.5,98.1,106.5,108.6,-11.0,-10.5,0.639,1.21,16.0,0.304,0.702,0.504,0.181,0.461,0.505,107.5,105.0,87.5,105,0.387
0022200378,2022-12-09,1610612754,Indiana Pacers,1,1,0,1.0,48.0,130.4,131.5,123.3,122.0,7.1,9.5,0.535,1.92,17.4,0.409,0.683,0.541,0.13,0.612,0.645,91.4,91.5,76.25,92,0.517
0022200382,2022-12-09,1610612747,Los Angeles Lakers,1,0,1,0.0,53.0,105.9,108.0,115.0,116.7,-9.1,-8.7,0.659,1.38,19.0,0.229,0.721,0.462,0.186,0.563,0.603,104.5,102.79,85.66,113,0.466
0022200383,2022-12-09,1610612763,Memphis Grizzlies,1,1,0,1.0,48.0,106.5,108.6,95.5,98.1,11.0,10.5,0.682,2.14,19.7,0.298,0.696,0.496,0.133,0.533,0.542,107.5,105.0,87.5,105,0.613
0022200386,2022-12-09,1610612749,Milwaukee Bucks,1,1,0,1.0,48.0,104.8,110.4,107.6,107.1,-2.8,3.3,0.711,1.59,19.3,0.333,0.737,0.546,0.177,0.5,0.546,99.3,97.0,80.83,96,0.536
0022200385,2022-12-09,1610612750,Minnesota Timberwolves,1,1,0,1.0,48.0,116.3,118.0,108.5,108.0,7.8,10.0,0.714,1.76,21.6,0.256,0.774,0.554,0.17,0.62,0.652,100.5,100.0,83.33,100,0.581
0022200384,2022-12-09,1610612740,New Orleans Pelicans,1,1,0,1.0,48.0,123.8,128.0,116.2,117.0,7.6,11.0,0.587,2.45,18.8,0.354,0.727,0.533,0.11,0.556,0.607,102.1,100.0,83.33,100,0.561
0022200377,2022-12-09,1610612752,New York Knicks,1,1,0,1.0,48.0,116.1,124.7,104.8,103.0,11.3,21.7,0.61,1.79,17.2,0.411,0.72,0.557,0.144,0.511,0.57,100.8,98.0,81.67,97,0.579
0022200379,2022-12-09,1610612753,Orlando Magic,1,1,0,1.0,48.0,116.2,116.5,109.5,111.2,6.7,5.3,0.571,1.2,19.2,0.133,0.784,0.543,0.206,0.662,0.704,98.4,97.5,81.25,97,0.526
0022200382,2022-12-09,1610612755,Philadelphia 76ers,1,1,0,1.0,53.0,115.0,116.7,105.9,108.0,9.1,8.7,0.625,1.3,19.4,0.279,0.771,0.538,0.202,0.633,0.667,104.5,102.79,85.66,114,0.534
0022200384,2022-12-09,1610612756,Phoenix Suns,1,0,1,0.0,48.0,116.2,117.0,123.8,128.0,-7.6,-11.0,0.698,1.76,21.3,0.273,0.646,0.467,0.17,0.628,0.638,102.1,100.0,83.33,100,0.439
0022200381,2022-12-09,1610612758,Sacramento Kings,1,1,0,1.0,48.0,112.7,110.4,94.4,97.9,18.3,12.5,0.6,1.11,17.2,0.139,0.702,0.458,0.198,0.652,0.662,97.4,96.5,80.42,96,0.594
0022200379,2022-12-09,1610612761,Toronto Raptors,1,0,1,0.0,48.0,109.5,111.2,116.2,116.5,-6.7,-5.3,0.639,3.29,17.7,0.216,0.867,0.457,0.071,0.482,0.548,98.4,97.5,81.25,98,0.474
0022200385,2022-12-09,1610612762,Utah Jazz,1,0,1,0.0,48.0,108.5,108.0,116.3,118.0,-7.8,-10.0,0.564,2.0,16.4,0.226,0.744,0.446,0.11,0.506,0.537,100.5,100.0,83.33,100,0.419
0022200378,2022-12-09,1610612764,Washington Wizards,1,0,1,0.0,48.0,123.3,122.0,130.4,131.5,-7.1,-9.5,0.61,1.79,19.4,0.317,0.591,0.459,0.154,0.597,0.631,91.4,91.5,76.25,91,0.483
0022200392,2022-12-10,1610612738,Boston Celtics,1,0,1,0.0,48.0,104.5,102.9,117.4,119.4,-12.9,-16.5,0.447,1.7,13.2,0.157,0.723,0.429,0.096,0.506,0.543,103.6,103.5,86.25,104,0.434
0022200388,2022-12-10,1610612751,Brooklyn Nets,1,1,0,1.0,48.0,131.9,129.5,123.7,126.7,8.3,2.9,0.365,1.06,12.4,0.547,0.756,0.638,0.171,0.565,0.596,105.3,105.0,87.5,105,0.495
0022200391,2022-12-10,1610612741,Chicago Bulls,1,1,0,1.0,48.0,141.8,144.0,113.4,112.7,28.4,31.3,0.611,3.3,23.9,0.143,0.82,0.541,0.1,0.747,0.753,101.5,101.0,84.17,100,0.62
0022200390,2022-12-10,1610612739,Cleveland Cavaliers,1,1,0,1.0,48.0,112.9,115.8,106.5,106.3,6.4,9.5,0.625,1.92,18.5,0.3,0.787,0.536,0.137,0.541,0.57,96.6,95.5,79.58,95,0.543
0022200391,2022-12-10,1610612742,Dallas Mavericks,1,0,1,0.0,48.0,113.4,112.7,141.8,144.0,-28.4,-31.3,0.585,3.0,17.8,0.18,0.857,0.459,0.078,0.517,0.567,101.5,101.0,84.17,102,0.38
0022200393,2022-12-10,1610612743,Denver Nuggets,1,1,0,1.0,48.0,119.7,119.8,112.0,113.4,7.8,6.4,0.596,3.11,21.4,0.171,0.755,0.489,0.094,0.593,0.618,97.1,96.5,80.42,96,0.569
0022200392,2022-12-10,1610612744,Golden State Warriors,1,1,0,1.0,48.0,117.4,119.4,104.5,102.9,12.9,16.5,0.553,1.73,18.3,0.277,0.843,0.571,0.146,0.582,0.61,103.6,103.5,86.25,103,0.566
0022200388,2022-12-10,1610612754,Indiana Pacers,1,0,1,0.0,48.0,123.7,126.7,131.9,129.5,-8.3,-2.9,0.638,1.58,20.7,0.244,0.453,0.362,0.181,0.676,0.696,105.3,105.0,87.5,105,0.505
0022200389,2022-12-10,1610612746,LA Clippers,1,1,0,1.0,48.0,111.7,112.9,106.6,107.0,5.1,5.9,0.55,2.2,16.3,0.218,0.776,0.481,0.099,0.527,0.564,101.2,100.5,83.75,101,0.496
0022200387,2022-12-10,1610612748,Miami Heat,1,0,1,0.0,48.0,112.9,115.6,114.3,119.8,-1.4,-4.2,0.667,2.6,20.0,0.17,0.659,0.398,0.104,0.562,0.595,99.5,96.0,80.0,96,0.456
0022200394,2022-12-10,1610612750,Minnesota Timberwolves,1,0,1,0.0,48.0,115.1,119.2,123.6,125.3,-8.5,-6.1,0.489,1.69,17.2,0.167,0.643,0.405,0.131,0.602,0.631,101.4,99.0,82.5,99,0.484
0022200390,2022-12-10,1610612760,Oklahoma City Thunder,1,0,1,0.0,48.0,106.5,106.3,112.9,115.8,-6.4,-9.5,0.658,2.27,19.2,0.213,0.7,0.464,0.115,0.518,0.556,96.6,95.5,79.58,96,0.457
0022200394,2022-12-10,1610612757,Portland Trail Blazers,1,1,0,1.0,48.0,123.6,125.3,115.1,119.2,8.5,6.1,0.465,1.25,14.9,0.357,0.833,0.595,0.162,0.596,0.65,101.4,99.0,82.5,99,0.516
0022200387,2022-12-10,1610612759,San Antonio Spurs,1,1,0,1.0,48.0,114.3,119.8,112.9,115.6,1.4,4.2,0.571,1.33,17.9,0.341,0.83,0.602,0.188,0.583,0.627,99.5,96.0,80.0,96,0.544
0022200393,2022-12-10,1610612762,Utah Jazz,1,0,1,0.0,48.0,112.0,113.4,119.7,119.8,-7.8,-6.4,0.513,1.43,15.7,0.245,0.829,0.511,0.144,0.547,0.584,97.1,96.5,80.42,97,0.431
0022200389,2022-12-10,1610612764,Washington Wizards,1,0,1,0.0,48.0,106.6,107.0,111.7,112.9,-5.1,-5.9,0.649,1.6,17.8,0.224,0.782,0.519,0.15,0.529,0.573,101.2,100.5,83.75,100,0.504
0022200400,2022-12-11,1610612737,Atlanta Hawks,1,1,0,1.0,53.0,107.7,108.8,105.1,108.9,2.6,-0.1,0.596,1.87,18.4,0.208,0.696,0.459,0.133,0.546,0.573,104.3,101.89,84.91,113,0.478
0022200399,2022-12-11,1610612766,Charlotte Hornets,1,0,1,0.0,48.0,105.4,110.8,125.9,129.7,-20.5,-18.9,0.553,1.31,14.5,0.386,0.732,0.531,0.157,0.468,0.532,105.6,101.5,84.58,102,0.409
0022200400,2022-12-11,1610612741,Chicago Bulls,1,0,1,0.0,53.0,105.1,108.9,107.7,108.8,-2.6,0.1,0.583,1.47,17.9,0.304,0.792,0.541,0.17,0.515,0.554,104.3,101.89,84.91,112,0.522
0022200396,2022-12-11,1610612765,Detroit Pistons,1,0,1,0.0,48.0,114.2,115.8,122.9,125.3,-8.7,-9.4,0.651,2.33,19.7,0.275,0.825,0.516,0.119,0.554,0.582,101.7,100.0,83.33,101,0.441
0022200401,2022-12-11,1610612745,Houston Rockets,1,1,0,1.0,48.0,98.7,99.0,91.2,93.9,7.5,5.1,0.575,1.92,17.2,0.25,0.717,0.5,0.122,0.473,0.504,99.6,98.0,81.67,98,0.568
0022200396,2022-12-11,1610612747,Los Angeles Lakers,1,1,0,1.0,48.0,122.9,125.3,114.2,115.8,8.7,9.4,0.674,2.82,22.6,0.175,0.725,0.484,0.111,0.613,0.647,101.7,100.0,83.33,99,0.559
0022200401,2022-12-11,1610612749,Milwaukee Bucks,1,0,1,0.0,48.0,91.2,93.9,98.7,99.0,-7.5,-5.1,0.545,1.13,13.5,0.283,0.75,0.5,0.163,0.433,0.47,99.6,98.0,81.67,98,0.432
0022200395,2022-12-11,1610612740,New Orleans Pelicans,1,1,0,1.0,53.0,119.1,121.7,114.3,118.1,4.8,3.6,0.62,1.82,21.1,0.275,0.61,0.475,0.16,0.628,0.656,98.2,95.55,79.62,106,0.553
0022200397,2022-12-11,1610612752,New York Knicks,1,1,0,1.0,48.0,108.9,107.7,94.8,97.1,14.0,10.6,0.475,1.12,13.6,0.34,0.764,0.562,0.163,0.494,0.555,103.6,103.0,85.83,104,0.613
0022200398,2022-12-11,1610612753,Orlando Magic,1,1,0,1.0,48.0,113.7,120.7,105.6,106.5,8.0,14.2,0.694,1.39,18.5,0.409,0.771,0.598,0.196,0.558,0.612,95.7,92.5,77.08,92,0.551
0022200399,2022-12-11,1610612755,Philadelphia 76ers,1,1,0,1.0,48.0,125.9,129.7,105.4,110.8,20.5,18.9,0.674,1.94,21.7,0.268,0.614,0.469,0.158,0.633,0.675,105.6,101.5,84.58,101,0.591
0022200395,2022-12-11,1610612756,Phoenix Suns,1,0,1,0.0,53.0,114.3,118.1,119.1,121.7,-4.8,-3.6,0.694,2.27,21.0,0.39,0.725,0.525,0.143,0.529,0.551,98.2,95.55,79.62,105,0.447
0022200397,2022-12-11,1610612758,Sacramento Kings,1,0,1,0.0,48.0,94.8,97.1,108.9,107.7,-14.0,-10.6,0.606,1.18,14.8,0.236,0.66,0.438,0.167,0.458,0.503,103.6,103.0,85.83,102,0.387
0022200398,2022-12-11,1610612761,Toronto Raptors,1,0,1,0.0,48.0,105.6,106.5,113.7,120.7,-8.0,-14.2,0.6,2.0,14.8,0.229,0.591,0.402,0.097,0.44,0.54,95.7,92.5,77.08,93,0.449
0022200404,2022-12-12,1610612737,Atlanta Hawks,1,0,1,0.0,48.0,93.9,100.0,117.5,123.1,-23.6,-23.1,0.541,1.25,13.3,0.375,0.6,0.449,0.155,0.413,0.453,109.3,103.5,86.25,103,0.289
0022200408,2022-12-12,1610612738,Boston Celtics,1,0,1,0.0,48.0,95.4,94.9,115.0,115.3,-19.6,-20.4,0.818,1.8,20.5,0.149,0.714,0.438,0.153,0.493,0.532,97.8,98.0,81.67,98,0.454
0022200403,2022-12-12,1610612751,Brooklyn Nets,1,1,0,1.0,48.0,108.8,112.0,97.4,98.0,11.4,14.0,0.568,1.92,18.8,0.174,0.778,0.473,0.13,0.539,0.578,102.8,101.0,84.17,100,0.558
0022200406,2022-12-12,1610612739,Cleveland Cavaliers,1,0,1,0.0,48.0,111.6,113.3,114.2,115.5,-2.7,-2.2,0.467,1.4,15.3,0.404,0.623,0.52,0.153,0.516,0.558,98.8,97.5,81.25,98,0.527
0022200405,2022-12-12,1610612742,Dallas Mavericks,1,1,0,1.0,48.0,118.6,121.0,113.7,115.2,4.9,5.8,0.615,1.71,16.8,0.364,0.761,0.545,0.14,0.538,0.582,101.1,99.5,82.92,100,0.518
0022200402,2022-12-12,1610612754,Indiana Pacers,1,0,1,0.0,48.0,83.8,87.2,90.7,93.5,-6.9,-6.3,0.571,0.89,12.8,0.273,0.755,0.509,0.191,0.424,0.467,96.9,93.5,77.92,94,0.441
0022200408,2022-12-12,1610612746,LA Clippers,1,1,0,1.0,48.0,115.0,115.3,95.4,94.9,19.6,20.4,0.409,1.8,13.8,0.286,0.851,0.563,0.102,0.544,0.569,97.8,98.0,81.67,98,0.546
0022200404,2022-12-12,1610612763,Memphis Grizzlies,1,1,0,1.0,48.0,117.5,123.1,93.9,100.0,23.6,23.1,0.72,1.57,23.4,0.4,0.625,0.551,0.221,0.681,0.704,109.3,103.5,86.25,104,0.711
0022200402,2022-12-12,1610612748,Miami Heat,1,1,0,1.0,48.0,90.7,93.5,83.8,87.2,6.9,6.3,0.719,1.64,17.8,0.245,0.727,0.491,0.151,0.44,0.478,96.9,93.5,77.92,93,0.559
0022200407,2022-12-12,1610612750,Minnesota Timberwolves,1,0,1,0.0,48.0,107.3,105.7,125.2,125.5,-17.9,-19.8,0.543,2.5,18.0,0.154,0.711,0.412,0.094,0.548,0.552,105.3,106.0,88.33,106,0.425
0022200405,2022-12-12,1610612760,Oklahoma City Thunder,1,0,1,0.0,48.0,113.7,115.2,118.6,121.0,-4.9,-5.8,0.5,1.62,16.0,0.239,0.636,0.455,0.131,0.534,0.586,101.1,99.5,82.92,99,0.482
0022200407,2022-12-12,1610612757,Portland Trail Blazers,1,1,0,1.0,48.0,125.2,125.5,107.3,105.7,17.9,19.8,0.667,1.68,21.2,0.289,0.846,0.588,0.179,0.657,0.677,105.3,106.0,88.33,106,0.575
0022200406,2022-12-12,1610612759,San Antonio Spurs,1,1,0,1.0,48.0,114.2,115.5,111.6,113.3,2.7,2.2,0.543,1.92,17.7,0.377,0.596,0.48,0.134,0.521,0.538,98.8,97.5,81.25,97,0.473
0022200403,2022-12-12,1610612764,Washington Wizards,1,0,1,0.0,48.0,97.4,98.0,108.8,112.0,-11.4,-14.0,0.568,1.05,15.8,0.222,0.826,0.527,0.196,0.538,0.564,102.8,101.0,84.17,102,0.442
0022200413,2022-12-13,1610612738,Boston Celtics,1,1,0,1.0,53.0,108.9,108.9,106.1,106.3,2.8,2.6,0.587,1.93,17.5,0.267,0.808,0.518,0.125,0.534,0.549,101.1,100.98,84.15,112,0.475
0022200410,2022-12-13,1610612744,Golden State Warriors,1,0,1,0.0,48.0,101.5,102.8,119.5,118.5,-18.0,-15.7,0.658,1.39,17.0,0.233,0.692,0.414,0.167,0.505,0.537,108.2,108.0,90.0,108,0.371
0022200411,2022-12-13,1610612745,Houston Rockets,1,1,0,1.0,48.0,108.9,109.9,93.8,97.0,15.0,12.9,0.471,0.7,11.7,0.408,0.704,0.583,0.228,0.494,0.578,102.7,100.5,83.75,101,0.609
0022200413,2022-12-13,1610612747,Los Angeles Lakers,1,0,1,0.0,53.0,106.1,106.3,108.9,108.9,-2.8,-2.6,0.523,1.92,16.0,0.192,0.733,0.482,0.108,0.516,0.556,101.1,100.98,84.15,111,0.525
0022200410,2022-12-13,1610612749,Milwaukee Bucks,1,1,0,1.0,48.0,119.5,118.5,101.5,102.8,18.0,15.7,0.489,0.96,15.5,0.308,0.767,0.586,0.213,0.622,0.666,108.2,108.0,90.0,108,0.629
0022200412,2022-12-13,1610612740,New Orleans Pelicans,1,0,1,0.0,48.0,91.3,95.2,108.7,114.2,-17.4,-18.9,0.676,1.47,16.7,0.328,0.561,0.441,0.162,0.419,0.465,110.4,105.5,87.92,105,0.404
0022200409,2022-12-13,1610612755,Philadelphia 76ers,1,1,0,1.0,48.0,118.4,118.3,98.3,98.1,20.1,20.2,0.791,2.83,23.9,0.093,0.709,0.439,0.115,0.607,0.641,104.3,104.5,87.08,104,0.628
0022200411,2022-12-13,1610612756,Phoenix Suns,1,0,1,0.0,48.0,93.8,97.0,108.9,109.9,-15.0,-12.9,0.667,2.2,15.4,0.296,0.592,0.417,0.1,0.383,0.436,102.7,100.5,83.75,100,0.391
0022200409,2022-12-13,1610612758,Sacramento Kings,1,0,1,0.0,48.0,98.3,98.1,118.4,118.3,-20.1,-20.2,0.553,1.24,14.8,0.291,0.907,0.561,0.162,0.467,0.511,104.3,104.5,87.08,105,0.372
0022200412,2022-12-13,1610612762,Utah Jazz,1,1,0,1.0,48.0,108.7,114.2,91.3,95.2,17.4,18.9,0.633,1.41,19.1,0.439,0.672,0.559,0.208,0.549,0.559,110.4,105.5,87.92,106,0.596
0022200416,2022-12-14,1610612737,Atlanta Hawks,1,0,1,0.0,48.0,121.7,120.4,127.1,132.4,-5.4,-12.0,0.682,2.31,20.7,0.261,0.633,0.453,0.126,0.568,0.621,104.0,102.5,85.42,103,0.466
0022200414,2022-12-14,1610612766,Charlotte Hornets,1,0,1,0.0,53.0,116.8,119.6,125.0,125.9,-8.2,-6.3,0.447,4.2,13.6,0.319,0.722,0.496,0.045,0.487,0.529,103.1,101.43,84.53,112,0.465
0022200418,2022-12-14,1610612741,Chicago Bulls,1,0,1,0.0,53.0,116.9,115.4,121.9,123.1,-5.0,-7.7,0.543,2.08,18.8,0.1,0.62,0.389,0.115,0.601,0.64,94.0,94.19,78.49,104,0.509
0022200421,2022-12-14,1610612739,Cleveland Cavaliers,1,1,0,1.0,48.0,116.2,119.3,97.4,102.3,18.8,17.0,0.634,2.89,21.0,0.263,0.78,0.557,0.102,0.577,0.608,91.4,88.0,73.33,88,0.64
0022200421,2022-12-14,1610612742,Dallas Mavericks,1,0,1,0.0,48.0,97.4,102.3,116.2,119.3,-18.8,-17.0,0.586,1.31,14.7,0.22,0.737,0.443,0.148,0.48,0.527,91.4,88.0,73.33,88,0.36
0022200422,2022-12-14,1610612743,Denver Nuggets,1,1,0,1.0,48.0,127.7,129.4,115.2,116.4,12.5,13.0,0.574,1.63,20.8,0.3,0.833,0.628,0.174,0.675,0.716,110.8,109.5,91.25,109,0.589
0022200414,2022-12-14,1610612765,Detroit Pistons,1,1,0,1.0,53.0,125.0,125.9,116.8,119.6,8.2,6.3,0.521,1.56,16.6,0.278,0.681,0.504,0.143,0.613,0.648,103.1,101.43,84.53,112,0.535
0022200415,2022-12-14,1610612744,Golden State Warriors,1,0,1,0.0,48.0,107.4,110.2,112.6,114.7,-5.2,-4.5,0.675,1.13,18.0,0.326,0.822,0.571,0.222,0.547,0.602,110.9,108.5,90.42,108,0.473
0022200415,2022-12-14,1610612754,Indiana Pacers,1,1,0,1.0,48.0,112.6,114.7,107.4,110.2,5.2,4.5,0.682,1.67,20.5,0.178,0.674,0.429,0.165,0.598,0.638,110.9,108.5,90.42,109,0.527
0022200423,2022-12-14,1610612746,LA Clippers,1,1,0,1.0,48.0,99.8,100.0,90.5,90.7,9.2,9.3,0.618,1.4,15.1,0.345,0.813,0.563,0.152,0.461,0.504,98.2,98.0,81.67,99,0.547
0022200419,2022-12-14,1610612748,Miami Heat,1,1,0,1.0,48.0,110.4,111.1,109.0,110.2,1.5,0.9,0.676,1.79,18.5,0.216,0.795,0.484,0.141,0.57,0.594,99.4,98.5,82.08,99,0.466
0022200423,2022-12-14,1610612750,Minnesota Timberwolves,1,0,1,0.0,48.0,90.5,90.7,99.8,100.0,-9.2,-9.3,0.484,0.88,12.4,0.188,0.655,0.437,0.175,0.446,0.505,98.2,98.0,81.67,97,0.453
0022200418,2022-12-14,1610612752,New York Knicks,1,1,0,1.0,53.0,121.9,123.1,116.9,115.4,5.0,7.7,0.556,1.39,16.9,0.38,0.9,0.611,0.173,0.593,0.627,94.0,94.19,78.49,104,0.491
0022200419,2022-12-14,1610612760,Oklahoma City Thunder,1,0,1,0.0,48.0,109.0,110.2,110.4,111.1,-1.5,-0.9,0.634,1.86,19.5,0.205,0.784,0.516,0.143,0.555,0.586,99.4,98.5,82.08,98,0.534
0022200416,2022-12-14,1610612753,Orlando Magic,1,1,0,1.0,48.0,127.1,132.4,121.7,120.4,5.4,12.0,0.596,2.0,18.9,0.367,0.739,0.547,0.137,0.591,0.636,104.0,102.5,85.42,102,0.534
0022200420,2022-12-14,1610612757,Portland Trail Blazers,1,1,0,1.0,48.0,127.4,130.6,109.4,114.3,18.0,16.3,0.531,1.53,19.7,0.257,0.643,0.495,0.173,0.716,0.723,101.4,98.0,81.67,98,0.575
0022200417,2022-12-14,1610612758,Sacramento Kings,1,1,0,1.0,48.0,119.5,120.4,120.7,121.8,-1.3,-1.4,0.644,1.93,19.3,0.367,0.76,0.566,0.146,0.575,0.609,102.8,102.0,85.0,103,0.504
0022200420,2022-12-14,1610612759,San Antonio Spurs,1,0,1,0.0,48.0,109.4,114.3,127.4,130.6,-18.0,-16.3,0.511,2.09,16.4,0.357,0.743,0.505,0.112,0.521,0.532,101.4,98.0,81.67,98,0.425
0022200417,2022-12-14,1610612761,Toronto Raptors,1,0,1,0.0,48.0,120.7,121.8,119.5,120.4,1.3,1.4,0.532,3.57,18.1,0.24,0.633,0.434,0.069,0.532,0.581,102.8,102.0,85.0,101,0.496
0022200422,2022-12-14,1610612764,Washington Wizards,1,0,1,0.0,48.0,115.2,116.4,127.7,129.4,-12.5,-13.0,0.833,2.86,25.3,0.167,0.7,0.372,0.127,0.632,0.633,110.8,109.5,91.25,110,0.411
0022200424,2022-12-15,1610612745,Houston Rockets,1,0,1,0.0,48.0,109.7,110.2,113.1,114.4,-3.5,-4.2,0.5,1.47,15.7,0.412,0.673,0.544,0.153,0.516,0.532,98.3,97.5,81.25,98,0.511
0022200427,2022-12-15,1610612746,LA Clippers,1,0,1,0.0,48.0,98.7,100.0,114.5,119.4,-15.8,-19.4,0.618,1.17,15.0,0.387,0.642,0.504,0.189,0.444,0.479,96.6,94.0,78.33,95,0.364
0022200425,2022-12-15,1610612763,Memphis Grizzlies,1,1,0,1.0,48.0,133.8,139.2,97.2,98.1,36.6,41.2,0.536,3.75,20.4,0.34,0.754,0.574,0.078,0.608,0.633,105.0,102.5,85.42,102,0.693
0022200424,2022-12-15,1610612748,Miami Heat,1,1,0,1.0,48.0,113.1,114.4,109.7,110.2,3.5,4.2,0.538,1.5,15.6,0.327,0.588,0.456,0.144,0.534,0.566,98.3,97.5,81.25,97,0.489
0022200425,2022-12-15,1610612749,Milwaukee Bucks,1,0,1,0.0,48.0,97.2,98.1,133.8,139.2,-36.6,-41.2,0.629,2.44,15.7,0.246,0.66,0.426,0.087,0.441,0.477,105.0,102.5,85.42,103,0.307
0022200426,2022-12-15,1610612740,New Orleans Pelicans,1,0,1,0.0,53.0,116.9,120.6,116.5,123.4,0.4,-2.8,0.511,1.33,15.9,0.375,0.604,0.486,0.168,0.535,0.579,101.3,96.91,80.75,107,0.478
0022200427,2022-12-15,1610612756,Phoenix Suns,1,1,0,1.0,48.0,114.5,119.4,98.7,100.0,15.8,19.4,0.614,3.0,19.4,0.358,0.613,0.496,0.097,0.511,0.539,96.6,94.0,78.33,93,0.636
0022200426,2022-12-15,1610612762,Utah Jazz,1,1,0,1.0,53.0,116.5,123.4,116.9,120.6,-0.4,2.8,0.571,1.5,15.9,0.396,0.625,0.514,0.15,0.554,0.61,101.3,96.91,80.75,107,0.522
0022200428,2022-12-16,1610612737,Atlanta Hawks,1,1,0,1.0,48.0,125.1,127.6,101.6,107.1,23.5,20.5,0.61,1.79,19.5,0.135,0.629,0.444,0.143,0.647,0.695,102.2,98.5,82.08,98,0.612
0022200430,2022-12-16,1610612738,Boston Celtics,1,0,1,0.0,48.0,105.9,106.9,110.0,112.5,-4.2,-5.6,0.486,1.21,13.0,0.231,0.615,0.423,0.137,0.482,0.551,104.6,103.0,85.83,102,0.477
0022200433,2022-12-16,1610612751,Brooklyn Nets,1,1,0,1.0,48.0,122.5,125.3,117.5,120.8,5.1,4.4,0.478,1.47,17.9,0.188,0.761,0.526,0.158,0.664,0.691,97.9,95.5,79.58,95,0.542
0022200428,2022-12-16,1610612766,Charlotte Hornets,1,0,1,0.0,48.0,101.6,107.1,125.1,127.6,-23.5,-20.5,0.667,2.0,17.7,0.371,0.865,0.556,0.131,0.474,0.498,102.2,98.5,82.08,99,0.388
0022200434,2022-12-16,1610612741,Chicago Bulls,1,0,1,0.0,48.0,92.4,91.9,110.6,115.2,-18.2,-23.2,0.722,1.3,20.5,0.098,0.656,0.431,0.202,0.545,0.565,100.8,99.0,82.5,99,0.417
0022200431,2022-12-16,1610612739,Cleveland Cavaliers,1,1,0,1.0,48.0,125.4,128.3,120.0,120.4,5.5,7.8,0.605,2.3,18.4,0.244,0.816,0.519,0.109,0.592,0.655,93.7,92.5,77.08,92,0.499
0022200436,2022-12-16,1610612742,Dallas Mavericks,1,1,0,1.0,48.0,126.9,131.3,107.8,110.0,19.1,21.3,0.556,1.92,19.2,0.154,0.741,0.495,0.131,0.667,0.703,102.2,99.5,82.92,99,0.607
0022200437,2022-12-16,1610612743,Denver Nuggets,1,0,1,0.0,48.0,104.5,104.9,119.4,121.2,-14.8,-16.3,0.641,1.32,18.2,0.209,0.674,0.449,0.184,0.537,0.579,104.4,103.5,86.25,103,0.428
0022200429,2022-12-16,1610612765,Detroit Pistons,1,0,1,0.0,48.0,111.2,113.0,116.5,120.8,-5.3,-7.8,0.564,1.29,15.9,0.333,0.786,0.544,0.17,0.518,0.573,103.2,100.5,83.75,100,0.444
0022200432,2022-12-16,1610612744,Golden State Warriors,1,0,1,0.0,48.0,102.2,103.9,115.0,113.5,-12.8,-9.5,0.795,1.82,20.9,0.268,0.735,0.486,0.167,0.505,0.531,103.2,103.0,85.83,102,0.445
0022200431,2022-12-16,1610612754,Indiana Pacers,1,0,1,0.0,48.0,120.0,120.4,125.4,128.3,-5.5,-7.8,0.81,3.4,25.8,0.184,0.756,0.481,0.108,0.594,0.634,93.7,92.5,77.08,93,0.501
0022200437,2022-12-16,1610612747,Los Angeles Lakers,1,1,0,1.0,48.0,119.4,121.2,104.5,104.9,14.8,16.3,0.604,1.93,19.6,0.326,0.791,0.551,0.144,0.593,0.62,104.4,103.5,86.25,104,0.572
0022200435,2022-12-16,1610612750,Minnesota Timberwolves,1,1,0,1.0,48.0,108.7,108.7,99.8,106.8,9.0,1.9,0.535,1.44,16.5,0.26,0.673,0.465,0.155,0.563,0.571,106.6,103.0,85.83,103,0.52
0022200434,2022-12-16,1610612752,New York Knicks,1,1,0,1.0,48.0,110.6,115.2,92.4,91.9,18.2,23.2,0.514,1.58,13.8,0.344,0.902,0.569,0.121,0.495,0.537,100.8,99.0,82.5,99,0.583
0022200435,2022-12-16,1610612760,Oklahoma City Thunder,1,0,1,0.0,48.0,99.8,106.8,108.7,108.7,-9.0,-1.9,0.707,1.32,19.9,0.327,0.74,0.535,0.214,0.528,0.566,106.6,103.0,85.83,103,0.48
0022200430,2022-12-16,1610612753,Orlando Magic,1,1,0,1.0,48.0,110.0,112.5,105.9,106.9,4.2,5.6,0.452,1.06,13.4,0.385,0.769,0.577,0.173,0.511,0.566,104.6,103.0,85.83,104,0.523
0022200432,2022-12-16,1610612755,Philadelphia 76ers,1,1,0,1.0,48.0,115.0,113.5,102.2,103.9,12.8,9.5,0.59,1.53,16.4,0.265,0.732,0.514,0.144,0.547,0.598,103.2,103.0,85.83,104,0.555
0022200436,2022-12-16,1610612757,Portland Trail Blazers,1,0,1,0.0,48.0,107.8,110.0,126.9,131.3,-19.1,-21.3,0.538,1.75,15.6,0.259,0.846,0.505,0.12,0.511,0.55,102.2,99.5,82.92,100,0.393
0022200429,2022-12-16,1610612758,Sacramento Kings,1,1,0,1.0,48.0,116.5,120.8,111.2,113.0,5.3,7.8,0.698,2.14,21.4,0.214,0.667,0.456,0.139,0.598,0.644,103.2,100.5,83.75,101,0.556
0022200433,2022-12-16,1610612761,Toronto Raptors,1,0,1,0.0,48.0,117.5,120.8,122.5,125.3,-5.1,-4.4,0.415,1.89,13.7,0.239,0.813,0.474,0.094,0.542,0.599,97.9,95.5,79.58,96,0.458
0022200440,2022-12-17,1610612739,Cleveland Cavaliers,1,1,0,1.0,53.0,92.9,99.0,95.8,99.0,-2.9,0.0,0.575,1.77,16.4,0.288,0.8,0.535,0.129,0.463,0.482,95.6,91.02,75.85,101,0.502
0022200440,2022-12-17,1610612742,Dallas Mavericks,1,0,1,0.0,53.0,95.8,99.0,92.9,99.0,2.9,0.0,0.528,1.58,14.7,0.2,0.712,0.465,0.12,0.494,0.514,95.6,91.02,75.85,100,0.498
0022200441,2022-12-17,1610612745,Houston Rockets,1,0,1,0.0,48.0,93.4,99.0,109.9,113.8,-16.5,-14.9,0.528,1.12,13.4,0.509,0.761,0.624,0.177,0.417,0.462,99.6,95.0,79.17,96,0.447
0022200438,2022-12-17,1610612746,LA Clippers,1,1,0,1.0,48.0,102.6,104.1,94.2,95.9,8.4,8.2,0.514,1.36,14.4,0.278,0.792,0.52,0.143,0.5,0.523,99.1,97.5,81.25,98,0.522
0022200443,2022-12-17,1610612763,Memphis Grizzlies,1,0,1,0.0,48.0,102.6,102.8,106.8,107.5,-4.3,-4.6,0.441,1.5,11.4,0.2,0.78,0.487,0.094,0.444,0.513,107.0,106.5,88.75,106,0.462
0022200439,2022-12-17,1610612748,Miami Heat,1,1,0,1.0,48.0,113.1,114.4,99.5,103.1,13.6,11.4,0.595,1.79,18.9,0.227,0.708,0.478,0.144,0.579,0.602,99.8,97.5,81.25,97,0.536
0022200442,2022-12-17,1610612749,Milwaukee Bucks,1,1,0,1.0,48.0,129.7,128.1,101.4,102.1,28.3,26.0,0.625,2.0,21.0,0.395,0.837,0.63,0.156,0.633,0.648,95.2,95.5,79.58,96,0.64
0022200444,2022-12-17,1610612740,New Orleans Pelicans,1,0,1,0.0,48.0,119.1,121.3,122.4,124.2,-3.3,-2.9,0.6,1.59,21.3,0.182,0.714,0.5,0.181,0.675,0.689,96.1,94.5,78.75,94,0.493
0022200443,2022-12-17,1610612760,Oklahoma City Thunder,1,1,0,1.0,48.0,106.8,107.5,102.6,102.8,4.3,4.6,0.763,2.64,19.5,0.22,0.8,0.513,0.103,0.516,0.544,107.0,106.5,88.75,107,0.538
0022200444,2022-12-17,1610612756,Phoenix Suns,1,1,0,1.0,48.0,122.4,124.2,119.1,121.3,3.3,2.9,0.59,2.88,17.4,0.286,0.818,0.5,0.084,0.56,0.6,96.1,94.5,78.75,95,0.507
0022200441,2022-12-17,1610612757,Portland Trail Blazers,1,1,0,1.0,48.0,109.9,113.8,93.4,99.0,16.5,14.9,0.5,1.43,16.0,0.239,0.491,0.376,0.149,0.547,0.573,99.6,95.0,79.17,94,0.553
0022200439,2022-12-17,1610612759,San Antonio Spurs,1,0,1,0.0,48.0,99.5,103.1,113.1,114.4,-13.6,-11.4,0.879,1.71,20.9,0.292,0.773,0.522,0.173,0.494,0.552,99.8,97.5,81.25,98,0.464
0022200442,2022-12-17,1610612762,Utah Jazz,1,0,1,0.0,48.0,101.4,102.1,129.7,128.1,-28.3,-26.0,0.615,1.71,18.9,0.163,0.605,0.37,0.147,0.547,0.547,95.2,95.5,79.58,95,0.36
0022200438,2022-12-17,1610612764,Washington Wizards,1,0,1,0.0,48.0,94.2,95.9,102.6,104.1,-8.4,-8.2,0.556,1.25,15.7,0.208,0.722,0.48,0.165,0.482,0.518,99.1,97.5,81.25,97,0.478
0022200445,2022-12-18,1610612738,Boston Celtics,1,0,1,0.0,48.0,88.3,90.2,93.7,94.1,-5.5,-3.9,0.71,1.29,15.7,0.283,0.868,0.558,0.167,0.416,0.468,102.8,101.5,84.58,102,0.486
0022200447,2022-12-18,1610612751,Brooklyn Nets,1,1,0,1.0,48.0,125.1,125.3,119.8,123.5,5.3,1.8,0.591,2.0,19.8,0.158,0.688,0.453,0.131,0.644,0.688,100.0,98.5,82.08,99,0.521
0022200450,2022-12-18,1610612766,Charlotte Hornets,1,0,1,0.0,48.0,109.4,108.5,110.2,111.2,-0.8,-2.7,0.634,2.36,18.1,0.218,0.661,0.441,0.104,0.49,0.542,106.5,106.5,88.75,106,0.468
0022200449,2022-12-18,1610612741,Chicago Bulls,1,0,1,0.0,48.0,121.7,124.8,145.6,148.5,-23.9,-23.8,0.674,2.82,22.0,0.205,0.781,0.447,0.109,0.614,0.639,103.3,101.0,84.17,101,0.411
0022200450,2022-12-18,1610612743,Denver Nuggets,1,1,0,1.0,48.0,110.2,111.2,109.4,108.5,0.8,2.7,0.767,2.36,20.8,0.339,0.782,0.559,0.131,0.516,0.546,106.5,106.5,88.75,107,0.532
0022200447,2022-12-18,1610612765,Detroit Pistons,1,0,1,0.0,48.0,119.8,123.5,125.1,125.3,-5.3,-1.8,0.476,2.22,15.0,0.313,0.842,0.547,0.092,0.523,0.588,100.0,98.5,82.08,98,0.479
0022200448,2022-12-18,1610612744,Golden State Warriors,1,1,0,1.0,48.0,129.3,129.9,109.3,113.4,20.1,16.5,0.721,1.82,21.7,0.375,0.603,0.51,0.175,0.642,0.682,99.1,97.0,80.83,97,0.61
0022200446,2022-12-18,1610612754,Indiana Pacers,1,0,1,0.0,48.0,102.8,107.1,111.0,111.2,-8.2,-4.2,0.513,1.33,14.7,0.309,0.681,0.48,0.152,0.506,0.529,100.7,98.5,82.08,99,0.439
0022200451,2022-12-18,1610612747,Los Angeles Lakers,1,1,0,1.0,48.0,113.7,115.5,110.8,113.6,2.8,1.9,0.63,3.22,20.6,0.184,0.741,0.476,0.087,0.56,0.585,105.1,103.0,85.83,103,0.521
0022200449,2022-12-18,1610612750,Minnesota Timberwolves,1,1,0,1.0,48.0,145.6,148.5,121.7,124.8,23.9,23.8,0.667,2.92,26.0,0.219,0.795,0.553,0.129,0.787,0.798,103.3,101.0,84.17,101,0.589
0022200446,2022-12-18,1610612752,New York Knicks,1,1,0,1.0,48.0,111.0,111.2,102.8,107.1,8.2,4.2,0.333,0.81,10.3,0.319,0.691,0.52,0.163,0.518,0.567,100.7,98.5,82.08,98,0.561
0022200445,2022-12-18,1610612753,Orlando Magic,1,1,0,1.0,48.0,93.7,94.1,88.3,90.2,5.5,3.9,0.606,1.54,15.6,0.132,0.717,0.442,0.129,0.453,0.503,102.8,101.5,84.58,101,0.514
0022200448,2022-12-18,1610612761,Toronto Raptors,1,0,1,0.0,48.0,109.3,113.4,129.3,129.9,-20.1,-16.5,0.525,1.5,14.9,0.397,0.625,0.49,0.144,0.489,0.525,99.1,97.0,80.83,97,0.39
0022200451,2022-12-18,1610612764,Washington Wizards,1,0,1,0.0,48.0,110.8,113.6,113.7,115.5,-2.8,-1.9,0.545,2.4,17.0,0.259,0.816,0.524,0.097,0.516,0.554,105.1,103.0,85.83,103,0.479
0022200454,2022-12-19,1610612737,Atlanta Hawks,1,1,0,1.0,48.0,118.0,126.0,120.2,123.8,-2.2,2.2,0.604,2.9,20.7,0.229,0.692,0.47,0.1,0.574,0.613,105.4,100.5,83.75,100,0.493
0022200460,2022-12-19,1610612766,Charlotte Hornets,1,1,0,1.0,48.0,115.6,116.8,111.6,112.3,4.0,4.6,0.531,1.86,17.7,0.306,0.793,0.57,0.131,0.568,0.595,107.4,106.5,88.75,107,0.559
0022200452,2022-12-19,1610612739,Cleveland Cavaliers,1,1,0,1.0,48.0,121.5,120.8,96.9,98.0,24.5,22.8,0.558,1.04,18.3,0.214,0.689,0.539,0.228,0.721,0.749,101.3,101.0,84.17,101,0.682
0022200456,2022-12-19,1610612742,Dallas Mavericks,1,0,1,0.0,48.0,108.6,109.3,114.2,119.6,-5.7,-10.3,0.742,1.44,17.6,0.234,0.76,0.505,0.165,0.533,0.591,99.6,97.0,80.83,97,0.469
0022200455,2022-12-19,1610612745,Houston Rockets,1,0,1,0.0,48.0,102.3,105.0,122.3,122.8,-20.0,-17.8,0.575,2.09,16.1,0.344,0.684,0.475,0.11,0.452,0.488,102.0,100.5,83.75,100,0.407
0022200459,2022-12-19,1610612747,Los Angeles Lakers,1,0,1,0.0,48.0,104.5,107.2,133.3,135.4,-28.7,-28.2,0.333,0.87,10.6,0.28,0.633,0.455,0.155,0.517,0.55,98.5,96.5,80.42,97,0.369
0022200457,2022-12-19,1610612749,Milwaukee Bucks,1,1,0,1.0,48.0,122.3,121.9,110.6,113.3,11.7,8.6,0.578,1.44,18.7,0.237,0.65,0.49,0.171,0.636,0.676,106.1,105.0,87.5,105,0.568
0022200456,2022-12-19,1610612750,Minnesota Timberwolves,1,1,0,1.0,48.0,114.2,119.6,108.6,109.3,5.7,10.3,0.452,1.73,14.8,0.24,0.766,0.495,0.113,0.539,0.583,99.6,97.0,80.83,97,0.531
0022200457,2022-12-19,1610612740,New Orleans Pelicans,1,0,1,0.0,48.0,110.6,113.3,122.3,121.9,-11.7,-8.6,0.714,2.0,19.4,0.35,0.763,0.51,0.143,0.515,0.543,106.1,105.0,87.5,105,0.432
0022200458,2022-12-19,1610612760,Oklahoma City Thunder,1,1,0,1.0,48.0,116.8,123.0,121.9,119.8,-5.1,3.2,0.5,1.67,14.6,0.333,0.652,0.485,0.12,0.517,0.59,102.3,100.5,83.75,100,0.503
0022200454,2022-12-19,1610612753,Orlando Magic,1,0,1,0.0,48.0,120.2,123.8,118.0,126.0,2.2,-2.2,0.644,3.63,20.1,0.308,0.771,0.53,0.079,0.537,0.59,105.4,100.5,83.75,101,0.507
0022200453,2022-12-19,1610612755,Philadelphia 76ers,1,1,0,1.0,53.0,100.1,101.0,97.3,99.0,2.8,2.0,0.688,1.38,16.5,0.163,0.75,0.465,0.155,0.494,0.566,94.0,92.83,77.36,103,0.499
0022200459,2022-12-19,1610612756,Phoenix Suns,1,1,0,1.0,48.0,133.3,135.4,104.5,107.2,28.7,28.2,0.457,2.33,15.6,0.367,0.72,0.545,0.094,0.602,0.628,98.5,96.5,80.42,96,0.631
0022200458,2022-12-19,1610612757,Portland Trail Blazers,1,0,1,0.0,48.0,121.9,119.8,116.8,123.0,5.1,-3.2,0.591,1.63,18.2,0.348,0.667,0.515,0.158,0.591,0.622,102.3,100.5,83.75,101,0.497
0022200460,2022-12-19,1610612758,Sacramento Kings,1,0,1,0.0,48.0,111.6,112.3,115.6,116.8,-4.0,-4.6,0.511,2.88,16.3,0.207,0.694,0.43,0.075,0.537,0.548,107.4,106.5,88.75,106,0.441
0022200455,2022-12-19,1610612759,San Antonio Spurs,1,1,0,1.0,48.0,122.3,122.8,102.3,105.0,20.0,17.8,0.652,1.58,21.1,0.316,0.656,0.525,0.188,0.657,0.679,102.0,100.5,83.75,101,0.593
0022200453,2022-12-19,1610612761,Toronto Raptors,1,0,1,0.0,53.0,97.3,99.0,100.1,101.0,-2.8,-2.0,0.649,1.5,17.3,0.25,0.837,0.535,0.157,0.483,0.522,94.0,92.83,77.36,102,0.501
0022200452,2022-12-19,1610612762,Utah Jazz,1,0,1,0.0,48.0,96.9,98.0,121.5,120.8,-24.5,-22.8,0.528,1.36,13.8,0.311,0.786,0.461,0.139,0.441,0.48,101.3,101.0,84.17,101,0.318
0022200462,2022-12-20,1610612741,Chicago Bulls,1,1,0,1.0,48.0,118.3,118.9,111.4,108.4,6.9,10.5,0.6,1.41,18.9,0.235,0.8,0.557,0.179,0.637,0.676,94.0,95.0,79.17,95,0.547
0022200465,2022-12-20,1610612743,Denver Nuggets,1,1,0,1.0,48.0,101.0,105.0,91.7,90.1,9.3,14.9,0.7,1.65,19.3,0.333,0.833,0.569,0.17,0.506,0.525,101.6,100.5,83.75,100,0.532
0022200461,2022-12-20,1610612765,Detroit Pistons,1,0,1,0.0,48.0,113.4,116.8,124.3,131.3,-10.9,-14.4,0.537,1.57,17.1,0.273,0.667,0.484,0.147,0.562,0.598,99.6,95.5,79.58,95,0.466
0022200463,2022-12-20,1610612744,Golden State Warriors,1,0,1,0.0,48.0,98.2,97.9,133.2,134.7,-35.0,-36.8,0.657,1.15,18.5,0.128,0.591,0.373,0.208,0.554,0.59,97.4,97.0,80.83,96,0.334
0022200465,2022-12-20,1610612763,Memphis Grizzlies,1,0,1,0.0,48.0,91.7,90.1,101.0,105.0,-9.3,-14.9,0.694,1.56,18.7,0.167,0.667,0.431,0.158,0.475,0.504,101.6,100.5,83.75,101,0.468
0022200462,2022-12-20,1610612748,Miami Heat,1,0,1,0.0,48.0,111.4,108.4,118.3,118.9,-6.9,-10.5,0.684,2.0,20.0,0.2,0.765,0.443,0.137,0.562,0.582,94.0,95.0,79.17,95,0.453
0022200463,2022-12-20,1610612752,New York Knicks,1,1,0,1.0,48.0,133.2,134.7,98.2,97.9,35.0,36.8,0.6,2.25,18.9,0.409,0.872,0.627,0.122,0.615,0.653,97.4,97.0,80.83,98,0.666
0022200464,2022-12-20,1610612756,Phoenix Suns,1,0,1,0.0,48.0,114.2,114.6,116.2,116.5,-2.0,-1.9,0.634,1.86,18.8,0.34,0.723,0.526,0.146,0.534,0.565,96.8,96.5,80.42,96,0.449
0022200461,2022-12-20,1610612762,Utah Jazz,1,1,0,1.0,48.0,124.3,131.3,113.4,116.8,10.9,14.4,0.574,2.25,19.3,0.333,0.727,0.516,0.125,0.613,0.622,99.6,95.5,79.58,96,0.534
0022200464,2022-12-20,1610612764,Washington Wizards,1,1,0,1.0,48.0,116.2,116.5,114.2,114.6,2.0,1.9,0.579,2.2,16.7,0.277,0.66,0.474,0.103,0.544,0.587,96.8,96.5,80.42,97,0.551
0022200468,2022-12-21,1610612737,Atlanta Hawks,1,0,1,0.0,48.0,103.8,106.9,111.5,108.9,-7.7,-2.0,0.564,1.47,16.2,0.25,0.826,0.52,0.149,0.505,0.551,101.4,101.0,84.17,101,0.476
0022200469,2022-12-21,1610612738,Boston Celtics,1,0,1,0.0,48.0,107.7,108.7,112.5,113.6,-4.9,-4.9,0.667,1.53,16.5,0.453,0.759,0.593,0.165,0.45,0.5,104.0,103.0,85.83,103,0.506
0022200470,2022-12-21,1610612751,Brooklyn Nets,1,1,0,1.0,48.0,138.8,137.5,106.6,108.7,32.2,28.8,0.778,2.8,28.0,0.129,0.733,0.487,0.144,0.768,0.785,104.5,104.0,86.67,104,0.612
0022200476,2022-12-21,1610612766,Charlotte Hornets,1,0,1,0.0,48.0,96.5,95.5,111.4,112.5,-14.8,-17.0,0.676,1.67,17.1,0.196,0.75,0.427,0.136,0.451,0.501,110.9,111.0,92.5,110,0.418
0022200468,2022-12-21,1610612741,Chicago Bulls,1,1,0,1.0,48.0,111.5,108.9,103.8,106.9,7.7,2.0,0.465,1.82,15.5,0.174,0.75,0.48,0.109,0.541,0.575,101.4,101.0,84.17,101,0.524
0022200466,2022-12-21,1610612739,Cleveland Cavaliers,1,1,0,1.0,48.0,115.9,116.3,105.3,108.2,10.7,8.2,0.537,2.2,16.7,0.261,0.667,0.468,0.102,0.541,0.586,99.5,98.0,81.67,98,0.548
0022200473,2022-12-21,1610612742,Dallas Mavericks,1,1,0,1.0,48.0,112.0,113.0,104.9,108.8,7.1,4.3,0.5,1.31,14.3,0.238,0.761,0.511,0.141,0.54,0.599,93.6,91.5,76.25,92,0.531
0022200467,2022-12-21,1610612765,Detroit Pistons,1,0,1,0.0,48.0,88.6,90.3,111.1,109.7,-22.5,-19.4,0.484,0.68,11.2,0.302,0.731,0.514,0.214,0.43,0.495,103.3,103.0,85.83,103,0.367
0022200470,2022-12-21,1610612744,Golden State Warriors,1,0,1,0.0,48.0,106.6,108.7,138.8,137.5,-32.2,-28.8,0.78,1.52,21.6,0.267,0.871,0.513,0.202,0.566,0.601,104.5,104.0,86.67,104,0.388
0022200472,2022-12-21,1610612745,Houston Rockets,1,0,1,0.0,48.0,106.3,107.8,109.9,114.9,-3.6,-7.0,0.537,1.29,16.2,0.245,0.741,0.514,0.167,0.563,0.576,104.5,101.5,84.58,102,0.479
0022200469,2022-12-21,1610612754,Indiana Pacers,1,1,0,1.0,48.0,112.5,113.6,107.7,108.7,4.9,4.9,0.587,1.93,18.9,0.241,0.547,0.407,0.136,0.561,0.574,104.0,103.0,85.83,103,0.494
0022200476,2022-12-21,1610612746,LA Clippers,1,1,0,1.0,48.0,111.4,112.5,96.5,95.5,14.8,17.0,0.707,1.07,19.2,0.25,0.804,0.573,0.241,0.648,0.691,110.9,111.0,92.5,112,0.582
0022200475,2022-12-21,1610612747,Los Angeles Lakers,1,0,1,0.0,48.0,111.9,114.3,122.6,125.2,-10.6,-10.9,0.595,1.67,18.4,0.133,0.706,0.438,0.143,0.565,0.617,108.3,106.0,88.33,105,0.46
0022200466,2022-12-21,1610612749,Milwaukee Bucks,1,0,1,0.0,48.0,105.3,108.2,115.9,116.3,-10.7,-8.2,0.513,0.95,14.9,0.333,0.739,0.532,0.214,0.548,0.572,99.5,98.0,81.67,98,0.452
0022200473,2022-12-21,1610612750,Minnesota Timberwolves,1,0,1,0.0,48.0,104.9,108.8,112.0,113.0,-7.1,-4.3,0.548,1.77,18.4,0.239,0.762,0.489,0.143,0.541,0.554,93.6,91.5,76.25,91,0.469
0022200471,2022-12-21,1610612752,New York Knicks,1,0,1,0.0,48.0,115.3,119.1,121.9,125.6,-6.6,-6.5,0.595,1.47,19.7,0.333,0.604,0.489,0.191,0.625,0.632,92.3,89.5,74.58,89,0.492
0022200474,2022-12-21,1610612760,Oklahoma City Thunder,1,1,0,1.0,48.0,104.1,107.4,104.3,104.3,-0.2,3.2,0.528,1.06,15.0,0.349,0.738,0.541,0.191,0.519,0.574,95.5,94.0,78.33,94,0.497
0022200472,2022-12-21,1610612753,Orlando Magic,1,1,0,1.0,48.0,109.9,114.9,106.3,107.8,3.6,7.0,0.463,1.73,14.1,0.259,0.755,0.486,0.109,0.511,0.55,104.5,101.5,84.58,101,0.521
0022200467,2022-12-21,1610612755,Philadelphia 76ers,1,1,0,1.0,48.0,111.1,109.7,88.6,90.3,22.5,19.4,0.659,2.25,18.8,0.269,0.698,0.486,0.117,0.5,0.55,103.3,103.0,85.83,103,0.633
0022200474,2022-12-21,1610612757,Portland Trail Blazers,1,0,1,0.0,48.0,104.3,104.3,104.1,107.4,0.2,-3.2,0.744,1.45,21.8,0.262,0.651,0.459,0.213,0.582,0.591,95.5,94.0,78.33,94,0.503
0022200475,2022-12-21,1610612758,Sacramento Kings,1,1,0,1.0,48.0,122.6,125.2,111.9,114.3,10.6,10.9,0.604,2.42,19.3,0.294,0.867,0.563,0.112,0.595,0.624,108.3,106.0,88.33,107,0.54
0022200471,2022-12-21,1610612761,Toronto Raptors,1,1,0,1.0,48.0,121.9,125.6,115.3,119.1,6.6,6.5,0.405,3.4,13.3,0.396,0.667,0.511,0.056,0.495,0.545,92.3,89.5,74.58,90,0.508
0022200477,2022-12-22,1610612740,New Orleans Pelicans,1,1,0,1.0,48.0,121.3,123.5,111.6,113.6,9.7,9.9,0.568,1.47,17.2,0.375,0.653,0.515,0.167,0.555,0.612,104.4,102.5,85.42,102,0.546
0022200477,2022-12-22,1610612759,San Antonio Spurs,1,0,1,0.0,48.0,111.6,113.6,121.3,123.5,-9.7,-9.9,0.535,1.35,16.1,0.347,0.625,0.485,0.165,0.528,0.574,104.4,102.5,85.42,103,0.454
0022200478,2022-12-22,1610612762,Utah Jazz,1,1,0,1.0,48.0,122.1,121.2,114.9,113.1,7.3,8.1,0.381,1.45,12.9,0.2,0.921,0.53,0.111,0.581,0.63,97.9,99.0,82.5,99,0.498
0022200478,2022-12-22,1610612764,Washington Wizards,1,0,1,0.0,48.0,114.9,113.1,122.1,121.2,-7.3,-8.1,0.435,1.82,16.4,0.079,0.8,0.47,0.111,0.604,0.626,97.9,99.0,82.5,99,0.502
0022200481,2022-12-23,1610612737,Atlanta Hawks,1,1,0,1.0,48.0,126.8,126.2,97.4,101.9,29.3,24.3,0.612,3.75,21.0,0.217,0.741,0.5,0.078,0.598,0.634,105.2,103.0,85.83,103,0.653
0022200482,2022-12-23,1610612738,Boston Celtics,1,1,0,1.0,48.0,117.0,118.6,105.2,107.9,11.8,10.7,0.636,2.33,18.5,0.368,0.72,0.533,0.118,0.505,0.543,103.5,101.5,84.58,102,0.547
0022200483,2022-12-23,1610612751,Brooklyn Nets,1,1,0,1.0,48.0,119.5,121.6,101.3,104.2,18.2,17.5,0.652,2.5,21.4,0.333,0.686,0.515,0.124,0.57,0.598,98.7,96.5,80.42,97,0.602
0022200492,2022-12-23,1610612766,Charlotte Hornets,1,1,0,1.0,48.0,125.3,125.2,121.9,121.5,3.5,3.7,0.577,1.88,20.0,0.295,0.696,0.5,0.15,0.638,0.657,106.8,107.0,89.17,107,0.538
0022200485,2022-12-23,1610612741,Chicago Bulls,1,1,0,1.0,48.0,125.6,128.3,122.6,125.8,3.0,2.5,0.533,6.0,18.6,0.255,0.66,0.455,0.043,0.559,0.585,94.7,92.5,77.08,92,0.508
0022200484,2022-12-23,1610612739,Cleveland Cavaliers,1,0,1,0.0,48.0,109.0,110.3,118.1,121.6,-9.1,-11.3,0.692,1.8,20.5,0.19,0.705,0.453,0.155,0.586,0.6,99.1,97.0,80.83,97,0.467
0022200487,2022-12-23,1610612742,Dallas Mavericks,1,1,0,1.0,48.0,113.3,115.5,110.0,110.4,3.2,5.0,0.556,1.43,16.0,0.234,0.711,0.467,0.144,0.55,0.609,97.6,96.5,80.42,97,0.491
0022200489,2022-12-23,1610612743,Denver Nuggets,1,1,0,1.0,48.0,120.7,122.4,107.6,109.2,13.1,13.3,0.66,2.82,22.6,0.205,0.698,0.489,0.112,0.642,0.649,99.4,98.0,81.67,98,0.591
0022200481,2022-12-23,1610612765,Detroit Pistons,1,0,1,0.0,48.0,97.4,101.9,126.8,126.2,-29.3,-24.3,0.459,1.21,12.7,0.259,0.783,0.5,0.136,0.461,0.511,105.2,103.0,85.83,103,0.347
0022200487,2022-12-23,1610612745,Houston Rockets,1,0,1,0.0,48.0,110.0,110.4,113.3,115.5,-3.2,-5.0,0.703,1.73,19.3,0.289,0.766,0.533,0.156,0.506,0.568,97.6,96.5,80.42,96,0.509
0022200486,2022-12-23,1610612754,Indiana Pacers,1,1,0,1.0,48.0,115.4,119.4,110.0,114.9,5.4,4.5,0.65,1.63,19.8,0.267,0.648,0.475,0.172,0.608,0.622,97.2,93.5,77.92,93,0.512
0022200480,2022-12-23,1610612746,LA Clippers,1,0,1,0.0,48.0,118.6,121.3,122.5,126.6,-3.9,-5.3,0.61,2.27,19.7,0.19,0.756,0.47,0.117,0.593,0.626,96.6,94.0,78.33,94,0.463
0022200492,2022-12-23,1610612747,Los Angeles Lakers,1,0,1,0.0,48.0,121.9,121.5,125.3,125.2,-3.5,-3.7,0.563,1.59,18.2,0.304,0.705,0.5,0.159,0.625,0.639,106.8,107.0,89.17,107,0.462
0022200490,2022-12-23,1610612763,Memphis Grizzlies,1,1,0,1.0,48.0,124.1,126.3,97.6,100.0,26.5,26.3,0.667,2.5,19.6,0.49,0.667,0.583,0.121,0.533,0.58,101.6,99.5,82.92,99,0.67
0022200486,2022-12-23,1610612748,Miami Heat,1,0,1,0.0,48.0,110.0,114.9,115.4,119.4,-5.4,-4.5,0.561,2.3,16.9,0.352,0.733,0.525,0.106,0.5,0.534,97.2,93.5,77.92,94,0.488
0022200483,2022-12-23,1610612749,Milwaukee Bucks,1,0,1,0.0,48.0,101.3,104.2,119.5,121.6,-18.2,-17.5,0.459,0.94,13.2,0.314,0.667,0.485,0.188,0.494,0.534,98.7,96.5,80.42,96,0.398
0022200482,2022-12-23,1610612750,Minnesota Timberwolves,1,0,1,0.0,48.0,105.2,107.9,117.0,118.6,-11.8,-10.7,0.568,1.47,17.9,0.28,0.632,0.467,0.168,0.538,0.558,103.5,101.5,84.58,101,0.453
0022200488,2022-12-23,1610612740,New Orleans Pelicans,1,1,0,1.0,53.0,107.0,107.6,103.3,104.2,3.7,3.4,0.732,1.43,18.1,0.309,0.793,0.558,0.176,0.505,0.573,109.0,108.23,90.19,119,0.539
0022200485,2022-12-23,1610612752,New York Knicks,1,0,1,0.0,48.0,122.6,125.8,125.6,128.3,-3.0,-2.5,0.535,2.3,17.3,0.34,0.745,0.545,0.108,0.593,0.6,94.7,92.5,77.08,93,0.492
0022200488,2022-12-23,1610612760,Oklahoma City Thunder,1,0,1,0.0,53.0,103.3,104.2,107.0,107.6,-3.7,-3.4,0.574,1.5,17.1,0.207,0.691,0.442,0.15,0.525,0.553,109.0,108.23,90.19,120,0.461
0022200479,2022-12-23,1610612753,Orlando Magic,1,1,0,1.0,48.0,123.4,127.9,107.7,109.7,15.7,18.2,0.6,1.58,20.5,0.325,0.709,0.547,0.183,0.672,0.694,106.4,103.5,86.25,104,0.588
0022200480,2022-12-23,1610612755,Philadelphia 76ers,1,1,0,1.0,48.0,122.5,126.6,118.6,121.3,3.9,5.3,0.66,3.44,23.0,0.244,0.81,0.53,0.096,0.602,0.632,96.6,94.0,78.33,94,0.537
0022200490,2022-12-23,1610612756,Phoenix Suns,1,0,1,0.0,48.0,97.6,100.0,124.1,126.3,-26.5,-26.3,0.605,1.53,16.5,0.333,0.51,0.417,0.15,0.489,0.508,101.6,99.5,82.92,100,0.33
0022200489,2022-12-23,1610612757,Portland Trail Blazers,1,0,1,0.0,48.0,107.6,109.2,120.7,122.4,-13.1,-13.3,0.615,1.71,17.4,0.302,0.795,0.511,0.143,0.5,0.543,99.4,98.0,81.67,98,0.409
0022200491,2022-12-23,1610612758,Sacramento Kings,1,0,1,0.0,48.0,111.7,109.9,120.7,123.8,-9.0,-13.9,0.514,1.46,14.3,0.269,0.814,0.516,0.129,0.5,0.558,101.5,101.0,84.17,101,0.415
0022200479,2022-12-23,1610612759,San Antonio Spurs,1,0,1,0.0,48.0,107.7,109.7,123.4,127.9,-15.7,-18.2,0.636,2.15,19.2,0.291,0.675,0.453,0.126,0.515,0.539,106.4,103.5,86.25,103,0.412
0022200484,2022-12-23,1610612761,Toronto Raptors,1,1,0,1.0,48.0,118.1,121.6,109.0,110.3,9.1,11.3,0.595,1.32,18.5,0.295,0.81,0.547,0.196,0.613,0.642,99.1,97.0,80.83,97,0.533
0022200491,2022-12-23,1610612764,Washington Wizards,1,1,0,1.0,48.0,120.7,123.8,111.7,109.9,9.0,13.9,0.612,3.0,21.6,0.186,0.731,0.484,0.099,0.614,0.634,101.5,101.0,84.17,101,0.585
0022200495,2022-12-25,1610612738,Boston Celtics,1,1,0,1.0,48.0,135.0,135.0,114.7,113.5,20.3,21.5,0.58,2.42,21.2,0.135,0.733,0.463,0.117,0.7,0.724,102.9,103.5,86.25,103,0.573
0022200494,2022-12-25,1610612742,Dallas Mavericks,1,1,0,1.0,48.0,130.5,130.5,117.3,122.3,13.3,8.2,0.705,2.82,22.3,0.289,0.744,0.511,0.116,0.631,0.653,96.5,94.5,78.75,95,0.544
0022200497,2022-12-25,1610612743,Denver Nuggets,1,1,0,1.0,53.0,116.4,119.6,116.3,116.8,0.1,2.8,0.644,2.23,19.0,0.327,0.741,0.538,0.121,0.548,0.587,98.4,96.91,80.75,107,0.517
0022200496,2022-12-25,1610612744,Golden State Warriors,1,1,0,1.0,48.0,116.7,115.0,98.0,103.8,18.6,11.1,0.721,2.58,20.5,0.25,0.759,0.518,0.112,0.571,0.6,108.3,106.0,88.33,107,0.618
0022200494,2022-12-25,1610612747,Los Angeles Lakers,1,0,1,0.0,48.0,117.3,122.3,130.5,130.5,-13.3,-8.2,0.462,1.8,14.6,0.256,0.711,0.489,0.106,0.544,0.611,96.5,94.5,78.75,94,0.456
0022200496,2022-12-25,1610612763,Memphis Grizzlies,1,0,1,0.0,48.0,98.0,103.8,116.7,115.0,-18.6,-11.1,0.487,1.46,13.8,0.241,0.75,0.482,0.124,0.463,0.508,108.3,106.0,88.33,105,0.382
0022200495,2022-12-25,1610612749,Milwaukee Bucks,1,0,1,0.0,48.0,114.7,113.5,135.0,135.0,-20.3,-21.5,0.524,1.47,16.1,0.267,0.865,0.537,0.144,0.577,0.615,102.9,103.5,86.25,104,0.427
0022200493,2022-12-25,1610612752,New York Knicks,1,0,1,0.0,48.0,119.8,121.7,128.3,132.2,-8.5,-10.5,0.698,3.75,21.4,0.367,0.833,0.582,0.087,0.544,0.574,93.1,91.0,75.83,92,0.515
0022200493,2022-12-25,1610612755,Philadelphia 76ers,1,1,0,1.0,48.0,128.3,132.2,119.8,121.7,8.5,10.5,0.564,2.75,18.5,0.167,0.633,0.418,0.089,0.623,0.663,93.1,91.0,75.83,90,0.485
0022200497,2022-12-25,1610612756,Phoenix Suns,1,0,1,0.0,53.0,116.3,116.8,116.4,119.6,-0.1,-2.8,0.711,2.29,20.9,0.259,0.673,0.462,0.131,0.569,0.593,98.4,96.91,80.75,107,0.483
0022200498,2022-12-26,1610612751,Brooklyn Nets,1,1,0,1.0,48.0,125.7,127.6,120.4,120.6,5.3,6.9,0.574,1.59,19.7,0.316,0.756,0.554,0.173,0.683,0.698,98.3,97.5,81.25,98,0.528
0022200504,2022-12-26,1610612766,Charlotte Hornets,1,0,1,0.0,48.0,103.7,108.7,120.0,119.2,-16.3,-10.6,0.61,1.92,16.2,0.382,0.705,0.509,0.125,0.456,0.496,106.2,104.0,86.67,104,0.39
0022200501,2022-12-26,1610612741,Chicago Bulls,1,0,1,0.0,48.0,116.6,118.0,127.1,131.7,-10.5,-13.7,0.6,3.38,19.9,0.184,0.698,0.424,0.08,0.56,0.583,103.0,100.5,83.75,100,0.428
0022200498,2022-12-26,1610612739,Cleveland Cavaliers,1,0,1,0.0,48.0,120.4,120.6,125.7,127.6,-5.3,-6.9,0.538,1.75,16.4,0.244,0.684,0.446,0.124,0.555,0.614,98.3,97.5,81.25,97,0.472
0022200499,2022-12-26,1610612765,Detroit Pistons,1,0,1,0.0,53.0,112.0,115.9,125.9,124.6,-13.9,-8.6,0.727,1.78,19.5,0.333,0.738,0.5,0.159,0.52,0.57,104.0,102.79,85.66,113,0.444
0022200501,2022-12-26,1610612745,Houston Rockets,1,1,0,1.0,48.0,127.1,131.7,116.6,118.0,10.5,13.7,0.56,2.15,19.7,0.302,0.816,0.576,0.129,0.65,0.667,103.0,100.5,83.75,101,0.572
0022200502,2022-12-26,1610612754,Indiana Pacers,1,0,1,0.0,48.0,94.1,95.9,112.4,115.3,-18.2,-19.4,0.657,1.77,18.0,0.157,0.596,0.379,0.134,0.476,0.507,99.7,97.5,81.25,97,0.401
0022200499,2022-12-26,1610612746,LA Clippers,1,1,0,1.0,53.0,125.9,124.6,112.0,115.9,13.9,8.6,0.51,1.32,16.7,0.262,0.667,0.5,0.167,0.643,0.684,104.0,102.79,85.66,114,0.556
0022200500,2022-12-26,1610612748,Miami Heat,1,1,0,1.0,48.0,110.2,115.3,110.9,112.2,-0.7,3.1,0.574,2.7,19.0,0.304,0.75,0.49,0.102,0.525,0.535,100.8,98.0,81.67,98,0.477
0022200500,2022-12-26,1610612750,Minnesota Timberwolves,1,0,1,0.0,48.0,110.9,112.2,110.2,115.3,0.7,-3.1,0.721,1.41,22.3,0.25,0.696,0.51,0.224,0.639,0.646,100.8,98.0,81.67,98,0.523
0022200502,2022-12-26,1610612740,New Orleans Pelicans,1,1,0,1.0,48.0,112.4,115.3,94.1,95.9,18.2,19.4,0.732,1.88,20.1,0.404,0.843,0.621,0.163,0.522,0.562,99.7,97.5,81.25,98,0.599
0022200504,2022-12-26,1610612757,Portland Trail Blazers,1,1,0,1.0,48.0,120.0,119.2,103.7,108.7,16.3,10.6,0.651,1.87,19.4,0.295,0.618,0.491,0.144,0.581,0.631,106.2,104.0,86.67,104,0.61
0022200503,2022-12-26,1610612759,San Antonio Spurs,1,1,0,1.0,48.0,114.6,120.0,111.6,116.2,2.9,3.8,0.563,1.93,19.0,0.233,0.627,0.461,0.133,0.586,0.618,109.6,105.0,87.5,105,0.561
0022200503,2022-12-26,1610612762,Utah Jazz,1,0,1,0.0,48.0,111.6,116.2,114.6,120.0,-2.9,-3.8,0.513,1.67,13.6,0.373,0.767,0.539,0.114,0.469,0.538,109.6,105.0,87.5,105,0.439
0022200508,2022-12-27,1610612737,Atlanta Hawks,1,0,1,0.0,48.0,112.0,108.6,117.4,122.9,-5.4,-14.3,0.65,2.89,18.6,0.173,0.729,0.44,0.086,0.517,0.56,105.8,105.0,87.5,105,0.437
0022200507,2022-12-27,1610612738,Boston Celtics,1,1,0,1.0,48.0,122.2,124.8,98.9,101.0,23.3,23.8,0.744,2.91,22.1,0.24,0.719,0.495,0.109,0.582,0.623,103.1,101.0,84.17,101,0.619
0022200513,2022-12-27,1610612766,Charlotte Hornets,1,0,1,0.0,48.0,97.2,100.0,99.5,103.8,-2.3,-3.8,0.579,1.57,15.7,0.236,0.764,0.5,0.133,0.467,0.51,109.3,105.5,87.92,105,0.471
0022200512,2022-12-27,1610612742,Dallas Mavericks,1,1,0,1.0,53.0,118.3,120.0,113.6,115.2,4.7,4.8,0.455,2.22,14.8,0.2,0.667,0.46,0.086,0.561,0.603,96.5,95.09,79.25,105,0.52
0022200514,2022-12-27,1610612743,Denver Nuggets,1,1,0,1.0,48.0,115.0,114.1,107.8,107.1,7.3,7.1,0.829,2.62,23.4,0.261,0.791,0.517,0.131,0.552,0.593,98.3,99.0,82.5,99,0.561
0022200513,2022-12-27,1610612744,Golden State Warriors,1,1,0,1.0,48.0,99.5,103.8,97.2,100.0,2.3,3.8,0.756,2.21,20.7,0.236,0.764,0.5,0.132,0.474,0.521,109.3,105.5,87.92,106,0.529
0022200507,2022-12-27,1610612745,Houston Rockets,1,0,1,0.0,48.0,98.9,101.0,122.2,124.8,-23.3,-23.8,0.632,1.6,17.0,0.281,0.76,0.505,0.149,0.474,0.504,103.1,101.0,84.17,101,0.381
0022200508,2022-12-27,1610612754,Indiana Pacers,1,1,0,1.0,48.0,117.4,122.9,112.0,108.6,5.4,14.3,0.596,2.15,19.2,0.271,0.827,0.56,0.124,0.582,0.621,105.8,105.0,87.5,105,0.563
0022200509,2022-12-27,1610612746,LA Clippers,1,1,0,1.0,48.0,125.1,126.5,116.0,115.3,9.1,11.2,0.6,2.45,18.8,0.38,0.733,0.547,0.112,0.565,0.601,98.3,98.0,81.67,98,0.533
0022200505,2022-12-27,1610612747,Los Angeles Lakers,1,1,0,1.0,48.0,125.9,127.7,112.2,110.0,13.6,17.7,0.653,2.29,22.1,0.302,0.822,0.568,0.139,0.639,0.662,100.2,100.5,83.75,101,0.573
0022200510,2022-12-27,1610612763,Memphis Grizzlies,1,0,1,0.0,48.0,101.9,103.8,119.0,122.5,-17.1,-18.7,0.5,1.2,12.8,0.333,0.596,0.452,0.144,0.44,0.51,105.5,103.0,85.83,104,0.394
0022200512,2022-12-27,1610612752,New York Knicks,1,0,1,0.0,53.0,113.6,115.2,118.3,120.0,-4.7,-4.8,0.6,2.7,17.8,0.333,0.8,0.54,0.095,0.515,0.533,96.5,95.09,79.25,105,0.48
0022200511,2022-12-27,1610612760,Oklahoma City Thunder,1,1,0,1.0,48.0,129.2,131.3,109.4,114.0,19.7,17.3,0.543,1.79,18.0,0.349,0.582,0.48,0.141,0.61,0.652,102.4,99.5,82.92,99,0.6
0022200505,2022-12-27,1610612753,Orlando Magic,1,0,1,0.0,48.0,112.2,110.0,125.9,127.7,-13.6,-17.7,0.595,2.27,18.8,0.178,0.698,0.432,0.11,0.56,0.579,100.2,100.5,83.75,100,0.427
0022200506,2022-12-27,1610612755,Philadelphia 76ers,1,0,1,0.0,48.0,107.1,111.0,113.0,116.0,-5.9,-5.0,0.538,1.31,15.3,0.356,0.633,0.5,0.16,0.5,0.568,103.1,100.0,83.33,100,0.511
0022200510,2022-12-27,1610612756,Phoenix Suns,1,1,0,1.0,48.0,119.0,122.5,101.9,103.8,17.1,18.7,0.605,1.18,17.7,0.404,0.667,0.548,0.216,0.592,0.638,105.5,103.0,85.83,102,0.606
0022200514,2022-12-27,1610612758,Sacramento Kings,1,0,1,0.0,48.0,107.8,107.1,115.0,114.1,-7.3,-7.1,0.5,1.25,15.6,0.209,0.739,0.483,0.162,0.549,0.587,98.3,99.0,82.5,99,0.439
0022200511,2022-12-27,1610612759,San Antonio Spurs,1,0,1,0.0,48.0,109.4,114.0,129.2,131.3,-19.7,-17.3,0.435,1.33,14.1,0.418,0.651,0.52,0.15,0.515,0.542,102.4,99.5,82.92,100,0.4
0022200509,2022-12-27,1610612761,Toronto Raptors,1,0,1,0.0,48.0,116.0,115.3,125.1,126.5,-9.1,-11.2,0.558,2.0,17.9,0.267,0.62,0.453,0.122,0.548,0.592,98.3,98.0,81.67,98,0.467
0022200506,2022-12-27,1610612764,Washington Wizards,1,1,0,1.0,48.0,113.0,116.0,107.1,111.0,5.9,5.0,0.462,1.0,13.2,0.367,0.644,0.5,0.18,0.524,0.588,103.1,100.0,83.33,100,0.489
0022200517,2022-12-28,1610612737,Atlanta Hawks,1,0,1,0.0,48.0,107.3,110.3,110.8,112.5,-3.4,-2.2,0.524,5.5,16.3,0.271,0.86,0.52,0.041,0.474,0.501,98.6,96.5,80.42,97,0.479
0022200517,2022-12-28,1610612751,Brooklyn Nets,1,1,0,1.0,48.0,110.8,112.5,107.3,110.3,3.4,2.2,0.524,1.83,17.7,0.14,0.729,0.48,0.125,0.566,0.597,98.6,96.5,80.42,96,0.521
0022200519,2022-12-28,1610612741,Chicago Bulls,1,1,0,1.0,53.0,106.1,106.3,97.3,101.8,8.7,4.4,0.5,1.5,14.5,0.226,0.658,0.481,0.125,0.505,0.566,103.4,100.98,84.15,112,0.583
0022200522,2022-12-28,1610612743,Denver Nuggets,1,0,1,0.0,48.0,123.6,126.0,125.7,127.0,-2.1,-1.0,0.633,1.94,22.1,0.306,0.667,0.506,0.16,0.647,0.678,101.5,100.0,83.33,100,0.492
0022200515,2022-12-28,1610612765,Detroit Pistons,1,1,0,1.0,48.0,121.5,122.2,103.1,102.0,18.4,20.2,0.694,1.92,18.1,0.292,0.704,0.51,0.131,0.563,0.62,98.8,99.0,82.5,99,0.589
0022200521,2022-12-28,1610612744,Golden State Warriors,1,1,0,1.0,48.0,109.9,107.7,102.5,103.9,7.5,3.8,0.595,1.69,16.1,0.208,0.776,0.505,0.125,0.517,0.566,103.2,103.5,86.25,104,0.515
0022200518,2022-12-28,1610612747,Los Angeles Lakers,1,0,1,0.0,48.0,96.5,105.4,117.8,117.9,-21.4,-12.5,0.676,0.96,18.9,0.333,0.72,0.543,0.28,0.565,0.586,98.3,94.0,78.33,93,0.429
0022200518,2022-12-28,1610612748,Miami Heat,1,1,0,1.0,48.0,117.8,117.9,96.5,105.4,21.4,12.5,0.455,3.33,15.5,0.28,0.667,0.457,0.063,0.538,0.565,98.3,94.0,78.33,95,0.571
0022200519,2022-12-28,1610612749,Milwaukee Bucks,1,0,1,0.0,53.0,97.3,101.8,106.1,106.3,-8.7,-4.4,0.439,1.29,11.6,0.342,0.774,0.519,0.126,0.414,0.455,103.4,100.98,84.15,111,0.417
0022200520,2022-12-28,1610612750,Minnesota Timberwolves,1,0,1,0.0,48.0,114.5,116.8,112.3,119.0,2.1,-2.2,0.429,1.64,14.2,0.178,0.723,0.457,0.109,0.566,0.608,104.5,100.5,83.75,101,0.492
0022200520,2022-12-28,1610612740,New Orleans Pelicans,1,1,0,1.0,48.0,112.3,119.0,114.5,116.8,-2.1,2.2,0.564,1.47,16.3,0.277,0.822,0.543,0.15,0.549,0.595,104.5,100.5,83.75,100,0.508
0022200515,2022-12-28,1610612753,Orlando Magic,1,0,1,0.0,48.0,103.1,102.0,121.5,122.2,-18.4,-20.2,0.686,1.85,17.3,0.296,0.708,0.49,0.131,0.441,0.505,98.8,99.0,82.5,99,0.411
0022200516,2022-12-28,1610612756,Phoenix Suns,1,0,1,0.0,48.0,108.5,112.1,133.2,138.0,-24.8,-26.0,0.641,2.27,18.9,0.314,0.556,0.414,0.121,0.523,0.542,94.7,91.5,76.25,91,0.354
0022200522,2022-12-28,1610612758,Sacramento Kings,1,1,0,1.0,48.0,125.7,127.0,123.6,126.0,2.1,1.0,0.681,2.67,21.8,0.333,0.694,0.494,0.12,0.607,0.635,101.5,100.0,83.33,100,0.508
0022200521,2022-12-28,1610612762,Utah Jazz,1,0,1,0.0,48.0,102.5,103.9,109.9,107.7,-7.5,-3.8,0.703,2.17,18.3,0.224,0.792,0.495,0.117,0.489,0.522,103.2,103.5,86.25,103,0.485
0022200516,2022-12-28,1610612764,Washington Wizards,1,1,0,1.0,48.0,133.2,138.0,108.5,112.1,24.8,26.0,0.574,2.08,20.0,0.444,0.686,0.586,0.141,0.622,0.673,94.7,91.5,76.25,92,0.646
0022200525,2022-12-29,1610612738,Boston Celtics,1,1,0,1.0,48.0,114.1,116.0,109.8,110.0,4.3,6.0,0.5,1.83,16.3,0.28,0.8,0.54,0.12,0.544,0.576,100.9,100.0,83.33,100,0.53
0022200523,2022-12-29,1610612766,Charlotte Hornets,1,1,0,1.0,48.0,117.8,116.3,103.4,109.7,14.3,6.6,0.717,1.83,22.0,0.295,0.695,0.524,0.173,0.607,0.625,106.0,103.5,86.25,104,0.638
0022200524,2022-12-29,1610612739,Cleveland Cavaliers,1,0,1,0.0,48.0,127.5,128.6,136.0,136.4,-8.5,-7.8,0.58,2.64,20.0,0.375,0.838,0.576,0.112,0.583,0.601,99.0,98.5,82.08,98,0.464
0022200528,2022-12-29,1610612742,Dallas Mavericks,1,1,0,1.0,48.0,122.9,126.5,110.4,112.9,12.5,13.6,0.638,3.33,21.1,0.204,0.719,0.481,0.088,0.615,0.632,104.1,101.5,84.58,102,0.588
0022200528,2022-12-29,1610612745,Houston Rockets,1,0,1,0.0,48.0,110.4,112.9,122.9,126.5,-12.5,-13.6,0.553,1.62,15.2,0.281,0.796,0.519,0.129,0.512,0.557,104.1,101.5,84.58,101,0.412
0022200524,2022-12-29,1610612754,Indiana Pacers,1,1,0,1.0,48.0,136.0,136.4,127.5,128.6,8.5,7.8,0.583,3.11,21.1,0.162,0.625,0.424,0.091,0.676,0.716,99.0,98.5,82.08,99,0.536
0022200525,2022-12-29,1610612746,LA Clippers,1,0,1,0.0,48.0,109.8,110.0,114.1,116.0,-4.3,-6.0,0.605,2.0,19.1,0.2,0.72,0.46,0.13,0.567,0.578,100.9,100.0,83.33,100,0.47
0022200526,2022-12-29,1610612763,Memphis Grizzlies,1,1,0,1.0,48.0,118.8,124.0,108.7,109.3,10.2,14.7,0.771,2.31,24.2,0.4,0.672,0.55,0.167,0.574,0.588,98.9,96.5,80.42,96,0.573
0022200527,2022-12-29,1610612752,New York Knicks,1,0,1,0.0,48.0,111.0,116.2,122.3,123.2,-11.3,-7.1,0.526,1.54,14.5,0.345,0.6,0.46,0.131,0.506,0.555,101.7,99.0,82.5,99,0.427
0022200523,2022-12-29,1610612760,Oklahoma City Thunder,1,0,1,0.0,48.0,103.4,109.7,117.8,116.3,-14.3,-6.6,0.357,1.25,11.0,0.305,0.705,0.476,0.117,0.48,0.522,106.0,103.5,86.25,103,0.362
0022200527,2022-12-29,1610612759,San Antonio Spurs,1,1,0,1.0,48.0,122.3,123.2,111.0,116.2,11.3,7.1,0.556,1.92,17.6,0.4,0.655,0.54,0.131,0.574,0.605,101.7,99.0,82.5,99,0.573
0022200526,2022-12-29,1610612761,Toronto Raptors,1,0,1,0.0,48.0,108.7,109.3,118.8,124.0,-10.2,-14.7,0.538,2.63,15.2,0.328,0.6,0.45,0.082,0.458,0.497,98.9,96.5,80.42,97,0.427
0022200530,2022-12-30,1610612737,Atlanta Hawks,1,0,1,0.0,48.0,112.2,115.2,120.5,122.6,-8.2,-7.4,0.458,2.2,15.6,0.246,0.667,0.431,0.095,0.53,0.551,107.9,105.5,87.92,105,0.406
0022200532,2022-12-30,1610612741,Chicago Bulls,1,1,0,1.0,48.0,131.2,136.1,118.5,121.6,12.7,14.4,0.396,1.5,15.9,0.385,0.625,0.517,0.144,0.641,0.669,100.1,97.0,80.83,97,0.549
0022200535,2022-12-30,1610612743,Denver Nuggets,1,1,0,1.0,48.0,123.2,122.8,114.2,117.8,9.0,5.0,0.756,1.7,23.9,0.212,0.708,0.506,0.198,0.704,0.724,102.4,101.0,84.17,101,0.55
0022200532,2022-12-30,1610612765,Detroit Pistons,1,0,1,0.0,48.0,118.5,121.6,131.2,136.1,-12.7,-14.4,0.683,1.75,19.7,0.375,0.615,0.483,0.165,0.576,0.611,100.1,97.0,80.83,97,0.451
0022200536,2022-12-30,1610612744,Golden State Warriors,1,1,0,1.0,48.0,122.6,120.4,111.9,115.5,10.7,4.9,0.69,2.23,19.9,0.365,0.611,0.491,0.133,0.555,0.589,98.2,97.5,81.25,98,0.552
0022200530,2022-12-30,1610612747,Los Angeles Lakers,1,1,0,1.0,48.0,120.5,122.6,112.2,115.2,8.2,7.4,0.654,2.13,21.9,0.333,0.754,0.569,0.151,0.594,0.625,107.9,105.5,87.92,106,0.594
0022200535,2022-12-30,1610612748,Miami Heat,1,0,1,0.0,48.0,114.2,117.8,123.2,122.8,-9.0,-5.0,0.538,1.4,15.4,0.292,0.788,0.494,0.149,0.529,0.594,102.4,101.0,84.17,101,0.45
0022200533,2022-12-30,1610612749,Milwaukee Bucks,1,1,0,1.0,48.0,113.3,115.0,105.6,106.5,7.7,8.4,0.581,1.19,16.2,0.426,0.847,0.646,0.196,0.538,0.572,108.2,107.0,89.17,107,0.574
0022200533,2022-12-30,1610612750,Minnesota Timberwolves,1,0,1,0.0,48.0,105.6,106.5,113.3,115.0,-7.7,-8.4,0.45,2.25,13.4,0.153,0.574,0.354,0.075,0.478,0.533,108.2,107.0,89.17,107,0.426
0022200534,2022-12-30,1610612740,New Orleans Pelicans,1,1,0,1.0,48.0,123.5,129.6,115.2,119.6,8.3,10.0,0.442,1.36,14.7,0.302,0.829,0.538,0.143,0.631,0.663,101.8,97.5,81.25,98,0.526
0022200529,2022-12-30,1610612753,Orlando Magic,1,0,1,0.0,48.0,90.9,93.5,110.2,111.2,-19.3,-17.8,0.571,2.18,16.8,0.194,0.833,0.429,0.103,0.445,0.467,109.0,107.0,89.17,107,0.356
0022200534,2022-12-30,1610612755,Philadelphia 76ers,1,0,1,0.0,48.0,115.2,119.6,123.5,129.6,-8.3,-10.0,0.667,1.47,21.4,0.171,0.698,0.462,0.196,0.653,0.685,101.8,97.5,81.25,97,0.474
0022200531,2022-12-30,1610612756,Phoenix Suns,1,0,1,0.0,48.0,104.9,107.2,117.2,116.5,-12.2,-9.3,0.743,0.96,19.1,0.351,0.791,0.588,0.278,0.592,0.641,97.8,97.0,80.83,97,0.485
0022200536,2022-12-30,1610612757,Portland Trail Blazers,1,0,1,0.0,48.0,111.9,115.5,122.6,120.4,-10.7,-4.9,0.524,1.38,15.7,0.389,0.635,0.509,0.165,0.527,0.554,98.2,97.5,81.25,97,0.448
0022200537,2022-12-30,1610612758,Sacramento Kings,1,1,0,1.0,48.0,121.9,123.5,121.1,125.0,0.8,-1.5,0.64,2.13,21.8,0.318,0.769,0.53,0.147,0.622,0.641,103.3,101.0,84.17,102,0.492
0022200531,2022-12-30,1610612761,Toronto Raptors,1,1,0,1.0,48.0,117.2,116.5,104.9,107.2,12.2,9.3,0.5,1.67,15.9,0.209,0.649,0.413,0.124,0.562,0.611,97.8,97.0,80.83,97,0.515
0022200537,2022-12-30,1610612762,Utah Jazz,1,0,1,0.0,48.0,121.1,125.0,121.9,123.5,-0.8,1.5,0.652,2.31,21.6,0.231,0.682,0.47,0.13,0.595,0.643,103.3,101.0,84.17,100,0.508
0022200529,2022-12-30,1610612764,Washington Wizards,1,1,0,1.0,48.0,110.2,111.2,90.9,93.5,19.3,17.8,0.786,1.27,22.6,0.167,0.806,0.571,0.243,0.66,0.692,109.0,107.0,89.17,107,0.644
0022200539,2022-12-31,1610612751,Brooklyn Nets,1,1,0,1.0,48.0,122.6,123.0,102.7,105.0,19.9,18.0,0.542,1.86,20.3,0.059,0.712,0.473,0.14,0.681,0.696,101.8,100.5,83.75,100,0.594
0022200539,2022-12-31,1610612766,Charlotte Hornets,1,0,1,0.0,48.0,102.7,105.0,122.6,123.0,-19.9,-18.0,0.737,2.33,19.4,0.288,0.941,0.527,0.119,0.453,0.504,101.8,100.5,83.75,101,0.406
0022200540,2022-12-31,1610612741,Chicago Bulls,1,0,1,0.0,48.0,104.6,103.0,103.7,105.1,0.9,-2.1,0.359,0.93,11.5,0.205,0.667,0.453,0.152,0.525,0.557,98.5,98.5,82.08,99,0.516
0022200540,2022-12-31,1610612739,Cleveland Cavaliers,1,1,0,1.0,48.0,103.7,105.1,104.6,103.0,-0.9,2.1,0.513,0.95,14.8,0.333,0.795,0.547,0.214,0.535,0.552,98.5,98.5,82.08,98,0.484
0022200542,2022-12-31,1610612742,Dallas Mavericks,1,1,0,1.0,48.0,133.7,131.3,128.8,131.6,4.9,-0.3,0.42,4.2,17.1,0.195,0.568,0.388,0.052,0.663,0.661,95.7,95.5,79.58,96,0.475
0022200544,2022-12-31,1610612765,Detroit Pistons,1,1,0,1.0,48.0,115.6,113.7,103.5,103.0,12.1,10.8,0.488,1.5,15.0,0.333,0.792,0.556,0.137,0.539,0.572,100.4,101.5,84.58,102,0.569
0022200541,2022-12-31,1610612745,Houston Rockets,1,0,1,0.0,48.0,87.9,89.8,110.1,111.3,-22.2,-21.5,0.69,0.8,15.0,0.327,0.683,0.518,0.255,0.468,0.505,99.1,97.5,81.25,98,0.403
0022200538,2022-12-31,1610612754,Indiana Pacers,1,1,0,1.0,48.0,125.0,128.4,129.0,128.7,-4.0,-0.3,0.609,2.33,19.9,0.273,0.789,0.512,0.118,0.602,0.65,102.8,101.5,84.58,102,0.508
0022200538,2022-12-31,1610612746,LA Clippers,1,0,1,0.0,48.0,129.0,128.7,125.0,128.4,4.0,0.3,0.535,1.44,17.4,0.211,0.727,0.488,0.158,0.638,0.701,102.8,101.5,84.58,101,0.492
0022200543,2022-12-31,1610612763,Memphis Grizzlies,1,1,0,1.0,48.0,107.7,109.4,90.3,94.4,17.4,15.0,0.553,1.37,17.7,0.313,0.635,0.495,0.179,0.538,0.57,109.8,106.5,88.75,106,0.663
0022200546,2022-12-31,1610612748,Miami Heat,1,1,0,1.0,48.0,120.9,128.6,122.6,124.2,-1.6,4.3,0.711,2.67,22.1,0.306,0.583,0.443,0.122,0.579,0.616,102.3,98.5,82.08,98,0.51
0022200544,2022-12-31,1610612750,Minnesota Timberwolves,1,0,1,0.0,48.0,103.5,103.0,115.6,113.7,-12.1,-10.8,0.472,1.13,13.3,0.208,0.667,0.444,0.149,0.494,0.551,100.4,101.5,84.58,101,0.431
0022200543,2022-12-31,1610612740,New Orleans Pelicans,1,0,1,0.0,48.0,90.3,94.4,107.7,109.4,-17.4,-15.0,0.5,0.8,11.0,0.365,0.688,0.505,0.187,0.396,0.473,109.8,106.5,88.75,107,0.337
0022200541,2022-12-31,1610612752,New York Knicks,1,1,0,1.0,48.0,110.1,111.3,87.9,89.8,22.2,21.5,0.571,2.0,14.7,0.317,0.673,0.482,0.103,0.472,0.519,99.1,97.5,81.25,97,0.597
0022200545,2022-12-31,1610612760,Oklahoma City Thunder,1,0,1,0.0,48.0,93.5,94.1,109.0,112.7,-15.5,-18.6,0.457,1.0,11.9,0.279,0.661,0.462,0.157,0.446,0.472,104.1,102.0,85.0,102,0.363
0022200545,2022-12-31,1610612755,Philadelphia 76ers,1,1,0,1.0,48.0,109.0,112.7,93.5,94.1,15.5,18.6,0.63,2.23,19.3,0.339,0.721,0.538,0.127,0.52,0.54,104.1,102.0,85.0,102,0.637
0022200542,2022-12-31,1610612759,San Antonio Spurs,1,0,1,0.0,48.0,128.8,131.6,133.7,131.3,-4.9,0.3,0.596,2.15,19.7,0.432,0.805,0.612,0.137,0.6,0.631,95.7,95.5,79.58,95,0.525
0022200546,2022-12-31,1610612762,Utah Jazz,1,0,1,0.0,48.0,122.6,124.2,120.9,128.6,1.6,-4.3,0.657,1.44,16.2,0.417,0.694,0.557,0.162,0.537,0.613,102.3,98.5,82.08,99,0.49
0022200549,2023-01-01,1610612738,Boston Celtics,1,0,1,0.0,48.0,109.0,111.0,119.5,120.6,-10.6,-9.6,0.75,2.31,21.1,0.25,0.886,0.518,0.13,0.511,0.561,102.4,101.0,84.17,100,0.459
0022200549,2023-01-01,1610612743,Denver Nuggets,1,1,0,1.0,48.0,119.5,120.6,109.0,111.0,10.6,9.6,0.689,1.82,22.6,0.114,0.75,0.482,0.167,0.677,0.708,102.4,101.0,84.17,102,0.541
0022200547,2023-01-01,1610612763,Memphis Grizzlies,1,1,0,1.0,48.0,116.2,116.8,103.3,108.0,12.9,8.8,0.543,2.08,16.8,0.414,0.667,0.539,0.119,0.51,0.534,103.1,100.5,83.75,101,0.556
0022200548,2023-01-01,1610612749,Milwaukee Bucks,1,0,1,0.0,48.0,90.8,92.2,110.2,114.6,-19.4,-22.3,0.647,1.38,15.4,0.286,0.646,0.441,0.155,0.422,0.463,105.8,103.0,85.83,103,0.358
0022200547,2023-01-01,1610612758,Sacramento Kings,1,0,1,0.0,48.0,103.3,108.0,116.2,116.8,-12.9,-8.8,0.615,1.5,16.9,0.333,0.586,0.461,0.16,0.484,0.526,103.1,100.5,83.75,100,0.444
0022200548,2023-01-01,1610612764,Washington Wizards,1,1,0,1.0,48.0,110.2,114.6,90.8,92.2,19.4,22.3,0.58,1.61,19.5,0.354,0.714,0.559,0.175,0.569,0.584,105.8,103.0,85.83,103,0.642
0022200558,2023-01-02,1610612737,Atlanta Hawks,1,0,1,0.0,58.0,113.0,109.3,112.1,112.6,0.9,-3.3,0.566,2.31,17.5,0.207,0.634,0.442,0.101,0.537,0.579,104.4,105.93,88.28,129,0.523
0022200555,2023-01-02,1610612751,Brooklyn Nets,1,1,0,1.0,48.0,131.6,132.4,95.4,97.2,36.2,35.2,0.534,2.38,21.5,0.216,0.683,0.505,0.124,0.683,0.698,106.8,105.5,87.92,105,0.672
0022200551,2023-01-02,1610612766,Charlotte Hornets,1,0,1,0.0,48.0,102.9,105.5,107.8,110.0,-4.9,-4.5,0.571,1.71,16.8,0.193,0.778,0.477,0.128,0.511,0.544,112.0,109.5,91.25,109,0.468
0022200552,2023-01-02,1610612741,Chicago Bulls,1,0,1,0.0,53.0,120.8,122.9,133.3,134.3,-12.5,-11.3,0.468,3.14,15.6,0.235,0.731,0.485,0.064,0.547,0.609,99.5,98.26,81.89,109,0.479
0022200552,2023-01-02,1610612739,Cleveland Cavaliers,1,1,0,1.0,53.0,133.3,134.3,120.8,122.9,12.5,11.3,0.563,2.7,18.1,0.269,0.765,0.515,0.093,0.609,0.648,99.5,98.26,81.89,108,0.521
0022200556,2023-01-02,1610612742,Dallas Mavericks,1,1,0,1.0,48.0,115.7,115.6,109.5,110.4,6.1,5.2,0.559,2.38,15.2,0.2,0.792,0.49,0.083,0.5,0.578,96.4,96.0,80.0,96,0.541
0022200557,2023-01-02,1610612743,Denver Nuggets,1,0,1,0.0,48.0,114.7,113.3,124.1,126.5,-9.5,-13.3,0.643,1.8,18.9,0.353,0.659,0.495,0.153,0.522,0.556,98.3,98.0,81.67,98,0.447
0022200559,2023-01-02,1610612765,Detroit Pistons,1,0,1,0.0,48.0,94.6,96.4,121.2,120.5,-26.6,-24.2,0.471,0.76,11.6,0.235,0.844,0.521,0.191,0.451,0.53,111.7,111.0,92.5,110,0.337
0022200558,2023-01-02,1610612744,Golden State Warriors,1,1,0,1.0,58.0,112.1,112.6,113.0,109.3,-0.9,3.3,0.63,1.79,18.2,0.366,0.793,0.558,0.15,0.525,0.543,104.4,105.93,88.28,127,0.477
0022200556,2023-01-02,1610612745,Houston Rockets,1,0,1,0.0,48.0,109.5,110.4,115.7,115.6,-6.1,-5.2,0.553,2.1,16.7,0.208,0.8,0.51,0.104,0.518,0.559,96.4,96.0,80.0,96,0.459
0022200553,2023-01-02,1610612754,Indiana Pacers,1,1,0,1.0,48.0,119.1,123.2,113.9,116.3,5.2,6.9,0.533,1.85,16.8,0.438,0.741,0.598,0.131,0.538,0.584,101.3,98.5,82.08,99,0.556
0022200560,2023-01-02,1610612746,LA Clippers,1,0,1,0.0,48.0,106.4,105.3,116.3,115.8,-9.9,-10.5,0.655,1.27,16.1,0.098,0.708,0.427,0.158,0.522,0.61,94.3,95.0,79.17,95,0.462
0022200551,2023-01-02,1610612747,Los Angeles Lakers,1,1,0,1.0,48.0,107.8,110.0,102.9,105.5,4.9,4.5,0.578,1.73,17.6,0.222,0.807,0.523,0.136,0.538,0.57,112.0,109.5,91.25,110,0.532
0022200560,2023-01-02,1610612748,Miami Heat,1,1,0,1.0,48.0,116.3,115.8,106.4,105.3,9.9,10.5,0.564,2.0,16.8,0.292,0.902,0.573,0.116,0.529,0.576,94.3,95.0,79.17,95,0.538
0022200557,2023-01-02,1610612750,Minnesota Timberwolves,1,1,0,1.0,48.0,124.1,126.5,114.7,113.3,9.5,13.3,0.644,2.42,20.4,0.341,0.647,0.505,0.122,0.592,0.627,98.3,98.0,81.67,98,0.553
0022200554,2023-01-02,1610612740,New Orleans Pelicans,1,0,1,0.0,48.0,111.2,112.1,118.4,123.7,-7.2,-11.6,0.619,1.53,18.6,0.333,0.813,0.581,0.172,0.565,0.598,100.6,98.0,81.67,99,0.487
0022200550,2023-01-02,1610612752,New York Knicks,1,1,0,1.0,48.0,115.9,115.9,89.2,96.5,26.7,19.4,0.722,3.25,21.0,0.238,0.778,0.542,0.091,0.574,0.6,90.5,87.0,72.5,88,0.628
0022200554,2023-01-02,1610612755,Philadelphia 76ers,1,1,0,1.0,48.0,118.4,123.7,111.2,112.1,7.2,11.6,0.634,2.6,19.7,0.188,0.667,0.419,0.103,0.564,0.61,100.6,98.0,81.67,97,0.513
0022200550,2023-01-02,1610612756,Phoenix Suns,1,0,1,0.0,48.0,89.2,96.5,115.9,115.9,-26.7,-19.4,0.647,2.75,18.3,0.222,0.762,0.458,0.093,0.448,0.461,90.5,87.0,72.5,86,0.372
0022200559,2023-01-02,1610612757,Portland Trail Blazers,1,1,0,1.0,48.0,121.2,120.5,94.6,96.4,26.6,24.2,0.604,1.61,19.6,0.156,0.765,0.479,0.161,0.655,0.679,111.7,111.0,92.5,112,0.663
0022200555,2023-01-02,1610612759,San Antonio Spurs,1,0,1,0.0,48.0,95.4,97.2,131.6,132.4,-36.2,-35.2,0.619,1.44,17.3,0.317,0.784,0.495,0.17,0.474,0.491,106.8,105.5,87.92,106,0.328
0022200553,2023-01-02,1610612761,Toronto Raptors,1,0,1,0.0,48.0,113.9,116.3,119.1,123.2,-5.2,-6.9,0.634,2.36,18.8,0.259,0.563,0.402,0.112,0.527,0.564,101.3,98.5,82.08,98,0.444
0022200562,2023-01-03,1610612738,Boston Celtics,1,0,1,0.0,48.0,108.7,110.4,134.3,140.2,-25.6,-29.8,0.725,1.71,19.6,0.26,0.659,0.447,0.16,0.523,0.576,109.7,106.5,88.75,106,0.397
0022200561,2023-01-03,1610612749,Milwaukee Bucks,1,1,0,1.0,48.0,117.7,120.6,109.6,110.8,8.1,9.8,0.563,2.25,18.5,0.346,0.691,0.523,0.118,0.535,0.572,103.8,102.0,85.0,102,0.536
0022200562,2023-01-03,1610612760,Oklahoma City Thunder,1,1,0,1.0,48.0,134.3,140.2,108.7,110.4,25.6,29.8,0.534,2.38,20.4,0.341,0.74,0.553,0.121,0.694,0.697,109.7,106.5,88.75,107,0.603
0022200563,2023-01-03,1610612758,Sacramento Kings,1,1,0,1.0,48.0,111.5,115.8,109.8,112.7,1.7,3.1,0.5,1.28,17.2,0.238,0.686,0.484,0.178,0.587,0.623,104.8,101.5,84.58,101,0.508
0022200563,2023-01-03,1610612762,Utah Jazz,1,0,1,0.0,48.0,109.8,112.7,111.5,115.8,-1.7,-3.1,0.553,1.31,15.1,0.314,0.762,0.516,0.157,0.506,0.571,104.8,101.5,84.58,102,0.492
0022200561,2023-01-03,1610612764,Washington Wizards,1,0,1,0.0,48.0,109.6,110.8,117.7,120.6,-8.1,-9.8,0.643,2.7,18.5,0.309,0.654,0.477,0.098,0.474,0.527,103.8,102.0,85.0,102,0.464
0022200575,2023-01-04,1610612737,Atlanta Hawks,1,1,0,1.0,48.0,116.9,117.6,116.0,114.7,0.9,2.9,0.467,1.31,15.9,0.22,0.771,0.517,0.157,0.595,0.64,101.8,102.0,85.0,102,0.507
0022200570,2023-01-04,1610612751,Brooklyn Nets,1,0,1,0.0,48.0,105.4,106.7,115.5,114.2,-10.1,-7.5,0.571,2.18,17.8,0.118,0.795,0.411,0.105,0.527,0.559,105.5,105.5,87.92,105,0.432
0022200564,2023-01-04,1610612766,Charlotte Hornets,1,0,1,0.0,48.0,100.4,100.0,115.6,121.3,-15.2,-21.3,0.658,2.08,17.6,0.172,0.686,0.413,0.112,0.463,0.512,109.9,107.5,89.58,107,0.393
0022200570,2023-01-04,1610612741,Chicago Bulls,1,1,0,1.0,48.0,115.5,114.2,105.4,106.7,10.1,7.5,0.488,1.24,15.7,0.205,0.882,0.589,0.16,0.58,0.645,105.5,105.5,87.92,106,0.568
0022200565,2023-01-04,1610612739,Cleveland Cavaliers,1,1,0,1.0,48.0,94.6,95.7,91.7,93.6,2.9,2.1,0.5,1.0,12.6,0.196,0.788,0.495,0.16,0.461,0.517,95.5,94.0,78.33,94,0.487
0022200573,2023-01-04,1610612765,Detroit Pistons,1,1,0,1.0,48.0,120.6,124.5,120.7,119.0,0.0,5.5,0.644,2.9,20.6,0.286,0.762,0.505,0.102,0.576,0.597,99.9,99.0,82.5,98,0.516
0022200573,2023-01-04,1610612744,Golden State Warriors,1,0,1,0.0,48.0,120.7,119.0,120.6,124.5,0.0,-5.5,0.689,2.21,22.0,0.238,0.714,0.495,0.14,0.603,0.636,99.9,99.0,82.5,100,0.484
0022200572,2023-01-04,1610612745,Houston Rockets,1,0,1,0.0,48.0,107.1,109.1,118.5,121.4,-11.4,-12.3,0.641,1.92,18.0,0.283,0.64,0.456,0.131,0.511,0.541,100.7,98.5,82.08,99,0.444
0022200567,2023-01-04,1610612754,Indiana Pacers,1,0,1,0.0,53.0,118.4,120.0,123.2,122.9,-4.9,-2.9,0.689,2.38,20.1,0.353,0.673,0.515,0.124,0.542,0.592,95.6,95.09,79.25,105,0.513
0022200574,2023-01-04,1610612747,Los Angeles Lakers,1,1,0,1.0,48.0,109.6,113.1,105.6,110.1,4.0,3.0,0.5,1.18,15.3,0.279,0.655,0.49,0.172,0.543,0.594,102.7,99.0,82.5,99,0.528
0022200564,2023-01-04,1610612763,Memphis Grizzlies,1,1,0,1.0,48.0,115.6,121.3,100.4,100.0,15.2,21.3,0.596,2.0,18.7,0.314,0.828,0.587,0.13,0.548,0.594,109.9,107.5,89.58,108,0.607
0022200574,2023-01-04,1610612748,Miami Heat,1,0,1,0.0,48.0,105.6,110.1,109.6,113.1,-4.0,-3.0,0.558,1.85,16.9,0.345,0.721,0.51,0.131,0.495,0.523,102.7,99.0,82.5,99,0.472
0022200569,2023-01-04,1610612749,Milwaukee Bucks,1,1,0,1.0,53.0,89.5,90.4,84.3,87.8,5.2,2.6,0.743,0.93,16.4,0.316,0.741,0.565,0.243,0.472,0.514,106.9,104.15,86.79,115,0.592
0022200571,2023-01-04,1610612750,Minnesota Timberwolves,1,1,0,1.0,48.0,114.3,117.7,106.6,111.6,7.8,6.1,0.641,1.67,18.7,0.333,0.638,0.494,0.156,0.572,0.615,99.2,95.5,79.58,96,0.56
0022200572,2023-01-04,1610612740,New Orleans Pelicans,1,1,0,1.0,48.0,118.5,121.4,107.1,109.1,11.4,12.3,0.61,1.67,17.7,0.36,0.717,0.544,0.153,0.539,0.592,100.7,98.5,82.08,98,0.556
0022200568,2023-01-04,1610612752,New York Knicks,1,1,0,1.0,48.0,111.0,115.8,112.4,112.9,-1.4,3.0,0.356,1.14,11.5,0.415,0.778,0.582,0.139,0.532,0.555,103.4,101.0,84.17,101,0.495
0022200566,2023-01-04,1610612760,Oklahoma City Thunder,1,0,1,0.0,48.0,112.0,115.0,125.0,127.3,-12.9,-12.3,0.639,2.56,16.7,0.278,0.643,0.438,0.09,0.489,0.56,101.7,99.5,82.92,100,0.43
0022200566,2023-01-04,1610612753,Orlando Magic,1,1,0,1.0,48.0,125.0,127.3,112.0,115.0,12.9,12.3,0.619,1.53,18.6,0.357,0.722,0.563,0.172,0.599,0.651,101.7,99.5,82.92,99,0.57
0022200567,2023-01-04,1610612755,Philadelphia 76ers,1,1,0,1.0,53.0,123.2,122.9,118.4,120.0,4.9,2.9,0.5,2.18,16.4,0.327,0.647,0.485,0.105,0.561,0.599,95.6,95.09,79.25,105,0.487
0022200565,2023-01-04,1610612756,Phoenix Suns,1,0,1,0.0,48.0,91.7,93.6,94.6,95.7,-2.9,-2.1,0.75,1.6,18.6,0.212,0.804,0.505,0.16,0.457,0.495,95.5,94.0,78.33,94,0.513
0022200571,2023-01-04,1610612757,Portland Trail Blazers,1,0,1,0.0,48.0,106.6,111.6,114.3,117.7,-7.8,-6.1,0.545,1.0,13.8,0.362,0.667,0.506,0.189,0.5,0.567,99.2,95.5,79.58,95,0.44
0022200575,2023-01-04,1610612758,Sacramento Kings,1,0,1,0.0,48.0,116.0,114.7,116.9,117.6,-0.9,-2.9,0.634,2.36,18.7,0.229,0.78,0.483,0.108,0.523,0.586,101.8,102.0,85.0,102,0.493
0022200568,2023-01-04,1610612759,San Antonio Spurs,1,0,1,0.0,48.0,112.4,112.9,111.0,115.8,1.4,-3.0,0.61,1.47,18.4,0.222,0.585,0.418,0.168,0.567,0.61,103.4,101.0,84.17,101,0.505
0022200569,2023-01-04,1610612761,Toronto Raptors,1,0,1,0.0,53.0,84.3,87.8,89.5,90.4,-5.2,-2.6,0.579,2.44,13.9,0.259,0.684,0.435,0.078,0.366,0.405,106.9,104.15,86.79,115,0.408
0022200577,2023-01-05,1610612738,Boston Celtics,1,1,0,1.0,48.0,125.7,126.5,94.1,96.9,31.7,29.6,0.707,2.64,21.0,0.244,0.759,0.534,0.112,0.583,0.635,99.8,98.0,81.67,98,0.679
0022200577,2023-01-05,1610612742,Dallas Mavericks,1,0,1,0.0,48.0,94.1,96.9,125.7,126.5,-31.7,-29.6,0.441,1.36,11.8,0.241,0.756,0.466,0.112,0.417,0.47,99.8,98.0,81.67,98,0.321
0022200579,2023-01-05,1610612743,Denver Nuggets,1,1,0,1.0,48.0,121.7,122.0,89.2,91.9,32.5,30.1,0.622,2.33,19.9,0.277,0.787,0.565,0.12,0.584,0.621,101.1,99.5,82.92,100,0.645
0022200578,2023-01-05,1610612745,Houston Rockets,1,0,1,0.0,48.0,109.2,111.8,129.4,128.4,-20.2,-16.7,0.5,1.27,13.8,0.327,0.787,0.539,0.147,0.495,0.551,102.8,102.0,85.0,102,0.388
0022200579,2023-01-05,1610612746,LA Clippers,1,0,1,0.0,48.0,89.2,91.9,121.7,122.0,-32.5,-30.1,0.706,3.0,17.6,0.213,0.723,0.435,0.081,0.401,0.446,101.1,99.5,82.92,99,0.355
0022200576,2023-01-05,1610612763,Memphis Grizzlies,1,1,0,1.0,48.0,115.9,121.8,113.6,113.9,2.3,7.9,0.5,1.85,17.4,0.292,0.816,0.557,0.129,0.587,0.602,103.7,101.0,84.17,101,0.529
0022200576,2023-01-05,1610612753,Orlando Magic,1,0,1,0.0,48.0,113.6,113.9,115.9,121.8,-2.3,-7.9,0.59,2.09,17.3,0.184,0.708,0.443,0.109,0.53,0.592,103.7,101.0,84.17,101,0.471
0022200578,2023-01-05,1610612762,Utah Jazz,1,1,0,1.0,48.0,129.4,128.4,109.2,111.8,20.2,16.7,0.717,4.13,22.8,0.213,0.673,0.461,0.078,0.597,0.641,102.8,102.0,85.0,102,0.612
0022200590,2023-01-06,1610612737,Atlanta Hawks,1,0,1,0.0,48.0,103.0,104.6,117.1,119.3,-14.1,-14.7,0.545,2.0,16.8,0.182,0.773,0.444,0.11,0.505,0.539,110.9,109.0,90.83,109,0.422
0022200586,2023-01-06,1610612751,Brooklyn Nets,1,1,0,1.0,48.0,111.6,112.5,101.0,105.2,10.6,7.3,0.703,2.0,19.4,0.245,0.636,0.452,0.135,0.524,0.576,98.9,96.5,80.42,96,0.567
0022200583,2023-01-06,1610612766,Charlotte Hornets,1,1,0,1.0,48.0,134.8,135.3,109.5,107.9,25.3,27.4,0.604,6.4,21.5,0.308,0.731,0.519,0.049,0.618,0.625,101.0,101.5,84.58,102,0.631
0022200581,2023-01-06,1610612741,Chicago Bulls,1,1,0,1.0,48.0,132.0,131.3,118.0,116.7,14.0,14.6,0.688,2.75,23.9,0.231,0.736,0.522,0.125,0.69,0.689,95.2,96.0,80.0,96,0.573
0022200588,2023-01-06,1610612739,Cleveland Cavaliers,1,0,1,0.0,48.0,118.6,120.0,131.4,136.0,-12.8,-16.0,0.75,4.29,21.4,0.357,0.585,0.454,0.078,0.511,0.529,91.6,89.5,74.58,90,0.436
0022200588,2023-01-06,1610612743,Denver Nuggets,1,1,0,1.0,48.0,131.4,136.0,118.6,120.0,12.8,16.0,0.651,2.0,20.9,0.415,0.643,0.546,0.157,0.636,0.664,91.6,89.5,74.58,89,0.564
0022200585,2023-01-06,1610612765,Detroit Pistons,1,0,1,0.0,48.0,107.4,106.9,117.0,118.6,-9.6,-11.8,0.523,1.44,16.3,0.302,0.711,0.473,0.157,0.532,0.542,102.5,102.0,85.0,102,0.387
0022200580,2023-01-06,1610612754,Indiana Pacers,1,1,0,1.0,48.0,101.6,101.9,92.1,93.4,9.5,8.5,0.579,1.57,16.4,0.146,0.737,0.467,0.132,0.494,0.561,106.9,106.0,88.33,106,0.537
0022200587,2023-01-06,1610612746,LA Clippers,1,0,1,0.0,48.0,110.7,112.7,123.4,126.7,-12.7,-14.0,0.5,2.2,15.1,0.361,0.658,0.475,0.098,0.485,0.514,103.8,101.5,84.58,102,0.423
0022200590,2023-01-06,1610612747,Los Angeles Lakers,1,1,0,1.0,48.0,117.1,119.3,103.0,104.6,14.1,14.7,0.647,1.83,21.7,0.227,0.818,0.556,0.165,0.634,0.65,110.9,109.0,90.83,109,0.578
0022200589,2023-01-06,1610612748,Miami Heat,1,1,0,1.0,48.0,104.4,107.2,97.0,101.1,7.4,6.2,0.576,1.46,15.3,0.174,0.75,0.468,0.134,0.5,0.567,99.3,96.0,80.0,97,0.538
0022200583,2023-01-06,1610612749,Milwaukee Bucks,1,0,1,0.0,48.0,109.5,107.9,134.8,135.3,-25.3,-27.4,0.595,1.29,16.1,0.269,0.692,0.481,0.168,0.56,0.576,101.0,101.5,84.58,101,0.369
0022200587,2023-01-06,1610612750,Minnesota Timberwolves,1,1,0,1.0,48.0,123.4,126.7,110.7,112.7,12.7,14.0,0.609,1.4,19.9,0.342,0.639,0.525,0.198,0.648,0.683,103.8,101.5,84.58,101,0.577
0022200586,2023-01-06,1610612740,New Orleans Pelicans,1,0,1,0.0,48.0,101.0,105.2,111.6,112.5,-10.6,-7.3,0.457,1.0,12.0,0.364,0.755,0.548,0.165,0.466,0.515,98.9,96.5,80.42,97,0.433
0022200582,2023-01-06,1610612752,New York Knicks,1,1,0,1.0,48.0,118.6,117.9,115.6,114.9,3.0,3.0,0.487,1.46,14.6,0.32,0.755,0.544,0.137,0.566,0.593,93.9,94.5,78.75,95,0.497
0022200584,2023-01-06,1610612760,Oklahoma City Thunder,1,1,0,1.0,48.0,123.1,123.3,105.9,105.8,17.2,17.5,0.6,3.0,20.5,0.26,0.696,0.469,0.097,0.597,0.61,103.5,103.5,86.25,103,0.563
0022200581,2023-01-06,1610612755,Philadelphia 76ers,1,0,1,0.0,48.0,118.0,116.7,132.0,131.3,-14.0,-14.6,0.7,4.0,20.3,0.264,0.769,0.478,0.073,0.533,0.56,95.2,96.0,80.0,96,0.427
0022200589,2023-01-06,1610612756,Phoenix Suns,1,0,1,0.0,48.0,97.0,101.1,104.4,107.2,-7.4,-6.2,0.647,1.57,17.2,0.25,0.826,0.532,0.147,0.451,0.516,99.3,96.0,80.0,95,0.462
0022200580,2023-01-06,1610612757,Portland Trail Blazers,1,0,1,0.0,48.0,92.1,93.4,101.6,101.9,-9.5,-8.5,0.789,1.67,19.9,0.263,0.854,0.533,0.17,0.452,0.488,106.9,106.0,88.33,106,0.463
0022200585,2023-01-06,1610612759,San Antonio Spurs,1,1,0,1.0,48.0,117.0,118.6,107.4,106.9,9.6,11.8,0.6,1.5,19.6,0.289,0.698,0.527,0.176,0.611,0.654,102.5,102.0,85.0,102,0.613
0022200582,2023-01-06,1610612761,Toronto Raptors,1,0,1,0.0,48.0,115.6,114.9,118.6,117.9,-3.0,-3.0,0.629,3.14,17.1,0.245,0.68,0.456,0.074,0.482,0.549,93.9,94.5,78.75,94,0.503
0022200584,2023-01-06,1610612764,Washington Wizards,1,0,1,0.0,48.0,105.9,105.8,123.1,123.3,-17.2,-17.5,0.553,1.05,15.1,0.304,0.74,0.531,0.192,0.525,0.58,103.5,103.5,86.25,104,0.437
0022200591,2023-01-07,1610612738,Boston Celtics,1,1,0,1.0,48.0,111.1,116.3,108.2,110.5,2.8,5.9,0.638,2.14,20.5,0.231,0.698,0.467,0.135,0.574,0.588,108.0,104.5,87.08,104,0.526
0022200592,2023-01-07,1610612741,Chicago Bulls,1,1,0,1.0,48.0,125.9,126.0,113.5,115.7,12.4,10.3,0.5,2.2,16.9,0.182,0.776,0.495,0.1,0.608,0.649,102.0,101.0,84.17,100,0.511
0022200593,2023-01-07,1610612742,Dallas Mavericks,1,1,0,1.0,48.0,123.6,121.0,108.9,112.5,14.7,8.5,0.548,1.35,17.0,0.194,0.636,0.462,0.162,0.655,0.7,105.1,104.5,87.08,105,0.544
0022200594,2023-01-07,1610612744,Golden State Warriors,1,0,1,0.0,48.0,98.8,100.0,113.2,115.0,-14.4,-15.0,0.788,1.63,18.2,0.276,0.816,0.523,0.158,0.477,0.519,101.9,100.5,83.75,101,0.425
0022200595,2023-01-07,1610612747,Los Angeles Lakers,1,1,0,1.0,48.0,131.4,134.7,129.7,131.4,1.6,3.3,0.52,1.53,18.7,0.333,0.63,0.5,0.168,0.665,0.705,103.4,101.5,84.58,101,0.533
0022200593,2023-01-07,1610612740,New Orleans Pelicans,1,0,1,0.0,48.0,108.9,112.5,123.6,121.0,-14.7,-8.5,0.578,2.0,17.3,0.364,0.806,0.538,0.125,0.505,0.535,105.1,104.5,87.08,104,0.456
0022200594,2023-01-07,1610612753,Orlando Magic,1,1,0,1.0,48.0,113.2,115.0,98.8,100.0,14.4,15.0,0.591,2.36,19.3,0.184,0.724,0.477,0.11,0.58,0.589,101.9,100.5,83.75,100,0.575
0022200595,2023-01-07,1610612758,Sacramento Kings,1,0,1,0.0,48.0,129.7,131.4,131.4,134.7,-1.6,-3.3,0.556,1.79,17.6,0.37,0.667,0.5,0.137,0.605,0.655,103.4,101.5,84.58,102,0.467
0022200591,2023-01-07,1610612759,San Antonio Spurs,1,0,1,0.0,48.0,108.2,110.5,111.1,116.3,-2.8,-5.9,0.51,1.92,17.4,0.302,0.769,0.533,0.124,0.525,0.546,108.0,104.5,87.08,105,0.474
0022200592,2023-01-07,1610612762,Utah Jazz,1,0,1,0.0,48.0,113.5,115.7,125.9,126.0,-12.4,-10.3,0.783,3.6,24.3,0.224,0.818,0.505,0.098,0.559,0.585,102.0,101.0,84.17,102,0.489
0022200604,2023-01-08,1610612737,Atlanta Hawks,1,1,0,1.0,48.0,112.2,110.9,109.5,106.9,2.7,4.0,0.5,2.44,16.9,0.167,0.633,0.426,0.089,0.539,0.573,99.2,101.0,84.17,101,0.534
0022200599,2023-01-08,1610612751,Brooklyn Nets,1,1,0,1.0,48.0,106.7,110.9,105.8,109.8,0.9,1.1,0.564,1.16,17.6,0.282,0.649,0.5,0.207,0.592,0.617,95.5,92.0,76.67,92,0.544
0022200598,2023-01-08,1610612766,Charlotte Hornets,1,0,1,0.0,48.0,105.8,106.7,105.9,112.6,-0.1,-5.9,0.658,1.39,17.1,0.321,0.736,0.528,0.173,0.494,0.556,107.2,103.5,86.25,104,0.467
0022200603,2023-01-08,1610612739,Cleveland Cavaliers,1,1,0,1.0,48.0,116.1,115.5,99.2,103.2,16.9,12.3,0.644,2.07,22.1,0.162,0.792,0.518,0.144,0.647,0.655,97.7,96.0,80.0,97,0.599
0022200602,2023-01-08,1610612742,Dallas Mavericks,1,0,1,0.0,48.0,113.0,112.4,121.5,123.7,-8.5,-11.3,0.677,1.62,16.3,0.234,0.686,0.469,0.134,0.521,0.596,97.6,97.0,80.83,97,0.436
0022200596,2023-01-08,1610612765,Detroit Pistons,1,0,1,0.0,48.0,102.9,105.7,118.1,117.1,-15.3,-11.4,0.568,1.09,17.4,0.311,0.68,0.505,0.219,0.552,0.585,106.0,105.0,87.5,105,0.449
0022200601,2023-01-08,1610612745,Houston Rockets,1,0,1,0.0,48.0,92.7,98.0,104.3,105.1,-11.7,-7.1,0.684,1.3,18.3,0.316,0.727,0.495,0.204,0.489,0.502,101.6,98.5,82.08,98,0.437
0022200598,2023-01-08,1610612754,Indiana Pacers,1,1,0,1.0,48.0,105.9,112.6,105.8,106.7,0.1,5.9,0.711,1.69,18.8,0.264,0.679,0.472,0.155,0.511,0.571,107.2,103.5,86.25,103,0.533
0022200604,2023-01-08,1610612746,LA Clippers,1,0,1,0.0,48.0,109.5,106.9,112.2,110.9,-2.7,-4.0,0.676,2.27,16.9,0.367,0.833,0.574,0.109,0.442,0.497,99.2,101.0,84.17,101,0.466
0022200600,2023-01-08,1610612763,Memphis Grizzlies,1,1,0,1.0,48.0,113.2,116.0,106.6,112.4,6.6,3.7,0.609,2.8,18.7,0.305,0.711,0.481,0.094,0.525,0.551,109.7,105.5,87.92,106,0.494
0022200599,2023-01-08,1610612748,Miami Heat,1,0,1,0.0,48.0,105.8,109.8,106.7,110.9,-0.9,-1.1,0.579,1.83,16.4,0.351,0.718,0.5,0.13,0.484,0.508,95.5,92.0,76.67,92,0.456
0022200601,2023-01-08,1610612750,Minnesota Timberwolves,1,1,0,1.0,48.0,104.3,105.1,92.7,98.0,11.7,7.1,0.605,1.21,17.3,0.273,0.684,0.505,0.192,0.538,0.58,101.6,98.5,82.08,99,0.563
0022200602,2023-01-08,1610612760,Oklahoma City Thunder,1,1,0,1.0,48.0,121.5,123.7,113.0,112.4,8.5,11.3,0.587,3.38,19.3,0.314,0.766,0.531,0.082,0.547,0.578,97.6,97.0,80.83,97,0.564
0022200596,2023-01-08,1610612755,Philadelphia 76ers,1,1,0,1.0,48.0,118.1,117.1,102.9,105.7,15.3,11.4,0.522,1.71,16.6,0.32,0.689,0.495,0.133,0.548,0.591,106.0,105.0,87.5,105,0.551
0022200603,2023-01-08,1610612756,Phoenix Suns,1,0,1,0.0,48.0,99.2,103.2,116.1,115.5,-16.9,-12.3,0.595,1.38,17.3,0.208,0.838,0.482,0.168,0.524,0.552,97.7,96.0,80.0,95,0.401
0022200597,2023-01-08,1610612757,Portland Trail Blazers,1,0,1,0.0,48.0,98.8,104.0,116.1,113.6,-17.3,-9.6,0.559,0.79,14.2,0.318,0.698,0.526,0.238,0.507,0.569,103.5,102.0,85.0,101,0.407
0022200597,2023-01-08,1610612761,Toronto Raptors,1,1,0,1.0,48.0,116.1,113.6,98.8,104.0,17.3,9.6,0.65,2.6,17.9,0.302,0.682,0.474,0.097,0.505,0.564,103.5,102.0,85.0,103,0.593
0022200600,2023-01-08,1610612762,Utah Jazz,1,0,1,0.0,48.0,106.6,112.4,113.2,116.0,-6.6,-3.7,0.644,1.38,19.7,0.289,0.695,0.519,0.2,0.568,0.604,109.7,105.5,87.92,105,0.506
0022200606,2023-01-09,1610612738,Boston Celtics,1,1,0,1.0,48.0,111.2,112.6,105.1,104.2,6.0,8.4,0.658,2.78,19.2,0.22,0.86,0.54,0.095,0.5,0.556,95.2,95.0,79.17,95,0.567
0022200606,2023-01-09,1610612741,Chicago Bulls,1,0,1,0.0,48.0,105.1,104.2,111.2,112.6,-6.0,-8.4,0.487,2.38,15.7,0.14,0.78,0.46,0.084,0.523,0.537,95.2,95.0,79.17,95,0.433
0022200609,2023-01-09,1610612743,Denver Nuggets,1,1,0,1.0,48.0,111.4,113.0,101.9,101.9,9.6,11.1,0.63,1.71,18.8,0.315,0.8,0.56,0.157,0.54,0.573,108.2,107.5,89.58,108,0.56
0022200609,2023-01-09,1610612747,Los Angeles Lakers,1,0,1,0.0,48.0,101.9,101.9,111.4,113.0,-9.6,-11.1,0.488,1.43,14.5,0.2,0.685,0.44,0.131,0.484,0.524,108.2,107.5,89.58,107,0.44
0022200608,2023-01-09,1610612763,Memphis Grizzlies,1,1,0,1.0,48.0,110.6,114.2,106.6,105.6,4.0,8.5,0.578,1.86,17.4,0.327,0.745,0.542,0.132,0.555,0.569,107.7,106.5,88.75,106,0.552
0022200607,2023-01-09,1610612749,Milwaukee Bucks,1,1,0,1.0,48.0,112.2,118.1,108.4,111.5,3.8,6.6,0.692,1.93,19.6,0.327,0.635,0.496,0.149,0.545,0.573,98.8,95.0,79.17,94,0.54
0022200605,2023-01-09,1610612740,New Orleans Pelicans,1,1,0,1.0,48.0,126.1,129.4,108.8,112.0,17.3,17.4,0.49,2.4,16.9,0.34,0.786,0.551,0.098,0.581,0.619,103.8,101.0,84.17,102,0.584
0022200607,2023-01-09,1610612752,New York Knicks,1,0,1,0.0,48.0,108.4,111.5,112.2,118.1,-3.8,-6.6,0.421,2.29,11.9,0.365,0.673,0.504,0.073,0.435,0.488,98.8,95.0,79.17,96,0.46
0022200610,2023-01-09,1610612753,Orlando Magic,1,0,1,0.0,48.0,108.0,108.8,133.0,133.3,-25.0,-24.5,0.585,1.85,17.4,0.235,0.739,0.474,0.127,0.533,0.562,102.5,102.0,85.0,102,0.398
0022200610,2023-01-09,1610612758,Sacramento Kings,1,1,0,1.0,48.0,133.0,133.3,108.0,108.8,25.0,24.5,0.75,3.55,25.5,0.261,0.765,0.526,0.108,0.655,0.665,102.5,102.0,85.0,102,0.602
0022200608,2023-01-09,1610612759,San Antonio Spurs,1,0,1,0.0,48.0,106.6,105.6,110.6,114.2,-4.0,-8.5,0.636,2.0,18.8,0.255,0.673,0.458,0.131,0.51,0.543,107.7,106.5,88.75,107,0.448
0022200605,2023-01-09,1610612764,Washington Wizards,1,0,1,0.0,48.0,108.8,112.0,126.1,129.4,-17.3,-17.4,0.619,1.3,19.3,0.214,0.66,0.449,0.2,0.598,0.623,103.8,101.0,84.17,100,0.416
0022200613,2023-01-10,1610612766,Charlotte Hornets,1,0,1,0.0,48.0,124.2,125.0,137.7,137.5,-13.4,-12.5,0.702,3.3,23.9,0.214,0.604,0.422,0.104,0.634,0.648,96.2,96.0,80.0,96,0.478
0022200614,2023-01-10,1610612739,Cleveland Cavaliers,1,0,1,0.0,48.0,115.7,114.0,111.2,117.2,4.4,-3.2,0.429,3.6,14.2,0.18,0.615,0.402,0.05,0.522,0.567,101.4,99.5,82.92,100,0.487
0022200617,2023-01-10,1610612742,Dallas Mavericks,1,0,1,0.0,48.0,107.6,109.8,116.3,124.2,-8.6,-14.4,0.5,1.25,12.9,0.209,0.647,0.447,0.13,0.522,0.595,95.5,91.5,76.25,92,0.456
0022200612,2023-01-10,1610612765,Detroit Pistons,1,0,1,0.0,48.0,102.8,106.4,132.2,134.9,-29.4,-28.4,0.639,2.09,16.3,0.164,0.639,0.352,0.101,0.483,0.553,112.0,109.0,90.83,109,0.343
0022200615,2023-01-10,1610612744,Golden State Warriors,1,0,1,0.0,48.0,103.8,105.6,117.2,115.7,-13.4,-10.1,0.649,1.41,16.0,0.311,0.6,0.441,0.159,0.479,0.524,107.8,107.5,89.58,107,0.417
0022200617,2023-01-10,1610612746,LA Clippers,1,1,0,1.0,48.0,116.3,124.2,107.6,109.8,8.6,14.4,0.513,2.0,15.5,0.353,0.791,0.553,0.11,0.523,0.57,95.5,91.5,76.25,91,0.544
0022200611,2023-01-10,1610612748,Miami Heat,1,1,0,1.0,48.0,108.1,110.9,105.5,111.0,2.6,-0.1,0.581,0.9,13.2,0.354,0.592,0.474,0.198,0.456,0.58,104.4,100.5,83.75,101,0.514
0022200611,2023-01-10,1610612760,Oklahoma City Thunder,1,0,1,0.0,48.0,105.5,111.0,108.1,110.9,-2.6,0.1,0.614,1.42,18.4,0.408,0.646,0.526,0.19,0.533,0.554,104.4,100.5,83.75,100,0.486
0022200616,2023-01-10,1610612753,Orlando Magic,1,1,0,1.0,48.0,110.1,113.5,106.7,109.3,3.4,4.3,0.475,1.19,15.3,0.25,0.644,0.459,0.167,0.571,0.612,99.2,96.5,80.42,96,0.503
0022200612,2023-01-10,1610612755,Philadelphia 76ers,1,1,0,1.0,48.0,132.2,134.9,102.8,106.4,29.4,28.4,0.667,1.89,22.8,0.361,0.836,0.648,0.174,0.669,0.719,112.0,109.0,90.83,109,0.657
0022200615,2023-01-10,1610612756,Phoenix Suns,1,1,0,1.0,48.0,117.2,115.7,103.8,105.6,13.4,10.1,0.634,1.18,16.9,0.4,0.689,0.559,0.204,0.533,0.603,107.8,107.5,89.58,108,0.583
0022200616,2023-01-10,1610612757,Portland Trail Blazers,1,0,1,0.0,48.0,106.7,109.3,110.1,113.5,-3.4,-4.3,0.524,1.29,16.4,0.356,0.75,0.541,0.175,0.517,0.556,99.2,96.5,80.42,97,0.497
0022200613,2023-01-10,1610612761,Toronto Raptors,1,1,0,1.0,48.0,137.7,137.5,124.2,125.0,13.4,12.5,0.711,2.91,21.8,0.396,0.786,0.578,0.115,0.604,0.642,96.2,96.0,80.0,96,0.522
0022200614,2023-01-10,1610612762,Utah Jazz,1,1,0,1.0,48.0,111.2,117.2,115.7,114.0,-4.4,3.2,0.553,1.31,15.0,0.385,0.82,0.598,0.162,0.494,0.562,101.4,99.5,82.92,99,0.513
0022200620,2023-01-11,1610612737,Atlanta Hawks,1,0,1,0.0,48.0,105.1,104.0,114.2,114.0,-9.1,-10.0,0.641,2.27,18.9,0.12,0.714,0.434,0.109,0.511,0.553,99.9,100.5,83.75,101,0.467
0022200621,2023-01-11,1610612738,Boston Celtics,1,1,0,1.0,48.0,125.0,123.8,114.6,114.0,10.4,9.8,0.545,2.67,17.5,0.271,0.911,0.581,0.089,0.566,0.613,99.7,100.5,83.75,101,0.557
0022200619,2023-01-11,1610612741,Chicago Bulls,1,0,1,0.0,48.0,101.1,101.0,102.8,104.2,-1.8,-3.1,0.39,1.33,13.2,0.18,0.723,0.443,0.125,0.517,0.527,96.6,96.0,80.0,96,0.462
0022200624,2023-01-11,1610612743,Denver Nuggets,1,1,0,1.0,48.0,128.3,129.9,95.9,101.0,32.4,28.9,0.625,2.73,21.6,0.286,0.615,0.468,0.113,0.653,0.669,99.7,96.5,80.42,97,0.631
0022200618,2023-01-11,1610612765,Detroit Pistons,1,1,0,1.0,48.0,131.9,133.7,114.3,115.7,17.6,18.0,0.625,1.76,21.4,0.265,0.653,0.494,0.168,0.706,0.731,102.8,101.5,84.58,101,0.615
0022200625,2023-01-11,1610612745,Houston Rockets,1,0,1,0.0,48.0,105.0,109.5,125.4,128.6,-20.4,-19.0,0.682,2.14,20.1,0.259,0.755,0.505,0.133,0.542,0.556,108.6,105.0,87.5,105,0.446
0022200622,2023-01-11,1610612754,Indiana Pacers,1,0,1,0.0,48.0,108.4,109.7,117.2,115.5,-8.8,-5.8,0.628,2.08,19.4,0.18,0.708,0.439,0.126,0.544,0.569,102.9,103.0,85.83,103,0.461
0022200623,2023-01-11,1610612763,Memphis Grizzlies,1,1,0,1.0,48.0,123.9,126.2,115.1,118.3,8.8,7.8,0.365,1.36,13.0,0.377,0.678,0.536,0.131,0.584,0.603,110.6,108.0,90.0,107,0.505
0022200620,2023-01-11,1610612749,Milwaukee Bucks,1,1,0,1.0,48.0,114.2,114.0,105.1,104.0,9.1,10.0,0.622,2.55,19.4,0.286,0.88,0.566,0.11,0.551,0.554,99.9,100.5,83.75,100,0.533
0022200618,2023-01-11,1610612750,Minnesota Timberwolves,1,0,1,0.0,48.0,114.3,115.7,131.9,133.7,-17.6,-18.0,0.512,1.16,15.6,0.347,0.735,0.506,0.186,0.58,0.607,102.8,101.5,84.58,102,0.385
0022200621,2023-01-11,1610612740,New Orleans Pelicans,1,0,1,0.0,48.0,114.6,114.0,125.0,123.8,-10.4,-9.8,0.489,2.44,17.5,0.089,0.729,0.419,0.09,0.58,0.603,99.7,100.5,83.75,100,0.443
0022200622,2023-01-11,1610612752,New York Knicks,1,1,0,1.0,48.0,117.2,115.5,108.4,109.7,8.8,5.8,0.553,1.4,15.2,0.292,0.82,0.561,0.146,0.542,0.604,102.9,103.0,85.83,103,0.539
0022200624,2023-01-11,1610612756,Phoenix Suns,1,0,1,0.0,48.0,95.9,101.0,128.3,129.9,-32.4,-28.9,0.718,1.4,19.4,0.385,0.714,0.532,0.208,0.483,0.504,99.7,96.5,80.42,96,0.369
0022200625,2023-01-11,1610612758,Sacramento Kings,1,1,0,1.0,48.0,125.4,128.6,105.0,109.5,20.4,19.0,0.622,3.11,19.3,0.245,0.741,0.495,0.086,0.58,0.627,108.6,105.0,87.5,105,0.554
0022200623,2023-01-11,1610612759,San Antonio Spurs,1,0,1,0.0,48.0,115.1,118.3,123.9,126.2,-8.8,-7.8,0.66,2.75,20.6,0.322,0.623,0.464,0.11,0.519,0.551,110.6,108.0,90.0,109,0.495
0022200619,2023-01-11,1610612764,Washington Wizards,1,1,0,1.0,48.0,102.8,104.2,101.1,101.0,1.8,3.1,0.553,1.17,16.2,0.277,0.82,0.557,0.188,0.506,0.548,96.6,96.0,80.0,96,0.538
0022200627,2023-01-12,1610612738,Boston Celtics,1,1,0,1.0,48.0,114.2,114.7,101.2,104.3,13.0,10.5,0.561,1.64,17.3,0.326,0.83,0.581,0.147,0.547,0.583,96.2,94.5,78.75,95,0.548
0022200627,2023-01-12,1610612751,Brooklyn Nets,1,0,1,0.0,48.0,101.2,104.3,114.2,114.7,-13.0,-10.5,0.684,2.17,20.5,0.17,0.674,0.419,0.128,0.53,0.552,96.2,94.5,78.75,94,0.452
0022200629,2023-01-12,1610612766,Charlotte Hornets,1,0,1,0.0,48.0,111.9,115.2,124.2,126.5,-12.3,-11.4,0.659,1.23,19.3,0.341,0.767,0.56,0.222,0.617,0.641,100.9,98.5,82.08,99,0.433
0022200631,2023-01-12,1610612739,Cleveland Cavaliers,1,1,0,1.0,48.0,117.1,116.7,110.0,110.8,7.1,5.9,0.636,2.55,19.6,0.286,0.829,0.533,0.108,0.534,0.58,102.2,102.0,85.0,102,0.57
0022200630,2023-01-12,1610612742,Dallas Mavericks,1,1,0,1.0,58.0,99.6,99.2,95.9,97.5,3.7,1.7,0.521,1.32,16.7,0.1,0.767,0.496,0.158,0.573,0.575,99.0,98.48,82.07,120,0.533
0022200630,2023-01-12,1610612747,Los Angeles Lakers,1,0,1,0.0,58.0,95.9,97.5,99.6,99.2,-3.7,-1.7,0.545,2.4,15.2,0.233,0.9,0.504,0.085,0.438,0.464,99.0,98.48,82.07,118,0.467
0022200628,2023-01-12,1610612748,Miami Heat,1,1,0,1.0,48.0,111.3,112.5,105.6,105.2,5.7,7.3,0.524,1.69,15.9,0.377,0.8,0.593,0.135,0.489,0.529,96.8,96.5,80.42,96,0.568
0022200628,2023-01-12,1610612749,Milwaukee Bucks,1,0,1,0.0,48.0,105.6,105.2,111.3,112.5,-5.7,-7.3,0.571,1.82,15.6,0.2,0.623,0.407,0.113,0.529,0.545,96.8,96.5,80.42,97,0.432
0022200626,2023-01-12,1610612760,Oklahoma City Thunder,1,1,0,1.0,48.0,124.9,125.5,105.7,108.6,19.2,16.9,0.636,2.55,19.4,0.233,0.74,0.505,0.104,0.593,0.662,107.2,105.5,87.92,106,0.6
0022200626,2023-01-12,1610612755,Philadelphia 76ers,1,0,1,0.0,48.0,105.7,108.6,124.9,125.5,-19.2,-16.9,0.769,1.76,20.3,0.26,0.767,0.495,0.162,0.506,0.571,107.2,105.5,87.92,105,0.4
0022200631,2023-01-12,1610612757,Portland Trail Blazers,1,0,1,0.0,48.0,110.0,110.8,117.1,116.7,-7.1,-5.9,0.425,1.0,13.5,0.171,0.714,0.467,0.167,0.583,0.623,102.2,102.0,85.0,102,0.43
0022200629,2023-01-12,1610612761,Toronto Raptors,1,1,0,1.0,48.0,124.2,126.5,111.9,115.2,12.3,11.4,0.698,3.33,21.7,0.233,0.659,0.44,0.092,0.578,0.627,100.9,98.5,82.08,98,0.567
0022200633,2023-01-13,1610612737,Atlanta Hawks,1,1,0,1.0,48.0,109.5,113.0,104.0,112.1,5.5,0.9,0.634,1.86,17.8,0.364,0.594,0.487,0.14,0.521,0.547,105.0,99.5,82.92,100,0.523
0022200636,2023-01-13,1610612741,Chicago Bulls,1,0,1,0.0,48.0,108.3,111.1,123.2,122.8,-14.9,-11.7,0.789,1.88,21.1,0.271,0.681,0.474,0.162,0.518,0.576,101.1,100.0,83.33,99,0.459
0022200639,2023-01-13,1610612743,Denver Nuggets,1,1,0,1.0,48.0,122.3,123.7,109.4,108.4,13.0,15.2,0.585,2.18,18.8,0.244,0.702,0.478,0.118,0.585,0.618,94.1,94.0,78.33,93,0.568
0022200632,2023-01-13,1610612765,Detroit Pistons,1,0,1,0.0,48.0,103.2,102.8,107.2,108.4,-4.0,-5.6,0.465,1.54,14.8,0.157,0.75,0.444,0.121,0.517,0.547,107.4,107.0,89.17,107,0.45
0022200635,2023-01-13,1610612744,Golden State Warriors,1,1,0,1.0,48.0,130.0,130.9,101.8,101.8,28.1,29.1,0.6,2.54,21.2,0.277,0.811,0.56,0.118,0.634,0.656,110.9,110.5,92.08,110,0.623
0022200640,2023-01-13,1610612745,Houston Rockets,1,0,1,0.0,48.0,108.6,115.2,140.7,140.4,-32.2,-25.3,0.535,1.53,16.3,0.345,0.6,0.453,0.152,0.538,0.559,101.9,99.0,82.5,99,0.351
0022200633,2023-01-13,1610612754,Indiana Pacers,1,0,1,0.0,48.0,104.0,112.1,109.5,113.0,-5.5,-0.9,0.6,2.0,16.1,0.406,0.636,0.513,0.121,0.431,0.488,105.0,99.5,82.92,99,0.477
0022200639,2023-01-13,1610612746,LA Clippers,1,0,1,0.0,48.0,109.4,108.4,122.3,123.7,-13.0,-15.2,0.488,1.67,15.5,0.298,0.756,0.522,0.126,0.529,0.553,94.1,94.0,78.33,95,0.432
0022200637,2023-01-13,1610612750,Minnesota Timberwolves,1,1,0,1.0,48.0,110.2,114.2,108.9,109.4,1.3,4.7,0.511,1.6,17.0,0.244,0.756,0.5,0.142,0.578,0.612,108.2,106.0,88.33,106,0.513
0022200632,2023-01-13,1610612740,New Orleans Pelicans,1,1,0,1.0,48.0,107.2,108.4,103.2,102.8,4.0,5.6,0.69,1.71,19.6,0.25,0.843,0.556,0.159,0.552,0.585,107.4,107.0,89.17,107,0.55
0022200634,2023-01-13,1610612752,New York Knicks,1,1,0,1.0,48.0,113.5,116.7,107.5,113.7,6.0,3.0,0.366,2.14,11.7,0.309,0.712,0.518,0.073,0.489,0.53,99.5,95.5,79.58,96,0.517
0022200636,2023-01-13,1610612760,Oklahoma City Thunder,1,1,0,1.0,48.0,123.2,122.8,108.3,111.1,14.9,11.7,0.468,2.0,16.1,0.319,0.729,0.526,0.109,0.571,0.61,101.1,100.0,83.33,101,0.541
0022200638,2023-01-13,1610612753,Orlando Magic,1,0,1,0.0,48.0,100.9,101.9,104.1,106.7,-3.2,-4.8,0.548,1.53,16.1,0.237,0.62,0.413,0.142,0.51,0.524,107.3,105.5,87.92,106,0.465
0022200637,2023-01-13,1610612756,Phoenix Suns,1,0,1,0.0,48.0,108.9,109.4,110.2,114.2,-1.3,-4.7,0.683,1.47,19.3,0.244,0.756,0.5,0.179,0.558,0.601,108.2,106.0,88.33,106,0.487
0022200640,2023-01-13,1610612758,Sacramento Kings,1,1,0,1.0,48.0,140.7,140.4,108.6,115.2,32.2,25.3,0.723,2.43,22.8,0.4,0.655,0.547,0.141,0.663,0.704,101.9,99.0,82.5,99,0.649
0022200635,2023-01-13,1610612759,San Antonio Spurs,1,0,1,0.0,48.0,101.8,101.8,130.0,130.9,-28.1,-29.1,0.65,1.73,17.8,0.189,0.723,0.44,0.135,0.5,0.549,110.9,110.5,92.08,111,0.377
0022200638,2023-01-13,1610612762,Utah Jazz,1,1,0,1.0,48.0,104.1,106.7,100.9,101.9,3.2,4.8,0.417,0.63,10.8,0.38,0.763,0.587,0.229,0.5,0.557,107.3,105.5,87.92,105,0.535
0022200634,2023-01-13,1610612764,Washington Wizards,1,0,1,0.0,48.0,107.5,113.7,113.5,116.7,-6.0,-3.0,0.5,2.25,13.8,0.288,0.691,0.482,0.084,0.457,0.517,99.5,95.5,79.58,95,0.483
0022200644,2023-01-14,1610612737,Atlanta Hawks,1,1,0,1.0,48.0,115.2,116.3,99.8,104.0,15.4,12.3,0.442,1.58,15.3,0.167,0.66,0.442,0.122,0.577,0.62,101.1,98.5,82.08,98,0.562
0022200642,2023-01-14,1610612738,Boston Celtics,1,1,0,1.0,48.0,126.6,127.1,108.9,110.4,17.7,16.7,0.745,5.0,24.0,0.283,0.766,0.51,0.073,0.571,0.59,96.9,96.0,80.0,96,0.567
0022200642,2023-01-14,1610612766,Charlotte Hornets,1,0,1,0.0,48.0,108.9,110.4,126.6,127.1,-17.7,-16.7,0.512,1.91,16.4,0.234,0.717,0.49,0.115,0.511,0.55,96.9,96.0,80.0,96,0.433
0022200645,2023-01-14,1610612739,Cleveland Cavaliers,1,0,1,0.0,48.0,106.1,106.3,112.7,113.4,-6.6,-7.2,0.649,1.33,18.6,0.225,0.842,0.526,0.188,0.539,0.592,96.9,96.5,80.42,96,0.48
0022200647,2023-01-14,1610612742,Dallas Mavericks,1,0,1,0.0,48.0,119.8,121.4,136.4,138.8,-16.7,-17.3,0.651,2.55,21.5,0.091,0.675,0.369,0.112,0.659,0.658,99.5,98.0,81.67,98,0.403
0022200643,2023-01-14,1610612754,Indiana Pacers,1,0,1,0.0,48.0,93.9,100.0,120.0,116.1,-26.1,-16.1,0.684,1.3,16.0,0.369,0.81,0.542,0.179,0.422,0.486,113.8,112.0,93.33,112,0.37
0022200643,2023-01-14,1610612763,Memphis Grizzlies,1,1,0,1.0,48.0,120.0,116.1,93.9,100.0,26.1,16.1,0.667,2.0,21.2,0.19,0.631,0.458,0.143,0.621,0.654,113.8,112.0,93.33,112,0.63
0022200641,2023-01-14,1610612748,Miami Heat,1,1,0,1.0,48.0,123.0,122.0,102.9,104.4,20.0,17.6,0.378,1.55,13.9,0.326,0.784,0.574,0.121,0.58,0.601,91.3,91.0,75.83,91,0.586
0022200641,2023-01-14,1610612749,Milwaukee Bucks,1,0,1,0.0,48.0,102.9,104.4,123.0,122.0,-20.0,-17.6,0.765,2.6,20.3,0.216,0.674,0.426,0.11,0.518,0.532,91.3,91.0,75.83,91,0.414
0022200645,2023-01-14,1610612750,Minnesota Timberwolves,1,1,0,1.0,48.0,112.7,113.4,106.1,106.3,6.6,7.2,0.489,1.47,17.6,0.158,0.775,0.474,0.155,0.619,0.635,96.9,96.5,80.42,97,0.52
0022200646,2023-01-14,1610612755,Philadelphia 76ers,1,1,0,1.0,48.0,118.7,119.2,114.6,117.0,4.1,2.2,0.575,2.88,17.3,0.216,0.667,0.434,0.081,0.545,0.587,100.8,99.5,82.92,99,0.502
0022200647,2023-01-14,1610612757,Portland Trail Blazers,1,1,0,1.0,48.0,136.4,138.8,119.8,121.4,16.7,17.3,0.694,2.83,23.6,0.325,0.909,0.631,0.122,0.653,0.696,99.5,98.0,81.67,98,0.597
0022200644,2023-01-14,1610612761,Toronto Raptors,1,0,1,0.0,48.0,99.8,104.0,115.2,116.3,-15.4,-12.3,0.528,1.36,14.0,0.34,0.833,0.558,0.141,0.454,0.514,101.1,98.5,82.08,99,0.438
0022200646,2023-01-14,1610612762,Utah Jazz,1,0,1,0.0,48.0,114.6,117.0,118.7,119.2,-4.1,-2.2,0.465,1.67,14.8,0.333,0.784,0.566,0.12,0.544,0.584,100.8,99.5,82.92,100,0.498
0022200651,2023-01-15,1610612751,Brooklyn Nets,1,0,1,0.0,48.0,100.6,103.0,112.6,112.0,-12.0,-9.0,0.615,1.5,17.1,0.298,0.731,0.505,0.162,0.495,0.513,100.4,99.5,82.92,99,0.432
0022200650,2023-01-15,1610612741,Chicago Bulls,1,1,0,1.0,48.0,121.6,123.4,108.6,110.3,13.0,13.1,0.604,2.9,19.9,0.213,0.783,0.495,0.093,0.584,0.625,108.6,107.0,89.17,107,0.557
0022200654,2023-01-15,1610612742,Dallas Mavericks,1,0,1,0.0,48.0,123.6,125.5,135.3,142.9,-11.7,-17.3,0.756,3.44,21.5,0.3,0.698,0.484,0.092,0.539,0.594,101.5,98.0,81.67,98,0.437
0022200653,2023-01-15,1610612743,Denver Nuggets,1,1,0,1.0,48.0,117.4,119.0,113.8,116.0,3.6,3.0,0.667,2.0,21.8,0.333,0.689,0.511,0.16,0.612,0.611,101.7,100.0,83.33,100,0.52
0022200648,2023-01-15,1610612765,Detroit Pistons,1,0,1,0.0,48.0,112.3,111.8,127.7,127.2,-15.4,-15.3,0.622,1.92,18.1,0.229,0.627,0.434,0.129,0.554,0.58,92.1,92.5,77.08,93,0.434
0022200650,2023-01-15,1610612744,Golden State Warriors,1,0,1,0.0,48.0,108.6,110.3,121.6,123.4,-13.0,-13.1,0.854,1.52,23.2,0.217,0.787,0.505,0.215,0.62,0.637,108.6,107.0,89.17,107,0.443
0022200649,2023-01-15,1610612745,Houston Rockets,1,0,1,0.0,48.0,96.0,98.0,117.2,118.6,-21.2,-20.6,0.579,1.1,16.1,0.26,0.711,0.474,0.196,0.494,0.531,103.7,102.0,85.0,102,0.403
0022200649,2023-01-15,1610612746,LA Clippers,1,1,0,1.0,48.0,117.2,118.6,96.0,98.0,21.2,20.6,0.457,1.24,15.4,0.289,0.74,0.526,0.167,0.602,0.622,103.7,102.0,85.0,102,0.597
0022200655,2023-01-15,1610612747,Los Angeles Lakers,1,0,1,0.0,48.0,112.3,116.7,114.9,116.5,-2.6,0.2,0.583,2.55,21.5,0.146,0.795,0.482,0.115,0.586,0.604,99.0,96.5,80.42,96,0.498
0022200648,2023-01-15,1610612752,New York Knicks,1,1,0,1.0,48.0,127.7,127.2,112.3,111.8,15.4,15.3,0.425,2.13,13.3,0.373,0.771,0.566,0.087,0.523,0.576,92.1,92.5,77.08,92,0.566
0022200651,2023-01-15,1610612760,Oklahoma City Thunder,1,1,0,1.0,48.0,112.6,112.0,100.6,103.0,12.0,9.0,0.525,2.33,15.6,0.269,0.702,0.495,0.09,0.511,0.552,100.4,99.5,82.92,100,0.568
0022200653,2023-01-15,1610612753,Orlando Magic,1,0,1,0.0,48.0,113.8,116.0,117.4,119.0,-3.6,-3.0,0.585,1.85,17.4,0.311,0.667,0.489,0.13,0.53,0.586,101.7,100.0,83.33,100,0.48
0022200655,2023-01-15,1610612755,Philadelphia 76ers,1,1,0,1.0,48.0,114.9,116.5,112.3,116.7,2.6,-0.2,0.674,2.9,21.5,0.205,0.854,0.518,0.103,0.576,0.605,99.0,96.5,80.42,97,0.502
0022200654,2023-01-15,1610612757,Portland Trail Blazers,1,1,0,1.0,48.0,135.3,142.9,123.6,125.5,11.7,17.3,0.651,3.5,20.3,0.302,0.7,0.516,0.082,0.606,0.676,101.5,98.0,81.67,98,0.563
0022200652,2023-01-15,1610612758,Sacramento Kings,1,1,0,1.0,48.0,133.3,136.1,118.1,124.0,15.3,12.1,0.49,4.0,18.3,0.233,0.68,0.473,0.062,0.629,0.66,99.9,96.5,80.42,97,0.558
0022200652,2023-01-15,1610612759,San Antonio Spurs,1,0,1,0.0,48.0,118.1,124.0,133.3,136.1,-15.3,-12.1,0.563,2.7,19.4,0.32,0.767,0.527,0.104,0.57,0.584,99.9,96.5,80.42,96,0.442
0022200661,2023-01-16,1610612737,Atlanta Hawks,1,1,0,1.0,48.0,121.4,122.2,111.0,114.1,10.4,8.1,0.6,1.69,20.9,0.114,0.652,0.42,0.162,0.678,0.706,100.7,99.0,82.5,99,0.53
0022200656,2023-01-16,1610612738,Boston Celtics,1,1,0,1.0,48.0,135.4,136.8,123.9,125.5,11.5,11.3,0.791,2.83,23.6,0.386,0.706,0.558,0.126,0.609,0.663,95.6,94.5,78.75,95,0.552
0022200656,2023-01-16,1610612766,Charlotte Hornets,1,0,1,0.0,48.0,123.9,125.5,135.4,136.8,-11.5,-11.3,0.634,5.2,19.3,0.294,0.614,0.442,0.053,0.528,0.572,95.6,94.5,78.75,94,0.448
0022200658,2023-01-16,1610612739,Cleveland Cavaliers,1,1,0,1.0,48.0,117.1,117.7,104.4,106.2,12.7,11.5,0.564,1.47,16.5,0.341,0.825,0.571,0.156,0.544,0.598,97.6,96.5,80.42,96,0.538
0022200660,2023-01-16,1610612744,Golden State Warriors,1,1,0,1.0,48.0,123.0,123.3,113.3,114.6,9.7,8.7,0.622,2.33,19.9,0.217,0.795,0.5,0.117,0.593,0.633,103.7,103.0,85.83,103,0.524
0022200664,2023-01-16,1610612745,Houston Rockets,1,0,1,0.0,48.0,126.1,133.3,140.8,141.4,-14.7,-8.1,0.571,3.5,18.7,0.418,0.75,0.566,0.081,0.545,0.581,102.0,99.0,82.5,99,0.449
0022200657,2023-01-16,1610612754,Indiana Pacers,1,0,1,0.0,48.0,116.0,116.7,128.7,130.7,-12.7,-14.0,0.674,1.81,21.3,0.119,0.733,0.437,0.157,0.625,0.657,102.6,101.5,84.58,102,0.46
0022200664,2023-01-16,1610612747,Los Angeles Lakers,1,1,0,1.0,48.0,140.8,141.4,126.1,133.3,14.7,8.1,0.469,11.5,17.3,0.25,0.582,0.434,0.02,0.604,0.658,102.0,99.0,82.5,99,0.551
0022200663,2023-01-16,1610612763,Memphis Grizzlies,1,1,0,1.0,48.0,129.8,134.7,102.6,103.9,27.2,30.7,0.558,2.64,19.9,0.327,0.765,0.55,0.109,0.612,0.637,104.1,101.5,84.58,101,0.611
0022200661,2023-01-16,1610612748,Miami Heat,1,0,1,0.0,48.0,111.0,114.1,121.4,122.2,-10.4,-8.1,0.698,1.88,20.8,0.348,0.886,0.58,0.162,0.528,0.578,100.7,99.0,82.5,99,0.47
0022200657,2023-01-16,1610612749,Milwaukee Bucks,1,1,0,1.0,48.0,128.7,130.7,116.0,116.7,12.7,14.0,0.667,2.29,22.1,0.267,0.881,0.563,0.139,0.654,0.676,102.6,101.5,84.58,101,0.54
0022200662,2023-01-16,1610612750,Minnesota Timberwolves,1,0,1,0.0,48.0,126.4,127.6,125.6,129.9,0.8,-2.3,0.609,4.67,19.2,0.351,0.595,0.455,0.061,0.545,0.574,99.6,97.5,81.25,98,0.482
0022200658,2023-01-16,1610612740,New Orleans Pelicans,1,0,1,0.0,48.0,104.4,106.2,117.1,117.7,-12.7,-11.5,0.684,1.53,20.2,0.175,0.659,0.429,0.175,0.573,0.608,97.6,96.5,80.42,97,0.462
0022200659,2023-01-16,1610612752,New York Knicks,1,0,1,0.0,53.0,113.7,119.8,116.0,121.8,-2.3,-2.0,0.405,1.42,11.7,0.443,0.629,0.537,0.119,0.47,0.529,96.2,91.47,76.23,101,0.448
0022200663,2023-01-16,1610612756,Phoenix Suns,1,0,1,0.0,48.0,102.6,103.9,129.8,134.7,-27.2,-30.7,0.846,2.2,22.4,0.235,0.673,0.45,0.147,0.494,0.544,104.1,101.5,84.58,102,0.389
0022200659,2023-01-16,1610612761,Toronto Raptors,1,1,0,1.0,53.0,116.0,121.8,113.7,119.8,2.3,2.0,0.711,4.5,17.9,0.371,0.557,0.463,0.059,0.464,0.539,96.2,91.47,76.23,101,0.552
0022200662,2023-01-16,1610612762,Utah Jazz,1,1,0,1.0,48.0,125.6,129.9,126.4,127.6,-0.8,2.3,0.556,1.39,18.0,0.405,0.649,0.545,0.186,0.613,0.654,99.6,97.5,81.25,97,0.518
0022200660,2023-01-16,1610612764,Washington Wizards,1,0,1,0.0,48.0,113.3,114.6,123.0,123.3,-9.7,-8.7,0.738,2.21,21.7,0.205,0.783,0.5,0.136,0.57,0.614,103.7,103.0,85.83,103,0.476
0022200666,2023-01-17,1610612751,Brooklyn Nets,1,0,1,0.0,48.0,89.4,90.7,94.4,97.2,-4.9,-6.5,0.595,1.05,15.6,0.212,0.656,0.451,0.194,0.438,0.497,110.9,108.5,90.42,108,0.462
0022200667,2023-01-17,1610612743,Denver Nuggets,1,1,0,1.0,48.0,120.4,125.8,110.8,115.3,9.6,10.5,0.727,2.67,22.2,0.34,0.778,0.554,0.124,0.563,0.608,101.7,97.5,81.25,97,0.586
0022200668,2023-01-17,1610612746,LA Clippers,1,0,1,0.0,48.0,108.1,115.8,126.4,126.3,-18.3,-10.5,0.488,1.05,15.3,0.372,0.722,0.532,0.2,0.573,0.606,98.4,95.0,79.17,95,0.402
0022200665,2023-01-17,1610612749,Milwaukee Bucks,1,1,0,1.0,48.0,128.4,130.0,119.7,123.2,8.7,6.8,0.522,2.0,18.0,0.244,0.617,0.465,0.12,0.645,0.682,101.6,99.5,82.92,100,0.552
0022200668,2023-01-17,1610612755,Philadelphia 76ers,1,1,0,1.0,48.0,126.4,126.3,108.1,115.8,18.3,10.5,0.641,1.67,19.2,0.278,0.628,0.468,0.158,0.623,0.682,98.4,95.0,79.17,95,0.598
0022200667,2023-01-17,1610612757,Portland Trail Blazers,1,0,1,0.0,48.0,110.8,115.3,120.4,125.8,-9.6,-10.5,0.553,1.62,16.3,0.222,0.66,0.446,0.133,0.536,0.601,101.7,97.5,81.25,98,0.414
0022200666,2023-01-17,1610612759,San Antonio Spurs,1,1,0,1.0,48.0,94.4,97.2,89.4,90.7,4.9,6.5,0.622,1.44,15.3,0.344,0.788,0.549,0.147,0.418,0.485,110.9,108.5,90.42,109,0.538
0022200665,2023-01-17,1610612761,Toronto Raptors,1,0,1,0.0,48.0,119.7,123.2,128.4,130.0,-8.7,-6.8,0.435,2.22,14.1,0.383,0.756,0.535,0.091,0.52,0.54,101.6,99.5,82.92,99,0.448
0022200670,2023-01-18,1610612737,Atlanta Hawks,1,1,0,1.0,48.0,130.3,132.7,121.3,124.5,8.9,8.2,0.571,2.33,20.3,0.324,0.674,0.513,0.122,0.645,0.686,100.2,98.0,81.67,98,0.558
0022200671,2023-01-18,1610612766,Charlotte Hornets,1,1,0,1.0,48.0,115.1,116.2,108.5,111.4,6.6,4.8,0.563,2.7,18.8,0.25,0.652,0.439,0.095,0.547,0.57,106.9,105.0,87.5,105,0.548
0022200672,2023-01-18,1610612739,Cleveland Cavaliers,1,0,1,0.0,48.0,114.9,118.8,115.4,118.6,-0.5,0.2,0.69,1.53,20.7,0.333,0.632,0.5,0.198,0.61,0.625,99.5,96.5,80.42,96,0.524
0022200670,2023-01-18,1610612742,Dallas Mavericks,1,0,1,0.0,48.0,121.3,124.5,130.3,132.7,-8.9,-8.2,0.591,1.63,18.8,0.326,0.676,0.488,0.163,0.619,0.645,100.2,98.0,81.67,98,0.442
0022200676,2023-01-18,1610612743,Denver Nuggets,1,1,0,1.0,48.0,113.9,120.8,117.6,118.0,-3.7,2.8,0.6,1.69,18.6,0.386,0.674,0.529,0.158,0.576,0.616,103.7,100.5,83.75,101,0.532
0022200671,2023-01-18,1610612745,Houston Rockets,1,0,1,0.0,48.0,108.5,111.4,115.1,116.2,-6.6,-4.8,0.457,1.05,14.8,0.348,0.75,0.561,0.19,0.56,0.586,106.9,105.0,87.5,105,0.452
0022200674,2023-01-18,1610612754,Indiana Pacers,1,0,1,0.0,48.0,97.6,99.1,116.4,120.0,-18.8,-20.9,0.59,0.96,14.7,0.466,0.673,0.561,0.224,0.479,0.507,108.4,106.0,88.33,107,0.379
0022200675,2023-01-18,1610612746,LA Clippers,1,0,1,0.0,48.0,104.8,109.6,131.7,132.6,-26.8,-23.1,0.622,1.77,16.7,0.368,0.761,0.544,0.138,0.484,0.509,97.0,94.5,78.75,94,0.381
0022200677,2023-01-18,1610612747,Los Angeles Lakers,1,0,1,0.0,48.0,113.4,115.6,121.0,122.1,-7.6,-6.5,0.605,3.71,19.4,0.245,0.681,0.458,0.073,0.545,0.573,96.9,95.5,79.58,96,0.486
0022200672,2023-01-18,1610612763,Memphis Grizzlies,1,1,0,1.0,48.0,115.4,118.6,114.9,118.8,0.5,-0.2,0.5,2.75,15.9,0.368,0.667,0.5,0.082,0.51,0.539,99.5,96.5,80.42,97,0.476
0022200673,2023-01-18,1610612748,Miami Heat,1,1,0,1.0,48.0,121.5,129.2,101.1,104.3,20.4,24.9,0.74,3.36,25.0,0.348,0.75,0.553,0.115,0.596,0.614,99.5,95.0,79.17,96,0.628
0022200676,2023-01-18,1610612750,Minnesota Timberwolves,1,0,1,0.0,48.0,117.6,118.0,113.9,120.8,3.7,-2.8,0.619,1.37,18.6,0.326,0.614,0.471,0.19,0.593,0.632,103.7,100.5,83.75,100,0.468
0022200673,2023-01-18,1610612740,New Orleans Pelicans,1,0,1,0.0,48.0,101.1,104.3,121.5,129.2,-20.4,-24.9,0.73,1.5,20.3,0.25,0.652,0.447,0.191,0.544,0.557,99.5,95.0,79.17,94,0.372
0022200669,2023-01-18,1610612752,New York Knicks,1,0,1,0.0,48.0,108.4,111.7,116.7,123.4,-8.4,-11.7,0.35,1.56,10.8,0.349,0.545,0.441,0.096,0.453,0.487,98.1,94.0,78.33,94,0.42
0022200674,2023-01-18,1610612760,Oklahoma City Thunder,1,1,0,1.0,48.0,116.4,120.0,97.6,99.1,18.8,20.9,0.872,2.16,25.3,0.327,0.534,0.439,0.181,0.591,0.616,108.4,106.0,88.33,105,0.621
0022200677,2023-01-18,1610612758,Sacramento Kings,1,1,0,1.0,48.0,121.0,122.1,113.4,115.6,7.6,6.5,0.535,2.09,17.3,0.319,0.755,0.542,0.116,0.546,0.587,96.9,95.5,79.58,95,0.514
0022200675,2023-01-18,1610612762,Utah Jazz,1,1,0,1.0,48.0,131.7,132.6,104.8,109.6,26.8,23.1,0.578,3.25,19.8,0.239,0.632,0.456,0.084,0.626,0.652,97.0,94.5,78.75,95,0.619
0022200669,2023-01-18,1610612764,Washington Wizards,1,1,0,1.0,48.0,116.7,123.4,108.4,111.7,8.4,11.7,0.667,2.0,19.2,0.455,0.651,0.559,0.149,0.526,0.561,98.1,94.0,78.33,94,0.58
0022200679,2023-01-19,1610612738,Boston Celtics,1,1,0,1.0,53.0,100.7,104.3,99.9,100.9,0.8,3.5,0.488,1.24,13.0,0.358,0.803,0.57,0.147,0.458,0.499,107.9,105.51,87.92,116,0.505
0022200681,2023-01-19,1610612751,Brooklyn Nets,1,0,1,0.0,48.0,107.7,109.8,109.3,113.6,-1.6,-3.8,0.628,2.08,20.1,0.114,0.667,0.411,0.127,0.591,0.602,105.5,102.5,85.42,102,0.477
0022200678,2023-01-19,1610612741,Chicago Bulls,1,1,0,1.0,48.0,120.9,118.9,99.2,101.9,21.7,17.0,0.46,1.64,16.4,0.25,0.617,0.462,0.132,0.582,0.622,106.6,106.0,88.33,106,0.602
0022200678,2023-01-19,1610612765,Detroit Pistons,1,0,1,0.0,48.0,99.2,101.9,120.9,118.9,-21.7,-17.0,0.641,1.47,16.4,0.383,0.75,0.538,0.16,0.443,0.496,106.6,106.0,88.33,106,0.398
0022200679,2023-01-19,1610612744,Golden State Warriors,1,0,1,0.0,53.0,99.9,100.9,100.7,104.3,-0.8,-3.5,0.7,1.75,17.9,0.197,0.642,0.43,0.137,0.49,0.536,107.9,105.51,87.92,117,0.495
0022200680,2023-01-19,1610612750,Minnesota Timberwolves,1,1,0,1.0,48.0,120.6,123.1,117.9,123.5,2.7,-0.5,0.689,2.07,20.9,0.311,0.705,0.506,0.144,0.601,0.646,106.5,103.0,85.83,104,0.524
0022200682,2023-01-19,1610612755,Philadelphia 76ers,1,1,0,1.0,48.0,105.7,108.2,94.3,97.9,11.4,10.3,0.585,1.6,18.5,0.238,0.667,0.485,0.155,0.556,0.588,100.1,97.0,80.83,97,0.601
0022200681,2023-01-19,1610612756,Phoenix Suns,1,1,0,1.0,48.0,109.3,113.6,107.7,109.8,1.6,3.8,0.769,1.88,20.0,0.333,0.886,0.589,0.155,0.524,0.568,105.5,102.5,85.42,103,0.523
0022200682,2023-01-19,1610612757,Portland Trail Blazers,1,0,1,0.0,48.0,94.3,97.9,105.7,108.2,-11.4,-10.3,0.594,1.19,14.1,0.333,0.762,0.515,0.165,0.429,0.486,100.1,97.0,80.83,97,0.399
0022200680,2023-01-19,1610612761,Toronto Raptors,1,0,1,0.0,48.0,117.9,123.5,120.6,123.1,-2.7,0.5,0.565,1.63,18.4,0.295,0.689,0.494,0.157,0.609,0.637,106.5,103.0,85.83,102,0.476
0022200684,2023-01-20,1610612737,Atlanta Hawks,1,1,0,1.0,48.0,138.9,147.9,132.6,130.5,6.3,17.3,0.482,3.86,19.3,0.422,0.73,0.561,0.074,0.625,0.649,96.8,94.5,78.75,94,0.529
0022200689,2023-01-20,1610612751,Brooklyn Nets,1,1,0,1.0,48.0,124.7,123.2,110.3,111.6,14.5,11.6,0.605,2.36,20.3,0.186,0.691,0.469,0.116,0.65,0.659,95.0,95.0,79.17,95,0.572
0022200685,2023-01-20,1610612739,Cleveland Cavaliers,1,0,1,0.0,48.0,117.1,117.5,122.0,123.7,-4.9,-6.2,0.571,1.6,18.3,0.256,0.622,0.443,0.155,0.583,0.617,97.9,97.0,80.83,97,0.493
0022200686,2023-01-20,1610612742,Dallas Mavericks,1,1,0,1.0,48.0,124.6,126.4,98.0,97.8,26.6,28.5,0.568,2.1,17.1,0.244,0.769,0.488,0.11,0.575,0.623,92.1,91.5,76.25,91,0.599
0022200688,2023-01-20,1610612743,Denver Nuggets,1,1,0,1.0,48.0,133.4,134.0,105.4,108.8,28.0,25.2,0.745,2.11,25.3,0.324,0.569,0.466,0.18,0.699,0.709,102.9,101.0,84.17,100,0.633
0022200685,2023-01-20,1610612744,Golden State Warriors,1,1,0,1.0,48.0,122.0,123.7,117.1,117.5,4.9,6.2,0.595,1.39,18.0,0.378,0.744,0.557,0.186,0.622,0.636,97.9,97.0,80.83,97,0.507
0022200688,2023-01-20,1610612754,Indiana Pacers,1,0,1,0.0,48.0,105.4,108.8,133.4,134.0,-28.0,-25.2,0.622,1.1,15.6,0.431,0.676,0.534,0.206,0.488,0.553,102.9,101.0,84.17,102,0.367
0022200687,2023-01-20,1610612746,LA Clippers,1,1,0,1.0,48.0,149.2,147.2,139.8,140.0,9.5,7.2,0.608,3.44,23.7,0.333,0.615,0.486,0.101,0.722,0.729,89.0,89.5,74.58,89,0.515
0022200690,2023-01-20,1610612747,Los Angeles Lakers,1,1,0,1.0,48.0,109.9,115.1,110.4,114.2,-0.5,0.9,0.632,2.4,16.2,0.3,0.559,0.438,0.094,0.478,0.549,110.3,106.0,88.33,106,0.532
0022200690,2023-01-20,1610612763,Memphis Grizzlies,1,0,1,0.0,48.0,110.4,114.2,109.9,115.1,0.5,-0.9,0.558,1.71,15.0,0.441,0.7,0.563,0.132,0.466,0.506,110.3,106.0,88.33,106,0.468
0022200686,2023-01-20,1610612748,Miami Heat,1,0,1,0.0,48.0,98.0,97.8,124.6,126.4,-26.6,-28.5,0.455,0.94,12.9,0.231,0.756,0.512,0.174,0.507,0.556,92.1,91.5,76.25,92,0.401
0022200683,2023-01-20,1610612740,New Orleans Pelicans,1,0,1,0.0,48.0,108.3,110.0,123.0,124.2,-14.7,-14.2,0.707,2.64,20.3,0.278,0.821,0.505,0.11,0.505,0.542,100.8,99.5,82.92,100,0.44
0022200684,2023-01-20,1610612752,New York Knicks,1,0,1,0.0,48.0,132.6,130.5,138.9,147.9,-6.3,-17.3,0.551,2.25,20.5,0.27,0.578,0.439,0.126,0.669,0.685,96.8,94.5,78.75,95,0.471
0022200691,2023-01-20,1610612760,Oklahoma City Thunder,1,0,1,0.0,48.0,114.3,115.3,116.5,119.2,-2.1,-3.9,0.467,2.33,16.4,0.176,0.625,0.394,0.092,0.57,0.577,100.1,98.5,82.08,98,0.45
0022200683,2023-01-20,1610612753,Orlando Magic,1,1,0,1.0,48.0,123.0,124.2,108.3,110.0,14.7,14.2,0.718,1.87,21.1,0.179,0.722,0.495,0.152,0.62,0.684,100.8,99.5,82.92,99,0.56
0022200691,2023-01-20,1610612758,Sacramento Kings,1,1,0,1.0,48.0,116.5,119.2,114.3,115.3,2.1,3.9,0.61,1.67,17.6,0.375,0.824,0.606,0.152,0.54,0.594,100.1,98.5,82.08,99,0.55
0022200687,2023-01-20,1610612759,San Antonio Spurs,1,0,1,0.0,48.0,139.8,140.0,149.2,147.2,-9.5,-7.2,0.667,4.86,25.0,0.385,0.667,0.514,0.078,0.652,0.662,89.0,89.5,74.58,90,0.485
0022200689,2023-01-20,1610612762,Utah Jazz,1,0,1,0.0,48.0,110.3,111.6,124.7,123.2,-14.5,-11.6,0.649,2.18,17.6,0.309,0.814,0.531,0.116,0.511,0.54,95.0,95.0,79.17,95,0.428
0022200694,2023-01-21,1610612737,Atlanta Hawks,1,0,1,0.0,48.0,113.7,114.6,116.5,117.3,-2.9,-2.7,0.533,1.33,17.9,0.171,0.795,0.494,0.175,0.608,0.643,104.2,103.5,86.25,103,0.476
0022200692,2023-01-21,1610612738,Boston Celtics,1,1,0,1.0,48.0,110.9,110.4,107.1,105.1,3.8,5.4,0.658,1.67,18.8,0.25,0.805,0.506,0.156,0.541,0.579,96.3,97.5,81.25,96,0.478
0022200694,2023-01-21,1610612766,Charlotte Hornets,1,1,0,1.0,48.0,116.5,117.3,113.7,114.6,2.9,2.7,0.622,2.33,20.0,0.205,0.829,0.506,0.115,0.579,0.618,104.2,103.5,86.25,104,0.524
0022200695,2023-01-21,1610612739,Cleveland Cavaliers,1,1,0,1.0,48.0,122.0,121.3,102.2,108.5,19.8,12.8,0.688,3.67,24.1,0.268,0.702,0.5,0.096,0.599,0.61,96.7,94.0,78.33,94,0.605
0022200696,2023-01-21,1610612745,Houston Rockets,1,0,1,0.0,48.0,102.4,102.0,110.2,111.9,-7.7,-9.9,0.632,1.04,16.7,0.36,0.894,0.619,0.225,0.538,0.556,102.0,101.5,84.58,102,0.487
0022200697,2023-01-21,1610612754,Indiana Pacers,1,0,1,0.0,48.0,96.0,100.9,104.3,106.7,-8.3,-5.7,0.611,1.47,15.1,0.306,0.678,0.488,0.142,0.443,0.498,109.4,105.5,87.92,106,0.428
0022200695,2023-01-21,1610612749,Milwaukee Bucks,1,0,1,0.0,48.0,102.2,108.5,122.0,121.3,-19.8,-12.8,0.615,1.5,18.2,0.298,0.732,0.5,0.17,0.535,0.561,96.7,94.0,78.33,94,0.395
0022200696,2023-01-21,1610612750,Minnesota Timberwolves,1,1,0,1.0,48.0,110.2,111.9,102.4,102.0,7.7,9.9,0.526,1.67,15.9,0.106,0.64,0.381,0.119,0.56,0.604,102.0,101.5,84.58,101,0.513
0022200693,2023-01-21,1610612753,Orlando Magic,1,0,1,0.0,48.0,115.1,115.7,131.4,135.3,-16.4,-19.6,0.571,2.18,17.5,0.24,0.708,0.469,0.108,0.544,0.587,103.8,102.0,85.0,102,0.419
0022200698,2023-01-21,1610612755,Philadelphia 76ers,1,1,0,1.0,48.0,126.3,130.3,124.8,129.6,1.5,0.7,0.551,1.8,18.8,0.422,0.805,0.605,0.152,0.591,0.625,101.9,98.5,82.08,99,0.487
0022200697,2023-01-21,1610612756,Phoenix Suns,1,1,0,1.0,48.0,104.3,106.7,96.0,100.9,8.3,5.7,0.711,1.8,17.9,0.322,0.694,0.512,0.143,0.484,0.526,109.4,105.5,87.92,105,0.572
0022200698,2023-01-21,1610612758,Sacramento Kings,1,0,1,0.0,48.0,124.8,129.6,126.3,130.3,-1.5,-0.7,0.609,3.11,21.1,0.195,0.578,0.395,0.092,0.625,0.656,101.9,98.5,82.08,98,0.513
0022200692,2023-01-21,1610612761,Toronto Raptors,1,0,1,0.0,48.0,107.1,105.1,110.9,110.4,-3.8,-5.4,0.522,1.71,18.3,0.195,0.75,0.494,0.141,0.576,0.584,96.3,97.5,81.25,99,0.522
0022200693,2023-01-21,1610612764,Washington Wizards,1,1,0,1.0,48.0,131.4,135.3,115.1,115.7,16.4,19.6,0.667,4.25,22.8,0.292,0.76,0.531,0.078,0.632,0.651,103.8,102.0,85.0,102,0.581
0022200704,2023-01-22,1610612751,Brooklyn Nets,1,1,0,1.0,48.0,120.4,117.6,111.7,114.9,8.8,2.8,0.698,1.88,21.1,0.233,0.725,0.5,0.157,0.633,0.648,101.8,101.5,84.58,102,0.521
0022200701,2023-01-22,1610612742,Dallas Mavericks,1,0,1,0.0,48.0,109.6,108.9,120.9,123.1,-11.3,-14.2,0.429,1.5,12.7,0.26,0.69,0.457,0.111,0.519,0.536,91.0,90.5,75.42,90,0.375
0022200702,2023-01-22,1610612743,Denver Nuggets,1,0,1,0.0,48.0,103.6,110.0,112.2,112.2,-8.5,-2.2,0.611,2.44,17.1,0.309,0.68,0.486,0.1,0.5,0.513,92.8,90.0,75.0,90,0.476
0022200704,2023-01-22,1610612744,Golden State Warriors,1,0,1,0.0,48.0,111.7,114.9,120.4,117.6,-8.8,-2.8,0.683,2.33,19.6,0.275,0.767,0.5,0.119,0.528,0.569,101.8,101.5,84.58,101,0.479
0022200701,2023-01-22,1610612746,LA Clippers,1,1,0,1.0,48.0,120.9,123.1,109.6,108.9,11.3,14.2,0.571,1.82,16.3,0.31,0.74,0.543,0.121,0.532,0.618,91.0,90.5,75.42,91,0.625
0022200705,2023-01-22,1610612747,Los Angeles Lakers,1,1,0,1.0,48.0,119.9,122.2,114.3,113.1,5.7,9.1,0.511,1.77,16.8,0.333,0.774,0.571,0.131,0.581,0.618,99.4,99.0,82.5,99,0.574
0022200703,2023-01-22,1610612763,Memphis Grizzlies,1,0,1,0.0,48.0,101.0,105.8,101.8,106.7,-0.8,-0.9,0.7,1.4,18.3,0.375,0.784,0.57,0.192,0.495,0.529,109.4,104.5,87.08,104,0.5
0022200699,2023-01-22,1610612748,Miami Heat,1,1,0,1.0,48.0,98.2,101.0,93.3,96.0,4.9,5.0,0.486,0.77,13.0,0.306,0.738,0.505,0.222,0.488,0.544,102.4,99.5,82.92,99,0.499
0022200699,2023-01-22,1610612740,New Orleans Pelicans,1,0,1,0.0,48.0,93.3,96.0,98.2,101.0,-4.9,-5.0,0.649,0.96,17.8,0.262,0.694,0.495,0.25,0.526,0.559,102.4,99.5,82.92,100,0.501
0022200700,2023-01-22,1610612752,New York Knicks,1,0,1,0.0,48.0,120.3,120.8,129.7,128.9,-9.4,-8.0,0.75,1.76,21.1,0.364,0.623,0.505,0.177,0.598,0.621,96.4,96.5,80.42,96,0.473
0022200702,2023-01-22,1610612760,Oklahoma City Thunder,1,1,0,1.0,48.0,112.2,112.2,103.6,110.0,8.5,2.2,0.525,2.63,16.5,0.32,0.691,0.514,0.089,0.489,0.526,92.8,90.0,75.0,90,0.524
0022200703,2023-01-22,1610612756,Phoenix Suns,1,1,0,1.0,48.0,101.8,106.7,101.0,105.8,0.8,0.9,0.641,1.47,17.7,0.216,0.625,0.43,0.162,0.517,0.566,109.4,104.5,87.08,105,0.5
0022200705,2023-01-22,1610612757,Portland Trail Blazers,1,0,1,0.0,48.0,114.3,113.1,119.9,122.2,-5.7,-9.1,0.649,2.0,17.8,0.226,0.667,0.429,0.121,0.529,0.577,99.4,99.0,82.5,99,0.426
0022200700,2023-01-22,1610612761,Toronto Raptors,1,1,0,1.0,48.0,129.7,128.9,120.3,120.8,9.4,8.0,0.512,2.63,15.2,0.377,0.636,0.495,0.082,0.539,0.593,96.4,96.5,80.42,97,0.527
0022200708,2023-01-23,1610612737,Atlanta Hawks,1,0,1,0.0,48.0,96.7,102.0,112.2,112.1,-15.5,-10.1,0.615,1.26,17.5,0.306,0.66,0.49,0.194,0.518,0.536,101.1,98.5,82.08,98,0.446
0022200707,2023-01-23,1610612738,Boston Celtics,1,0,1,0.0,48.0,100.2,102.1,115.8,118.9,-15.7,-16.9,0.667,1.33,18.3,0.245,0.727,0.473,0.188,0.542,0.558,97.7,95.5,79.58,96,0.391
0022200710,2023-01-23,1610612766,Charlotte Hornets,1,0,1,0.0,48.0,98.1,99.0,114.9,117.6,-16.8,-18.6,0.579,1.47,15.7,0.283,0.729,0.495,0.146,0.459,0.51,104.2,102.5,85.42,103,0.422
0022200708,2023-01-23,1610612741,Chicago Bulls,1,1,0,1.0,48.0,112.2,112.1,96.7,102.0,15.5,10.1,0.636,2.55,19.6,0.34,0.694,0.51,0.111,0.521,0.539,101.1,98.5,82.08,99,0.554
0022200706,2023-01-23,1610612765,Detroit Pistons,1,0,1,0.0,48.0,114.4,115.0,130.9,131.6,-16.5,-16.5,0.605,1.3,17.2,0.24,0.674,0.448,0.177,0.569,0.621,114.1,113.5,94.58,113,0.422
0022200709,2023-01-23,1610612745,Houston Rockets,1,1,0,1.0,48.0,106.1,110.2,105.9,106.5,0.2,3.6,0.545,1.04,16.0,0.388,0.741,0.573,0.213,0.563,0.588,109.9,107.5,89.58,108,0.561
0022200712,2023-01-23,1610612763,Memphis Grizzlies,1,0,1,0.0,48.0,93.1,95.2,121.8,127.9,-28.7,-32.6,0.7,1.87,19.0,0.237,0.625,0.394,0.143,0.469,0.488,108.3,104.5,87.08,105,0.322
0022200706,2023-01-23,1610612749,Milwaukee Bucks,1,1,0,1.0,48.0,130.9,131.6,114.4,115.0,16.5,16.5,0.691,2.0,22.8,0.326,0.76,0.552,0.167,0.679,0.691,114.1,113.5,94.58,114,0.578
0022200709,2023-01-23,1610612750,Minnesota Timberwolves,1,0,1,0.0,48.0,105.9,106.5,106.1,110.2,-0.2,-3.6,0.463,1.0,13.6,0.259,0.612,0.427,0.178,0.538,0.566,109.9,107.5,89.58,107,0.439
0022200707,2023-01-23,1610612753,Orlando Magic,1,1,0,1.0,48.0,115.8,118.9,100.2,102.1,15.7,16.9,0.512,2.0,17.1,0.273,0.755,0.527,0.116,0.577,0.598,97.7,95.5,79.58,95,0.609
0022200711,2023-01-23,1610612757,Portland Trail Blazers,1,1,0,1.0,48.0,141.8,142.7,124.0,124.5,17.8,18.2,0.618,3.4,23.3,0.25,0.66,0.471,0.097,0.707,0.723,103.1,102.5,85.42,103,0.575
0022200712,2023-01-23,1610612758,Sacramento Kings,1,1,0,1.0,48.0,121.8,127.9,93.1,95.2,28.7,32.6,0.755,1.48,23.7,0.375,0.763,0.606,0.24,0.682,0.706,108.3,104.5,87.08,104,0.678
0022200711,2023-01-23,1610612759,San Antonio Spurs,1,0,1,0.0,48.0,124.0,124.5,141.8,142.7,-17.8,-18.2,0.638,2.0,20.3,0.34,0.75,0.529,0.147,0.594,0.626,103.1,102.5,85.42,102,0.425
0022200710,2023-01-23,1610612762,Utah Jazz,1,1,0,1.0,48.0,114.9,117.6,98.1,99.0,16.8,18.6,0.61,1.56,17.9,0.271,0.717,0.505,0.157,0.57,0.616,104.2,102.5,85.42,102,0.578
0022200714,2023-01-24,1610612738,Boston Celtics,1,0,1,0.0,48.0,97.1,101.1,99.9,103.2,-2.8,-2.1,0.656,1.24,17.1,0.178,0.661,0.458,0.181,0.5,0.553,98.0,94.5,78.75,94,0.495
0022200718,2023-01-24,1610612766,Charlotte Hornets,1,0,1,0.0,48.0,89.9,95.1,124.6,124.3,-34.7,-29.2,0.487,1.36,14.0,0.25,0.638,0.421,0.137,0.438,0.467,105.3,102.5,85.42,102,0.331
0022200713,2023-01-24,1610612741,Chicago Bulls,1,0,1,0.0,48.0,105.8,110.0,110.1,116.0,-4.4,-6.0,0.442,1.19,14.1,0.327,0.644,0.5,0.16,0.517,0.556,104.7,100.0,83.33,100,0.462
0022200715,2023-01-24,1610612739,Cleveland Cavaliers,1,0,1,0.0,48.0,107.2,110.8,113.8,111.7,-6.6,-0.9,0.725,2.42,21.5,0.26,0.75,0.489,0.129,0.529,0.548,94.1,93.5,77.92,93,0.505
0022200717,2023-01-24,1610612742,Dallas Mavericks,1,0,1,0.0,48.0,124.2,123.5,119.8,124.5,4.4,-1.0,0.511,2.67,17.9,0.2,0.727,0.461,0.088,0.584,0.627,103.7,102.0,85.0,102,0.484
0022200716,2023-01-24,1610612743,Denver Nuggets,1,1,0,1.0,48.0,109.1,106.5,102.3,107.7,6.8,-1.2,0.692,2.25,21.1,0.19,0.604,0.411,0.129,0.556,0.577,93.3,92.0,76.67,93,0.537
0022200713,2023-01-24,1610612754,Indiana Pacers,1,1,0,1.0,48.0,110.1,116.0,105.8,110.0,4.4,6.0,0.571,3.0,16.6,0.356,0.673,0.5,0.08,0.475,0.521,104.7,100.0,83.33,100,0.538
0022200719,2023-01-24,1610612746,LA Clippers,1,1,0,1.0,48.0,134.9,138.5,111.0,119.8,23.8,18.8,0.49,1.67,19.1,0.286,0.707,0.548,0.156,0.72,0.734,101.1,96.0,80.0,96,0.603
0022200719,2023-01-24,1610612747,Los Angeles Lakers,1,0,1,0.0,48.0,111.0,119.8,134.9,138.5,-23.8,-18.8,0.5,3.0,15.8,0.293,0.714,0.452,0.073,0.526,0.545,101.1,96.0,80.0,96,0.397
0022200714,2023-01-24,1610612748,Miami Heat,1,1,0,1.0,48.0,99.9,103.2,97.1,101.1,2.8,2.1,0.618,2.63,15.3,0.339,0.822,0.542,0.084,0.426,0.471,98.0,94.5,78.75,95,0.505
0022200716,2023-01-24,1610612740,New Orleans Pelicans,1,0,1,0.0,48.0,102.3,107.7,109.1,106.5,-6.8,1.2,0.474,1.13,14.1,0.396,0.81,0.589,0.176,0.476,0.522,93.3,92.0,76.67,91,0.463
0022200715,2023-01-24,1610612752,New York Knicks,1,1,0,1.0,48.0,113.8,111.7,107.2,110.8,6.6,0.9,0.676,1.47,19.2,0.25,0.74,0.511,0.181,0.607,0.623,94.1,93.5,77.92,94,0.495
0022200718,2023-01-24,1610612756,Phoenix Suns,1,1,0,1.0,48.0,124.6,124.3,89.9,95.1,34.7,29.2,0.809,2.11,24.2,0.362,0.75,0.579,0.175,0.617,0.642,105.3,102.5,85.42,103,0.669
0022200717,2023-01-24,1610612764,Washington Wizards,1,1,0,1.0,48.0,119.8,124.5,124.2,123.5,-4.4,1.0,0.667,2.55,19.9,0.273,0.8,0.539,0.108,0.572,0.628,103.7,102.0,85.0,102,0.516
0022200725,2023-01-25,1610612737,Atlanta Hawks,1,1,0,1.0,48.0,131.1,129.2,121.1,124.5,10.0,4.7,0.52,1.53,18.1,0.316,0.731,0.556,0.16,0.661,0.695,106.8,106.0,88.33,106,0.538
0022200721,2023-01-25,1610612751,Brooklyn Nets,1,0,1,0.0,48.0,135.9,138.5,140.0,139.8,-4.1,-1.3,0.592,1.81,22.0,0.219,0.625,0.444,0.167,0.737,0.757,97.9,97.0,80.83,96,0.472
0022200723,2023-01-25,1610612743,Denver Nuggets,1,0,1,0.0,48.0,91.6,93.4,100.6,101.9,-9.0,-8.5,0.553,1.11,14.4,0.311,0.783,0.514,0.179,0.448,0.476,107.2,105.5,87.92,106,0.429
0022200726,2023-01-25,1610612744,Golden State Warriors,1,1,0,1.0,48.0,115.8,117.3,111.9,115.4,4.0,1.9,0.767,1.5,21.3,0.4,0.706,0.563,0.212,0.588,0.627,106.3,104.0,86.67,104,0.535
0022200722,2023-01-25,1610612745,Houston Rockets,1,0,1,0.0,48.0,100.2,105.1,106.8,109.1,-6.6,-4.0,0.69,2.07,19.3,0.397,0.689,0.546,0.143,0.459,0.487,102.0,98.5,82.08,98,0.491
0022200720,2023-01-25,1610612754,Indiana Pacers,1,0,1,0.0,48.0,114.5,123.7,123.5,131.3,-9.0,-7.5,0.61,1.47,17.7,0.417,0.59,0.494,0.175,0.571,0.614,103.4,96.5,80.42,97,0.46
0022200729,2023-01-25,1610612747,Los Angeles Lakers,1,1,0,1.0,48.0,100.7,104.6,93.8,96.3,7.0,8.3,0.625,1.25,16.6,0.346,0.676,0.533,0.185,0.5,0.547,111.6,108.0,90.0,108,0.601
0022200726,2023-01-25,1610612763,Memphis Grizzlies,1,0,1,0.0,48.0,111.9,115.4,115.8,117.3,-4.0,-1.9,0.619,1.86,17.9,0.294,0.6,0.438,0.135,0.534,0.575,106.3,104.0,86.67,104,0.465
0022200723,2023-01-25,1610612749,Milwaukee Bucks,1,1,0,1.0,48.0,100.6,101.9,91.6,93.4,9.0,8.5,0.432,0.7,12.3,0.217,0.689,0.486,0.219,0.558,0.592,107.2,105.5,87.92,105,0.571
0022200724,2023-01-25,1610612750,Minnesota Timberwolves,1,1,0,1.0,48.0,111.8,114.4,100.8,105.2,11.0,9.3,0.575,2.56,18.1,0.156,0.694,0.436,0.093,0.555,0.588,100.3,97.0,80.83,97,0.549
0022200724,2023-01-25,1610612740,New Orleans Pelicans,1,0,1,0.0,48.0,100.8,105.2,111.8,114.4,-11.0,-9.3,0.676,1.67,18.2,0.306,0.844,0.564,0.155,0.506,0.541,100.3,97.0,80.83,97,0.451
0022200725,2023-01-25,1610612760,Oklahoma City Thunder,1,0,1,0.0,48.0,121.1,124.5,131.1,129.2,-10.0,-4.7,0.585,2.58,20.5,0.269,0.684,0.444,0.113,0.593,0.605,106.8,106.0,88.33,106,0.462
0022200720,2023-01-25,1610612753,Orlando Magic,1,1,0,1.0,48.0,123.5,131.3,114.5,123.7,9.0,7.5,0.739,1.89,23.3,0.41,0.583,0.506,0.188,0.652,0.677,103.4,96.5,80.42,96,0.54
0022200721,2023-01-25,1610612755,Philadelphia 76ers,1,1,0,1.0,48.0,140.0,139.8,135.9,138.5,4.1,1.3,0.619,2.36,18.7,0.375,0.781,0.556,0.112,0.622,0.7,97.9,97.0,80.83,98,0.528
0022200727,2023-01-25,1610612757,Portland Trail Blazers,1,1,0,1.0,48.0,132.8,134.0,122.0,125.3,10.7,8.7,0.51,2.6,19.4,0.237,0.778,0.53,0.1,0.669,0.691,101.3,99.5,82.92,100,0.553
0022200728,2023-01-25,1610612758,Sacramento Kings,1,0,1,0.0,48.0,101.4,101.1,114.0,120.2,-12.7,-19.1,0.829,1.53,22.7,0.154,0.64,0.427,0.202,0.568,0.603,96.4,94.0,78.33,94,0.448
0022200729,2023-01-25,1610612759,San Antonio Spurs,1,0,1,0.0,48.0,93.8,96.3,100.7,104.6,-7.0,-8.3,0.55,1.57,14.5,0.324,0.654,0.467,0.13,0.415,0.456,111.6,108.0,90.0,108,0.399
0022200728,2023-01-25,1610612761,Toronto Raptors,1,1,0,1.0,48.0,114.0,120.2,101.4,101.1,12.7,19.1,0.583,2.8,20.1,0.36,0.846,0.573,0.106,0.557,0.565,96.4,94.0,78.33,94,0.552
0022200727,2023-01-25,1610612762,Utah Jazz,1,0,1,0.0,48.0,122.0,125.3,132.8,134.0,-10.7,-8.7,0.681,2.46,22.7,0.222,0.763,0.47,0.131,0.633,0.642,101.3,99.5,82.92,99,0.447
0022200722,2023-01-25,1610612764,Washington Wizards,1,1,0,1.0,48.0,106.8,109.1,100.2,105.1,6.6,4.0,0.692,3.38,18.9,0.311,0.603,0.454,0.081,0.459,0.499,102.0,98.5,82.08,99,0.509
0022200730,2023-01-26,1610612738,Boston Celtics,1,0,1,0.0,53.0,108.2,110.4,113.1,114.3,-4.9,-3.9,0.537,1.69,15.0,0.328,0.778,0.539,0.123,0.49,0.531,97.0,95.55,79.62,106,0.483
0022200731,2023-01-26,1610612751,Brooklyn Nets,1,0,1,0.0,48.0,114.1,120.8,126.9,126.2,-12.8,-5.4,0.558,1.5,16.8,0.346,0.646,0.49,0.158,0.527,0.576,104.7,102.0,85.0,101,0.418
0022200732,2023-01-26,1610612766,Charlotte Hornets,1,1,0,1.0,48.0,103.1,103.7,90.0,88.9,13.1,14.8,0.615,1.5,17.3,0.191,0.836,0.539,0.15,0.506,0.568,107.2,107.5,89.58,107,0.612
0022200732,2023-01-26,1610612741,Chicago Bulls,1,0,1,0.0,48.0,90.0,88.9,103.1,103.7,-13.1,-14.8,0.432,1.23,12.1,0.164,0.809,0.461,0.12,0.429,0.477,107.2,107.5,89.58,108,0.388
0022200733,2023-01-26,1610612739,Cleveland Cavaliers,1,1,0,1.0,48.0,118.1,120.2,98.1,101.1,20.0,19.1,0.725,2.9,21.2,0.28,0.675,0.456,0.106,0.546,0.584,96.2,94.0,78.33,94,0.575
0022200734,2023-01-26,1610612742,Dallas Mavericks,1,1,0,1.0,48.0,108.4,111.2,106.7,106.7,1.7,4.5,0.606,2.22,16.8,0.224,0.692,0.465,0.101,0.513,0.554,90.2,89.0,74.17,89,0.521
0022200731,2023-01-26,1610612765,Detroit Pistons,1,1,0,1.0,48.0,126.9,126.2,114.1,120.8,12.8,5.4,0.563,2.45,18.4,0.354,0.654,0.51,0.107,0.563,0.611,104.7,102.0,85.0,103,0.582
0022200733,2023-01-26,1610612745,Houston Rockets,1,0,1,0.0,48.0,98.1,101.1,118.1,120.2,-20.0,-19.1,0.615,1.09,18.5,0.325,0.72,0.544,0.234,0.546,0.56,96.2,94.0,78.33,94,0.425
0022200735,2023-01-26,1610612746,LA Clippers,1,1,0,1.0,48.0,141.9,145.3,102.8,104.2,39.2,41.1,0.5,5.2,20.2,0.2,0.68,0.467,0.053,0.685,0.702,97.3,95.5,79.58,95,0.654
0022200730,2023-01-26,1610612752,New York Knicks,1,1,0,1.0,53.0,113.1,114.3,108.2,110.4,4.9,3.9,0.386,1.7,12.7,0.222,0.672,0.461,0.095,0.526,0.565,97.0,95.55,79.62,105,0.518
0022200734,2023-01-26,1610612756,Phoenix Suns,1,0,1,0.0,48.0,106.7,106.7,108.4,111.2,-1.7,-4.5,0.686,2.67,18.8,0.308,0.776,0.535,0.101,0.483,0.511,90.2,89.0,74.17,89,0.479
0022200735,2023-01-26,1610612759,San Antonio Spurs,1,0,1,0.0,48.0,102.8,104.2,141.9,145.3,-39.2,-41.1,0.649,1.71,17.6,0.32,0.8,0.533,0.146,0.5,0.53,97.3,95.5,79.58,96,0.346
0022200739,2023-01-27,1610612739,Cleveland Cavaliers,1,0,1,0.0,48.0,105.4,107.5,121.7,119.1,-16.4,-11.6,0.692,2.7,20.3,0.25,0.711,0.444,0.108,0.489,0.521,93.5,93.5,77.92,93,0.446
0022200740,2023-01-27,1610612744,Golden State Warriors,1,1,0,1.0,48.0,122.2,127.7,110.1,113.6,12.0,14.1,0.8,2.86,26.7,0.22,0.7,0.505,0.139,0.656,0.668,105.9,102.0,85.0,101,0.589
0022200736,2023-01-27,1610612754,Indiana Pacers,1,0,1,0.0,48.0,119.8,119.1,124.1,127.0,-4.2,-7.9,0.449,1.69,16.1,0.116,0.642,0.406,0.118,0.624,0.646,111.5,110.5,92.08,110,0.462
0022200737,2023-01-27,1610612763,Memphis Grizzlies,1,0,1,0.0,48.0,93.1,96.2,107.1,106.7,-14.0,-10.6,0.579,1.05,15.2,0.351,0.756,0.529,0.202,0.452,0.493,105.5,104.0,86.67,104,0.434
0022200738,2023-01-27,1610612748,Miami Heat,1,1,0,1.0,48.0,107.4,110.0,103.9,106.1,3.5,3.9,0.718,2.55,20.4,0.184,0.872,0.489,0.11,0.518,0.57,101.8,99.5,82.92,100,0.541
0022200736,2023-01-27,1610612749,Milwaukee Bucks,1,1,0,1.0,48.0,124.1,127.0,119.8,119.1,4.2,7.9,0.615,2.0,19.8,0.358,0.884,0.594,0.144,0.622,0.631,111.5,110.5,92.08,111,0.538
0022200737,2023-01-27,1610612750,Minnesota Timberwolves,1,1,0,1.0,48.0,107.1,106.7,93.1,96.2,14.0,10.6,0.705,1.55,21.2,0.244,0.649,0.471,0.192,0.587,0.599,105.5,104.0,86.67,104,0.566
0022200739,2023-01-27,1610612760,Oklahoma City Thunder,1,1,0,1.0,48.0,121.7,119.1,105.4,107.5,16.4,11.6,0.475,1.27,15.3,0.289,0.75,0.556,0.16,0.592,0.644,93.5,93.5,77.92,94,0.554
0022200738,2023-01-27,1610612753,Orlando Magic,1,0,1,0.0,48.0,103.9,106.1,107.4,110.0,-3.5,-3.9,0.636,1.05,16.8,0.128,0.816,0.511,0.202,0.565,0.632,101.8,99.5,82.92,99,0.459
0022200740,2023-01-27,1610612761,Toronto Raptors,1,0,1,0.0,48.0,110.1,113.6,122.2,127.7,-12.0,-14.1,0.522,2.4,16.6,0.3,0.78,0.495,0.097,0.515,0.531,105.9,102.0,85.0,103,0.411
0022200745,2023-01-28,1610612737,Atlanta Hawks,1,0,1,0.0,48.0,115.5,116.5,124.5,123.7,-9.0,-7.2,0.533,2.67,17.3,0.36,0.8,0.556,0.093,0.511,0.544,97.1,97.0,80.83,97,0.48
0022200749,2023-01-28,1610612738,Boston Celtics,1,1,0,1.0,53.0,117.7,114.7,105.4,112.0,12.3,2.6,0.462,1.5,13.4,0.156,0.695,0.462,0.11,0.542,0.618,100.1,98.26,81.89,109,0.536
0022200742,2023-01-28,1610612751,Brooklyn Nets,1,1,0,1.0,48.0,131.0,131.2,123.2,123.7,7.8,7.5,0.674,3.44,23.1,0.256,0.644,0.455,0.097,0.655,0.655,93.3,93.0,77.5,93,0.525
0022200744,2023-01-28,1610612741,Chicago Bulls,1,1,0,1.0,48.0,131.5,132.0,108.4,112.4,23.1,19.6,0.625,2.5,22.7,0.139,0.783,0.5,0.124,0.691,0.716,99.0,97.0,80.83,97,0.579
0022200750,2023-01-28,1610612742,Dallas Mavericks,1,0,1,0.0,48.0,105.8,106.4,111.8,116.1,-6.0,-9.7,0.743,1.86,19.8,0.229,0.591,0.402,0.149,0.55,0.572,95.5,93.5,77.92,94,0.448
0022200741,2023-01-28,1610612743,Denver Nuggets,1,0,1,0.0,48.0,121.7,125.3,127.8,131.3,-6.2,-6.0,0.636,2.0,21.2,0.243,0.674,0.482,0.147,0.63,0.663,98.2,95.5,79.58,95,0.494
0022200743,2023-01-28,1610612765,Detroit Pistons,1,0,1,0.0,48.0,108.9,110.7,111.6,112.5,-2.6,-1.8,0.605,1.44,16.9,0.229,0.627,0.434,0.155,0.542,0.59,104.8,103.5,86.25,103,0.477
0022200743,2023-01-28,1610612745,Houston Rockets,1,1,0,1.0,48.0,111.6,112.5,108.9,110.7,2.6,1.8,0.455,1.18,14.1,0.373,0.771,0.566,0.163,0.522,0.563,104.8,103.5,86.25,104,0.523
0022200745,2023-01-28,1610612746,LA Clippers,1,1,0,1.0,48.0,124.5,123.7,115.5,116.5,9.0,7.2,0.595,1.79,19.2,0.2,0.64,0.444,0.144,0.644,0.679,97.1,97.0,80.83,97,0.52
0022200749,2023-01-28,1610612747,Los Angeles Lakers,1,0,1,0.0,53.0,105.4,112.0,117.7,114.7,-12.3,-2.6,0.638,2.5,19.4,0.305,0.844,0.538,0.111,0.505,0.532,100.1,98.26,81.89,108,0.464
0022200746,2023-01-28,1610612750,Minnesota Timberwolves,1,1,0,1.0,48.0,116.7,120.6,113.6,112.2,3.1,8.4,0.595,1.25,18.5,0.333,0.755,0.568,0.206,0.631,0.656,98.5,97.5,81.25,97,0.537
0022200747,2023-01-28,1610612740,New Orleans Pelicans,1,0,1,0.0,48.0,100.6,102.0,106.8,113.0,-6.2,-11.0,0.538,2.1,15.6,0.236,0.642,0.435,0.099,0.467,0.513,104.1,100.5,83.75,101,0.465
0022200742,2023-01-28,1610612752,New York Knicks,1,0,1,0.0,48.0,123.2,123.7,131.0,131.2,-7.8,-7.5,0.422,1.73,14.8,0.356,0.744,0.545,0.118,0.568,0.597,93.3,93.0,77.5,93,0.475
0022200744,2023-01-28,1610612753,Orlando Magic,1,0,1,0.0,48.0,108.4,112.4,131.5,132.0,-23.1,-19.6,0.707,2.23,21.3,0.217,0.861,0.5,0.134,0.554,0.583,99.0,97.0,80.83,97,0.421
0022200741,2023-01-28,1610612755,Philadelphia 76ers,1,1,0,1.0,48.0,127.8,131.3,121.7,125.3,6.2,6.0,0.674,2.82,21.8,0.326,0.757,0.518,0.115,0.618,0.633,98.2,95.5,79.58,96,0.506
0022200748,2023-01-28,1610612756,Phoenix Suns,1,1,0,1.0,53.0,120.3,120.8,104.9,111.3,15.3,9.4,0.62,3.44,19.9,0.357,0.609,0.492,0.085,0.524,0.559,99.1,96.0,80.0,106,0.548
0022200751,2023-01-28,1610612757,Portland Trail Blazers,1,0,1,0.0,48.0,110.4,114.1,132.4,133.7,-22.0,-19.6,0.45,1.5,15.5,0.184,0.636,0.427,0.13,0.572,0.61,94.0,92.0,76.67,92,0.414
0022200746,2023-01-28,1610612758,Sacramento Kings,1,0,1,0.0,48.0,113.6,112.2,116.7,120.6,-3.1,-8.4,0.622,2.56,17.3,0.245,0.667,0.432,0.092,0.506,0.562,98.5,97.5,81.25,98,0.463
0022200748,2023-01-28,1610612759,San Antonio Spurs,1,0,1,0.0,53.0,104.9,111.3,120.3,120.8,-15.3,-9.4,0.667,2.46,19.9,0.391,0.643,0.508,0.123,0.486,0.507,99.1,96.0,80.0,106,0.452
0022200751,2023-01-28,1610612761,Toronto Raptors,1,1,0,1.0,48.0,132.4,133.7,110.4,114.1,22.0,19.6,0.5,3.0,18.2,0.364,0.816,0.573,0.087,0.576,0.615,94.0,92.0,76.67,92,0.586
0022200750,2023-01-28,1610612762,Utah Jazz,1,1,0,1.0,48.0,111.8,116.1,105.8,106.4,6.0,9.7,0.667,1.53,19.1,0.409,0.771,0.598,0.183,0.555,0.583,95.5,93.5,77.92,93,0.552
0022200747,2023-01-28,1610612764,Washington Wizards,1,1,0,1.0,48.0,106.8,113.0,100.6,102.0,6.2,11.0,0.45,1.0,13.1,0.358,0.764,0.565,0.18,0.517,0.561,104.1,100.5,83.75,100,0.535
0022200752,2023-01-29,1610612766,Charlotte Hornets,1,1,0,1.0,48.0,121.2,122.0,112.4,118.2,8.8,3.8,0.556,1.32,18.2,0.317,0.706,0.533,0.19,0.633,0.658,102.4,99.5,82.92,100,0.53
0022200754,2023-01-29,1610612739,Cleveland Cavaliers,1,1,0,1.0,48.0,127.9,127.1,98.1,104.2,29.8,22.9,0.795,2.69,25.5,0.167,0.593,0.422,0.135,0.692,0.706,98.1,95.5,79.58,96,0.647
0022200753,2023-01-29,1610612754,Indiana Pacers,1,0,1,0.0,48.0,105.0,109.9,120.8,123.1,-15.8,-13.2,0.583,1.17,16.4,0.364,0.596,0.484,0.198,0.513,0.567,94.0,91.0,75.83,91,0.413
0022200754,2023-01-29,1610612746,LA Clippers,1,0,1,0.0,48.0,98.1,104.2,127.9,127.1,-29.8,-22.9,0.459,1.13,12.7,0.407,0.833,0.578,0.158,0.427,0.491,98.1,95.5,79.58,95,0.353
0022200753,2023-01-29,1610612763,Memphis Grizzlies,1,1,0,1.0,48.0,120.8,123.1,105.0,109.9,15.8,13.2,0.674,3.22,21.0,0.404,0.636,0.516,0.099,0.534,0.567,94.0,91.0,75.83,91,0.587
0022200752,2023-01-29,1610612748,Miami Heat,1,0,1,0.0,48.0,112.4,118.2,121.2,122.0,-8.8,-3.8,0.578,2.36,18.6,0.294,0.683,0.467,0.111,0.538,0.567,102.4,99.5,82.92,99,0.47
0022200755,2023-01-29,1610612749,Milwaukee Bucks,1,1,0,1.0,48.0,128.8,129.8,103.5,105.8,25.3,24.0,0.509,2.25,18.8,0.298,0.804,0.573,0.115,0.641,0.644,105.5,104.0,86.67,104,0.617
0022200755,2023-01-29,1610612740,New Orleans Pelicans,1,0,1,0.0,48.0,103.5,105.8,128.8,129.8,-25.3,-24.0,0.61,2.08,18.1,0.196,0.702,0.427,0.115,0.511,0.538,105.5,104.0,86.67,104,0.383
0022200763,2023-01-30,1610612737,Atlanta Hawks,1,0,1,0.0,48.0,128.6,134.4,134.5,138.7,-5.9,-4.3,0.591,3.71,18.3,0.434,0.816,0.593,0.075,0.537,0.583,96.5,93.0,77.5,93,0.473
0022200757,2023-01-30,1610612751,Brooklyn Nets,1,1,0,1.0,48.0,118.2,122.2,100.7,104.0,17.5,18.2,0.533,2.18,17.6,0.275,0.65,0.477,0.111,0.558,0.585,102.8,99.5,82.92,99,0.59
0022200761,2023-01-30,1610612742,Dallas Mavericks,1,1,0,1.0,48.0,116.2,118.1,109.5,111.7,6.7,6.4,0.436,1.55,13.8,0.273,0.717,0.5,0.117,0.557,0.593,95.7,94.0,78.33,94,0.55
0022200761,2023-01-30,1610612765,Detroit Pistons,1,0,1,0.0,48.0,109.5,111.7,116.2,118.1,-6.7,-6.4,0.5,1.29,14.4,0.283,0.727,0.5,0.149,0.544,0.578,95.7,94.0,78.33,94,0.45
0022200759,2023-01-30,1610612744,Golden State Warriors,1,1,0,1.0,48.0,118.7,115.3,108.3,110.1,10.4,5.2,0.804,2.47,23.9,0.178,0.796,0.5,0.135,0.622,0.648,109.3,110.0,91.67,111,0.555
0022200757,2023-01-30,1610612747,Los Angeles Lakers,1,0,1,0.0,48.0,100.7,104.0,118.2,122.2,-17.5,-18.2,0.686,1.71,16.7,0.35,0.725,0.523,0.14,0.455,0.494,102.8,99.5,82.92,100,0.41
0022200758,2023-01-30,1610612750,Minnesota Timberwolves,1,0,1,0.0,53.0,98.2,101.8,106.6,107.3,-8.4,-5.4,0.605,1.44,17.8,0.204,0.768,0.491,0.165,0.533,0.539,101.3,99.17,82.64,109,0.47
0022200759,2023-01-30,1610612760,Oklahoma City Thunder,1,0,1,0.0,48.0,108.3,110.1,118.7,115.3,-10.4,-5.2,0.5,1.35,16.2,0.204,0.822,0.5,0.156,0.554,0.589,109.3,110.0,91.67,109,0.445
0022200756,2023-01-30,1610612753,Orlando Magic,1,1,0,1.0,48.0,111.0,112.3,102.7,103.8,8.3,8.5,0.548,2.3,15.6,0.305,0.783,0.514,0.094,0.48,0.53,106.7,105.5,87.92,106,0.539
0022200756,2023-01-30,1610612755,Philadelphia 76ers,1,0,1,0.0,48.0,102.7,103.8,111.0,112.3,-8.3,-8.5,0.7,1.47,19.6,0.217,0.695,0.486,0.181,0.535,0.573,106.7,105.5,87.92,105,0.461
0022200762,2023-01-30,1610612756,Phoenix Suns,1,1,0,1.0,48.0,119.7,121.3,111.2,112.8,8.5,8.5,0.651,2.33,20.3,0.356,0.627,0.5,0.128,0.557,0.592,95.3,94.0,78.33,94,0.563
0022200763,2023-01-30,1610612757,Portland Trail Blazers,1,1,0,1.0,48.0,134.5,138.7,128.6,134.4,5.9,4.3,0.558,3.0,19.7,0.184,0.566,0.407,0.086,0.665,0.71,96.5,93.0,77.5,93,0.527
0022200758,2023-01-30,1610612758,Sacramento Kings,1,1,0,1.0,53.0,106.6,107.3,98.2,101.8,8.4,5.4,0.426,1.67,14.0,0.232,0.796,0.509,0.109,0.52,0.543,101.3,99.17,82.64,110,0.53
0022200760,2023-01-30,1610612759,San Antonio Spurs,1,0,1,0.0,48.0,102.8,107.1,123.9,128.3,-21.1,-21.2,0.619,2.6,18.2,0.3,0.8,0.5,0.101,0.469,0.495,102.8,99.0,82.5,99,0.376
0022200762,2023-01-30,1610612761,Toronto Raptors,1,0,1,0.0,48.0,111.2,112.8,119.7,121.3,-8.5,-8.5,0.475,1.36,14.4,0.373,0.644,0.5,0.149,0.5,0.544,95.3,94.0,78.33,94,0.437
0022200760,2023-01-30,1610612764,Washington Wizards,1,1,0,1.0,48.0,123.9,128.3,102.8,107.1,21.1,21.2,0.667,2.29,23.0,0.2,0.7,0.5,0.141,0.651,0.679,102.8,99.0,82.5,99,0.624
0022200767,2023-01-31,1610612766,Charlotte Hornets,1,0,1,0.0,48.0,99.6,100.9,109.9,108.8,-10.2,-7.9,0.643,2.45,16.8,0.278,0.73,0.489,0.096,0.428,0.47,114.2,114.0,95.0,114,0.456
0022200766,2023-01-31,1610612741,Chicago Bulls,1,0,1,0.0,48.0,102.8,102.0,106.5,106.9,-3.7,-5.0,0.684,1.3,19.5,0.171,0.8,0.545,0.198,0.571,0.597,100.8,101.0,84.17,101,0.494
0022200764,2023-01-31,1610612739,Cleveland Cavaliers,1,0,1,0.0,48.0,100.7,104.3,105.3,108.7,-4.5,-4.4,0.8,2.46,24.1,0.196,0.739,0.467,0.14,0.548,0.549,95.6,92.5,77.08,93,0.523
0022200768,2023-01-31,1610612743,Denver Nuggets,1,1,0,1.0,48.0,115.6,119.6,109.7,111.9,5.9,7.7,0.767,1.83,21.9,0.333,0.778,0.548,0.176,0.586,0.625,104.3,101.5,84.58,102,0.533
0022200766,2023-01-31,1610612746,LA Clippers,1,1,0,1.0,48.0,106.5,106.9,102.8,102.0,3.7,5.0,0.649,3.0,17.6,0.2,0.829,0.455,0.079,0.462,0.517,100.8,101.0,84.17,101,0.506
0022200765,2023-01-31,1610612747,Los Angeles Lakers,1,1,0,1.0,53.0,117.7,119.4,113.8,115.0,3.9,4.5,0.604,2.07,19.5,0.271,0.727,0.515,0.13,0.575,0.605,98.6,97.36,81.13,108,0.516
0022200764,2023-01-31,1610612748,Miami Heat,1,1,0,1.0,48.0,105.3,108.7,100.7,104.3,4.5,4.4,0.618,1.4,16.9,0.261,0.804,0.533,0.163,0.526,0.562,95.6,92.5,77.08,92,0.477
0022200767,2023-01-31,1610612749,Milwaukee Bucks,1,1,0,1.0,48.0,109.9,108.8,99.6,100.9,10.2,7.9,0.419,1.5,12.1,0.27,0.722,0.511,0.105,0.481,0.53,114.2,114.0,95.0,114,0.544
0022200768,2023-01-31,1610612740,New Orleans Pelicans,1,0,1,0.0,48.0,109.7,111.9,115.6,119.6,-5.9,-7.7,0.667,1.87,20.1,0.222,0.667,0.452,0.149,0.541,0.589,104.3,101.5,84.58,101,0.467
0022200765,2023-01-31,1610612752,New York Knicks,1,0,1,0.0,53.0,113.8,115.0,117.7,119.4,-3.9,-4.5,0.614,3.0,18.1,0.273,0.729,0.485,0.084,0.485,0.549,98.6,97.36,81.13,107,0.484
0022200777,2023-02-01,1610612737,Atlanta Hawks,1,1,0,1.0,48.0,129.6,129.4,96.5,98.0,33.1,31.4,0.615,2.67,22.9,0.15,0.741,0.489,0.118,0.676,0.689,102.7,102.0,85.0,102,0.618
0022200772,2023-02-01,1610612738,Boston Celtics,1,1,0,1.0,48.0,142.7,141.8,98.0,98.0,44.7,43.9,0.528,2.33,20.3,0.3,0.889,0.638,0.122,0.717,0.721,97.7,98.0,81.67,98,0.666
0022200772,2023-02-01,1610612751,Brooklyn Nets,1,0,1,0.0,48.0,98.0,98.0,142.7,141.8,-44.7,-43.9,0.528,2.71,15.4,0.111,0.7,0.362,0.071,0.46,0.5,97.7,98.0,81.67,98,0.334
0022200774,2023-02-01,1610612744,Golden State Warriors,1,0,1,0.0,53.0,100.0,100.0,101.2,103.5,-1.2,-3.5,0.553,1.24,14.4,0.196,0.769,0.504,0.149,0.478,0.538,104.8,103.7,86.42,114,0.5
0022200773,2023-02-01,1610612745,Houston Rockets,1,1,0,1.0,48.0,110.2,112.0,107.4,105.0,2.8,7.0,0.488,1.11,13.7,0.458,0.621,0.544,0.18,0.473,0.52,100.2,100.5,83.75,100,0.551
0022200771,2023-02-01,1610612763,Memphis Grizzlies,1,0,1,0.0,48.0,111.6,110.9,118.6,119.6,-6.9,-8.7,0.683,2.15,19.6,0.28,0.739,0.5,0.129,0.523,0.564,101.6,101.5,84.58,101,0.489
0022200774,2023-02-01,1610612750,Minnesota Timberwolves,1,1,0,1.0,53.0,101.2,103.5,100.0,100.0,1.2,3.5,0.565,2.36,16.7,0.231,0.804,0.496,0.096,0.5,0.51,104.8,103.7,86.42,115,0.5
0022200773,2023-02-01,1610612760,Oklahoma City Thunder,1,0,1,0.0,48.0,107.4,105.0,110.2,112.0,-2.8,-7.0,0.579,2.2,14.9,0.379,0.542,0.456,0.099,0.427,0.47,100.2,100.5,83.75,101,0.449
0022200770,2023-02-01,1610612753,Orlando Magic,1,0,1,0.0,48.0,91.5,93.1,103.5,104.0,-12.0,-10.9,0.364,0.8,9.3,0.281,0.8,0.51,0.149,0.414,0.471,102.1,101.0,84.17,101,0.403
0022200770,2023-02-01,1610612755,Philadelphia 76ers,1,1,0,1.0,48.0,103.5,104.0,91.5,93.1,12.0,10.9,0.794,1.42,19.7,0.2,0.719,0.49,0.188,0.526,0.587,102.1,101.0,84.17,101,0.597
0022200777,2023-02-01,1610612756,Phoenix Suns,1,0,1,0.0,48.0,96.5,98.0,129.6,129.4,-33.1,-31.4,0.629,1.38,16.1,0.259,0.85,0.511,0.157,0.43,0.502,102.7,102.0,85.0,102,0.382
0022200771,2023-02-01,1610612757,Portland Trail Blazers,1,1,0,1.0,48.0,118.6,119.6,111.6,110.9,6.9,8.7,0.585,1.85,17.5,0.261,0.72,0.5,0.127,0.552,0.617,101.6,101.5,84.58,102,0.511
0022200775,2023-02-01,1610612758,Sacramento Kings,1,1,0,1.0,48.0,116.3,116.7,107.8,107.9,8.4,8.7,0.521,2.5,18.8,0.182,0.78,0.471,0.098,0.578,0.605,101.7,101.5,84.58,102,0.532
0022200775,2023-02-01,1610612759,San Antonio Spurs,1,0,1,0.0,48.0,107.8,107.9,116.3,116.7,-8.4,-8.7,0.625,1.67,21.4,0.22,0.818,0.529,0.178,0.591,0.598,101.7,101.5,84.58,101,0.468
0022200776,2023-02-01,1610612761,Toronto Raptors,1,0,1,0.0,48.0,122.6,126.7,132.1,131.0,-9.5,-4.3,0.54,3.38,17.4,0.431,0.667,0.523,0.079,0.5,0.527,101.8,100.5,83.75,101,0.446
0022200776,2023-02-01,1610612762,Utah Jazz,1,1,0,1.0,48.0,132.1,131.0,122.6,126.7,9.5,4.3,0.659,1.81,20.3,0.333,0.569,0.477,0.16,0.633,0.681,101.8,100.5,83.75,100,0.554
0022200781,2023-02-02,1610612766,Charlotte Hornets,1,0,1,0.0,48.0,99.4,102.1,118.2,117.5,-18.8,-15.4,0.487,1.27,14.1,0.364,0.762,0.536,0.156,0.457,0.494,97.5,96.5,80.42,96,0.41
0022200781,2023-02-02,1610612741,Chicago Bulls,1,1,0,1.0,48.0,118.2,117.5,99.4,102.1,18.8,15.4,0.585,1.71,18.3,0.238,0.636,0.464,0.144,0.589,0.63,97.5,96.5,80.42,97,0.59
0022200779,2023-02-02,1610612739,Cleveland Cavaliers,1,1,0,1.0,48.0,118.9,124.3,109.0,109.7,9.9,14.6,0.673,2.06,22.3,0.283,0.702,0.495,0.155,0.615,0.636,105.7,103.0,85.83,103,0.579
0022200782,2023-02-02,1610612742,Dallas Mavericks,1,1,0,1.0,48.0,111.3,114.4,107.9,109.3,3.4,5.2,0.432,2.0,13.0,0.196,0.711,0.438,0.082,0.518,0.568,99.0,97.0,80.83,97,0.47
0022200783,2023-02-02,1610612743,Denver Nuggets,1,1,0,1.0,48.0,127.3,132.7,116.6,115.8,10.7,16.8,0.686,2.69,23.8,0.256,0.761,0.517,0.129,0.656,0.675,102.8,101.0,84.17,101,0.591
0022200783,2023-02-02,1610612744,Golden State Warriors,1,0,1,0.0,48.0,116.6,115.8,127.3,132.7,-10.7,-16.8,0.581,1.47,18.2,0.239,0.744,0.483,0.168,0.618,0.627,102.8,101.0,84.17,101,0.409
0022200778,2023-02-02,1610612754,Indiana Pacers,1,0,1,0.0,48.0,105.1,105.7,106.0,106.7,-0.9,-1.0,0.667,1.88,21.0,0.167,0.714,0.462,0.152,0.57,0.58,105.6,105.0,87.5,105,0.489
0022200784,2023-02-02,1610612746,LA Clippers,1,0,1,0.0,48.0,103.1,102.9,102.0,103.9,1.1,-1.0,0.385,2.14,11.8,0.19,0.778,0.473,0.069,0.479,0.506,102.8,102.0,85.0,102,0.49
0022200778,2023-02-02,1610612747,Los Angeles Lakers,1,1,0,1.0,48.0,106.0,106.7,105.1,105.7,0.9,1.0,0.69,2.23,19.3,0.286,0.833,0.538,0.124,0.489,0.53,105.6,105.0,87.5,105,0.511
0022200779,2023-02-02,1610612763,Memphis Grizzlies,1,0,1,0.0,48.0,109.0,109.7,118.9,124.3,-9.9,-14.6,0.537,1.22,15.9,0.298,0.717,0.505,0.175,0.529,0.584,105.7,103.0,85.83,103,0.421
0022200780,2023-02-02,1610612748,Miami Heat,1,0,1,0.0,48.0,108.3,110.6,108.3,111.6,0.0,-0.9,0.615,2.18,18.3,0.255,0.636,0.432,0.117,0.523,0.553,97.0,94.5,78.75,94,0.482
0022200784,2023-02-02,1610612749,Milwaukee Bucks,1,1,0,1.0,48.0,102.0,103.9,103.1,102.9,-1.1,1.0,0.41,1.6,12.3,0.222,0.81,0.527,0.098,0.483,0.52,102.8,102.0,85.0,102,0.51
0022200782,2023-02-02,1610612740,New Orleans Pelicans,1,0,1,0.0,48.0,107.9,109.3,111.3,114.4,-3.4,-5.2,0.643,1.59,19.7,0.289,0.804,0.563,0.175,0.53,0.568,99.0,97.0,80.83,97,0.53
0022200780,2023-02-02,1610612752,New York Knicks,1,1,0,1.0,48.0,108.3,111.6,108.3,110.6,0.0,0.9,0.625,1.39,18.4,0.364,0.745,0.568,0.189,0.554,0.583,97.0,94.5,78.75,95,0.518
0022200792,2023-02-03,1610612737,Atlanta Hawks,1,1,0,1.0,48.0,114.9,115.0,107.0,109.1,7.8,5.9,0.636,3.11,19.7,0.273,0.722,0.495,0.09,0.516,0.547,100.5,99.5,82.92,100,0.575
0022200788,2023-02-03,1610612738,Boston Celtics,1,0,1,0.0,48.0,93.4,95.9,105.8,107.1,-12.4,-11.2,0.621,1.2,14.9,0.12,0.764,0.457,0.153,0.453,0.53,100.4,98.5,82.08,98,0.412
0022200785,2023-02-03,1610612766,Charlotte Hornets,1,0,1,0.0,48.0,102.6,106.7,110.2,110.3,-7.6,-3.6,0.55,1.57,15.8,0.222,0.674,0.43,0.133,0.494,0.543,108.2,106.0,88.33,105,0.471
0022200785,2023-02-03,1610612765,Detroit Pistons,1,1,0,1.0,48.0,110.2,110.3,102.6,106.7,7.6,3.6,0.614,1.17,18.4,0.326,0.778,0.57,0.215,0.593,0.614,108.2,106.0,88.33,107,0.529
0022200789,2023-02-03,1610612745,Houston Rockets,1,0,1,0.0,48.0,109.3,113.3,119.5,119.4,-10.2,-6.1,0.55,1.69,16.7,0.267,0.722,0.515,0.133,0.544,0.587,99.7,98.0,81.67,98,0.478
0022200786,2023-02-03,1610612754,Indiana Pacers,1,1,0,1.0,48.0,102.7,101.9,100.2,100.0,2.5,1.9,0.7,1.56,19.3,0.24,0.769,0.51,0.171,0.545,0.562,104.0,104.5,87.08,105,0.528
0022200790,2023-02-03,1610612750,Minnesota Timberwolves,1,0,1,0.0,48.0,111.8,114.3,120.1,121.0,-8.3,-6.7,0.525,1.05,14.9,0.327,0.681,0.5,0.19,0.552,0.604,106.5,105.0,87.5,105,0.46
0022200790,2023-02-03,1610612753,Orlando Magic,1,1,0,1.0,48.0,120.1,121.0,111.8,114.3,8.3,6.7,0.511,1.35,16.1,0.319,0.673,0.5,0.162,0.6,0.624,106.5,105.0,87.5,105,0.54
0022200791,2023-02-03,1610612755,Philadelphia 76ers,1,1,0,1.0,48.0,134.3,133.0,119.5,123.8,14.8,9.2,0.609,2.55,19.2,0.378,0.711,0.53,0.107,0.603,0.652,103.3,102.0,85.0,103,0.542
0022200788,2023-02-03,1610612756,Phoenix Suns,1,1,0,1.0,48.0,105.8,107.1,93.4,95.9,12.4,11.2,0.683,3.11,20.0,0.236,0.88,0.543,0.091,0.495,0.524,100.4,98.5,82.08,99,0.588
0022200787,2023-02-03,1610612757,Portland Trail Blazers,1,1,0,1.0,48.0,131.7,130.5,121.2,124.7,10.5,5.8,0.581,3.57,18.8,0.283,0.721,0.494,0.074,0.585,0.632,94.9,94.0,78.33,95,0.512
0022200786,2023-02-03,1610612758,Sacramento Kings,1,0,1,0.0,48.0,100.2,100.0,102.7,101.9,-2.5,-1.9,0.649,1.2,17.1,0.231,0.76,0.49,0.192,0.506,0.549,104.0,104.5,87.08,104,0.472
0022200791,2023-02-03,1610612759,San Antonio Spurs,1,0,1,0.0,48.0,119.5,123.8,134.3,133.0,-14.8,-9.2,0.615,1.78,22.2,0.289,0.622,0.47,0.178,0.624,0.654,103.3,102.0,85.0,101,0.458
0022200789,2023-02-03,1610612761,Toronto Raptors,1,1,0,1.0,48.0,119.5,119.4,109.3,113.3,10.2,6.1,0.512,2.33,15.8,0.278,0.733,0.485,0.092,0.539,0.574,99.7,98.0,81.67,98,0.522
0022200792,2023-02-03,1610612762,Utah Jazz,1,0,1,0.0,48.0,107.0,109.1,114.9,115.0,-7.8,-5.9,0.488,1.33,14.9,0.278,0.727,0.505,0.152,0.522,0.546,100.5,99.5,82.92,99,0.425
0022200787,2023-02-03,1610612764,Washington Wizards,1,0,1,0.0,48.0,121.2,124.7,131.7,130.5,-10.5,-5.8,0.643,2.45,20.5,0.279,0.717,0.506,0.118,0.571,0.619,94.9,94.0,78.33,93,0.488
0022200801,2023-02-04,1610612737,Atlanta Hawks,1,0,1,0.0,48.0,103.4,103.8,122.1,124.3,-18.8,-20.4,0.591,1.63,18.3,0.245,0.694,0.469,0.154,0.516,0.548,104.6,103.5,86.25,104,0.411
0022200793,2023-02-04,1610612751,Brooklyn Nets,1,1,0,1.0,48.0,121.0,121.4,112.8,117.1,8.2,4.2,0.488,1.4,15.6,0.244,0.689,0.467,0.146,0.581,0.636,106.2,104.0,86.67,103,0.489
0022200796,2023-02-04,1610612741,Chicago Bulls,1,1,0,1.0,48.0,133.0,130.3,123.2,123.5,9.8,6.8,0.667,2.67,23.2,0.206,0.841,0.564,0.121,0.675,0.709,97.6,98.5,82.08,99,0.573
0022200800,2023-02-04,1610612742,Dallas Mavericks,1,0,1,0.0,48.0,112.0,111.9,119.8,120.2,-7.8,-8.3,0.564,1.57,16.2,0.265,0.85,0.528,0.139,0.541,0.583,100.1,100.0,83.33,101,0.447
0022200801,2023-02-04,1610612743,Denver Nuggets,1,1,0,1.0,48.0,122.1,124.3,103.4,103.8,18.8,20.4,0.667,2.46,21.5,0.306,0.755,0.531,0.126,0.584,0.617,104.6,103.5,86.25,103,0.589
0022200794,2023-02-04,1610612765,Detroit Pistons,1,0,1,0.0,48.0,102.4,105.3,121.3,120.8,-18.9,-15.6,0.657,1.44,17.7,0.231,0.649,0.404,0.168,0.531,0.551,96.7,95.5,79.58,95,0.337
0022200800,2023-02-04,1610612744,Golden State Warriors,1,1,0,1.0,48.0,119.8,120.2,112.0,111.9,7.8,8.3,0.733,2.36,23.9,0.15,0.735,0.472,0.141,0.634,0.658,100.1,100.0,83.33,99,0.553
0022200799,2023-02-04,1610612745,Houston Rockets,1,0,1,0.0,48.0,112.2,117.5,142.8,148.5,-30.7,-31.1,0.644,1.81,19.9,0.313,0.634,0.461,0.155,0.562,0.6,107.5,103.0,85.83,103,0.376
0022200795,2023-02-04,1610612746,LA Clippers,1,1,0,1.0,53.0,120.3,125.2,121.4,118.5,-1.1,6.7,0.545,1.85,16.6,0.269,0.76,0.51,0.121,0.565,0.624,98.2,97.36,81.13,107,0.526
0022200798,2023-02-04,1610612747,Los Angeles Lakers,1,0,1,0.0,48.0,120.6,121.2,123.8,126.0,-3.3,-4.8,0.667,3.33,20.0,0.314,0.646,0.475,0.087,0.537,0.581,105.2,104.0,86.67,104,0.479
0022200797,2023-02-04,1610612748,Miami Heat,1,0,1,0.0,48.0,110.3,112.7,120.2,119.4,-9.9,-6.7,0.511,3.29,16.3,0.281,0.739,0.485,0.069,0.485,0.522,103.3,102.5,85.42,102,0.441
0022200797,2023-02-04,1610612749,Milwaukee Bucks,1,1,0,1.0,48.0,120.2,119.4,110.3,112.7,9.9,6.7,0.5,1.92,16.8,0.261,0.719,0.515,0.117,0.602,0.613,103.3,102.5,85.42,103,0.559
0022200798,2023-02-04,1610612740,New Orleans Pelicans,1,1,0,1.0,48.0,123.8,126.0,120.6,121.2,3.3,4.8,0.538,2.55,18.8,0.354,0.686,0.525,0.106,0.565,0.602,105.2,104.0,86.67,104,0.521
0022200795,2023-02-04,1610612752,New York Knicks,1,0,1,0.0,53.0,121.4,118.5,120.3,125.2,1.1,-6.7,0.667,3.0,20.0,0.24,0.731,0.49,0.093,0.574,0.607,98.2,97.36,81.13,108,0.474
0022200799,2023-02-04,1610612760,Oklahoma City Thunder,1,1,0,1.0,48.0,142.8,148.5,112.2,117.5,30.7,31.1,0.696,4.33,24.8,0.366,0.688,0.539,0.087,0.686,0.714,107.5,103.0,85.83,103,0.624
0022200794,2023-02-04,1610612756,Phoenix Suns,1,1,0,1.0,48.0,121.3,120.8,102.4,105.3,18.9,15.6,0.81,2.0,23.8,0.351,0.769,0.596,0.177,0.633,0.654,96.7,95.5,79.58,96,0.663
0022200796,2023-02-04,1610612757,Portland Trail Blazers,1,0,1,0.0,48.0,123.2,123.5,133.0,130.3,-9.8,-6.8,0.5,2.44,17.3,0.159,0.794,0.436,0.092,0.586,0.629,97.6,98.5,82.08,98,0.427
0022200793,2023-02-04,1610612764,Washington Wizards,1,0,1,0.0,48.0,112.8,117.1,121.0,121.4,-8.2,-4.2,0.564,1.38,15.9,0.311,0.756,0.533,0.152,0.562,0.621,106.2,104.0,86.67,105,0.511
0022200802,2023-02-05,1610612766,Charlotte Hornets,1,0,1,0.0,48.0,112.9,115.3,121.2,120.2,-8.3,-4.9,0.622,1.87,20.7,0.209,0.608,0.426,0.153,0.614,0.607,99.2,98.5,82.08,98,0.469
0022200803,2023-02-05,1610612739,Cleveland Cavaliers,1,1,0,1.0,48.0,122.0,124.5,100.3,105.1,21.6,19.4,0.717,2.54,23.4,0.279,0.714,0.525,0.133,0.608,0.642,101.4,98.0,81.67,98,0.617
0022200806,2023-02-05,1610612743,Denver Nuggets,1,0,1,0.0,48.0,94.6,94.2,120.5,124.3,-26.0,-30.0,0.559,0.86,14.6,0.175,0.814,0.506,0.212,0.521,0.579,104.9,103.5,86.25,104,0.375
0022200803,2023-02-05,1610612754,Indiana Pacers,1,0,1,0.0,48.0,100.3,105.1,122.0,124.5,-21.6,-19.4,0.7,2.15,19.7,0.286,0.721,0.475,0.133,0.478,0.506,101.4,98.0,81.67,98,0.383
0022200805,2023-02-05,1610612763,Memphis Grizzlies,1,0,1,0.0,48.0,102.9,105.1,99.7,107.1,3.1,-2.0,0.658,1.25,18.9,0.214,0.644,0.465,0.204,0.551,0.584,103.2,98.5,82.08,98,0.528
0022200806,2023-02-05,1610612750,Minnesota Timberwolves,1,1,0,1.0,48.0,120.5,124.3,94.6,94.2,26.0,30.0,0.688,3.0,22.9,0.186,0.825,0.494,0.107,0.609,0.639,104.9,103.5,86.25,103,0.625
0022200807,2023-02-05,1610612740,New Orleans Pelicans,1,1,0,1.0,48.0,137.4,140.2,106.3,108.3,31.2,31.9,0.542,2.36,19.0,0.357,0.74,0.565,0.113,0.647,0.68,98.4,96.5,80.42,97,0.635
0022200804,2023-02-05,1610612752,New York Knicks,1,1,0,1.0,48.0,114.7,113.7,103.4,100.0,11.3,13.7,0.618,1.75,16.0,0.288,0.792,0.53,0.126,0.506,0.562,94.0,96.0,80.0,95,0.498
0022200802,2023-02-05,1610612753,Orlando Magic,1,1,0,1.0,48.0,121.2,120.2,112.9,115.3,8.3,4.9,0.595,2.08,17.4,0.392,0.791,0.574,0.121,0.505,0.571,99.2,98.5,82.08,99,0.531
0022200804,2023-02-05,1610612755,Philadelphia 76ers,1,0,1,0.0,48.0,103.4,100.0,114.7,113.7,-11.3,-13.7,0.767,1.92,17.8,0.208,0.712,0.47,0.124,0.453,0.54,94.0,96.0,80.0,97,0.502
0022200807,2023-02-05,1610612758,Sacramento Kings,1,0,1,0.0,48.0,106.3,108.3,137.4,140.2,-31.2,-31.9,0.657,1.53,17.4,0.26,0.643,0.435,0.156,0.494,0.554,98.4,96.5,80.42,96,0.365
0022200805,2023-02-05,1610612761,Toronto Raptors,1,1,0,1.0,48.0,99.7,107.1,102.9,105.1,-3.1,2.0,0.545,2.18,16.9,0.356,0.786,0.535,0.111,0.49,0.499,103.2,98.5,82.08,99,0.472
0022200808,2023-02-06,1610612738,Boston Celtics,1,1,0,1.0,48.0,117.8,115.6,102.9,104.2,14.9,11.4,0.641,2.08,18.9,0.234,0.811,0.54,0.125,0.566,0.602,95.2,95.5,79.58,96,0.547
0022200810,2023-02-06,1610612751,Brooklyn Nets,1,0,1,0.0,48.0,114.1,114.9,120.2,121.6,-6.1,-6.7,0.512,1.31,16.2,0.174,0.725,0.464,0.158,0.583,0.619,102.4,101.5,84.58,101,0.444
0022200811,2023-02-06,1610612741,Chicago Bulls,1,1,0,1.0,48.0,119.6,118.5,95.0,95.4,24.6,23.1,0.54,1.93,19.0,0.175,0.824,0.538,0.13,0.596,0.64,108.2,108.5,90.42,108,0.644
0022200809,2023-02-06,1610612739,Cleveland Cavaliers,1,1,0,1.0,48.0,117.8,117.5,93.5,93.8,24.3,23.7,0.591,1.53,19.8,0.211,0.816,0.552,0.175,0.641,0.657,97.1,97.0,80.83,97,0.624
0022200813,2023-02-06,1610612742,Dallas Mavericks,1,1,0,1.0,48.0,125.7,127.8,109.4,114.4,16.3,13.4,0.634,1.86,18.2,0.408,0.702,0.552,0.144,0.551,0.61,100.0,97.0,80.83,97,0.561
0022200808,2023-02-06,1610612765,Detroit Pistons,1,0,1,0.0,48.0,102.9,104.2,117.8,115.6,-14.9,-11.4,0.595,2.44,17.3,0.189,0.766,0.46,0.095,0.477,0.514,95.2,95.5,79.58,95,0.453
0022200814,2023-02-06,1610612744,Golden State Warriors,1,1,0,1.0,48.0,134.2,135.6,109.4,109.6,24.8,26.0,0.768,2.69,26.9,0.295,0.792,0.554,0.154,0.711,0.704,104.7,104.0,86.67,104,0.598
0022200812,2023-02-06,1610612745,Houston Rockets,1,0,1,0.0,48.0,118.2,120.0,140.1,142.9,-22.0,-22.9,0.614,1.93,19.0,0.362,0.769,0.547,0.14,0.574,0.609,100.7,99.0,82.5,100,0.424
0022200810,2023-02-06,1610612746,LA Clippers,1,1,0,1.0,48.0,120.2,121.6,114.1,114.9,6.1,6.7,0.455,2.22,14.7,0.275,0.826,0.536,0.088,0.543,0.589,102.4,101.5,84.58,102,0.556
0022200815,2023-02-06,1610612749,Milwaukee Bucks,1,1,0,1.0,48.0,120.7,121.0,96.6,102.9,24.0,18.1,0.574,1.69,19.1,0.233,0.86,0.59,0.152,0.632,0.66,108.5,105.0,87.5,105,0.614
0022200814,2023-02-06,1610612760,Oklahoma City Thunder,1,0,1,0.0,48.0,109.4,109.6,134.2,135.6,-24.8,-26.0,0.477,1.91,15.6,0.208,0.705,0.446,0.106,0.544,0.569,104.7,104.0,86.67,104,0.402
0022200815,2023-02-06,1610612757,Portland Trail Blazers,1,0,1,0.0,48.0,96.6,102.9,120.7,121.0,-24.0,-18.1,0.622,2.56,17.0,0.14,0.767,0.41,0.086,0.456,0.52,108.5,105.0,87.5,105,0.386
0022200812,2023-02-06,1610612758,Sacramento Kings,1,1,0,1.0,48.0,140.1,142.9,118.2,120.0,22.0,22.9,0.731,3.8,26.2,0.231,0.638,0.453,0.102,0.702,0.722,100.7,99.0,82.5,98,0.576
0022200811,2023-02-06,1610612759,San Antonio Spurs,1,0,1,0.0,48.0,95.0,95.4,119.6,118.5,-24.6,-23.1,0.625,1.39,17.6,0.176,0.825,0.462,0.165,0.489,0.533,108.2,108.5,90.42,109,0.356
0022200813,2023-02-06,1610612762,Utah Jazz,1,0,1,0.0,48.0,109.4,114.4,125.7,127.8,-16.3,-13.4,0.512,1.62,16.2,0.298,0.592,0.448,0.134,0.506,0.564,100.0,97.0,80.83,97,0.439
0022200809,2023-02-06,1610612764,Washington Wizards,1,0,1,0.0,48.0,93.5,93.8,117.8,117.5,-24.3,-23.7,0.571,1.43,15.9,0.184,0.789,0.448,0.144,0.463,0.504,97.1,97.0,80.83,97,0.376
0022200818,2023-02-07,1610612737,Atlanta Hawks,1,0,1,0.0,48.0,109.2,111.5,119.3,122.1,-10.1,-10.6,0.789,2.5,21.4,0.3,0.667,0.48,0.125,0.518,0.557,97.6,95.5,79.58,96,0.457
0022200817,2023-02-07,1610612751,Brooklyn Nets,1,0,1,0.0,48.0,107.0,108.7,112.3,112.6,-5.2,-3.9,0.658,1.47,18.2,0.209,0.647,0.447,0.165,0.538,0.604,104.0,103.0,85.83,103,0.489
0022200819,2023-02-07,1610612741,Chicago Bulls,1,0,1,0.0,48.0,82.5,88.1,104.8,104.0,-22.3,-15.9,0.75,1.2,16.6,0.344,0.889,0.575,0.198,0.408,0.45,103.6,100.5,83.75,101,0.419
0022200820,2023-02-07,1610612743,Denver Nuggets,1,1,0,1.0,48.0,135.6,136.4,106.2,105.7,29.4,30.8,0.759,4.0,27.5,0.237,0.809,0.553,0.103,0.694,0.711,106.6,106.5,88.75,107,0.645
0022200821,2023-02-07,1610612747,Los Angeles Lakers,1,0,1,0.0,48.0,116.7,117.1,122.2,118.8,-5.6,-1.6,0.551,1.29,18.5,0.22,0.804,0.529,0.189,0.659,0.674,110.1,111.5,92.92,111,0.474
0022200819,2023-02-07,1610612763,Memphis Grizzlies,1,1,0,1.0,48.0,104.8,104.0,82.5,88.1,22.3,15.9,0.564,1.57,17.3,0.111,0.656,0.425,0.14,0.549,0.576,103.6,100.5,83.75,100,0.581
0022200820,2023-02-07,1610612750,Minnesota Timberwolves,1,0,1,0.0,48.0,106.2,105.7,135.6,136.4,-29.4,-30.8,0.6,1.41,17.3,0.191,0.763,0.447,0.16,0.529,0.581,106.6,106.5,88.75,106,0.355
0022200818,2023-02-07,1610612740,New Orleans Pelicans,1,1,0,1.0,48.0,119.3,122.1,109.2,111.5,10.1,10.6,0.622,2.8,20.1,0.333,0.7,0.52,0.105,0.56,0.579,97.6,95.5,79.58,95,0.543
0022200816,2023-02-07,1610612752,New York Knicks,1,1,0,1.0,48.0,114.1,112.1,107.0,110.1,7.1,2.0,0.568,1.91,16.8,0.298,0.756,0.522,0.121,0.549,0.571,90.5,90.0,75.0,91,0.497
0022200821,2023-02-07,1610612760,Oklahoma City Thunder,1,1,0,1.0,48.0,122.2,118.8,116.7,117.1,5.6,1.6,0.653,2.46,21.1,0.196,0.78,0.471,0.116,0.612,0.647,110.1,111.5,92.92,112,0.526
0022200816,2023-02-07,1610612753,Orlando Magic,1,0,1,0.0,48.0,107.0,110.1,114.1,112.1,-7.1,-2.0,0.622,2.09,18.7,0.244,0.702,0.478,0.124,0.506,0.547,90.5,90.0,75.0,89,0.503
0022200817,2023-02-07,1610612756,Phoenix Suns,1,1,0,1.0,48.0,112.3,112.6,107.0,108.7,5.2,3.9,0.721,2.07,20.4,0.353,0.791,0.553,0.146,0.516,0.556,104.0,103.0,85.83,103,0.511
0022200824,2023-02-08,1610612738,Boston Celtics,1,1,0,1.0,48.0,117.3,117.8,109.0,111.2,8.2,6.5,0.625,1.67,20.5,0.211,0.804,0.551,0.167,0.651,0.659,90.6,89.5,74.58,90,0.54
0022200823,2023-02-08,1610612766,Charlotte Hornets,1,0,1,0.0,48.0,107.0,107.2,117.4,120.4,-10.5,-13.2,0.59,3.29,17.2,0.25,0.659,0.43,0.072,0.468,0.509,98.9,97.5,81.25,97,0.426
0022200822,2023-02-08,1610612739,Cleveland Cavaliers,1,1,0,1.0,48.0,115.3,122.8,90.5,92.4,24.8,30.4,0.698,2.31,21.0,0.447,0.75,0.606,0.141,0.529,0.577,96.0,92.0,76.67,92,0.683
0022200829,2023-02-08,1610612742,Dallas Mavericks,1,1,0,1.0,48.0,115.2,113.4,107.0,106.1,8.3,7.3,0.634,1.44,19.8,0.195,0.771,0.506,0.186,0.635,0.643,96.4,97.5,81.25,97,0.537
0022200822,2023-02-08,1610612765,Detroit Pistons,1,0,1,0.0,48.0,90.5,92.4,115.3,122.8,-24.8,-30.4,0.633,1.36,15.4,0.25,0.553,0.394,0.152,0.42,0.478,96.0,92.0,76.67,92,0.317
0022200830,2023-02-08,1610612744,Golden State Warriors,1,0,1,0.0,48.0,119.1,122.0,123.7,126.3,-4.5,-4.3,0.674,2.82,21.5,0.269,0.629,0.414,0.11,0.582,0.602,101.7,99.5,82.92,100,0.456
0022200827,2023-02-08,1610612745,Houston Rockets,1,0,1,0.0,48.0,125.1,125.5,124.8,128.7,0.3,-3.2,0.532,1.32,17.5,0.436,0.729,0.598,0.186,0.605,0.651,103.3,101.5,84.58,102,0.477
0022200825,2023-02-08,1610612754,Indiana Pacers,1,0,1,0.0,48.0,115.2,116.8,123.2,122.1,-8.0,-5.3,0.632,2.18,19.0,0.174,0.651,0.404,0.116,0.583,0.614,95.2,95.0,79.17,95,0.445
0022200829,2023-02-08,1610612746,LA Clippers,1,0,1,0.0,48.0,107.0,106.1,115.2,113.4,-8.3,-7.3,0.553,1.91,16.2,0.229,0.805,0.494,0.112,0.512,0.546,96.4,97.5,81.25,98,0.463
0022200825,2023-02-08,1610612748,Miami Heat,1,1,0,1.0,48.0,123.2,122.1,115.2,116.8,8.0,5.3,0.568,1.62,16.0,0.349,0.826,0.596,0.137,0.506,0.603,95.2,95.0,79.17,95,0.555
0022200828,2023-02-08,1610612750,Minnesota Timberwolves,1,1,0,1.0,48.0,136.8,140.2,116.6,115.7,20.3,24.5,0.625,3.18,23.5,0.286,0.645,0.5,0.108,0.689,0.704,102.9,102.0,85.0,102,0.601
0022200824,2023-02-08,1610612755,Philadelphia 76ers,1,0,1,0.0,48.0,109.0,111.2,117.3,117.8,-8.2,-6.5,0.541,2.86,16.8,0.196,0.789,0.449,0.079,0.506,0.539,90.6,89.5,74.58,89,0.46
0022200830,2023-02-08,1610612757,Portland Trail Blazers,1,1,0,1.0,48.0,123.7,126.3,119.1,122.0,4.5,4.3,0.581,1.19,18.2,0.371,0.731,0.586,0.212,0.603,0.679,101.7,99.5,82.92,99,0.544
0022200827,2023-02-08,1610612758,Sacramento Kings,1,1,0,1.0,48.0,124.8,128.7,125.1,125.5,-0.3,3.2,0.63,3.22,20.3,0.271,0.564,0.402,0.089,0.554,0.618,103.3,101.5,84.58,101,0.523
0022200826,2023-02-08,1610612759,San Antonio Spurs,1,0,1,0.0,48.0,90.8,94.2,106.4,106.7,-15.6,-12.4,0.686,1.5,17.1,0.218,0.745,0.461,0.154,0.454,0.496,106.6,104.5,87.08,104,0.415
0022200826,2023-02-08,1610612761,Toronto Raptors,1,1,0,1.0,48.0,106.4,106.7,90.8,94.2,15.6,12.4,0.488,1.24,15.2,0.255,0.782,0.539,0.162,0.545,0.576,106.6,104.5,87.08,105,0.585
0022200828,2023-02-08,1610612762,Utah Jazz,1,0,1,0.0,48.0,116.6,115.7,136.8,140.2,-20.3,-24.5,0.614,3.38,17.9,0.355,0.714,0.5,0.078,0.476,0.516,102.9,102.0,85.0,102,0.399
0022200823,2023-02-08,1610612764,Washington Wizards,1,1,0,1.0,48.0,117.4,120.4,107.0,107.2,10.5,13.2,0.659,1.71,20.4,0.341,0.75,0.57,0.173,0.592,0.624,98.9,97.5,81.25,98,0.574
0022200832,2023-02-09,1610612737,Atlanta Hawks,1,1,0,1.0,48.0,109.6,114.9,106.2,104.9,3.4,9.9,0.535,1.21,15.3,0.473,0.8,0.629,0.188,0.505,0.543,103.3,101.5,84.58,101,0.499
0022200833,2023-02-09,1610612751,Brooklyn Nets,1,1,0,1.0,48.0,113.7,112.6,100.7,102.9,13.0,9.7,0.667,2.36,18.4,0.241,0.769,0.5,0.107,0.522,0.569,103.1,102.5,85.42,103,0.557
0022200833,2023-02-09,1610612741,Chicago Bulls,1,0,1,0.0,48.0,100.7,102.9,113.7,112.6,-13.0,-9.7,0.357,1.25,11.6,0.231,0.759,0.5,0.118,0.489,0.524,103.1,102.5,85.42,102,0.443
0022200831,2023-02-09,1610612743,Denver Nuggets,1,0,1,0.0,48.0,100.4,104.0,114.6,116.2,-14.2,-12.2,0.615,1.5,17.6,0.271,0.66,0.475,0.16,0.524,0.55,102.0,99.5,82.92,100,0.443
0022200834,2023-02-09,1610612747,Los Angeles Lakers,1,0,1,0.0,48.0,106.8,107.1,112.8,115.0,-6.0,-7.9,0.548,1.92,17.2,0.24,0.625,0.443,0.121,0.511,0.539,100.6,99.5,82.92,99,0.46
0022200834,2023-02-09,1610612749,Milwaukee Bucks,1,1,0,1.0,48.0,112.8,115.0,106.8,107.1,6.0,7.9,0.533,2.18,16.7,0.375,0.76,0.557,0.11,0.515,0.538,100.6,99.5,82.92,100,0.54
0022200831,2023-02-09,1610612753,Orlando Magic,1,1,0,1.0,48.0,114.6,116.2,100.4,104.0,14.2,12.2,0.511,2.4,17.0,0.34,0.729,0.525,0.101,0.531,0.546,102.0,99.5,82.92,99,0.557
0022200832,2023-02-09,1610612756,Phoenix Suns,1,0,1,0.0,48.0,106.2,104.9,109.6,114.9,-3.4,-9.9,0.615,2.18,17.8,0.2,0.527,0.371,0.108,0.494,0.542,103.3,101.5,84.58,102,0.501
0022200838,2023-02-10,1610612738,Boston Celtics,1,1,0,1.0,48.0,119.3,119.8,109.0,110.5,10.3,9.3,0.773,2.27,23.1,0.149,0.75,0.465,0.142,0.635,0.658,106.5,105.5,87.92,106,0.539
0022200838,2023-02-10,1610612766,Charlotte Hornets,1,0,1,0.0,48.0,109.0,110.5,119.3,119.8,-10.3,-9.3,0.578,2.0,18.1,0.25,0.851,0.535,0.124,0.527,0.555,106.5,105.5,87.92,105,0.461
0022200842,2023-02-10,1610612739,Cleveland Cavaliers,1,1,0,1.0,48.0,126.1,126.9,111.5,116.3,14.6,10.6,0.583,2.0,20.7,0.359,0.638,0.512,0.151,0.624,0.644,94.8,92.5,77.08,93,0.564
0022200844,2023-02-10,1610612742,Dallas Mavericks,1,1,0,1.0,48.0,125.3,124.5,119.9,117.5,5.4,7.0,0.791,2.83,23.8,0.267,0.833,0.519,0.122,0.591,0.633,96.2,97.5,81.25,98,0.53
0022200835,2023-02-10,1610612765,Detroit Pistons,1,1,0,1.0,58.0,111.7,113.1,102.4,106.5,9.3,6.6,0.63,1.81,16.4,0.403,0.677,0.538,0.131,0.463,0.537,104.1,101.38,84.48,122,0.566
0022200840,2023-02-10,1610612745,Houston Rockets,1,0,1,0.0,48.0,92.6,99.0,99.3,102.1,-6.7,-3.1,0.657,1.28,16.9,0.321,0.822,0.551,0.188,0.458,0.502,100.1,95.5,79.58,96,0.488
0022200836,2023-02-10,1610612754,Indiana Pacers,1,0,1,0.0,48.0,102.6,104.0,115.2,114.7,-12.6,-10.7,0.639,1.53,16.8,0.264,0.549,0.404,0.15,0.488,0.534,101.4,101.0,84.17,100,0.44
0022200845,2023-02-10,1610612746,LA Clippers,1,0,1,0.0,48.0,108.0,108.2,120.2,120.2,-12.2,-12.0,0.405,1.7,14.4,0.07,0.739,0.416,0.102,0.559,0.581,98.6,98.5,82.08,98,0.43
0022200841,2023-02-10,1610612763,Memphis Grizzlies,1,1,0,1.0,48.0,120.9,124.3,102.6,101.9,18.3,22.4,0.551,1.42,19.4,0.256,0.792,0.552,0.184,0.643,0.668,105.1,104.0,86.67,103,0.602
0022200840,2023-02-10,1610612748,Miami Heat,1,1,0,1.0,48.0,99.3,102.1,92.6,99.0,6.7,3.1,0.656,1.24,16.9,0.178,0.679,0.449,0.179,0.494,0.56,100.1,95.5,79.58,95,0.512
0022200845,2023-02-10,1610612749,Milwaukee Bucks,1,1,0,1.0,48.0,120.2,120.2,108.0,108.2,12.2,12.0,0.622,2.55,20.1,0.261,0.93,0.584,0.111,0.594,0.613,98.6,98.5,82.08,99,0.57
0022200841,2023-02-10,1610612750,Minnesota Timberwolves,1,0,1,0.0,48.0,102.6,101.9,120.9,124.3,-18.3,-22.4,0.61,1.39,18.0,0.208,0.744,0.448,0.171,0.551,0.574,105.1,104.0,86.67,105,0.398
0022200842,2023-02-10,1610612740,New Orleans Pelicans,1,0,1,0.0,48.0,111.5,116.3,126.1,126.9,-14.6,-10.6,0.641,1.79,18.7,0.362,0.641,0.488,0.152,0.53,0.575,94.8,92.5,77.08,92,0.436
0022200837,2023-02-10,1610612752,New York Knicks,1,0,1,0.0,48.0,112.5,116.1,124.4,126.6,-11.9,-10.5,0.535,1.92,18.9,0.146,0.762,0.458,0.129,0.599,0.613,95.9,93.5,77.92,93,0.435
0022200843,2023-02-10,1610612760,Oklahoma City Thunder,1,1,0,1.0,48.0,138.8,142.3,128.2,133.0,10.7,9.3,0.617,2.64,21.0,0.351,0.629,0.486,0.113,0.639,0.701,100.0,97.0,80.83,97,0.537
0022200837,2023-02-10,1610612755,Philadelphia 76ers,1,1,0,1.0,48.0,124.4,126.6,112.5,116.1,11.9,10.5,0.614,3.38,20.6,0.238,0.854,0.542,0.085,0.607,0.635,95.9,93.5,77.92,94,0.565
0022200836,2023-02-10,1610612756,Phoenix Suns,1,1,0,1.0,48.0,115.2,114.7,102.6,104.0,12.6,10.7,0.581,1.47,16.9,0.451,0.736,0.596,0.167,0.516,0.565,101.4,101.0,84.17,102,0.56
0022200843,2023-02-10,1610612757,Portland Trail Blazers,1,0,1,0.0,48.0,128.2,133.0,138.8,142.3,-10.7,-9.3,0.69,1.45,20.9,0.371,0.649,0.514,0.206,0.658,0.72,100.0,97.0,80.83,97,0.463
0022200844,2023-02-10,1610612758,Sacramento Kings,1,0,1,0.0,48.0,119.9,117.5,125.3,124.5,-5.4,-7.0,0.538,1.5,17.1,0.167,0.733,0.481,0.144,0.604,0.662,96.2,97.5,81.25,97,0.47
0022200835,2023-02-10,1610612759,San Antonio Spurs,1,0,1,0.0,58.0,102.4,106.5,111.7,113.1,-9.3,-6.6,0.467,1.11,12.9,0.323,0.597,0.462,0.154,0.486,0.537,104.1,101.38,84.48,123,0.434
0022200839,2023-02-10,1610612761,Toronto Raptors,1,0,1,0.0,48.0,107.2,112.6,113.2,117.3,-6.0,-4.7,0.683,2.15,19.2,0.283,0.696,0.475,0.126,0.516,0.557,108.0,103.5,86.25,103,0.432
0022200839,2023-02-10,1610612762,Utah Jazz,1,1,0,1.0,48.0,113.2,117.3,107.2,112.6,6.0,4.7,0.66,1.82,20.8,0.304,0.717,0.525,0.163,0.575,0.611,108.0,103.5,86.25,104,0.568
0022200850,2023-02-11,1610612737,Atlanta Hawks,1,1,0,1.0,48.0,116.4,117.9,98.6,100.0,17.8,17.9,0.58,2.9,19.0,0.321,0.673,0.495,0.094,0.534,0.561,107.4,106.0,88.33,106,0.587
0022200846,2023-02-11,1610612751,Brooklyn Nets,1,0,1,0.0,48.0,103.5,107.7,109.5,112.2,-6.1,-4.5,0.622,2.56,17.4,0.333,0.744,0.51,0.099,0.473,0.501,93.5,90.5,75.42,91,0.464
0022200847,2023-02-11,1610612766,Charlotte Hornets,1,0,1,0.0,48.0,98.4,100.0,111.8,113.3,-13.4,-13.3,0.625,1.79,18.0,0.18,0.667,0.426,0.133,0.518,0.537,106.6,105.0,87.5,105,0.427
0022200852,2023-02-11,1610612741,Chicago Bulls,1,0,1,0.0,48.0,91.2,93.7,99.6,102.1,-8.4,-8.4,0.75,1.17,20.5,0.25,0.75,0.533,0.242,0.52,0.552,97.5,95.0,79.17,95,0.477
0022200852,2023-02-11,1610612739,Cleveland Cavaliers,1,1,0,1.0,48.0,99.6,102.1,91.2,93.7,8.4,8.4,0.722,2.0,19.4,0.25,0.75,0.467,0.137,0.471,0.514,97.5,95.0,79.17,95,0.523
0022200854,2023-02-11,1610612742,Dallas Mavericks,1,0,1,0.0,53.0,118.1,117.4,124.3,120.9,-6.2,-3.5,0.574,1.69,18.9,0.167,0.76,0.469,0.147,0.626,0.644,97.5,99.17,82.64,109,0.466
0022200847,2023-02-11,1610612743,Denver Nuggets,1,1,0,1.0,48.0,111.8,113.3,98.4,100.0,13.4,13.3,0.7,2.5,22.3,0.333,0.82,0.574,0.133,0.53,0.559,106.6,105.0,87.5,105,0.573
0022200853,2023-02-11,1610612744,Golden State Warriors,1,0,1,0.0,48.0,93.4,97.2,102.4,102.8,-9.0,-5.7,0.775,1.94,20.7,0.228,0.76,0.477,0.151,0.479,0.508,108.4,106.0,88.33,106,0.486
0022200849,2023-02-11,1610612754,Indiana Pacers,1,0,1,0.0,48.0,120.9,122.8,134.1,139.6,-13.3,-16.7,0.628,3.38,19.1,0.4,0.607,0.47,0.087,0.526,0.551,94.1,91.5,76.25,92,0.397
0022200853,2023-02-11,1610612747,Los Angeles Lakers,1,1,0,1.0,48.0,102.4,102.8,93.4,97.2,9.0,5.7,0.475,1.19,13.9,0.24,0.772,0.523,0.151,0.494,0.543,108.4,106.0,88.33,106,0.514
0022200848,2023-02-11,1610612748,Miami Heat,1,1,0,1.0,53.0,102.8,103.9,99.9,99.0,2.9,4.8,0.649,1.2,16.7,0.34,0.712,0.529,0.194,0.506,0.562,93.8,93.74,78.11,103,0.526
0022200851,2023-02-11,1610612752,New York Knicks,1,1,0,1.0,48.0,128.9,128.6,118.4,123.7,10.5,4.9,0.419,3.0,12.9,0.411,0.723,0.553,0.061,0.516,0.564,99.5,97.5,81.25,98,0.515
0022200848,2023-02-11,1610612753,Orlando Magic,1,0,1,0.0,53.0,99.9,99.0,102.8,103.9,-2.9,-4.8,0.595,1.22,15.7,0.288,0.66,0.471,0.173,0.489,0.53,93.8,93.74,78.11,104,0.474
0022200846,2023-02-11,1610612755,Philadelphia 76ers,1,1,0,1.0,48.0,109.5,112.2,103.5,107.7,6.1,4.5,0.515,1.42,14.4,0.256,0.667,0.49,0.133,0.48,0.573,93.5,90.5,75.42,90,0.536
0022200854,2023-02-11,1610612758,Sacramento Kings,1,1,0,1.0,53.0,124.3,120.9,118.1,117.4,6.2,3.5,0.431,3.14,15.3,0.24,0.833,0.531,0.064,0.55,0.599,97.5,99.17,82.64,110,0.534
0022200850,2023-02-11,1610612759,San Antonio Spurs,1,0,1,0.0,48.0,98.6,100.0,116.4,117.9,-17.8,-17.9,0.625,1.25,16.8,0.327,0.679,0.505,0.189,0.484,0.522,107.4,106.0,88.33,106,0.413
0022200851,2023-02-11,1610612762,Utah Jazz,1,0,1,0.0,48.0,118.4,123.7,128.9,128.6,-10.5,-4.9,0.511,1.92,17.3,0.277,0.589,0.447,0.124,0.563,0.598,99.5,97.5,81.25,97,0.485
0022200849,2023-02-11,1610612764,Washington Wizards,1,1,0,1.0,48.0,134.1,139.6,120.9,122.8,13.3,16.7,0.667,1.78,23.9,0.393,0.6,0.53,0.198,0.72,0.75,94.1,91.5,76.25,91,0.603
0022200855,2023-02-12,1610612738,Boston Celtics,1,1,0,1.0,48.0,124.7,124.0,111.0,113.5,13.7,10.4,0.718,2.55,20.0,0.327,0.87,0.582,0.115,0.563,0.598,96.8,96.0,80.0,96,0.568
0022200856,2023-02-12,1610612765,Detroit Pistons,1,0,1,0.0,48.0,112.3,121.6,121.6,121.4,-9.3,0.2,0.625,1.39,18.4,0.333,0.63,0.489,0.186,0.589,0.634,101.5,97.5,81.25,97,0.487
0022200855,2023-02-12,1610612763,Memphis Grizzlies,1,0,1,0.0,48.0,111.0,113.5,124.7,124.0,-13.7,-10.4,0.571,3.0,19.2,0.13,0.673,0.418,0.083,0.571,0.585,96.8,96.0,80.0,96,0.432
0022200856,2023-02-12,1610612761,Toronto Raptors,1,1,0,1.0,48.0,121.6,121.4,112.3,121.6,9.3,-0.2,0.5,2.63,15.4,0.37,0.667,0.511,0.082,0.546,0.579,101.5,97.5,81.25,98,0.513
0022200857,2023-02-13,1610612737,Atlanta Hawks,1,0,1,0.0,48.0,121.9,127.8,133.2,132.1,-11.3,-4.3,0.491,2.17,17.0,0.364,0.818,0.534,0.111,0.542,0.589,110.7,108.5,90.42,108,0.46
0022200862,2023-02-13,1610612751,Brooklyn Nets,1,0,1,0.0,48.0,114.6,116.5,129.9,139.3,-15.4,-22.8,0.514,1.8,14.6,0.292,0.75,0.5,0.11,0.526,0.573,94.0,90.0,75.0,91,0.434
0022200857,2023-02-13,1610612766,Charlotte Hornets,1,1,0,1.0,48.0,133.2,132.1,121.9,127.8,11.3,4.3,0.679,2.12,24.0,0.182,0.636,0.466,0.156,0.75,0.765,110.7,108.5,90.42,109,0.54
0022200863,2023-02-13,1610612741,Chicago Bulls,1,0,1,0.0,48.0,90.7,92.9,99.6,102.0,-9.0,-9.2,0.486,1.06,13.3,0.255,0.8,0.51,0.163,0.424,0.482,100.4,98.0,81.67,98,0.427
0022200858,2023-02-13,1610612739,Cleveland Cavaliers,1,1,0,1.0,48.0,127.2,123.2,108.1,114.7,19.0,8.4,0.477,1.5,16.5,0.306,0.581,0.456,0.147,0.622,0.657,96.4,95.0,79.17,95,0.551
0022200865,2023-02-13,1610612742,Dallas Mavericks,1,0,1,0.0,48.0,122.5,127.4,128.6,130.5,-6.1,-3.2,0.488,1.91,16.2,0.304,0.692,0.482,0.116,0.589,0.625,97.6,95.0,79.17,95,0.455
0022200861,2023-02-13,1610612743,Denver Nuggets,1,1,0,1.0,48.0,125.0,124.4,110.4,120.0,14.6,4.4,0.773,2.62,25.8,0.235,0.647,0.482,0.144,0.651,0.678,93.7,90.0,75.0,90,0.553
0022200866,2023-02-13,1610612744,Golden State Warriors,1,1,0,1.0,48.0,134.2,139.2,129.6,128.6,4.6,10.6,0.769,2.5,26.5,0.359,0.706,0.521,0.165,0.697,0.706,98.9,97.5,81.25,97,0.524
0022200860,2023-02-13,1610612745,Houston Rockets,1,0,1,0.0,48.0,102.3,105.1,124.9,123.0,-22.6,-17.9,0.486,1.0,12.6,0.358,0.784,0.533,0.172,0.442,0.522,100.1,99.5,82.92,99,0.4
0022200859,2023-02-13,1610612754,Indiana Pacers,1,0,1,0.0,48.0,113.8,115.8,118.3,120.6,-4.5,-4.7,0.652,2.73,21.4,0.184,0.636,0.398,0.109,0.566,0.586,103.4,101.5,84.58,101,0.485
0022200867,2023-02-13,1610612747,Los Angeles Lakers,1,0,1,0.0,48.0,111.4,112.7,124.9,124.5,-13.5,-11.8,0.571,1.85,16.7,0.327,0.827,0.57,0.127,0.505,0.552,102.5,102.0,85.0,102,0.465
0022200861,2023-02-13,1610612748,Miami Heat,1,0,1,0.0,48.0,110.4,120.0,125.0,124.4,-14.6,-4.4,0.641,2.78,18.8,0.353,0.765,0.518,0.1,0.506,0.552,93.7,90.0,75.0,90,0.447
0022200865,2023-02-13,1610612750,Minnesota Timberwolves,1,1,0,1.0,48.0,128.6,130.5,122.5,127.4,6.1,3.2,0.583,2.33,20.7,0.308,0.696,0.518,0.126,0.633,0.657,97.6,95.0,79.17,95,0.545
0022200864,2023-02-13,1610612740,New Orleans Pelicans,1,1,0,1.0,48.0,106.3,108.4,99.1,104.2,7.2,4.3,0.487,1.0,15.7,0.194,0.577,0.42,0.2,0.588,0.629,98.9,95.5,79.58,95,0.549
0022200862,2023-02-13,1610612752,New York Knicks,1,1,0,1.0,48.0,129.9,139.3,114.6,116.5,15.4,22.8,0.4,2.25,15.4,0.25,0.708,0.5,0.09,0.64,0.664,94.0,90.0,75.0,89,0.566
0022200864,2023-02-13,1610612760,Oklahoma City Thunder,1,0,1,0.0,48.0,99.1,104.2,106.3,108.4,-7.2,-4.3,0.526,1.18,14.5,0.423,0.806,0.58,0.177,0.472,0.511,98.9,95.5,79.58,96,0.451
0022200863,2023-02-13,1610612753,Orlando Magic,1,1,0,1.0,48.0,99.6,102.0,90.7,92.9,9.0,9.2,0.632,1.33,18.3,0.2,0.745,0.49,0.184,0.519,0.56,100.4,98.0,81.67,98,0.573
0022200860,2023-02-13,1610612755,Philadelphia 76ers,1,1,0,1.0,48.0,124.9,123.0,102.3,105.1,22.6,17.9,0.565,1.63,19.4,0.216,0.642,0.467,0.16,0.652,0.687,100.1,99.5,82.92,100,0.6
0022200867,2023-02-13,1610612757,Portland Trail Blazers,1,1,0,1.0,48.0,124.9,124.5,111.4,112.7,13.5,11.8,0.587,3.86,19.6,0.173,0.673,0.43,0.069,0.593,0.618,102.5,102.0,85.0,102,0.535
0022200858,2023-02-13,1610612759,San Antonio Spurs,1,0,1,0.0,48.0,108.1,114.7,127.2,123.2,-19.0,-8.4,0.628,1.5,19.4,0.419,0.694,0.544,0.189,0.553,0.581,96.4,95.0,79.17,95,0.449
0022200859,2023-02-13,1610612762,Utah Jazz,1,1,0,1.0,48.0,118.3,120.6,113.8,115.8,4.5,4.7,0.558,1.26,17.1,0.364,0.816,0.602,0.186,0.594,0.641,103.4,101.5,84.58,102,0.515
0022200866,2023-02-13,1610612764,Washington Wizards,1,0,1,0.0,48.0,129.6,128.6,134.2,139.2,-4.6,-10.6,0.542,1.53,19.4,0.294,0.641,0.479,0.173,0.675,0.706,98.9,97.5,81.25,98,0.476
0022200869,2023-02-14,1610612738,Boston Celtics,1,0,1,0.0,53.0,110.8,109.6,114.5,114.9,-3.7,-5.3,0.609,2.15,18.5,0.164,0.74,0.438,0.114,0.551,0.58,102.9,103.25,86.04,114,0.473
0022200871,2023-02-14,1610612744,Golden State Warriors,1,0,1,0.0,48.0,126.7,129.2,137.2,139.6,-10.5,-10.4,0.622,2.55,20.6,0.279,0.636,0.46,0.115,0.633,0.653,97.8,96.0,80.0,96,0.456
0022200871,2023-02-14,1610612746,LA Clippers,1,1,0,1.0,48.0,137.2,139.6,126.7,129.2,10.5,10.4,0.673,4.13,22.8,0.364,0.721,0.54,0.083,0.625,0.659,97.8,96.0,80.0,96,0.544
0022200869,2023-02-14,1610612749,Milwaukee Bucks,1,1,0,1.0,53.0,114.5,114.9,110.8,109.6,3.7,5.3,0.674,1.53,18.6,0.26,0.836,0.562,0.167,0.578,0.621,102.9,103.25,86.04,114,0.527
0022200868,2023-02-14,1610612753,Orlando Magic,1,0,1,0.0,48.0,110.9,114.1,124.5,124.2,-13.6,-10.1,0.605,1.37,18.7,0.326,0.611,0.456,0.192,0.589,0.615,100.4,99.0,82.5,99,0.411
0022200870,2023-02-14,1610612756,Phoenix Suns,1,1,0,1.0,48.0,117.6,122.4,111.7,109.0,5.9,13.4,0.66,2.2,23.2,0.275,0.688,0.5,0.153,0.608,0.631,99.8,99.0,82.5,98,0.589
0022200872,2023-02-14,1610612757,Portland Trail Blazers,1,0,1,0.0,48.0,104.6,104.1,126.4,129.9,-21.8,-25.8,0.556,1.67,15.4,0.236,0.765,0.438,0.124,0.488,0.523,98.1,97.0,80.83,97,0.365
0022200870,2023-02-14,1610612758,Sacramento Kings,1,0,1,0.0,48.0,111.7,109.0,117.6,122.4,-5.9,-13.4,0.622,1.35,16.7,0.313,0.725,0.5,0.17,0.53,0.583,99.8,99.0,82.5,100,0.411
0022200868,2023-02-14,1610612761,Toronto Raptors,1,1,0,1.0,48.0,124.5,124.2,110.9,114.1,13.6,10.1,0.62,1.55,21.5,0.389,0.674,0.544,0.202,0.651,0.67,100.4,99.0,82.5,99,0.589
0022200872,2023-02-14,1610612764,Washington Wizards,1,1,0,1.0,48.0,126.4,129.9,104.6,104.1,21.8,25.8,0.622,1.75,21.2,0.235,0.764,0.562,0.165,0.677,0.71,98.1,97.0,80.83,97,0.635
0022200876,2023-02-15,1610612737,Atlanta Hawks,1,0,1,0.0,48.0,97.8,100.0,115.4,119.6,-17.6,-19.6,0.625,5.0,18.4,0.169,0.712,0.423,0.05,0.438,0.475,104.5,101.5,84.58,101,0.449
0022200877,2023-02-15,1610612738,Boston Celtics,1,1,0,1.0,48.0,127.8,128.3,110.1,112.4,17.7,15.9,0.612,2.73,21.4,0.273,0.818,0.545,0.111,0.647,0.659,99.2,98.0,81.67,99,0.578
0022200878,2023-02-15,1610612751,Brooklyn Nets,1,1,0,1.0,48.0,126.4,128.9,114.4,115.4,11.9,13.5,0.634,2.36,21.1,0.189,0.673,0.465,0.122,0.643,0.676,91.8,90.5,75.42,90,0.549
0022200873,2023-02-15,1610612766,Charlotte Hornets,1,1,0,1.0,48.0,109.3,112.1,99.3,100.9,10.1,11.2,0.605,1.63,17.2,0.31,0.623,0.48,0.15,0.521,0.552,110.3,108.0,90.0,107,0.585
0022200874,2023-02-15,1610612741,Chicago Bulls,1,0,1,0.0,48.0,111.6,114.1,111.8,115.8,-0.2,-1.7,0.561,1.64,17.7,0.178,0.767,0.466,0.141,0.577,0.606,103.0,100.0,83.33,99,0.482
0022200875,2023-02-15,1610612739,Cleveland Cavaliers,1,0,1,0.0,48.0,123.1,121.7,124.5,128.3,-1.4,-6.5,0.561,2.88,18.4,0.233,0.718,0.463,0.087,0.561,0.602,92.9,92.0,76.67,92,0.485
0022200881,2023-02-15,1610612742,Dallas Mavericks,1,0,1,0.0,48.0,110.3,111.2,120.9,120.4,-10.6,-9.2,0.641,2.08,19.2,0.152,0.811,0.446,0.122,0.548,0.587,98.2,98.0,81.67,98,0.423
0022200881,2023-02-15,1610612743,Denver Nuggets,1,1,0,1.0,48.0,120.9,120.4,110.3,111.2,10.6,9.2,0.708,2.62,24.5,0.189,0.848,0.554,0.133,0.637,0.651,98.2,98.0,81.67,98,0.577
0022200877,2023-02-15,1610612765,Detroit Pistons,1,0,1,0.0,48.0,110.1,112.4,127.8,128.3,-17.7,-15.9,0.558,1.71,18.6,0.182,0.727,0.455,0.144,0.577,0.599,99.2,98.0,81.67,97,0.422
0022200880,2023-02-15,1610612745,Houston Rockets,1,0,1,0.0,48.0,87.5,90.6,122.4,126.7,-34.9,-36.1,0.667,1.11,13.9,0.317,0.735,0.505,0.17,0.393,0.454,109.2,105.5,87.92,106,0.255
0022200874,2023-02-15,1610612754,Indiana Pacers,1,1,0,1.0,48.0,111.8,115.8,111.6,114.1,0.2,1.7,0.692,1.42,19.6,0.233,0.822,0.534,0.188,0.585,0.638,103.0,100.0,83.33,101,0.518
0022200882,2023-02-15,1610612747,Los Angeles Lakers,1,1,0,1.0,48.0,115.6,118.8,100.4,100.0,15.1,18.8,0.727,2.91,22.7,0.17,0.709,0.461,0.109,0.59,0.607,102.7,101.5,84.58,101,0.6
0022200879,2023-02-15,1610612763,Memphis Grizzlies,1,1,0,1.0,48.0,111.4,114.7,102.4,107.8,9.0,6.9,0.558,6.0,16.3,0.309,0.588,0.429,0.039,0.467,0.496,106.7,102.5,85.42,102,0.504
0022200878,2023-02-15,1610612748,Miami Heat,1,0,1,0.0,48.0,114.4,115.4,126.4,128.9,-11.9,-13.5,0.5,2.38,15.2,0.327,0.811,0.535,0.088,0.506,0.548,91.8,90.5,75.42,91,0.451
0022200882,2023-02-15,1610612740,New Orleans Pelicans,1,0,1,0.0,48.0,100.4,100.0,115.6,118.8,-15.1,-18.8,0.615,1.6,16.9,0.291,0.83,0.539,0.147,0.478,0.512,102.7,101.5,84.58,102,0.4
0022200876,2023-02-15,1610612752,New York Knicks,1,1,0,1.0,48.0,115.4,119.6,97.8,100.0,17.6,19.6,0.356,1.6,12.0,0.288,0.831,0.577,0.098,0.542,0.577,104.5,101.5,84.58,102,0.551
0022200880,2023-02-15,1610612760,Oklahoma City Thunder,1,1,0,1.0,48.0,122.4,126.7,87.5,90.6,34.9,36.1,0.5,1.91,15.1,0.265,0.683,0.495,0.105,0.534,0.618,109.2,105.5,87.92,105,0.745
0022200875,2023-02-15,1610612755,Philadelphia 76ers,1,1,0,1.0,48.0,124.5,128.3,123.1,121.7,1.4,6.5,0.615,2.0,18.9,0.282,0.767,0.537,0.13,0.583,0.65,92.9,92.0,76.67,92,0.515
0022200873,2023-02-15,1610612759,San Antonio Spurs,1,0,1,0.0,48.0,99.3,100.9,109.3,112.1,-10.1,-11.2,0.585,1.6,15.4,0.377,0.69,0.52,0.138,0.444,0.475,110.3,108.0,90.0,109,0.415
0022200879,2023-02-15,1610612762,Utah Jazz,1,0,1,0.0,48.0,102.4,107.8,111.4,114.7,-9.0,-6.9,0.571,1.0,16.3,0.412,0.691,0.571,0.233,0.527,0.559,106.7,102.5,85.42,103,0.496
0022200883,2023-02-16,1610612741,Chicago Bulls,1,0,1,0.0,48.0,102.8,105.3,116.8,117.9,-13.9,-12.6,0.514,3.17,14.3,0.306,0.776,0.514,0.063,0.433,0.471,96.6,95.0,79.17,95,0.411
0022200885,2023-02-16,1610612746,LA Clippers,1,1,0,1.0,48.0,116.1,117.2,103.8,108.1,12.3,9.1,0.725,2.07,21.0,0.256,0.755,0.522,0.141,0.555,0.618,101.5,99.0,82.5,99,0.554
0022200883,2023-02-16,1610612749,Milwaukee Bucks,1,1,0,1.0,48.0,116.8,117.9,102.8,105.3,13.9,12.6,0.6,2.67,18.5,0.224,0.694,0.486,0.095,0.557,0.584,96.6,95.0,79.17,95,0.589
0022200884,2023-02-16,1610612750,Minnesota Timberwolves,1,0,1,0.0,48.0,99.4,102.9,108.1,110.7,-8.7,-7.8,0.538,1.17,14.6,0.351,0.704,0.523,0.175,0.453,0.506,106.1,103.0,85.83,103,0.446
0022200885,2023-02-16,1610612756,Phoenix Suns,1,0,1,0.0,48.0,103.8,108.1,116.1,117.2,-12.3,-9.1,0.714,2.14,21.4,0.245,0.744,0.478,0.141,0.534,0.557,101.5,99.0,82.5,99,0.446
0022200884,2023-02-16,1610612764,Washington Wizards,1,1,0,1.0,48.0,108.1,110.7,99.4,102.9,8.7,7.8,0.581,1.56,17.4,0.296,0.649,0.477,0.155,0.526,0.556,106.1,103.0,85.83,103,0.554
0022200887,2023-02-23,1610612738,Boston Celtics,1,1,0,1.0,53.0,134.7,136.5,127.0,131.4,7.7,5.1,0.608,2.07,19.7,0.431,0.696,0.557,0.144,0.606,0.643,97.0,94.64,78.87,104,0.52
0022200886,2023-02-23,1610612739,Cleveland Cavaliers,1,0,1,0.0,48.0,112.6,118.5,124.8,122.3,-12.2,-3.9,0.558,2.18,18.0,0.347,0.604,0.474,0.12,0.511,0.552,94.5,93.0,77.5,92,0.472
0022200891,2023-02-23,1610612742,Dallas Mavericks,1,1,0,1.0,48.0,139.4,140.6,112.5,113.7,26.9,26.9,0.587,3.86,20.3,0.122,0.745,0.455,0.069,0.695,0.726,102.5,101.5,84.58,101,0.594
0022200886,2023-02-23,1610612743,Denver Nuggets,1,1,0,1.0,48.0,124.8,122.3,112.6,118.5,12.2,3.9,0.769,1.88,21.1,0.396,0.653,0.526,0.17,0.565,0.611,94.5,93.0,77.5,94,0.528
0022200888,2023-02-23,1610612765,Detroit Pistons,1,0,1,0.0,48.0,101.6,102.9,100.8,106.9,0.7,-4.0,0.595,1.05,16.3,0.234,0.695,0.491,0.204,0.562,0.593,105.7,102.0,85.0,103,0.481
0022200893,2023-02-23,1610612744,Golden State Warriors,1,0,1,0.0,48.0,103.5,105.7,115.9,118.1,-12.4,-12.4,0.6,2.4,16.1,0.294,0.673,0.453,0.095,0.448,0.486,107.1,105.0,87.5,105,0.399
0022200887,2023-02-23,1610612754,Indiana Pacers,1,0,1,0.0,53.0,127.0,131.4,134.7,136.5,-7.7,-5.1,0.673,2.2,21.7,0.304,0.569,0.443,0.143,0.638,0.666,97.0,94.64,78.87,105,0.48
0022200893,2023-02-23,1610612747,Los Angeles Lakers,1,1,0,1.0,48.0,115.9,118.1,103.5,105.7,12.4,12.4,0.714,1.88,19.9,0.327,0.706,0.547,0.152,0.581,0.614,107.1,105.0,87.5,105,0.601
0022200889,2023-02-23,1610612763,Memphis Grizzlies,1,0,1,0.0,48.0,104.1,105.0,104.9,110.0,-0.8,-5.0,0.647,2.0,15.8,0.304,0.731,0.509,0.11,0.431,0.511,102.8,100.0,83.33,100,0.481
0022200890,2023-02-23,1610612740,New Orleans Pelicans,1,0,1,0.0,48.0,107.8,106.8,110.6,112.7,-2.7,-5.9,0.59,1.77,17.0,0.188,0.745,0.475,0.126,0.542,0.579,103.0,102.5,85.42,103,0.49
0022200892,2023-02-23,1610612760,Oklahoma City Thunder,1,0,1,0.0,53.0,103.6,107.2,102.7,107.1,0.9,0.1,0.511,2.09,14.6,0.357,0.583,0.462,0.099,0.438,0.48,104.9,100.98,84.15,111,0.481
0022200888,2023-02-23,1610612753,Orlando Magic,1,1,0,1.0,48.0,100.8,106.9,101.6,102.9,-0.7,4.0,0.692,1.93,18.5,0.305,0.766,0.509,0.139,0.474,0.514,105.7,102.0,85.0,101,0.519
0022200889,2023-02-23,1610612755,Philadelphia 76ers,1,1,0,1.0,48.0,104.9,110.0,104.1,105.0,0.8,5.0,0.735,2.08,18.0,0.269,0.696,0.491,0.12,0.482,0.551,102.8,100.0,83.33,100,0.519
0022200894,2023-02-23,1610612757,Portland Trail Blazers,1,0,1,0.0,48.0,111.0,113.7,127.1,130.4,-16.1,-16.7,0.605,2.0,18.6,0.255,0.659,0.435,0.127,0.548,0.577,104.6,102.0,85.0,102,0.411
0022200894,2023-02-23,1610612758,Sacramento Kings,1,1,0,1.0,48.0,127.1,130.4,111.0,113.7,16.1,16.7,0.574,1.5,18.9,0.341,0.745,0.565,0.176,0.635,0.674,104.6,102.0,85.0,102,0.589
0022200891,2023-02-23,1610612759,San Antonio Spurs,1,0,1,0.0,48.0,112.5,113.7,139.4,140.6,-26.9,-26.9,0.667,1.76,20.8,0.255,0.878,0.545,0.167,0.581,0.603,102.5,101.5,84.58,102,0.406
0022200890,2023-02-23,1610612761,Toronto Raptors,1,1,0,1.0,48.0,110.6,112.7,107.8,106.8,2.7,5.9,0.395,1.42,12.9,0.255,0.813,0.525,0.118,0.516,0.558,103.0,102.5,85.42,102,0.51
0022200892,2023-02-23,1610612762,Utah Jazz,1,1,0,1.0,53.0,102.7,107.1,103.6,107.2,-0.9,-0.1,0.619,1.18,16.1,0.417,0.643,0.538,0.196,0.485,0.536,104.9,100.98,84.15,112,0.519
0022200896,2023-02-24,1610612737,Atlanta Hawks,1,1,0,1.0,48.0,130.6,132.0,116.9,115.5,13.7,16.5,0.56,2.0,20.1,0.222,0.792,0.548,0.136,0.676,0.715,102.9,103.0,85.83,103,0.597
0022200900,2023-02-24,1610612751,Brooklyn Nets,1,0,1,0.0,48.0,88.5,87.0,131.9,133.7,-43.4,-46.7,0.7,1.5,16.4,0.135,0.705,0.396,0.14,0.444,0.487,98.8,99.0,82.5,100,0.26
0022200898,2023-02-24,1610612766,Charlotte Hornets,1,1,0,1.0,48.0,116.0,114.2,103.6,107.6,12.4,6.5,0.581,2.27,17.5,0.235,0.808,0.524,0.104,0.522,0.58,106.7,105.5,87.92,106,0.55
0022200900,2023-02-24,1610612741,Chicago Bulls,1,1,0,1.0,48.0,131.9,133.7,88.5,87.0,43.4,46.7,0.5,2.27,18.4,0.295,0.865,0.604,0.112,0.636,0.653,98.8,99.0,82.5,98,0.74
0022200896,2023-02-24,1610612739,Cleveland Cavaliers,1,0,1,0.0,48.0,116.9,115.5,130.6,132.0,-13.7,-16.5,0.5,1.82,15.0,0.208,0.778,0.452,0.107,0.528,0.591,102.9,103.0,85.83,103,0.403
0022200901,2023-02-24,1610612744,Golden State Warriors,1,1,0,1.0,48.0,118.5,122.1,105.6,104.1,12.9,18.0,0.73,1.42,20.6,0.214,0.746,0.525,0.2,0.641,0.675,96.8,96.0,80.0,95,0.548
0022200901,2023-02-24,1610612745,Houston Rockets,1,0,1,0.0,48.0,105.6,104.1,118.5,122.1,-12.9,-18.0,0.639,3.29,17.0,0.254,0.786,0.475,0.072,0.451,0.497,96.8,96.0,80.0,97,0.452
0022200902,2023-02-24,1610612746,LA Clippers,1,0,1,0.0,58.0,132.7,133.6,136.0,135.4,-3.3,-1.8,0.661,1.56,21.7,0.238,0.72,0.5,0.191,0.735,0.769,108.1,108.0,90.0,131,0.495
0022200897,2023-02-24,1610612748,Miami Heat,1,0,1,0.0,48.0,95.2,93.4,118.1,120.8,-22.9,-27.4,0.583,2.1,15.3,0.172,0.731,0.436,0.094,0.44,0.481,106.2,106.0,88.33,106,0.378
0022200897,2023-02-24,1610612749,Milwaukee Bucks,1,1,0,1.0,48.0,118.1,120.8,95.2,93.4,22.9,27.4,0.574,2.25,18.4,0.269,0.828,0.564,0.113,0.577,0.602,106.2,106.0,88.33,106,0.622
0022200898,2023-02-24,1610612750,Minnesota Timberwolves,1,0,1,0.0,48.0,103.6,107.6,116.0,114.2,-12.4,-6.5,0.543,1.56,17.9,0.192,0.765,0.476,0.152,0.554,0.565,106.7,105.5,87.92,105,0.45
0022200895,2023-02-24,1610612752,New York Knicks,1,1,0,1.0,48.0,116.1,119.8,108.7,112.4,7.4,7.4,0.467,1.75,15.8,0.327,0.775,0.528,0.125,0.554,0.581,99.7,96.5,80.42,96,0.519
0022200899,2023-02-24,1610612760,Oklahoma City Thunder,1,0,1,0.0,48.0,114.4,115.0,123.9,124.0,-9.5,-9.0,0.659,3.0,18.8,0.298,0.706,0.491,0.09,0.511,0.545,100.3,100.0,83.33,100,0.462
0022200899,2023-02-24,1610612756,Phoenix Suns,1,1,0,1.0,48.0,123.9,124.0,114.4,115.0,9.5,9.0,0.548,2.09,16.7,0.294,0.702,0.509,0.11,0.544,0.596,100.3,100.0,83.33,100,0.538
0022200902,2023-02-24,1610612758,Sacramento Kings,1,1,0,1.0,58.0,136.0,135.4,132.7,133.6,3.3,1.8,0.508,2.2,18.6,0.28,0.762,0.5,0.115,0.667,0.696,108.1,108.0,90.0,130,0.505
0022200895,2023-02-24,1610612764,Washington Wizards,1,0,1,0.0,48.0,108.7,112.4,116.1,119.8,-7.4,-7.4,0.641,1.32,19.1,0.225,0.673,0.472,0.196,0.614,0.647,99.7,96.5,80.42,97,0.481
0022200908,2023-02-25,1610612738,Boston Celtics,1,1,0,1.0,48.0,115.4,114.6,112.2,110.3,3.3,4.3,0.465,1.54,15.9,0.222,0.766,0.5,0.135,0.593,0.603,95.3,96.5,80.42,96,0.487
0022200904,2023-02-25,1610612766,Charlotte Hornets,1,1,0,1.0,48.0,104.0,103.8,97.2,99.0,6.8,4.8,0.526,1.33,14.7,0.235,0.78,0.505,0.144,0.489,0.541,104.9,104.0,86.67,104,0.538
0022200907,2023-02-25,1610612743,Denver Nuggets,1,0,1,0.0,48.0,94.8,95.9,112.5,112.0,-17.7,-16.1,0.611,1.47,16.7,0.218,0.725,0.462,0.153,0.466,0.494,99.3,99.0,82.5,98,0.408
0022200903,2023-02-25,1610612765,Detroit Pistons,1,0,1,0.0,48.0,91.8,93.8,94.1,96.9,-2.3,-3.1,0.684,1.63,18.2,0.339,0.762,0.557,0.165,0.436,0.454,100.1,97.5,81.25,97,0.488
0022200905,2023-02-25,1610612754,Indiana Pacers,1,1,0,1.0,48.0,115.1,118.6,102.2,108.0,12.9,10.6,0.729,3.5,23.2,0.255,0.632,0.446,0.098,0.561,0.575,105.4,101.0,84.17,102,0.584
0022200907,2023-02-25,1610612763,Memphis Grizzlies,1,1,0,1.0,48.0,112.5,112.0,94.8,95.9,17.7,16.1,0.556,2.08,18.1,0.275,0.782,0.538,0.12,0.553,0.568,99.3,99.0,82.5,100,0.592
0022200904,2023-02-25,1610612748,Miami Heat,1,0,1,0.0,48.0,97.2,99.0,104.0,103.8,-6.8,-4.8,0.75,1.33,17.4,0.22,0.765,0.495,0.173,0.469,0.542,104.9,104.0,86.67,104,0.462
0022200906,2023-02-25,1610612740,New Orleans Pelicans,1,0,1,0.0,48.0,100.7,101.9,120.6,123.1,-19.9,-21.2,0.625,3.57,17.2,0.246,0.682,0.422,0.067,0.431,0.476,105.7,104.0,86.67,104,0.428
0022200906,2023-02-25,1610612752,New York Knicks,1,1,0,1.0,48.0,120.6,123.1,100.7,101.9,19.9,21.2,0.533,1.26,16.9,0.318,0.754,0.578,0.183,0.619,0.652,105.7,104.0,86.67,104,0.572
0022200905,2023-02-25,1610612753,Orlando Magic,1,0,1,0.0,48.0,102.2,108.0,115.1,118.6,-12.9,-10.6,0.457,1.14,11.7,0.368,0.745,0.554,0.14,0.422,0.506,105.4,101.0,84.17,100,0.416
0022200908,2023-02-25,1610612755,Philadelphia 76ers,1,0,1,0.0,48.0,112.2,110.3,115.4,114.6,-3.3,-4.3,0.543,1.9,15.0,0.234,0.778,0.5,0.103,0.506,0.573,95.3,96.5,80.42,97,0.513
0022200909,2023-02-25,1610612759,San Antonio Spurs,1,0,1,0.0,48.0,95.1,99.0,112.0,115.7,-16.9,-16.7,0.553,2.1,15.1,0.267,0.673,0.455,0.097,0.438,0.48,106.3,102.5,85.42,103,0.382
0022200903,2023-02-25,1610612761,Toronto Raptors,1,1,0,1.0,48.0,94.1,96.9,91.8,93.8,2.3,3.1,0.667,2.75,16.3,0.238,0.661,0.443,0.082,0.415,0.461,100.1,97.5,81.25,98,0.512
0022200909,2023-02-25,1610612762,Utah Jazz,1,1,0,1.0,48.0,112.0,115.7,95.1,99.0,16.9,16.7,0.674,1.81,19.6,0.327,0.733,0.545,0.157,0.522,0.566,106.3,102.5,85.42,102,0.618
0022200911,2023-02-26,1610612737,Atlanta Hawks,1,1,0,1.0,48.0,122.5,125.2,122.4,121.0,0.1,4.3,0.444,1.25,14.4,0.333,0.795,0.554,0.155,0.589,0.63,104.5,104.0,86.67,103,0.486
0022200911,2023-02-26,1610612751,Brooklyn Nets,1,0,1,0.0,48.0,122.4,121.0,122.5,125.2,-0.1,-4.3,0.465,2.0,15.0,0.205,0.667,0.446,0.095,0.575,0.637,104.5,104.0,86.67,105,0.514
0022200912,2023-02-26,1610612741,Chicago Bulls,1,1,0,1.0,48.0,114.0,117.2,91.0,92.1,23.0,25.1,0.525,1.91,17.8,0.244,0.667,0.478,0.126,0.557,0.59,89.8,88.0,73.33,87,0.626
0022200914,2023-02-26,1610612739,Cleveland Cavaliers,1,1,0,1.0,48.0,122.7,121.6,92.4,95.9,30.3,25.8,0.705,2.21,22.8,0.195,0.729,0.51,0.144,0.631,0.654,98.4,97.0,80.83,97,0.662
0022200913,2023-02-26,1610612742,Dallas Mavericks,1,0,1,0.0,48.0,102.7,106.9,107.4,109.9,-4.7,-3.0,0.538,1.24,15.2,0.281,0.655,0.47,0.168,0.527,0.545,104.2,101.0,84.17,101,0.434
0022200918,2023-02-26,1610612743,Denver Nuggets,1,1,0,1.0,53.0,116.9,121.8,112.5,113.8,4.4,8.1,0.714,2.19,21.6,0.333,0.863,0.598,0.145,0.578,0.611,101.8,99.17,82.64,110,0.549
0022200916,2023-02-26,1610612744,Golden State Warriors,1,1,0,1.0,48.0,106.2,106.9,98.8,102.0,7.3,4.9,0.59,1.28,16.0,0.345,0.737,0.545,0.176,0.511,0.541,104.0,102.0,85.0,102,0.531
0022200917,2023-02-26,1610612745,Houston Rockets,1,0,1,0.0,48.0,106.5,112.9,130.5,132.3,-23.9,-19.5,0.533,1.71,16.1,0.433,0.816,0.582,0.139,0.485,0.514,103.7,100.0,83.33,101,0.411
0022200918,2023-02-26,1610612746,LA Clippers,1,0,1,0.0,53.0,112.5,113.8,116.9,121.8,-4.4,-8.1,0.545,1.85,17.3,0.137,0.667,0.402,0.119,0.55,0.601,101.8,99.17,82.64,109,0.451
0022200913,2023-02-26,1610612747,Los Angeles Lakers,1,1,0,1.0,48.0,107.4,109.9,102.7,106.9,4.7,3.0,0.595,2.27,17.1,0.345,0.719,0.53,0.109,0.464,0.508,104.2,101.0,84.17,101,0.566
0022200910,2023-02-26,1610612749,Milwaukee Bucks,1,1,0,1.0,48.0,107.0,109.5,103.4,107.4,3.6,2.0,0.395,1.25,11.9,0.296,0.617,0.465,0.126,0.511,0.54,97.5,94.5,78.75,95,0.51
0022200916,2023-02-26,1610612750,Minnesota Timberwolves,1,0,1,0.0,48.0,98.8,102.0,106.2,106.9,-7.3,-4.9,0.684,1.63,18.2,0.263,0.655,0.455,0.157,0.517,0.524,104.0,102.0,85.0,102,0.469
0022200915,2023-02-26,1610612760,Oklahoma City Thunder,1,0,1,0.0,48.0,113.7,112.7,120.9,124.0,-7.2,-11.3,0.585,1.71,17.4,0.25,0.659,0.446,0.137,0.57,0.598,101.8,101.0,84.17,102,0.457
0022200910,2023-02-26,1610612756,Phoenix Suns,1,0,1,0.0,48.0,103.4,107.4,107.0,109.5,-3.6,-2.0,0.525,1.75,15.2,0.383,0.704,0.535,0.128,0.463,0.482,97.5,94.5,78.75,94,0.49
0022200917,2023-02-26,1610612757,Portland Trail Blazers,1,1,0,1.0,48.0,130.5,132.3,106.5,112.9,23.9,19.5,0.476,1.43,15.9,0.184,0.567,0.418,0.141,0.675,0.709,103.7,100.0,83.33,99,0.589
0022200915,2023-02-26,1610612758,Sacramento Kings,1,1,0,1.0,48.0,120.9,124.0,113.7,112.7,7.2,11.3,0.711,1.6,21.8,0.341,0.75,0.554,0.2,0.635,0.649,101.8,101.0,84.17,100,0.543
0022200914,2023-02-26,1610612761,Toronto Raptors,1,0,1,0.0,48.0,92.4,95.9,122.7,121.6,-30.3,-25.8,0.528,1.36,14.4,0.271,0.805,0.49,0.144,0.435,0.467,98.4,97.0,80.83,97,0.338
0022200912,2023-02-26,1610612764,Washington Wizards,1,0,1,0.0,48.0,91.0,92.1,114.0,117.2,-23.0,-25.1,0.688,1.38,17.2,0.333,0.756,0.522,0.18,0.461,0.476,89.8,88.0,73.33,89,0.374
0022200921,2023-02-27,1610612738,Boston Celtics,1,0,1,0.0,48.0,98.8,98.9,108.0,116.0,-9.2,-17.0,0.568,1.75,16.8,0.188,0.682,0.424,0.126,0.494,0.521,98.1,94.5,78.75,95,0.419
0022200919,2023-02-27,1610612766,Charlotte Hornets,1,1,0,1.0,48.0,113.9,117.0,103.0,106.0,10.9,11.0,0.558,1.41,17.8,0.279,0.722,0.526,0.17,0.596,0.631,102.8,100.0,83.33,100,0.56
0022200919,2023-02-27,1610612765,Detroit Pistons,1,0,1,0.0,48.0,103.0,106.0,113.9,117.0,-10.9,-11.0,0.429,2.0,13.6,0.278,0.721,0.474,0.09,0.473,0.51,102.8,100.0,83.33,100,0.44
0022200920,2023-02-27,1610612748,Miami Heat,1,1,0,1.0,48.0,110.2,112.2,102.8,107.6,7.4,4.6,0.6,1.62,16.7,0.313,0.591,0.446,0.144,0.525,0.557,94.0,91.0,75.83,90,0.518
0022200922,2023-02-27,1610612740,New Orleans Pelicans,1,0,1,0.0,48.0,98.8,97.9,104.7,106.3,-5.9,-8.4,0.676,1.35,17.8,0.25,0.681,0.473,0.179,0.487,0.54,95.3,95.0,79.17,95,0.459
0022200921,2023-02-27,1610612752,New York Knicks,1,1,0,1.0,48.0,108.0,116.0,98.8,98.9,9.2,17.0,0.541,1.33,15.6,0.318,0.813,0.576,0.16,0.551,0.586,98.1,94.5,78.75,94,0.581
0022200922,2023-02-27,1610612753,Orlando Magic,1,1,0,1.0,48.0,104.7,106.3,98.8,97.9,5.9,8.4,0.583,1.24,16.0,0.319,0.75,0.527,0.179,0.513,0.558,95.3,95.0,79.17,95,0.541
0022200920,2023-02-27,1610612755,Philadelphia 76ers,1,0,1,0.0,48.0,102.8,107.6,110.2,112.2,-7.4,-4.6,0.625,1.0,15.4,0.409,0.688,0.554,0.217,0.507,0.58,94.0,91.0,75.83,92,0.482
0022200923,2023-02-28,1610612737,Atlanta Hawks,1,0,1,0.0,48.0,119.1,119.6,120.4,125.3,-1.3,-5.7,0.488,2.33,15.9,0.333,0.6,0.465,0.093,0.532,0.572,98.1,96.0,80.0,97,0.48
0022200924,2023-02-28,1610612751,Brooklyn Nets,1,0,1,0.0,48.0,95.4,97.2,104.2,109.3,-8.8,-12.1,0.694,1.39,18.2,0.1,0.69,0.417,0.168,0.506,0.553,111.1,107.5,89.58,107,0.447
0022200925,2023-02-28,1610612741,Chicago Bulls,1,0,1,0.0,48.0,106.0,105.4,109.1,110.6,-3.1,-5.3,0.757,1.4,21.9,0.194,0.61,0.453,0.215,0.592,0.624,93.9,93.5,77.92,93,0.505
0022200929,2023-02-28,1610612742,Dallas Mavericks,1,0,1,0.0,48.0,120.4,122.0,124.5,126.5,-4.1,-4.5,0.609,4.0,19.7,0.275,0.85,0.527,0.07,0.571,0.59,100.5,99.0,82.5,100,0.451
0022200926,2023-02-28,1610612743,Denver Nuggets,1,1,0,1.0,48.0,134.3,133.0,107.3,112.0,27.0,21.0,0.755,3.64,26.5,0.262,0.706,0.505,0.11,0.663,0.671,101.7,100.0,83.33,100,0.593
0022200931,2023-02-28,1610612744,Golden State Warriors,1,1,0,1.0,48.0,118.2,125.5,105.3,106.1,12.9,19.4,0.694,1.89,22.7,0.409,0.745,0.589,0.184,0.604,0.627,101.9,98.5,82.08,98,0.58
0022200926,2023-02-28,1610612745,Houston Rockets,1,0,1,0.0,48.0,107.3,112.0,134.3,133.0,-27.0,-21.0,0.688,2.54,22.3,0.294,0.738,0.495,0.13,0.541,0.552,101.7,100.0,83.33,100,0.407
0022200929,2023-02-28,1610612754,Indiana Pacers,1,1,0,1.0,48.0,124.5,126.5,120.4,122.0,4.1,4.5,0.61,2.78,19.4,0.15,0.725,0.473,0.092,0.596,0.649,100.5,99.0,82.5,98,0.549
0022200932,2023-02-28,1610612746,LA Clippers,1,0,1,0.0,48.0,92.6,96.2,99.4,101.9,-6.8,-5.7,0.686,0.96,16.8,0.28,0.712,0.5,0.238,0.488,0.542,108.9,105.5,87.92,105,0.472
0022200927,2023-02-28,1610612747,Los Angeles Lakers,1,0,1,0.0,48.0,100.8,100.0,107.6,112.0,-6.8,-12.0,0.579,0.85,15.0,0.314,0.694,0.522,0.239,0.517,0.567,110.3,108.5,90.42,109,0.454
0022200927,2023-02-28,1610612763,Memphis Grizzlies,1,1,0,1.0,48.0,107.6,112.0,100.8,100.0,6.8,12.0,0.49,3.57,16.6,0.306,0.686,0.478,0.065,0.482,0.506,110.3,108.5,90.42,108,0.546
0022200924,2023-02-28,1610612749,Milwaukee Bucks,1,1,0,1.0,48.0,104.2,109.3,95.4,97.2,8.8,12.1,0.64,1.88,20.3,0.31,0.9,0.583,0.157,0.559,0.55,111.1,107.5,89.58,108,0.553
0022200932,2023-02-28,1610612750,Minnesota Timberwolves,1,1,0,1.0,48.0,99.4,101.9,92.6,96.2,6.8,5.7,0.512,1.16,15.4,0.288,0.72,0.5,0.179,0.528,0.542,108.9,105.5,87.92,106,0.528
0022200928,2023-02-28,1610612760,Oklahoma City Thunder,1,0,1,0.0,48.0,109.8,111.4,114.7,117.1,-4.9,-5.7,0.651,2.8,19.0,0.241,0.705,0.441,0.095,0.495,0.539,106.9,105.0,87.5,105,0.449
0022200931,2023-02-28,1610612757,Portland Trail Blazers,1,0,1,0.0,48.0,105.3,106.1,118.2,125.5,-12.9,-19.4,0.703,2.0,18.8,0.255,0.591,0.411,0.131,0.5,0.549,101.9,98.5,82.08,99,0.42
0022200928,2023-02-28,1610612758,Sacramento Kings,1,1,0,1.0,48.0,114.7,117.1,109.8,111.4,4.9,5.7,0.791,1.7,22.5,0.295,0.759,0.559,0.19,0.616,0.646,106.9,105.0,87.5,105,0.551
0022200930,2023-02-28,1610612759,San Antonio Spurs,1,1,0,1.0,48.0,95.3,100.0,88.0,92.2,7.3,7.8,0.59,1.64,16.3,0.286,0.65,0.474,0.137,0.473,0.5,106.9,102.0,85.0,102,0.554
0022200925,2023-02-28,1610612761,Toronto Raptors,1,1,0,1.0,48.0,109.1,110.6,106.0,105.4,3.1,5.3,0.684,2.17,18.2,0.39,0.806,0.547,0.128,0.484,0.508,93.9,93.5,77.92,94,0.495
0022200930,2023-02-28,1610612762,Utah Jazz,1,0,1,0.0,48.0,88.0,92.2,95.3,100.0,-7.3,-7.8,0.5,0.75,10.9,0.35,0.714,0.526,0.196,0.412,0.466,106.9,102.0,85.0,102,0.446
0022200923,2023-02-28,1610612764,Washington Wizards,1,1,0,1.0,48.0,120.4,125.3,119.1,119.6,1.3,5.7,0.396,2.11,14.2,0.4,0.667,0.535,0.095,0.526,0.562,98.1,96.0,80.0,95,0.52
0022200935,2023-03-01,1610612738,Boston Celtics,1,1,0,1.0,48.0,121.5,125.8,115.0,121.5,6.4,4.3,0.692,2.08,20.6,0.275,0.692,0.511,0.14,0.603,0.648,97.3,93.0,77.5,93,0.545
0022200937,2023-03-01,1610612751,Brooklyn Nets,1,0,1,0.0,48.0,109.5,112.4,132.4,135.2,-23.0,-22.9,0.619,1.86,18.7,0.167,0.711,0.407,0.133,0.55,0.597,107.5,105.0,87.5,105,0.409
0022200933,2023-03-01,1610612766,Charlotte Hornets,1,0,1,0.0,48.0,88.9,90.1,101.4,104.0,-12.4,-13.9,0.625,1.43,14.6,0.262,0.833,0.514,0.139,0.415,0.454,103.0,101.0,84.17,101,0.367
0022200934,2023-03-01,1610612741,Chicago Bulls,1,1,0,1.0,48.0,112.9,114.7,114.6,115.0,-1.7,-0.3,0.659,1.8,18.9,0.292,0.775,0.511,0.147,0.553,0.593,102.0,101.0,84.17,102,0.504
0022200935,2023-03-01,1610612739,Cleveland Cavaliers,1,0,1,0.0,48.0,115.0,121.5,121.5,125.8,-6.4,-4.3,0.467,3.0,16.2,0.308,0.725,0.489,0.075,0.543,0.558,97.3,93.0,77.5,93,0.455
0022200934,2023-03-01,1610612765,Detroit Pistons,1,0,1,0.0,48.0,114.6,115.0,112.9,114.7,1.7,0.3,0.59,1.35,17.4,0.225,0.708,0.489,0.17,0.59,0.637,102.0,101.0,84.17,100,0.496
0022200938,2023-03-01,1610612745,Houston Rockets,1,0,1,0.0,48.0,102.1,105.3,123.7,121.5,-21.6,-16.2,0.472,1.31,12.7,0.39,0.814,0.569,0.138,0.461,0.49,94.2,93.5,77.92,94,0.374
0022200940,2023-03-01,1610612747,Los Angeles Lakers,1,1,0,1.0,48.0,122.8,124.2,114.1,118.2,8.7,6.1,0.579,1.69,16.3,0.298,0.667,0.49,0.131,0.575,0.633,101.4,99.0,82.5,99,0.529
0022200938,2023-03-01,1610612763,Memphis Grizzlies,1,1,0,1.0,48.0,123.7,121.5,102.1,105.3,21.6,16.2,0.675,3.38,21.1,0.186,0.61,0.431,0.086,0.584,0.618,94.2,93.5,77.92,93,0.626
0022200936,2023-03-01,1610612748,Miami Heat,1,0,1,0.0,48.0,99.9,103.2,128.4,128.0,-28.5,-24.7,0.529,1.38,14.9,0.222,0.738,0.471,0.14,0.481,0.545,94.4,93.0,77.5,93,0.381
0022200939,2023-03-01,1610612749,Milwaukee Bucks,1,1,0,1.0,48.0,135.8,132.4,108.6,111.4,27.2,21.0,0.592,3.63,20.4,0.17,0.722,0.465,0.076,0.66,0.679,105.1,105.0,87.5,105,0.575
0022200941,2023-03-01,1610612740,New Orleans Pelicans,1,1,0,1.0,48.0,128.6,127.4,114.9,118.3,13.7,9.1,0.5,3.83,17.6,0.341,0.696,0.522,0.063,0.567,0.61,94.9,94.0,78.33,95,0.56
0022200937,2023-03-01,1610612752,New York Knicks,1,1,0,1.0,48.0,132.4,135.2,109.5,112.4,23.0,22.9,0.519,1.75,19.4,0.289,0.833,0.593,0.152,0.719,0.723,107.5,105.0,87.5,105,0.591
0022200940,2023-03-01,1610612760,Oklahoma City Thunder,1,0,1,0.0,48.0,114.1,118.2,122.8,124.2,-8.7,-6.1,0.659,2.23,20.1,0.333,0.702,0.51,0.131,0.544,0.576,101.4,99.0,82.5,99,0.471
0022200939,2023-03-01,1610612753,Orlando Magic,1,0,1,0.0,48.0,108.6,111.4,135.8,132.4,-27.2,-21.0,0.512,1.69,15.5,0.278,0.83,0.535,0.124,0.505,0.548,105.1,105.0,87.5,105,0.425
0022200936,2023-03-01,1610612755,Philadelphia 76ers,1,1,0,1.0,48.0,128.4,128.0,99.9,103.2,28.5,24.7,0.61,2.78,19.4,0.262,0.778,0.529,0.097,0.584,0.642,94.4,93.0,77.5,93,0.619
0022200933,2023-03-01,1610612756,Phoenix Suns,1,1,0,1.0,48.0,101.4,104.0,88.9,90.1,12.4,13.9,0.714,2.31,21.9,0.167,0.738,0.486,0.129,0.522,0.549,103.0,101.0,84.17,101,0.633
0022200941,2023-03-01,1610612757,Portland Trail Blazers,1,0,1,0.0,48.0,114.9,118.3,128.6,127.4,-13.7,-9.1,0.5,1.29,14.4,0.304,0.659,0.478,0.151,0.512,0.587,94.9,94.0,78.33,93,0.44
0022200943,2023-03-02,1610612742,Dallas Mavericks,1,1,0,1.0,48.0,130.5,133.0,126.3,126.0,4.2,7.0,0.578,2.0,19.3,0.205,0.829,0.481,0.13,0.701,0.708,100.8,100.0,83.33,100,0.485
0022200945,2023-03-02,1610612744,Golden State Warriors,1,1,0,1.0,48.0,112.9,111.7,86.5,88.3,26.4,23.3,0.641,2.08,17.4,0.286,0.793,0.544,0.117,0.495,0.548,103.6,103.0,85.83,103,0.656
0022200944,2023-03-02,1610612754,Indiana Pacers,1,0,1,0.0,48.0,96.3,96.1,102.1,108.9,-5.9,-12.8,0.561,1.64,17.3,0.18,0.648,0.423,0.136,0.5,0.522,105.3,102.0,85.0,103,0.463
0022200945,2023-03-02,1610612746,LA Clippers,1,0,1,0.0,48.0,86.5,88.3,112.9,111.7,-26.4,-23.3,0.594,1.19,14.2,0.207,0.714,0.456,0.155,0.41,0.463,103.6,103.0,85.83,103,0.344
0022200943,2023-03-02,1610612755,Philadelphia 76ers,1,0,1,0.0,48.0,126.3,126.0,130.5,133.0,-4.2,-7.0,0.622,2.0,20.9,0.171,0.795,0.519,0.14,0.654,0.694,100.8,100.0,83.33,100,0.515
0022200944,2023-03-02,1610612759,San Antonio Spurs,1,1,0,1.0,48.0,102.1,108.9,96.3,96.1,5.9,12.8,0.689,1.82,20.5,0.352,0.82,0.577,0.168,0.51,0.53,105.3,102.0,85.0,101,0.537
0022200942,2023-03-02,1610612761,Toronto Raptors,1,0,1,0.0,48.0,107.5,106.9,118.3,117.8,-10.9,-10.9,0.683,2.0,19.4,0.294,0.778,0.521,0.139,0.495,0.543,100.5,101.0,84.17,101,0.446
0022200942,2023-03-02,1610612764,Washington Wizards,1,1,0,1.0,48.0,118.3,117.8,107.5,106.9,10.9,10.9,0.698,2.0,21.3,0.222,0.706,0.479,0.149,0.595,0.629,100.5,101.0,84.17,101,0.554
0022200947,2023-03-03,1610612737,Atlanta Hawks,1,1,0,1.0,48.0,122.8,125.2,105.9,107.8,16.9,17.5,0.577,1.76,20.3,0.366,0.723,0.557,0.165,0.637,0.658,104.9,103.0,85.83,103,0.583
0022200948,2023-03-03,1610612738,Boston Celtics,1,0,1,0.0,48.0,102.1,101.9,108.0,110.6,-5.9,-8.6,0.634,1.37,18.7,0.213,0.707,0.486,0.184,0.542,0.566,104.6,103.5,86.25,103,0.5
0022200948,2023-03-03,1610612751,Brooklyn Nets,1,1,0,1.0,48.0,108.0,110.6,102.1,101.9,5.9,8.6,0.625,1.92,17.2,0.293,0.787,0.514,0.125,0.495,0.54,104.6,103.5,86.25,104,0.5
0022200946,2023-03-03,1610612766,Charlotte Hornets,1,0,1,0.0,48.0,103.9,106.0,115.4,118.2,-11.5,-12.2,0.658,1.19,18.2,0.286,0.643,0.464,0.21,0.545,0.596,101.7,99.5,82.92,100,0.48
0022200950,2023-03-03,1610612741,Chicago Bulls,1,0,1,0.0,48.0,110.6,115.6,134.4,137.4,-23.8,-21.8,0.615,2.67,18.9,0.289,0.614,0.449,0.1,0.512,0.553,93.5,90.5,75.42,90,0.429
0022200952,2023-03-03,1610612743,Denver Nuggets,1,1,0,1.0,48.0,115.7,116.5,98.3,101.0,17.4,15.5,0.7,2.8,19.9,0.32,0.772,0.561,0.103,0.506,0.561,98.1,96.5,80.42,97,0.615
0022200953,2023-03-03,1610612744,Golden State Warriors,1,1,0,1.0,48.0,112.7,112.5,104.3,103.1,8.4,9.4,0.7,1.56,20.6,0.316,0.8,0.578,0.188,0.577,0.622,95.3,96.0,80.0,96,0.591
0022200954,2023-03-03,1610612746,LA Clippers,1,0,1,0.0,48.0,127.2,127.0,127.4,130.6,-0.3,-3.6,0.66,4.43,22.1,0.2,0.732,0.453,0.07,0.621,0.642,100.2,99.0,82.5,100,0.483
0022200955,2023-03-03,1610612747,Los Angeles Lakers,1,0,1,0.0,48.0,100.4,102.0,110.0,110.0,-9.5,-8.0,0.639,1.53,16.8,0.264,0.714,0.48,0.15,0.471,0.523,100.8,100.0,83.33,100,0.429
0022200952,2023-03-03,1610612763,Memphis Grizzlies,1,0,1,0.0,48.0,98.3,101.0,115.7,116.5,-17.4,-15.5,0.774,2.18,18.0,0.228,0.68,0.439,0.115,0.435,0.497,98.1,96.5,80.42,96,0.385
0022200949,2023-03-03,1610612748,Miami Heat,1,0,1,0.0,48.0,124.9,126.3,129.1,128.4,-4.2,-2.1,0.59,1.92,17.3,0.349,0.811,0.563,0.126,0.556,0.631,95.3,95.0,79.17,95,0.501
0022200955,2023-03-03,1610612750,Minnesota Timberwolves,1,1,0,1.0,48.0,110.0,110.0,100.4,102.0,9.5,8.0,0.69,2.07,20.3,0.286,0.736,0.52,0.14,0.551,0.573,100.8,100.0,83.33,100,0.571
0022200953,2023-03-03,1610612740,New Orleans Pelicans,1,0,1,0.0,48.0,104.3,103.1,112.7,112.5,-8.4,-9.4,0.588,1.54,16.0,0.2,0.684,0.422,0.135,0.506,0.557,95.3,96.0,80.0,96,0.409
0022200949,2023-03-03,1610612752,New York Knicks,1,1,0,1.0,48.0,129.1,128.4,124.9,126.3,4.2,2.1,0.489,1.92,18.4,0.189,0.651,0.438,0.126,0.685,0.689,95.3,95.0,79.17,95,0.499
0022200951,2023-03-03,1610612760,Oklahoma City Thunder,1,1,0,1.0,48.0,122.5,126.2,98.9,99.0,23.5,27.2,0.596,4.43,20.8,0.278,0.698,0.464,0.068,0.582,0.59,105.1,103.5,86.25,103,0.571
0022200946,2023-03-03,1610612753,Orlando Magic,1,1,0,1.0,48.0,115.4,118.2,103.9,106.0,11.5,12.2,0.457,1.05,15.7,0.357,0.714,0.536,0.202,0.593,0.62,101.7,99.5,82.92,99,0.52
0022200950,2023-03-03,1610612756,Phoenix Suns,1,1,0,1.0,48.0,134.4,137.4,110.6,115.6,23.8,21.8,0.69,2.64,21.3,0.386,0.711,0.551,0.121,0.619,0.658,93.5,90.5,75.42,91,0.571
0022200947,2023-03-03,1610612757,Portland Trail Blazers,1,0,1,0.0,48.0,105.9,107.8,122.8,125.2,-16.9,-17.5,0.537,1.22,16.1,0.277,0.634,0.443,0.175,0.546,0.579,104.9,103.0,85.83,103,0.417
0022200954,2023-03-03,1610612758,Sacramento Kings,1,1,0,1.0,48.0,127.4,130.6,127.2,127.0,0.3,3.6,0.565,2.36,19.3,0.268,0.8,0.547,0.112,0.586,0.65,100.2,99.0,82.5,98,0.517
0022200951,2023-03-03,1610612762,Utah Jazz,1,0,1,0.0,48.0,98.9,99.0,122.5,126.2,-23.5,-27.2,0.632,0.92,17.1,0.302,0.722,0.536,0.25,0.545,0.584,105.1,103.5,86.25,104,0.429
0022200958,2023-03-04,1610612737,Atlanta Hawks,1,0,1,0.0,48.0,111.0,110.1,115.7,117.0,-4.7,-6.9,0.595,1.38,16.7,0.25,0.674,0.46,0.162,0.525,0.591,99.7,99.5,82.92,99,0.455
0022200957,2023-03-04,1610612739,Cleveland Cavaliers,1,1,0,1.0,48.0,110.8,111.8,86.5,88.2,24.2,23.5,0.644,2.42,20.6,0.224,0.686,0.46,0.118,0.571,0.576,103.5,102.0,85.0,102,0.627
0022200957,2023-03-04,1610612765,Detroit Pistons,1,0,1,0.0,48.0,86.5,88.2,110.8,111.8,-24.2,-23.5,0.576,0.79,13.9,0.314,0.776,0.54,0.235,0.444,0.489,103.5,102.0,85.0,102,0.373
0022200959,2023-03-04,1610612745,Houston Rockets,1,1,0,1.0,48.0,123.6,125.8,113.6,112.2,10.0,13.5,0.531,1.63,18.8,0.341,0.694,0.527,0.165,0.609,0.631,97.7,97.5,81.25,97,0.542
0022200958,2023-03-04,1610612748,Miami Heat,1,1,0,1.0,48.0,115.7,117.0,111.0,110.1,4.7,6.9,0.738,1.55,21.4,0.326,0.75,0.54,0.2,0.584,0.628,99.7,99.5,82.92,100,0.545
0022200960,2023-03-04,1610612749,Milwaukee Bucks,1,0,1,0.0,48.0,133.6,135.4,136.7,138.5,-3.1,-3.1,0.682,2.31,21.7,0.317,0.727,0.529,0.135,0.633,0.682,97.3,96.0,80.0,96,0.519
0022200961,2023-03-04,1610612750,Minnesota Timberwolves,1,1,0,1.0,48.0,138.5,139.4,137.9,138.1,0.6,1.2,0.646,2.58,22.6,0.263,0.756,0.53,0.121,0.725,0.737,98.4,98.0,81.67,99,0.531
0022200960,2023-03-04,1610612755,Philadelphia 76ers,1,1,0,1.0,48.0,136.7,138.5,133.6,135.4,3.1,3.1,0.571,4.0,18.2,0.273,0.683,0.471,0.063,0.607,0.663,97.3,96.0,80.0,96,0.481
0022200961,2023-03-04,1610612758,Sacramento Kings,1,0,1,0.0,48.0,137.9,138.1,138.5,139.4,-0.6,-1.2,0.51,4.17,18.8,0.244,0.737,0.47,0.062,0.629,0.656,98.4,98.0,81.67,97,0.469
0022200959,2023-03-04,1610612759,San Antonio Spurs,1,0,1,0.0,48.0,113.6,112.2,123.6,125.8,-10.0,-13.5,0.632,1.6,17.5,0.306,0.659,0.473,0.153,0.529,0.58,97.7,97.5,81.25,98,0.458
0022200956,2023-03-04,1610612761,Toronto Raptors,1,1,0,1.0,53.0,115.8,117.2,109.3,110.1,6.5,7.1,0.638,2.14,21.4,0.239,0.667,0.435,0.141,0.589,0.603,90.5,89.66,74.72,99,0.509
0022200956,2023-03-04,1610612764,Washington Wizards,1,0,1,0.0,53.0,109.3,110.1,115.8,117.2,-6.5,-7.1,0.684,1.08,18.8,0.333,0.761,0.565,0.242,0.6,0.644,90.5,89.66,74.72,99,0.491
0022200969,2023-03-05,1610612738,Boston Celtics,1,0,1,0.0,58.0,108.4,112.2,110.9,113.9,-2.5,-1.7,0.628,1.69,16.5,0.338,0.722,0.508,0.139,0.491,0.538,98.1,95.17,79.31,115,0.494
0022200965,2023-03-05,1610612751,Brooklyn Nets,1,1,0,1.0,48.0,100.3,101.0,86.3,85.1,14.0,15.8,0.583,2.63,15.9,0.175,0.893,0.531,0.079,0.457,0.502,100.6,101.0,84.17,101,0.604
0022200965,2023-03-05,1610612766,Charlotte Hornets,1,0,1,0.0,48.0,86.3,85.1,100.3,101.0,-14.0,-15.8,0.515,1.7,13.8,0.107,0.825,0.469,0.099,0.42,0.455,100.6,101.0,84.17,101,0.396
0022200963,2023-03-05,1610612741,Chicago Bulls,1,0,1,0.0,48.0,127.1,131.2,128.8,133.0,-1.7,-1.8,0.4,1.2,15.1,0.258,0.681,0.513,0.161,0.676,0.718,96.5,93.5,77.92,93,0.498
0022200962,2023-03-05,1610612742,Dallas Mavericks,1,0,1,0.0,48.0,127.6,128.6,130.0,134.0,-2.4,-5.4,0.395,1.5,12.5,0.171,0.683,0.427,0.102,0.591,0.672,99.4,97.5,81.25,98,0.461
0022200964,2023-03-05,1610612744,Golden State Warriors,1,0,1,0.0,48.0,100.1,106.1,109.0,114.1,-8.9,-8.1,0.75,2.08,19.3,0.246,0.691,0.464,0.131,0.495,0.531,104.3,99.0,82.5,99,0.444
0022200967,2023-03-05,1610612745,Houston Rockets,1,1,0,1.0,48.0,136.9,136.5,105.5,106.8,31.3,29.7,0.558,2.42,20.4,0.294,0.755,0.575,0.115,0.688,0.726,104.0,103.5,86.25,104,0.672
0022200963,2023-03-05,1610612754,Indiana Pacers,1,1,0,1.0,48.0,128.8,133.0,127.1,131.2,1.7,1.8,0.563,3.0,19.9,0.319,0.742,0.487,0.096,0.596,0.619,96.5,93.5,77.92,94,0.502
0022200970,2023-03-05,1610612746,LA Clippers,1,1,0,1.0,48.0,129.3,131.1,123.3,127.7,6.0,3.3,0.556,1.47,17.1,0.429,0.933,0.69,0.165,0.6,0.672,104.5,102.0,85.0,103,0.527
0022200964,2023-03-05,1610612747,Los Angeles Lakers,1,1,0,1.0,48.0,109.0,114.1,100.1,106.1,8.9,8.1,0.69,3.22,20.0,0.309,0.754,0.536,0.091,0.5,0.54,104.3,99.0,82.5,99,0.556
0022200970,2023-03-05,1610612763,Memphis Grizzlies,1,0,1,0.0,48.0,123.3,127.7,129.3,131.1,-6.0,-3.3,0.64,4.0,23.5,0.067,0.571,0.31,0.079,0.641,0.654,104.5,102.0,85.0,101,0.473
0022200973,2023-03-05,1610612749,Milwaukee Bucks,1,1,0,1.0,48.0,119.8,114.7,108.5,111.0,11.3,3.7,0.769,2.5,21.6,0.152,0.661,0.444,0.118,0.602,0.631,100.0,101.0,84.17,102,0.557
0022200969,2023-03-05,1610612752,New York Knicks,1,1,0,1.0,58.0,110.9,113.9,108.4,112.2,2.5,1.7,0.383,0.9,12.2,0.278,0.662,0.492,0.174,0.574,0.6,98.1,95.17,79.31,115,0.506
0022200968,2023-03-05,1610612760,Oklahoma City Thunder,1,1,0,1.0,48.0,125.8,125.2,114.6,115.5,11.3,9.7,0.545,2.0,17.0,0.326,0.674,0.506,0.117,0.586,0.635,103.2,103.0,85.83,103,0.544
0022200966,2023-03-05,1610612753,Orlando Magic,1,0,1,0.0,48.0,115.9,116.7,116.1,119.6,-0.2,-2.9,0.69,2.64,21.2,0.167,0.696,0.426,0.108,0.565,0.609,103.9,102.0,85.0,102,0.489
0022200962,2023-03-05,1610612756,Phoenix Suns,1,1,0,1.0,48.0,130.0,134.0,127.6,128.6,2.4,5.4,0.551,3.0,19.7,0.317,0.829,0.573,0.093,0.618,0.65,99.4,97.5,81.25,97,0.539
0022200966,2023-03-05,1610612757,Portland Trail Blazers,1,1,0,1.0,48.0,116.1,119.6,115.9,116.7,0.2,2.9,0.692,1.59,19.0,0.304,0.833,0.574,0.167,0.566,0.628,103.9,102.0,85.0,102,0.511
0022200967,2023-03-05,1610612759,San Antonio Spurs,1,0,1,0.0,48.0,105.5,106.8,136.9,136.5,-31.3,-29.7,0.535,1.53,16.5,0.245,0.706,0.425,0.146,0.522,0.538,104.0,103.5,86.25,103,0.328
0022200968,2023-03-05,1610612762,Utah Jazz,1,0,1,0.0,48.0,114.6,115.5,125.8,125.2,-11.3,-9.7,0.698,1.88,20.4,0.326,0.674,0.494,0.155,0.551,0.596,103.2,103.0,85.83,103,0.456
0022200973,2023-03-05,1610612764,Washington Wizards,1,0,1,0.0,48.0,108.5,111.0,119.8,114.7,-11.3,-3.7,0.457,2.33,14.8,0.339,0.848,0.556,0.09,0.463,0.49,100.0,101.0,84.17,100,0.443
0022200974,2023-03-06,1610612737,Atlanta Hawks,1,0,1,0.0,48.0,126.6,130.6,135.0,132.7,-8.4,-2.0,0.549,2.55,19.7,0.378,0.73,0.537,0.112,0.603,0.627,98.7,98.0,81.67,98,0.468
0022200971,2023-03-06,1610612738,Boston Celtics,1,0,1,0.0,53.0,104.4,106.5,111.3,109.3,-7.0,-2.7,0.595,1.79,16.8,0.279,0.709,0.483,0.131,0.495,0.517,97.5,97.36,81.13,107,0.451
0022200971,2023-03-06,1610612739,Cleveland Cavaliers,1,1,0,1.0,53.0,111.3,109.3,104.4,106.5,7.0,2.7,0.628,1.8,17.9,0.291,0.721,0.517,0.139,0.51,0.551,97.5,97.36,81.13,108,0.549
0022200975,2023-03-06,1610612743,Denver Nuggets,1,1,0,1.0,48.0,120.3,119.2,114.4,115.3,5.9,3.9,0.698,2.14,21.0,0.318,0.689,0.506,0.141,0.576,0.614,98.5,98.5,82.08,99,0.535
0022200977,2023-03-06,1610612765,Detroit Pistons,1,0,1,0.0,48.0,109.7,107.2,115.8,114.6,-6.1,-7.4,0.75,1.88,21.1,0.327,0.864,0.581,0.165,0.523,0.549,94.9,96.5,80.42,97,0.48
0022200972,2023-03-06,1610612754,Indiana Pacers,1,0,1,0.0,48.0,132.9,136.2,139.0,140.0,-6.2,-3.8,0.528,3.11,19.7,0.214,0.771,0.468,0.086,0.672,0.69,106.7,105.0,87.5,105,0.462
0022200974,2023-03-06,1610612748,Miami Heat,1,1,0,1.0,48.0,135.0,132.7,126.6,130.6,8.4,2.0,0.659,2.45,20.0,0.27,0.622,0.463,0.112,0.636,0.697,98.7,98.0,81.67,98,0.532
0022200976,2023-03-06,1610612740,New Orleans Pelicans,1,0,1,0.0,48.0,113.5,111.3,127.1,126.8,-13.6,-15.5,0.674,1.81,21.8,0.184,0.846,0.519,0.165,0.606,0.627,96.0,97.0,80.83,97,0.442
0022200972,2023-03-06,1610612755,Philadelphia 76ers,1,1,0,1.0,48.0,139.0,140.0,132.9,136.2,6.2,3.8,0.771,3.08,24.7,0.229,0.786,0.532,0.114,0.683,0.745,106.7,105.0,87.5,105,0.538
0022200977,2023-03-06,1610612757,Portland Trail Blazers,1,1,0,1.0,48.0,115.8,114.6,109.7,107.2,6.1,7.4,0.737,2.55,21.5,0.136,0.673,0.419,0.115,0.583,0.618,94.9,96.5,80.42,96,0.52
0022200976,2023-03-06,1610612758,Sacramento Kings,1,1,0,1.0,48.0,127.1,126.8,113.5,111.3,13.6,15.5,0.83,3.55,27.5,0.154,0.816,0.481,0.113,0.663,0.67,96.0,97.0,80.83,97,0.558
0022200975,2023-03-06,1610612761,Toronto Raptors,1,0,1,0.0,48.0,114.4,115.3,120.3,119.2,-5.9,-3.9,0.674,1.93,20.6,0.311,0.682,0.494,0.153,0.558,0.596,98.5,98.5,82.08,98,0.465
0022200981,2023-03-07,1610612751,Brooklyn Nets,1,1,0,1.0,48.0,117.1,119.2,98.4,98.0,18.7,21.2,0.575,1.92,18.0,0.163,0.673,0.435,0.121,0.586,0.629,99.2,98.5,82.08,99,0.64
0022200979,2023-03-07,1610612766,Charlotte Hornets,1,1,0,1.0,48.0,116.4,117.9,107.6,112.9,8.7,5.0,0.643,2.25,19.9,0.304,0.764,0.554,0.126,0.565,0.594,96.9,94.0,78.33,95,0.56
0022200983,2023-03-07,1610612742,Dallas Mavericks,1,1,0,1.0,48.0,106.5,109.1,102.7,105.5,3.8,3.6,0.571,1.41,17.0,0.137,0.8,0.481,0.155,0.579,0.608,112.8,110.0,91.67,110,0.525
0022200769,2023-03-07,1610612765,Detroit Pistons,1,0,1,0.0,48.0,122.3,127.2,126.0,128.0,-3.7,-0.8,0.674,2.42,21.3,0.341,0.629,0.468,0.13,0.589,0.624,95.1,92.5,77.08,92,0.474
0022200982,2023-03-07,1610612744,Golden State Warriors,1,0,1,0.0,48.0,117.4,118.5,125.0,126.9,-7.7,-8.3,0.766,1.71,23.2,0.25,0.614,0.432,0.194,0.64,0.666,109.3,108.0,90.0,108,0.472
0022200981,2023-03-07,1610612745,Houston Rockets,1,0,1,0.0,48.0,98.4,98.0,117.1,119.2,-18.7,-21.2,0.389,0.74,10.9,0.327,0.837,0.565,0.194,0.476,0.513,99.2,98.5,82.08,98,0.36
0022200984,2023-03-07,1610612747,Los Angeles Lakers,1,1,0,1.0,48.0,101.1,104.7,96.5,96.3,4.6,8.4,0.659,1.8,18.4,0.245,0.883,0.584,0.14,0.494,0.545,108.8,107.0,89.17,107,0.59
0022200984,2023-03-07,1610612763,Memphis Grizzlies,1,0,1,0.0,48.0,96.5,96.3,101.1,104.7,-4.6,-8.4,0.5,2.57,13.6,0.117,0.755,0.416,0.065,0.435,0.487,108.8,107.0,89.17,107,0.41
0022200978,2023-03-07,1610612749,Milwaukee Bucks,1,1,0,1.0,48.0,125.3,125.2,110.5,115.0,14.8,10.3,0.609,1.65,20.3,0.091,0.692,0.459,0.159,0.654,0.721,109.2,107.0,89.17,107,0.585
0022200980,2023-03-07,1610612750,Minnesota Timberwolves,1,0,1,0.0,48.0,93.8,97.9,118.0,120.6,-24.3,-22.7,0.559,1.73,15.3,0.161,0.707,0.392,0.115,0.459,0.493,99.7,96.5,80.42,96,0.366
0022200979,2023-03-07,1610612752,New York Knicks,1,0,1,0.0,48.0,107.6,112.9,116.4,117.9,-8.7,-5.0,0.474,2.25,14.5,0.236,0.696,0.446,0.086,0.489,0.527,96.9,94.0,78.33,93,0.44
0022200982,2023-03-07,1610612760,Oklahoma City Thunder,1,1,0,1.0,48.0,125.0,126.9,117.4,118.5,7.7,8.3,0.56,1.56,18.3,0.386,0.75,0.568,0.167,0.622,0.655,109.3,108.0,90.0,108,0.528
0022200978,2023-03-07,1610612753,Orlando Magic,1,0,1,0.0,48.0,110.5,115.0,125.3,125.2,-14.8,-10.3,0.48,1.85,16.3,0.308,0.909,0.541,0.121,0.545,0.568,109.2,107.0,89.17,107,0.415
0022200980,2023-03-07,1610612755,Philadelphia 76ers,1,1,0,1.0,48.0,118.0,120.6,93.8,97.9,24.3,22.7,0.525,1.31,16.2,0.293,0.839,0.608,0.165,0.586,0.642,99.7,96.5,80.42,97,0.634
0022200983,2023-03-07,1610612762,Utah Jazz,1,0,1,0.0,48.0,102.7,105.5,106.5,109.1,-3.8,-3.6,0.561,1.44,16.0,0.2,0.863,0.519,0.145,0.527,0.563,112.8,110.0,91.67,110,0.475
0022200769,2023-03-07,1610612764,Washington Wizards,1,1,0,1.0,48.0,126.0,128.0,122.3,127.2,3.7,0.8,0.574,1.8,20.3,0.371,0.659,0.532,0.161,0.654,0.672,95.1,92.5,77.08,93,0.526
0022200985,2023-03-08,1610612737,Atlanta Hawks,1,1,0,1.0,48.0,122.7,120.8,116.0,118.8,6.7,2.0,0.578,2.36,19.1,0.209,0.757,0.463,0.109,0.6,0.633,101.5,101.0,84.17,101,0.488
0022200986,2023-03-08,1610612738,Boston Celtics,1,1,0,1.0,48.0,111.9,111.7,89.5,90.3,22.3,21.4,0.619,2.36,19.4,0.122,0.833,0.495,0.107,0.58,0.594,103.3,103.0,85.83,103,0.613
0022200989,2023-03-08,1610612741,Chicago Bulls,1,1,0,1.0,48.0,120.7,121.9,101.5,98.0,19.2,23.9,0.565,2.89,19.7,0.233,0.778,0.536,0.094,0.562,0.604,95.8,97.0,80.83,96,0.617
0022200987,2023-03-08,1610612739,Cleveland Cavaliers,1,1,0,1.0,48.0,105.7,110.6,103.3,105.3,2.4,5.4,0.667,1.53,19.8,0.262,0.658,0.45,0.181,0.544,0.589,97.6,94.5,78.75,94,0.536
0022200988,2023-03-08,1610612742,Dallas Mavericks,1,0,1,0.0,48.0,105.6,107.1,116.6,116.5,-11.0,-9.4,0.632,2.67,18.2,0.17,0.762,0.432,0.091,0.523,0.55,98.6,98.0,81.67,99,0.42
0022200989,2023-03-08,1610612743,Denver Nuggets,1,0,1,0.0,48.0,101.5,98.0,120.7,121.9,-19.2,-23.9,0.703,2.36,19.1,0.222,0.767,0.464,0.112,0.506,0.507,95.8,97.0,80.83,98,0.383
0022200991,2023-03-08,1610612746,LA Clippers,1,1,0,1.0,48.0,116.6,112.5,100.8,105.3,15.7,7.2,0.59,1.35,18.0,0.25,0.667,0.51,0.177,0.592,0.638,95.9,95.5,79.58,96,0.597
0022200987,2023-03-08,1610612748,Miami Heat,1,0,1,0.0,48.0,103.3,105.3,105.7,110.6,-2.4,-5.4,0.629,0.92,16.9,0.342,0.738,0.55,0.253,0.557,0.604,97.6,94.5,78.75,95,0.464
0022200988,2023-03-08,1610612740,New Orleans Pelicans,1,1,0,1.0,48.0,116.6,116.5,105.6,107.1,11.0,9.4,0.762,2.13,23.0,0.238,0.83,0.568,0.155,0.584,0.621,98.6,98.0,81.67,97,0.58
0022200990,2023-03-08,1610612760,Oklahoma City Thunder,1,0,1,0.0,48.0,95.1,100.0,129.4,132.0,-34.3,-32.0,0.697,1.44,16.9,0.25,0.66,0.437,0.158,0.46,0.519,104.1,100.5,83.75,101,0.363
0022200990,2023-03-08,1610612756,Phoenix Suns,1,1,0,1.0,48.0,129.4,132.0,95.1,100.0,34.3,32.0,0.633,2.07,21.1,0.34,0.75,0.563,0.15,0.628,0.653,104.1,100.5,83.75,100,0.637
0022200986,2023-03-08,1610612757,Portland Trail Blazers,1,0,1,0.0,48.0,89.5,90.3,111.9,111.7,-22.3,-21.4,0.6,1.13,14.0,0.167,0.878,0.505,0.155,0.433,0.495,103.3,103.0,85.83,103,0.387
0022200991,2023-03-08,1610612761,Toronto Raptors,1,0,1,0.0,48.0,100.8,105.3,116.6,112.5,-15.7,-7.2,0.568,1.75,15.4,0.333,0.75,0.49,0.126,0.453,0.489,95.9,95.5,79.58,95,0.403
0022200985,2023-03-08,1610612764,Washington Wizards,1,0,1,0.0,48.0,116.0,118.8,122.7,120.8,-6.7,-2.0,0.723,1.79,23.6,0.243,0.791,0.538,0.188,0.639,0.663,101.5,101.0,84.17,101,0.512
0022200995,2023-03-09,1610612751,Brooklyn Nets,1,0,1,0.0,48.0,102.3,106.6,111.2,111.3,-8.9,-4.7,0.488,1.43,13.6,0.333,0.617,0.472,0.132,0.462,0.507,108.3,106.0,88.33,106,0.437
0022200992,2023-03-09,1610612766,Charlotte Hornets,1,1,0,1.0,48.0,112.9,111.9,103.2,103.0,9.7,8.9,0.558,1.85,17.1,0.306,0.647,0.48,0.129,0.547,0.565,99.9,100.5,83.75,101,0.577
0022200992,2023-03-09,1610612765,Detroit Pistons,1,0,1,0.0,48.0,103.2,103.0,112.9,111.9,-9.7,-8.9,0.5,1.05,14.5,0.353,0.694,0.52,0.19,0.489,0.527,99.9,100.5,83.75,100,0.423
0022200996,2023-03-09,1610612744,Golden State Warriors,1,0,1,0.0,48.0,108.3,106.8,123.7,129.7,-15.4,-22.9,0.694,1.47,18.1,0.234,0.705,0.462,0.165,0.53,0.594,103.7,102.0,85.0,103,0.412
0022200993,2023-03-09,1610612745,Houston Rockets,1,0,1,0.0,53.0,107.1,111.6,118.3,120.7,-11.3,-9.1,0.367,1.06,11.5,0.438,0.792,0.598,0.152,0.486,0.522,104.2,100.98,84.15,112,0.405
0022200993,2023-03-09,1610612754,Indiana Pacers,1,1,0,1.0,53.0,118.3,120.7,107.1,111.6,11.3,9.1,0.708,2.83,21.8,0.208,0.563,0.402,0.108,0.57,0.613,104.2,100.98,84.15,111,0.595
0022200996,2023-03-09,1610612763,Memphis Grizzlies,1,1,0,1.0,48.0,123.7,129.7,108.3,106.8,15.4,22.9,0.72,2.57,24.0,0.295,0.766,0.538,0.139,0.634,0.649,103.7,102.0,85.0,101,0.588
0022200995,2023-03-09,1610612749,Milwaukee Bucks,1,1,0,1.0,48.0,111.2,111.3,102.3,106.6,8.9,4.7,0.75,2.06,20.5,0.383,0.667,0.528,0.151,0.514,0.536,108.3,106.0,88.33,106,0.563
0022200997,2023-03-09,1610612752,New York Knicks,1,0,1,0.0,48.0,110.8,111.4,117.2,117.3,-6.5,-5.9,0.643,1.93,17.2,0.394,0.844,0.577,0.133,0.48,0.51,104.9,104.5,87.08,105,0.43
0022200994,2023-03-09,1610612753,Orlando Magic,1,0,1,0.0,48.0,117.4,122.8,125.7,129.7,-8.3,-6.9,0.477,2.1,14.9,0.358,0.65,0.484,0.099,0.553,0.576,104.9,101.0,84.17,101,0.449
0022200997,2023-03-09,1610612758,Sacramento Kings,1,1,0,1.0,48.0,117.2,117.3,110.8,111.4,6.5,5.9,0.636,2.33,20.3,0.156,0.606,0.423,0.115,0.583,0.622,104.9,104.5,87.08,104,0.57
0022200994,2023-03-09,1610612762,Utah Jazz,1,1,0,1.0,48.0,125.7,129.7,117.4,122.8,8.3,6.9,0.551,1.5,19.0,0.35,0.642,0.516,0.178,0.631,0.674,104.9,101.0,84.17,101,0.551
0022200999,2023-03-10,1610612737,Atlanta Hawks,1,1,0,1.0,48.0,109.2,111.8,103.0,103.9,6.3,7.9,0.595,1.79,17.5,0.296,0.761,0.51,0.137,0.521,0.551,104.1,102.5,85.42,102,0.495
0022201001,2023-03-10,1610612751,Brooklyn Nets,1,1,0,1.0,53.0,114.3,113.8,109.1,111.8,5.2,1.9,0.476,1.33,14.0,0.275,0.702,0.5,0.138,0.549,0.588,100.2,99.17,82.64,109,0.467
0022201000,2023-03-10,1610612739,Cleveland Cavaliers,1,0,1,0.0,48.0,117.1,118.6,122.5,121.4,-5.5,-2.9,0.625,2.27,18.8,0.224,0.659,0.422,0.113,0.57,0.604,97.7,97.5,81.25,97,0.463
0022201002,2023-03-10,1610612743,Denver Nuggets,1,0,1,0.0,48.0,114.5,113.2,119.1,119.6,-4.6,-6.4,0.727,2.29,21.9,0.174,0.667,0.418,0.132,0.561,0.607,106.1,106.5,88.75,106,0.491
0022201003,2023-03-10,1610612747,Los Angeles Lakers,1,1,0,1.0,48.0,116.9,120.8,111.2,110.9,5.7,9.9,0.622,1.33,20.4,0.229,0.739,0.519,0.208,0.644,0.69,102.5,101.0,84.17,101,0.538
0022201000,2023-03-10,1610612748,Miami Heat,1,1,0,1.0,48.0,122.5,121.4,117.1,118.6,5.5,2.9,0.524,1.38,16.4,0.341,0.776,0.578,0.163,0.598,0.646,97.7,97.5,81.25,98,0.537
0022201001,2023-03-10,1610612750,Minnesota Timberwolves,1,0,1,0.0,53.0,109.1,111.8,114.3,113.8,-5.2,-1.9,0.604,2.07,18.6,0.298,0.725,0.5,0.127,0.536,0.555,100.2,99.17,82.64,110,0.533
0022200998,2023-03-10,1610612755,Philadelphia 76ers,1,1,0,1.0,48.0,128.0,126.3,122.4,124.0,5.6,2.4,0.581,2.5,18.9,0.279,0.78,0.524,0.105,0.584,0.627,95.5,95.5,79.58,95,0.5
0022200998,2023-03-10,1610612757,Portland Trail Blazers,1,0,1,0.0,48.0,122.4,124.0,128.0,126.3,-5.6,-2.4,0.571,2.67,18.6,0.22,0.721,0.476,0.094,0.619,0.638,95.5,95.5,79.58,96,0.5
0022201002,2023-03-10,1610612759,San Antonio Spurs,1,1,0,1.0,48.0,119.1,119.6,114.5,113.2,4.6,6.4,0.608,1.63,20.3,0.333,0.826,0.582,0.178,0.612,0.631,106.1,106.5,88.75,107,0.509
0022201003,2023-03-10,1610612761,Toronto Raptors,1,0,1,0.0,48.0,111.2,110.9,116.9,120.8,-5.7,-9.9,0.63,2.23,20.4,0.261,0.771,0.481,0.129,0.554,0.573,102.5,101.0,84.17,101,0.462
0022200999,2023-03-10,1610612764,Washington Wizards,1,0,1,0.0,48.0,103.0,103.9,109.2,111.8,-6.3,-7.9,0.628,1.8,19.1,0.239,0.704,0.49,0.146,0.528,0.558,104.1,102.5,85.42,103,0.505
0022201008,2023-03-11,1610612737,Atlanta Hawks,1,0,1,0.0,48.0,120.1,121.4,128.5,128.8,-8.4,-7.5,0.48,2.4,17.0,0.275,0.795,0.516,0.097,0.55,0.584,104.2,103.5,86.25,103,0.458
0022201008,2023-03-11,1610612738,Boston Celtics,1,1,0,1.0,48.0,128.5,128.8,120.1,121.4,8.4,7.5,0.673,3.89,23.6,0.205,0.725,0.484,0.087,0.653,0.668,104.2,103.5,86.25,104,0.542
0022201005,2023-03-11,1610612766,Charlotte Hornets,1,0,1,0.0,48.0,110.3,113.3,115.8,120.2,-5.4,-6.9,0.6,3.43,17.6,0.254,0.559,0.407,0.071,0.495,0.531,101.7,98.5,82.08,98,0.485
0022201009,2023-03-11,1610612741,Chicago Bulls,1,1,0,1.0,48.0,123.1,122.7,108.3,114.4,14.8,8.2,0.568,1.79,18.4,0.326,0.745,0.544,0.144,0.599,0.622,99.6,97.0,80.83,97,0.539
0022201010,2023-03-11,1610612742,Dallas Mavericks,1,0,1,0.0,48.0,112.4,111.3,116.0,116.7,-3.6,-5.3,0.641,2.27,18.7,0.265,0.745,0.5,0.113,0.547,0.568,96.3,96.5,80.42,97,0.462
0022201006,2023-03-11,1610612765,Detroit Pistons,1,0,1,0.0,48.0,108.6,109.5,116.4,113.1,-7.8,-3.6,0.581,2.08,17.2,0.268,0.648,0.455,0.114,0.516,0.543,104.9,106.0,88.33,105,0.447
0022201012,2023-03-11,1610612744,Golden State Warriors,1,1,0,1.0,53.0,109.8,108.7,101.0,101.8,8.8,6.9,0.717,2.2,19.5,0.313,0.845,0.56,0.13,0.513,0.535,103.6,103.7,86.42,115,0.541
0022201009,2023-03-11,1610612745,Houston Rockets,1,0,1,0.0,48.0,108.3,114.4,123.1,122.7,-14.8,-8.2,0.683,1.75,20.4,0.255,0.674,0.456,0.165,0.576,0.6,99.6,97.0,80.83,97,0.461
0022201006,2023-03-11,1610612754,Indiana Pacers,1,1,0,1.0,48.0,116.4,113.1,108.6,109.5,7.8,3.6,0.558,1.71,16.0,0.352,0.732,0.545,0.131,0.511,0.56,104.9,106.0,88.33,107,0.553
0022201004,2023-03-11,1610612746,LA Clippers,1,1,0,1.0,48.0,109.2,115.2,103.4,103.3,5.8,12.0,0.524,2.2,17.5,0.25,0.633,0.463,0.109,0.54,0.564,94.5,92.0,76.67,92,0.533
0022201010,2023-03-11,1610612763,Memphis Grizzlies,1,1,0,1.0,48.0,116.0,116.7,112.4,111.3,3.6,5.3,0.61,2.27,18.8,0.255,0.735,0.5,0.115,0.535,0.58,96.3,96.5,80.42,96,0.538
0022201007,2023-03-11,1610612748,Miami Heat,1,0,1,0.0,53.0,99.3,103.6,112.7,115.6,-13.4,-12.0,0.452,1.12,13.6,0.245,0.66,0.453,0.155,0.505,0.554,102.6,99.17,82.64,110,0.405
0022201012,2023-03-11,1610612749,Milwaukee Bucks,1,0,1,0.0,53.0,101.0,101.8,109.8,108.7,-8.8,-6.9,0.651,1.65,18.5,0.155,0.687,0.44,0.149,0.535,0.553,103.6,103.7,86.42,114,0.459
0022201011,2023-03-11,1610612740,New Orleans Pelicans,1,0,1,0.0,48.0,92.9,96.0,107.8,111.1,-14.9,-15.1,0.676,1.05,17.0,0.245,0.795,0.505,0.22,0.494,0.537,102.7,99.5,82.92,100,0.402
0022201004,2023-03-11,1610612752,New York Knicks,1,0,1,0.0,48.0,103.4,103.3,109.2,115.2,-5.8,-12.0,0.656,2.1,15.6,0.367,0.75,0.537,0.109,0.394,0.466,94.5,92.0,76.67,92,0.467
0022201011,2023-03-11,1610612760,Oklahoma City Thunder,1,1,0,1.0,48.0,107.8,111.1,92.9,96.0,14.9,15.1,0.459,1.42,13.6,0.205,0.755,0.495,0.121,0.519,0.585,102.7,99.5,82.92,99,0.598
0022201007,2023-03-11,1610612753,Orlando Magic,1,1,0,1.0,53.0,112.7,115.6,99.3,103.6,13.4,12.0,0.708,1.79,21.3,0.34,0.755,0.547,0.174,0.551,0.584,102.6,99.17,82.64,109,0.595
0022201013,2023-03-11,1610612756,Phoenix Suns,1,0,1,0.0,48.0,112.6,111.2,118.2,120.8,-5.6,-9.5,0.682,2.14,20.7,0.196,0.717,0.457,0.131,0.567,0.603,107.0,106.5,88.75,107,0.5
0022201013,2023-03-11,1610612758,Sacramento Kings,1,1,0,1.0,48.0,118.2,120.8,112.6,111.2,5.6,9.5,0.463,1.27,13.9,0.283,0.804,0.543,0.142,0.571,0.632,107.0,106.5,88.75,106,0.5
0022201005,2023-03-11,1610612762,Utah Jazz,1,1,0,1.0,48.0,115.8,120.2,110.3,113.3,5.4,6.9,0.478,2.0,15.1,0.441,0.746,0.593,0.111,0.49,0.532,101.7,98.5,82.08,99,0.515
0022201014,2023-03-12,1610612751,Brooklyn Nets,1,1,0,1.0,48.0,121.3,129.8,119.3,126.3,2.0,3.5,0.762,3.2,23.9,0.186,0.521,0.363,0.106,0.601,0.645,100.6,94.5,78.75,94,0.51
0022201015,2023-03-12,1610612766,Charlotte Hornets,1,0,1,0.0,48.0,106.2,106.9,112.9,115.2,-6.7,-8.2,0.61,1.32,18.7,0.262,0.735,0.516,0.188,0.575,0.602,101.3,100.0,83.33,101,0.511
0022201015,2023-03-12,1610612739,Cleveland Cavaliers,1,1,0,1.0,48.0,112.9,115.2,106.2,106.9,6.7,8.2,0.439,1.8,13.8,0.265,0.738,0.484,0.101,0.511,0.559,101.3,100.0,83.33,99,0.489
0022201014,2023-03-12,1610612743,Denver Nuggets,1,0,1,0.0,48.0,119.3,126.3,121.3,129.8,-2.0,-3.5,0.6,1.8,18.6,0.479,0.814,0.637,0.158,0.567,0.597,100.6,94.5,78.75,95,0.49
0022201019,2023-03-12,1610612747,Los Angeles Lakers,1,0,1,0.0,48.0,110.8,114.9,116.4,117.9,-5.6,-3.0,0.558,2.18,18.2,0.286,0.681,0.479,0.117,0.551,0.56,96.9,94.5,78.75,94,0.472
0022201017,2023-03-12,1610612740,New Orleans Pelicans,1,1,0,1.0,48.0,120.1,121.0,104.0,103.8,16.1,17.2,0.814,2.33,23.3,0.213,0.755,0.49,0.143,0.61,0.643,105.8,105.5,87.92,105,0.575
0022201019,2023-03-12,1610612752,New York Knicks,1,1,0,1.0,48.0,116.4,117.9,110.8,114.9,5.6,3.0,0.429,1.64,14.1,0.319,0.714,0.521,0.116,0.54,0.576,96.9,94.5,78.75,95,0.528
0022201018,2023-03-12,1610612760,Oklahoma City Thunder,1,1,0,1.0,48.0,99.9,100.0,85.4,89.1,14.5,10.9,0.722,2.89,18.3,0.25,0.759,0.5,0.088,0.432,0.485,103.7,101.5,84.58,102,0.585
0022201016,2023-03-12,1610612755,Philadelphia 76ers,1,1,0,1.0,48.0,124.3,121.7,94.8,102.2,29.5,19.5,0.707,3.22,22.0,0.275,0.75,0.543,0.098,0.581,0.621,94.1,91.5,76.25,92,0.641
0022201017,2023-03-12,1610612757,Portland Trail Blazers,1,0,1,0.0,48.0,104.0,103.8,120.1,121.0,-16.1,-17.2,0.605,1.37,18.1,0.245,0.787,0.51,0.179,0.545,0.568,105.8,105.5,87.92,106,0.425
0022201018,2023-03-12,1610612759,San Antonio Spurs,1,0,1,0.0,48.0,85.4,89.1,99.9,100.0,-14.5,-10.9,0.727,1.26,17.4,0.241,0.75,0.5,0.188,0.432,0.467,103.7,101.5,84.58,101,0.415
0022201016,2023-03-12,1610612764,Washington Wizards,1,0,1,0.0,48.0,94.8,102.2,124.3,121.7,-29.5,-19.5,0.559,1.9,15.4,0.25,0.725,0.457,0.11,0.44,0.494,94.1,91.5,76.25,91,0.359
0022201021,2023-03-13,1610612737,Atlanta Hawks,1,0,1,0.0,48.0,107.2,105.5,123.5,125.9,-16.3,-20.4,0.386,1.06,11.6,0.37,0.829,0.568,0.147,0.474,0.526,108.7,108.5,90.42,109,0.378
0022201024,2023-03-13,1610612738,Boston Celtics,1,0,1,0.0,48.0,108.7,112.4,113.4,114.4,-4.7,-2.1,0.487,1.36,14.6,0.286,0.66,0.48,0.144,0.517,0.566,99.1,97.0,80.83,97,0.459
0022201023,2023-03-13,1610612742,Dallas Mavericks,1,0,1,0.0,48.0,89.3,89.8,103.6,106.1,-14.3,-16.3,0.657,1.77,17.4,0.196,0.761,0.451,0.133,0.456,0.47,99.4,98.0,81.67,98,0.399
0022201020,2023-03-13,1610612765,Detroit Pistons,1,1,0,1.0,48.0,116.5,119.4,97.4,99.0,19.1,20.4,0.583,1.87,18.8,0.434,0.698,0.566,0.153,0.55,0.56,100.0,98.0,81.67,98,0.592
0022201025,2023-03-13,1610612744,Golden State Warriors,1,1,0,1.0,48.0,122.3,123.0,110.1,113.1,12.2,9.9,0.622,1.75,20.1,0.25,0.615,0.448,0.16,0.657,0.657,101.1,99.5,82.92,100,0.548
0022201024,2023-03-13,1610612745,Houston Rockets,1,1,0,1.0,48.0,113.4,114.4,108.7,112.4,4.7,2.1,0.675,2.45,19.0,0.34,0.714,0.52,0.113,0.506,0.545,99.1,97.0,80.83,97,0.541
0022201020,2023-03-13,1610612754,Indiana Pacers,1,0,1,0.0,48.0,97.4,99.0,116.5,119.4,-19.1,-20.4,0.639,1.44,16.8,0.302,0.566,0.434,0.163,0.477,0.502,100.0,98.0,81.67,98,0.408
0022201023,2023-03-13,1610612763,Memphis Grizzlies,1,1,0,1.0,48.0,103.6,106.1,89.3,89.8,14.3,16.3,0.605,1.44,17.4,0.239,0.804,0.549,0.163,0.53,0.569,99.4,98.0,81.67,98,0.601
0022201022,2023-03-13,1610612748,Miami Heat,1,1,0,1.0,48.0,120.4,119.0,115.1,113.9,5.3,5.1,0.541,1.54,15.4,0.227,0.633,0.441,0.13,0.557,0.627,99.4,100.5,83.75,100,0.529
0022201026,2023-03-13,1610612749,Milwaukee Bucks,1,1,0,1.0,48.0,128.3,130.4,118.5,121.6,9.7,8.8,0.58,2.23,21.0,0.179,0.678,0.48,0.127,0.669,0.695,104.1,102.0,85.0,102,0.562
0022201021,2023-03-13,1610612750,Minnesota Timberwolves,1,1,0,1.0,48.0,123.5,125.9,107.2,105.5,16.3,20.4,0.722,3.0,25.3,0.171,0.63,0.432,0.12,0.652,0.666,108.7,108.5,90.42,108,0.622
0022201025,2023-03-13,1610612756,Phoenix Suns,1,0,1,0.0,48.0,110.1,113.1,122.3,123.0,-12.2,-9.9,0.543,1.79,17.4,0.385,0.75,0.552,0.141,0.505,0.535,101.1,99.5,82.92,99,0.452
0022201026,2023-03-13,1610612758,Sacramento Kings,1,0,1,0.0,48.0,118.5,121.6,128.3,130.4,-9.7,-8.8,0.674,3.44,20.4,0.322,0.821,0.52,0.088,0.543,0.561,104.1,102.0,85.0,102,0.438
0022201022,2023-03-13,1610612762,Utah Jazz,1,0,1,0.0,48.0,115.1,113.9,120.4,119.0,-5.3,-5.1,0.721,1.72,20.7,0.367,0.773,0.559,0.178,0.567,0.587,99.4,100.5,83.75,101,0.471
0022201031,2023-03-14,1610612751,Brooklyn Nets,1,0,1,0.0,48.0,103.9,102.9,114.0,117.5,-10.1,-14.6,0.714,1.47,17.6,0.26,0.679,0.481,0.163,0.5,0.552,104.5,103.5,86.25,104,0.452
0022201027,2023-03-14,1610612766,Charlotte Hornets,1,0,1,0.0,48.0,105.5,107.2,123.3,125.0,-17.8,-17.8,0.651,1.27,20.7,0.303,0.8,0.59,0.227,0.605,0.63,98.0,96.5,80.42,97,0.472
0022201027,2023-03-14,1610612739,Cleveland Cavaliers,1,1,0,1.0,48.0,123.3,125.0,105.5,107.2,17.8,17.8,0.644,3.22,21.6,0.2,0.697,0.41,0.094,0.591,0.623,98.0,96.5,80.42,96,0.528
0022201029,2023-03-14,1610612743,Denver Nuggets,1,0,1,0.0,48.0,113.4,115.8,128.2,130.2,-14.8,-14.4,0.69,2.07,22.1,0.189,0.63,0.434,0.147,0.592,0.632,97.2,95.5,79.58,95,0.472
0022201028,2023-03-14,1610612765,Detroit Pistons,1,0,1,0.0,48.0,100.7,101.0,117.4,121.9,-16.6,-20.8,0.474,1.64,13.2,0.355,0.634,0.466,0.115,0.434,0.465,98.0,96.0,80.0,96,0.341
0022201030,2023-03-14,1610612747,Los Angeles Lakers,1,1,0,1.0,48.0,126.4,124.2,104.0,110.2,22.3,14.0,0.6,1.33,17.3,0.372,0.65,0.534,0.182,0.598,0.652,100.6,98.5,82.08,99,0.615
0022201033,2023-03-14,1610612749,Milwaukee Bucks,1,1,0,1.0,48.0,114.5,116.0,99.0,103.0,15.5,13.0,0.6,1.85,17.4,0.28,0.745,0.524,0.13,0.541,0.573,103.2,100.5,83.75,100,0.568
0022201030,2023-03-14,1610612740,New Orleans Pelicans,1,0,1,0.0,48.0,104.0,110.2,126.4,124.2,-22.3,-14.0,0.548,1.92,16.2,0.35,0.628,0.466,0.122,0.485,0.506,100.6,98.5,82.08,98,0.385
0022201034,2023-03-14,1610612752,New York Knicks,1,1,0,1.0,48.0,123.0,120.6,99.1,107.0,23.9,13.6,0.548,1.77,17.2,0.262,0.703,0.528,0.127,0.611,0.641,103.9,101.0,84.17,102,0.635
0022201031,2023-03-14,1610612760,Oklahoma City Thunder,1,1,0,1.0,48.0,114.0,117.5,103.9,102.9,10.1,14.6,0.489,2.0,15.5,0.321,0.74,0.519,0.107,0.51,0.554,104.5,103.5,86.25,103,0.548
0022201032,2023-03-14,1610612753,Orlando Magic,1,0,1,0.0,48.0,111.5,112.9,130.8,130.7,-19.3,-17.8,0.545,2.67,17.0,0.281,0.769,0.479,0.089,0.505,0.537,101.6,101.0,84.17,101,0.395
0022201033,2023-03-14,1610612756,Phoenix Suns,1,0,1,0.0,48.0,99.0,103.0,114.5,116.0,-15.5,-13.0,0.561,2.09,16.8,0.255,0.72,0.476,0.109,0.474,0.51,103.2,100.5,83.75,101,0.432
0022201034,2023-03-14,1610612757,Portland Trail Blazers,1,0,1,0.0,48.0,99.1,107.0,123.0,120.6,-23.9,-13.6,0.579,1.83,15.6,0.297,0.738,0.472,0.12,0.47,0.5,103.9,101.0,84.17,100,0.365
0022201032,2023-03-14,1610612759,San Antonio Spurs,1,1,0,1.0,48.0,130.8,130.7,111.5,112.9,19.3,17.8,0.813,2.6,26.2,0.231,0.719,0.521,0.149,0.694,0.71,101.6,101.0,84.17,101,0.605
0022201029,2023-03-14,1610612761,Toronto Raptors,1,1,0,1.0,48.0,128.2,130.2,113.4,115.8,14.8,14.4,0.51,2.27,18.1,0.37,0.811,0.566,0.115,0.591,0.622,97.2,95.5,79.58,96,0.528
0022201028,2023-03-14,1610612764,Washington Wizards,1,1,0,1.0,48.0,117.4,121.9,100.7,101.0,16.6,20.8,0.545,1.6,17.8,0.366,0.645,0.534,0.156,0.559,0.618,98.0,96.0,80.0,96,0.659
0022201039,2023-03-15,1610612738,Boston Celtics,1,1,0,1.0,48.0,103.8,110.6,103.4,107.4,0.4,3.3,0.588,1.82,15.9,0.231,0.745,0.485,0.117,0.476,0.535,99.4,94.5,78.75,94,0.496
0022201037,2023-03-15,1610612741,Chicago Bulls,1,0,1,0.0,48.0,103.6,109.6,110.6,113.6,-7.0,-4.0,0.737,1.87,18.4,0.323,0.804,0.528,0.144,0.474,0.528,107.9,103.5,86.25,104,0.474
0022201035,2023-03-15,1610612739,Cleveland Cavaliers,1,0,1,0.0,48.0,115.1,118.5,125.7,126.9,-10.6,-8.4,0.5,1.67,15.7,0.306,0.568,0.419,0.13,0.553,0.576,94.3,92.5,77.08,92,0.421
0022201040,2023-03-15,1610612742,Dallas Mavericks,1,1,0,1.0,53.0,123.1,124.5,113.8,116.4,9.3,8.2,0.523,1.21,15.8,0.289,0.683,0.519,0.173,0.61,0.67,101.3,99.62,83.02,110,0.567
0022201041,2023-03-15,1610612744,Golden State Warriors,1,0,1,0.0,48.0,121.6,122.3,131.3,131.4,-9.6,-9.0,0.571,1.75,19.9,0.238,0.62,0.446,0.155,0.653,0.666,102.8,102.5,85.42,103,0.455
0022201038,2023-03-15,1610612745,Houston Rockets,1,1,0,1.0,48.0,114.7,112.9,104.5,108.9,10.3,4.0,0.468,1.22,15.8,0.378,0.714,0.564,0.178,0.573,0.585,102.3,101.0,84.17,101,0.525
0022201041,2023-03-15,1610612746,LA Clippers,1,1,0,1.0,48.0,131.3,131.4,121.6,122.3,9.6,9.0,0.652,3.75,19.9,0.38,0.762,0.554,0.078,0.563,0.609,102.8,102.5,85.42,102,0.545
0022201038,2023-03-15,1610612747,Los Angeles Lakers,1,0,1,0.0,48.0,104.5,108.9,114.7,112.9,-10.3,-4.0,0.618,2.1,15.3,0.286,0.622,0.436,0.099,0.439,0.518,102.3,101.0,84.17,101,0.475
0022201036,2023-03-15,1610612763,Memphis Grizzlies,1,0,1,0.0,48.0,117.6,117.8,135.9,135.3,-18.3,-17.5,0.63,1.81,20.4,0.265,0.771,0.476,0.158,0.604,0.612,101.3,101.5,84.58,101,0.403
0022201036,2023-03-15,1610612748,Miami Heat,1,1,0,1.0,48.0,135.9,135.3,117.6,117.8,18.3,17.5,0.673,2.54,23.1,0.229,0.735,0.524,0.127,0.677,0.715,101.3,101.5,84.58,102,0.597
0022201039,2023-03-15,1610612750,Minnesota Timberwolves,1,0,1,0.0,48.0,103.4,107.4,103.8,110.6,-0.4,-3.3,0.73,2.08,20.0,0.255,0.769,0.515,0.137,0.512,0.544,99.4,94.5,78.75,95,0.504
0022201035,2023-03-15,1610612755,Philadelphia 76ers,1,1,0,1.0,48.0,125.7,126.9,115.1,118.5,10.6,8.4,0.615,1.2,18.0,0.432,0.694,0.581,0.215,0.633,0.679,94.3,92.5,77.08,93,0.579
0022201037,2023-03-15,1610612758,Sacramento Kings,1,1,0,1.0,48.0,110.6,113.6,103.6,109.6,7.0,4.0,0.684,1.3,19.0,0.196,0.677,0.472,0.194,0.603,0.645,107.9,103.5,86.25,103,0.526
0022201040,2023-03-15,1610612759,San Antonio Spurs,1,0,1,0.0,53.0,113.8,116.4,123.1,124.5,-9.3,-8.2,0.531,2.6,16.7,0.317,0.711,0.481,0.091,0.528,0.54,101.3,99.62,83.02,110,0.433
0022201043,2023-03-16,1610612751,Brooklyn Nets,1,0,1,0.0,48.0,102.0,104.3,106.2,107.4,-4.2,-3.1,0.606,2.86,17.2,0.077,0.696,0.398,0.076,0.5,0.533,94.6,93.0,77.5,92,0.476
0022201042,2023-03-16,1610612743,Denver Nuggets,1,1,0,1.0,48.0,122.7,125.3,103.2,106.4,19.5,18.9,0.617,2.9,20.7,0.378,0.68,0.537,0.105,0.573,0.595,97.0,94.5,78.75,95,0.633
0022201042,2023-03-16,1610612765,Detroit Pistons,1,0,1,0.0,48.0,103.2,106.4,122.7,125.3,-19.5,-18.9,0.615,1.41,17.9,0.32,0.622,0.463,0.181,0.529,0.538,97.0,94.5,78.75,94,0.367
0022201045,2023-03-16,1610612754,Indiana Pacers,1,1,0,1.0,48.0,131.6,131.1,118.9,116.0,12.7,15.1,0.667,3.6,23.7,0.217,0.761,0.489,0.094,0.67,0.671,104.5,106.0,88.33,106,0.545
0022201045,2023-03-16,1610612749,Milwaukee Bucks,1,0,1,0.0,48.0,118.9,116.0,131.6,131.1,-12.7,-15.1,0.553,2.17,18.2,0.239,0.783,0.511,0.113,0.59,0.612,104.5,106.0,88.33,106,0.455
0022201044,2023-03-16,1610612760,Oklahoma City Thunder,1,0,1,0.0,48.0,105.9,111.0,127.6,128.0,-21.7,-17.0,0.45,1.38,13.4,0.286,0.574,0.427,0.13,0.495,0.54,102.6,100.0,83.33,100,0.388
0022201046,2023-03-16,1610612753,Orlando Magic,1,0,1,0.0,48.0,108.5,108.7,111.0,111.5,-2.5,-2.9,0.581,1.32,17.6,0.295,0.809,0.56,0.183,0.547,0.588,104.3,104.0,86.67,104,0.505
0022201046,2023-03-16,1610612756,Phoenix Suns,1,1,0,1.0,48.0,111.0,111.5,108.5,108.7,2.5,2.9,0.605,1.86,18.8,0.191,0.705,0.44,0.135,0.55,0.595,104.3,104.0,86.67,104,0.495
0022201043,2023-03-16,1610612758,Sacramento Kings,1,1,0,1.0,48.0,106.2,107.4,102.0,104.3,4.2,3.1,0.688,1.83,16.5,0.304,0.923,0.602,0.128,0.47,0.526,94.6,93.0,77.5,94,0.524
0022201044,2023-03-16,1610612761,Toronto Raptors,1,1,0,1.0,48.0,127.6,128.0,105.9,111.0,21.7,17.0,0.617,2.9,19.1,0.426,0.714,0.573,0.1,0.557,0.585,102.6,100.0,83.33,100,0.612
0022201048,2023-03-17,1610612737,Atlanta Hawks,1,1,0,1.0,48.0,116.5,118.7,110.4,111.2,6.1,7.5,0.574,2.45,17.9,0.298,0.648,0.468,0.103,0.55,0.572,108.4,107.0,89.17,107,0.515
0022201053,2023-03-17,1610612738,Boston Celtics,1,1,0,1.0,48.0,123.0,123.5,108.1,110.9,15.0,12.6,0.707,1.61,19.5,0.408,0.778,0.585,0.176,0.557,0.615,103.0,101.5,84.58,102,0.592
0022201047,2023-03-17,1610612766,Charlotte Hornets,1,0,1,0.0,48.0,78.5,82.0,116.3,121.0,-37.8,-39.0,0.69,1.43,15.2,0.21,0.646,0.4,0.14,0.366,0.421,104.2,100.0,83.33,100,0.292
0022201050,2023-03-17,1610612741,Chicago Bulls,1,1,0,1.0,58.0,122.8,119.8,113.3,114.9,9.5,4.9,0.451,1.92,15.8,0.178,0.721,0.491,0.103,0.601,0.648,94.7,95.17,79.31,116,0.55
0022201049,2023-03-17,1610612739,Cleveland Cavaliers,1,1,0,1.0,48.0,118.6,121.9,98.1,97.9,20.4,24.0,0.646,2.82,22.6,0.233,0.791,0.512,0.115,0.575,0.605,97.2,96.0,80.0,96,0.612
0022201054,2023-03-17,1610612742,Dallas Mavericks,1,1,0,1.0,48.0,116.4,120.7,113.8,119.6,2.6,1.1,0.675,1.8,20.9,0.244,0.604,0.438,0.163,0.608,0.635,96.0,92.0,76.67,92,0.501
0022201048,2023-03-17,1610612744,Golden State Warriors,1,0,1,0.0,48.0,110.4,111.2,116.5,118.7,-6.1,-7.5,0.596,1.65,18.2,0.352,0.702,0.532,0.159,0.536,0.557,108.4,107.0,89.17,107,0.485
0022201051,2023-03-17,1610612745,Houston Rockets,1,1,0,1.0,48.0,118.1,120.0,119.1,117.9,-1.1,2.1,0.465,1.54,15.2,0.375,0.804,0.585,0.137,0.551,0.578,95.3,95.0,79.17,95,0.504
0022201054,2023-03-17,1610612747,Los Angeles Lakers,1,0,1,0.0,48.0,113.8,119.6,116.4,120.7,-2.6,-1.1,0.535,1.92,17.2,0.396,0.756,0.562,0.13,0.542,0.563,96.0,92.0,76.67,92,0.499
0022201052,2023-03-17,1610612763,Memphis Grizzlies,1,1,0,1.0,53.0,112.3,112.5,104.6,107.1,7.7,5.4,0.551,1.59,17.3,0.298,0.639,0.475,0.152,0.554,0.571,102.8,101.43,84.53,112,0.523
0022201050,2023-03-17,1610612750,Minnesota Timberwolves,1,0,1,0.0,58.0,113.3,114.9,122.8,119.8,-9.5,-4.9,0.717,2.06,20.1,0.279,0.822,0.509,0.14,0.55,0.576,94.7,95.17,79.31,114,0.45
0022201051,2023-03-17,1610612740,New Orleans Pelicans,1,0,1,0.0,48.0,119.1,117.9,118.1,120.0,1.1,-2.1,0.564,2.44,17.5,0.196,0.625,0.415,0.095,0.549,0.602,95.3,95.0,79.17,95,0.496
0022201047,2023-03-17,1610612755,Philadelphia 76ers,1,1,0,1.0,48.0,116.3,121.0,78.5,82.0,37.8,39.0,0.522,1.6,17.1,0.354,0.79,0.6,0.15,0.554,0.587,104.2,100.0,83.33,100,0.708
0022201053,2023-03-17,1610612757,Portland Trail Blazers,1,0,1,0.0,48.0,108.1,110.9,123.0,123.5,-15.0,-12.6,0.526,1.05,15.3,0.222,0.592,0.415,0.188,0.57,0.604,103.0,101.5,84.58,101,0.408
0022201052,2023-03-17,1610612759,San Antonio Spurs,1,0,1,0.0,53.0,104.6,107.1,112.3,112.5,-7.7,-5.4,0.795,1.55,19.0,0.361,0.702,0.525,0.179,0.5,0.542,102.8,101.43,84.53,112,0.477
0022201049,2023-03-17,1610612764,Washington Wizards,1,0,1,0.0,48.0,98.1,97.9,118.6,121.9,-20.4,-24.0,0.629,1.29,17.5,0.209,0.767,0.488,0.177,0.513,0.554,97.2,96.0,80.0,96,0.388
0022201062,2023-03-18,1610612738,Boston Celtics,1,0,1,0.0,48.0,119.3,123.2,122.1,124.2,-2.7,-1.1,0.714,3.75,22.9,0.149,0.667,0.433,0.084,0.602,0.616,97.4,95.0,79.17,95,0.484
0022201060,2023-03-18,1610612741,Chicago Bulls,1,1,0,1.0,48.0,123.3,127.0,107.0,110.0,16.4,17.0,0.756,2.43,26.0,0.229,0.612,0.452,0.157,0.669,0.684,92.1,89.5,74.58,89,0.591
0022201055,2023-03-18,1610612743,Denver Nuggets,1,0,1,0.0,48.0,112.7,117.0,125.6,123.4,-12.9,-6.4,0.698,2.31,22.4,0.262,0.659,0.465,0.138,0.583,0.607,95.0,94.0,78.33,94,0.46
0022201061,2023-03-18,1610612744,Golden State Warriors,1,0,1,0.0,48.0,114.5,122.7,135.1,135.7,-20.6,-13.0,0.692,2.08,18.4,0.444,0.659,0.541,0.134,0.5,0.562,101.2,97.5,81.25,97,0.425
0022201057,2023-03-18,1610612754,Indiana Pacers,1,0,1,0.0,48.0,120.0,123.5,141.5,143.9,-21.4,-20.4,0.622,1.65,19.7,0.372,0.811,0.575,0.173,0.586,0.632,100.2,98.0,81.67,98,0.433
0022201056,2023-03-18,1610612746,LA Clippers,1,0,1,0.0,48.0,105.3,108.0,108.7,110.8,-3.3,-2.8,0.548,1.53,16.7,0.294,0.689,0.479,0.15,0.5,0.537,103.3,101.0,84.17,100,0.447
0022201061,2023-03-18,1610612763,Memphis Grizzlies,1,1,0,1.0,48.0,135.1,135.7,114.5,122.7,20.6,13.0,0.673,5.0,23.8,0.341,0.556,0.459,0.071,0.642,0.649,101.2,97.5,81.25,98,0.575
0022201060,2023-03-18,1610612748,Miami Heat,1,0,1,0.0,48.0,107.0,110.0,123.3,127.0,-16.4,-17.0,0.657,1.64,17.4,0.388,0.771,0.548,0.156,0.488,0.535,92.1,89.5,74.58,90,0.409
0022201058,2023-03-18,1610612750,Minnesota Timberwolves,1,0,1,0.0,48.0,103.6,103.9,115.9,118.4,-12.4,-14.6,0.692,1.8,19.1,0.229,0.778,0.495,0.146,0.488,0.55,104.3,103.0,85.83,103,0.444
0022201055,2023-03-18,1610612752,New York Knicks,1,1,0,1.0,48.0,125.6,123.4,112.7,117.0,12.9,6.4,0.561,1.92,17.4,0.341,0.738,0.535,0.128,0.548,0.608,95.0,94.0,78.33,94,0.54
0022201056,2023-03-18,1610612753,Orlando Magic,1,1,0,1.0,48.0,108.7,110.8,105.3,108.0,3.3,2.8,0.548,1.28,16.5,0.311,0.706,0.521,0.176,0.56,0.595,103.3,101.0,84.17,102,0.553
0022201057,2023-03-18,1610612755,Philadelphia 76ers,1,1,0,1.0,48.0,141.5,143.9,120.0,123.5,21.4,20.4,0.574,3.88,22.8,0.189,0.628,0.425,0.082,0.699,0.722,100.2,98.0,81.67,98,0.567
0022201059,2023-03-18,1610612758,Sacramento Kings,1,1,0,1.0,48.0,135.9,130.7,117.0,119.2,18.9,11.5,0.708,4.25,23.9,0.167,0.736,0.484,0.079,0.686,0.687,99.0,100.0,83.33,101,0.557
0022201058,2023-03-18,1610612761,Toronto Raptors,1,1,0,1.0,48.0,115.9,118.4,103.6,103.9,12.4,14.6,0.479,1.53,16.9,0.222,0.771,0.505,0.146,0.583,0.615,104.3,103.0,85.83,103,0.556
0022201062,2023-03-18,1610612762,Utah Jazz,1,1,0,1.0,48.0,122.1,124.2,119.3,123.2,2.7,1.1,0.69,4.14,20.3,0.333,0.851,0.567,0.074,0.521,0.553,97.4,95.0,79.17,95,0.516
0022201059,2023-03-18,1610612764,Washington Wizards,1,0,1,0.0,48.0,117.0,119.2,135.9,130.7,-18.9,-11.5,0.659,2.7,19.3,0.264,0.833,0.516,0.101,0.522,0.573,99.0,100.0,83.33,99,0.443
0022201065,2023-03-19,1610612737,Atlanta Hawks,1,0,1,0.0,48.0,115.9,118.0,122.3,124.8,-6.4,-6.8,0.438,1.75,14.8,0.389,0.674,0.52,0.12,0.5,0.537,102.4,100.5,83.75,100,0.466
0022201063,2023-03-19,1610612751,Brooklyn Nets,1,0,1,0.0,48.0,110.8,112.1,111.7,117.4,-0.8,-5.3,0.684,2.17,20.5,0.222,0.667,0.429,0.132,0.537,0.573,94.4,91.5,76.25,91,0.462
0022201063,2023-03-19,1610612743,Denver Nuggets,1,1,0,1.0,48.0,111.7,117.4,110.8,112.1,0.8,5.3,0.738,1.82,22.8,0.333,0.778,0.571,0.185,0.6,0.63,94.4,91.5,76.25,92,0.538
0022201066,2023-03-19,1610612765,Detroit Pistons,1,0,1,0.0,48.0,107.0,109.9,121.7,120.4,-14.8,-10.5,0.684,2.0,20.3,0.234,0.744,0.478,0.143,0.524,0.559,92.7,92.0,76.67,91,0.418
0022201067,2023-03-19,1610612745,Houston Rockets,1,0,1,0.0,48.0,109.5,116.3,122.4,127.2,-12.9,-10.9,0.484,1.15,12.4,0.348,0.674,0.506,0.141,0.467,0.577,96.6,92.0,76.67,92,0.416
0022201069,2023-03-19,1610612746,LA Clippers,1,1,0,1.0,48.0,121.7,120.6,105.6,106.3,16.1,14.4,0.605,2.6,18.2,0.396,0.717,0.545,0.103,0.521,0.562,96.3,96.5,80.42,97,0.54
0022201070,2023-03-19,1610612747,Los Angeles Lakers,1,1,0,1.0,48.0,113.2,113.3,100.5,107.1,12.7,6.1,0.694,1.67,18.8,0.222,0.714,0.509,0.153,0.545,0.603,101.3,98.0,81.67,98,0.59
0022201066,2023-03-19,1610612748,Miami Heat,1,1,0,1.0,48.0,121.7,120.4,107.0,109.9,14.8,10.5,0.868,3.3,24.1,0.256,0.766,0.522,0.108,0.563,0.622,92.7,92.0,76.67,93,0.582
0022201068,2023-03-19,1610612749,Milwaukee Bucks,1,1,0,1.0,48.0,122.6,120.4,108.5,114.4,14.1,6.0,0.814,2.92,24.8,0.2,0.714,0.5,0.122,0.622,0.647,99.3,97.5,81.25,98,0.569
0022201067,2023-03-19,1610612740,New Orleans Pelicans,1,1,0,1.0,48.0,122.4,127.2,109.5,116.3,12.9,10.9,0.667,2.8,20.9,0.326,0.652,0.494,0.109,0.571,0.612,96.6,92.0,76.67,92,0.584
0022201064,2023-03-19,1610612760,Oklahoma City Thunder,1,1,0,1.0,48.0,112.9,117.0,111.6,113.2,1.3,3.8,0.476,1.25,14.5,0.261,0.8,0.542,0.151,0.565,0.621,108.7,106.0,88.33,106,0.528
0022201070,2023-03-19,1610612753,Orlando Magic,1,0,1,0.0,48.0,100.5,107.1,113.2,113.3,-12.7,-6.1,0.585,3.0,17.1,0.286,0.778,0.491,0.082,0.451,0.48,101.3,98.0,81.67,98,0.41
0022201064,2023-03-19,1610612756,Phoenix Suns,1,0,1,0.0,48.0,111.6,113.2,112.9,117.0,-1.3,-3.8,0.705,2.21,21.1,0.2,0.739,0.458,0.132,0.56,0.585,108.7,106.0,88.33,106,0.472
0022201069,2023-03-19,1610612757,Portland Trail Blazers,1,0,1,0.0,48.0,105.6,106.3,121.7,120.6,-16.1,-14.4,0.649,1.6,18.2,0.283,0.604,0.455,0.156,0.488,0.551,96.3,96.5,80.42,96,0.46
0022201065,2023-03-19,1610612759,San Antonio Spurs,1,1,0,1.0,48.0,122.3,124.8,115.9,118.0,6.4,6.8,0.51,2.17,18.4,0.326,0.611,0.48,0.119,0.617,0.624,102.4,100.5,83.75,101,0.534
0022201068,2023-03-19,1610612761,Toronto Raptors,1,0,1,0.0,48.0,108.5,114.4,122.6,120.4,-14.1,-6.0,0.568,3.57,18.2,0.286,0.8,0.5,0.072,0.515,0.532,99.3,97.5,81.25,97,0.431
0022201071,2023-03-20,1610612766,Charlotte Hornets,1,1,0,1.0,48.0,109.4,111.7,102.9,106.9,6.6,4.8,0.634,2.36,18.2,0.283,0.604,0.436,0.107,0.511,0.552,105.5,102.5,85.42,103,0.534
0022201072,2023-03-20,1610612741,Chicago Bulls,1,1,0,1.0,58.0,95.8,99.1,94.0,96.3,1.8,2.8,0.513,1.82,14.2,0.19,0.755,0.459,0.1,0.452,0.51,93.3,90.62,75.52,110,0.505
0022201075,2023-03-20,1610612742,Dallas Mavericks,1,0,1,0.0,48.0,111.6,114.9,118.6,120.4,-7.0,-5.5,0.564,1.83,17.2,0.267,0.642,0.469,0.128,0.53,0.582,95.6,93.5,77.92,94,0.487
0022201074,2023-03-20,1610612744,Golden State Warriors,1,1,0,1.0,48.0,120.6,119.8,99.5,105.9,21.1,13.9,0.705,1.55,20.8,0.362,0.6,0.49,0.198,0.597,0.628,104.5,101.5,84.58,101,0.607
0022201074,2023-03-20,1610612745,Houston Rockets,1,0,1,0.0,48.0,99.5,105.9,120.6,119.8,-21.1,-13.9,0.359,0.78,10.3,0.4,0.638,0.51,0.176,0.473,0.521,104.5,101.5,84.58,102,0.393
0022201071,2023-03-20,1610612754,Indiana Pacers,1,0,1,0.0,48.0,102.9,106.9,109.4,111.7,-6.6,-4.8,0.73,1.23,18.2,0.396,0.717,0.564,0.216,0.506,0.562,105.5,102.5,85.42,102,0.466
0022201075,2023-03-20,1610612763,Memphis Grizzlies,1,1,0,1.0,48.0,118.6,120.4,111.6,114.9,7.0,5.5,0.512,1.91,15.8,0.358,0.733,0.531,0.118,0.517,0.558,95.6,93.5,77.92,93,0.513
0022201073,2023-03-20,1610612750,Minnesota Timberwolves,1,1,0,1.0,48.0,133.2,134.6,124.9,128.8,8.4,5.8,0.667,2.27,23.1,0.25,0.718,0.493,0.144,0.699,0.721,106.2,104.0,86.67,104,0.534
0022201073,2023-03-20,1610612752,New York Knicks,1,0,1,0.0,48.0,124.9,128.8,133.2,134.6,-8.4,-5.8,0.542,1.53,18.6,0.282,0.75,0.507,0.163,0.647,0.688,106.2,104.0,86.67,104,0.466
0022201072,2023-03-20,1610612755,Philadelphia 76ers,1,0,1,0.0,58.0,94.0,96.3,95.8,99.1,-1.8,-2.8,0.737,1.33,18.7,0.245,0.81,0.541,0.193,0.478,0.527,93.3,90.62,75.52,109,0.495
0022201076,2023-03-20,1610612758,Sacramento Kings,1,0,1,0.0,48.0,113.2,114.3,122.9,124.3,-9.7,-10.0,0.683,4.67,19.3,0.23,0.841,0.486,0.057,0.521,0.556,105.1,104.0,86.67,105,0.442
0022201076,2023-03-20,1610612762,Utah Jazz,1,1,0,1.0,48.0,122.9,124.3,113.2,114.3,9.7,10.0,0.717,2.75,23.1,0.159,0.77,0.514,0.117,0.614,0.652,105.1,104.0,86.67,103,0.558
0022201078,2023-03-21,1610612737,Atlanta Hawks,1,1,0,1.0,48.0,127.9,127.7,104.3,108.1,23.6,19.6,0.591,2.36,17.0,0.464,0.786,0.625,0.109,0.537,0.582,101.7,100.0,83.33,101,0.628
0022201081,2023-03-21,1610612738,Boston Celtics,1,1,0,1.0,48.0,135.9,140.4,115.7,114.7,20.3,25.7,0.673,5.5,23.4,0.298,0.733,0.511,0.064,0.63,0.646,95.7,94.5,78.75,94,0.602
0022201079,2023-03-21,1610612751,Brooklyn Nets,1,0,1,0.0,48.0,108.9,114.7,117.1,121.1,-8.2,-6.3,0.61,1.47,17.1,0.491,0.732,0.596,0.179,0.495,0.534,99.2,95.0,79.17,95,0.483
0022201079,2023-03-21,1610612739,Cleveland Cavaliers,1,1,0,1.0,48.0,117.1,121.1,108.9,114.7,8.2,6.3,0.548,1.64,17.8,0.268,0.509,0.404,0.147,0.59,0.623,99.2,95.0,79.17,95,0.517
0022201078,2023-03-21,1610612765,Detroit Pistons,1,0,1,0.0,48.0,104.3,108.1,127.9,127.7,-23.6,-19.6,0.541,2.0,15.3,0.214,0.536,0.375,0.101,0.478,0.527,101.7,100.0,83.33,99,0.372
0022201082,2023-03-21,1610612746,LA Clippers,1,0,1,0.0,48.0,102.8,105.3,101.9,107.4,1.0,-2.2,0.512,1.5,16.0,0.308,0.685,0.5,0.147,0.512,0.525,98.2,94.5,78.75,95,0.516
0022201080,2023-03-21,1610612740,New Orleans Pelicans,1,1,0,1.0,48.0,116.5,119.0,82.9,84.0,33.7,35.0,0.689,1.94,22.1,0.237,0.787,0.576,0.16,0.617,0.653,101.7,100.0,83.33,100,0.733
0022201082,2023-03-21,1610612760,Oklahoma City Thunder,1,1,0,1.0,48.0,101.9,107.4,102.8,105.3,-1.0,2.2,0.487,1.58,14.6,0.315,0.692,0.5,0.128,0.473,0.509,98.2,94.5,78.75,94,0.484
0022201077,2023-03-21,1610612753,Orlando Magic,1,1,0,1.0,48.0,122.0,120.8,108.6,109.8,13.4,11.0,0.628,1.69,20.0,0.216,0.822,0.549,0.158,0.613,0.67,101.6,101.5,84.58,101,0.552
0022201081,2023-03-21,1610612758,Sacramento Kings,1,0,1,0.0,48.0,115.7,114.7,135.9,140.4,-20.3,-25.7,0.641,1.79,19.1,0.267,0.702,0.489,0.147,0.586,0.604,95.7,94.5,78.75,95,0.398
0022201080,2023-03-21,1610612759,San Antonio Spurs,1,0,1,0.0,48.0,82.9,84.0,116.5,119.0,-33.7,-35.0,0.733,1.38,16.3,0.213,0.763,0.424,0.16,0.42,0.44,101.7,100.0,83.33,100,0.267
0022201077,2023-03-21,1610612764,Washington Wizards,1,0,1,0.0,48.0,108.6,109.8,122.0,120.8,-13.4,-11.0,0.714,2.14,21.7,0.178,0.784,0.451,0.137,0.566,0.601,101.6,101.5,84.58,102,0.448
0022201090,2023-03-22,1610612737,Atlanta Hawks,1,0,1,0.0,48.0,119.2,121.6,119.3,121.4,-0.1,0.2,0.622,1.65,19.9,0.262,0.694,0.495,0.167,0.6,0.646,104.4,102.5,85.42,102,0.497
0022201087,2023-03-22,1610612741,Chicago Bulls,1,0,1,0.0,48.0,94.1,95.8,115.5,122.1,-21.4,-26.3,0.529,0.95,13.7,0.353,0.636,0.484,0.2,0.446,0.491,98.6,95.0,79.17,95,0.369
0022201086,2023-03-22,1610612742,Dallas Mavericks,1,0,1,0.0,48.0,121.0,125.0,127.1,128.3,-6.1,-3.3,0.614,2.7,19.1,0.275,0.707,0.467,0.1,0.59,0.617,101.6,99.5,82.92,100,0.448
0022201083,2023-03-22,1610612743,Denver Nuggets,1,1,0,1.0,48.0,129.3,128.3,114.2,114.3,15.1,14.0,0.667,2.8,21.2,0.293,0.705,0.506,0.109,0.596,0.64,91.1,91.5,76.25,92,0.56
0022201086,2023-03-22,1610612744,Golden State Warriors,1,1,0,1.0,48.0,127.1,128.3,121.0,125.0,6.1,3.3,0.66,2.54,22.9,0.293,0.725,0.533,0.131,0.622,0.648,101.6,99.5,82.92,99,0.552
0022201088,2023-03-22,1610612745,Houston Rockets,1,0,1,0.0,48.0,126.1,128.9,129.3,132.7,-3.2,-3.8,0.563,1.69,18.6,0.458,0.659,0.554,0.165,0.581,0.606,99.8,97.5,81.25,97,0.472
0022201085,2023-03-22,1610612754,Indiana Pacers,1,1,0,1.0,48.0,120.4,119.2,110.5,116.3,9.9,2.9,0.628,1.5,19.9,0.27,0.667,0.505,0.182,0.63,0.67,100.6,98.5,82.08,99,0.527
0022201092,2023-03-22,1610612747,Los Angeles Lakers,1,1,0,1.0,48.0,121.7,118.4,106.9,109.9,14.8,8.5,0.692,1.8,19.7,0.2,0.7,0.494,0.146,0.614,0.676,102.0,102.0,85.0,103,0.601
0022201088,2023-03-22,1610612763,Memphis Grizzlies,1,1,0,1.0,48.0,129.3,132.7,126.1,128.9,3.2,3.8,0.6,2.45,19.3,0.341,0.542,0.446,0.112,0.586,0.64,99.8,97.5,81.25,98,0.528
0022201084,2023-03-22,1610612748,Miami Heat,1,1,0,1.0,48.0,129.0,128.3,118.8,120.0,10.2,8.3,0.622,2.8,21.5,0.083,0.69,0.41,0.101,0.671,0.702,99.7,99.5,82.92,99,0.535
0022201089,2023-03-22,1610612749,Milwaukee Bucks,1,1,0,1.0,48.0,114.5,118.2,83.3,84.7,31.1,33.5,0.471,1.6,16.2,0.259,0.823,0.56,0.136,0.597,0.599,113.2,110.5,92.08,110,0.653
0022201090,2023-03-22,1610612750,Minnesota Timberwolves,1,1,0,1.0,48.0,119.3,121.4,119.2,121.6,0.1,-0.2,0.6,2.45,18.6,0.306,0.738,0.505,0.107,0.549,0.597,104.4,102.5,85.42,103,0.503
0022201084,2023-03-22,1610612752,New York Knicks,1,0,1,0.0,48.0,118.8,120.0,129.0,128.3,-10.2,-8.3,0.69,1.71,20.4,0.31,0.917,0.59,0.17,0.61,0.645,99.7,99.5,82.92,100,0.465
0022201087,2023-03-22,1610612755,Philadelphia 76ers,1,1,0,1.0,48.0,115.5,122.1,94.1,95.8,21.4,26.3,0.769,1.67,21.3,0.364,0.647,0.516,0.189,0.573,0.621,98.6,95.0,79.17,95,0.631
0022201092,2023-03-22,1610612756,Phoenix Suns,1,0,1,0.0,48.0,106.9,109.9,121.7,118.4,-14.8,-8.5,0.548,1.35,16.5,0.3,0.8,0.506,0.168,0.533,0.562,102.0,102.0,85.0,101,0.399
0022201091,2023-03-22,1610612757,Portland Trail Blazers,1,1,0,1.0,48.0,117.4,119.8,106.6,108.5,10.7,11.3,0.622,3.11,19.9,0.18,0.833,0.5,0.085,0.554,0.598,108.0,106.0,88.33,106,0.548
0022201089,2023-03-22,1610612759,San Antonio Spurs,1,0,1,0.0,48.0,83.3,84.7,114.5,118.2,-31.1,-33.5,0.722,1.37,17.6,0.177,0.741,0.44,0.171,0.435,0.462,113.2,110.5,92.08,111,0.347
0022201085,2023-03-22,1610612761,Toronto Raptors,1,0,1,0.0,48.0,110.5,116.3,120.4,119.2,-9.9,-2.9,0.538,2.1,15.3,0.333,0.73,0.495,0.102,0.478,0.537,100.6,98.5,82.08,98,0.473
0022201091,2023-03-22,1610612762,Utah Jazz,1,0,1,0.0,48.0,106.6,108.5,117.4,119.8,-10.7,-11.3,0.615,1.41,17.5,0.167,0.82,0.5,0.16,0.543,0.588,108.0,106.0,88.33,106,0.452
0022201083,2023-03-22,1610612764,Washington Wizards,1,0,1,0.0,48.0,114.2,114.3,129.3,128.3,-15.1,-14.0,0.455,2.86,16.1,0.295,0.707,0.494,0.077,0.529,0.553,91.1,91.5,76.25,91,0.44
0022201094,2023-03-23,1610612751,Brooklyn Nets,1,0,1,0.0,48.0,114.1,117.5,119.0,119.6,-4.9,-2.1,0.615,1.5,17.6,0.341,0.68,0.521,0.165,0.556,0.614,98.7,97.0,80.83,97,0.51
0022201095,2023-03-23,1610612766,Charlotte Hornets,1,0,1,0.0,48.0,93.2,95.0,109.9,111.7,-16.8,-16.6,0.632,1.41,18.5,0.106,0.717,0.43,0.168,0.512,0.533,103.8,102.0,85.0,101,0.407
0022201094,2023-03-23,1610612739,Cleveland Cavaliers,1,1,0,1.0,48.0,119.0,119.6,114.1,117.5,4.9,2.1,0.571,2.4,17.6,0.32,0.659,0.479,0.103,0.539,0.577,98.7,97.0,80.83,97,0.49
0022201096,2023-03-23,1610612746,LA Clippers,1,1,0,1.0,48.0,127.3,132.3,106.2,108.2,21.0,24.0,0.723,2.27,23.9,0.308,0.66,0.511,0.156,0.667,0.684,99.3,96.5,80.42,96,0.635
0022201095,2023-03-23,1610612740,New Orleans Pelicans,1,1,0,1.0,48.0,109.9,111.7,93.2,95.0,16.8,16.6,0.578,2.36,18.2,0.283,0.894,0.57,0.107,0.515,0.55,103.8,102.0,85.0,103,0.593
0022201093,2023-03-23,1610612752,New York Knicks,1,0,1,0.0,48.0,106.6,108.2,106.5,111.0,0.1,-2.8,0.703,2.0,18.7,0.288,0.74,0.51,0.133,0.489,0.533,101.8,99.0,82.5,98,0.487
0022201096,2023-03-23,1610612760,Oklahoma City Thunder,1,0,1,0.0,48.0,106.2,108.2,127.3,132.3,-21.0,-24.0,0.585,1.71,17.3,0.34,0.692,0.489,0.144,0.511,0.537,99.3,96.5,80.42,97,0.365
0022201093,2023-03-23,1610612753,Orlando Magic,1,1,0,1.0,48.0,106.5,111.0,106.6,108.2,-0.1,2.8,0.625,1.56,18.1,0.26,0.712,0.49,0.16,0.534,0.577,101.8,99.0,82.5,100,0.513
0022201097,2023-03-24,1610612738,Boston Celtics,1,1,0,1.0,48.0,111.8,115.4,90.8,91.3,21.0,24.0,0.636,1.87,19.6,0.231,0.837,0.525,0.144,0.57,0.592,106.0,104.0,86.67,104,0.593
0022201101,2023-03-24,1610612766,Charlotte Hornets,1,1,0,1.0,48.0,113.7,115.8,110.6,110.1,3.1,5.7,0.744,4.0,22.4,0.2,0.844,0.505,0.079,0.545,0.58,100.7,100.0,83.33,101,0.542
0022201104,2023-03-24,1610612741,Chicago Bulls,1,1,0,1.0,48.0,129.0,126.5,96.1,100.0,32.9,26.5,0.688,1.94,23.1,0.324,0.76,0.575,0.173,0.673,0.688,98.0,97.0,80.83,98,0.627
0022201101,2023-03-24,1610612742,Dallas Mavericks,1,0,1,0.0,48.0,110.6,110.1,113.7,115.8,-3.1,-5.7,0.61,2.27,19.1,0.156,0.8,0.495,0.111,0.542,0.576,100.7,100.0,83.33,99,0.458
0022201099,2023-03-24,1610612765,Detroit Pistons,1,0,1,0.0,48.0,96.8,102.1,117.1,121.6,-20.3,-19.5,0.676,1.05,17.8,0.262,0.585,0.442,0.232,0.507,0.563,100.5,96.0,80.0,95,0.427
0022201103,2023-03-24,1610612744,Golden State Warriors,1,1,0,1.0,48.0,120.5,120.0,113.2,110.9,7.4,9.1,0.643,2.45,19.6,0.224,0.907,0.543,0.11,0.58,0.609,99.3,100.5,83.75,100,0.515
0022201100,2023-03-24,1610612745,Houston Rockets,1,0,1,0.0,48.0,111.5,110.7,143.6,148.0,-32.1,-37.4,0.532,1.56,18.0,0.25,0.763,0.488,0.155,0.58,0.592,103.7,102.5,85.42,103,0.38
0022201097,2023-03-24,1610612754,Indiana Pacers,1,0,1,0.0,48.0,90.8,91.3,111.8,115.4,-21.0,-24.0,0.615,1.41,17.6,0.163,0.769,0.475,0.163,0.488,0.507,106.0,104.0,86.67,104,0.407
0022201106,2023-03-24,1610612747,Los Angeles Lakers,1,1,0,1.0,48.0,118.0,119.6,112.9,113.3,5.1,6.3,0.476,1.82,14.8,0.346,0.731,0.538,0.113,0.527,0.561,98.3,97.5,81.25,97,0.533
0022201100,2023-03-24,1610612763,Memphis Grizzlies,1,1,0,1.0,48.0,143.6,148.0,111.5,110.7,32.1,37.4,0.632,3.27,24.5,0.237,0.75,0.512,0.108,0.747,0.761,103.7,102.5,85.42,102,0.62
0022201102,2023-03-24,1610612749,Milwaukee Bucks,1,1,0,1.0,48.0,130.9,132.1,105.5,107.4,25.4,24.7,0.764,3.23,25.6,0.277,0.667,0.509,0.119,0.667,0.679,110.0,108.5,90.42,109,0.632
0022201106,2023-03-24,1610612760,Oklahoma City Thunder,1,0,1,0.0,48.0,112.9,113.3,118.0,119.6,-5.1,-6.3,0.525,2.1,15.9,0.269,0.654,0.462,0.102,0.511,0.553,98.3,97.5,81.25,98,0.467
0022201103,2023-03-24,1610612755,Philadelphia 76ers,1,0,1,0.0,48.0,113.2,110.9,120.5,120.0,-7.4,-9.1,0.605,2.3,18.0,0.093,0.776,0.457,0.099,0.538,0.602,99.3,100.5,83.75,101,0.485
0022201105,2023-03-24,1610612756,Phoenix Suns,1,0,1,0.0,48.0,124.8,128.3,132.2,139.2,-7.4,-10.9,0.688,2.75,22.1,0.37,0.767,0.562,0.121,0.59,0.624,101.9,98.0,81.67,99,0.477
0022201104,2023-03-24,1610612757,Portland Trail Blazers,1,0,1,0.0,48.0,96.1,100.0,129.0,126.5,-32.9,-26.5,0.622,1.64,17.6,0.24,0.676,0.425,0.146,0.465,0.511,98.0,97.0,80.83,96,0.373
0022201105,2023-03-24,1610612758,Sacramento Kings,1,1,0,1.0,48.0,132.2,139.2,124.8,128.3,7.4,10.9,0.617,7.25,21.3,0.233,0.63,0.438,0.041,0.601,0.655,101.9,98.0,81.67,97,0.523
0022201098,2023-03-24,1610612759,San Antonio Spurs,1,0,1,0.0,48.0,122.0,124.0,135.4,138.8,-13.4,-14.8,0.686,7.0,23.3,0.283,0.821,0.511,0.05,0.569,0.576,101.0,99.0,82.5,100,0.45
0022201099,2023-03-24,1610612761,Toronto Raptors,1,1,0,1.0,48.0,117.1,121.6,96.8,102.1,20.3,19.5,0.61,2.27,17.4,0.415,0.738,0.558,0.113,0.516,0.563,100.5,96.0,80.0,97,0.573
0022201102,2023-03-24,1610612762,Utah Jazz,1,0,1,0.0,48.0,105.5,107.4,130.9,132.1,-25.4,-24.7,0.7,2.55,17.6,0.333,0.723,0.491,0.102,0.438,0.488,110.0,108.5,90.42,108,0.368
0022201098,2023-03-24,1610612764,Washington Wizards,1,1,0,1.0,48.0,135.4,138.8,122.0,124.0,13.4,14.8,0.569,2.9,21.6,0.179,0.717,0.489,0.102,0.688,0.705,101.0,99.0,82.5,98,0.55
0022201107,2023-03-25,1610612737,Atlanta Hawks,1,1,0,1.0,48.0,136.2,140.2,120.1,127.5,16.1,12.7,0.623,2.54,21.2,0.488,0.636,0.563,0.127,0.63,0.668,106.6,102.0,85.0,102,0.555
0022201108,2023-03-25,1610612751,Brooklyn Nets,1,1,0,1.0,48.0,141.8,146.6,108.5,113.6,33.3,33.0,0.682,3.75,21.7,0.435,0.674,0.551,0.091,0.596,0.645,91.6,88.0,73.33,88,0.622
0022201109,2023-03-25,1610612743,Denver Nuggets,1,1,0,1.0,48.0,121.3,125.2,102.7,101.9,18.7,23.3,0.596,2.33,20.0,0.196,0.88,0.552,0.117,0.612,0.637,104.8,103.5,86.25,103,0.564
0022201107,2023-03-25,1610612754,Indiana Pacers,1,0,1,0.0,48.0,120.1,127.5,136.2,140.2,-16.1,-12.7,0.635,1.94,22.0,0.364,0.512,0.437,0.167,0.615,0.642,106.6,102.0,85.0,102,0.445
0022201112,2023-03-25,1610612746,LA Clippers,1,0,1,0.0,48.0,107.6,107.8,126.0,129.7,-18.4,-21.9,0.744,1.45,21.5,0.103,0.644,0.393,0.196,0.62,0.653,103.1,101.5,84.58,102,0.441
0022201108,2023-03-25,1610612748,Miami Heat,1,0,1,0.0,48.0,108.5,113.6,141.8,146.6,-33.3,-33.0,0.579,1.57,17.9,0.326,0.565,0.449,0.159,0.55,0.58,91.6,88.0,73.33,88,0.378
0022201109,2023-03-25,1610612749,Milwaukee Bucks,1,0,1,0.0,48.0,102.7,101.9,121.3,125.2,-18.7,-23.3,0.667,2.6,19.1,0.12,0.804,0.448,0.096,0.494,0.545,104.8,103.5,86.25,104,0.436
0022201112,2023-03-25,1610612740,New Orleans Pelicans,1,1,0,1.0,48.0,126.0,129.7,107.6,107.8,18.4,21.9,0.706,2.25,23.5,0.356,0.897,0.607,0.158,0.641,0.655,103.1,101.5,84.58,101,0.559
0022201110,2023-03-25,1610612755,Philadelphia 76ers,1,0,1,0.0,48.0,110.7,111.7,129.7,135.9,-19.1,-24.2,0.618,1.62,16.9,0.261,0.638,0.452,0.138,0.519,0.584,95.6,93.0,77.5,94,0.409
0022201110,2023-03-25,1610612756,Phoenix Suns,1,1,0,1.0,48.0,129.7,135.9,110.7,111.7,19.1,24.2,0.745,4.38,24.3,0.362,0.739,0.548,0.087,0.586,0.617,95.6,93.0,77.5,92,0.591
0022201111,2023-03-25,1610612758,Sacramento Kings,1,1,0,1.0,48.0,121.9,121.0,108.6,113.0,13.3,8.0,0.682,3.33,20.7,0.308,0.681,0.485,0.09,0.547,0.58,101.6,100.0,83.33,100,0.527
0022201111,2023-03-25,1610612762,Utah Jazz,1,0,1,0.0,48.0,108.6,113.0,121.9,121.0,-13.3,-8.0,0.638,1.76,20.8,0.319,0.692,0.515,0.17,0.566,0.576,101.6,100.0,83.33,100,0.473
0022201115,2023-03-26,1610612737,Atlanta Hawks,1,0,1,0.0,48.0,112.9,116.7,120.2,121.8,-7.3,-5.1,0.6,2.7,18.2,0.352,0.818,0.561,0.098,0.495,0.544,103.9,101.5,84.58,102,0.483
0022201116,2023-03-26,1610612738,Boston Celtics,1,1,0,1.0,48.0,129.0,128.0,83.1,85.3,45.9,42.7,0.558,1.93,20.0,0.2,0.892,0.609,0.14,0.67,0.683,109.1,108.0,90.0,107,0.698
0022201118,2023-03-26,1610612751,Brooklyn Nets,1,0,1,0.0,48.0,102.6,106.0,119.8,119.0,-17.2,-13.0,0.459,1.13,12.5,0.333,0.738,0.505,0.15,0.451,0.513,101.3,100.0,83.33,100,0.388
0022201113,2023-03-26,1610612766,Charlotte Hornets,1,1,0,1.0,48.0,111.6,112.2,105.4,105.1,6.2,7.2,0.692,1.93,19.3,0.3,0.865,0.588,0.143,0.511,0.558,98.6,98.5,82.08,98,0.567
0022201114,2023-03-26,1610612741,Chicago Bulls,1,1,0,1.0,48.0,125.9,122.9,111.0,114.9,14.9,8.0,0.681,3.56,23.0,0.262,0.791,0.529,0.094,0.621,0.636,95.5,95.0,79.17,96,0.573
0022201117,2023-03-26,1610612739,Cleveland Cavaliers,1,1,0,1.0,48.0,118.0,117.4,95.9,100.0,22.1,17.4,0.513,1.82,15.7,0.356,0.652,0.505,0.12,0.524,0.577,93.2,91.5,76.25,92,0.624
0022201113,2023-03-26,1610612742,Dallas Mavericks,1,0,1,0.0,48.0,105.4,105.1,111.6,112.2,-6.2,-7.2,0.563,2.25,14.8,0.135,0.7,0.412,0.081,0.494,0.555,98.6,98.5,82.08,99,0.433
0022201121,2023-03-26,1610612744,Golden State Warriors,1,0,1,0.0,48.0,96.5,96.0,100.0,99.0,-3.5,-3.0,0.735,1.56,18.8,0.163,0.74,0.455,0.16,0.506,0.536,99.2,100.0,83.33,100,0.477
0022201117,2023-03-26,1610612745,Houston Rockets,1,0,1,0.0,48.0,95.9,100.0,118.0,117.4,-22.1,-17.4,0.571,1.05,15.7,0.348,0.644,0.495,0.209,0.475,0.518,93.2,91.5,76.25,91,0.376
0022201114,2023-03-26,1610612747,Los Angeles Lakers,1,0,1,0.0,48.0,111.0,114.9,125.9,122.9,-14.9,-8.0,0.632,1.33,18.9,0.209,0.738,0.471,0.191,0.593,0.618,95.5,95.0,79.17,94,0.427
0022201115,2023-03-26,1610612763,Memphis Grizzlies,1,1,0,1.0,48.0,120.2,121.8,112.9,116.7,7.3,5.1,0.583,2.55,20.4,0.182,0.648,0.439,0.109,0.612,0.632,103.9,101.5,84.58,101,0.517
0022201121,2023-03-26,1610612750,Minnesota Timberwolves,1,1,0,1.0,48.0,100.0,99.0,96.5,96.0,3.5,3.0,0.735,1.47,18.1,0.26,0.837,0.545,0.17,0.531,0.544,99.2,100.0,83.33,100,0.523
0022201120,2023-03-26,1610612760,Oklahoma City Thunder,1,1,0,1.0,48.0,113.1,116.8,107.8,109.8,5.3,7.0,0.561,2.09,16.3,0.315,0.727,0.5,0.109,0.5,0.555,104.1,101.5,84.58,101,0.559
0022201118,2023-03-26,1610612753,Orlando Magic,1,1,0,1.0,48.0,119.8,119.0,102.6,106.0,17.2,13.0,0.667,2.73,21.3,0.262,0.667,0.495,0.11,0.571,0.611,101.3,100.0,83.33,100,0.612
0022201120,2023-03-26,1610612757,Portland Trail Blazers,1,0,1,0.0,48.0,107.8,109.8,113.1,116.8,-5.3,-7.0,0.462,1.0,13.7,0.273,0.685,0.5,0.176,0.561,0.597,104.1,101.5,84.58,102,0.441
0022201116,2023-03-26,1610612759,San Antonio Spurs,1,0,1,0.0,48.0,83.1,85.3,129.0,128.0,-45.9,-42.7,0.611,2.2,16.1,0.108,0.8,0.391,0.092,0.412,0.443,109.1,108.0,90.0,109,0.302
0022201119,2023-03-26,1610612761,Toronto Raptors,1,1,0,1.0,48.0,114.0,115.2,103.2,104.0,10.8,11.2,0.489,1.69,15.6,0.37,0.712,0.538,0.131,0.515,0.543,100.4,99.5,82.92,99,0.548
0022201119,2023-03-26,1610612764,Washington Wizards,1,0,1,0.0,48.0,103.2,104.0,114.0,115.2,-10.8,-11.2,0.658,1.39,18.0,0.288,0.63,0.462,0.18,0.535,0.549,100.4,99.5,82.92,100,0.452
0022201129,2023-03-27,1610612741,Chicago Bulls,1,0,1,0.0,48.0,114.0,115.5,124.0,126.5,-9.9,-11.1,0.591,1.73,19.5,0.244,0.737,0.481,0.155,0.591,0.614,99.1,97.5,81.25,97,0.446
0022201123,2023-03-27,1610612742,Dallas Mavericks,1,1,0,1.0,48.0,127.7,129.6,100.9,106.1,26.8,23.5,0.617,2.23,21.6,0.189,0.607,0.441,0.133,0.675,0.702,101.3,98.0,81.67,98,0.622
0022201126,2023-03-27,1610612743,Denver Nuggets,1,1,0,1.0,48.0,120.0,118.4,112.5,114.4,7.5,3.9,0.791,2.83,23.8,0.286,0.729,0.522,0.122,0.571,0.613,97.7,97.5,81.25,98,0.571
0022201122,2023-03-27,1610612765,Detroit Pistons,1,0,1,0.0,48.0,112.7,118.2,125.4,124.8,-12.8,-6.6,0.537,2.2,15.7,0.352,0.66,0.505,0.101,0.484,0.542,102.1,100.0,83.33,99,0.447
0022201124,2023-03-27,1610612745,Houston Rockets,1,0,1,0.0,48.0,114.1,115.0,133.9,134.3,-19.8,-19.3,0.571,1.71,17.4,0.286,0.8,0.517,0.14,0.523,0.576,101.5,101.0,84.17,100,0.4
0022201123,2023-03-27,1610612754,Indiana Pacers,1,0,1,0.0,48.0,100.9,106.1,127.7,129.6,-26.8,-23.5,0.513,1.43,14.3,0.393,0.811,0.559,0.143,0.462,0.504,101.3,98.0,81.67,98,0.378
0022201129,2023-03-27,1610612746,LA Clippers,1,1,0,1.0,48.0,124.0,126.5,114.0,115.5,9.9,11.1,0.854,2.28,27.5,0.263,0.756,0.519,0.184,0.716,0.704,99.1,97.5,81.25,98,0.554
0022201122,2023-03-27,1610612749,Milwaukee Bucks,1,1,0,1.0,48.0,125.4,124.8,112.7,118.2,12.8,6.6,0.622,3.11,19.2,0.34,0.648,0.495,0.089,0.547,0.592,102.1,100.0,83.33,101,0.553
0022201128,2023-03-27,1610612750,Minnesota Timberwolves,1,1,0,1.0,48.0,124.0,124.0,115.5,119.8,8.5,4.2,0.75,5.5,22.9,0.333,0.646,0.495,0.063,0.564,0.589,97.8,96.0,80.0,96,0.552
0022201127,2023-03-27,1610612740,New Orleans Pelicans,1,1,0,1.0,48.0,121.0,124.0,87.7,90.9,33.3,33.1,0.633,1.82,21.8,0.324,0.804,0.613,0.17,0.64,0.663,102.5,99.5,82.92,100,0.724
0022201124,2023-03-27,1610612752,New York Knicks,1,1,0,1.0,48.0,133.9,134.3,114.1,115.0,19.8,19.3,0.7,3.18,24.1,0.2,0.714,0.483,0.108,0.68,0.697,101.5,101.0,84.17,102,0.6
0022201126,2023-03-27,1610612755,Philadelphia 76ers,1,0,1,0.0,48.0,112.5,114.4,120.0,118.4,-7.5,-3.9,0.419,1.64,14.1,0.271,0.714,0.478,0.113,0.528,0.562,97.7,97.5,81.25,97,0.429
0022201125,2023-03-27,1610612756,Phoenix Suns,1,1,0,1.0,48.0,117.4,120.6,102.1,105.1,15.3,15.5,0.721,4.43,20.8,0.356,0.667,0.5,0.072,0.48,0.529,100.3,97.5,81.25,97,0.563
0022201127,2023-03-27,1610612757,Portland Trail Blazers,1,0,1,0.0,48.0,87.7,90.9,121.0,124.0,-33.3,-33.1,0.429,1.25,12.1,0.196,0.676,0.387,0.121,0.428,0.466,102.5,99.5,82.92,99,0.276
0022201128,2023-03-27,1610612758,Sacramento Kings,1,0,1,0.0,48.0,115.5,119.8,124.0,124.0,-8.5,-4.2,0.41,1.6,12.4,0.354,0.667,0.505,0.104,0.494,0.566,97.8,96.0,80.0,96,0.448
0022201125,2023-03-27,1610612762,Utah Jazz,1,0,1,0.0,48.0,102.1,105.1,117.4,120.6,-15.3,-15.5,0.658,1.92,18.0,0.333,0.644,0.5,0.133,0.494,0.526,100.3,97.5,81.25,98,0.437
0022201131,2023-03-28,1610612737,Atlanta Hawks,1,1,0,1.0,48.0,114.8,120.0,117.2,118.0,-2.4,2.0,0.61,1.67,17.4,0.373,0.74,0.554,0.15,0.528,0.58,102.6,100.0,83.33,100,0.533
0022201130,2023-03-28,1610612738,Boston Celtics,1,0,1,0.0,48.0,107.9,108.8,118.5,128.7,-10.5,-19.9,0.644,2.42,20.4,0.229,0.681,0.453,0.118,0.543,0.567,106.3,101.5,84.58,102,0.439
0022201134,2023-03-28,1610612766,Charlotte Hornets,1,1,0,1.0,48.0,124.3,124.5,118.8,120.7,5.5,3.8,0.654,1.89,21.4,0.313,0.776,0.546,0.164,0.628,0.639,111.5,110.5,92.08,110,0.514
0022201131,2023-03-28,1610612739,Cleveland Cavaliers,1,0,1,0.0,48.0,117.2,118.0,114.8,120.0,2.4,-2.0,0.426,2.5,15.0,0.26,0.627,0.446,0.08,0.554,0.575,102.6,100.0,83.33,100,0.467
0022201135,2023-03-28,1610612744,Golden State Warriors,1,1,0,1.0,48.0,120.4,118.8,104.6,109.0,15.7,9.8,0.744,1.68,22.1,0.279,0.688,0.495,0.188,0.634,0.654,101.9,100.5,83.75,101,0.551
0022201133,2023-03-28,1610612763,Memphis Grizzlies,1,1,0,1.0,48.0,104.5,105.6,94.2,101.9,10.3,3.7,0.619,1.53,18.1,0.235,0.733,0.505,0.159,0.545,0.576,111.4,106.5,88.75,107,0.542
0022201132,2023-03-28,1610612748,Miami Heat,1,0,1,0.0,48.0,99.6,100.0,116.5,116.5,-16.9,-16.5,0.563,1.13,14.4,0.313,0.673,0.495,0.174,0.463,0.521,91.7,91.5,76.25,92,0.403
0022201135,2023-03-28,1610612740,New Orleans Pelicans,1,0,1,0.0,48.0,104.6,109.0,120.4,118.8,-15.7,-9.8,0.714,1.58,20.7,0.313,0.721,0.505,0.19,0.533,0.567,101.9,100.5,83.75,100,0.449
0022201134,2023-03-28,1610612760,Oklahoma City Thunder,1,0,1,0.0,48.0,118.8,120.7,124.3,124.5,-5.5,-3.8,0.5,2.27,17.1,0.224,0.688,0.454,0.099,0.578,0.616,111.5,110.5,92.08,111,0.486
0022201133,2023-03-28,1610612753,Orlando Magic,1,0,1,0.0,48.0,94.2,101.9,104.5,105.6,-10.3,-3.7,0.585,1.5,16.6,0.267,0.765,0.495,0.151,0.48,0.507,111.4,106.5,88.75,106,0.458
0022201132,2023-03-28,1610612761,Toronto Raptors,1,1,0,1.0,48.0,116.5,116.5,99.6,100.0,16.9,16.5,0.711,3.56,23.0,0.327,0.688,0.505,0.099,0.527,0.547,91.7,91.5,76.25,91,0.597
0022201130,2023-03-28,1610612764,Washington Wizards,1,1,0,1.0,48.0,118.5,128.7,107.9,108.8,10.5,19.9,0.611,3.0,22.1,0.319,0.771,0.547,0.109,0.611,0.621,106.3,101.5,84.58,101,0.561
0022201137,2023-03-29,1610612751,Brooklyn Nets,1,1,0,1.0,48.0,125.7,126.8,117.2,116.3,8.4,10.5,0.75,2.75,23.7,0.209,0.607,0.434,0.124,0.64,0.655,97.6,97.5,81.25,97,0.557
0022201140,2023-03-29,1610612741,Chicago Bulls,1,0,1,0.0,48.0,108.1,111.1,118.4,123.5,-10.3,-12.4,0.689,2.21,22.3,0.205,0.605,0.402,0.141,0.563,0.587,102.0,98.5,82.08,99,0.465
0022201139,2023-03-29,1610612742,Dallas Mavericks,1,0,1,0.0,48.0,111.4,116.1,124.5,124.7,-13.0,-8.6,0.632,1.71,18.6,0.261,0.696,0.478,0.151,0.566,0.594,95.1,93.0,77.5,93,0.438
0022201142,2023-03-29,1610612765,Detroit Pistons,1,0,1,0.0,48.0,112.6,112.8,109.2,113.8,3.4,-1.1,0.675,1.5,20.3,0.286,0.714,0.516,0.191,0.6,0.615,96.1,94.0,78.33,94,0.509
0022201137,2023-03-29,1610612745,Houston Rockets,1,0,1,0.0,48.0,117.2,116.3,125.7,126.8,-8.4,-10.5,0.457,2.1,15.0,0.393,0.791,0.566,0.102,0.515,0.532,97.6,97.5,81.25,98,0.443
0022201136,2023-03-29,1610612754,Indiana Pacers,1,0,1,0.0,48.0,125.1,124.8,134.0,138.0,-8.9,-13.2,0.679,4.5,23.2,0.196,0.579,0.36,0.073,0.594,0.614,109.9,108.5,90.42,109,0.444
0022201141,2023-03-29,1610612746,LA Clippers,1,1,0,1.0,48.0,134.7,133.0,124.2,123.4,10.6,9.7,0.583,1.75,20.4,0.083,0.653,0.412,0.151,0.756,0.769,105.5,106.5,88.75,106,0.524
0022201140,2023-03-29,1610612747,Los Angeles Lakers,1,1,0,1.0,48.0,118.4,123.5,108.1,111.1,10.3,12.4,0.489,1.38,16.1,0.395,0.795,0.598,0.163,0.564,0.61,102.0,98.5,82.08,98,0.535
0022201141,2023-03-29,1610612763,Memphis Grizzlies,1,0,1,0.0,48.0,124.2,123.4,134.7,133.0,-10.6,-9.7,0.531,2.0,17.7,0.347,0.917,0.588,0.121,0.574,0.615,105.5,106.5,88.75,107,0.476
0022201138,2023-03-29,1610612748,Miami Heat,1,0,1,0.0,48.0,102.0,100.0,108.5,111.0,-6.4,-11.0,0.571,1.82,16.7,0.174,0.744,0.449,0.12,0.525,0.54,91.6,91.5,76.25,92,0.425
0022201136,2023-03-29,1610612749,Milwaukee Bucks,1,1,0,1.0,48.0,134.0,138.0,125.1,124.8,8.9,13.2,0.483,1.47,18.4,0.421,0.804,0.64,0.176,0.677,0.702,109.9,108.5,90.42,108,0.556
0022201144,2023-03-29,1610612750,Minnesota Timberwolves,1,0,1,0.0,48.0,99.7,101.0,106.1,108.1,-6.3,-7.1,0.6,1.14,16.9,0.358,0.695,0.536,0.212,0.511,0.525,100.6,99.0,82.5,99,0.436
0022201138,2023-03-29,1610612752,New York Knicks,1,1,0,1.0,48.0,108.5,111.0,102.0,100.0,6.4,11.0,0.579,1.38,17.7,0.256,0.826,0.551,0.176,0.586,0.586,91.6,91.5,76.25,91,0.575
0022201142,2023-03-29,1610612760,Oklahoma City Thunder,1,1,0,1.0,48.0,109.2,113.8,112.6,112.8,-3.4,1.1,0.487,1.9,15.0,0.286,0.714,0.484,0.106,0.506,0.546,96.1,94.0,78.33,94,0.491
0022201139,2023-03-29,1610612755,Philadelphia 76ers,1,1,0,1.0,48.0,124.5,124.7,111.4,116.1,13.0,8.6,0.703,2.36,19.5,0.304,0.739,0.522,0.118,0.569,0.622,95.1,93.0,77.5,93,0.563
0022201144,2023-03-29,1610612756,Phoenix Suns,1,1,0,1.0,48.0,106.1,108.1,99.7,101.0,6.3,7.1,0.575,2.88,16.4,0.305,0.642,0.464,0.081,0.448,0.496,100.6,99.0,82.5,99,0.564
0022201145,2023-03-29,1610612757,Portland Trail Blazers,1,0,1,0.0,48.0,76.7,77.7,117.0,116.5,-40.3,-38.8,0.6,1.29,13.7,0.172,0.75,0.431,0.136,0.371,0.407,103.4,103.0,85.83,103,0.281
0022201145,2023-03-29,1610612758,Sacramento Kings,1,1,0,1.0,48.0,117.0,116.5,76.7,77.7,40.3,38.8,0.714,3.0,20.7,0.25,0.828,0.569,0.097,0.554,0.585,103.4,103.0,85.83,103,0.719
0022201143,2023-03-29,1610612759,San Antonio Spurs,1,0,1,0.0,48.0,106.1,108.3,119.9,119.6,-13.7,-11.3,0.689,2.07,20.4,0.269,0.786,0.5,0.139,0.526,0.561,108.5,107.5,89.58,108,0.459
0022201143,2023-03-29,1610612762,Utah Jazz,1,1,0,1.0,48.0,119.9,119.6,106.1,108.3,13.7,11.3,0.571,1.75,19.4,0.214,0.731,0.5,0.15,0.611,0.648,108.5,107.5,89.58,107,0.541
0022201146,2023-03-30,1610612738,Boston Celtics,1,1,0,1.0,48.0,137.5,141.4,94.5,98.0,43.0,43.4,0.549,3.11,20.4,0.238,0.662,0.495,0.091,0.681,0.701,103.3,100.0,83.33,99,0.693
0022201147,2023-03-30,1610612743,Denver Nuggets,1,0,1,0.0,48.0,94.5,95.7,114.2,116.3,-19.7,-20.7,0.656,2.1,16.4,0.278,0.75,0.49,0.109,0.425,0.468,93.4,92.0,76.67,92,0.382
0022201146,2023-03-30,1610612749,Milwaukee Bucks,1,0,1,0.0,48.0,94.5,98.0,137.5,141.4,-43.0,-43.4,0.579,1.69,15.3,0.338,0.762,0.505,0.129,0.446,0.464,103.3,100.0,83.33,101,0.307
0022201147,2023-03-30,1610612740,New Orleans Pelicans,1,1,0,1.0,48.0,114.2,116.3,94.5,95.7,19.7,20.7,0.579,1.83,17.6,0.25,0.722,0.51,0.13,0.556,0.597,93.4,92.0,76.67,92,0.618
0022201153,2023-03-31,1610612737,Atlanta Hawks,1,0,1,0.0,48.0,111.3,111.5,126.9,130.5,-15.6,-19.1,0.59,2.09,16.8,0.37,0.75,0.532,0.115,0.473,0.529,96.9,95.5,79.58,96,0.42
0022201152,2023-03-31,1610612738,Boston Celtics,1,1,0,1.0,48.0,113.3,117.3,106.4,109.6,6.9,7.7,0.643,2.25,18.6,0.255,0.686,0.462,0.115,0.526,0.577,107.4,104.0,86.67,104,0.528
0022201153,2023-03-31,1610612751,Brooklyn Nets,1,1,0,1.0,48.0,126.9,130.5,111.3,111.5,15.6,19.1,0.673,2.54,23.9,0.25,0.63,0.468,0.137,0.642,0.662,96.9,95.5,79.58,95,0.58
0022201148,2023-03-31,1610612766,Charlotte Hornets,1,0,1,0.0,48.0,91.5,94.8,126.5,126.0,-34.9,-31.3,0.771,1.23,20.6,0.205,0.778,0.494,0.229,0.545,0.559,97.5,96.0,80.0,96,0.348
0022201148,2023-03-31,1610612741,Chicago Bulls,1,1,0,1.0,48.0,126.5,126.0,91.5,94.8,34.9,31.3,0.556,3.57,19.1,0.222,0.795,0.506,0.073,0.585,0.619,97.5,96.0,80.0,96,0.653
0022201154,2023-03-31,1610612739,Cleveland Cavaliers,1,0,1,0.0,48.0,117.5,123.4,133.3,136.8,-15.7,-13.4,0.75,3.3,24.4,0.186,0.62,0.419,0.106,0.61,0.632,98.1,94.5,78.75,94,0.468
0022201160,2023-03-31,1610612743,Denver Nuggets,1,0,1,0.0,48.0,93.2,94.9,99.8,102.0,-6.6,-7.1,0.5,1.73,14.2,0.3,0.685,0.482,0.112,0.432,0.448,100.0,98.0,81.67,98,0.442
0022201155,2023-03-31,1610612765,Detroit Pistons,1,0,1,0.0,48.0,115.1,116.2,120.0,119.8,-4.9,-3.6,0.558,2.0,17.4,0.314,0.612,0.46,0.121,0.545,0.57,100.3,100.0,83.33,99,0.474
0022201158,2023-03-31,1610612744,Golden State Warriors,1,1,0,1.0,48.0,125.9,131.3,112.6,115.0,13.3,16.3,0.787,2.47,24.2,0.333,0.66,0.5,0.152,0.618,0.636,102.7,99.5,82.92,99,0.559
0022201155,2023-03-31,1610612745,Houston Rockets,1,1,0,1.0,48.0,120.0,119.8,115.1,116.2,4.9,3.6,0.474,1.5,13.1,0.388,0.686,0.54,0.119,0.524,0.589,100.3,100.0,83.33,101,0.526
0022201149,2023-03-31,1610612754,Indiana Pacers,1,1,0,1.0,48.0,113.8,115.2,113.6,111.4,0.2,3.8,0.667,1.88,18.9,0.414,0.735,0.561,0.152,0.52,0.548,104.6,105.0,87.5,105,0.505
0022201156,2023-03-31,1610612746,LA Clippers,1,0,1,0.0,48.0,90.5,90.4,101.4,102.9,-11.0,-12.5,0.765,1.44,18.2,0.228,0.75,0.487,0.173,0.439,0.48,105.2,104.5,87.08,104,0.44
0022201157,2023-03-31,1610612747,Los Angeles Lakers,1,1,0,1.0,48.0,118.0,116.0,103.4,106.7,14.7,9.3,0.622,1.75,18.4,0.383,0.764,0.588,0.151,0.55,0.596,105.8,105.0,87.5,106,0.592
0022201156,2023-03-31,1610612763,Memphis Grizzlies,1,1,0,1.0,48.0,101.4,102.9,90.5,90.4,11.0,12.5,0.581,1.67,17.5,0.25,0.772,0.513,0.143,0.495,0.522,105.2,104.5,87.08,105,0.56
0022201157,2023-03-31,1610612750,Minnesota Timberwolves,1,0,1,0.0,48.0,103.4,106.7,118.0,116.0,-14.7,-9.3,0.61,1.56,17.6,0.236,0.617,0.412,0.154,0.5,0.537,105.8,105.0,87.5,104,0.408
0022201154,2023-03-31,1610612752,New York Knicks,1,1,0,1.0,48.0,133.3,136.8,117.5,123.4,15.7,13.4,0.49,2.4,17.6,0.38,0.814,0.581,0.105,0.618,0.628,98.1,94.5,78.75,95,0.532
0022201149,2023-03-31,1610612760,Oklahoma City Thunder,1,0,1,0.0,48.0,113.6,111.4,113.8,115.2,-0.2,-3.8,0.5,1.91,15.1,0.265,0.586,0.439,0.105,0.5,0.568,104.6,105.0,87.5,105,0.495
0022201151,2023-03-31,1610612753,Orlando Magic,1,1,0,1.0,48.0,111.1,113.7,100.7,105.8,10.4,7.9,0.591,2.36,18.8,0.213,0.677,0.482,0.108,0.545,0.583,106.4,102.5,85.42,102,0.595
0022201150,2023-03-31,1610612755,Philadelphia 76ers,1,1,0,1.0,48.0,125.8,130.0,118.1,122.2,7.7,7.8,0.683,1.56,21.4,0.394,0.609,0.519,0.2,0.644,0.696,93.1,90.0,75.0,90,0.558
0022201160,2023-03-31,1610612756,Phoenix Suns,1,1,0,1.0,48.0,99.8,102.0,93.2,94.9,6.6,7.1,0.757,1.75,19.7,0.315,0.7,0.518,0.163,0.477,0.514,100.0,98.0,81.67,98,0.558
0022201159,2023-03-31,1610612757,Portland Trail Blazers,1,0,1,0.0,48.0,107.4,114.0,138.6,135.3,-31.1,-21.3,0.725,1.45,20.1,0.3,0.722,0.477,0.2,0.582,0.599,102.9,101.0,84.17,100,0.38
0022201159,2023-03-31,1610612758,Sacramento Kings,1,1,0,1.0,48.0,138.6,135.3,107.4,114.0,31.1,21.3,0.704,2.92,25.5,0.278,0.7,0.523,0.127,0.722,0.729,102.9,101.0,84.17,102,0.62
0022201158,2023-03-31,1610612759,San Antonio Spurs,1,0,1,0.0,48.0,112.6,115.0,125.9,131.3,-13.3,-16.3,0.643,1.8,18.8,0.34,0.667,0.5,0.15,0.544,0.569,102.7,99.5,82.92,100,0.441
0022201150,2023-03-31,1610612761,Toronto Raptors,1,0,1,0.0,48.0,118.1,122.2,125.8,130.0,-7.7,-7.8,0.619,2.0,19.4,0.391,0.606,0.481,0.144,0.548,0.584,93.1,90.0,75.0,90,0.442
0022201152,2023-03-31,1610612762,Utah Jazz,1,0,1,0.0,48.0,106.4,109.6,113.3,117.3,-6.9,-7.7,0.5,1.28,16.3,0.314,0.745,0.538,0.173,0.526,0.558,107.4,104.0,86.67,104,0.472
0022201151,2023-03-31,1610612764,Washington Wizards,1,0,1,0.0,48.0,100.7,105.8,111.1,113.7,-10.4,-7.9,0.585,1.85,16.2,0.323,0.787,0.518,0.126,0.471,0.494,106.4,102.5,85.42,103,0.405
0022201161,2023-04-01,1610612742,Dallas Mavericks,1,0,1,0.0,48.0,125.7,123.2,129.3,131.6,-3.6,-8.4,0.681,2.29,24.2,0.033,0.698,0.425,0.141,0.701,0.726,98.4,98.5,82.08,99,0.495
0022201162,2023-04-01,1610612746,LA Clippers,1,0,1,0.0,48.0,117.4,121.3,129.2,128.4,-11.9,-7.1,0.595,1.92,18.8,0.333,0.652,0.495,0.138,0.559,0.599,95.8,94.5,78.75,94,0.436
0022201161,2023-04-01,1610612748,Miami Heat,1,1,0,1.0,48.0,129.3,131.6,125.7,123.2,3.6,8.4,0.6,2.45,19.6,0.302,0.967,0.575,0.112,0.599,0.653,98.4,98.5,82.08,98,0.505
0022201162,2023-04-01,1610612740,New Orleans Pelicans,1,1,0,1.0,48.0,129.2,128.4,117.4,121.3,11.9,7.1,0.5,3.0,15.9,0.348,0.667,0.505,0.074,0.529,0.602,95.8,94.5,78.75,95,0.564
0022201167,2023-04-02,1610612737,Atlanta Hawks,1,1,0,1.0,53.0,117.1,115.8,115.0,115.0,2.2,0.7,0.549,2.55,17.4,0.317,0.75,0.518,0.096,0.528,0.561,102.2,102.79,85.66,114,0.513
0022201164,2023-04-02,1610612751,Brooklyn Nets,1,1,0,1.0,48.0,107.8,108.8,105.6,107.8,2.2,1.0,0.658,2.78,18.4,0.176,0.704,0.448,0.088,0.494,0.55,103.6,102.0,85.0,102,0.488
0022201163,2023-04-02,1610612766,Charlotte Hornets,1,0,1,0.0,48.0,109.4,111.3,127.3,132.0,-17.9,-20.6,0.619,1.44,19.3,0.295,0.583,0.446,0.186,0.582,0.595,99.6,97.0,80.83,97,0.397
0022201165,2023-04-02,1610612741,Chicago Bulls,1,1,0,1.0,48.0,124.7,130.6,107.8,108.1,16.9,22.5,0.58,9.67,21.8,0.128,0.761,0.441,0.031,0.58,0.617,101.0,98.5,82.08,98,0.597
0022201173,2023-04-02,1610612739,Cleveland Cavaliers,1,1,0,1.0,48.0,113.4,115.0,103.2,104.0,10.2,11.0,0.523,1.77,16.8,0.292,0.694,0.495,0.13,0.539,0.567,101.6,100.5,83.75,100,0.553
0022201167,2023-04-02,1610612742,Dallas Mavericks,1,0,1,0.0,53.0,115.0,115.0,117.1,115.8,-2.2,-0.7,0.49,1.71,16.0,0.25,0.683,0.482,0.124,0.568,0.596,102.2,102.79,85.66,113,0.487
0022201175,2023-04-02,1610612743,Denver Nuggets,1,1,0,1.0,48.0,107.8,112.0,104.3,110.0,3.5,2.0,0.545,1.85,16.6,0.375,0.54,0.462,0.13,0.485,0.519,104.7,100.0,83.33,100,0.518
0022201169,2023-04-02,1610612765,Detroit Pistons,1,0,1,0.0,48.0,101.2,101.0,126.0,128.0,-24.8,-27.0,0.688,1.38,16.4,0.26,0.744,0.472,0.158,0.468,0.543,101.2,100.5,83.75,101,0.347
0022201175,2023-04-02,1610612744,Golden State Warriors,1,0,1,0.0,48.0,104.3,110.0,107.8,112.0,-3.5,-2.0,0.619,1.73,16.8,0.46,0.625,0.538,0.15,0.443,0.489,104.7,100.0,83.33,100,0.482
0022201171,2023-04-02,1610612745,Houston Rockets,1,0,1,0.0,48.0,108.6,110.1,133.6,134.0,-25.0,-23.9,0.523,2.3,16.4,0.3,0.727,0.481,0.101,0.495,0.512,100.4,99.5,82.92,99,0.349
0022201173,2023-04-02,1610612754,Indiana Pacers,1,0,1,0.0,48.0,103.2,104.0,113.4,115.0,-10.2,-11.0,0.583,1.24,15.6,0.306,0.708,0.505,0.168,0.488,0.548,101.6,100.5,83.75,101,0.447
0022201171,2023-04-02,1610612747,Los Angeles Lakers,1,1,0,1.0,48.0,133.6,134.0,108.6,110.1,25.0,23.9,0.692,6.0,24.3,0.273,0.7,0.519,0.06,0.608,0.636,100.4,99.5,82.92,100,0.651
0022201165,2023-04-02,1610612763,Memphis Grizzlies,1,0,1,0.0,48.0,107.8,108.1,124.7,130.6,-16.9,-22.5,0.744,1.61,21.0,0.239,0.872,0.559,0.182,0.577,0.599,101.0,98.5,82.08,99,0.403
0022201174,2023-04-02,1610612749,Milwaukee Bucks,1,1,0,1.0,48.0,124.2,125.8,112.2,113.0,12.0,12.8,0.609,2.33,21.2,0.297,0.75,0.553,0.129,0.638,0.656,93.5,92.5,77.08,93,0.605
0022201166,2023-04-02,1610612750,Minnesota Timberwolves,1,0,1,0.0,48.0,104.9,106.1,106.2,108.1,-1.3,-2.0,0.763,1.61,21.2,0.209,0.754,0.52,0.182,0.551,0.589,100.5,99.0,82.5,99,0.526
0022201168,2023-04-02,1610612752,New York Knicks,1,1,0,1.0,48.0,116.9,118.0,108.0,109.0,8.9,9.0,0.674,2.58,22.1,0.205,0.805,0.494,0.12,0.597,0.615,100.9,100.0,83.33,100,0.546
0022201172,2023-04-02,1610612760,Oklahoma City Thunder,1,0,1,0.0,48.0,116.8,119.2,126.3,132.0,-9.5,-12.8,0.583,2.63,15.1,0.357,0.811,0.538,0.081,0.472,0.556,101.2,98.0,81.67,99,0.436
0022201169,2023-04-02,1610612753,Orlando Magic,1,1,0,1.0,48.0,126.0,128.0,101.2,101.0,24.8,27.0,0.698,1.88,21.6,0.256,0.74,0.528,0.16,0.687,0.691,101.2,100.5,83.75,100,0.653
0022201174,2023-04-02,1610612755,Philadelphia 76ers,1,0,1,0.0,48.0,112.2,113.0,124.2,125.8,-12.0,-12.8,0.475,1.73,15.4,0.25,0.703,0.447,0.12,0.529,0.561,93.5,92.5,77.08,92,0.395
0022201172,2023-04-02,1610612756,Phoenix Suns,1,1,0,1.0,48.0,126.3,132.0,116.8,119.2,9.5,12.8,0.674,2.38,23.0,0.189,0.643,0.462,0.134,0.648,0.686,101.2,98.0,81.67,97,0.564
0022201166,2023-04-02,1610612757,Portland Trail Blazers,1,1,0,1.0,48.0,106.2,108.1,104.9,106.1,1.3,2.0,0.674,2.9,20.4,0.246,0.791,0.48,0.101,0.511,0.526,100.5,99.0,82.5,99,0.474
0022201170,2023-04-02,1610612758,Sacramento Kings,1,0,1,0.0,53.0,112.5,117.5,123.7,124.6,-11.2,-7.0,0.49,1.6,15.5,0.328,0.646,0.472,0.132,0.529,0.572,105.9,103.25,86.04,114,0.443
0022201170,2023-04-02,1610612759,San Antonio Spurs,1,1,0,1.0,53.0,123.7,124.6,112.5,117.5,11.2,7.0,0.596,1.72,19.3,0.354,0.672,0.528,0.158,0.597,0.641,105.9,103.25,86.04,114,0.557
0022201163,2023-04-02,1610612761,Toronto Raptors,1,1,0,1.0,48.0,127.3,132.0,109.4,111.3,17.9,20.6,0.679,4.75,24.5,0.417,0.705,0.554,0.082,0.577,0.595,99.6,97.0,80.83,97,0.603
0022201164,2023-04-02,1610612762,Utah Jazz,1,0,1,0.0,48.0,105.6,107.8,107.8,108.8,-2.2,-1.0,0.6,2.18,17.1,0.296,0.824,0.552,0.108,0.484,0.528,103.6,102.0,85.0,102,0.512
0022201168,2023-04-02,1610612764,Washington Wizards,1,0,1,0.0,48.0,108.0,109.0,116.9,118.0,-8.9,-9.0,0.667,1.37,19.4,0.195,0.795,0.506,0.19,0.595,0.627,100.9,100.0,83.33,100,0.454
0022201182,2023-04-04,1610612737,Atlanta Hawks,1,1,0,1.0,48.0,117.9,120.6,105.2,104.0,12.7,16.6,0.542,1.53,18.8,0.282,0.875,0.609,0.167,0.616,0.652,102.1,101.5,84.58,102,0.605
0022201181,2023-04-04,1610612738,Boston Celtics,1,0,1,0.0,48.0,108.6,113.5,113.1,115.7,-4.6,-2.2,0.737,3.5,20.6,0.339,0.775,0.521,0.09,0.5,0.515,92.0,89.0,74.17,89,0.492
0022201180,2023-04-04,1610612751,Brooklyn Nets,1,0,1,0.0,48.0,102.9,107.4,107.3,113.8,-4.5,-6.5,0.538,2.1,16.2,0.264,0.723,0.48,0.105,0.506,0.53,99.4,94.5,78.75,95,0.456
0022201176,2023-04-04,1610612766,Charlotte Hornets,1,0,1,0.0,48.0,102.7,104.2,123.3,126.3,-20.6,-22.1,0.75,1.5,20.5,0.22,0.755,0.511,0.188,0.545,0.586,97.3,95.5,79.58,96,0.417
0022201182,2023-04-04,1610612741,Chicago Bulls,1,0,1,0.0,48.0,105.2,104.0,117.9,120.6,-12.7,-16.6,0.39,2.0,13.0,0.125,0.718,0.391,0.079,0.5,0.537,102.1,101.5,84.58,101,0.395
0022201178,2023-04-04,1610612739,Cleveland Cavaliers,1,1,0,1.0,48.0,120.9,120.6,117.1,118.9,3.7,1.7,0.548,2.56,18.1,0.205,0.659,0.432,0.093,0.589,0.63,96.6,96.0,80.0,97,0.507
0022201183,2023-04-04,1610612743,Denver Nuggets,1,0,1,0.0,48.0,101.1,102.0,117.5,120.4,-16.4,-18.4,0.634,1.3,18.4,0.275,0.583,0.441,0.198,0.534,0.543,103.7,102.0,85.0,101,0.446
0022201177,2023-04-04,1610612765,Detroit Pistons,1,0,1,0.0,48.0,113.0,114.1,124.9,128.3,-11.9,-14.1,0.583,1.5,17.4,0.211,0.769,0.494,0.152,0.568,0.619,93.7,92.0,76.67,92,0.418
0022201187,2023-04-04,1610612744,Golden State Warriors,1,1,0,1.0,48.0,131.8,132.0,118.6,123.8,13.2,8.3,0.532,1.79,16.6,0.442,0.727,0.589,0.136,0.6,0.628,104.3,102.0,85.0,103,0.566
0022201183,2023-04-04,1610612745,Houston Rockets,1,1,0,1.0,48.0,117.5,120.4,101.1,102.0,16.4,18.4,0.489,1.77,15.3,0.417,0.725,0.559,0.126,0.52,0.551,103.7,102.0,85.0,103,0.554
0022201186,2023-04-04,1610612747,Los Angeles Lakers,1,1,0,1.0,53.0,120.1,121.6,119.1,119.8,1.0,1.8,0.563,2.25,17.8,0.288,0.804,0.531,0.108,0.563,0.606,101.5,100.53,83.77,111,0.516
0022201184,2023-04-04,1610612763,Memphis Grizzlies,1,1,0,1.0,48.0,118.2,116.7,107.4,106.9,10.8,9.8,0.714,2.5,21.4,0.191,0.741,0.495,0.118,0.586,0.615,101.1,102.0,85.0,102,0.574
0022201177,2023-04-04,1610612748,Miami Heat,1,1,0,1.0,48.0,124.9,128.3,113.0,114.1,11.9,14.1,0.634,3.25,20.5,0.231,0.789,0.506,0.087,0.594,0.645,93.7,92.0,76.67,92,0.582
0022201179,2023-04-04,1610612749,Milwaukee Bucks,1,1,0,1.0,48.0,126.4,128.4,118.3,118.5,8.1,9.9,0.66,1.83,20.9,0.314,0.818,0.575,0.165,0.668,0.668,109.5,108.5,90.42,109,0.542
0022201180,2023-04-04,1610612750,Minnesota Timberwolves,1,1,0,1.0,48.0,107.3,113.8,102.9,107.4,4.5,6.5,0.512,1.75,16.4,0.277,0.736,0.52,0.128,0.529,0.565,99.4,94.5,78.75,94,0.544
0022201185,2023-04-04,1610612740,New Orleans Pelicans,1,0,1,0.0,48.0,102.1,105.1,122.7,124.7,-20.6,-19.6,0.541,1.43,15.0,0.306,0.711,0.5,0.143,0.482,0.537,99.7,97.5,81.25,98,0.407
0022201187,2023-04-04,1610612760,Oklahoma City Thunder,1,0,1,0.0,48.0,118.6,123.8,131.8,132.0,-13.2,-8.3,0.523,2.3,16.5,0.273,0.558,0.411,0.099,0.532,0.577,104.3,102.0,85.0,101,0.434
0022201178,2023-04-04,1610612753,Orlando Magic,1,0,1,0.0,48.0,117.1,118.9,120.9,120.6,-3.7,-1.7,0.556,1.92,18.5,0.341,0.795,0.568,0.137,0.562,0.586,96.6,96.0,80.0,95,0.493
0022201181,2023-04-04,1610612755,Philadelphia 76ers,1,1,0,1.0,48.0,113.1,115.7,108.6,113.5,4.6,2.2,0.538,1.75,17.6,0.225,0.661,0.479,0.135,0.571,0.606,92.0,89.0,74.17,89,0.508
0022201188,2023-04-04,1610612756,Phoenix Suns,1,1,0,1.0,48.0,115.6,117.3,94.8,96.9,20.9,20.4,0.581,1.79,17.5,0.408,0.772,0.604,0.143,0.539,0.572,99.3,97.5,81.25,98,0.614
0022201184,2023-04-04,1610612757,Portland Trail Blazers,1,0,1,0.0,48.0,107.4,106.9,118.2,116.7,-10.8,-9.8,0.548,2.3,16.4,0.259,0.809,0.505,0.098,0.505,0.522,101.1,102.0,85.0,102,0.426
0022201185,2023-04-04,1610612758,Sacramento Kings,1,1,0,1.0,48.0,122.7,124.7,102.1,105.1,20.6,19.6,0.761,2.92,24.1,0.289,0.694,0.5,0.124,0.599,0.62,99.7,97.5,81.25,97,0.593
0022201188,2023-04-04,1610612759,San Antonio Spurs,1,0,1,0.0,48.0,94.8,96.9,115.6,117.3,-20.9,-20.4,0.714,2.08,18.7,0.228,0.592,0.396,0.124,0.461,0.489,99.3,97.5,81.25,97,0.386
0022201176,2023-04-04,1610612761,Toronto Raptors,1,1,0,1.0,48.0,123.3,126.3,102.7,104.2,20.6,22.1,0.643,3.86,20.1,0.245,0.78,0.489,0.074,0.563,0.598,97.3,95.5,79.58,95,0.583
0022201186,2023-04-04,1610612762,Utah Jazz,1,0,1,0.0,53.0,119.1,119.8,120.1,121.6,-1.0,-1.8,0.617,2.07,19.5,0.196,0.712,0.469,0.126,0.606,0.642,101.5,100.53,83.77,111,0.484
0022201179,2023-04-04,1610612764,Washington Wizards,1,0,1,0.0,48.0,118.3,118.5,126.4,128.4,-8.1,-9.9,0.6,3.33,20.3,0.182,0.686,0.425,0.083,0.571,0.591,109.5,108.5,90.42,108,0.458
0022201191,2023-04-05,1610612737,Atlanta Hawks,1,1,0,1.0,48.0,125.7,125.2,108.0,108.4,17.7,16.8,0.698,1.76,19.9,0.333,0.717,0.547,0.159,0.589,0.659,107.0,107.0,89.17,107,0.592
0022201192,2023-04-05,1610612738,Boston Celtics,1,1,0,1.0,48.0,96.1,100.0,96.4,95.9,-0.3,4.1,0.526,1.33,14.8,0.327,0.727,0.527,0.155,0.489,0.5,98.7,97.0,80.83,97,0.494
0022201189,2023-04-05,1610612751,Brooklyn Nets,1,1,0,1.0,48.0,125.4,132.3,113.5,116.1,11.9,16.1,0.8,2.77,24.8,0.364,0.698,0.529,0.14,0.622,0.64,96.6,93.0,77.5,93,0.574
0022201193,2023-04-05,1610612741,Chicago Bulls,1,0,1,0.0,48.0,94.0,95.8,108.4,108.2,-14.4,-12.4,0.778,1.87,21.4,0.146,0.704,0.441,0.156,0.5,0.524,97.3,96.5,80.42,96,0.467
0022201195,2023-04-05,1610612742,Dallas Mavericks,1,1,0,1.0,48.0,123.1,125.5,117.4,122.7,5.7,2.8,0.545,2.4,18.2,0.217,0.557,0.411,0.102,0.607,0.635,100.6,97.5,81.25,98,0.506
0022201189,2023-04-05,1610612765,Detroit Pistons,1,0,1,0.0,48.0,113.5,116.1,125.4,132.3,-11.9,-16.1,0.659,1.93,20.3,0.302,0.636,0.471,0.151,0.565,0.599,96.6,93.0,77.5,93,0.426
0022201190,2023-04-05,1610612754,Indiana Pacers,1,0,1,0.0,48.0,120.3,124.0,126.6,130.2,-6.3,-6.2,0.733,1.94,22.0,0.289,0.528,0.418,0.163,0.603,0.644,108.1,105.0,87.5,104,0.472
0022201196,2023-04-05,1610612746,LA Clippers,1,1,0,1.0,48.0,122.7,119.0,113.9,112.4,8.7,6.7,0.535,1.77,17.3,0.122,0.761,0.46,0.124,0.622,0.666,102.7,105.0,87.5,105,0.531
0022201196,2023-04-05,1610612747,Los Angeles Lakers,1,0,1,0.0,48.0,113.9,112.4,122.7,119.0,-8.7,-6.7,0.6,1.93,18.9,0.239,0.878,0.54,0.133,0.573,0.593,102.7,105.0,87.5,105,0.469
0022201194,2023-04-05,1610612763,Memphis Grizzlies,1,0,1,0.0,53.0,114.9,118.0,122.0,124.3,-7.0,-6.3,0.66,2.36,20.2,0.328,0.74,0.519,0.126,0.538,0.57,102.9,100.53,83.77,111,0.471
0022201193,2023-04-05,1610612749,Milwaukee Bucks,1,1,0,1.0,48.0,108.4,108.2,94.0,95.8,14.4,12.4,0.667,2.0,19.0,0.296,0.854,0.559,0.134,0.522,0.542,97.3,96.5,80.42,97,0.533
0022201194,2023-04-05,1610612740,New Orleans Pelicans,1,1,0,1.0,53.0,122.0,124.3,114.9,118.0,7.0,6.3,0.795,2.19,22.0,0.26,0.672,0.481,0.144,0.619,0.656,102.9,100.53,83.77,111,0.529
0022201190,2023-04-05,1610612752,New York Knicks,1,1,0,1.0,48.0,126.6,130.2,120.3,124.0,6.3,6.2,0.654,1.89,20.6,0.472,0.711,0.582,0.17,0.61,0.622,108.1,105.0,87.5,106,0.528
0022201195,2023-04-05,1610612758,Sacramento Kings,1,0,1,0.0,48.0,117.4,122.7,123.1,125.5,-5.7,-2.8,0.674,3.44,20.0,0.443,0.783,0.589,0.093,0.491,0.52,100.6,97.5,81.25,97,0.494
0022201192,2023-04-05,1610612761,Toronto Raptors,1,0,1,0.0,48.0,96.4,95.9,96.1,100.0,0.3,-4.1,0.541,1.67,15.2,0.273,0.673,0.473,0.124,0.444,0.477,98.7,97.0,80.83,97,0.506
0022201191,2023-04-05,1610612764,Washington Wizards,1,0,1,0.0,48.0,108.0,108.4,125.7,125.2,-17.7,-16.8,0.511,1.64,15.9,0.283,0.667,0.453,0.131,0.511,0.55,107.0,107.0,89.17,107,0.408
0022201197,2023-04-06,1610612739,Cleveland Cavaliers,1,1,0,1.0,48.0,118.0,118.0,90.1,93.1,28.0,24.9,0.674,1.82,22.0,0.238,0.7,0.489,0.17,0.625,0.642,102.2,100.5,83.75,100,0.621
0022201201,2023-04-06,1610612743,Denver Nuggets,1,0,1,0.0,48.0,118.4,122.3,128.0,126.6,-9.5,-4.3,0.545,1.85,18.2,0.357,0.756,0.554,0.138,0.578,0.617,95.1,94.0,78.33,94,0.484
0022201198,2023-04-06,1610612748,Miami Heat,1,1,0,1.0,48.0,134.9,133.0,104.6,105.2,30.4,27.8,0.796,3.55,26.5,0.275,0.895,0.577,0.113,0.659,0.682,96.1,96.5,80.42,97,0.615
0022201200,2023-04-06,1610612760,Oklahoma City Thunder,1,1,0,1.0,48.0,109.2,109.6,96.0,95.1,13.1,14.5,0.744,2.23,19.0,0.344,0.841,0.552,0.125,0.479,0.526,103.2,103.5,86.25,104,0.565
0022201197,2023-04-06,1610612753,Orlando Magic,1,0,1,0.0,48.0,90.1,93.1,118.0,118.0,-28.0,-24.9,0.636,0.95,15.4,0.3,0.762,0.511,0.218,0.476,0.514,102.2,100.5,83.75,101,0.379
0022201198,2023-04-06,1610612755,Philadelphia 76ers,1,0,1,0.0,48.0,104.6,105.2,134.9,133.0,-30.4,-27.8,0.59,1.35,18.7,0.105,0.725,0.423,0.177,0.579,0.611,96.1,96.5,80.42,96,0.385
0022201201,2023-04-06,1610612756,Phoenix Suns,1,1,0,1.0,48.0,128.0,126.6,118.4,122.3,9.5,4.3,0.634,2.6,20.0,0.244,0.643,0.446,0.106,0.627,0.661,95.1,94.0,78.33,94,0.516
0022201199,2023-04-06,1610612757,Portland Trail Blazers,1,0,1,0.0,48.0,113.5,117.6,111.9,119.4,1.6,-1.9,0.667,2.13,21.9,0.304,0.59,0.467,0.148,0.583,0.611,113.6,108.0,90.0,108,0.506
0022201199,2023-04-06,1610612759,San Antonio Spurs,1,1,0,1.0,48.0,111.9,119.4,113.5,117.6,-1.6,1.9,0.617,1.93,18.0,0.41,0.696,0.533,0.139,0.491,0.545,113.6,108.0,90.0,108,0.494
0022201200,2023-04-06,1610612762,Utah Jazz,1,0,1,0.0,48.0,96.0,95.1,109.2,109.6,-13.1,-14.5,0.585,1.26,17.9,0.159,0.656,0.448,0.184,0.524,0.544,103.2,103.5,86.25,103,0.435
0022201205,2023-04-07,1610612737,Atlanta Hawks,1,0,1,0.0,53.0,108.0,109.2,111.7,112.4,-3.7,-3.2,0.627,1.52,20.3,0.128,0.685,0.426,0.175,0.609,0.628,110.1,109.13,90.94,120,0.494
0022201206,2023-04-07,1610612738,Boston Celtics,1,1,0,1.0,48.0,123.2,127.4,105.7,106.3,17.4,21.1,0.822,1.76,25.0,0.41,0.732,0.6,0.221,0.648,0.67,97.4,95.5,79.58,95,0.621
0022201207,2023-04-07,1610612751,Brooklyn Nets,1,1,0,1.0,48.0,101.0,103.1,83.6,84.8,17.4,18.2,0.771,2.7,19.7,0.222,0.649,0.441,0.102,0.444,0.505,100.2,98.5,82.08,98,0.63
0022201202,2023-04-07,1610612766,Charlotte Hornets,1,0,1,0.0,48.0,99.2,104.8,105.3,107.7,-6.1,-2.9,0.579,1.29,15.9,0.269,0.686,0.476,0.163,0.506,0.546,108.1,104.0,86.67,104,0.485
0022201210,2023-04-07,1610612741,Chicago Bulls,1,1,0,1.0,48.0,115.1,115.0,110.1,110.9,5.0,4.1,0.522,2.0,18.2,0.178,0.815,0.525,0.12,0.585,0.599,100.8,100.5,83.75,100,0.532
0022201210,2023-04-07,1610612742,Dallas Mavericks,1,0,1,0.0,48.0,110.1,110.9,115.1,115.0,-5.0,-4.1,0.548,2.3,17.2,0.185,0.822,0.475,0.099,0.548,0.567,100.8,100.5,83.75,101,0.468
0022201203,2023-04-07,1610612765,Detroit Pistons,1,1,0,1.0,48.0,116.8,116.2,109.2,109.5,7.6,6.7,0.545,1.85,17.0,0.245,0.739,0.484,0.124,0.561,0.601,104.9,105.0,87.5,105,0.521
0022201211,2023-04-07,1610612744,Golden State Warriors,1,1,0,1.0,48.0,116.0,117.8,97.1,97.0,19.0,20.8,0.878,1.5,23.7,0.385,0.677,0.564,0.238,0.628,0.672,101.2,100.5,83.75,101,0.641
0022201202,2023-04-07,1610612745,Houston Rockets,1,1,0,1.0,48.0,105.3,107.7,99.2,104.8,6.1,2.9,0.5,1.11,14.9,0.314,0.731,0.524,0.183,0.511,0.553,108.1,104.0,86.67,104,0.515
0022201203,2023-04-07,1610612754,Indiana Pacers,1,0,1,0.0,48.0,109.2,109.5,116.8,116.2,-7.6,-6.7,0.707,1.53,20.0,0.261,0.755,0.516,0.181,0.56,0.603,104.9,105.0,87.5,105,0.479
0022201212,2023-04-07,1610612747,Los Angeles Lakers,1,1,0,1.0,48.0,114.7,116.3,100.8,102.9,13.9,13.5,0.556,1.56,17.6,0.271,0.73,0.532,0.154,0.587,0.608,105.8,104.0,86.67,104,0.559
0022201208,2023-04-07,1610612763,Memphis Grizzlies,1,1,0,1.0,48.0,136.2,134.3,108.7,111.8,27.4,22.5,0.736,3.25,25.5,0.286,0.686,0.505,0.118,0.677,0.688,102.7,102.0,85.0,102,0.608
0022201204,2023-04-07,1610612748,Miami Heat,1,0,1,0.0,48.0,102.6,103.8,108.3,108.6,-5.7,-4.7,0.605,1.63,17.9,0.276,0.714,0.477,0.154,0.515,0.523,105.3,104.5,87.08,104,0.442
0022201208,2023-04-07,1610612749,Milwaukee Bucks,1,0,1,0.0,48.0,108.7,111.8,136.2,134.3,-27.4,-22.5,0.714,1.58,20.3,0.314,0.714,0.495,0.186,0.571,0.589,102.7,102.0,85.0,102,0.392
0022201209,2023-04-07,1610612740,New Orleans Pelicans,1,1,0,1.0,48.0,118.0,117.7,105.2,110.5,12.7,7.2,0.643,2.25,21.1,0.158,0.778,0.522,0.125,0.595,0.644,97.8,95.5,79.58,96,0.599
0022201209,2023-04-07,1610612752,New York Knicks,1,0,1,0.0,48.0,105.2,110.5,118.0,117.7,-12.7,-7.2,0.5,1.9,15.1,0.222,0.842,0.478,0.105,0.511,0.542,97.8,95.5,79.58,95,0.401
0022201207,2023-04-07,1610612753,Orlando Magic,1,0,1,0.0,48.0,83.6,84.8,101.0,103.1,-17.4,-18.2,0.548,0.81,12.6,0.351,0.778,0.559,0.212,0.397,0.445,100.2,98.5,82.08,99,0.37
0022201205,2023-04-07,1610612755,Philadelphia 76ers,1,1,0,1.0,53.0,111.7,112.4,108.0,109.2,3.7,3.2,0.647,1.65,19.3,0.315,0.872,0.574,0.165,0.554,0.593,110.1,109.13,90.94,121,0.506
0022201212,2023-04-07,1610612756,Phoenix Suns,1,0,1,0.0,48.0,100.8,102.9,114.7,116.3,-13.9,-13.5,0.535,2.56,16.0,0.27,0.729,0.468,0.087,0.457,0.486,105.8,104.0,86.67,104,0.441
0022201211,2023-04-07,1610612758,Sacramento Kings,1,0,1,0.0,48.0,97.1,97.0,116.0,117.8,-19.0,-20.8,0.632,2.0,16.7,0.323,0.615,0.436,0.12,0.444,0.458,101.2,100.5,83.75,100,0.359
0022201206,2023-04-07,1610612761,Toronto Raptors,1,0,1,0.0,48.0,105.7,106.3,123.2,127.4,-17.4,-21.1,0.525,2.63,16.0,0.268,0.59,0.4,0.083,0.478,0.508,97.4,95.5,79.58,96,0.379
0022201204,2023-04-07,1610612764,Washington Wizards,1,1,0,1.0,48.0,108.3,108.6,102.6,103.8,5.7,4.7,0.59,1.35,16.2,0.286,0.724,0.523,0.162,0.506,0.568,105.3,104.5,87.08,105,0.558
0022201213,2023-04-08,1610612743,Denver Nuggets,1,0,1,0.0,48.0,104.1,106.5,108.1,111.3,-4.1,-4.8,0.78,2.29,21.8,0.154,0.655,0.418,0.131,0.539,0.567,109.3,106.5,88.75,107,0.481
0022201215,2023-04-08,1610612746,LA Clippers,1,1,0,1.0,48.0,129.3,132.0,122.4,121.4,6.9,10.7,0.612,2.5,20.0,0.37,0.848,0.609,0.117,0.591,0.64,103.7,103.0,85.83,103,0.545
0022201214,2023-04-08,1610612750,Minnesota Timberwolves,1,1,0,1.0,48.0,142.1,141.1,120.7,123.6,21.5,17.5,0.75,6.0,26.1,0.245,0.723,0.479,0.065,0.673,0.685,107.4,106.5,88.75,107,0.561
0022201215,2023-04-08,1610612757,Portland Trail Blazers,1,0,1,0.0,48.0,122.4,121.4,129.3,132.0,-6.9,-10.7,0.681,3.2,22.5,0.152,0.63,0.391,0.097,0.607,0.631,103.7,103.0,85.83,103,0.455
0022201214,2023-04-08,1610612759,San Antonio Spurs,1,0,1,0.0,48.0,120.7,123.6,142.1,141.1,-21.5,-17.5,0.68,2.62,22.2,0.277,0.755,0.521,0.123,0.595,0.621,107.4,106.5,88.75,106,0.439
0022201213,2023-04-08,1610612762,Utah Jazz,1,1,0,1.0,48.0,108.1,111.3,104.1,106.5,4.1,4.8,0.682,1.88,19.2,0.345,0.846,0.582,0.151,0.495,0.536,109.3,106.5,88.75,106,0.519
0022201216,2023-04-09,1610612737,Atlanta Hawks,1,0,1,0.0,48.0,115.9,116.3,122.2,122.4,-6.3,-6.1,0.614,3.0,19.0,0.315,0.708,0.5,0.092,0.51,0.541,98.3,98.0,81.67,98,0.492
0022201216,2023-04-09,1610612738,Boston Celtics,1,1,0,1.0,48.0,122.2,122.4,115.9,116.3,6.3,6.1,0.786,2.2,22.8,0.292,0.685,0.5,0.153,0.612,0.631,98.3,98.0,81.67,98,0.508
0022201217,2023-04-09,1610612751,Brooklyn Nets,1,0,1,0.0,48.0,100.7,101.0,122.5,127.6,-21.9,-26.7,0.629,1.16,16.1,0.22,0.647,0.436,0.183,0.494,0.551,106.8,104.5,87.08,104,0.374
0022201218,2023-04-09,1610612766,Charlotte Hornets,1,1,0,1.0,48.0,102.7,105.0,94.0,94.1,8.7,10.9,0.622,1.21,16.9,0.283,0.759,0.54,0.188,0.494,0.563,102.1,101.0,84.17,101,0.571
0022201223,2023-04-09,1610612741,Chicago Bulls,1,1,0,1.0,48.0,105.4,104.0,80.4,81.8,25.0,22.2,0.525,5.25,15.9,0.211,0.673,0.438,0.04,0.453,0.492,99.2,99.0,82.5,99,0.648
0022201218,2023-04-09,1610612739,Cleveland Cavaliers,1,0,1,0.0,48.0,94.0,94.1,102.7,105.0,-8.7,-10.9,0.771,1.69,19.1,0.241,0.717,0.46,0.158,0.449,0.495,102.1,101.0,84.17,101,0.429
0022201224,2023-04-09,1610612742,Dallas Mavericks,1,0,1,0.0,48.0,105.4,103.5,118.8,123.2,-13.4,-19.7,0.609,7.0,18.7,0.138,0.719,0.41,0.035,0.505,0.509,113.6,112.5,93.75,113,0.397
0022201227,2023-04-09,1610612743,Denver Nuggets,1,1,0,1.0,48.0,109.0,112.4,98.3,99.0,10.7,13.4,0.595,1.25,17.5,0.457,0.76,0.615,0.206,0.542,0.574,98.3,96.5,80.42,97,0.594
0022201223,2023-04-09,1610612765,Detroit Pistons,1,0,1,0.0,48.0,80.4,81.8,105.4,104.0,-25.0,-22.2,0.645,0.8,14.6,0.327,0.789,0.563,0.253,0.418,0.446,99.2,99.0,82.5,99,0.352
0022201230,2023-04-09,1610612744,Golden State Warriors,1,1,0,1.0,48.0,142.7,141.4,88.9,90.2,53.7,51.3,0.81,2.94,28.1,0.237,0.82,0.596,0.144,0.745,0.762,111.8,111.5,92.92,111,0.736
0022201222,2023-04-09,1610612745,Houston Rockets,1,1,0,1.0,48.0,109.3,107.5,103.6,103.8,5.7,3.7,0.545,1.6,16.8,0.25,0.724,0.5,0.142,0.522,0.557,104.8,105.5,87.92,106,0.532
0022201220,2023-04-09,1610612754,Indiana Pacers,1,1,0,1.0,48.0,125.1,127.0,119.6,122.5,5.5,4.5,0.717,2.2,21.6,0.196,0.633,0.443,0.135,0.624,0.667,113.2,111.0,92.5,111,0.531
0022201229,2023-04-09,1610612746,LA Clippers,1,1,0,1.0,48.0,111.7,116.7,110.0,110.7,1.7,6.0,0.449,2.2,15.5,0.321,0.729,0.53,0.098,0.515,0.538,105.1,102.5,85.42,102,0.517
0022201228,2023-04-09,1610612747,Los Angeles Lakers,1,1,0,1.0,48.0,119.4,121.9,108.7,110.4,10.7,11.5,0.596,2.55,19.2,0.25,0.804,0.524,0.105,0.577,0.602,107.4,105.5,87.92,105,0.53
0022201226,2023-04-09,1610612763,Memphis Grizzlies,1,0,1,0.0,48.0,99.1,98.0,109.5,113.9,-10.4,-15.8,0.625,2.08,18.0,0.218,0.723,0.451,0.118,0.473,0.5,103.0,101.5,84.58,102,0.432
0022201219,2023-04-09,1610612748,Miami Heat,1,1,0,1.0,48.0,119.6,121.8,108.3,110.0,11.3,11.8,0.667,1.67,21.4,0.244,0.732,0.526,0.178,0.651,0.67,102.2,100.5,83.75,101,0.556
0022201221,2023-04-09,1610612749,Milwaukee Bucks,1,0,1,0.0,48.0,106.9,104.0,116.3,119.8,-9.4,-15.8,0.737,2.0,20.6,0.152,0.766,0.462,0.139,0.537,0.575,101.1,101.0,84.17,101,0.444
0022201225,2023-04-09,1610612750,Minnesota Timberwolves,1,1,0,1.0,48.0,108.0,109.7,101.2,103.8,6.8,5.9,0.641,1.47,18.1,0.224,0.692,0.465,0.165,0.555,0.591,105.7,103.5,86.25,103,0.513
0022201225,2023-04-09,1610612740,New Orleans Pelicans,1,0,1,0.0,48.0,101.2,103.8,108.0,109.7,-6.8,-5.9,0.45,1.2,13.0,0.308,0.776,0.535,0.144,0.461,0.525,105.7,103.5,86.25,104,0.487
0022201220,2023-04-09,1610612752,New York Knicks,1,0,1,0.0,48.0,119.6,122.5,125.1,127.0,-5.5,-4.5,0.558,1.93,17.9,0.367,0.804,0.557,0.135,0.551,0.578,113.2,111.0,92.5,111,0.469
0022201226,2023-04-09,1610612760,Oklahoma City Thunder,1,1,0,1.0,48.0,109.5,113.9,99.1,98.0,10.4,15.8,0.667,1.88,21.0,0.277,0.782,0.549,0.158,0.567,0.593,103.0,101.5,84.58,101,0.568
0022201219,2023-04-09,1610612753,Orlando Magic,1,0,1,0.0,48.0,108.3,110.0,119.6,121.8,-11.3,-11.8,0.763,2.07,20.1,0.268,0.756,0.474,0.14,0.517,0.547,102.2,100.5,83.75,100,0.444
0022201217,2023-04-09,1610612755,Philadelphia 76ers,1,1,0,1.0,48.0,122.5,127.6,100.7,101.0,21.9,26.7,0.585,2.38,20.3,0.353,0.78,0.564,0.124,0.594,0.613,106.8,104.5,87.08,105,0.626
0022201229,2023-04-09,1610612756,Phoenix Suns,1,0,1,0.0,48.0,110.0,110.7,111.7,116.7,-1.7,-6.0,0.69,4.14,19.6,0.271,0.679,0.47,0.068,0.495,0.524,105.1,102.5,85.42,103,0.483
0022201230,2023-04-09,1610612757,Portland Trail Blazers,1,0,1,0.0,48.0,88.9,90.2,142.7,141.4,-53.7,-51.3,0.658,1.79,17.0,0.18,0.763,0.404,0.125,0.447,0.478,111.8,111.5,92.92,112,0.264
0022201227,2023-04-09,1610612758,Sacramento Kings,1,0,1,0.0,48.0,98.3,99.0,109.0,112.4,-10.7,-13.4,0.649,1.6,18.2,0.24,0.543,0.385,0.156,0.5,0.519,98.3,96.5,80.42,96,0.406
0022201224,2023-04-09,1610612759,San Antonio Spurs,1,1,0,1.0,48.0,118.8,123.2,105.4,103.5,13.4,19.7,0.608,2.58,19.5,0.281,0.862,0.59,0.107,0.563,0.589,113.6,112.5,93.75,112,0.603
0022201221,2023-04-09,1610612761,Toronto Raptors,1,1,0,1.0,48.0,116.3,119.8,106.9,104.0,9.4,15.8,0.604,3.22,20.6,0.234,0.848,0.538,0.089,0.563,0.593,101.1,101.0,84.17,101,0.556
0022201228,2023-04-09,1610612762,Utah Jazz,1,0,1,0.0,48.0,108.7,110.4,119.4,121.9,-10.7,-11.5,0.608,2.82,21.1,0.196,0.75,0.476,0.104,0.554,0.564,107.4,105.5,87.92,106,0.47
0022201222,2023-04-09,1610612764,Washington Wizards,1,0,1,0.0,48.0,103.6,103.8,109.3,107.5,-5.7,-3.7,0.683,2.15,18.8,0.276,0.75,0.5,0.124,0.495,0.513,104.8,105.5,87.92,105,0.468
