GAME_ID,TEAM_ID,TEAM_ABBREVIATION,GAME_DATE,PREV_CITY,CURRENT_CITY,DISTANCE_MILES,TRAVEL_DIRECTION,TIMEZONE_SHIFT_HOURS
0022200005,1610612737,ATL,2022-10-19,Atlanta,Atlanta,0.0,,0.0
0022200020,1610612737,ATL,2022-10-21,Atlanta,Atlanta,0.0,,0.0
0022200038,1610612737,ATL,2022-10-23,Atlanta,Atlanta,0.0,,0.0
0022200057,1610612737,ATL,2022-10-26,Atlanta,Detroit,597.5,N,0.0
0022200070,1610612737,ATL,2022-10-28,Detroit,Detroit,0.0,,0.0
0022200085,1610612737,ATL,2022-10-29,Detroit,Milwaukee,251.6,W,-1.0
0022200099,1610612737,ATL,2022-10-31,Milwaukee,Toronto,430.8,E,1.0
0022200110,1610612737,ATL,2022-11-02,Toronto,New York,340.4,SE,0.0
0022200134,1610612737,ATL,2022-11-05,New York,Atlanta,747.9,SW,0.0
0022200149,1610612737,ATL,2022-11-07,Atlanta,Atlanta,0.0,,0.0
0022200162,1610612737,ATL,2022-11-09,Atlanta,Atlanta,0.0,,0.0
0022200173,1610612737,ATL,2022-11-10,Atlanta,Atlanta,0.0,,0.0
0022200188,1610612737,ATL,2022-11-12,Atlanta,Philadelphia,663.0,NE,0.0
0022200204,1610612737,ATL,2022-11-14,Philadelphia,Milwaukee,693.8,W,-1.0
0022200214,1610612737,ATL,2022-11-16,Milwaukee,Atlanta,669.3,S,1.0
0022200235,1610612737,ATL,2022-11-19,Atlanta,Atlanta,0.0,,0.0
0022200248,1610612737,ATL,2022-11-21,Atlanta,Cleveland,554.8,N,0.0
0022200263,1610612737,ATL,2022-11-23,Cleveland,Atlanta,554.8,S,0.0
0022200278,1610612737,ATL,2022-11-25,Atlanta,Houston,700.7,W,-1.0
0022200293,1610612737,ATL,2022-11-27,Houston,Atlanta,700.7,NE,1.0
0022200299,1610612737,ATL,2022-11-28,Atlanta,Philadelphia,663.0,NE,0.0
0022200313,1610612737,ATL,2022-11-30,Philadelphia,Orlando,860.9,SW,0.0
0022200327,1610612737,ATL,2022-12-02,Orlando,Atlanta,402.1,NW,0.0
0022200354,1610612737,ATL,2022-12-05,Atlanta,Atlanta,0.0,,0.0
0022200365,1610612737,ATL,2022-12-07,Atlanta,New York,747.9,NE,0.0
0022200380,1610612737,ATL,2022-12-09,New York,Brooklyn,4.8,S,0.0
0022200400,1610612737,ATL,2022-12-11,Brooklyn,Atlanta,745.8,SW,0.0
0022200404,1610612737,ATL,2022-12-12,Atlanta,Memphis,335.9,W,-1.0
0022200416,1610612737,ATL,2022-12-14,Memphis,Orlando,682.6,SE,1.0
0022200428,1610612737,ATL,2022-12-16,Orlando,Charlotte,463.1,N,0.0
0022200454,1610612737,ATL,2022-12-19,Charlotte,Atlanta,226.5,SW,0.0
0022200468,1610612737,ATL,2022-12-21,Atlanta,Atlanta,0.0,,0.0
0022200481,1610612737,ATL,2022-12-23,Atlanta,Atlanta,0.0,,0.0
0022200508,1610612737,ATL,2022-12-27,Atlanta,Indianapolis,426.3,N,0.0
0022200517,1610612737,ATL,2022-12-28,Indianapolis,Atlanta,426.3,S,0.0
0022200530,1610612737,ATL,2022-12-30,Atlanta,Atlanta,0.0,,0.0
0022200558,1610612737,ATL,2023-01-02,Atlanta,San Francisco,2133.3,W,-3.0
0022200575,1610612737,ATL,2023-01-04,San Francisco,Sacramento,74.0,NE,0.0
0022200590,1610612737,ATL,2023-01-06,Sacramento,Los Angeles,361.4,SE,0.0
0022200604,1610612737,ATL,2023-01-08,Los Angeles,Inglewood,8.0,SW,0.0
0022200620,1610612737,ATL,2023-01-11,Inglewood,Atlanta,1938.9,E,3.0
0022200633,1610612737,ATL,2023-01-13,Atlanta,Indianapolis,426.3,N,0.0
0022200644,1610612737,ATL,2023-01-14,Indianapolis,Toronto,440.3,NE,0.0
0022200661,1610612737,ATL,2023-01-16,Toronto,Atlanta,734.3,SW,0.0
0022200670,1610612737,ATL,2023-01-18,Atlanta,Dallas,719.8,W,-1.0
0022200684,1610612737,ATL,2023-01-20,Dallas,Atlanta,719.8,E,1.0
0022200694,1610612737,ATL,2023-01-21,Atlanta,Atlanta,0.0,,0.0
0022200708,1610612737,ATL,2023-01-23,Atlanta,Chicago,589.0,N,-1.0
0022200725,1610612737,ATL,2023-01-25,Chicago,Oklahoma City,690.9,SW,0.0
0022200745,1610612737,ATL,2023-01-28,Oklahoma City,Atlanta,754.7,E,1.0
0022200763,1610612737,ATL,2023-01-30,Atlanta,Portland,2167.7,NW,-3.0
0022200777,1610612737,ATL,2023-02-01,Portland,Phoenix,1006.3,SE,1.0
0022200792,1610612737,ATL,2023-02-03,Phoenix,Salt Lake City,506.0,N,0.0
0022200801,1610612737,ATL,2023-02-04,Salt Lake City,Denver,370.1,E,0.0
0022200818,1610612737,ATL,2023-02-07,Denver,New Orleans,1081.3,SE,1.0
0022200832,1610612737,ATL,2023-02-09,New Orleans,Atlanta,424.8,NE,1.0
0022200850,1610612737,ATL,2023-02-11,Atlanta,Atlanta,0.0,,0.0
0022200857,1610612737,ATL,2023-02-13,Atlanta,Charlotte,226.5,NE,0.0
0022200876,1610612737,ATL,2023-02-15,Charlotte,Atlanta,226.5,SW,0.0
0022200896,1610612737,ATL,2023-02-24,Atlanta,Atlanta,0.0,,0.0
0022200911,1610612737,ATL,2023-02-26,Atlanta,Atlanta,0.0,,0.0
0022200923,1610612737,ATL,2023-02-28,Atlanta,Atlanta,0.0,,0.0
0022200947,1610612737,ATL,2023-03-03,Atlanta,Atlanta,0.0,,0.0
0022200958,1610612737,ATL,2023-03-04,Atlanta,Miami,606.0,SE,0.0
0022200974,1610612737,ATL,2023-03-06,Miami,Miami,0.0,,0.0
0022200985,1610612737,ATL,2023-03-08,Miami,Washington,924.8,N,0.0
0022200999,1610612737,ATL,2023-03-10,Washington,Washington,0.0,,0.0
0022201008,1610612737,ATL,2023-03-11,Washington,Atlanta,542.5,SW,0.0
0022201021,1610612737,ATL,2023-03-13,Atlanta,Atlanta,0.0,,0.0
0022201048,1610612737,ATL,2023-03-17,Atlanta,Atlanta,0.0,,0.0
0022201065,1610612737,ATL,2023-03-19,Atlanta,San Antonio,878.0,W,-1.0
0022201078,1610612737,ATL,2023-03-21,San Antonio,Atlanta,878.0,NE,1.0
0022201090,1610612737,ATL,2023-03-22,Atlanta,Minneapolis,907.7,NW,-1.0
0022201107,1610612737,ATL,2023-03-25,Minneapolis,Atlanta,907.7,SE,1.0
0022201115,1610612737,ATL,2023-03-26,Atlanta,Atlanta,0.0,,0.0
0022201131,1610612737,ATL,2023-03-28,Atlanta,Atlanta,0.0,,0.0
0022201153,1610612737,ATL,2023-03-31,Atlanta,Brooklyn,745.8,NE,0.0
0022201167,1610612737,ATL,2023-04-02,Brooklyn,Atlanta,745.8,SW,0.0
0022201182,1610612737,ATL,2023-04-04,Atlanta,Chicago,589.0,N,-1.0
0022201191,1610612737,ATL,2023-04-05,Chicago,Atlanta,589.0,S,1.0
0022201205,1610612737,ATL,2023-04-07,Atlanta,Atlanta,0.0,,0.0
0022201216,1610612737,ATL,2023-04-09,Atlanta,Boston,936.1,NE,0.0
0022200001,1610612738,BOS,2022-10-18,Boston,Boston,0.0,,0.0
0022200022,1610612738,BOS,2022-10-21,Boston,Miami,1257.4,SW,0.0
0022200030,1610612738,BOS,2022-10-22,Miami,Orlando,204.3,N,0.0
0022200047,1610612738,BOS,2022-10-24,Orlando,Chicago,987.1,N,-1.0
0022200072,1610612738,BOS,2022-10-28,Chicago,Boston,850.6,E,1.0
0022200089,1610612738,BOS,2022-10-30,Boston,Boston,0.0,,0.0
0022200107,1610612738,BOS,2022-11-02,Boston,Cleveland,549.1,W,0.0
0022200124,1610612738,BOS,2022-11-04,Cleveland,Boston,549.1,E,0.0
0022200135,1610612738,BOS,2022-11-05,Boston,New York,188.2,SW,0.0
0022200152,1610612738,BOS,2022-11-07,New York,Memphis,955.1,W,-1.0
0022200163,1610612738,BOS,2022-11-09,Memphis,Boston,1135.1,NE,1.0
0022200176,1610612738,BOS,2022-11-11,Boston,Boston,0.0,,0.0
0022200186,1610612738,BOS,2022-11-12,Boston,Detroit,611.9,W,0.0
0022200201,1610612738,BOS,2022-11-14,Detroit,Boston,611.9,E,0.0
0022200214,1610612738,BOS,2022-11-16,Boston,Atlanta,936.1,SW,0.0
0022200231,1610612738,BOS,2022-11-18,Atlanta,New Orleans,424.8,SW,-1.0
0022200250,1610612738,BOS,2022-11-21,New Orleans,Chicago,835.2,N,0.0
0022200264,1610612738,BOS,2022-11-23,Chicago,Boston,850.6,E,1.0
0022200275,1610612738,BOS,2022-11-25,Boston,Boston,0.0,,0.0
0022200294,1610612738,BOS,2022-11-27,Boston,Boston,0.0,,0.0
0022200301,1610612738,BOS,2022-11-28,Boston,Boston,0.0,,0.0
0022200314,1610612738,BOS,2022-11-30,Boston,Boston,0.0,,0.0
0022200328,1610612738,BOS,2022-12-02,Boston,Boston,0.0,,0.0
0022200346,1610612738,BOS,2022-12-04,Boston,Brooklyn,190.4,SW,0.0
0022200355,1610612738,BOS,2022-12-05,Brooklyn,Toronto,344.0,NW,0.0
0022200373,1610612738,BOS,2022-12-07,Toronto,Phoenix,1886.9,W,-2.0
0022200392,1610612738,BOS,2022-12-10,Phoenix,San Francisco,651.4,NW,-1.0
0022200408,1610612738,BOS,2022-12-12,San Francisco,Inglewood,347.9,SE,0.0
0022200413,1610612738,BOS,2022-12-13,Inglewood,Los Angeles,8.0,NE,0.0
0022200430,1610612738,BOS,2022-12-16,Los Angeles,Boston,2592.2,NE,3.0
0022200445,1610612738,BOS,2022-12-18,Boston,Boston,0.0,,0.0
0022200469,1610612738,BOS,2022-12-21,Boston,Boston,0.0,,0.0
0022200482,1610612738,BOS,2022-12-23,Boston,Boston,0.0,,0.0
0022200495,1610612738,BOS,2022-12-25,Boston,Boston,0.0,,0.0
0022200507,1610612738,BOS,2022-12-27,Boston,Boston,0.0,,0.0
0022200525,1610612738,BOS,2022-12-29,Boston,Boston,0.0,,0.0
0022200549,1610612738,BOS,2023-01-01,Boston,Denver,1766.0,W,-2.0
0022200562,1610612738,BOS,2023-01-03,Denver,Oklahoma City,505.5,SE,1.0
0022200577,1610612738,BOS,2023-01-05,Oklahoma City,Dallas,189.0,S,0.0
0022200591,1610612738,BOS,2023-01-07,Dallas,San Antonio,251.5,SW,0.0
0022200606,1610612738,BOS,2023-01-09,San Antonio,Boston,1762.3,NE,1.0
0022200621,1610612738,BOS,2023-01-11,Boston,Boston,0.0,,0.0
0022200627,1610612738,BOS,2023-01-12,Boston,Brooklyn,190.4,SW,0.0
0022200642,1610612738,BOS,2023-01-14,Brooklyn,Charlotte,530.7,SW,0.0
0022200656,1610612738,BOS,2023-01-16,Charlotte,Charlotte,0.0,,0.0
0022200679,1610612738,BOS,2023-01-19,Charlotte,Boston,720.7,NE,0.0
0022200692,1610612738,BOS,2023-01-21,Boston,Toronto,429.2,W,0.0
0022200707,1610612738,BOS,2023-01-23,Toronto,Orlando,1049.5,S,0.0
0022200714,1610612738,BOS,2023-01-24,Orlando,Miami,204.3,S,0.0
0022200730,1610612738,BOS,2023-01-26,Miami,Boston,1257.4,N,0.0
0022200749,1610612738,BOS,2023-01-28,Boston,Boston,0.0,,0.0
0022200772,1610612738,BOS,2023-02-01,Boston,Boston,0.0,,0.0
0022200788,1610612738,BOS,2023-02-03,Boston,Boston,0.0,,0.0
0022200808,1610612738,BOS,2023-02-06,Boston,Detroit,611.9,W,0.0
0022200824,1610612738,BOS,2023-02-08,Detroit,Boston,611.9,E,0.0
0022200838,1610612738,BOS,2023-02-10,Boston,Boston,0.0,,0.0
0022200855,1610612738,BOS,2023-02-12,Boston,Boston,0.0,,0.0
0022200869,1610612738,BOS,2023-02-14,Boston,Milwaukee,855.6,W,-1.0
0022200877,1610612738,BOS,2023-02-15,Milwaukee,Boston,855.6,E,1.0
0022200887,1610612738,BOS,2023-02-23,Boston,Indianapolis,805.4,W,0.0
0022200908,1610612738,BOS,2023-02-25,Indianapolis,Philadelphia,582.5,E,0.0
0022200921,1610612738,BOS,2023-02-27,Philadelphia,New York,85.4,NE,0.0
0022200935,1610612738,BOS,2023-03-01,New York,Boston,188.2,NE,0.0
0022200948,1610612738,BOS,2023-03-03,Boston,Boston,0.0,,0.0
0022200969,1610612738,BOS,2023-03-05,Boston,Boston,0.0,,0.0
0022200971,1610612738,BOS,2023-03-06,Boston,Cleveland,549.1,W,0.0
0022200986,1610612738,BOS,2023-03-08,Cleveland,Boston,549.1,E,0.0
0022201008,1610612738,BOS,2023-03-11,Boston,Atlanta,936.1,SW,0.0
0022201024,1610612738,BOS,2023-03-13,Atlanta,Houston,700.7,W,-1.0
0022201039,1610612738,BOS,2023-03-15,Houston,Minneapolis,1058.3,N,0.0
0022201053,1610612738,BOS,2023-03-17,Minneapolis,Portland,1422.0,W,-2.0
0022201062,1610612738,BOS,2023-03-18,Portland,Salt Lake City,633.9,SE,1.0
0022201081,1610612738,BOS,2023-03-21,Salt Lake City,Sacramento,532.1,W,-1.0
0022201097,1610612738,BOS,2023-03-24,Sacramento,Boston,2625.0,E,3.0
0022201116,1610612738,BOS,2023-03-26,Boston,Boston,0.0,,0.0
0022201130,1610612738,BOS,2023-03-28,Boston,Washington,393.6,SW,0.0
0022201146,1610612738,BOS,2023-03-30,Washington,Milwaukee,635.9,NW,-1.0
0022201152,1610612738,BOS,2023-03-31,Milwaukee,Boston,855.6,E,1.0
0022201181,1610612738,BOS,2023-04-04,Boston,Philadelphia,273.4,SW,0.0
0022201192,1610612738,BOS,2023-04-05,Philadelphia,Boston,273.4,NE,0.0
0022201206,1610612738,BOS,2023-04-07,Boston,Boston,0.0,,0.0
0022201216,1610612738,BOS,2023-04-09,Boston,Boston,0.0,,0.0
0022200008,1610612739,CLE,2022-10-19,Cleveland,Toronto,189.2,NE,0.0
0022200032,1610612739,CLE,2022-10-22,Toronto,Chicago,437.8,W,-1.0
0022200039,1610612739,CLE,2022-10-23,Chicago,Cleveland,309.9,E,1.0
0022200056,1610612739,CLE,2022-10-26,Cleveland,Cleveland,0.0,,0.0
0022200072,1610612739,CLE,2022-10-28,Cleveland,Boston,549.1,E,0.0
0022200090,1610612739,CLE,2022-10-30,Boston,Cleveland,549.1,W,0.0
0022200107,1610612739,CLE,2022-11-02,Cleveland,Cleveland,0.0,,0.0
0022200120,1610612739,CLE,2022-11-04,Cleveland,Detroit,91.3,NW,0.0
0022200140,1610612739,CLE,2022-11-06,Detroit,Los Angeles,1980.4,W,-3.0
0022200158,1610612739,CLE,2022-11-07,Los Angeles,Inglewood,8.0,SW,0.0
0022200171,1610612739,CLE,2022-11-09,Inglewood,Sacramento,365.3,NW,0.0
0022200182,1610612739,CLE,2022-11-11,Sacramento,San Francisco,74.0,SW,0.0
0022200193,1610612739,CLE,2022-11-13,San Francisco,Cleveland,2160.9,E,3.0
0022200216,1610612739,CLE,2022-11-16,Cleveland,Milwaukee,335.9,W,-1.0
0022200225,1610612739,CLE,2022-11-18,Milwaukee,Cleveland,335.9,E,1.0
0022200244,1610612739,CLE,2022-11-20,Cleveland,Cleveland,0.0,,0.0
0022200248,1610612739,CLE,2022-11-21,Cleveland,Cleveland,0.0,,0.0
0022200261,1610612739,CLE,2022-11-23,Cleveland,Cleveland,0.0,,0.0
0022200280,1610612739,CLE,2022-11-25,Cleveland,Milwaukee,335.9,W,-1.0
0022200295,1610612739,CLE,2022-11-27,Milwaukee,Detroit,251.6,E,1.0
0022200303,1610612739,CLE,2022-11-28,Detroit,Toronto,206.4,NE,0.0
0022200312,1610612739,CLE,2022-11-30,Toronto,Cleveland,189.2,SW,0.0
0022200330,1610612739,CLE,2022-12-02,Cleveland,Cleveland,0.0,,0.0
0022200348,1610612739,CLE,2022-12-04,Cleveland,New York,403.7,E,0.0
0022200360,1610612739,CLE,2022-12-06,New York,Cleveland,403.7,W,0.0
0022200381,1610612739,CLE,2022-12-09,Cleveland,Cleveland,0.0,,0.0
0022200390,1610612739,CLE,2022-12-10,Cleveland,Cleveland,0.0,,0.0
0022200406,1610612739,CLE,2022-12-12,Cleveland,San Antonio,1254.4,SW,-1.0
0022200421,1610612739,CLE,2022-12-14,San Antonio,Dallas,251.5,N,0.0
0022200431,1610612739,CLE,2022-12-16,Dallas,Cleveland,1024.9,NE,1.0
0022200440,1610612739,CLE,2022-12-17,Cleveland,Cleveland,0.0,,0.0
0022200452,1610612739,CLE,2022-12-19,Cleveland,Cleveland,0.0,,0.0
0022200466,1610612739,CLE,2022-12-21,Cleveland,Cleveland,0.0,,0.0
0022200484,1610612739,CLE,2022-12-23,Cleveland,Cleveland,0.0,,0.0
0022200498,1610612739,CLE,2022-12-26,Cleveland,Cleveland,0.0,,0.0
0022200524,1610612739,CLE,2022-12-29,Cleveland,Indianapolis,263.0,SW,0.0
0022200540,1610612739,CLE,2022-12-31,Indianapolis,Chicago,166.4,NW,-1.0
0022200552,1610612739,CLE,2023-01-02,Chicago,Cleveland,309.9,E,1.0
0022200565,1610612739,CLE,2023-01-04,Cleveland,Cleveland,0.0,,0.0
0022200588,1610612739,CLE,2023-01-06,Cleveland,Denver,1225.2,W,-2.0
0022200603,1610612739,CLE,2023-01-08,Denver,Phoenix,585.4,SW,0.0
0022200614,1610612739,CLE,2023-01-10,Phoenix,Salt Lake City,506.0,N,0.0
0022200631,1610612739,CLE,2023-01-12,Salt Lake City,Portland,633.9,NW,-1.0
0022200645,1610612739,CLE,2023-01-14,Portland,Minneapolis,1422.0,E,2.0
0022200658,1610612739,CLE,2023-01-16,Minneapolis,Cleveland,630.2,E,1.0
0022200672,1610612739,CLE,2023-01-18,Cleveland,Memphis,630.7,SW,-1.0
0022200685,1610612739,CLE,2023-01-20,Memphis,Cleveland,630.7,NE,1.0
0022200695,1610612739,CLE,2023-01-21,Cleveland,Cleveland,0.0,,0.0
0022200715,1610612739,CLE,2023-01-24,Cleveland,New York,403.7,E,0.0
0022200733,1610612739,CLE,2023-01-26,New York,Houston,1419.3,SW,-1.0
0022200739,1610612739,CLE,2023-01-27,Houston,Oklahoma City,414.1,N,0.0
0022200754,1610612739,CLE,2023-01-29,Oklahoma City,Cleveland,950.2,NE,1.0
0022200764,1610612739,CLE,2023-01-31,Cleveland,Cleveland,0.0,,0.0
0022200779,1610612739,CLE,2023-02-02,Cleveland,Cleveland,0.0,,0.0
0022200803,1610612739,CLE,2023-02-05,Cleveland,Indianapolis,263.0,SW,0.0
0022200809,1610612739,CLE,2023-02-06,Indianapolis,Washington,491.6,E,0.0
0022200822,1610612739,CLE,2023-02-08,Washington,Cleveland,304.7,NW,0.0
0022200842,1610612739,CLE,2023-02-10,Cleveland,New Orleans,925.3,SW,-1.0
0022200852,1610612739,CLE,2023-02-11,New Orleans,Cleveland,925.3,NE,1.0
0022200858,1610612739,CLE,2023-02-13,Cleveland,Cleveland,0.0,,0.0
0022200875,1610612739,CLE,2023-02-15,Cleveland,Philadelphia,358.6,E,0.0
0022200886,1610612739,CLE,2023-02-23,Philadelphia,Cleveland,358.6,W,0.0
0022200896,1610612739,CLE,2023-02-24,Cleveland,Atlanta,554.8,S,0.0
0022200914,1610612739,CLE,2023-02-26,Atlanta,Cleveland,554.8,N,0.0
0022200935,1610612739,CLE,2023-03-01,Cleveland,Boston,549.1,E,0.0
0022200957,1610612739,CLE,2023-03-04,Boston,Cleveland,549.1,W,0.0
0022200971,1610612739,CLE,2023-03-06,Cleveland,Cleveland,0.0,,0.0
0022200987,1610612739,CLE,2023-03-08,Cleveland,Miami,1089.2,S,0.0
0022201000,1610612739,CLE,2023-03-10,Miami,Miami,0.0,,0.0
0022201015,1610612739,CLE,2023-03-12,Miami,Charlotte,653.7,N,0.0
0022201027,1610612739,CLE,2023-03-14,Charlotte,Charlotte,0.0,,0.0
0022201035,1610612739,CLE,2023-03-15,Charlotte,Cleveland,435.7,N,0.0
0022201049,1610612739,CLE,2023-03-17,Cleveland,Cleveland,0.0,,0.0
0022201079,1610612739,CLE,2023-03-21,Cleveland,Brooklyn,405.4,E,0.0
0022201094,1610612739,CLE,2023-03-23,Brooklyn,Brooklyn,0.0,,0.0
0022201117,1610612739,CLE,2023-03-26,Brooklyn,Cleveland,405.4,W,0.0
0022201131,1610612739,CLE,2023-03-28,Cleveland,Atlanta,554.8,S,0.0
0022201154,1610612739,CLE,2023-03-31,Atlanta,Cleveland,554.8,N,0.0
0022201173,1610612739,CLE,2023-04-02,Cleveland,Cleveland,0.0,,0.0
0022201178,1610612739,CLE,2023-04-04,Cleveland,Orlando,895.4,S,0.0
0022201197,1610612739,CLE,2023-04-06,Orlando,Orlando,0.0,,0.0
0022201218,1610612739,CLE,2023-04-09,Orlando,Cleveland,895.4,N,0.0
0022200006,1610612740,NOP,2022-10-19,New Orleans,Brooklyn,1169.1,NE,1.0
0022200017,1610612740,NOP,2022-10-21,Brooklyn,Charlotte,530.7,SW,0.0
0022200040,1610612740,NOP,2022-10-23,Charlotte,New Orleans,649.5,SW,-1.0
0022200053,1610612740,NOP,2022-10-25,New Orleans,New Orleans,0.0,,0.0
0022200079,1610612740,NOP,2022-10-28,New Orleans,Phoenix,1312.5,W,-2.0
0022200088,1610612740,NOP,2022-10-30,Phoenix,Inglewood,362.1,W,0.0
0022200117,1610612740,NOP,2022-11-02,Inglewood,Los Angeles,8.0,NE,0.0
0022200128,1610612740,NOP,2022-11-04,Los Angeles,New Orleans,1670.2,E,2.0
0022200134,1610612740,NOP,2022-11-05,New Orleans,Atlanta,424.8,NE,1.0
0022200147,1610612740,NOP,2022-11-07,Atlanta,Indianapolis,426.3,N,0.0
0022200166,1610612740,NOP,2022-11-09,Indianapolis,Chicago,166.4,NW,-1.0
0022200175,1610612740,NOP,2022-11-10,Chicago,New Orleans,835.2,S,0.0
0022200191,1610612740,NOP,2022-11-12,New Orleans,New Orleans,0.0,,0.0
0022200206,1610612740,NOP,2022-11-15,New Orleans,New Orleans,0.0,,0.0
0022200217,1610612740,NOP,2022-11-16,New Orleans,New Orleans,0.0,,0.0
0022200231,1610612740,NOP,2022-11-18,New Orleans,New Orleans,0.0,,0.0
0022200253,1610612740,NOP,2022-11-21,New Orleans,New Orleans,0.0,,0.0
0022200269,1610612740,NOP,2022-11-23,New Orleans,San Antonio,502.7,W,0.0
0022200279,1610612740,NOP,2022-11-25,San Antonio,Memphis,628.6,NE,0.0
0022200304,1610612740,NOP,2022-11-28,Memphis,New Orleans,358.5,S,0.0
0022200318,1610612740,NOP,2022-11-30,New Orleans,New Orleans,0.0,,0.0
0022200333,1610612740,NOP,2022-12-02,New Orleans,San Antonio,502.7,W,0.0
0022200344,1610612740,NOP,2022-12-04,San Antonio,New Orleans,502.7,E,0.0
0022200371,1610612740,NOP,2022-12-07,New Orleans,New Orleans,0.0,,0.0
0022200384,1610612740,NOP,2022-12-09,New Orleans,New Orleans,0.0,,0.0
0022200395,1610612740,NOP,2022-12-11,New Orleans,New Orleans,0.0,,0.0
0022200412,1610612740,NOP,2022-12-13,New Orleans,Salt Lake City,1432.8,NW,-1.0
0022200426,1610612740,NOP,2022-12-15,Salt Lake City,Salt Lake City,0.0,,0.0
0022200444,1610612740,NOP,2022-12-17,Salt Lake City,Phoenix,506.0,S,0.0
0022200457,1610612740,NOP,2022-12-19,Phoenix,New Orleans,1312.5,E,1.0
0022200477,1610612740,NOP,2022-12-22,New Orleans,New Orleans,0.0,,0.0
0022200488,1610612740,NOP,2022-12-23,New Orleans,Oklahoma City,575.8,NW,0.0
0022200502,1610612740,NOP,2022-12-26,Oklahoma City,New Orleans,575.8,SE,0.0
0022200520,1610612740,NOP,2022-12-28,New Orleans,New Orleans,0.0,,0.0
0022200534,1610612740,NOP,2022-12-30,New Orleans,New Orleans,0.0,,0.0
0022200543,1610612740,NOP,2022-12-31,New Orleans,Memphis,358.5,N,0.0
0022200554,1610612740,NOP,2023-01-02,Memphis,Philadelphia,877.9,NE,1.0
0022200572,1610612740,NOP,2023-01-04,Philadelphia,New Orleans,1086.5,SW,-1.0
0022200586,1610612740,NOP,2023-01-06,New Orleans,New Orleans,0.0,,0.0
0022200593,1610612740,NOP,2023-01-07,New Orleans,Dallas,442.7,NW,0.0
0022200605,1610612740,NOP,2023-01-09,Dallas,Washington,1183.0,NE,1.0
0022200621,1610612740,NOP,2023-01-11,Washington,Boston,393.6,NE,0.0
0022200632,1610612740,NOP,2023-01-13,Boston,Detroit,611.9,W,0.0
0022200658,1610612740,NOP,2023-01-16,Detroit,Cleveland,91.3,SE,0.0
0022200673,1610612740,NOP,2023-01-18,Cleveland,New Orleans,925.3,SW,-1.0
0022200683,1610612740,NOP,2023-01-20,New Orleans,Orlando,533.2,E,1.0
0022200699,1610612740,NOP,2023-01-22,Orlando,Miami,204.3,S,0.0
0022200716,1610612740,NOP,2023-01-24,Miami,New Orleans,669.1,NW,-1.0
0022200724,1610612740,NOP,2023-01-25,New Orleans,New Orleans,0.0,,0.0
0022200747,1610612740,NOP,2023-01-28,New Orleans,New Orleans,0.0,,0.0
0022200755,1610612740,NOP,2023-01-29,New Orleans,Milwaukee,912.7,N,0.0
0022200768,1610612740,NOP,2023-01-31,Milwaukee,Denver,912.8,W,-1.0
0022200782,1610612740,NOP,2023-02-02,Denver,Dallas,662.5,SE,1.0
0022200798,1610612740,NOP,2023-02-04,Dallas,New Orleans,442.7,SE,0.0
0022200807,1610612740,NOP,2023-02-05,New Orleans,New Orleans,0.0,,0.0
0022200818,1610612740,NOP,2023-02-07,New Orleans,New Orleans,0.0,,0.0
0022200842,1610612740,NOP,2023-02-10,New Orleans,New Orleans,0.0,,0.0
0022200864,1610612740,NOP,2023-02-13,New Orleans,Oklahoma City,575.8,NW,0.0
0022200882,1610612740,NOP,2023-02-15,Oklahoma City,Los Angeles,1180.0,W,-2.0
0022200890,1610612740,NOP,2023-02-23,Los Angeles,Toronto,2173.0,NE,3.0
0022200906,1610612740,NOP,2023-02-25,Toronto,New York,340.4,SE,0.0
0022200922,1610612740,NOP,2023-02-27,New York,New Orleans,1171.0,SW,-1.0
0022200941,1610612740,NOP,2023-03-01,New Orleans,Portland,2059.5,NW,-2.0
0022200953,1610612740,NOP,2023-03-03,Portland,San Francisco,536.6,S,0.0
0022200976,1610612740,NOP,2023-03-06,San Francisco,Sacramento,74.0,NE,0.0
0022200988,1610612740,NOP,2023-03-08,Sacramento,New Orleans,1879.8,E,2.0
0022201011,1610612740,NOP,2023-03-11,New Orleans,New Orleans,0.0,,0.0
0022201017,1610612740,NOP,2023-03-12,New Orleans,New Orleans,0.0,,0.0
0022201030,1610612740,NOP,2023-03-14,New Orleans,New Orleans,0.0,,0.0
0022201051,1610612740,NOP,2023-03-17,New Orleans,Houston,316.7,W,0.0
0022201067,1610612740,NOP,2023-03-19,Houston,Houston,0.0,,0.0
0022201080,1610612740,NOP,2023-03-21,Houston,New Orleans,316.7,E,0.0
0022201095,1610612740,NOP,2023-03-23,New Orleans,New Orleans,0.0,,0.0
0022201112,1610612740,NOP,2023-03-25,New Orleans,Inglewood,1674.3,W,-2.0
0022201127,1610612740,NOP,2023-03-27,Inglewood,Portland,832.5,N,0.0
0022201135,1610612740,NOP,2023-03-28,Portland,San Francisco,536.6,S,0.0
0022201147,1610612740,NOP,2023-03-30,San Francisco,Denver,944.8,E,1.0
0022201162,1610612740,NOP,2023-04-01,Denver,New Orleans,1081.3,SE,1.0
0022201185,1610612740,NOP,2023-04-04,New Orleans,New Orleans,0.0,,0.0
0022201194,1610612740,NOP,2023-04-05,New Orleans,New Orleans,0.0,,0.0
0022201209,1610612740,NOP,2023-04-07,New Orleans,New Orleans,0.0,,0.0
0022201225,1610612740,NOP,2023-04-09,New Orleans,Minneapolis,1053.0,N,0.0
0022200007,1610612741,CHI,2022-10-19,Chicago,Miami,1191.3,SE,1.0
0022200019,1610612741,CHI,2022-10-21,Miami,Washington,924.8,N,0.0
0022200032,1610612741,CHI,2022-10-22,Washington,Chicago,596.8,NW,-1.0
0022200047,1610612741,CHI,2022-10-24,Chicago,Chicago,0.0,,0.0
0022200061,1610612741,CHI,2022-10-26,Chicago,Chicago,0.0,,0.0
0022200077,1610612741,CHI,2022-10-28,Chicago,San Antonio,1049.5,SW,0.0
0022200084,1610612741,CHI,2022-10-29,San Antonio,Chicago,1049.5,NE,0.0
0022200103,1610612741,CHI,2022-11-01,Chicago,Brooklyn,715.3,E,1.0
0022200111,1610612741,CHI,2022-11-02,Brooklyn,Chicago,715.3,W,-1.0
0022200124,1610612741,CHI,2022-11-04,Chicago,Boston,850.6,E,1.0
0022200141,1610612741,CHI,2022-11-06,Boston,Toronto,429.2,W,0.0
0022200151,1610612741,CHI,2022-11-07,Toronto,Chicago,437.8,W,-1.0
0022200166,1610612741,CHI,2022-11-09,Chicago,Chicago,0.0,,0.0
0022200196,1610612741,CHI,2022-11-13,Chicago,Chicago,0.0,,0.0
0022200217,1610612741,CHI,2022-11-16,Chicago,New Orleans,835.2,S,0.0
0022200227,1610612741,CHI,2022-11-18,New Orleans,Chicago,835.2,N,0.0
0022200250,1610612741,CHI,2022-11-21,Chicago,Chicago,0.0,,0.0
0022200267,1610612741,CHI,2022-11-23,Chicago,Milwaukee,81.4,N,0.0
0022200281,1610612741,CHI,2022-11-25,Milwaukee,Oklahoma City,732.6,SW,0.0
0022200306,1610612741,CHI,2022-11-28,Oklahoma City,Salt Lake City,862.2,NW,-1.0
0022200321,1610612741,CHI,2022-11-30,Salt Lake City,Phoenix,506.0,S,0.0
0022200336,1610612741,CHI,2022-12-02,Phoenix,San Francisco,651.4,NW,-1.0
0022200350,1610612741,CHI,2022-12-04,San Francisco,Sacramento,74.0,NE,0.0
0022200367,1610612741,CHI,2022-12-07,Sacramento,Chicago,1787.1,E,2.0
0022200391,1610612741,CHI,2022-12-10,Chicago,Chicago,0.0,,0.0
0022200400,1610612741,CHI,2022-12-11,Chicago,Atlanta,589.0,S,1.0
0022200418,1610612741,CHI,2022-12-14,Atlanta,Chicago,589.0,N,-1.0
0022200434,1610612741,CHI,2022-12-16,Chicago,Chicago,0.0,,0.0
0022200449,1610612741,CHI,2022-12-18,Chicago,Minneapolis,353.2,NW,0.0
0022200462,1610612741,CHI,2022-12-20,Minneapolis,Miami,1513.1,SE,1.0
0022200468,1610612741,CHI,2022-12-21,Miami,Atlanta,606.0,NW,0.0
0022200485,1610612741,CHI,2022-12-23,Atlanta,New York,747.9,NE,0.0
0022200501,1610612741,CHI,2022-12-26,New York,Chicago,713.5,W,-1.0
0022200519,1610612741,CHI,2022-12-28,Chicago,Chicago,0.0,,0.0
0022200532,1610612741,CHI,2022-12-30,Chicago,Chicago,0.0,,0.0
0022200540,1610612741,CHI,2022-12-31,Chicago,Chicago,0.0,,0.0
0022200552,1610612741,CHI,2023-01-02,Chicago,Cleveland,309.9,E,1.0
0022200570,1610612741,CHI,2023-01-04,Cleveland,Chicago,309.9,W,-1.0
0022200581,1610612741,CHI,2023-01-06,Chicago,Philadelphia,666.5,E,1.0
0022200592,1610612741,CHI,2023-01-07,Philadelphia,Chicago,666.5,W,-1.0
0022200606,1610612741,CHI,2023-01-09,Chicago,Boston,850.6,E,1.0
0022200619,1610612741,CHI,2023-01-11,Boston,Washington,393.6,SW,0.0
0022200636,1610612741,CHI,2023-01-13,Washington,Chicago,596.8,NW,-1.0
0022200650,1610612741,CHI,2023-01-15,Chicago,Chicago,0.0,,0.0
0022200678,1610612741,CHI,2023-01-19,Chicago,Detroit,238.9,E,1.0
0022200708,1610612741,CHI,2023-01-23,Detroit,Chicago,238.9,W,-1.0
0022200713,1610612741,CHI,2023-01-24,Chicago,Indianapolis,166.4,SE,1.0
0022200732,1610612741,CHI,2023-01-26,Indianapolis,Charlotte,428.0,SE,0.0
0022200744,1610612741,CHI,2023-01-28,Charlotte,Orlando,463.1,S,0.0
0022200766,1610612741,CHI,2023-01-31,Orlando,Chicago,987.1,N,-1.0
0022200781,1610612741,CHI,2023-02-02,Chicago,Chicago,0.0,,0.0
0022200796,1610612741,CHI,2023-02-04,Chicago,Chicago,0.0,,0.0
0022200811,1610612741,CHI,2023-02-06,Chicago,Chicago,0.0,,0.0
0022200819,1610612741,CHI,2023-02-07,Chicago,Memphis,483.2,S,0.0
0022200833,1610612741,CHI,2023-02-09,Memphis,Brooklyn,954.5,NE,1.0
0022200852,1610612741,CHI,2023-02-11,Brooklyn,Cleveland,405.4,W,0.0
0022200863,1610612741,CHI,2023-02-13,Cleveland,Chicago,309.9,W,-1.0
0022200874,1610612741,CHI,2023-02-15,Chicago,Indianapolis,166.4,SE,1.0
0022200883,1610612741,CHI,2023-02-16,Indianapolis,Chicago,166.4,NW,-1.0
0022200900,1610612741,CHI,2023-02-24,Chicago,Chicago,0.0,,0.0
0022200912,1610612741,CHI,2023-02-26,Chicago,Chicago,0.0,,0.0
0022200925,1610612741,CHI,2023-02-28,Chicago,Toronto,437.8,E,1.0
0022200934,1610612741,CHI,2023-03-01,Toronto,Detroit,206.4,SW,0.0
0022200950,1610612741,CHI,2023-03-03,Detroit,Chicago,238.9,W,-1.0
0022200963,1610612741,CHI,2023-03-05,Chicago,Chicago,0.0,,0.0
0022200989,1610612741,CHI,2023-03-08,Chicago,Denver,916.7,W,-1.0
0022201009,1610612741,CHI,2023-03-11,Denver,Houston,880.3,SE,1.0
0022201037,1610612741,CHI,2023-03-15,Houston,Chicago,941.3,NE,0.0
0022201050,1610612741,CHI,2023-03-17,Chicago,Chicago,0.0,,0.0
0022201060,1610612741,CHI,2023-03-18,Chicago,Chicago,0.0,,0.0
0022201072,1610612741,CHI,2023-03-20,Chicago,Philadelphia,666.5,E,1.0
0022201087,1610612741,CHI,2023-03-22,Philadelphia,Chicago,666.5,W,-1.0
0022201104,1610612741,CHI,2023-03-24,Chicago,Portland,1751.7,W,-2.0
0022201114,1610612741,CHI,2023-03-26,Portland,Los Angeles,827.1,S,0.0
0022201129,1610612741,CHI,2023-03-27,Los Angeles,Inglewood,8.0,SW,0.0
0022201140,1610612741,CHI,2023-03-29,Inglewood,Chicago,1748.5,NE,2.0
0022201148,1610612741,CHI,2023-03-31,Chicago,Charlotte,589.4,SE,1.0
0022201165,1610612741,CHI,2023-04-02,Charlotte,Chicago,589.4,NW,-1.0
0022201182,1610612741,CHI,2023-04-04,Chicago,Chicago,0.0,,0.0
0022201193,1610612741,CHI,2023-04-05,Chicago,Milwaukee,81.4,N,0.0
0022201210,1610612741,CHI,2023-04-07,Milwaukee,Dallas,857.3,SW,0.0
0022201223,1610612741,CHI,2023-04-09,Dallas,Chicago,803.0,NE,0.0
0022200013,1610612742,DAL,2022-10-19,Dallas,Phoenix,883.5,W,-2.0
0022200034,1610612742,DAL,2022-10-22,Phoenix,Dallas,883.5,E,2.0
0022200053,1610612742,DAL,2022-10-25,Dallas,New Orleans,442.7,SE,0.0
0022200066,1610612742,DAL,2022-10-27,New Orleans,Brooklyn,1169.1,NE,1.0
0022200086,1610612742,DAL,2022-10-29,Brooklyn,Dallas,1371.7,W,-1.0
0022200093,1610612742,DAL,2022-10-30,Dallas,Dallas,0.0,,0.0
0022200115,1610612742,DAL,2022-11-02,Dallas,Dallas,0.0,,0.0
0022200127,1610612742,DAL,2022-11-04,Dallas,Dallas,0.0,,0.0
0022200155,1610612742,DAL,2022-11-07,Dallas,Dallas,0.0,,0.0
0022200161,1610612742,DAL,2022-11-09,Dallas,Orlando,961.6,E,1.0
0022200172,1610612742,DAL,2022-11-10,Orlando,Washington,758.1,N,0.0
0022200190,1610612742,DAL,2022-11-12,Washington,Dallas,1183.0,W,-1.0
0022200207,1610612742,DAL,2022-11-15,Dallas,Dallas,0.0,,0.0
0022200218,1610612742,DAL,2022-11-16,Dallas,Dallas,0.0,,0.0
0022200230,1610612742,DAL,2022-11-18,Dallas,Dallas,0.0,,0.0
0022200246,1610612742,DAL,2022-11-20,Dallas,Dallas,0.0,,0.0
0022200264,1610612742,DAL,2022-11-23,Dallas,Boston,1549.3,NE,1.0
0022200286,1610612742,DAL,2022-11-26,Boston,Toronto,429.2,W,0.0
0022200298,1610612742,DAL,2022-11-27,Toronto,Milwaukee,430.8,W,-1.0
0022200310,1610612742,DAL,2022-11-29,Milwaukee,Dallas,857.3,SW,0.0
0022200325,1610612742,DAL,2022-12-01,Dallas,Detroit,999.2,NE,1.0
0022200337,1610612742,DAL,2022-12-03,Detroit,New York,481.0,E,0.0
0022200358,1610612742,DAL,2022-12-05,New York,Dallas,1372.1,W,-1.0
0022200362,1610612742,DAL,2022-12-06,Dallas,Denver,662.5,NW,-1.0
0022200386,1610612742,DAL,2022-12-09,Denver,Dallas,662.5,SE,1.0
0022200391,1610612742,DAL,2022-12-10,Dallas,Chicago,803.0,NE,0.0
0022200405,1610612742,DAL,2022-12-12,Chicago,Dallas,803.0,SW,0.0
0022200421,1610612742,DAL,2022-12-14,Dallas,Dallas,0.0,,0.0
0022200436,1610612742,DAL,2022-12-16,Dallas,Dallas,0.0,,0.0
0022200440,1610612742,DAL,2022-12-17,Dallas,Cleveland,1024.9,NE,1.0
0022200456,1610612742,DAL,2022-12-19,Cleveland,Minneapolis,630.2,NW,-1.0
0022200473,1610612742,DAL,2022-12-21,Minneapolis,Minneapolis,0.0,,0.0
0022200487,1610612742,DAL,2022-12-23,Minneapolis,Houston,1058.3,S,0.0
0022200494,1610612742,DAL,2022-12-25,Houston,Dallas,226.8,N,0.0
0022200512,1610612742,DAL,2022-12-27,Dallas,Dallas,0.0,,0.0
0022200528,1610612742,DAL,2022-12-29,Dallas,Dallas,0.0,,0.0
0022200542,1610612742,DAL,2022-12-31,Dallas,San Antonio,251.5,SW,0.0
0022200556,1610612742,DAL,2023-01-02,San Antonio,Houston,186.1,E,0.0
0022200577,1610612742,DAL,2023-01-05,Houston,Dallas,226.8,N,0.0
0022200593,1610612742,DAL,2023-01-07,Dallas,Dallas,0.0,,0.0
0022200602,1610612742,DAL,2023-01-08,Dallas,Oklahoma City,189.0,N,0.0
0022200617,1610612742,DAL,2023-01-10,Oklahoma City,Inglewood,1185.4,W,-2.0
0022200630,1610612742,DAL,2023-01-12,Inglewood,Los Angeles,8.0,NE,0.0
0022200647,1610612742,DAL,2023-01-14,Los Angeles,Portland,827.1,N,0.0
0022200654,1610612742,DAL,2023-01-15,Portland,Portland,0.0,,0.0
0022200670,1610612742,DAL,2023-01-18,Portland,Dallas,1630.0,SE,2.0
0022200686,1610612742,DAL,2023-01-20,Dallas,Dallas,0.0,,0.0
0022200701,1610612742,DAL,2023-01-22,Dallas,Dallas,0.0,,0.0
0022200717,1610612742,DAL,2023-01-24,Dallas,Dallas,0.0,,0.0
0022200734,1610612742,DAL,2023-01-26,Dallas,Phoenix,883.5,W,-1.0
0022200750,1610612742,DAL,2023-01-28,Phoenix,Salt Lake City,506.0,N,0.0
0022200761,1610612742,DAL,2023-01-30,Salt Lake City,Dallas,998.4,SE,1.0
0022200782,1610612742,DAL,2023-02-02,Dallas,Dallas,0.0,,0.0
0022200800,1610612742,DAL,2023-02-04,Dallas,San Francisco,1478.1,W,-2.0
0022200813,1610612742,DAL,2023-02-06,San Francisco,Salt Lake City,597.6,NE,1.0
0022200829,1610612742,DAL,2023-02-08,Salt Lake City,Inglewood,589.0,SW,-1.0
0022200844,1610612742,DAL,2023-02-10,Inglewood,Sacramento,365.3,NW,0.0
0022200854,1610612742,DAL,2023-02-11,Sacramento,Sacramento,0.0,,0.0
0022200865,1610612742,DAL,2023-02-13,Sacramento,Dallas,1437.2,E,2.0
0022200881,1610612742,DAL,2023-02-15,Dallas,Denver,662.5,NW,-1.0
0022200891,1610612742,DAL,2023-02-23,Denver,Dallas,662.5,SE,1.0
0022200913,1610612742,DAL,2023-02-26,Dallas,Dallas,0.0,,0.0
0022200929,1610612742,DAL,2023-02-28,Dallas,Dallas,0.0,,0.0
0022200943,1610612742,DAL,2023-03-02,Dallas,Dallas,0.0,,0.0
0022200962,1610612742,DAL,2023-03-05,Dallas,Dallas,0.0,,0.0
0022200983,1610612742,DAL,2023-03-07,Dallas,Dallas,0.0,,0.0
0022200988,1610612742,DAL,2023-03-08,Dallas,New Orleans,442.7,SE,0.0
0022201010,1610612742,DAL,2023-03-11,New Orleans,Memphis,358.5,N,0.0
0022201023,1610612742,DAL,2023-03-13,Memphis,Dallas,419.8,W,0.0
0022201040,1610612742,DAL,2023-03-15,Dallas,San Antonio,251.5,SW,0.0
0022201054,1610612742,DAL,2023-03-17,San Antonio,Los Angeles,1205.9,W,-2.0
0022201075,1610612742,DAL,2023-03-20,Los Angeles,Memphis,1601.4,E,2.0
0022201086,1610612742,DAL,2023-03-22,Memphis,Dallas,419.8,W,0.0
0022201101,1610612742,DAL,2023-03-24,Dallas,Dallas,0.0,,0.0
0022201113,1610612742,DAL,2023-03-26,Dallas,Charlotte,929.0,E,1.0
0022201123,1610612742,DAL,2023-03-27,Charlotte,Indianapolis,428.0,NW,0.0
0022201139,1610612742,DAL,2023-03-29,Indianapolis,Philadelphia,582.5,E,0.0
0022201161,1610612742,DAL,2023-04-01,Philadelphia,Miami,1017.6,S,0.0
0022201167,1610612742,DAL,2023-04-02,Miami,Atlanta,606.0,NW,0.0
0022201195,1610612742,DAL,2023-04-05,Atlanta,Dallas,719.8,W,-1.0
0022201210,1610612742,DAL,2023-04-07,Dallas,Dallas,0.0,,0.0
0022201224,1610612742,DAL,2023-04-09,Dallas,Dallas,0.0,,0.0
0022200012,1610612743,DEN,2022-10-19,Denver,Salt Lake City,370.1,W,0.0
0022200026,1610612743,DEN,2022-10-21,Salt Lake City,San Francisco,597.6,W,-1.0
0022200035,1610612743,DEN,2022-10-22,San Francisco,Denver,944.8,E,1.0
0022200051,1610612743,DEN,2022-10-24,Denver,Portland,979.7,NW,-1.0
0022200064,1610612743,DEN,2022-10-26,Portland,Denver,979.7,E,1.0
0022200078,1610612743,DEN,2022-10-28,Denver,Denver,0.0,,0.0
0022200095,1610612743,DEN,2022-10-30,Denver,Los Angeles,830.8,SW,-1.0
0022200119,1610612743,DEN,2022-11-03,Los Angeles,Oklahoma City,1180.0,E,2.0
0022200138,1610612743,DEN,2022-11-05,Oklahoma City,Denver,505.5,NW,-1.0
0022200154,1610612743,DEN,2022-11-07,Denver,San Antonio,804.6,SE,1.0
0022200160,1610612743,DEN,2022-11-09,San Antonio,Indianapolis,997.1,NE,1.0
0022200176,1610612743,DEN,2022-11-11,Indianapolis,Boston,805.4,E,0.0
0022200196,1610612743,DEN,2022-11-13,Boston,Chicago,850.6,W,-1.0
0022200219,1610612743,DEN,2022-11-16,Chicago,Denver,916.7,W,-1.0
0022200230,1610612743,DEN,2022-11-18,Denver,Dallas,662.5,SE,1.0
0022200246,1610612743,DEN,2022-11-20,Dallas,Dallas,0.0,,0.0
0022200258,1610612743,DEN,2022-11-22,Dallas,Denver,662.5,NW,-1.0
0022200268,1610612743,DEN,2022-11-23,Denver,Oklahoma City,505.5,SE,1.0
0022200285,1610612743,DEN,2022-11-25,Oklahoma City,Inglewood,1185.4,W,-2.0
0022200305,1610612743,DEN,2022-11-28,Inglewood,Denver,838.0,NE,1.0
0022200320,1610612743,DEN,2022-11-30,Denver,Denver,0.0,,0.0
0022200327,1610612743,DEN,2022-12-02,Denver,Atlanta,1210.4,E,2.0
0022200344,1610612743,DEN,2022-12-04,Atlanta,New Orleans,424.8,SW,-1.0
0022200362,1610612743,DEN,2022-12-06,New Orleans,Denver,1081.3,NW,-1.0
0022200376,1610612743,DEN,2022-12-08,Denver,Portland,979.7,NW,-1.0
0022200393,1610612743,DEN,2022-12-10,Portland,Denver,979.7,E,1.0
0022200422,1610612743,DEN,2022-12-14,Denver,Denver,0.0,,0.0
0022200437,1610612743,DEN,2022-12-16,Denver,Los Angeles,830.8,SW,-1.0
0022200450,1610612743,DEN,2022-12-18,Los Angeles,Denver,830.8,NE,1.0
0022200465,1610612743,DEN,2022-12-20,Denver,Denver,0.0,,0.0
0022200489,1610612743,DEN,2022-12-23,Denver,Denver,0.0,,0.0
0022200497,1610612743,DEN,2022-12-25,Denver,Denver,0.0,,0.0
0022200514,1610612743,DEN,2022-12-27,Denver,Sacramento,885.9,W,-1.0
0022200522,1610612743,DEN,2022-12-28,Sacramento,Sacramento,0.0,,0.0
0022200535,1610612743,DEN,2022-12-30,Sacramento,Denver,885.9,E,1.0
0022200549,1610612743,DEN,2023-01-01,Denver,Denver,0.0,,0.0
0022200557,1610612743,DEN,2023-01-02,Denver,Minneapolis,698.5,NE,1.0
0022200579,1610612743,DEN,2023-01-05,Minneapolis,Denver,698.5,SW,-1.0
0022200588,1610612743,DEN,2023-01-06,Denver,Denver,0.0,,0.0
0022200609,1610612743,DEN,2023-01-09,Denver,Denver,0.0,,0.0
0022200624,1610612743,DEN,2023-01-11,Denver,Denver,0.0,,0.0
0022200639,1610612743,DEN,2023-01-13,Denver,Inglewood,838.0,SW,-1.0
0022200653,1610612743,DEN,2023-01-15,Inglewood,Denver,838.0,NE,1.0
0022200667,1610612743,DEN,2023-01-17,Denver,Denver,0.0,,0.0
0022200676,1610612743,DEN,2023-01-18,Denver,Denver,0.0,,0.0
0022200688,1610612743,DEN,2023-01-20,Denver,Denver,0.0,,0.0
0022200702,1610612743,DEN,2023-01-22,Denver,Denver,0.0,,0.0
0022200716,1610612743,DEN,2023-01-24,Denver,New Orleans,1081.3,SE,1.0
0022200723,1610612743,DEN,2023-01-25,New Orleans,Milwaukee,912.7,N,0.0
0022200741,1610612743,DEN,2023-01-28,Milwaukee,Philadelphia,693.8,E,1.0
0022200768,1610612743,DEN,2023-01-31,Philadelphia,Denver,1575.8,W,-2.0
0022200783,1610612743,DEN,2023-02-02,Denver,Denver,0.0,,0.0
0022200801,1610612743,DEN,2023-02-04,Denver,Denver,0.0,,0.0
0022200806,1610612743,DEN,2023-02-05,Denver,Minneapolis,698.5,NE,1.0
0022200820,1610612743,DEN,2023-02-07,Minneapolis,Denver,698.5,SW,-1.0
0022200831,1610612743,DEN,2023-02-09,Denver,Orlando,1550.1,SE,2.0
0022200847,1610612743,DEN,2023-02-11,Orlando,Charlotte,463.1,N,0.0
0022200861,1610612743,DEN,2023-02-13,Charlotte,Miami,653.7,S,0.0
0022200881,1610612743,DEN,2023-02-15,Miami,Denver,1725.7,NW,-2.0
0022200886,1610612743,DEN,2023-02-23,Denver,Cleveland,1225.2,E,2.0
0022200907,1610612743,DEN,2023-02-25,Cleveland,Memphis,630.7,SW,-1.0
0022200918,1610612743,DEN,2023-02-26,Memphis,Denver,878.8,NW,-1.0
0022200926,1610612743,DEN,2023-02-28,Denver,Houston,880.3,SE,1.0
0022200952,1610612743,DEN,2023-03-03,Houston,Denver,880.3,NW,-1.0
0022200975,1610612743,DEN,2023-03-06,Denver,Denver,0.0,,0.0
0022200989,1610612743,DEN,2023-03-08,Denver,Denver,0.0,,0.0
0022201002,1610612743,DEN,2023-03-10,Denver,San Antonio,804.6,SE,1.0
0022201014,1610612743,DEN,2023-03-12,San Antonio,Denver,804.6,NW,-1.0
0022201029,1610612743,DEN,2023-03-14,Denver,Toronto,1343.6,E,2.0
0022201042,1610612743,DEN,2023-03-16,Toronto,Detroit,206.4,SW,0.0
0022201055,1610612743,DEN,2023-03-18,Detroit,New York,481.0,E,0.0
0022201063,1610612743,DEN,2023-03-19,New York,Brooklyn,4.8,S,0.0
0022201083,1610612743,DEN,2023-03-22,Brooklyn,Washington,203.3,SW,0.0
0022201109,1610612743,DEN,2023-03-25,Washington,Denver,1491.0,W,-2.0
0022201126,1610612743,DEN,2023-03-27,Denver,Denver,0.0,,0.0
0022201147,1610612743,DEN,2023-03-30,Denver,Denver,0.0,,0.0
0022201160,1610612743,DEN,2023-03-31,Denver,Phoenix,585.4,SW,-1.0
0022201175,1610612743,DEN,2023-04-02,Phoenix,Denver,585.4,NE,1.0
0022201183,1610612743,DEN,2023-04-04,Denver,Houston,880.3,SE,1.0
0022201201,1610612743,DEN,2023-04-06,Houston,Phoenix,1014.7,W,-2.0
0022201213,1610612743,DEN,2023-04-08,Phoenix,Salt Lake City,506.0,N,1.0
0022201227,1610612743,DEN,2023-04-09,Salt Lake City,Denver,370.1,E,0.0
0022200002,1610612744,GSW,2022-10-18,San Francisco,San Francisco,0.0,,0.0
0022200026,1610612744,GSW,2022-10-21,San Francisco,San Francisco,0.0,,0.0
0022200042,1610612744,GSW,2022-10-23,San Francisco,San Francisco,0.0,,0.0
0022200055,1610612744,GSW,2022-10-25,San Francisco,Phoenix,651.4,SE,0.0
0022200068,1610612744,GSW,2022-10-27,Phoenix,San Francisco,651.4,NW,0.0
0022200082,1610612744,GSW,2022-10-29,San Francisco,Charlotte,2295.5,E,3.0
0022200091,1610612744,GSW,2022-10-30,Charlotte,Detroit,505.9,N,0.0
0022200104,1610612744,GSW,2022-11-01,Detroit,Miami,1155.7,S,0.0
0022200118,1610612744,GSW,2022-11-03,Miami,Orlando,204.3,N,0.0
0022200128,1610612744,GSW,2022-11-04,Orlando,New Orleans,533.2,W,-1.0
0022200156,1610612744,GSW,2022-11-07,New Orleans,San Francisco,1920.0,NW,-2.0
0022200182,1610612744,GSW,2022-11-11,San Francisco,San Francisco,0.0,,0.0
0022200197,1610612744,GSW,2022-11-13,San Francisco,Sacramento,74.0,NE,0.0
0022200205,1610612744,GSW,2022-11-14,Sacramento,San Francisco,74.0,SW,0.0
0022200220,1610612744,GSW,2022-11-16,San Francisco,Phoenix,651.4,SE,1.0
0022200233,1610612744,GSW,2022-11-18,Phoenix,San Francisco,651.4,NW,-1.0
0022200245,1610612744,GSW,2022-11-20,San Francisco,Houston,1641.3,E,2.0
0022200253,1610612744,GSW,2022-11-21,Houston,New Orleans,316.7,E,0.0
0022200271,1610612744,GSW,2022-11-23,New Orleans,San Francisco,1920.0,NW,-2.0
0022200284,1610612744,GSW,2022-11-25,San Francisco,San Francisco,0.0,,0.0
0022200291,1610612744,GSW,2022-11-27,San Francisco,Minneapolis,1579.5,NE,2.0
0022200310,1610612744,GSW,2022-11-29,Minneapolis,Dallas,863.1,S,0.0
0022200336,1610612744,GSW,2022-12-02,Dallas,San Francisco,1478.1,W,-2.0
0022200342,1610612744,GSW,2022-12-03,San Francisco,San Francisco,0.0,,0.0
0022200359,1610612744,GSW,2022-12-05,San Francisco,San Francisco,0.0,,0.0
0022200372,1610612744,GSW,2022-12-07,San Francisco,Salt Lake City,597.6,NE,1.0
0022200392,1610612744,GSW,2022-12-10,Salt Lake City,San Francisco,597.6,W,-1.0
0022200410,1610612744,GSW,2022-12-13,San Francisco,Milwaukee,1836.4,E,2.0
0022200415,1610612744,GSW,2022-12-14,Milwaukee,Indianapolis,244.4,SE,1.0
0022200432,1610612744,GSW,2022-12-16,Indianapolis,Philadelphia,582.5,E,0.0
0022200448,1610612744,GSW,2022-12-18,Philadelphia,Toronto,337.3,NW,0.0
0022200463,1610612744,GSW,2022-12-20,Toronto,New York,340.4,SE,0.0
0022200470,1610612744,GSW,2022-12-21,New York,Brooklyn,4.8,S,0.0
0022200496,1610612744,GSW,2022-12-25,Brooklyn,San Francisco,2566.3,W,-3.0
0022200513,1610612744,GSW,2022-12-27,San Francisco,San Francisco,0.0,,0.0
0022200521,1610612744,GSW,2022-12-28,San Francisco,San Francisco,0.0,,0.0
0022200536,1610612744,GSW,2022-12-30,San Francisco,San Francisco,0.0,,0.0
0022200558,1610612744,GSW,2023-01-02,San Francisco,San Francisco,0.0,,0.0
0022200573,1610612744,GSW,2023-01-04,San Francisco,San Francisco,0.0,,0.0
0022200594,1610612744,GSW,2023-01-07,San Francisco,San Francisco,0.0,,0.0
0022200615,1610612744,GSW,2023-01-10,San Francisco,San Francisco,0.0,,0.0
0022200635,1610612744,GSW,2023-01-13,San Francisco,San Antonio,1488.5,E,2.0
0022200650,1610612744,GSW,2023-01-15,San Antonio,Chicago,1049.5,NE,0.0
0022200660,1610612744,GSW,2023-01-16,Chicago,Washington,596.8,E,1.0
0022200679,1610612744,GSW,2023-01-19,Washington,Boston,393.6,NE,0.0
0022200685,1610612744,GSW,2023-01-20,Boston,Cleveland,549.1,W,0.0
0022200704,1610612744,GSW,2023-01-22,Cleveland,San Francisco,2160.9,W,-3.0
0022200726,1610612744,GSW,2023-01-25,San Francisco,San Francisco,0.0,,0.0
0022200740,1610612744,GSW,2023-01-27,San Francisco,San Francisco,0.0,,0.0
0022200759,1610612744,GSW,2023-01-30,San Francisco,Oklahoma City,1384.4,E,2.0
0022200774,1610612744,GSW,2023-02-01,Oklahoma City,Minneapolis,694.2,N,0.0
0022200783,1610612744,GSW,2023-02-02,Minneapolis,Denver,698.5,SW,-1.0
0022200800,1610612744,GSW,2023-02-04,Denver,San Francisco,944.8,W,-1.0
0022200814,1610612744,GSW,2023-02-06,San Francisco,San Francisco,0.0,,0.0
0022200830,1610612744,GSW,2023-02-08,San Francisco,Portland,536.6,N,0.0
0022200853,1610612744,GSW,2023-02-11,Portland,San Francisco,536.6,S,0.0
0022200866,1610612744,GSW,2023-02-13,San Francisco,San Francisco,0.0,,0.0
0022200871,1610612744,GSW,2023-02-14,San Francisco,Inglewood,347.9,SE,0.0
0022200893,1610612744,GSW,2023-02-23,Inglewood,Los Angeles,8.0,NE,0.0
0022200901,1610612744,GSW,2023-02-24,Los Angeles,San Francisco,345.5,NW,0.0
0022200916,1610612744,GSW,2023-02-26,San Francisco,San Francisco,0.0,,0.0
0022200931,1610612744,GSW,2023-02-28,San Francisco,San Francisco,0.0,,0.0
0022200945,1610612744,GSW,2023-03-02,San Francisco,San Francisco,0.0,,0.0
0022200953,1610612744,GSW,2023-03-03,San Francisco,San Francisco,0.0,,0.0
0022200964,1610612744,GSW,2023-03-05,San Francisco,Los Angeles,345.5,SE,0.0
0022200982,1610612744,GSW,2023-03-07,Los Angeles,Oklahoma City,1180.0,E,2.0
0022200996,1610612744,GSW,2023-03-09,Oklahoma City,Memphis,421.4,E,0.0
0022201012,1610612744,GSW,2023-03-11,Memphis,San Francisco,1797.4,W,-2.0
0022201025,1610612744,GSW,2023-03-13,San Francisco,San Francisco,0.0,,0.0
0022201041,1610612744,GSW,2023-03-15,San Francisco,Inglewood,347.9,SE,0.0
0022201048,1610612744,GSW,2023-03-17,Inglewood,Atlanta,1938.9,E,3.0
0022201061,1610612744,GSW,2023-03-18,Atlanta,Memphis,335.9,W,-1.0
0022201074,1610612744,GSW,2023-03-20,Memphis,Houston,484.1,SW,0.0
0022201086,1610612744,GSW,2023-03-22,Houston,Dallas,226.8,N,0.0
0022201103,1610612744,GSW,2023-03-24,Dallas,San Francisco,1478.1,W,-2.0
0022201121,1610612744,GSW,2023-03-26,San Francisco,San Francisco,0.0,,0.0
0022201135,1610612744,GSW,2023-03-28,San Francisco,San Francisco,0.0,,0.0
0022201158,1610612744,GSW,2023-03-31,San Francisco,San Francisco,0.0,,0.0
0022201175,1610612744,GSW,2023-04-02,San Francisco,Denver,944.8,E,1.0
0022201187,1610612744,GSW,2023-04-04,Denver,San Francisco,944.8,W,-1.0
0022201211,1610612744,GSW,2023-04-07,San Francisco,Sacramento,74.0,NE,0.0
0022201230,1610612744,GSW,2023-04-09,Sacramento,Portland,484.0,N,0.0
0022200005,1610612745,HOU,2022-10-19,Houston,Atlanta,700.7,NE,1.0
0022200024,1610612745,HOU,2022-10-21,Atlanta,Houston,700.7,W,-1.0
0022200033,1610612745,HOU,2022-10-22,Houston,Milwaukee,1006.5,N,0.0
0022200048,1610612745,HOU,2022-10-24,Milwaukee,Houston,1006.5,SW,0.0
0022200063,1610612745,HOU,2022-10-26,Houston,Salt Lake City,1200.6,NW,-1.0
0022200080,1610612745,HOU,2022-10-28,Salt Lake City,Portland,633.9,NW,-1.0
0022200094,1610612745,HOU,2022-10-30,Portland,Phoenix,1006.3,SE,0.0
0022200102,1610612745,HOU,2022-10-31,Phoenix,Inglewood,362.1,W,0.0
0022200112,1610612745,HOU,2022-11-02,Inglewood,Houston,1376.4,E,2.0
0022200137,1610612745,HOU,2022-11-05,Houston,Minneapolis,1058.3,N,0.0
0022200145,1610612745,HOU,2022-11-07,Minneapolis,Orlando,1309.6,SE,1.0
0022200165,1610612745,HOU,2022-11-09,Orlando,Toronto,1049.5,N,0.0
0022200191,1610612745,HOU,2022-11-12,Toronto,New Orleans,1114.1,SW,-1.0
0022200203,1610612745,HOU,2022-11-14,New Orleans,Houston,316.7,W,0.0
0022200218,1610612745,HOU,2022-11-16,Houston,Dallas,226.8,N,0.0
0022200228,1610612745,HOU,2022-11-18,Dallas,Houston,226.8,SE,0.0
0022200245,1610612745,HOU,2022-11-20,Houston,Houston,0.0,,0.0
0022200278,1610612745,HOU,2022-11-25,Houston,Houston,0.0,,0.0
0022200287,1610612745,HOU,2022-11-26,Houston,Houston,0.0,,0.0
0022200305,1610612745,HOU,2022-11-28,Houston,Denver,880.3,NW,-1.0
0022200320,1610612745,HOU,2022-11-30,Denver,Denver,0.0,,0.0
0022200334,1610612745,HOU,2022-12-02,Denver,Phoenix,585.4,SW,0.0
0022200342,1610612745,HOU,2022-12-03,Phoenix,San Francisco,651.4,NW,-1.0
0022200356,1610612745,HOU,2022-12-05,San Francisco,Houston,1641.3,E,2.0
0022200375,1610612745,HOU,2022-12-08,Houston,San Antonio,186.1,W,0.0
0022200401,1610612745,HOU,2022-12-11,San Antonio,Houston,186.1,E,0.0
0022200411,1610612745,HOU,2022-12-13,Houston,Houston,0.0,,0.0
0022200424,1610612745,HOU,2022-12-15,Houston,Houston,0.0,,0.0
0022200441,1610612745,HOU,2022-12-17,Houston,Houston,0.0,,0.0
0022200455,1610612745,HOU,2022-12-19,Houston,Houston,0.0,,0.0
0022200472,1610612745,HOU,2022-12-21,Houston,Houston,0.0,,0.0
0022200487,1610612745,HOU,2022-12-23,Houston,Houston,0.0,,0.0
0022200501,1610612745,HOU,2022-12-26,Houston,Chicago,941.3,NE,0.0
0022200507,1610612745,HOU,2022-12-27,Chicago,Boston,850.6,E,1.0
0022200528,1610612745,HOU,2022-12-29,Boston,Dallas,1549.3,W,-1.0
0022200541,1610612745,HOU,2022-12-31,Dallas,Houston,226.8,SE,0.0
0022200556,1610612745,HOU,2023-01-02,Houston,Houston,0.0,,0.0
0022200572,1610612745,HOU,2023-01-04,Houston,New Orleans,316.7,E,0.0
0022200578,1610612745,HOU,2023-01-05,New Orleans,Houston,316.7,W,0.0
0022200601,1610612745,HOU,2023-01-08,Houston,Houston,0.0,,0.0
0022200625,1610612745,HOU,2023-01-11,Houston,Sacramento,1606.9,NW,-2.0
0022200640,1610612745,HOU,2023-01-13,Sacramento,Sacramento,0.0,,0.0
0022200649,1610612745,HOU,2023-01-15,Sacramento,Inglewood,365.3,SE,0.0
0022200664,1610612745,HOU,2023-01-16,Inglewood,Los Angeles,8.0,NE,0.0
0022200671,1610612745,HOU,2023-01-18,Los Angeles,Houston,1372.8,E,2.0
0022200696,1610612745,HOU,2023-01-21,Houston,Minneapolis,1058.3,N,0.0
0022200709,1610612745,HOU,2023-01-23,Minneapolis,Houston,1058.3,S,0.0
0022200722,1610612745,HOU,2023-01-25,Houston,Houston,0.0,,0.0
0022200733,1610612745,HOU,2023-01-26,Houston,Houston,0.0,,0.0
0022200743,1610612745,HOU,2023-01-28,Houston,Detroit,1106.3,NE,1.0
0022200773,1610612745,HOU,2023-02-01,Detroit,Houston,1106.3,SW,-1.0
0022200789,1610612745,HOU,2023-02-03,Houston,Houston,0.0,,0.0
0022200799,1610612745,HOU,2023-02-04,Houston,Oklahoma City,414.1,N,0.0
0022200812,1610612745,HOU,2023-02-06,Oklahoma City,Houston,414.1,S,0.0
0022200827,1610612745,HOU,2023-02-08,Houston,Houston,0.0,,0.0
0022200840,1610612745,HOU,2023-02-10,Houston,Miami,966.6,E,1.0
0022200860,1610612745,HOU,2023-02-13,Miami,Philadelphia,1017.6,N,0.0
0022200880,1610612745,HOU,2023-02-15,Philadelphia,Oklahoma City,1256.0,W,-1.0
0022200901,1610612745,HOU,2023-02-24,Oklahoma City,San Francisco,1384.4,W,-2.0
0022200917,1610612745,HOU,2023-02-26,San Francisco,Portland,536.6,N,0.0
0022200926,1610612745,HOU,2023-02-28,Portland,Houston,1834.4,SE,2.0
0022200938,1610612745,HOU,2023-03-01,Houston,Houston,0.0,,0.0
0022200959,1610612745,HOU,2023-03-04,Houston,San Antonio,186.1,W,0.0
0022200967,1610612745,HOU,2023-03-05,San Antonio,Houston,186.1,E,0.0
0022200981,1610612745,HOU,2023-03-07,Houston,Houston,0.0,,0.0
0022200993,1610612745,HOU,2023-03-09,Houston,Indianapolis,866.0,NE,1.0
0022201009,1610612745,HOU,2023-03-11,Indianapolis,Houston,866.0,SW,-1.0
0022201024,1610612745,HOU,2023-03-13,Houston,Houston,0.0,,0.0
0022201038,1610612745,HOU,2023-03-15,Houston,Houston,0.0,,0.0
0022201051,1610612745,HOU,2023-03-17,Houston,Houston,0.0,,0.0
0022201067,1610612745,HOU,2023-03-19,Houston,Houston,0.0,,0.0
0022201074,1610612745,HOU,2023-03-20,Houston,Houston,0.0,,0.0
0022201088,1610612745,HOU,2023-03-22,Houston,Memphis,484.1,NE,0.0
0022201100,1610612745,HOU,2023-03-24,Memphis,Memphis,0.0,,0.0
0022201117,1610612745,HOU,2023-03-26,Memphis,Cleveland,630.7,NE,1.0
0022201124,1610612745,HOU,2023-03-27,Cleveland,New York,403.7,E,0.0
0022201137,1610612745,HOU,2023-03-29,New York,Brooklyn,4.8,S,0.0
0022201155,1610612745,HOU,2023-03-31,Brooklyn,Houston,1418.2,SW,-1.0
0022201171,1610612745,HOU,2023-04-02,Houston,Houston,0.0,,0.0
0022201183,1610612745,HOU,2023-04-04,Houston,Houston,0.0,,0.0
0022201202,1610612745,HOU,2023-04-07,Houston,Charlotte,925.8,NE,1.0
0022201222,1610612745,HOU,2023-04-09,Charlotte,Washington,329.7,NE,0.0
0022200016,1610612746,LAC,2022-10-20,Inglewood,Los Angeles,8.0,NE,0.0
0022200036,1610612746,LAC,2022-10-22,Los Angeles,Sacramento,361.4,NW,0.0
0022200043,1610612746,LAC,2022-10-23,Sacramento,Inglewood,365.3,SE,0.0
0022200054,1610612746,LAC,2022-10-25,Inglewood,Oklahoma City,1185.4,E,2.0
0022200067,1610612746,LAC,2022-10-27,Oklahoma City,Oklahoma City,0.0,,0.0
0022200088,1610612746,LAC,2022-10-30,Oklahoma City,Inglewood,1185.4,W,-2.0
0022200102,1610612746,LAC,2022-10-31,Inglewood,Inglewood,0.0,,0.0
0022200112,1610612746,LAC,2022-11-02,Inglewood,Houston,1376.4,E,2.0
0022200126,1610612746,LAC,2022-11-04,Houston,San Antonio,186.1,W,0.0
0022200143,1610612746,LAC,2022-11-06,San Antonio,Inglewood,1209.0,W,-2.0
0022200158,1610612746,LAC,2022-11-07,Inglewood,Inglewood,0.0,,0.0
0022200170,1610612746,LAC,2022-11-09,Inglewood,Inglewood,0.0,,0.0
0022200184,1610612746,LAC,2022-11-12,Inglewood,Inglewood,0.0,,0.0
0022200203,1610612746,LAC,2022-11-14,Inglewood,Houston,1376.4,E,2.0
0022200207,1610612746,LAC,2022-11-15,Houston,Dallas,226.8,N,0.0
0022200223,1610612746,LAC,2022-11-17,Dallas,Inglewood,1242.8,W,-2.0
0022200239,1610612746,LAC,2022-11-19,Inglewood,Inglewood,0.0,,0.0
0022200255,1610612746,LAC,2022-11-21,Inglewood,Inglewood,0.0,,0.0
0022200271,1610612746,LAC,2022-11-23,Inglewood,San Francisco,347.9,NW,0.0
0022200285,1610612746,LAC,2022-11-25,San Francisco,Inglewood,347.9,SE,0.0
0022200292,1610612746,LAC,2022-11-27,Inglewood,Inglewood,0.0,,0.0
0022200311,1610612746,LAC,2022-11-29,Inglewood,Portland,832.5,N,0.0
0022200322,1610612746,LAC,2022-11-30,Portland,Salt Lake City,633.9,SE,1.0
0022200338,1610612746,LAC,2022-12-03,Salt Lake City,Inglewood,589.0,SW,-1.0
0022200352,1610612746,LAC,2022-12-05,Inglewood,Charlotte,2122.4,E,3.0
0022200363,1610612746,LAC,2022-12-07,Charlotte,Orlando,463.1,S,0.0
0022200374,1610612746,LAC,2022-12-08,Orlando,Miami,204.3,S,0.0
0022200389,1610612746,LAC,2022-12-10,Miami,Washington,924.8,N,0.0
0022200408,1610612746,LAC,2022-12-12,Washington,Inglewood,2302.9,W,-3.0
0022200423,1610612746,LAC,2022-12-14,Inglewood,Inglewood,0.0,,0.0
0022200427,1610612746,LAC,2022-12-15,Inglewood,Inglewood,0.0,,0.0
0022200438,1610612746,LAC,2022-12-17,Inglewood,Inglewood,0.0,,0.0
0022200476,1610612746,LAC,2022-12-21,Inglewood,Inglewood,0.0,,0.0
0022200480,1610612746,LAC,2022-12-23,Inglewood,Philadelphia,2396.2,NE,3.0
0022200499,1610612746,LAC,2022-12-26,Philadelphia,Detroit,443.4,NW,0.0
0022200509,1610612746,LAC,2022-12-27,Detroit,Toronto,206.4,NE,0.0
0022200525,1610612746,LAC,2022-12-29,Toronto,Boston,429.2,E,0.0
0022200538,1610612746,LAC,2022-12-31,Boston,Indianapolis,805.4,W,0.0
0022200560,1610612746,LAC,2023-01-02,Indianapolis,Inglewood,1813.9,W,-3.0
0022200579,1610612746,LAC,2023-01-05,Inglewood,Denver,838.0,NE,1.0
0022200587,1610612746,LAC,2023-01-06,Denver,Minneapolis,698.5,NE,1.0
0022200604,1610612746,LAC,2023-01-08,Minneapolis,Inglewood,1529.9,W,-2.0
0022200617,1610612746,LAC,2023-01-10,Inglewood,Inglewood,0.0,,0.0
0022200639,1610612746,LAC,2023-01-13,Inglewood,Inglewood,0.0,,0.0
0022200649,1610612746,LAC,2023-01-15,Inglewood,Inglewood,0.0,,0.0
0022200668,1610612746,LAC,2023-01-17,Inglewood,Inglewood,0.0,,0.0
0022200675,1610612746,LAC,2023-01-18,Inglewood,Salt Lake City,589.0,NE,1.0
0022200687,1610612746,LAC,2023-01-20,Salt Lake City,San Antonio,1089.8,SE,1.0
0022200701,1610612746,LAC,2023-01-22,San Antonio,Dallas,251.5,N,0.0
0022200719,1610612746,LAC,2023-01-24,Dallas,Los Angeles,1238.2,W,-2.0
0022200735,1610612746,LAC,2023-01-26,Los Angeles,Inglewood,8.0,SW,0.0
0022200745,1610612746,LAC,2023-01-28,Inglewood,Atlanta,1938.9,E,3.0
0022200754,1610612746,LAC,2023-01-29,Atlanta,Cleveland,554.8,N,0.0
0022200766,1610612746,LAC,2023-01-31,Cleveland,Chicago,309.9,W,-1.0
0022200784,1610612746,LAC,2023-02-02,Chicago,Milwaukee,81.4,N,0.0
0022200795,1610612746,LAC,2023-02-04,Milwaukee,New York,732.5,E,1.0
0022200810,1610612746,LAC,2023-02-06,New York,Brooklyn,4.8,S,0.0
0022200829,1610612746,LAC,2023-02-08,Brooklyn,Inglewood,2455.5,W,-3.0
0022200845,1610612746,LAC,2023-02-10,Inglewood,Inglewood,0.0,,0.0
0022200871,1610612746,LAC,2023-02-14,Inglewood,Inglewood,0.0,,0.0
0022200885,1610612746,LAC,2023-02-16,Inglewood,Phoenix,362.1,E,1.0
0022200902,1610612746,LAC,2023-02-24,Phoenix,Inglewood,362.1,W,-1.0
0022200918,1610612746,LAC,2023-02-26,Inglewood,Denver,838.0,NE,1.0
0022200932,1610612746,LAC,2023-02-28,Denver,Inglewood,838.0,SW,-1.0
0022200945,1610612746,LAC,2023-03-02,Inglewood,San Francisco,347.9,NW,0.0
0022200954,1610612746,LAC,2023-03-03,San Francisco,Sacramento,74.0,NE,0.0
0022200970,1610612746,LAC,2023-03-05,Sacramento,Inglewood,365.3,SE,0.0
0022200991,1610612746,LAC,2023-03-08,Inglewood,Inglewood,0.0,,0.0
0022201004,1610612746,LAC,2023-03-11,Inglewood,Inglewood,0.0,,0.0
0022201041,1610612746,LAC,2023-03-15,Inglewood,Inglewood,0.0,,0.0
0022201056,1610612746,LAC,2023-03-18,Inglewood,Inglewood,0.0,,0.0
0022201069,1610612746,LAC,2023-03-19,Inglewood,Portland,832.5,N,0.0
0022201082,1610612746,LAC,2023-03-21,Portland,Inglewood,832.5,S,0.0
0022201096,1610612746,LAC,2023-03-23,Inglewood,Inglewood,0.0,,0.0
0022201112,1610612746,LAC,2023-03-25,Inglewood,Inglewood,0.0,,0.0
0022201129,1610612746,LAC,2023-03-27,Inglewood,Inglewood,0.0,,0.0
0022201141,1610612746,LAC,2023-03-29,Inglewood,Memphis,1606.9,E,2.0
0022201156,1610612746,LAC,2023-03-31,Memphis,Memphis,0.0,,0.0
0022201162,1610612746,LAC,2023-04-01,Memphis,New Orleans,358.5,S,0.0
0022201196,1610612746,LAC,2023-04-05,New Orleans,Inglewood,1674.3,W,-2.0
0022201215,1610612746,LAC,2023-04-08,Inglewood,Inglewood,0.0,,0.0
0022201229,1610612746,LAC,2023-04-09,Inglewood,Phoenix,362.1,E,0.0
0022200002,1610612747,LAL,2022-10-18,Los Angeles,San Francisco,345.5,NW,0.0
0022200016,1610612747,LAL,2022-10-20,San Francisco,Los Angeles,345.5,SE,0.0
0022200037,1610612747,LAL,2022-10-23,Los Angeles,Los Angeles,0.0,,0.0
0022200064,1610612747,LAL,2022-10-26,Los Angeles,Denver,830.8,NE,1.0
0022200076,1610612747,LAL,2022-10-28,Denver,Minneapolis,698.5,NE,1.0
0022200095,1610612747,LAL,2022-10-30,Minneapolis,Los Angeles,1522.4,W,-2.0
0022200117,1610612747,LAL,2022-11-02,Los Angeles,Los Angeles,0.0,,0.0
0022200131,1610612747,LAL,2022-11-04,Los Angeles,Los Angeles,0.0,,0.0
0022200140,1610612747,LAL,2022-11-06,Los Angeles,Los Angeles,0.0,,0.0
0022200157,1610612747,LAL,2022-11-07,Los Angeles,Salt Lake City,581.0,NE,1.0
0022200170,1610612747,LAL,2022-11-09,Salt Lake City,Inglewood,589.0,SW,-1.0
0022200183,1610612747,LAL,2022-11-11,Inglewood,Los Angeles,8.0,NE,0.0
0022200198,1610612747,LAL,2022-11-13,Los Angeles,Los Angeles,0.0,,0.0
0022200234,1610612747,LAL,2022-11-18,Los Angeles,Los Angeles,0.0,,0.0
0022200247,1610612747,LAL,2022-11-20,Los Angeles,Los Angeles,0.0,,0.0
0022200259,1610612747,LAL,2022-11-22,Los Angeles,Phoenix,358.3,E,1.0
0022200282,1610612747,LAL,2022-11-25,Phoenix,San Antonio,849.5,E,1.0
0022200288,1610612747,LAL,2022-11-26,San Antonio,San Antonio,0.0,,0.0
0022200308,1610612747,LAL,2022-11-28,San Antonio,Los Angeles,1205.9,W,-2.0
0022200324,1610612747,LAL,2022-11-30,Los Angeles,Los Angeles,0.0,,0.0
0022200331,1610612747,LAL,2022-12-02,Los Angeles,Milwaukee,1742.4,NE,2.0
0022200349,1610612747,LAL,2022-12-04,Milwaukee,Washington,635.9,SE,1.0
0022200360,1610612747,LAL,2022-12-06,Washington,Cleveland,304.7,NW,0.0
0022200366,1610612747,LAL,2022-12-07,Cleveland,Toronto,189.2,NE,0.0
0022200382,1610612747,LAL,2022-12-09,Toronto,Philadelphia,337.3,SE,0.0
0022200396,1610612747,LAL,2022-12-11,Philadelphia,Detroit,443.4,NW,0.0
0022200413,1610612747,LAL,2022-12-13,Detroit,Los Angeles,1980.4,W,-3.0
0022200437,1610612747,LAL,2022-12-16,Los Angeles,Los Angeles,0.0,,0.0
0022200451,1610612747,LAL,2022-12-18,Los Angeles,Los Angeles,0.0,,0.0
0022200459,1610612747,LAL,2022-12-19,Los Angeles,Phoenix,358.3,E,1.0
0022200475,1610612747,LAL,2022-12-21,Phoenix,Sacramento,634.7,NW,-1.0
0022200492,1610612747,LAL,2022-12-23,Sacramento,Los Angeles,361.4,SE,0.0
0022200494,1610612747,LAL,2022-12-25,Los Angeles,Dallas,1238.2,E,2.0
0022200505,1610612747,LAL,2022-12-27,Dallas,Orlando,961.6,E,1.0
0022200518,1610612747,LAL,2022-12-28,Orlando,Miami,204.3,S,0.0
0022200530,1610612747,LAL,2022-12-30,Miami,Atlanta,606.0,NW,0.0
0022200551,1610612747,LAL,2023-01-02,Atlanta,Charlotte,226.5,NE,0.0
0022200574,1610612747,LAL,2023-01-04,Charlotte,Los Angeles,2116.7,W,-3.0
0022200590,1610612747,LAL,2023-01-06,Los Angeles,Los Angeles,0.0,,0.0
0022200595,1610612747,LAL,2023-01-07,Los Angeles,Sacramento,361.4,NW,0.0
0022200609,1610612747,LAL,2023-01-09,Sacramento,Denver,885.9,E,1.0
0022200630,1610612747,LAL,2023-01-12,Denver,Los Angeles,830.8,SW,-1.0
0022200655,1610612747,LAL,2023-01-15,Los Angeles,Los Angeles,0.0,,0.0
0022200664,1610612747,LAL,2023-01-16,Los Angeles,Los Angeles,0.0,,0.0
0022200677,1610612747,LAL,2023-01-18,Los Angeles,Los Angeles,0.0,,0.0
0022200690,1610612747,LAL,2023-01-20,Los Angeles,Los Angeles,0.0,,0.0
0022200705,1610612747,LAL,2023-01-22,Los Angeles,Portland,827.1,N,0.0
0022200719,1610612747,LAL,2023-01-24,Portland,Los Angeles,827.1,S,0.0
0022200729,1610612747,LAL,2023-01-25,Los Angeles,Los Angeles,0.0,,0.0
0022200749,1610612747,LAL,2023-01-28,Los Angeles,Boston,2592.2,NE,3.0
0022200757,1610612747,LAL,2023-01-30,Boston,Brooklyn,190.4,SW,0.0
0022200765,1610612747,LAL,2023-01-31,Brooklyn,New York,4.8,N,0.0
0022200778,1610612747,LAL,2023-02-02,New York,Indianapolis,644.4,W,0.0
0022200798,1610612747,LAL,2023-02-04,Indianapolis,New Orleans,713.6,S,-1.0
0022200821,1610612747,LAL,2023-02-07,New Orleans,Los Angeles,1670.2,W,-2.0
0022200834,1610612747,LAL,2023-02-09,Los Angeles,Los Angeles,0.0,,0.0
0022200853,1610612747,LAL,2023-02-11,Los Angeles,San Francisco,345.5,NW,0.0
0022200867,1610612747,LAL,2023-02-13,San Francisco,Portland,536.6,N,0.0
0022200882,1610612747,LAL,2023-02-15,Portland,Los Angeles,827.1,S,0.0
0022200893,1610612747,LAL,2023-02-23,Los Angeles,Los Angeles,0.0,,0.0
0022200913,1610612747,LAL,2023-02-26,Los Angeles,Dallas,1238.2,E,2.0
0022200927,1610612747,LAL,2023-02-28,Dallas,Memphis,419.8,NE,0.0
0022200940,1610612747,LAL,2023-03-01,Memphis,Oklahoma City,421.4,W,0.0
0022200955,1610612747,LAL,2023-03-03,Oklahoma City,Los Angeles,1180.0,W,-2.0
0022200964,1610612747,LAL,2023-03-05,Los Angeles,Los Angeles,0.0,,0.0
0022200984,1610612747,LAL,2023-03-07,Los Angeles,Los Angeles,0.0,,0.0
0022201003,1610612747,LAL,2023-03-10,Los Angeles,Los Angeles,0.0,,0.0
0022201019,1610612747,LAL,2023-03-12,Los Angeles,Los Angeles,0.0,,0.0
0022201030,1610612747,LAL,2023-03-14,Los Angeles,New Orleans,1670.2,E,2.0
0022201038,1610612747,LAL,2023-03-15,New Orleans,Houston,316.7,W,0.0
0022201054,1610612747,LAL,2023-03-17,Houston,Los Angeles,1372.8,W,-2.0
0022201070,1610612747,LAL,2023-03-19,Los Angeles,Los Angeles,0.0,,0.0
0022201092,1610612747,LAL,2023-03-22,Los Angeles,Los Angeles,0.0,,0.0
0022201106,1610612747,LAL,2023-03-24,Los Angeles,Los Angeles,0.0,,0.0
0022201114,1610612747,LAL,2023-03-26,Los Angeles,Los Angeles,0.0,,0.0
0022201140,1610612747,LAL,2023-03-29,Los Angeles,Chicago,1741.6,NE,2.0
0022201157,1610612747,LAL,2023-03-31,Chicago,Minneapolis,353.2,NW,0.0
0022201171,1610612747,LAL,2023-04-02,Minneapolis,Houston,1058.3,S,0.0
0022201186,1610612747,LAL,2023-04-04,Houston,Salt Lake City,1200.6,NW,-1.0
0022201196,1610612747,LAL,2023-04-05,Salt Lake City,Inglewood,589.0,SW,-1.0
0022201212,1610612747,LAL,2023-04-07,Inglewood,Los Angeles,8.0,NE,0.0
0022201228,1610612747,LAL,2023-04-09,Los Angeles,Los Angeles,0.0,,0.0
0022200007,1610612748,MIA,2022-10-19,Miami,Miami,0.0,,0.0
0022200022,1610612748,MIA,2022-10-21,Miami,Miami,0.0,,0.0
0022200031,1610612748,MIA,2022-10-22,Miami,Miami,0.0,,0.0
0022200045,1610612748,MIA,2022-10-24,Miami,Miami,0.0,,0.0
0022200065,1610612748,MIA,2022-10-26,Miami,Portland,2704.4,NW,-3.0
0022200068,1610612748,MIA,2022-10-27,Portland,San Francisco,536.6,S,0.0
0022200081,1610612748,MIA,2022-10-29,San Francisco,Sacramento,74.0,NE,0.0
0022200104,1610612748,MIA,2022-11-01,Sacramento,Miami,2547.8,E,3.0
0022200109,1610612748,MIA,2022-11-02,Miami,Miami,0.0,,0.0
0022200121,1610612748,MIA,2022-11-04,Miami,Indianapolis,1025.8,N,0.0
0022200150,1610612748,MIA,2022-11-07,Indianapolis,Miami,1025.8,S,0.0
0022200174,1610612748,MIA,2022-11-10,Miami,Miami,0.0,,0.0
0022200189,1610612748,MIA,2022-11-12,Miami,Miami,0.0,,0.0
0022200202,1610612748,MIA,2022-11-14,Miami,Miami,0.0,,0.0
0022200215,1610612748,MIA,2022-11-16,Miami,Toronto,1235.0,N,0.0
0022200224,1610612748,MIA,2022-11-18,Toronto,Washington,350.0,S,0.0
0022200244,1610612748,MIA,2022-11-20,Washington,Cleveland,304.7,NW,0.0
0022200252,1610612748,MIA,2022-11-21,Cleveland,Minneapolis,630.2,NW,-1.0
0022200265,1610612748,MIA,2022-11-23,Minneapolis,Miami,1513.1,SE,1.0
0022200277,1610612748,MIA,2022-11-25,Miami,Miami,0.0,,0.0
0022200293,1610612748,MIA,2022-11-27,Miami,Atlanta,606.0,NW,0.0
0022200314,1610612748,MIA,2022-11-30,Atlanta,Boston,936.1,NE,0.0
0022200328,1610612748,MIA,2022-12-02,Boston,Boston,0.0,,0.0
0022200357,1610612748,MIA,2022-12-05,Boston,Memphis,1135.1,W,-1.0
0022200361,1610612748,MIA,2022-12-06,Memphis,Miami,872.5,SE,1.0
0022200374,1610612748,MIA,2022-12-08,Miami,Miami,0.0,,0.0
0022200387,1610612748,MIA,2022-12-10,Miami,Miami,0.0,,0.0
0022200402,1610612748,MIA,2022-12-12,Miami,Indianapolis,1025.8,N,0.0
0022200419,1610612748,MIA,2022-12-14,Indianapolis,Oklahoma City,688.4,W,-1.0
0022200424,1610612748,MIA,2022-12-15,Oklahoma City,Houston,414.1,S,0.0
0022200439,1610612748,MIA,2022-12-17,Houston,San Antonio,186.1,W,0.0
0022200462,1610612748,MIA,2022-12-20,San Antonio,Miami,1144.2,E,1.0
0022200486,1610612748,MIA,2022-12-23,Miami,Miami,0.0,,0.0
0022200500,1610612748,MIA,2022-12-26,Miami,Miami,0.0,,0.0
0022200518,1610612748,MIA,2022-12-28,Miami,Miami,0.0,,0.0
0022200535,1610612748,MIA,2022-12-30,Miami,Denver,1725.7,NW,-2.0
0022200546,1610612748,MIA,2022-12-31,Denver,Salt Lake City,370.1,W,0.0
0022200560,1610612748,MIA,2023-01-02,Salt Lake City,Inglewood,589.0,SW,-1.0
0022200574,1610612748,MIA,2023-01-04,Inglewood,Los Angeles,8.0,NE,0.0
0022200589,1610612748,MIA,2023-01-06,Los Angeles,Phoenix,358.3,E,1.0
0022200599,1610612748,MIA,2023-01-08,Phoenix,Miami,1978.4,E,2.0
0022200611,1610612748,MIA,2023-01-10,Miami,Miami,0.0,,0.0
0022200628,1610612748,MIA,2023-01-12,Miami,Miami,0.0,,0.0
0022200641,1610612748,MIA,2023-01-14,Miami,Miami,0.0,,0.0
0022200661,1610612748,MIA,2023-01-16,Miami,Atlanta,606.0,NW,0.0
0022200673,1610612748,MIA,2023-01-18,Atlanta,New Orleans,424.8,SW,-1.0
0022200686,1610612748,MIA,2023-01-20,New Orleans,Dallas,442.7,NW,0.0
0022200699,1610612748,MIA,2023-01-22,Dallas,Miami,1110.8,E,1.0
0022200714,1610612748,MIA,2023-01-24,Miami,Miami,0.0,,0.0
0022200738,1610612748,MIA,2023-01-27,Miami,Miami,0.0,,0.0
0022200752,1610612748,MIA,2023-01-29,Miami,Charlotte,653.7,N,0.0
0022200764,1610612748,MIA,2023-01-31,Charlotte,Cleveland,435.7,N,0.0
0022200780,1610612748,MIA,2023-02-02,Cleveland,New York,403.7,E,0.0
0022200797,1610612748,MIA,2023-02-04,New York,Milwaukee,732.5,W,-1.0
0022200825,1610612748,MIA,2023-02-08,Milwaukee,Miami,1270.2,SE,1.0
0022200840,1610612748,MIA,2023-02-10,Miami,Miami,0.0,,0.0
0022200848,1610612748,MIA,2023-02-11,Miami,Orlando,204.3,N,0.0
0022200861,1610612748,MIA,2023-02-13,Orlando,Miami,204.3,S,0.0
0022200878,1610612748,MIA,2023-02-15,Miami,Brooklyn,1089.6,N,0.0
0022200897,1610612748,MIA,2023-02-24,Brooklyn,Milwaukee,734.8,W,-1.0
0022200904,1610612748,MIA,2023-02-25,Milwaukee,Charlotte,659.6,SE,1.0
0022200920,1610612748,MIA,2023-02-27,Charlotte,Philadelphia,447.8,NE,0.0
0022200936,1610612748,MIA,2023-03-01,Philadelphia,Miami,1017.6,S,0.0
0022200949,1610612748,MIA,2023-03-03,Miami,Miami,0.0,,0.0
0022200958,1610612748,MIA,2023-03-04,Miami,Miami,0.0,,0.0
0022200974,1610612748,MIA,2023-03-06,Miami,Miami,0.0,,0.0
0022200987,1610612748,MIA,2023-03-08,Miami,Miami,0.0,,0.0
0022201000,1610612748,MIA,2023-03-10,Miami,Miami,0.0,,0.0
0022201007,1610612748,MIA,2023-03-11,Miami,Orlando,204.3,N,0.0
0022201022,1610612748,MIA,2023-03-13,Orlando,Miami,204.3,S,0.0
0022201036,1610612748,MIA,2023-03-15,Miami,Miami,0.0,,0.0
0022201060,1610612748,MIA,2023-03-18,Miami,Chicago,1191.3,N,-1.0
0022201066,1610612748,MIA,2023-03-19,Chicago,Detroit,238.9,E,1.0
0022201084,1610612748,MIA,2023-03-22,Detroit,Miami,1155.7,S,0.0
0022201108,1610612748,MIA,2023-03-25,Miami,Miami,0.0,,0.0
0022201132,1610612748,MIA,2023-03-28,Miami,Toronto,1235.0,N,0.0
0022201138,1610612748,MIA,2023-03-29,Toronto,New York,340.4,SE,0.0
0022201161,1610612748,MIA,2023-04-01,New York,Miami,1093.6,S,0.0
0022201177,1610612748,MIA,2023-04-04,Miami,Detroit,1155.7,N,0.0
0022201198,1610612748,MIA,2023-04-06,Detroit,Philadelphia,443.4,E,0.0
0022201204,1610612748,MIA,2023-04-07,Philadelphia,Washington,120.6,SW,0.0
0022201219,1610612748,MIA,2023-04-09,Washington,Miami,924.8,S,0.0
0022200015,1610612749,MIL,2022-10-20,Milwaukee,Philadelphia,693.8,E,1.0
0022200033,1610612749,MIL,2022-10-22,Philadelphia,Milwaukee,693.8,W,-1.0
0022200060,1610612749,MIL,2022-10-26,Milwaukee,Milwaukee,0.0,,0.0
0022200075,1610612749,MIL,2022-10-28,Milwaukee,Milwaukee,0.0,,0.0
0022200085,1610612749,MIL,2022-10-29,Milwaukee,Milwaukee,0.0,,0.0
0022200100,1610612749,MIL,2022-10-31,Milwaukee,Milwaukee,0.0,,0.0
0022200113,1610612749,MIL,2022-11-02,Milwaukee,Milwaukee,0.0,,0.0
0022200129,1610612749,MIL,2022-11-04,Milwaukee,Minneapolis,297.9,NW,0.0
0022200136,1610612749,MIL,2022-11-05,Minneapolis,Milwaukee,297.9,SE,0.0
0022200149,1610612749,MIL,2022-11-07,Milwaukee,Atlanta,669.3,S,1.0
0022200168,1610612749,MIL,2022-11-09,Atlanta,Oklahoma City,754.7,W,-1.0
0022200180,1610612749,MIL,2022-11-11,Oklahoma City,San Antonio,420.5,S,0.0
0022200204,1610612749,MIL,2022-11-14,San Antonio,Milwaukee,1106.6,NE,0.0
0022200216,1610612749,MIL,2022-11-16,Milwaukee,Milwaukee,0.0,,0.0
0022200226,1610612749,MIL,2022-11-18,Milwaukee,Philadelphia,693.8,E,1.0
0022200251,1610612749,MIL,2022-11-21,Philadelphia,Milwaukee,693.8,W,-1.0
0022200267,1610612749,MIL,2022-11-23,Milwaukee,Milwaukee,0.0,,0.0
0022200280,1610612749,MIL,2022-11-25,Milwaukee,Milwaukee,0.0,,0.0
0022200298,1610612749,MIL,2022-11-27,Milwaukee,Milwaukee,0.0,,0.0
0022200316,1610612749,MIL,2022-11-30,Milwaukee,New York,732.5,E,1.0
0022200331,1610612749,MIL,2022-12-02,New York,Milwaukee,732.5,W,-1.0
0022200339,1610612749,MIL,2022-12-03,Milwaukee,Charlotte,659.6,SE,1.0
0022200353,1610612749,MIL,2022-12-05,Charlotte,Orlando,463.1,S,0.0
0022200369,1610612749,MIL,2022-12-07,Orlando,Milwaukee,1066.2,N,-1.0
0022200386,1610612749,MIL,2022-12-09,Milwaukee,Dallas,857.3,SW,0.0
0022200401,1610612749,MIL,2022-12-11,Dallas,Houston,226.8,SE,0.0
0022200410,1610612749,MIL,2022-12-13,Houston,Milwaukee,1006.5,N,0.0
0022200425,1610612749,MIL,2022-12-15,Milwaukee,Memphis,558.1,S,0.0
0022200442,1610612749,MIL,2022-12-17,Memphis,Milwaukee,558.1,N,0.0
0022200457,1610612749,MIL,2022-12-19,Milwaukee,New Orleans,912.7,S,0.0
0022200466,1610612749,MIL,2022-12-21,New Orleans,Cleveland,925.3,NE,1.0
0022200483,1610612749,MIL,2022-12-23,Cleveland,Brooklyn,405.4,E,0.0
0022200495,1610612749,MIL,2022-12-25,Brooklyn,Boston,190.4,NE,0.0
0022200519,1610612749,MIL,2022-12-28,Boston,Chicago,850.6,W,-1.0
0022200533,1610612749,MIL,2022-12-30,Chicago,Milwaukee,81.4,N,0.0
0022200548,1610612749,MIL,2023-01-01,Milwaukee,Milwaukee,0.0,,0.0
0022200561,1610612749,MIL,2023-01-03,Milwaukee,Milwaukee,0.0,,0.0
0022200569,1610612749,MIL,2023-01-04,Milwaukee,Toronto,430.8,E,1.0
0022200583,1610612749,MIL,2023-01-06,Toronto,Milwaukee,430.8,W,-1.0
0022200607,1610612749,MIL,2023-01-09,Milwaukee,New York,732.5,E,1.0
0022200620,1610612749,MIL,2023-01-11,New York,Atlanta,747.9,SW,0.0
0022200628,1610612749,MIL,2023-01-12,Atlanta,Miami,606.0,SE,0.0
0022200641,1610612749,MIL,2023-01-14,Miami,Miami,0.0,,0.0
0022200657,1610612749,MIL,2023-01-16,Miami,Milwaukee,1270.2,N,-1.0
0022200665,1610612749,MIL,2023-01-17,Milwaukee,Milwaukee,0.0,,0.0
0022200695,1610612749,MIL,2023-01-21,Milwaukee,Cleveland,335.9,E,1.0
0022200706,1610612749,MIL,2023-01-23,Cleveland,Detroit,91.3,NW,0.0
0022200723,1610612749,MIL,2023-01-25,Detroit,Milwaukee,251.6,W,-1.0
0022200736,1610612749,MIL,2023-01-27,Milwaukee,Indianapolis,244.4,SE,1.0
0022200755,1610612749,MIL,2023-01-29,Indianapolis,Milwaukee,244.4,N,-1.0
0022200767,1610612749,MIL,2023-01-31,Milwaukee,Milwaukee,0.0,,0.0
0022200784,1610612749,MIL,2023-02-02,Milwaukee,Milwaukee,0.0,,0.0
0022200797,1610612749,MIL,2023-02-04,Milwaukee,Milwaukee,0.0,,0.0
0022200815,1610612749,MIL,2023-02-06,Milwaukee,Portland,1713.8,W,-2.0
0022200834,1610612749,MIL,2023-02-09,Portland,Los Angeles,827.1,S,0.0
0022200845,1610612749,MIL,2023-02-10,Los Angeles,Inglewood,8.0,SW,0.0
0022200869,1610612749,MIL,2023-02-14,Inglewood,Milwaukee,1749.5,NE,2.0
0022200883,1610612749,MIL,2023-02-16,Milwaukee,Chicago,81.4,S,0.0
0022200897,1610612749,MIL,2023-02-24,Chicago,Milwaukee,81.4,N,0.0
0022200910,1610612749,MIL,2023-02-26,Milwaukee,Milwaukee,0.0,,0.0
0022200924,1610612749,MIL,2023-02-28,Milwaukee,Brooklyn,734.8,E,1.0
0022200939,1610612749,MIL,2023-03-01,Brooklyn,Milwaukee,734.8,W,-1.0
0022200960,1610612749,MIL,2023-03-04,Milwaukee,Milwaukee,0.0,,0.0
0022200973,1610612749,MIL,2023-03-05,Milwaukee,Washington,635.9,SE,1.0
0022200978,1610612749,MIL,2023-03-07,Washington,Orlando,758.1,S,0.0
0022200995,1610612749,MIL,2023-03-09,Orlando,Milwaukee,1066.2,N,-1.0
0022201012,1610612749,MIL,2023-03-11,Milwaukee,San Francisco,1836.4,W,-2.0
0022201026,1610612749,MIL,2023-03-13,San Francisco,Sacramento,74.0,NE,0.0
0022201033,1610612749,MIL,2023-03-14,Sacramento,Phoenix,634.7,SE,0.0
0022201045,1610612749,MIL,2023-03-16,Phoenix,Milwaukee,1461.7,NE,2.0
0022201068,1610612749,MIL,2023-03-19,Milwaukee,Milwaukee,0.0,,0.0
0022201089,1610612749,MIL,2023-03-22,Milwaukee,Milwaukee,0.0,,0.0
0022201102,1610612749,MIL,2023-03-24,Milwaukee,Salt Lake City,1239.0,W,-1.0
0022201109,1610612749,MIL,2023-03-25,Salt Lake City,Denver,370.1,E,0.0
0022201122,1610612749,MIL,2023-03-27,Denver,Detroit,1154.6,E,2.0
0022201136,1610612749,MIL,2023-03-29,Detroit,Indianapolis,240.4,SW,0.0
0022201146,1610612749,MIL,2023-03-30,Indianapolis,Milwaukee,244.4,N,-1.0
0022201174,1610612749,MIL,2023-04-02,Milwaukee,Milwaukee,0.0,,0.0
0022201179,1610612749,MIL,2023-04-04,Milwaukee,Washington,635.9,SE,1.0
0022201193,1610612749,MIL,2023-04-05,Washington,Milwaukee,635.9,NW,-1.0
0022201208,1610612749,MIL,2023-04-07,Milwaukee,Milwaukee,0.0,,0.0
0022201221,1610612749,MIL,2023-04-09,Milwaukee,Toronto,430.8,E,1.0
0022200010,1610612750,MIN,2022-10-19,Minneapolis,Minneapolis,0.0,,0.0
0022200025,1610612750,MIN,2022-10-21,Minneapolis,Minneapolis,0.0,,0.0
0022200041,1610612750,MIN,2022-10-23,Minneapolis,Oklahoma City,694.2,S,0.0
0022200050,1610612750,MIN,2022-10-24,Oklahoma City,Minneapolis,694.2,N,0.0
0022200062,1610612750,MIN,2022-10-26,Minneapolis,Minneapolis,0.0,,0.0
0022200076,1610612750,MIN,2022-10-28,Minneapolis,Minneapolis,0.0,,0.0
0022200092,1610612750,MIN,2022-10-30,Minneapolis,San Antonio,1110.9,S,0.0
0022200106,1610612750,MIN,2022-11-01,San Antonio,Phoenix,849.5,NW,-2.0
0022200129,1610612750,MIN,2022-11-04,Phoenix,Minneapolis,1278.1,NE,2.0
0022200137,1610612750,MIN,2022-11-05,Minneapolis,Minneapolis,0.0,,0.0
0022200153,1610612750,MIN,2022-11-07,Minneapolis,Minneapolis,0.0,,0.0
0022200167,1610612750,MIN,2022-11-09,Minneapolis,Minneapolis,0.0,,0.0
0022200181,1610612750,MIN,2022-11-11,Minneapolis,Memphis,700.9,S,0.0
0022200193,1610612750,MIN,2022-11-13,Memphis,Cleveland,630.7,NE,1.0
0022200212,1610612750,MIN,2022-11-16,Cleveland,Orlando,895.4,S,0.0
0022200237,1610612750,MIN,2022-11-19,Orlando,Philadelphia,860.9,NE,0.0
0022200252,1610612750,MIN,2022-11-21,Philadelphia,Minneapolis,984.9,NW,-1.0
0022200262,1610612750,MIN,2022-11-23,Minneapolis,Indianapolis,511.4,SE,1.0
0022200272,1610612750,MIN,2022-11-25,Indianapolis,Charlotte,428.0,SE,0.0
0022200291,1610612750,MIN,2022-11-27,Charlotte,Minneapolis,939.3,NW,-1.0
0022200300,1610612750,MIN,2022-11-28,Minneapolis,Washington,932.8,E,1.0
0022200317,1610612750,MIN,2022-11-30,Washington,Minneapolis,932.8,NW,-1.0
0022200341,1610612750,MIN,2022-12-03,Minneapolis,Minneapolis,0.0,,0.0
0022200370,1610612750,MIN,2022-12-07,Minneapolis,Minneapolis,0.0,,0.0
0022200385,1610612750,MIN,2022-12-09,Minneapolis,Salt Lake City,984.4,W,-1.0
0022200394,1610612750,MIN,2022-12-10,Salt Lake City,Portland,633.9,NW,-1.0
0022200407,1610612750,MIN,2022-12-12,Portland,Portland,0.0,,0.0
0022200423,1610612750,MIN,2022-12-14,Portland,Inglewood,832.5,S,0.0
0022200435,1610612750,MIN,2022-12-16,Inglewood,Oklahoma City,1185.4,E,2.0
0022200449,1610612750,MIN,2022-12-18,Oklahoma City,Minneapolis,694.2,N,0.0
0022200456,1610612750,MIN,2022-12-19,Minneapolis,Minneapolis,0.0,,0.0
0022200473,1610612750,MIN,2022-12-21,Minneapolis,Minneapolis,0.0,,0.0
0022200482,1610612750,MIN,2022-12-23,Minneapolis,Boston,1121.1,E,1.0
0022200500,1610612750,MIN,2022-12-26,Boston,Miami,1257.4,SW,0.0
0022200520,1610612750,MIN,2022-12-28,Miami,New Orleans,669.1,NW,-1.0
0022200533,1610612750,MIN,2022-12-30,New Orleans,Milwaukee,912.7,N,0.0
0022200544,1610612750,MIN,2022-12-31,Milwaukee,Minneapolis,297.9,NW,0.0
0022200557,1610612750,MIN,2023-01-02,Minneapolis,Minneapolis,0.0,,0.0
0022200571,1610612750,MIN,2023-01-04,Minneapolis,Minneapolis,0.0,,0.0
0022200587,1610612750,MIN,2023-01-06,Minneapolis,Minneapolis,0.0,,0.0
0022200601,1610612750,MIN,2023-01-08,Minneapolis,Houston,1058.3,S,0.0
0022200618,1610612750,MIN,2023-01-11,Houston,Detroit,1106.3,NE,1.0
0022200637,1610612750,MIN,2023-01-13,Detroit,Minneapolis,542.0,NW,-1.0
0022200645,1610612750,MIN,2023-01-14,Minneapolis,Minneapolis,0.0,,0.0
0022200662,1610612750,MIN,2023-01-16,Minneapolis,Minneapolis,0.0,,0.0
0022200676,1610612750,MIN,2023-01-18,Minneapolis,Denver,698.5,SW,-1.0
0022200680,1610612750,MIN,2023-01-19,Denver,Minneapolis,698.5,NE,1.0
0022200696,1610612750,MIN,2023-01-21,Minneapolis,Minneapolis,0.0,,0.0
0022200709,1610612750,MIN,2023-01-23,Minneapolis,Houston,1058.3,S,0.0
0022200724,1610612750,MIN,2023-01-25,Houston,New Orleans,316.7,E,0.0
0022200737,1610612750,MIN,2023-01-27,New Orleans,Minneapolis,1053.0,N,0.0
0022200746,1610612750,MIN,2023-01-28,Minneapolis,Minneapolis,0.0,,0.0
0022200758,1610612750,MIN,2023-01-30,Minneapolis,Minneapolis,0.0,,0.0
0022200774,1610612750,MIN,2023-02-01,Minneapolis,Minneapolis,0.0,,0.0
0022200790,1610612750,MIN,2023-02-03,Minneapolis,Minneapolis,0.0,,0.0
0022200806,1610612750,MIN,2023-02-05,Minneapolis,Minneapolis,0.0,,0.0
0022200820,1610612750,MIN,2023-02-07,Minneapolis,Denver,698.5,SW,-1.0
0022200828,1610612750,MIN,2023-02-08,Denver,Salt Lake City,370.1,W,0.0
0022200841,1610612750,MIN,2023-02-10,Salt Lake City,Memphis,1248.5,E,1.0
0022200865,1610612750,MIN,2023-02-13,Memphis,Dallas,419.8,W,0.0
0022200884,1610612750,MIN,2023-02-16,Dallas,Minneapolis,863.1,N,0.0
0022200898,1610612750,MIN,2023-02-24,Minneapolis,Minneapolis,0.0,,0.0
0022200916,1610612750,MIN,2023-02-26,Minneapolis,San Francisco,1579.5,W,-2.0
0022200932,1610612750,MIN,2023-02-28,San Francisco,Inglewood,347.9,SE,0.0
0022200955,1610612750,MIN,2023-03-03,Inglewood,Los Angeles,8.0,NE,0.0
0022200961,1610612750,MIN,2023-03-04,Los Angeles,Sacramento,361.4,NW,0.0
0022200980,1610612750,MIN,2023-03-07,Sacramento,Minneapolis,1511.1,NE,2.0
0022201001,1610612750,MIN,2023-03-10,Minneapolis,Minneapolis,0.0,,0.0
0022201021,1610612750,MIN,2023-03-13,Minneapolis,Atlanta,907.7,SE,1.0
0022201039,1610612750,MIN,2023-03-15,Atlanta,Minneapolis,907.7,NW,-1.0
0022201050,1610612750,MIN,2023-03-17,Minneapolis,Chicago,353.2,SE,0.0
0022201058,1610612750,MIN,2023-03-18,Chicago,Toronto,437.8,E,1.0
0022201073,1610612750,MIN,2023-03-20,Toronto,New York,340.4,SE,0.0
0022201090,1610612750,MIN,2023-03-22,New York,Minneapolis,1016.5,NW,-1.0
0022201121,1610612750,MIN,2023-03-26,Minneapolis,San Francisco,1579.5,W,-2.0
0022201128,1610612750,MIN,2023-03-27,San Francisco,Sacramento,74.0,NE,0.0
0022201144,1610612750,MIN,2023-03-29,Sacramento,Phoenix,634.7,SE,0.0
0022201157,1610612750,MIN,2023-03-31,Phoenix,Minneapolis,1278.1,NE,2.0
0022201166,1610612750,MIN,2023-04-02,Minneapolis,Minneapolis,0.0,,0.0
0022201180,1610612750,MIN,2023-04-04,Minneapolis,Brooklyn,1019.2,E,1.0
0022201214,1610612750,MIN,2023-04-08,Brooklyn,San Antonio,1579.3,W,-1.0
0022201225,1610612750,MIN,2023-04-09,San Antonio,Minneapolis,1110.9,N,0.0
0022200006,1610612751,BKN,2022-10-19,Brooklyn,Brooklyn,0.0,,0.0
0022200021,1610612751,BKN,2022-10-21,Brooklyn,Brooklyn,0.0,,0.0
0022200049,1610612751,BKN,2022-10-24,Brooklyn,Memphis,954.5,W,-1.0
0022200060,1610612751,BKN,2022-10-26,Memphis,Milwaukee,558.1,N,0.0
0022200066,1610612751,BKN,2022-10-27,Milwaukee,Brooklyn,734.8,E,1.0
0022200083,1610612751,BKN,2022-10-29,Brooklyn,Brooklyn,0.0,,0.0
0022200098,1610612751,BKN,2022-10-31,Brooklyn,Brooklyn,0.0,,0.0
0022200103,1610612751,BKN,2022-11-01,Brooklyn,Brooklyn,0.0,,0.0
0022200123,1610612751,BKN,2022-11-04,Brooklyn,Washington,203.3,SW,0.0
0022200133,1610612751,BKN,2022-11-05,Washington,Charlotte,329.7,SW,0.0
0022200155,1610612751,BKN,2022-11-07,Charlotte,Dallas,929.0,W,-1.0
0022200164,1610612751,BKN,2022-11-09,Dallas,Brooklyn,1371.7,NE,1.0
0022200184,1610612751,BKN,2022-11-12,Brooklyn,Inglewood,2455.5,W,-3.0
0022200198,1610612751,BKN,2022-11-13,Inglewood,Los Angeles,8.0,NE,0.0
0022200210,1610612751,BKN,2022-11-15,Los Angeles,Sacramento,361.4,NW,0.0
0022200221,1610612751,BKN,2022-11-17,Sacramento,Portland,484.0,N,0.0
0022200243,1610612751,BKN,2022-11-20,Portland,Brooklyn,2440.9,E,3.0
0022200256,1610612751,BKN,2022-11-22,Brooklyn,Philadelphia,83.0,SW,0.0
0022200266,1610612751,BKN,2022-11-23,Philadelphia,Toronto,337.3,NW,0.0
0022200276,1610612751,BKN,2022-11-25,Toronto,Indianapolis,440.3,SW,0.0
0022200290,1610612751,BKN,2022-11-27,Indianapolis,Brooklyn,645.2,E,0.0
0022200302,1610612751,BKN,2022-11-28,Brooklyn,Brooklyn,0.0,,0.0
0022200315,1610612751,BKN,2022-11-30,Brooklyn,Brooklyn,0.0,,0.0
0022200329,1610612751,BKN,2022-12-02,Brooklyn,Brooklyn,0.0,,0.0
0022200346,1610612751,BKN,2022-12-04,Brooklyn,Brooklyn,0.0,,0.0
0022200364,1610612751,BKN,2022-12-07,Brooklyn,Brooklyn,0.0,,0.0
0022200380,1610612751,BKN,2022-12-09,Brooklyn,Brooklyn,0.0,,0.0
0022200388,1610612751,BKN,2022-12-10,Brooklyn,Indianapolis,645.2,W,0.0
0022200403,1610612751,BKN,2022-12-12,Indianapolis,Washington,491.6,E,0.0
0022200433,1610612751,BKN,2022-12-16,Washington,Toronto,350.0,N,0.0
0022200447,1610612751,BKN,2022-12-18,Toronto,Detroit,206.4,SW,0.0
0022200470,1610612751,BKN,2022-12-21,Detroit,Brooklyn,483.3,E,0.0
0022200483,1610612751,BKN,2022-12-23,Brooklyn,Brooklyn,0.0,,0.0
0022200498,1610612751,BKN,2022-12-26,Brooklyn,Cleveland,405.4,W,0.0
0022200517,1610612751,BKN,2022-12-28,Cleveland,Atlanta,554.8,S,0.0
0022200539,1610612751,BKN,2022-12-31,Atlanta,Charlotte,226.5,NE,0.0
0022200555,1610612751,BKN,2023-01-02,Charlotte,Brooklyn,530.7,NE,0.0
0022200570,1610612751,BKN,2023-01-04,Brooklyn,Chicago,715.3,W,-1.0
0022200586,1610612751,BKN,2023-01-06,Chicago,New Orleans,835.2,S,0.0
0022200599,1610612751,BKN,2023-01-08,New Orleans,Miami,669.1,SE,1.0
0022200627,1610612751,BKN,2023-01-12,Miami,Brooklyn,1089.6,N,0.0
0022200651,1610612751,BKN,2023-01-15,Brooklyn,Brooklyn,0.0,,0.0
0022200666,1610612751,BKN,2023-01-17,Brooklyn,San Antonio,1579.3,W,-1.0
0022200681,1610612751,BKN,2023-01-19,San Antonio,Phoenix,849.5,NW,-1.0
0022200689,1610612751,BKN,2023-01-20,Phoenix,Salt Lake City,506.0,N,0.0
0022200704,1610612751,BKN,2023-01-22,Salt Lake City,San Francisco,597.6,W,-1.0
0022200721,1610612751,BKN,2023-01-25,San Francisco,Philadelphia,2515.7,E,3.0
0022200731,1610612751,BKN,2023-01-26,Philadelphia,Brooklyn,83.0,NE,0.0
0022200742,1610612751,BKN,2023-01-28,Brooklyn,Brooklyn,0.0,,0.0
0022200757,1610612751,BKN,2023-01-30,Brooklyn,Brooklyn,0.0,,0.0
0022200772,1610612751,BKN,2023-02-01,Brooklyn,Boston,190.4,NE,0.0
0022200793,1610612751,BKN,2023-02-04,Boston,Brooklyn,190.4,SW,0.0
0022200810,1610612751,BKN,2023-02-06,Brooklyn,Brooklyn,0.0,,0.0
0022200817,1610612751,BKN,2023-02-07,Brooklyn,Brooklyn,0.0,,0.0
0022200833,1610612751,BKN,2023-02-09,Brooklyn,Brooklyn,0.0,,0.0
0022200846,1610612751,BKN,2023-02-11,Brooklyn,Brooklyn,0.0,,0.0
0022200862,1610612751,BKN,2023-02-13,Brooklyn,New York,4.8,N,0.0
0022200878,1610612751,BKN,2023-02-15,New York,Brooklyn,4.8,S,0.0
0022200900,1610612751,BKN,2023-02-24,Brooklyn,Chicago,715.3,W,-1.0
0022200911,1610612751,BKN,2023-02-26,Chicago,Atlanta,589.0,S,1.0
0022200924,1610612751,BKN,2023-02-28,Atlanta,Brooklyn,745.8,NE,0.0
0022200937,1610612751,BKN,2023-03-01,Brooklyn,New York,4.8,N,0.0
0022200948,1610612751,BKN,2023-03-03,New York,Boston,188.2,NE,0.0
0022200965,1610612751,BKN,2023-03-05,Boston,Brooklyn,190.4,SW,0.0
0022200981,1610612751,BKN,2023-03-07,Brooklyn,Houston,1418.2,SW,-1.0
0022200995,1610612751,BKN,2023-03-09,Houston,Milwaukee,1006.5,N,0.0
0022201001,1610612751,BKN,2023-03-10,Milwaukee,Minneapolis,297.9,NW,0.0
0022201014,1610612751,BKN,2023-03-12,Minneapolis,Denver,698.5,SW,-1.0
0022201031,1610612751,BKN,2023-03-14,Denver,Oklahoma City,505.5,SE,1.0
0022201043,1610612751,BKN,2023-03-16,Oklahoma City,Brooklyn,1325.7,NE,1.0
0022201063,1610612751,BKN,2023-03-19,Brooklyn,Brooklyn,0.0,,0.0
0022201079,1610612751,BKN,2023-03-21,Brooklyn,Brooklyn,0.0,,0.0
0022201094,1610612751,BKN,2023-03-23,Brooklyn,Brooklyn,0.0,,0.0
0022201108,1610612751,BKN,2023-03-25,Brooklyn,Miami,1089.6,S,0.0
0022201118,1610612751,BKN,2023-03-26,Miami,Orlando,204.3,N,0.0
0022201137,1610612751,BKN,2023-03-29,Orlando,Brooklyn,938.0,NE,0.0
0022201153,1610612751,BKN,2023-03-31,Brooklyn,Brooklyn,0.0,,0.0
0022201164,1610612751,BKN,2023-04-02,Brooklyn,Brooklyn,0.0,,0.0
0022201180,1610612751,BKN,2023-04-04,Brooklyn,Brooklyn,0.0,,0.0
0022201189,1610612751,BKN,2023-04-05,Brooklyn,Detroit,483.3,W,0.0
0022201207,1610612751,BKN,2023-04-07,Detroit,Brooklyn,483.3,E,0.0
0022201217,1610612751,BKN,2023-04-09,Brooklyn,Brooklyn,0.0,,0.0
0022200009,1610612752,NYK,2022-10-19,New York,Memphis,955.1,W,-1.0
0022200023,1610612752,NYK,2022-10-21,Memphis,New York,955.1,NE,1.0
0022200046,1610612752,NYK,2022-10-24,New York,New York,0.0,,0.0
0022200058,1610612752,NYK,2022-10-26,New York,New York,0.0,,0.0
0022200075,1610612752,NYK,2022-10-28,New York,Milwaukee,732.5,W,-1.0
0022200090,1610612752,NYK,2022-10-30,Milwaukee,Cleveland,335.9,E,1.0
0022200110,1610612752,NYK,2022-11-02,Cleveland,New York,403.7,E,0.0
0022200122,1610612752,NYK,2022-11-04,New York,Philadelphia,85.4,SW,0.0
0022200135,1610612752,NYK,2022-11-05,Philadelphia,New York,85.4,NE,0.0
0022200153,1610612752,NYK,2022-11-07,New York,Minneapolis,1016.5,NW,-1.0
0022200164,1610612752,NYK,2022-11-09,Minneapolis,Brooklyn,1019.2,E,1.0
0022200178,1610612752,NYK,2022-11-11,Brooklyn,New York,4.8,N,0.0
0022200192,1610612752,NYK,2022-11-13,New York,New York,0.0,,0.0
0022200208,1610612752,NYK,2022-11-15,New York,Salt Lake City,1968.2,W,-2.0
0022200219,1610612752,NYK,2022-11-16,Salt Lake City,Denver,370.1,E,0.0
0022200233,1610612752,NYK,2022-11-18,Denver,San Francisco,944.8,W,-1.0
0022200240,1610612752,NYK,2022-11-20,San Francisco,Phoenix,651.4,SE,1.0
0022200254,1610612752,NYK,2022-11-21,Phoenix,Oklahoma City,840.1,E,1.0
0022200274,1610612752,NYK,2022-11-25,Oklahoma City,New York,1325.4,NE,1.0
0022200296,1610612752,NYK,2022-11-27,New York,New York,0.0,,0.0
0022200309,1610612752,NYK,2022-11-29,New York,Detroit,481.0,W,0.0
0022200316,1610612752,NYK,2022-11-30,Detroit,New York,481.0,E,0.0
0022200337,1610612752,NYK,2022-12-03,New York,New York,0.0,,0.0
0022200348,1610612752,NYK,2022-12-04,New York,New York,0.0,,0.0
0022200365,1610612752,NYK,2022-12-07,New York,New York,0.0,,0.0
0022200377,1610612752,NYK,2022-12-09,New York,Charlotte,533.3,SW,0.0
0022200397,1610612752,NYK,2022-12-11,Charlotte,New York,533.3,NE,0.0
0022200418,1610612752,NYK,2022-12-14,New York,Chicago,713.5,W,-1.0
0022200434,1610612752,NYK,2022-12-16,Chicago,Chicago,0.0,,0.0
0022200446,1610612752,NYK,2022-12-18,Chicago,Indianapolis,166.4,SE,1.0
0022200463,1610612752,NYK,2022-12-20,Indianapolis,New York,644.4,E,0.0
0022200471,1610612752,NYK,2022-12-21,New York,New York,0.0,,0.0
0022200485,1610612752,NYK,2022-12-23,New York,New York,0.0,,0.0
0022200493,1610612752,NYK,2022-12-25,New York,New York,0.0,,0.0
0022200512,1610612752,NYK,2022-12-27,New York,Dallas,1372.1,W,-1.0
0022200527,1610612752,NYK,2022-12-29,Dallas,San Antonio,251.5,SW,0.0
0022200541,1610612752,NYK,2022-12-31,San Antonio,Houston,186.1,E,0.0
0022200550,1610612752,NYK,2023-01-02,Houston,New York,1419.3,NE,1.0
0022200568,1610612752,NYK,2023-01-04,New York,New York,0.0,,0.0
0022200582,1610612752,NYK,2023-01-06,New York,Toronto,340.4,NW,0.0
0022200607,1610612752,NYK,2023-01-09,Toronto,New York,340.4,SE,0.0
0022200622,1610612752,NYK,2023-01-11,New York,New York,0.0,,0.0
0022200634,1610612752,NYK,2023-01-13,New York,Washington,205.4,SW,0.0
0022200648,1610612752,NYK,2023-01-15,Washington,Detroit,395.7,NW,0.0
0022200659,1610612752,NYK,2023-01-16,Detroit,New York,481.0,E,0.0
0022200669,1610612752,NYK,2023-01-18,New York,New York,0.0,,0.0
0022200684,1610612752,NYK,2023-01-20,New York,Atlanta,747.9,SW,0.0
0022200700,1610612752,NYK,2023-01-22,Atlanta,Toronto,734.3,N,0.0
0022200715,1610612752,NYK,2023-01-24,Toronto,New York,340.4,SE,0.0
0022200730,1610612752,NYK,2023-01-26,New York,Boston,188.2,NE,0.0
0022200742,1610612752,NYK,2023-01-28,Boston,Brooklyn,190.4,SW,0.0
0022200765,1610612752,NYK,2023-01-31,Brooklyn,New York,4.8,N,0.0
0022200780,1610612752,NYK,2023-02-02,New York,New York,0.0,,0.0
0022200795,1610612752,NYK,2023-02-04,New York,New York,0.0,,0.0
0022200804,1610612752,NYK,2023-02-05,New York,New York,0.0,,0.0
0022200816,1610612752,NYK,2023-02-07,New York,Orlando,941.6,SW,0.0
0022200837,1610612752,NYK,2023-02-10,Orlando,Philadelphia,860.9,NE,0.0
0022200851,1610612752,NYK,2023-02-11,Philadelphia,New York,85.4,NE,0.0
0022200862,1610612752,NYK,2023-02-13,New York,New York,0.0,,0.0
0022200876,1610612752,NYK,2023-02-15,New York,Atlanta,747.9,SW,0.0
0022200895,1610612752,NYK,2023-02-24,Atlanta,Washington,542.5,NE,0.0
0022200906,1610612752,NYK,2023-02-25,Washington,New York,205.4,NE,0.0
0022200921,1610612752,NYK,2023-02-27,New York,New York,0.0,,0.0
0022200937,1610612752,NYK,2023-03-01,New York,New York,0.0,,0.0
0022200949,1610612752,NYK,2023-03-03,New York,Miami,1093.6,S,0.0
0022200969,1610612752,NYK,2023-03-05,Miami,Boston,1257.4,N,0.0
0022200979,1610612752,NYK,2023-03-07,Boston,New York,188.2,SW,0.0
0022200997,1610612752,NYK,2023-03-09,New York,Sacramento,2500.2,W,-3.0
0022201004,1610612752,NYK,2023-03-11,Sacramento,Inglewood,365.3,SE,0.0
0022201019,1610612752,NYK,2023-03-12,Inglewood,Los Angeles,8.0,NE,0.0
0022201034,1610612752,NYK,2023-03-14,Los Angeles,Portland,827.1,N,0.0
0022201055,1610612752,NYK,2023-03-18,Portland,New York,2438.1,E,3.0
0022201073,1610612752,NYK,2023-03-20,New York,New York,0.0,,0.0
0022201084,1610612752,NYK,2023-03-22,New York,Miami,1093.6,S,0.0
0022201093,1610612752,NYK,2023-03-23,Miami,Orlando,204.3,N,0.0
0022201124,1610612752,NYK,2023-03-27,Orlando,New York,941.6,NE,0.0
0022201138,1610612752,NYK,2023-03-29,New York,New York,0.0,,0.0
0022201154,1610612752,NYK,2023-03-31,New York,Cleveland,403.7,W,0.0
0022201168,1610612752,NYK,2023-04-02,Cleveland,New York,403.7,E,0.0
0022201190,1610612752,NYK,2023-04-05,New York,Indianapolis,644.4,W,0.0
0022201209,1610612752,NYK,2023-04-07,Indianapolis,New Orleans,713.6,S,-1.0
0022201220,1610612752,NYK,2023-04-09,New Orleans,New York,1171.0,NE,1.0
0022200003,1610612753,ORL,2022-10-19,Orlando,Detroit,958.2,N,0.0
0022200020,1610612753,ORL,2022-10-21,Detroit,Atlanta,597.5,S,0.0
0022200030,1610612753,ORL,2022-10-22,Atlanta,Orlando,402.1,SE,0.0
0022200046,1610612753,ORL,2022-10-24,Orlando,New York,941.6,NE,0.0
0022200056,1610612753,ORL,2022-10-26,New York,Cleveland,403.7,W,0.0
0022200071,1610612753,ORL,2022-10-28,Cleveland,Orlando,895.4,S,0.0
0022200093,1610612753,ORL,2022-10-30,Orlando,Dallas,961.6,W,-1.0
0022200105,1610612753,ORL,2022-11-01,Dallas,Oklahoma City,189.0,N,0.0
0022200118,1610612753,ORL,2022-11-03,Oklahoma City,Orlando,1057.5,E,1.0
0022200132,1610612753,ORL,2022-11-05,Orlando,Orlando,0.0,,0.0
0022200145,1610612753,ORL,2022-11-07,Orlando,Orlando,0.0,,0.0
0022200161,1610612753,ORL,2022-11-09,Orlando,Orlando,0.0,,0.0
0022200177,1610612753,ORL,2022-11-11,Orlando,Orlando,0.0,,0.0
0022200200,1610612753,ORL,2022-11-14,Orlando,Orlando,0.0,,0.0
0022200212,1610612753,ORL,2022-11-16,Orlando,Orlando,0.0,,0.0
0022200227,1610612753,ORL,2022-11-18,Orlando,Chicago,987.1,N,-1.0
0022200236,1610612753,ORL,2022-11-19,Chicago,Indianapolis,166.4,SE,1.0
0022200249,1610612753,ORL,2022-11-21,Indianapolis,Indianapolis,0.0,,0.0
0022200273,1610612753,ORL,2022-11-25,Indianapolis,Orlando,821.8,S,0.0
0022200297,1610612753,ORL,2022-11-27,Orlando,Orlando,0.0,,0.0
0022200302,1610612753,ORL,2022-11-28,Orlando,Brooklyn,938.0,NE,0.0
0022200313,1610612753,ORL,2022-11-30,Brooklyn,Orlando,938.0,SW,0.0
0022200330,1610612753,ORL,2022-12-02,Orlando,Cleveland,895.4,N,0.0
0022200340,1610612753,ORL,2022-12-03,Cleveland,Toronto,189.2,NE,0.0
0022200353,1610612753,ORL,2022-12-05,Toronto,Orlando,1049.5,S,0.0
0022200363,1610612753,ORL,2022-12-07,Orlando,Orlando,0.0,,0.0
0022200379,1610612753,ORL,2022-12-09,Orlando,Orlando,0.0,,0.0
0022200398,1610612753,ORL,2022-12-11,Orlando,Orlando,0.0,,0.0
0022200416,1610612753,ORL,2022-12-14,Orlando,Orlando,0.0,,0.0
0022200430,1610612753,ORL,2022-12-16,Orlando,Boston,1116.1,NE,0.0
0022200445,1610612753,ORL,2022-12-18,Boston,Boston,0.0,,0.0
0022200454,1610612753,ORL,2022-12-19,Boston,Atlanta,936.1,SW,0.0
0022200472,1610612753,ORL,2022-12-21,Atlanta,Houston,700.7,W,-1.0
0022200479,1610612753,ORL,2022-12-23,Houston,Orlando,847.1,E,1.0
0022200505,1610612753,ORL,2022-12-27,Orlando,Orlando,0.0,,0.0
0022200515,1610612753,ORL,2022-12-28,Orlando,Detroit,958.2,N,0.0
0022200529,1610612753,ORL,2022-12-30,Detroit,Orlando,958.2,S,0.0
0022200566,1610612753,ORL,2023-01-04,Orlando,Orlando,0.0,,0.0
0022200576,1610612753,ORL,2023-01-05,Orlando,Orlando,0.0,,0.0
0022200594,1610612753,ORL,2023-01-07,Orlando,San Francisco,2435.3,NW,-3.0
0022200610,1610612753,ORL,2023-01-09,San Francisco,Sacramento,74.0,NE,0.0
0022200616,1610612753,ORL,2023-01-10,Sacramento,Portland,484.0,N,0.0
0022200638,1610612753,ORL,2023-01-13,Portland,Salt Lake City,633.9,SE,1.0
0022200653,1610612753,ORL,2023-01-15,Salt Lake City,Denver,370.1,E,0.0
0022200683,1610612753,ORL,2023-01-20,Denver,Orlando,1550.1,SE,2.0
0022200693,1610612753,ORL,2023-01-21,Orlando,Washington,758.1,N,0.0
0022200707,1610612753,ORL,2023-01-23,Washington,Orlando,758.1,S,0.0
0022200720,1610612753,ORL,2023-01-25,Orlando,Orlando,0.0,,0.0
0022200738,1610612753,ORL,2023-01-27,Orlando,Miami,204.3,S,0.0
0022200744,1610612753,ORL,2023-01-28,Miami,Orlando,204.3,N,0.0
0022200756,1610612753,ORL,2023-01-30,Orlando,Philadelphia,860.9,NE,0.0
0022200770,1610612753,ORL,2023-02-01,Philadelphia,Philadelphia,0.0,,0.0
0022200790,1610612753,ORL,2023-02-03,Philadelphia,Minneapolis,984.9,NW,-1.0
0022200802,1610612753,ORL,2023-02-05,Minneapolis,Charlotte,939.3,SE,1.0
0022200816,1610612753,ORL,2023-02-07,Charlotte,Orlando,463.1,S,0.0
0022200831,1610612753,ORL,2023-02-09,Orlando,Orlando,0.0,,0.0
0022200848,1610612753,ORL,2023-02-11,Orlando,Orlando,0.0,,0.0
0022200863,1610612753,ORL,2023-02-13,Orlando,Chicago,987.1,N,-1.0
0022200868,1610612753,ORL,2023-02-14,Chicago,Toronto,437.8,E,1.0
0022200888,1610612753,ORL,2023-02-23,Toronto,Orlando,1049.5,S,0.0
0022200905,1610612753,ORL,2023-02-25,Orlando,Orlando,0.0,,0.0
0022200922,1610612753,ORL,2023-02-27,Orlando,New Orleans,533.2,W,-1.0
0022200939,1610612753,ORL,2023-03-01,New Orleans,Milwaukee,912.7,N,0.0
0022200946,1610612753,ORL,2023-03-03,Milwaukee,Charlotte,659.6,SE,1.0
0022200966,1610612753,ORL,2023-03-05,Charlotte,Orlando,463.1,S,0.0
0022200978,1610612753,ORL,2023-03-07,Orlando,Orlando,0.0,,0.0
0022200994,1610612753,ORL,2023-03-09,Orlando,Orlando,0.0,,0.0
0022201007,1610612753,ORL,2023-03-11,Orlando,Orlando,0.0,,0.0
0022201032,1610612753,ORL,2023-03-14,Orlando,San Antonio,1031.6,W,-1.0
0022201046,1610612753,ORL,2023-03-16,San Antonio,Phoenix,849.5,NW,-2.0
0022201056,1610612753,ORL,2023-03-18,Phoenix,Inglewood,362.1,W,0.0
0022201070,1610612753,ORL,2023-03-19,Inglewood,Los Angeles,8.0,NE,0.0
0022201077,1610612753,ORL,2023-03-21,Los Angeles,Orlando,2198.6,E,3.0
0022201093,1610612753,ORL,2023-03-23,Orlando,Orlando,0.0,,0.0
0022201118,1610612753,ORL,2023-03-26,Orlando,Orlando,0.0,,0.0
0022201133,1610612753,ORL,2023-03-28,Orlando,Memphis,682.6,NW,-1.0
0022201151,1610612753,ORL,2023-03-31,Memphis,Washington,763.5,NE,1.0
0022201169,1610612753,ORL,2023-04-02,Washington,Orlando,758.1,S,0.0
0022201178,1610612753,ORL,2023-04-04,Orlando,Orlando,0.0,,0.0
0022201197,1610612753,ORL,2023-04-06,Orlando,Orlando,0.0,,0.0
0022201207,1610612753,ORL,2023-04-07,Orlando,Brooklyn,938.0,NE,0.0
0022201219,1610612753,ORL,2023-04-09,Brooklyn,Miami,1089.6,S,0.0
0022200004,1610612754,IND,2022-10-19,Indianapolis,Indianapolis,0.0,,0.0
0022200018,1610612754,IND,2022-10-21,Indianapolis,Indianapolis,0.0,,0.0
0022200029,1610612754,IND,2022-10-22,Indianapolis,Indianapolis,0.0,,0.0
0022200044,1610612754,IND,2022-10-24,Indianapolis,Philadelphia,582.5,E,0.0
0022200061,1610612754,IND,2022-10-26,Philadelphia,Chicago,666.5,W,-1.0
0022200074,1610612754,IND,2022-10-28,Chicago,Washington,596.8,E,1.0
0022200083,1610612754,IND,2022-10-29,Washington,Brooklyn,203.3,NE,0.0
0022200098,1610612754,IND,2022-10-31,Brooklyn,Brooklyn,0.0,,0.0
0022200121,1610612754,IND,2022-11-04,Brooklyn,Indianapolis,645.2,W,0.0
0022200147,1610612754,IND,2022-11-07,Indianapolis,Indianapolis,0.0,,0.0
0022200160,1610612754,IND,2022-11-09,Indianapolis,Indianapolis,0.0,,0.0
0022200187,1610612754,IND,2022-11-12,Indianapolis,Indianapolis,0.0,,0.0
0022200211,1610612754,IND,2022-11-16,Indianapolis,Charlotte,428.0,SE,0.0
0022200228,1610612754,IND,2022-11-18,Charlotte,Houston,925.8,W,-1.0
0022200236,1610612754,IND,2022-11-19,Houston,Indianapolis,866.0,NE,1.0
0022200249,1610612754,IND,2022-11-21,Indianapolis,Indianapolis,0.0,,0.0
0022200262,1610612754,IND,2022-11-23,Indianapolis,Indianapolis,0.0,,0.0
0022200276,1610612754,IND,2022-11-25,Indianapolis,Indianapolis,0.0,,0.0
0022200292,1610612754,IND,2022-11-27,Indianapolis,Inglewood,1813.9,W,-3.0
0022200308,1610612754,IND,2022-11-28,Inglewood,Los Angeles,8.0,NE,0.0
0022200323,1610612754,IND,2022-11-30,Los Angeles,Sacramento,361.4,NW,0.0
0022200335,1610612754,IND,2022-12-02,Sacramento,Salt Lake City,532.1,E,1.0
0022200351,1610612754,IND,2022-12-04,Salt Lake City,Portland,633.9,NW,-1.0
0022200359,1610612754,IND,2022-12-05,Portland,San Francisco,536.6,S,0.0
0022200370,1610612754,IND,2022-12-07,San Francisco,Minneapolis,1579.5,NE,2.0
0022200378,1610612754,IND,2022-12-09,Minneapolis,Indianapolis,511.4,SE,1.0
0022200388,1610612754,IND,2022-12-10,Indianapolis,Indianapolis,0.0,,0.0
0022200402,1610612754,IND,2022-12-12,Indianapolis,Indianapolis,0.0,,0.0
0022200415,1610612754,IND,2022-12-14,Indianapolis,Indianapolis,0.0,,0.0
0022200431,1610612754,IND,2022-12-16,Indianapolis,Cleveland,263.0,NE,0.0
0022200446,1610612754,IND,2022-12-18,Cleveland,Indianapolis,263.0,SW,0.0
0022200469,1610612754,IND,2022-12-21,Indianapolis,Boston,805.4,E,0.0
0022200486,1610612754,IND,2022-12-23,Boston,Miami,1257.4,SW,0.0
0022200502,1610612754,IND,2022-12-26,Miami,New Orleans,669.1,NW,-1.0
0022200508,1610612754,IND,2022-12-27,New Orleans,Indianapolis,713.6,N,1.0
0022200524,1610612754,IND,2022-12-29,Indianapolis,Indianapolis,0.0,,0.0
0022200538,1610612754,IND,2022-12-31,Indianapolis,Indianapolis,0.0,,0.0
0022200553,1610612754,IND,2023-01-02,Indianapolis,Indianapolis,0.0,,0.0
0022200567,1610612754,IND,2023-01-04,Indianapolis,Philadelphia,582.5,E,0.0
0022200580,1610612754,IND,2023-01-06,Philadelphia,Indianapolis,582.5,W,0.0
0022200598,1610612754,IND,2023-01-08,Indianapolis,Indianapolis,0.0,,0.0
0022200622,1610612754,IND,2023-01-11,Indianapolis,New York,644.4,E,0.0
0022200633,1610612754,IND,2023-01-13,New York,Indianapolis,644.4,W,0.0
0022200643,1610612754,IND,2023-01-14,Indianapolis,Indianapolis,0.0,,0.0
0022200657,1610612754,IND,2023-01-16,Indianapolis,Milwaukee,244.4,N,-1.0
0022200674,1610612754,IND,2023-01-18,Milwaukee,Oklahoma City,732.6,SW,0.0
0022200688,1610612754,IND,2023-01-20,Oklahoma City,Denver,505.5,NW,-1.0
0022200697,1610612754,IND,2023-01-21,Denver,Phoenix,585.4,SW,0.0
0022200713,1610612754,IND,2023-01-24,Phoenix,Indianapolis,1496.2,NE,2.0
0022200720,1610612754,IND,2023-01-25,Indianapolis,Orlando,821.8,S,0.0
0022200736,1610612754,IND,2023-01-27,Orlando,Indianapolis,821.8,N,0.0
0022200753,1610612754,IND,2023-01-29,Indianapolis,Memphis,384.3,SW,-1.0
0022200778,1610612754,IND,2023-02-02,Memphis,Indianapolis,384.3,NE,1.0
0022200786,1610612754,IND,2023-02-03,Indianapolis,Indianapolis,0.0,,0.0
0022200803,1610612754,IND,2023-02-05,Indianapolis,Indianapolis,0.0,,0.0
0022200825,1610612754,IND,2023-02-08,Indianapolis,Miami,1025.8,S,0.0
0022200836,1610612754,IND,2023-02-10,Miami,Indianapolis,1025.8,N,0.0
0022200849,1610612754,IND,2023-02-11,Indianapolis,Washington,491.6,E,0.0
0022200859,1610612754,IND,2023-02-13,Washington,Indianapolis,491.6,W,0.0
0022200874,1610612754,IND,2023-02-15,Indianapolis,Indianapolis,0.0,,0.0
0022200887,1610612754,IND,2023-02-23,Indianapolis,Indianapolis,0.0,,0.0
0022200905,1610612754,IND,2023-02-25,Indianapolis,Orlando,821.8,S,0.0
0022200929,1610612754,IND,2023-02-28,Orlando,Dallas,961.6,W,-1.0
0022200944,1610612754,IND,2023-03-02,Dallas,San Antonio,251.5,SW,0.0
0022200963,1610612754,IND,2023-03-05,San Antonio,Chicago,1049.5,NE,0.0
0022200972,1610612754,IND,2023-03-06,Chicago,Indianapolis,166.4,SE,1.0
0022200993,1610612754,IND,2023-03-09,Indianapolis,Indianapolis,0.0,,0.0
0022201006,1610612754,IND,2023-03-11,Indianapolis,Detroit,240.4,NE,0.0
0022201020,1610612754,IND,2023-03-13,Detroit,Detroit,0.0,,0.0
0022201045,1610612754,IND,2023-03-16,Detroit,Milwaukee,251.6,W,-1.0
0022201057,1610612754,IND,2023-03-18,Milwaukee,Indianapolis,244.4,SE,1.0
0022201071,1610612754,IND,2023-03-20,Indianapolis,Charlotte,428.0,SE,0.0
0022201085,1610612754,IND,2023-03-22,Charlotte,Toronto,586.8,N,0.0
0022201097,1610612754,IND,2023-03-24,Toronto,Boston,429.2,E,0.0
0022201107,1610612754,IND,2023-03-25,Boston,Atlanta,936.1,SW,0.0
0022201123,1610612754,IND,2023-03-27,Atlanta,Indianapolis,426.3,N,0.0
0022201136,1610612754,IND,2023-03-29,Indianapolis,Indianapolis,0.0,,0.0
0022201149,1610612754,IND,2023-03-31,Indianapolis,Indianapolis,0.0,,0.0
0022201173,1610612754,IND,2023-04-02,Indianapolis,Cleveland,263.0,NE,0.0
0022201190,1610612754,IND,2023-04-05,Cleveland,Indianapolis,263.0,SW,0.0
0022201203,1610612754,IND,2023-04-07,Indianapolis,Indianapolis,0.0,,0.0
0022201220,1610612754,IND,2023-04-09,Indianapolis,New York,644.4,E,0.0
0022200001,1610612755,PHI,2022-10-18,Philadelphia,Boston,273.4,NE,0.0
0022200015,1610612755,PHI,2022-10-20,Boston,Philadelphia,273.4,SW,0.0
0022200028,1610612755,PHI,2022-10-22,Philadelphia,Philadelphia,0.0,,0.0
0022200044,1610612755,PHI,2022-10-24,Philadelphia,Philadelphia,0.0,,0.0
0022200059,1610612755,PHI,2022-10-26,Philadelphia,Toronto,337.3,NW,0.0
0022200073,1610612755,PHI,2022-10-28,Toronto,Toronto,0.0,,0.0
0022200084,1610612755,PHI,2022-10-29,Toronto,Chicago,437.8,W,-1.0
0022200097,1610612755,PHI,2022-10-31,Chicago,Washington,596.8,E,1.0
0022200108,1610612755,PHI,2022-11-02,Washington,Philadelphia,120.6,NE,0.0
0022200122,1610612755,PHI,2022-11-04,Philadelphia,Philadelphia,0.0,,0.0
0022200148,1610612755,PHI,2022-11-07,Philadelphia,Philadelphia,0.0,,0.0
0022200173,1610612755,PHI,2022-11-10,Philadelphia,Atlanta,663.0,SW,0.0
0022200188,1610612755,PHI,2022-11-12,Atlanta,Philadelphia,663.0,NE,0.0
0022200195,1610612755,PHI,2022-11-13,Philadelphia,Philadelphia,0.0,,0.0
0022200226,1610612755,PHI,2022-11-18,Philadelphia,Philadelphia,0.0,,0.0
0022200237,1610612755,PHI,2022-11-19,Philadelphia,Philadelphia,0.0,,0.0
0022200256,1610612755,PHI,2022-11-22,Philadelphia,Philadelphia,0.0,,0.0
0022200260,1610612755,PHI,2022-11-23,Philadelphia,Charlotte,447.8,SW,0.0
0022200273,1610612755,PHI,2022-11-25,Charlotte,Orlando,463.1,S,0.0
0022200297,1610612755,PHI,2022-11-27,Orlando,Orlando,0.0,,0.0
0022200299,1610612755,PHI,2022-11-28,Orlando,Philadelphia,860.9,NE,0.0
0022200312,1610612755,PHI,2022-11-30,Philadelphia,Cleveland,358.6,W,0.0
0022200332,1610612755,PHI,2022-12-02,Cleveland,Memphis,630.7,SW,-1.0
0022200356,1610612755,PHI,2022-12-05,Memphis,Houston,484.1,SW,0.0
0022200382,1610612755,PHI,2022-12-09,Houston,Philadelphia,1338.0,NE,1.0
0022200399,1610612755,PHI,2022-12-11,Philadelphia,Philadelphia,0.0,,0.0
0022200409,1610612755,PHI,2022-12-13,Philadelphia,Philadelphia,0.0,,0.0
0022200432,1610612755,PHI,2022-12-16,Philadelphia,Philadelphia,0.0,,0.0
0022200453,1610612755,PHI,2022-12-19,Philadelphia,Philadelphia,0.0,,0.0
0022200467,1610612755,PHI,2022-12-21,Philadelphia,Philadelphia,0.0,,0.0
0022200480,1610612755,PHI,2022-12-23,Philadelphia,Philadelphia,0.0,,0.0
0022200493,1610612755,PHI,2022-12-25,Philadelphia,New York,85.4,NE,0.0
0022200506,1610612755,PHI,2022-12-27,New York,Washington,205.4,SW,0.0
0022200534,1610612755,PHI,2022-12-30,Washington,New Orleans,965.9,SW,-1.0
0022200545,1610612755,PHI,2022-12-31,New Orleans,Oklahoma City,575.8,NW,0.0
0022200554,1610612755,PHI,2023-01-02,Oklahoma City,Philadelphia,1256.0,E,1.0
0022200567,1610612755,PHI,2023-01-04,Philadelphia,Philadelphia,0.0,,0.0
0022200581,1610612755,PHI,2023-01-06,Philadelphia,Philadelphia,0.0,,0.0
0022200596,1610612755,PHI,2023-01-08,Philadelphia,Detroit,443.4,NW,0.0
0022200612,1610612755,PHI,2023-01-10,Detroit,Philadelphia,443.4,E,0.0
0022200626,1610612755,PHI,2023-01-12,Philadelphia,Philadelphia,0.0,,0.0
0022200646,1610612755,PHI,2023-01-14,Philadelphia,Salt Lake City,1921.2,W,-2.0
0022200655,1610612755,PHI,2023-01-15,Salt Lake City,Los Angeles,581.0,SW,-1.0
0022200668,1610612755,PHI,2023-01-17,Los Angeles,Inglewood,8.0,SW,0.0
0022200682,1610612755,PHI,2023-01-19,Inglewood,Portland,832.5,N,0.0
0022200698,1610612755,PHI,2023-01-21,Portland,Sacramento,484.0,S,0.0
0022200721,1610612755,PHI,2023-01-25,Sacramento,Philadelphia,2452.6,E,3.0
0022200741,1610612755,PHI,2023-01-28,Philadelphia,Philadelphia,0.0,,0.0
0022200756,1610612755,PHI,2023-01-30,Philadelphia,Philadelphia,0.0,,0.0
0022200770,1610612755,PHI,2023-02-01,Philadelphia,Philadelphia,0.0,,0.0
0022200791,1610612755,PHI,2023-02-03,Philadelphia,San Antonio,1500.7,W,-1.0
0022200804,1610612755,PHI,2023-02-05,San Antonio,New York,1580.2,NE,1.0
0022200824,1610612755,PHI,2023-02-08,New York,Boston,188.2,NE,0.0
0022200837,1610612755,PHI,2023-02-10,Boston,Philadelphia,273.4,SW,0.0
0022200846,1610612755,PHI,2023-02-11,Philadelphia,Brooklyn,83.0,NE,0.0
0022200860,1610612755,PHI,2023-02-13,Brooklyn,Philadelphia,83.0,SW,0.0
0022200875,1610612755,PHI,2023-02-15,Philadelphia,Philadelphia,0.0,,0.0
0022200889,1610612755,PHI,2023-02-23,Philadelphia,Philadelphia,0.0,,0.0
0022200908,1610612755,PHI,2023-02-25,Philadelphia,Philadelphia,0.0,,0.0
0022200920,1610612755,PHI,2023-02-27,Philadelphia,Philadelphia,0.0,,0.0
0022200936,1610612755,PHI,2023-03-01,Philadelphia,Miami,1017.6,S,0.0
0022200943,1610612755,PHI,2023-03-02,Miami,Dallas,1110.8,NW,-1.0
0022200960,1610612755,PHI,2023-03-04,Dallas,Milwaukee,857.3,NE,0.0
0022200972,1610612755,PHI,2023-03-06,Milwaukee,Indianapolis,244.4,SE,1.0
0022200980,1610612755,PHI,2023-03-07,Indianapolis,Minneapolis,511.4,NW,-1.0
0022200998,1610612755,PHI,2023-03-10,Minneapolis,Philadelphia,984.9,E,1.0
0022201016,1610612755,PHI,2023-03-12,Philadelphia,Philadelphia,0.0,,0.0
0022201035,1610612755,PHI,2023-03-15,Philadelphia,Cleveland,358.6,W,0.0
0022201047,1610612755,PHI,2023-03-17,Cleveland,Charlotte,435.7,S,0.0
0022201057,1610612755,PHI,2023-03-18,Charlotte,Indianapolis,428.0,NW,0.0
0022201072,1610612755,PHI,2023-03-20,Indianapolis,Philadelphia,582.5,E,0.0
0022201087,1610612755,PHI,2023-03-22,Philadelphia,Chicago,666.5,W,-1.0
0022201103,1610612755,PHI,2023-03-24,Chicago,San Francisco,1851.0,W,-2.0
0022201110,1610612755,PHI,2023-03-25,San Francisco,Phoenix,651.4,SE,0.0
0022201126,1610612755,PHI,2023-03-27,Phoenix,Denver,585.4,NE,1.0
0022201139,1610612755,PHI,2023-03-29,Denver,Philadelphia,1575.8,E,2.0
0022201150,1610612755,PHI,2023-03-31,Philadelphia,Philadelphia,0.0,,0.0
0022201174,1610612755,PHI,2023-04-02,Philadelphia,Milwaukee,693.8,W,-1.0
0022201181,1610612755,PHI,2023-04-04,Milwaukee,Philadelphia,693.8,E,1.0
0022201198,1610612755,PHI,2023-04-06,Philadelphia,Philadelphia,0.0,,0.0
0022201205,1610612755,PHI,2023-04-07,Philadelphia,Atlanta,663.0,SW,0.0
0022201217,1610612755,PHI,2023-04-09,Atlanta,Brooklyn,745.8,NE,0.0
0022200013,1610612756,PHX,2022-10-19,Phoenix,Phoenix,0.0,,0.0
0022200027,1610612756,PHX,2022-10-21,Phoenix,Portland,1006.3,NW,0.0
0022200043,1610612756,PHX,2022-10-23,Portland,Inglewood,832.5,S,0.0
0022200055,1610612756,PHX,2022-10-25,Inglewood,Phoenix,362.1,E,0.0
0022200079,1610612756,PHX,2022-10-28,Phoenix,Phoenix,0.0,,0.0
0022200094,1610612756,PHX,2022-10-30,Phoenix,Phoenix,0.0,,0.0
0022200106,1610612756,PHX,2022-11-01,Phoenix,Phoenix,0.0,,0.0
0022200130,1610612756,PHX,2022-11-04,Phoenix,Phoenix,0.0,,0.0
0022200139,1610612756,PHX,2022-11-05,Phoenix,Phoenix,0.0,,0.0
0022200148,1610612756,PHX,2022-11-07,Phoenix,Philadelphia,2077.5,NE,2.0
0022200167,1610612756,PHX,2022-11-09,Philadelphia,Minneapolis,984.9,NW,-1.0
0022200177,1610612756,PHX,2022-11-11,Minneapolis,Orlando,1309.6,SE,1.0
0022200202,1610612756,PHX,2022-11-14,Orlando,Miami,204.3,S,0.0
0022200220,1610612756,PHX,2022-11-16,Miami,Phoenix,1978.4,NW,-2.0
0022200232,1610612756,PHX,2022-11-18,Phoenix,Salt Lake City,506.0,N,0.0
0022200240,1610612756,PHX,2022-11-20,Salt Lake City,Phoenix,506.0,S,0.0
0022200259,1610612756,PHX,2022-11-22,Phoenix,Phoenix,0.0,,0.0
0022200283,1610612756,PHX,2022-11-25,Phoenix,Phoenix,0.0,,0.0
0022200289,1610612756,PHX,2022-11-26,Phoenix,Phoenix,0.0,,0.0
0022200307,1610612756,PHX,2022-11-28,Phoenix,Sacramento,634.7,NW,-1.0
0022200321,1610612756,PHX,2022-11-30,Sacramento,Phoenix,634.7,SE,1.0
0022200334,1610612756,PHX,2022-12-02,Phoenix,Phoenix,0.0,,0.0
0022200345,1610612756,PHX,2022-12-04,Phoenix,San Antonio,849.5,E,1.0
0022200358,1610612756,PHX,2022-12-05,San Antonio,Dallas,251.5,N,0.0
0022200373,1610612756,PHX,2022-12-07,Dallas,Phoenix,883.5,W,-1.0
0022200384,1610612756,PHX,2022-12-09,Phoenix,New Orleans,1312.5,E,1.0
0022200395,1610612756,PHX,2022-12-11,New Orleans,New Orleans,0.0,,0.0
0022200411,1610612756,PHX,2022-12-13,New Orleans,Houston,316.7,W,0.0
0022200427,1610612756,PHX,2022-12-15,Houston,Inglewood,1376.4,W,-2.0
0022200444,1610612756,PHX,2022-12-17,Inglewood,Phoenix,362.1,E,1.0
0022200459,1610612756,PHX,2022-12-19,Phoenix,Phoenix,0.0,,0.0
0022200464,1610612756,PHX,2022-12-20,Phoenix,Phoenix,0.0,,0.0
0022200490,1610612756,PHX,2022-12-23,Phoenix,Phoenix,0.0,,0.0
0022200497,1610612756,PHX,2022-12-25,Phoenix,Denver,585.4,NE,0.0
0022200510,1610612756,PHX,2022-12-27,Denver,Memphis,878.8,E,1.0
0022200516,1610612756,PHX,2022-12-28,Memphis,Washington,763.5,NE,1.0
0022200531,1610612756,PHX,2022-12-30,Washington,Toronto,350.0,N,0.0
0022200550,1610612756,PHX,2023-01-02,Toronto,New York,340.4,SE,0.0
0022200565,1610612756,PHX,2023-01-04,New York,Cleveland,403.7,W,0.0
0022200589,1610612756,PHX,2023-01-06,Cleveland,Phoenix,1745.9,W,-2.0
0022200603,1610612756,PHX,2023-01-08,Phoenix,Phoenix,0.0,,0.0
0022200615,1610612756,PHX,2023-01-10,Phoenix,San Francisco,651.4,NW,-1.0
0022200624,1610612756,PHX,2023-01-11,San Francisco,Denver,944.8,E,1.0
0022200637,1610612756,PHX,2023-01-13,Denver,Minneapolis,698.5,NE,1.0
0022200663,1610612756,PHX,2023-01-16,Minneapolis,Memphis,700.9,S,0.0
0022200681,1610612756,PHX,2023-01-19,Memphis,Phoenix,1259.9,W,-1.0
0022200697,1610612756,PHX,2023-01-21,Phoenix,Phoenix,0.0,,0.0
0022200703,1610612756,PHX,2023-01-22,Phoenix,Phoenix,0.0,,0.0
0022200718,1610612756,PHX,2023-01-24,Phoenix,Phoenix,0.0,,0.0
0022200734,1610612756,PHX,2023-01-26,Phoenix,Phoenix,0.0,,0.0
0022200748,1610612756,PHX,2023-01-28,Phoenix,San Antonio,849.5,E,1.0
0022200762,1610612756,PHX,2023-01-30,San Antonio,Phoenix,849.5,NW,-1.0
0022200777,1610612756,PHX,2023-02-01,Phoenix,Phoenix,0.0,,0.0
0022200788,1610612756,PHX,2023-02-03,Phoenix,Boston,2295.0,NE,2.0
0022200794,1610612756,PHX,2023-02-04,Boston,Detroit,611.9,W,0.0
0022200817,1610612756,PHX,2023-02-07,Detroit,Brooklyn,483.3,E,0.0
0022200832,1610612756,PHX,2023-02-09,Brooklyn,Atlanta,745.8,SW,0.0
0022200836,1610612756,PHX,2023-02-10,Atlanta,Indianapolis,426.3,N,0.0
0022200870,1610612756,PHX,2023-02-14,Indianapolis,Phoenix,1496.2,W,-2.0
0022200885,1610612756,PHX,2023-02-16,Phoenix,Phoenix,0.0,,0.0
0022200899,1610612756,PHX,2023-02-24,Phoenix,Phoenix,0.0,,0.0
0022200910,1610612756,PHX,2023-02-26,Phoenix,Milwaukee,1461.7,NE,1.0
0022200933,1610612756,PHX,2023-03-01,Milwaukee,Charlotte,659.6,SE,1.0
0022200950,1610612756,PHX,2023-03-03,Charlotte,Chicago,589.4,NW,-1.0
0022200962,1610612756,PHX,2023-03-05,Chicago,Dallas,803.0,SW,0.0
0022200990,1610612756,PHX,2023-03-08,Dallas,Phoenix,883.5,W,-1.0
0022201013,1610612756,PHX,2023-03-11,Phoenix,Phoenix,0.0,,0.0
0022201025,1610612756,PHX,2023-03-13,Phoenix,San Francisco,651.4,NW,0.0
0022201033,1610612756,PHX,2023-03-14,San Francisco,Phoenix,651.4,SE,0.0
0022201046,1610612756,PHX,2023-03-16,Phoenix,Phoenix,0.0,,0.0
0022201064,1610612756,PHX,2023-03-19,Phoenix,Oklahoma City,840.1,E,2.0
0022201092,1610612756,PHX,2023-03-22,Oklahoma City,Los Angeles,1180.0,W,-2.0
0022201105,1610612756,PHX,2023-03-24,Los Angeles,Sacramento,361.4,NW,0.0
0022201110,1610612756,PHX,2023-03-25,Sacramento,Phoenix,634.7,SE,0.0
0022201125,1610612756,PHX,2023-03-27,Phoenix,Salt Lake City,506.0,N,1.0
0022201144,1610612756,PHX,2023-03-29,Salt Lake City,Phoenix,506.0,S,-1.0
0022201160,1610612756,PHX,2023-03-31,Phoenix,Phoenix,0.0,,0.0
0022201172,1610612756,PHX,2023-04-02,Phoenix,Oklahoma City,840.1,E,2.0
0022201188,1610612756,PHX,2023-04-04,Oklahoma City,Phoenix,840.1,W,-2.0
0022201201,1610612756,PHX,2023-04-06,Phoenix,Phoenix,0.0,,0.0
0022201212,1610612756,PHX,2023-04-07,Phoenix,Los Angeles,358.3,W,0.0
0022201229,1610612756,PHX,2023-04-09,Los Angeles,Phoenix,358.3,E,0.0
0022200014,1610612757,POR,2022-10-19,Portland,Sacramento,484.0,S,0.0
0022200027,1610612757,POR,2022-10-21,Sacramento,Portland,484.0,N,0.0
0022200037,1610612757,POR,2022-10-23,Portland,Los Angeles,827.1,S,0.0
0022200051,1610612757,POR,2022-10-24,Los Angeles,Portland,827.1,N,0.0
0022200065,1610612757,POR,2022-10-26,Portland,Portland,0.0,,0.0
0022200080,1610612757,POR,2022-10-28,Portland,Portland,0.0,,0.0
0022200116,1610612757,POR,2022-11-02,Portland,Portland,0.0,,0.0
0022200130,1610612757,POR,2022-11-04,Portland,Phoenix,1006.3,SE,0.0
0022200139,1610612757,POR,2022-11-05,Phoenix,Phoenix,0.0,,0.0
0022200150,1610612757,POR,2022-11-07,Phoenix,Miami,1978.4,E,2.0
0022200159,1610612757,POR,2022-11-09,Miami,Charlotte,653.7,N,0.0
0022200175,1610612757,POR,2022-11-10,Charlotte,New Orleans,649.5,SW,-1.0
0022200190,1610612757,POR,2022-11-12,New Orleans,Dallas,442.7,NW,0.0
0022200209,1610612757,POR,2022-11-15,Dallas,Portland,1630.0,NW,-2.0
0022200221,1610612757,POR,2022-11-17,Portland,Portland,0.0,,0.0
0022200238,1610612757,POR,2022-11-19,Portland,Portland,0.0,,0.0
0022200251,1610612757,POR,2022-11-21,Portland,Milwaukee,1713.8,E,2.0
0022200261,1610612757,POR,2022-11-23,Milwaukee,Cleveland,335.9,E,1.0
0022200274,1610612757,POR,2022-11-25,Cleveland,New York,403.7,E,0.0
0022200290,1610612757,POR,2022-11-27,New York,Brooklyn,4.8,S,0.0
0022200311,1610612757,POR,2022-11-29,Brooklyn,Portland,2440.9,NW,-3.0
0022200324,1610612757,POR,2022-11-30,Portland,Los Angeles,827.1,S,0.0
0022200343,1610612757,POR,2022-12-03,Los Angeles,Salt Lake City,581.0,NE,1.0
0022200351,1610612757,POR,2022-12-04,Salt Lake City,Portland,633.9,NW,-1.0
0022200376,1610612757,POR,2022-12-08,Portland,Portland,0.0,,0.0
0022200394,1610612757,POR,2022-12-10,Portland,Portland,0.0,,0.0
0022200407,1610612757,POR,2022-12-12,Portland,Portland,0.0,,0.0
0022200420,1610612757,POR,2022-12-14,Portland,San Antonio,1720.8,SE,2.0
0022200436,1610612757,POR,2022-12-16,San Antonio,Dallas,251.5,N,0.0
0022200441,1610612757,POR,2022-12-17,Dallas,Houston,226.8,SE,0.0
0022200458,1610612757,POR,2022-12-19,Houston,Oklahoma City,414.1,N,0.0
0022200474,1610612757,POR,2022-12-21,Oklahoma City,Oklahoma City,0.0,,0.0
0022200489,1610612757,POR,2022-12-23,Oklahoma City,Denver,505.5,NW,-1.0
0022200504,1610612757,POR,2022-12-26,Denver,Portland,979.7,NW,-1.0
0022200536,1610612757,POR,2022-12-30,Portland,San Francisco,536.6,S,0.0
0022200559,1610612757,POR,2023-01-02,San Francisco,Portland,536.6,N,0.0
0022200571,1610612757,POR,2023-01-04,Portland,Minneapolis,1422.0,E,2.0
0022200580,1610612757,POR,2023-01-06,Minneapolis,Indianapolis,511.4,SE,1.0
0022200597,1610612757,POR,2023-01-08,Indianapolis,Toronto,440.3,NE,0.0
0022200616,1610612757,POR,2023-01-10,Toronto,Portland,2108.1,W,-3.0
0022200631,1610612757,POR,2023-01-12,Portland,Portland,0.0,,0.0
0022200647,1610612757,POR,2023-01-14,Portland,Portland,0.0,,0.0
0022200654,1610612757,POR,2023-01-15,Portland,Portland,0.0,,0.0
0022200667,1610612757,POR,2023-01-17,Portland,Denver,979.7,E,1.0
0022200682,1610612757,POR,2023-01-19,Denver,Portland,979.7,NW,-1.0
0022200705,1610612757,POR,2023-01-22,Portland,Portland,0.0,,0.0
0022200711,1610612757,POR,2023-01-23,Portland,Portland,0.0,,0.0
0022200727,1610612757,POR,2023-01-25,Portland,Portland,0.0,,0.0
0022200751,1610612757,POR,2023-01-28,Portland,Portland,0.0,,0.0
0022200763,1610612757,POR,2023-01-30,Portland,Portland,0.0,,0.0
0022200771,1610612757,POR,2023-02-01,Portland,Memphis,1845.9,E,2.0
0022200787,1610612757,POR,2023-02-03,Memphis,Washington,763.5,NE,1.0
0022200796,1610612757,POR,2023-02-04,Washington,Chicago,596.8,NW,-1.0
0022200815,1610612757,POR,2023-02-06,Chicago,Portland,1751.7,W,-2.0
0022200830,1610612757,POR,2023-02-08,Portland,Portland,0.0,,0.0
0022200843,1610612757,POR,2023-02-10,Portland,Portland,0.0,,0.0
0022200867,1610612757,POR,2023-02-13,Portland,Portland,0.0,,0.0
0022200872,1610612757,POR,2023-02-14,Portland,Portland,0.0,,0.0
0022200894,1610612757,POR,2023-02-23,Portland,Sacramento,484.0,S,0.0
0022200917,1610612757,POR,2023-02-26,Sacramento,Portland,484.0,N,0.0
0022200931,1610612757,POR,2023-02-28,Portland,San Francisco,536.6,S,0.0
0022200941,1610612757,POR,2023-03-01,San Francisco,Portland,536.6,N,0.0
0022200947,1610612757,POR,2023-03-03,Portland,Atlanta,2167.7,E,3.0
0022200966,1610612757,POR,2023-03-05,Atlanta,Orlando,402.1,SE,0.0
0022200977,1610612757,POR,2023-03-06,Orlando,Detroit,958.2,N,0.0
0022200986,1610612757,POR,2023-03-08,Detroit,Boston,611.9,E,0.0
0022200998,1610612757,POR,2023-03-10,Boston,Philadelphia,273.4,SW,0.0
0022201017,1610612757,POR,2023-03-12,Philadelphia,New Orleans,1086.5,SW,-1.0
0022201034,1610612757,POR,2023-03-14,New Orleans,Portland,2059.5,NW,-2.0
0022201053,1610612757,POR,2023-03-17,Portland,Portland,0.0,,0.0
0022201069,1610612757,POR,2023-03-19,Portland,Portland,0.0,,0.0
0022201091,1610612757,POR,2023-03-22,Portland,Salt Lake City,633.9,SE,1.0
0022201104,1610612757,POR,2023-03-24,Salt Lake City,Portland,633.9,NW,-1.0
0022201120,1610612757,POR,2023-03-26,Portland,Portland,0.0,,0.0
0022201127,1610612757,POR,2023-03-27,Portland,Portland,0.0,,0.0
0022201145,1610612757,POR,2023-03-29,Portland,Portland,0.0,,0.0
0022201159,1610612757,POR,2023-03-31,Portland,Portland,0.0,,0.0
0022201166,1610612757,POR,2023-04-02,Portland,Minneapolis,1422.0,E,2.0
0022201184,1610612757,POR,2023-04-04,Minneapolis,Memphis,700.9,S,0.0
0022201199,1610612757,POR,2023-04-06,Memphis,San Antonio,628.6,SW,0.0
0022201215,1610612757,POR,2023-04-08,San Antonio,Inglewood,1209.0,W,-2.0
0022201230,1610612757,POR,2023-04-09,Inglewood,Portland,832.5,N,0.0
0022200014,1610612758,SAC,2022-10-19,Sacramento,Sacramento,0.0,,0.0
0022200036,1610612758,SAC,2022-10-22,Sacramento,Sacramento,0.0,,0.0
0022200042,1610612758,SAC,2022-10-23,Sacramento,San Francisco,74.0,SW,0.0
0022200069,1610612758,SAC,2022-10-27,San Francisco,Sacramento,74.0,NE,0.0
0022200081,1610612758,SAC,2022-10-29,Sacramento,Sacramento,0.0,,0.0
0022200096,1610612758,SAC,2022-10-31,Sacramento,Charlotte,2240.2,E,3.0
0022200109,1610612758,SAC,2022-11-02,Charlotte,Miami,653.7,S,0.0
0022200132,1610612758,SAC,2022-11-05,Miami,Orlando,204.3,N,0.0
0022200156,1610612758,SAC,2022-11-07,Orlando,San Francisco,2435.3,NW,-3.0
0022200171,1610612758,SAC,2022-11-09,San Francisco,Sacramento,74.0,NE,0.0
0022200183,1610612758,SAC,2022-11-11,Sacramento,Los Angeles,361.4,SE,0.0
0022200197,1610612758,SAC,2022-11-13,Los Angeles,Sacramento,361.4,NW,0.0
0022200210,1610612758,SAC,2022-11-15,Sacramento,Sacramento,0.0,,0.0
0022200222,1610612758,SAC,2022-11-17,Sacramento,Sacramento,0.0,,0.0
0022200242,1610612758,SAC,2022-11-20,Sacramento,Sacramento,0.0,,0.0
0022200257,1610612758,SAC,2022-11-22,Sacramento,Memphis,1746.2,E,2.0
0022200263,1610612758,SAC,2022-11-23,Memphis,Atlanta,335.9,E,1.0
0022200275,1610612758,SAC,2022-11-25,Atlanta,Boston,936.1,NE,0.0
0022200307,1610612758,SAC,2022-11-28,Boston,Sacramento,2625.0,W,-3.0
0022200323,1610612758,SAC,2022-11-30,Sacramento,Sacramento,0.0,,0.0
0022200338,1610612758,SAC,2022-12-03,Sacramento,Inglewood,365.3,SE,0.0
0022200350,1610612758,SAC,2022-12-04,Inglewood,Sacramento,365.3,NW,0.0
0022200369,1610612758,SAC,2022-12-07,Sacramento,Milwaukee,1770.9,E,2.0
0022200381,1610612758,SAC,2022-12-09,Milwaukee,Cleveland,335.9,E,1.0
0022200397,1610612758,SAC,2022-12-11,Cleveland,New York,403.7,E,0.0
0022200409,1610612758,SAC,2022-12-13,New York,Philadelphia,85.4,SW,0.0
0022200417,1610612758,SAC,2022-12-14,Philadelphia,Toronto,337.3,NW,0.0
0022200429,1610612758,SAC,2022-12-16,Toronto,Detroit,206.4,SW,0.0
0022200460,1610612758,SAC,2022-12-19,Detroit,Sacramento,2020.3,W,-3.0
0022200475,1610612758,SAC,2022-12-21,Sacramento,Sacramento,0.0,,0.0
0022200491,1610612758,SAC,2022-12-23,Sacramento,Sacramento,0.0,,0.0
0022200514,1610612758,SAC,2022-12-27,Sacramento,Sacramento,0.0,,0.0
0022200522,1610612758,SAC,2022-12-28,Sacramento,Sacramento,0.0,,0.0
0022200537,1610612758,SAC,2022-12-30,Sacramento,Sacramento,0.0,,0.0
0022200547,1610612758,SAC,2023-01-01,Sacramento,Memphis,1746.2,E,2.0
0022200563,1610612758,SAC,2023-01-03,Memphis,Salt Lake City,1248.5,NW,-1.0
0022200575,1610612758,SAC,2023-01-04,Salt Lake City,Sacramento,532.1,W,-1.0
0022200595,1610612758,SAC,2023-01-07,Sacramento,Sacramento,0.0,,0.0
0022200610,1610612758,SAC,2023-01-09,Sacramento,Sacramento,0.0,,0.0
0022200625,1610612758,SAC,2023-01-11,Sacramento,Sacramento,0.0,,0.0
0022200640,1610612758,SAC,2023-01-13,Sacramento,Sacramento,0.0,,0.0
0022200652,1610612758,SAC,2023-01-15,Sacramento,San Antonio,1459.0,E,2.0
0022200677,1610612758,SAC,2023-01-18,San Antonio,Los Angeles,1205.9,W,-2.0
0022200691,1610612758,SAC,2023-01-20,Los Angeles,Sacramento,361.4,NW,0.0
0022200698,1610612758,SAC,2023-01-21,Sacramento,Sacramento,0.0,,0.0
0022200712,1610612758,SAC,2023-01-23,Sacramento,Sacramento,0.0,,0.0
0022200728,1610612758,SAC,2023-01-25,Sacramento,Sacramento,0.0,,0.0
0022200746,1610612758,SAC,2023-01-28,Sacramento,Minneapolis,1511.1,NE,2.0
0022200758,1610612758,SAC,2023-01-30,Minneapolis,Minneapolis,0.0,,0.0
0022200775,1610612758,SAC,2023-02-01,Minneapolis,San Antonio,1110.9,S,0.0
0022200786,1610612758,SAC,2023-02-03,San Antonio,Indianapolis,997.1,NE,1.0
0022200807,1610612758,SAC,2023-02-05,Indianapolis,New Orleans,713.6,S,-1.0
0022200812,1610612758,SAC,2023-02-06,New Orleans,Houston,316.7,W,0.0
0022200827,1610612758,SAC,2023-02-08,Houston,Houston,0.0,,0.0
0022200844,1610612758,SAC,2023-02-10,Houston,Sacramento,1606.9,NW,-2.0
0022200854,1610612758,SAC,2023-02-11,Sacramento,Sacramento,0.0,,0.0
0022200870,1610612758,SAC,2023-02-14,Sacramento,Phoenix,634.7,SE,1.0
0022200894,1610612758,SAC,2023-02-23,Phoenix,Sacramento,634.7,NW,-1.0
0022200902,1610612758,SAC,2023-02-24,Sacramento,Inglewood,365.3,SE,0.0
0022200915,1610612758,SAC,2023-02-26,Inglewood,Oklahoma City,1185.4,E,2.0
0022200928,1610612758,SAC,2023-02-28,Oklahoma City,Oklahoma City,0.0,,0.0
0022200954,1610612758,SAC,2023-03-03,Oklahoma City,Sacramento,1336.6,W,-2.0
0022200961,1610612758,SAC,2023-03-04,Sacramento,Sacramento,0.0,,0.0
0022200976,1610612758,SAC,2023-03-06,Sacramento,Sacramento,0.0,,0.0
0022200997,1610612758,SAC,2023-03-09,Sacramento,Sacramento,0.0,,0.0
0022201013,1610612758,SAC,2023-03-11,Sacramento,Phoenix,634.7,SE,1.0
0022201026,1610612758,SAC,2023-03-13,Phoenix,Sacramento,634.7,NW,0.0
0022201037,1610612758,SAC,2023-03-15,Sacramento,Chicago,1787.1,E,2.0
0022201043,1610612758,SAC,2023-03-16,Chicago,Brooklyn,715.3,E,1.0
0022201059,1610612758,SAC,2023-03-18,Brooklyn,Washington,203.3,SW,0.0
0022201076,1610612758,SAC,2023-03-20,Washington,Salt Lake City,1843.0,W,-2.0
0022201081,1610612758,SAC,2023-03-21,Salt Lake City,Sacramento,532.1,W,-1.0
0022201105,1610612758,SAC,2023-03-24,Sacramento,Sacramento,0.0,,0.0
0022201111,1610612758,SAC,2023-03-25,Sacramento,Sacramento,0.0,,0.0
0022201128,1610612758,SAC,2023-03-27,Sacramento,Sacramento,0.0,,0.0
0022201145,1610612758,SAC,2023-03-29,Sacramento,Portland,484.0,N,0.0
0022201159,1610612758,SAC,2023-03-31,Portland,Portland,0.0,,0.0
0022201170,1610612758,SAC,2023-04-02,Portland,Sacramento,484.0,S,0.0
0022201185,1610612758,SAC,2023-04-04,Sacramento,New Orleans,1879.8,E,2.0
0022201195,1610612758,SAC,2023-04-05,New Orleans,Dallas,442.7,NW,0.0
0022201211,1610612758,SAC,2023-04-07,Dallas,Sacramento,1437.2,NW,-2.0
0022201227,1610612758,SAC,2023-04-09,Sacramento,Denver,885.9,E,1.0
0022200011,1610612759,SAS,2022-10-19,San Antonio,San Antonio,0.0,,0.0
0022200018,1610612759,SAS,2022-10-21,San Antonio,Indianapolis,997.1,NE,1.0
0022200028,1610612759,SAS,2022-10-22,Indianapolis,Philadelphia,582.5,E,0.0
0022200050,1610612759,SAS,2022-10-24,Philadelphia,Minneapolis,984.9,NW,-1.0
0022200062,1610612759,SAS,2022-10-26,Minneapolis,Minneapolis,0.0,,0.0
0022200077,1610612759,SAS,2022-10-28,Minneapolis,San Antonio,1110.9,S,0.0
0022200092,1610612759,SAS,2022-10-30,San Antonio,San Antonio,0.0,,0.0
0022200114,1610612759,SAS,2022-11-02,San Antonio,San Antonio,0.0,,0.0
0022200126,1610612759,SAS,2022-11-04,San Antonio,San Antonio,0.0,,0.0
0022200138,1610612759,SAS,2022-11-05,San Antonio,Denver,804.6,NW,-1.0
0022200154,1610612759,SAS,2022-11-07,Denver,San Antonio,804.6,SE,1.0
0022200169,1610612759,SAS,2022-11-09,San Antonio,San Antonio,0.0,,0.0
0022200180,1610612759,SAS,2022-11-11,San Antonio,San Antonio,0.0,,0.0
0022200205,1610612759,SAS,2022-11-14,San Antonio,San Francisco,1488.5,NW,-2.0
0022200209,1610612759,SAS,2022-11-15,San Francisco,Portland,536.6,N,0.0
0022200222,1610612759,SAS,2022-11-17,Portland,Sacramento,484.0,S,0.0
0022200239,1610612759,SAS,2022-11-19,Sacramento,Inglewood,365.3,SE,0.0
0022200247,1610612759,SAS,2022-11-20,Inglewood,Los Angeles,8.0,NE,0.0
0022200269,1610612759,SAS,2022-11-23,Los Angeles,San Antonio,1205.9,E,2.0
0022200282,1610612759,SAS,2022-11-25,San Antonio,San Antonio,0.0,,0.0
0022200288,1610612759,SAS,2022-11-26,San Antonio,San Antonio,0.0,,0.0
0022200319,1610612759,SAS,2022-11-30,San Antonio,Oklahoma City,420.5,N,0.0
0022200333,1610612759,SAS,2022-12-02,Oklahoma City,San Antonio,420.5,S,0.0
0022200345,1610612759,SAS,2022-12-04,San Antonio,San Antonio,0.0,,0.0
0022200375,1610612759,SAS,2022-12-08,San Antonio,San Antonio,0.0,,0.0
0022200387,1610612759,SAS,2022-12-10,San Antonio,Miami,1144.2,E,1.0
0022200406,1610612759,SAS,2022-12-12,Miami,San Antonio,1144.2,W,-1.0
0022200420,1610612759,SAS,2022-12-14,San Antonio,San Antonio,0.0,,0.0
0022200439,1610612759,SAS,2022-12-17,San Antonio,San Antonio,0.0,,0.0
0022200455,1610612759,SAS,2022-12-19,San Antonio,Houston,186.1,E,0.0
0022200477,1610612759,SAS,2022-12-22,Houston,New Orleans,316.7,E,0.0
0022200479,1610612759,SAS,2022-12-23,New Orleans,Orlando,533.2,E,1.0
0022200503,1610612759,SAS,2022-12-26,Orlando,San Antonio,1031.6,W,-1.0
0022200511,1610612759,SAS,2022-12-27,San Antonio,Oklahoma City,420.5,N,0.0
0022200527,1610612759,SAS,2022-12-29,Oklahoma City,San Antonio,420.5,S,0.0
0022200542,1610612759,SAS,2022-12-31,San Antonio,San Antonio,0.0,,0.0
0022200555,1610612759,SAS,2023-01-02,San Antonio,Brooklyn,1579.3,NE,1.0
0022200568,1610612759,SAS,2023-01-04,Brooklyn,New York,4.8,N,0.0
0022200585,1610612759,SAS,2023-01-06,New York,San Antonio,1580.2,W,-1.0
0022200591,1610612759,SAS,2023-01-07,San Antonio,San Antonio,0.0,,0.0
0022200608,1610612759,SAS,2023-01-09,San Antonio,Memphis,628.6,NE,0.0
0022200623,1610612759,SAS,2023-01-11,Memphis,Memphis,0.0,,0.0
0022200635,1610612759,SAS,2023-01-13,Memphis,San Antonio,628.6,SW,0.0
0022200652,1610612759,SAS,2023-01-15,San Antonio,San Antonio,0.0,,0.0
0022200666,1610612759,SAS,2023-01-17,San Antonio,San Antonio,0.0,,0.0
0022200687,1610612759,SAS,2023-01-20,San Antonio,San Antonio,0.0,,0.0
0022200711,1610612759,SAS,2023-01-23,San Antonio,Portland,1720.8,NW,-2.0
0022200729,1610612759,SAS,2023-01-25,Portland,Los Angeles,827.1,S,0.0
0022200735,1610612759,SAS,2023-01-26,Los Angeles,Inglewood,8.0,SW,0.0
0022200748,1610612759,SAS,2023-01-28,Inglewood,San Antonio,1209.0,E,2.0
0022200760,1610612759,SAS,2023-01-30,San Antonio,San Antonio,0.0,,0.0
0022200775,1610612759,SAS,2023-02-01,San Antonio,San Antonio,0.0,,0.0
0022200791,1610612759,SAS,2023-02-03,San Antonio,San Antonio,0.0,,0.0
0022200811,1610612759,SAS,2023-02-06,San Antonio,Chicago,1049.5,NE,0.0
0022200826,1610612759,SAS,2023-02-08,Chicago,Toronto,437.8,E,1.0
0022200835,1610612759,SAS,2023-02-10,Toronto,Detroit,206.4,SW,0.0
0022200850,1610612759,SAS,2023-02-11,Detroit,Atlanta,597.5,S,0.0
0022200858,1610612759,SAS,2023-02-13,Atlanta,Cleveland,554.8,N,0.0
0022200873,1610612759,SAS,2023-02-15,Cleveland,Charlotte,435.7,S,0.0
0022200891,1610612759,SAS,2023-02-23,Charlotte,Dallas,929.0,W,-1.0
0022200909,1610612759,SAS,2023-02-25,Dallas,Salt Lake City,998.4,NW,-1.0
0022200930,1610612759,SAS,2023-02-28,Salt Lake City,Salt Lake City,0.0,,0.0
0022200944,1610612759,SAS,2023-03-02,Salt Lake City,San Antonio,1089.8,SE,1.0
0022200959,1610612759,SAS,2023-03-04,San Antonio,San Antonio,0.0,,0.0
0022200967,1610612759,SAS,2023-03-05,San Antonio,Houston,186.1,E,0.0
0022201002,1610612759,SAS,2023-03-10,Houston,San Antonio,186.1,W,0.0
0022201018,1610612759,SAS,2023-03-12,San Antonio,San Antonio,0.0,,0.0
0022201032,1610612759,SAS,2023-03-14,San Antonio,San Antonio,0.0,,0.0
0022201040,1610612759,SAS,2023-03-15,San Antonio,San Antonio,0.0,,0.0
0022201052,1610612759,SAS,2023-03-17,San Antonio,San Antonio,0.0,,0.0
0022201065,1610612759,SAS,2023-03-19,San Antonio,San Antonio,0.0,,0.0
0022201080,1610612759,SAS,2023-03-21,San Antonio,New Orleans,502.7,E,0.0
0022201089,1610612759,SAS,2023-03-22,New Orleans,Milwaukee,912.7,N,0.0
0022201098,1610612759,SAS,2023-03-24,Milwaukee,Washington,635.9,SE,1.0
0022201116,1610612759,SAS,2023-03-26,Washington,Boston,393.6,NE,0.0
0022201143,1610612759,SAS,2023-03-29,Boston,San Antonio,1762.3,W,-1.0
0022201158,1610612759,SAS,2023-03-31,San Antonio,San Francisco,1488.5,NW,-2.0
0022201170,1610612759,SAS,2023-04-02,San Francisco,Sacramento,74.0,NE,0.0
0022201188,1610612759,SAS,2023-04-04,Sacramento,Phoenix,634.7,SE,0.0
0022201199,1610612759,SAS,2023-04-06,Phoenix,San Antonio,849.5,E,2.0
0022201214,1610612759,SAS,2023-04-08,San Antonio,San Antonio,0.0,,0.0
0022201224,1610612759,SAS,2023-04-09,San Antonio,Dallas,251.5,N,0.0
0022200010,1610612760,OKC,2022-10-19,Oklahoma City,Minneapolis,694.2,N,0.0
0022200035,1610612760,OKC,2022-10-22,Minneapolis,Denver,698.5,SW,-1.0
0022200041,1610612760,OKC,2022-10-23,Denver,Oklahoma City,505.5,SE,1.0
0022200054,1610612760,OKC,2022-10-25,Oklahoma City,Oklahoma City,0.0,,0.0
0022200067,1610612760,OKC,2022-10-27,Oklahoma City,Oklahoma City,0.0,,0.0
0022200086,1610612760,OKC,2022-10-29,Oklahoma City,Dallas,189.0,S,0.0
0022200105,1610612760,OKC,2022-11-01,Dallas,Oklahoma City,189.0,N,0.0
0022200119,1610612760,OKC,2022-11-03,Oklahoma City,Oklahoma City,0.0,,0.0
0022200136,1610612760,OKC,2022-11-05,Oklahoma City,Milwaukee,732.6,NE,0.0
0022200146,1610612760,OKC,2022-11-07,Milwaukee,Detroit,251.6,E,1.0
0022200168,1610612760,OKC,2022-11-09,Detroit,Oklahoma City,909.4,SW,-1.0
0022200179,1610612760,OKC,2022-11-11,Oklahoma City,Oklahoma City,0.0,,0.0
0022200192,1610612760,OKC,2022-11-13,Oklahoma City,New York,1325.4,NE,1.0
0022200201,1610612760,OKC,2022-11-14,New York,Boston,188.2,NE,0.0
0022200213,1610612760,OKC,2022-11-16,Boston,Washington,393.6,SW,0.0
0022200229,1610612760,OKC,2022-11-18,Washington,Memphis,763.5,W,-1.0
0022200254,1610612760,OKC,2022-11-21,Memphis,Oklahoma City,421.4,W,0.0
0022200268,1610612760,OKC,2022-11-23,Oklahoma City,Oklahoma City,0.0,,0.0
0022200281,1610612760,OKC,2022-11-25,Oklahoma City,Oklahoma City,0.0,,0.0
0022200287,1610612760,OKC,2022-11-26,Oklahoma City,Houston,414.1,S,0.0
0022200304,1610612760,OKC,2022-11-28,Houston,New Orleans,316.7,E,0.0
0022200319,1610612760,OKC,2022-11-30,New Orleans,Oklahoma City,575.8,NW,0.0
0022200341,1610612760,OKC,2022-12-03,Oklahoma City,Minneapolis,694.2,N,0.0
0022200354,1610612760,OKC,2022-12-05,Minneapolis,Atlanta,907.7,SE,1.0
0022200368,1610612760,OKC,2022-12-07,Atlanta,Memphis,335.9,W,-1.0
0022200390,1610612760,OKC,2022-12-10,Memphis,Cleveland,630.7,NE,1.0
0022200405,1610612760,OKC,2022-12-12,Cleveland,Dallas,1024.9,SW,-1.0
0022200419,1610612760,OKC,2022-12-14,Dallas,Oklahoma City,189.0,N,0.0
0022200435,1610612760,OKC,2022-12-16,Oklahoma City,Oklahoma City,0.0,,0.0
0022200443,1610612760,OKC,2022-12-17,Oklahoma City,Oklahoma City,0.0,,0.0
0022200458,1610612760,OKC,2022-12-19,Oklahoma City,Oklahoma City,0.0,,0.0
0022200474,1610612760,OKC,2022-12-21,Oklahoma City,Oklahoma City,0.0,,0.0
0022200488,1610612760,OKC,2022-12-23,Oklahoma City,Oklahoma City,0.0,,0.0
0022200511,1610612760,OKC,2022-12-27,Oklahoma City,Oklahoma City,0.0,,0.0
0022200523,1610612760,OKC,2022-12-29,Oklahoma City,Charlotte,938.9,E,1.0
0022200545,1610612760,OKC,2022-12-31,Charlotte,Oklahoma City,938.9,W,-1.0
0022200562,1610612760,OKC,2023-01-03,Oklahoma City,Oklahoma City,0.0,,0.0
0022200566,1610612760,OKC,2023-01-04,Oklahoma City,Orlando,1057.5,E,1.0
0022200584,1610612760,OKC,2023-01-06,Orlando,Oklahoma City,1057.5,NW,-1.0
0022200602,1610612760,OKC,2023-01-08,Oklahoma City,Oklahoma City,0.0,,0.0
0022200611,1610612760,OKC,2023-01-10,Oklahoma City,Miami,1225.5,SE,1.0
0022200626,1610612760,OKC,2023-01-12,Miami,Philadelphia,1017.6,N,0.0
0022200636,1610612760,OKC,2023-01-13,Philadelphia,Chicago,666.5,W,-1.0
0022200651,1610612760,OKC,2023-01-15,Chicago,Brooklyn,715.3,E,1.0
0022200674,1610612760,OKC,2023-01-18,Brooklyn,Oklahoma City,1325.7,W,-1.0
0022200691,1610612760,OKC,2023-01-20,Oklahoma City,Sacramento,1336.6,W,-2.0
0022200702,1610612760,OKC,2023-01-22,Sacramento,Denver,885.9,E,1.0
0022200725,1610612760,OKC,2023-01-25,Denver,Oklahoma City,505.5,SE,1.0
0022200739,1610612760,OKC,2023-01-27,Oklahoma City,Oklahoma City,0.0,,0.0
0022200759,1610612760,OKC,2023-01-30,Oklahoma City,Oklahoma City,0.0,,0.0
0022200773,1610612760,OKC,2023-02-01,Oklahoma City,Houston,414.1,S,0.0
0022200799,1610612760,OKC,2023-02-04,Houston,Oklahoma City,414.1,N,0.0
0022200814,1610612760,OKC,2023-02-06,Oklahoma City,San Francisco,1384.4,W,-2.0
0022200821,1610612760,OKC,2023-02-07,San Francisco,Los Angeles,345.5,SE,0.0
0022200843,1610612760,OKC,2023-02-10,Los Angeles,Portland,827.1,N,0.0
0022200864,1610612760,OKC,2023-02-13,Portland,Oklahoma City,1484.6,E,2.0
0022200880,1610612760,OKC,2023-02-15,Oklahoma City,Oklahoma City,0.0,,0.0
0022200892,1610612760,OKC,2023-02-23,Oklahoma City,Salt Lake City,862.2,NW,-1.0
0022200899,1610612760,OKC,2023-02-24,Salt Lake City,Phoenix,506.0,S,0.0
0022200915,1610612760,OKC,2023-02-26,Phoenix,Oklahoma City,840.1,E,1.0
0022200928,1610612760,OKC,2023-02-28,Oklahoma City,Oklahoma City,0.0,,0.0
0022200940,1610612760,OKC,2023-03-01,Oklahoma City,Oklahoma City,0.0,,0.0
0022200951,1610612760,OKC,2023-03-03,Oklahoma City,Oklahoma City,0.0,,0.0
0022200968,1610612760,OKC,2023-03-05,Oklahoma City,Oklahoma City,0.0,,0.0
0022200982,1610612760,OKC,2023-03-07,Oklahoma City,Oklahoma City,0.0,,0.0
0022200990,1610612760,OKC,2023-03-08,Oklahoma City,Phoenix,840.1,W,-1.0
0022201011,1610612760,OKC,2023-03-11,Phoenix,New Orleans,1312.5,E,1.0
0022201018,1610612760,OKC,2023-03-12,New Orleans,San Antonio,502.7,W,0.0
0022201031,1610612760,OKC,2023-03-14,San Antonio,Oklahoma City,420.5,N,0.0
0022201044,1610612760,OKC,2023-03-16,Oklahoma City,Toronto,1115.8,NE,1.0
0022201064,1610612760,OKC,2023-03-19,Toronto,Oklahoma City,1115.8,SW,-1.0
0022201082,1610612760,OKC,2023-03-21,Oklahoma City,Inglewood,1185.4,W,-2.0
0022201096,1610612760,OKC,2023-03-23,Inglewood,Inglewood,0.0,,0.0
0022201106,1610612760,OKC,2023-03-24,Inglewood,Los Angeles,8.0,NE,0.0
0022201120,1610612760,OKC,2023-03-26,Los Angeles,Portland,827.1,N,0.0
0022201134,1610612760,OKC,2023-03-28,Portland,Oklahoma City,1484.6,E,2.0
0022201142,1610612760,OKC,2023-03-29,Oklahoma City,Oklahoma City,0.0,,0.0
0022201149,1610612760,OKC,2023-03-31,Oklahoma City,Indianapolis,688.4,NE,1.0
0022201172,1610612760,OKC,2023-04-02,Indianapolis,Oklahoma City,688.4,W,-1.0
0022201187,1610612760,OKC,2023-04-04,Oklahoma City,San Francisco,1384.4,W,-2.0
0022201200,1610612760,OKC,2023-04-06,San Francisco,Salt Lake City,597.6,NE,1.0
0022201226,1610612760,OKC,2023-04-09,Salt Lake City,Oklahoma City,862.2,E,1.0
0022200008,1610612761,TOR,2022-10-19,Toronto,Toronto,0.0,,0.0
0022200021,1610612761,TOR,2022-10-21,Toronto,Brooklyn,344.0,SE,0.0
0022200031,1610612761,TOR,2022-10-22,Brooklyn,Miami,1089.6,S,0.0
0022200045,1610612761,TOR,2022-10-24,Miami,Miami,0.0,,0.0
0022200059,1610612761,TOR,2022-10-26,Miami,Toronto,1235.0,N,0.0
0022200073,1610612761,TOR,2022-10-28,Toronto,Toronto,0.0,,0.0
0022200099,1610612761,TOR,2022-10-31,Toronto,Toronto,0.0,,0.0
0022200114,1610612761,TOR,2022-11-02,Toronto,San Antonio,1437.2,SW,-1.0
0022200127,1610612761,TOR,2022-11-04,San Antonio,Dallas,251.5,N,0.0
0022200141,1610612761,TOR,2022-11-06,Dallas,Toronto,1203.1,NE,1.0
0022200151,1610612761,TOR,2022-11-07,Toronto,Chicago,437.8,W,-1.0
0022200165,1610612761,TOR,2022-11-09,Chicago,Toronto,437.8,E,1.0
0022200179,1610612761,TOR,2022-11-11,Toronto,Oklahoma City,1115.8,SW,-1.0
0022200187,1610612761,TOR,2022-11-12,Oklahoma City,Indianapolis,688.4,NE,1.0
0022200199,1610612761,TOR,2022-11-14,Indianapolis,Detroit,240.4,NE,0.0
0022200215,1610612761,TOR,2022-11-16,Detroit,Toronto,206.4,NE,0.0
0022200235,1610612761,TOR,2022-11-19,Toronto,Atlanta,734.3,SW,0.0
0022200266,1610612761,TOR,2022-11-23,Atlanta,Toronto,734.3,N,0.0
0022200286,1610612761,TOR,2022-11-26,Toronto,Toronto,0.0,,0.0
0022200303,1610612761,TOR,2022-11-28,Toronto,Toronto,0.0,,0.0
0022200318,1610612761,TOR,2022-11-30,Toronto,New Orleans,1114.1,SW,-1.0
0022200329,1610612761,TOR,2022-12-02,New Orleans,Brooklyn,1169.1,NE,1.0
0022200340,1610612761,TOR,2022-12-03,Brooklyn,Toronto,344.0,NW,0.0
0022200355,1610612761,TOR,2022-12-05,Toronto,Toronto,0.0,,0.0
0022200366,1610612761,TOR,2022-12-07,Toronto,Toronto,0.0,,0.0
0022200379,1610612761,TOR,2022-12-09,Toronto,Orlando,1049.5,S,0.0
0022200398,1610612761,TOR,2022-12-11,Orlando,Orlando,0.0,,0.0
0022200417,1610612761,TOR,2022-12-14,Orlando,Toronto,1049.5,N,0.0
0022200433,1610612761,TOR,2022-12-16,Toronto,Toronto,0.0,,0.0
0022200448,1610612761,TOR,2022-12-18,Toronto,Toronto,0.0,,0.0
0022200453,1610612761,TOR,2022-12-19,Toronto,Philadelphia,337.3,SE,0.0
0022200471,1610612761,TOR,2022-12-21,Philadelphia,New York,85.4,NE,0.0
0022200484,1610612761,TOR,2022-12-23,New York,Cleveland,403.7,W,0.0
0022200509,1610612761,TOR,2022-12-27,Cleveland,Toronto,189.2,NE,0.0
0022200526,1610612761,TOR,2022-12-29,Toronto,Toronto,0.0,,0.0
0022200531,1610612761,TOR,2022-12-30,Toronto,Toronto,0.0,,0.0
0022200553,1610612761,TOR,2023-01-02,Toronto,Indianapolis,440.3,SW,0.0
0022200569,1610612761,TOR,2023-01-04,Indianapolis,Toronto,440.3,NE,0.0
0022200582,1610612761,TOR,2023-01-06,Toronto,Toronto,0.0,,0.0
0022200597,1610612761,TOR,2023-01-08,Toronto,Toronto,0.0,,0.0
0022200613,1610612761,TOR,2023-01-10,Toronto,Toronto,0.0,,0.0
0022200629,1610612761,TOR,2023-01-12,Toronto,Toronto,0.0,,0.0
0022200644,1610612761,TOR,2023-01-14,Toronto,Toronto,0.0,,0.0
0022200659,1610612761,TOR,2023-01-16,Toronto,New York,340.4,SE,0.0
0022200665,1610612761,TOR,2023-01-17,New York,Milwaukee,732.5,W,-1.0
0022200680,1610612761,TOR,2023-01-19,Milwaukee,Minneapolis,297.9,NW,0.0
0022200692,1610612761,TOR,2023-01-21,Minneapolis,Toronto,692.4,E,1.0
0022200700,1610612761,TOR,2023-01-22,Toronto,Toronto,0.0,,0.0
0022200728,1610612761,TOR,2023-01-25,Toronto,Sacramento,2196.4,W,-3.0
0022200740,1610612761,TOR,2023-01-27,Sacramento,San Francisco,74.0,SW,0.0
0022200751,1610612761,TOR,2023-01-28,San Francisco,Portland,536.6,N,0.0
0022200762,1610612761,TOR,2023-01-30,Portland,Phoenix,1006.3,SE,1.0
0022200776,1610612761,TOR,2023-02-01,Phoenix,Salt Lake City,506.0,N,0.0
0022200789,1610612761,TOR,2023-02-03,Salt Lake City,Houston,1200.6,SE,1.0
0022200805,1610612761,TOR,2023-02-05,Houston,Memphis,484.1,NE,0.0
0022200826,1610612761,TOR,2023-02-08,Memphis,Toronto,817.2,NE,1.0
0022200839,1610612761,TOR,2023-02-10,Toronto,Toronto,0.0,,0.0
0022200856,1610612761,TOR,2023-02-12,Toronto,Toronto,0.0,,0.0
0022200868,1610612761,TOR,2023-02-14,Toronto,Toronto,0.0,,0.0
0022200890,1610612761,TOR,2023-02-23,Toronto,Toronto,0.0,,0.0
0022200903,1610612761,TOR,2023-02-25,Toronto,Detroit,206.4,SW,0.0
0022200914,1610612761,TOR,2023-02-26,Detroit,Cleveland,91.3,SE,0.0
0022200925,1610612761,TOR,2023-02-28,Cleveland,Toronto,189.2,NE,0.0
0022200942,1610612761,TOR,2023-03-02,Toronto,Washington,350.0,S,0.0
0022200956,1610612761,TOR,2023-03-04,Washington,Washington,0.0,,0.0
0022200975,1610612761,TOR,2023-03-06,Washington,Denver,1491.0,W,-2.0
0022200991,1610612761,TOR,2023-03-08,Denver,Inglewood,838.0,SW,-1.0
0022201003,1610612761,TOR,2023-03-10,Inglewood,Los Angeles,8.0,NE,0.0
0022201029,1610612761,TOR,2023-03-14,Los Angeles,Toronto,2173.0,NE,3.0
0022201044,1610612761,TOR,2023-03-16,Toronto,Toronto,0.0,,0.0
0022201058,1610612761,TOR,2023-03-18,Toronto,Toronto,0.0,,0.0
0022201068,1610612761,TOR,2023-03-19,Toronto,Milwaukee,430.8,W,-1.0
0022201085,1610612761,TOR,2023-03-22,Milwaukee,Toronto,430.8,E,1.0
0022201099,1610612761,TOR,2023-03-24,Toronto,Toronto,0.0,,0.0
0022201119,1610612761,TOR,2023-03-26,Toronto,Toronto,0.0,,0.0
0022201132,1610612761,TOR,2023-03-28,Toronto,Toronto,0.0,,0.0
0022201150,1610612761,TOR,2023-03-31,Toronto,Philadelphia,337.3,SE,0.0
0022201163,1610612761,TOR,2023-04-02,Philadelphia,Charlotte,447.8,SW,0.0
0022201176,1610612761,TOR,2023-04-04,Charlotte,Charlotte,0.0,,0.0
0022201192,1610612761,TOR,2023-04-05,Charlotte,Boston,720.7,NE,0.0
0022201206,1610612761,TOR,2023-04-07,Boston,Boston,0.0,,0.0
0022201221,1610612761,TOR,2023-04-09,Boston,Toronto,429.2,W,0.0
0022200012,1610612762,UTA,2022-10-19,Salt Lake City,Salt Lake City,0.0,,0.0
0022200025,1610612762,UTA,2022-10-21,Salt Lake City,Minneapolis,984.4,NE,1.0
0022200040,1610612762,UTA,2022-10-23,Minneapolis,New Orleans,1053.0,S,0.0
0022200048,1610612762,UTA,2022-10-24,New Orleans,Houston,316.7,W,0.0
0022200063,1610612762,UTA,2022-10-26,Houston,Salt Lake City,1200.6,NW,-1.0
0022200078,1610612762,UTA,2022-10-28,Salt Lake City,Denver,370.1,E,0.0
0022200087,1610612762,UTA,2022-10-29,Denver,Salt Lake City,370.1,W,0.0
0022200101,1610612762,UTA,2022-10-31,Salt Lake City,Salt Lake City,0.0,,0.0
0022200115,1610612762,UTA,2022-11-02,Salt Lake City,Dallas,998.4,SE,1.0
0022200131,1610612762,UTA,2022-11-04,Dallas,Los Angeles,1238.2,W,-2.0
0022200143,1610612762,UTA,2022-11-06,Los Angeles,Inglewood,8.0,SW,0.0
0022200157,1610612762,UTA,2022-11-07,Inglewood,Salt Lake City,589.0,NE,1.0
0022200162,1610612762,UTA,2022-11-09,Salt Lake City,Atlanta,1580.5,E,2.0
0022200185,1610612762,UTA,2022-11-12,Atlanta,Washington,542.5,NE,0.0
0022200195,1610612762,UTA,2022-11-13,Washington,Philadelphia,120.6,NE,0.0
0022200208,1610612762,UTA,2022-11-15,Philadelphia,Salt Lake City,1921.2,W,-2.0
0022200232,1610612762,UTA,2022-11-18,Salt Lake City,Salt Lake City,0.0,,0.0
0022200238,1610612762,UTA,2022-11-19,Salt Lake City,Portland,633.9,NW,-1.0
0022200255,1610612762,UTA,2022-11-21,Portland,Inglewood,832.5,S,0.0
0022200270,1610612762,UTA,2022-11-23,Inglewood,Salt Lake City,589.0,NE,1.0
0022200284,1610612762,UTA,2022-11-25,Salt Lake City,San Francisco,597.6,W,-1.0
0022200289,1610612762,UTA,2022-11-26,San Francisco,Phoenix,651.4,SE,1.0
0022200306,1610612762,UTA,2022-11-28,Phoenix,Salt Lake City,506.0,N,0.0
0022200322,1610612762,UTA,2022-11-30,Salt Lake City,Salt Lake City,0.0,,0.0
0022200335,1610612762,UTA,2022-12-02,Salt Lake City,Salt Lake City,0.0,,0.0
0022200343,1610612762,UTA,2022-12-03,Salt Lake City,Salt Lake City,0.0,,0.0
0022200372,1610612762,UTA,2022-12-07,Salt Lake City,Salt Lake City,0.0,,0.0
0022200385,1610612762,UTA,2022-12-09,Salt Lake City,Salt Lake City,0.0,,0.0
0022200393,1610612762,UTA,2022-12-10,Salt Lake City,Denver,370.1,E,0.0
0022200412,1610612762,UTA,2022-12-13,Denver,Salt Lake City,370.1,W,0.0
0022200426,1610612762,UTA,2022-12-15,Salt Lake City,Salt Lake City,0.0,,0.0
0022200442,1610612762,UTA,2022-12-17,Salt Lake City,Milwaukee,1239.0,E,1.0
0022200452,1610612762,UTA,2022-12-19,Milwaukee,Cleveland,335.9,E,1.0
0022200461,1610612762,UTA,2022-12-20,Cleveland,Detroit,91.3,NW,0.0
0022200478,1610612762,UTA,2022-12-22,Detroit,Salt Lake City,1488.3,W,-2.0
0022200503,1610612762,UTA,2022-12-26,Salt Lake City,San Antonio,1089.8,SE,1.0
0022200521,1610612762,UTA,2022-12-28,San Antonio,San Francisco,1488.5,NW,-2.0
0022200537,1610612762,UTA,2022-12-30,San Francisco,Sacramento,74.0,NE,0.0
0022200546,1610612762,UTA,2022-12-31,Sacramento,Salt Lake City,532.1,E,1.0
0022200563,1610612762,UTA,2023-01-03,Salt Lake City,Salt Lake City,0.0,,0.0
0022200578,1610612762,UTA,2023-01-05,Salt Lake City,Houston,1200.6,SE,1.0
0022200592,1610612762,UTA,2023-01-07,Houston,Chicago,941.3,NE,0.0
0022200600,1610612762,UTA,2023-01-08,Chicago,Memphis,483.2,S,0.0
0022200614,1610612762,UTA,2023-01-10,Memphis,Salt Lake City,1248.5,NW,-1.0
0022200638,1610612762,UTA,2023-01-13,Salt Lake City,Salt Lake City,0.0,,0.0
0022200646,1610612762,UTA,2023-01-14,Salt Lake City,Salt Lake City,0.0,,0.0
0022200662,1610612762,UTA,2023-01-16,Salt Lake City,Minneapolis,984.4,NE,1.0
0022200675,1610612762,UTA,2023-01-18,Minneapolis,Salt Lake City,984.4,W,-1.0
0022200689,1610612762,UTA,2023-01-20,Salt Lake City,Salt Lake City,0.0,,0.0
0022200710,1610612762,UTA,2023-01-23,Salt Lake City,Salt Lake City,0.0,,0.0
0022200727,1610612762,UTA,2023-01-25,Salt Lake City,Portland,633.9,NW,-1.0
0022200750,1610612762,UTA,2023-01-28,Portland,Salt Lake City,633.9,SE,1.0
0022200776,1610612762,UTA,2023-02-01,Salt Lake City,Salt Lake City,0.0,,0.0
0022200792,1610612762,UTA,2023-02-03,Salt Lake City,Salt Lake City,0.0,,0.0
0022200813,1610612762,UTA,2023-02-06,Salt Lake City,Salt Lake City,0.0,,0.0
0022200828,1610612762,UTA,2023-02-08,Salt Lake City,Salt Lake City,0.0,,0.0
0022200839,1610612762,UTA,2023-02-10,Salt Lake City,Toronto,1665.5,E,2.0
0022200851,1610612762,UTA,2023-02-11,Toronto,New York,340.4,SE,0.0
0022200859,1610612762,UTA,2023-02-13,New York,Indianapolis,644.4,W,0.0
0022200879,1610612762,UTA,2023-02-15,Indianapolis,Memphis,384.3,SW,-1.0
0022200892,1610612762,UTA,2023-02-23,Memphis,Salt Lake City,1248.5,NW,-1.0
0022200909,1610612762,UTA,2023-02-25,Salt Lake City,Salt Lake City,0.0,,0.0
0022200930,1610612762,UTA,2023-02-28,Salt Lake City,Salt Lake City,0.0,,0.0
0022200951,1610612762,UTA,2023-03-03,Salt Lake City,Oklahoma City,862.2,E,1.0
0022200968,1610612762,UTA,2023-03-05,Oklahoma City,Oklahoma City,0.0,,0.0
0022200983,1610612762,UTA,2023-03-07,Oklahoma City,Dallas,189.0,S,0.0
0022200994,1610612762,UTA,2023-03-09,Dallas,Orlando,961.6,E,1.0
0022201005,1610612762,UTA,2023-03-11,Orlando,Charlotte,463.1,N,0.0
0022201022,1610612762,UTA,2023-03-13,Charlotte,Miami,653.7,S,0.0
0022201062,1610612762,UTA,2023-03-18,Miami,Salt Lake City,2087.6,NW,-2.0
0022201076,1610612762,UTA,2023-03-20,Salt Lake City,Salt Lake City,0.0,,0.0
0022201091,1610612762,UTA,2023-03-22,Salt Lake City,Salt Lake City,0.0,,0.0
0022201102,1610612762,UTA,2023-03-24,Salt Lake City,Salt Lake City,0.0,,0.0
0022201111,1610612762,UTA,2023-03-25,Salt Lake City,Sacramento,532.1,W,-1.0
0022201125,1610612762,UTA,2023-03-27,Sacramento,Salt Lake City,532.1,E,1.0
0022201143,1610612762,UTA,2023-03-29,Salt Lake City,San Antonio,1089.8,SE,1.0
0022201152,1610612762,UTA,2023-03-31,San Antonio,Boston,1762.3,NE,1.0
0022201164,1610612762,UTA,2023-04-02,Boston,Brooklyn,190.4,SW,0.0
0022201186,1610612762,UTA,2023-04-04,Brooklyn,Salt Lake City,1970.1,W,-2.0
0022201200,1610612762,UTA,2023-04-06,Salt Lake City,Salt Lake City,0.0,,0.0
0022201213,1610612762,UTA,2023-04-08,Salt Lake City,Salt Lake City,0.0,,0.0
0022201228,1610612762,UTA,2023-04-09,Salt Lake City,Los Angeles,581.0,SW,-1.0
0022200009,1610612763,MEM,2022-10-19,Memphis,Memphis,0.0,,0.0
0022200024,1610612763,MEM,2022-10-21,Memphis,Houston,484.1,SW,0.0
0022200034,1610612763,MEM,2022-10-22,Houston,Dallas,226.8,N,0.0
0022200049,1610612763,MEM,2022-10-24,Dallas,Memphis,419.8,NE,0.0
0022200069,1610612763,MEM,2022-10-27,Memphis,Sacramento,1746.2,W,-2.0
0022200087,1610612763,MEM,2022-10-29,Sacramento,Salt Lake City,532.1,E,1.0
0022200101,1610612763,MEM,2022-10-31,Salt Lake City,Salt Lake City,0.0,,0.0
0022200116,1610612763,MEM,2022-11-02,Salt Lake City,Portland,633.9,NW,-1.0
0022200125,1610612763,MEM,2022-11-04,Portland,Memphis,1845.9,E,2.0
0022200142,1610612763,MEM,2022-11-06,Memphis,Memphis,0.0,,0.0
0022200152,1610612763,MEM,2022-11-07,Memphis,Memphis,0.0,,0.0
0022200169,1610612763,MEM,2022-11-09,Memphis,San Antonio,628.6,SW,0.0
0022200181,1610612763,MEM,2022-11-11,San Antonio,Memphis,628.6,NE,0.0
0022200194,1610612763,MEM,2022-11-13,Memphis,Washington,763.5,NE,1.0
0022200206,1610612763,MEM,2022-11-15,Washington,New Orleans,965.9,SW,-1.0
0022200229,1610612763,MEM,2022-11-18,New Orleans,Memphis,358.5,N,0.0
0022200243,1610612763,MEM,2022-11-20,Memphis,Brooklyn,954.5,NE,1.0
0022200257,1610612763,MEM,2022-11-22,Brooklyn,Memphis,954.5,W,-1.0
0022200279,1610612763,MEM,2022-11-25,Memphis,Memphis,0.0,,0.0
0022200296,1610612763,MEM,2022-11-27,Memphis,New York,955.1,NE,1.0
0022200317,1610612763,MEM,2022-11-30,New York,Minneapolis,1016.5,NW,-1.0
0022200332,1610612763,MEM,2022-12-02,Minneapolis,Memphis,700.9,S,0.0
0022200347,1610612763,MEM,2022-12-04,Memphis,Detroit,623.9,NE,1.0
0022200357,1610612763,MEM,2022-12-05,Detroit,Memphis,623.9,SW,-1.0
0022200368,1610612763,MEM,2022-12-07,Memphis,Memphis,0.0,,0.0
0022200383,1610612763,MEM,2022-12-09,Memphis,Memphis,0.0,,0.0
0022200404,1610612763,MEM,2022-12-12,Memphis,Memphis,0.0,,0.0
0022200425,1610612763,MEM,2022-12-15,Memphis,Memphis,0.0,,0.0
0022200443,1610612763,MEM,2022-12-17,Memphis,Oklahoma City,421.4,W,0.0
0022200465,1610612763,MEM,2022-12-20,Oklahoma City,Denver,505.5,NW,-1.0
0022200490,1610612763,MEM,2022-12-23,Denver,Phoenix,585.4,SW,0.0
0022200496,1610612763,MEM,2022-12-25,Phoenix,San Francisco,651.4,NW,-1.0
0022200510,1610612763,MEM,2022-12-27,San Francisco,Memphis,1797.4,E,2.0
0022200526,1610612763,MEM,2022-12-29,Memphis,Toronto,817.2,NE,1.0
0022200543,1610612763,MEM,2022-12-31,Toronto,Memphis,817.2,SW,-1.0
0022200547,1610612763,MEM,2023-01-01,Memphis,Memphis,0.0,,0.0
0022200564,1610612763,MEM,2023-01-04,Memphis,Charlotte,520.0,E,1.0
0022200576,1610612763,MEM,2023-01-05,Charlotte,Orlando,463.1,S,0.0
0022200600,1610612763,MEM,2023-01-08,Orlando,Memphis,682.6,NW,-1.0
0022200608,1610612763,MEM,2023-01-09,Memphis,Memphis,0.0,,0.0
0022200623,1610612763,MEM,2023-01-11,Memphis,Memphis,0.0,,0.0
0022200643,1610612763,MEM,2023-01-14,Memphis,Indianapolis,384.3,NE,1.0
0022200663,1610612763,MEM,2023-01-16,Indianapolis,Memphis,384.3,SW,-1.0
0022200672,1610612763,MEM,2023-01-18,Memphis,Memphis,0.0,,0.0
0022200690,1610612763,MEM,2023-01-20,Memphis,Los Angeles,1601.4,W,-2.0
0022200703,1610612763,MEM,2023-01-22,Los Angeles,Phoenix,358.3,E,1.0
0022200712,1610612763,MEM,2023-01-23,Phoenix,Sacramento,634.7,NW,-1.0
0022200726,1610612763,MEM,2023-01-25,Sacramento,San Francisco,74.0,SW,0.0
0022200737,1610612763,MEM,2023-01-27,San Francisco,Minneapolis,1579.5,NE,2.0
0022200753,1610612763,MEM,2023-01-29,Minneapolis,Memphis,700.9,S,0.0
0022200771,1610612763,MEM,2023-02-01,Memphis,Memphis,0.0,,0.0
0022200779,1610612763,MEM,2023-02-02,Memphis,Cleveland,630.7,NE,1.0
0022200805,1610612763,MEM,2023-02-05,Cleveland,Memphis,630.7,SW,-1.0
0022200819,1610612763,MEM,2023-02-07,Memphis,Memphis,0.0,,0.0
0022200841,1610612763,MEM,2023-02-10,Memphis,Memphis,0.0,,0.0
0022200855,1610612763,MEM,2023-02-12,Memphis,Boston,1135.1,NE,1.0
0022200879,1610612763,MEM,2023-02-15,Boston,Memphis,1135.1,W,-1.0
0022200889,1610612763,MEM,2023-02-23,Memphis,Philadelphia,877.9,NE,1.0
0022200907,1610612763,MEM,2023-02-25,Philadelphia,Memphis,877.9,W,-1.0
0022200927,1610612763,MEM,2023-02-28,Memphis,Memphis,0.0,,0.0
0022200938,1610612763,MEM,2023-03-01,Memphis,Houston,484.1,SW,0.0
0022200952,1610612763,MEM,2023-03-03,Houston,Denver,880.3,NW,-1.0
0022200970,1610612763,MEM,2023-03-05,Denver,Inglewood,838.0,SW,-1.0
0022200984,1610612763,MEM,2023-03-07,Inglewood,Los Angeles,8.0,NE,0.0
0022200996,1610612763,MEM,2023-03-09,Los Angeles,Memphis,1601.4,E,2.0
0022201010,1610612763,MEM,2023-03-11,Memphis,Memphis,0.0,,0.0
0022201023,1610612763,MEM,2023-03-13,Memphis,Dallas,419.8,W,0.0
0022201036,1610612763,MEM,2023-03-15,Dallas,Miami,1110.8,E,1.0
0022201052,1610612763,MEM,2023-03-17,Miami,San Antonio,1144.2,W,-1.0
0022201061,1610612763,MEM,2023-03-18,San Antonio,Memphis,628.6,NE,0.0
0022201075,1610612763,MEM,2023-03-20,Memphis,Memphis,0.0,,0.0
0022201088,1610612763,MEM,2023-03-22,Memphis,Memphis,0.0,,0.0
0022201100,1610612763,MEM,2023-03-24,Memphis,Memphis,0.0,,0.0
0022201115,1610612763,MEM,2023-03-26,Memphis,Atlanta,335.9,E,1.0
0022201133,1610612763,MEM,2023-03-28,Atlanta,Memphis,335.9,W,-1.0
0022201141,1610612763,MEM,2023-03-29,Memphis,Memphis,0.0,,0.0
0022201156,1610612763,MEM,2023-03-31,Memphis,Memphis,0.0,,0.0
0022201165,1610612763,MEM,2023-04-02,Memphis,Chicago,483.2,N,0.0
0022201184,1610612763,MEM,2023-04-04,Chicago,Memphis,483.2,S,0.0
0022201194,1610612763,MEM,2023-04-05,Memphis,New Orleans,358.5,S,0.0
0022201208,1610612763,MEM,2023-04-07,New Orleans,Milwaukee,912.7,N,0.0
0022201226,1610612763,MEM,2023-04-09,Milwaukee,Oklahoma City,732.6,SW,0.0
0022200004,1610612764,WAS,2022-10-19,Washington,Indianapolis,491.6,W,0.0
0022200019,1610612764,WAS,2022-10-21,Indianapolis,Washington,491.6,E,0.0
0022200039,1610612764,WAS,2022-10-23,Washington,Cleveland,304.7,NW,0.0
0022200052,1610612764,WAS,2022-10-25,Cleveland,Washington,304.7,SE,0.0
0022200074,1610612764,WAS,2022-10-28,Washington,Washington,0.0,,0.0
0022200089,1610612764,WAS,2022-10-30,Washington,Boston,393.6,NE,0.0
0022200097,1610612764,WAS,2022-10-31,Boston,Washington,393.6,SW,0.0
0022200108,1610612764,WAS,2022-11-02,Washington,Philadelphia,120.6,NE,0.0
0022200123,1610612764,WAS,2022-11-04,Philadelphia,Washington,120.6,SW,0.0
0022200142,1610612764,WAS,2022-11-06,Washington,Memphis,763.5,W,-1.0
0022200144,1610612764,WAS,2022-11-07,Memphis,Charlotte,520.0,E,1.0
0022200172,1610612764,WAS,2022-11-10,Charlotte,Washington,329.7,NE,0.0
0022200185,1610612764,WAS,2022-11-12,Washington,Washington,0.0,,0.0
0022200194,1610612764,WAS,2022-11-13,Washington,Washington,0.0,,0.0
0022200213,1610612764,WAS,2022-11-16,Washington,Washington,0.0,,0.0
0022200224,1610612764,WAS,2022-11-18,Washington,Washington,0.0,,0.0
0022200241,1610612764,WAS,2022-11-20,Washington,Washington,0.0,,0.0
0022200265,1610612764,WAS,2022-11-23,Washington,Miami,924.8,S,0.0
0022200277,1610612764,WAS,2022-11-25,Miami,Miami,0.0,,0.0
0022200294,1610612764,WAS,2022-11-27,Miami,Boston,1257.4,N,0.0
0022200300,1610612764,WAS,2022-11-28,Boston,Washington,393.6,SW,0.0
0022200315,1610612764,WAS,2022-11-30,Washington,Brooklyn,203.3,NE,0.0
0022200326,1610612764,WAS,2022-12-02,Brooklyn,Charlotte,530.7,SW,0.0
0022200349,1610612764,WAS,2022-12-04,Charlotte,Washington,329.7,NE,0.0
0022200367,1610612764,WAS,2022-12-07,Washington,Chicago,596.8,NW,-1.0
0022200378,1610612764,WAS,2022-12-09,Chicago,Indianapolis,166.4,SE,1.0
0022200389,1610612764,WAS,2022-12-10,Indianapolis,Washington,491.6,E,0.0
0022200403,1610612764,WAS,2022-12-12,Washington,Washington,0.0,,0.0
0022200422,1610612764,WAS,2022-12-14,Washington,Denver,1491.0,W,-2.0
0022200438,1610612764,WAS,2022-12-17,Denver,Inglewood,838.0,SW,-1.0
0022200451,1610612764,WAS,2022-12-18,Inglewood,Los Angeles,8.0,NE,0.0
0022200464,1610612764,WAS,2022-12-20,Los Angeles,Phoenix,358.3,E,1.0
0022200478,1610612764,WAS,2022-12-22,Phoenix,Salt Lake City,506.0,N,0.0
0022200491,1610612764,WAS,2022-12-23,Salt Lake City,Sacramento,532.1,W,-1.0
0022200506,1610612764,WAS,2022-12-27,Sacramento,Washington,2372.8,E,3.0
0022200516,1610612764,WAS,2022-12-28,Washington,Washington,0.0,,0.0
0022200529,1610612764,WAS,2022-12-30,Washington,Orlando,758.1,S,0.0
0022200548,1610612764,WAS,2023-01-01,Orlando,Milwaukee,1066.2,N,-1.0
0022200561,1610612764,WAS,2023-01-03,Milwaukee,Milwaukee,0.0,,0.0
0022200584,1610612764,WAS,2023-01-06,Milwaukee,Oklahoma City,732.6,SW,0.0
0022200605,1610612764,WAS,2023-01-09,Oklahoma City,Washington,1150.3,E,1.0
0022200619,1610612764,WAS,2023-01-11,Washington,Washington,0.0,,0.0
0022200634,1610612764,WAS,2023-01-13,Washington,Washington,0.0,,0.0
0022200660,1610612764,WAS,2023-01-16,Washington,Washington,0.0,,0.0
0022200669,1610612764,WAS,2023-01-18,Washington,New York,205.4,NE,0.0
0022200693,1610612764,WAS,2023-01-21,New York,Washington,205.4,SW,0.0
0022200717,1610612764,WAS,2023-01-24,Washington,Dallas,1183.0,W,-1.0
0022200722,1610612764,WAS,2023-01-25,Dallas,Houston,226.8,SE,0.0
0022200747,1610612764,WAS,2023-01-28,Houston,New Orleans,316.7,E,0.0
0022200760,1610612764,WAS,2023-01-30,New Orleans,San Antonio,502.7,W,0.0
0022200787,1610612764,WAS,2023-02-03,San Antonio,Washington,1383.4,NE,1.0
0022200793,1610612764,WAS,2023-02-04,Washington,Brooklyn,203.3,NE,0.0
0022200809,1610612764,WAS,2023-02-06,Brooklyn,Washington,203.3,SW,0.0
0022200823,1610612764,WAS,2023-02-08,Washington,Washington,0.0,,0.0
0022200849,1610612764,WAS,2023-02-11,Washington,Washington,0.0,,0.0
0022200866,1610612764,WAS,2023-02-13,Washington,San Francisco,2434.3,W,-3.0
0022200872,1610612764,WAS,2023-02-14,San Francisco,Portland,536.6,N,0.0
0022200884,1610612764,WAS,2023-02-16,Portland,Minneapolis,1422.0,E,2.0
0022200895,1610612764,WAS,2023-02-24,Minneapolis,Washington,932.8,E,1.0
0022200912,1610612764,WAS,2023-02-26,Washington,Chicago,596.8,NW,-1.0
0022200923,1610612764,WAS,2023-02-28,Chicago,Atlanta,589.0,S,1.0
0022200942,1610612764,WAS,2023-03-02,Atlanta,Washington,542.5,NE,0.0
0022200956,1610612764,WAS,2023-03-04,Washington,Washington,0.0,,0.0
0022200973,1610612764,WAS,2023-03-05,Washington,Washington,0.0,,0.0
0022200769,1610612764,WAS,2023-03-07,Washington,Detroit,395.7,NW,0.0
0022200985,1610612764,WAS,2023-03-08,Detroit,Washington,395.7,SE,0.0
0022200999,1610612764,WAS,2023-03-10,Washington,Washington,0.0,,0.0
0022201016,1610612764,WAS,2023-03-12,Washington,Philadelphia,120.6,NE,0.0
0022201028,1610612764,WAS,2023-03-14,Philadelphia,Washington,120.6,SW,0.0
0022201049,1610612764,WAS,2023-03-17,Washington,Cleveland,304.7,NW,0.0
0022201059,1610612764,WAS,2023-03-18,Cleveland,Washington,304.7,SE,0.0
0022201077,1610612764,WAS,2023-03-21,Washington,Orlando,758.1,S,0.0
0022201083,1610612764,WAS,2023-03-22,Orlando,Washington,758.1,N,0.0
0022201098,1610612764,WAS,2023-03-24,Washington,Washington,0.0,,0.0
0022201119,1610612764,WAS,2023-03-26,Washington,Toronto,350.0,N,0.0
0022201130,1610612764,WAS,2023-03-28,Toronto,Washington,350.0,S,0.0
0022201151,1610612764,WAS,2023-03-31,Washington,Washington,0.0,,0.0
0022201168,1610612764,WAS,2023-04-02,Washington,New York,205.4,NE,0.0
0022201179,1610612764,WAS,2023-04-04,New York,Washington,205.4,SW,0.0
0022201191,1610612764,WAS,2023-04-05,Washington,Atlanta,542.5,SW,0.0
0022201204,1610612764,WAS,2023-04-07,Atlanta,Washington,542.5,NE,0.0
0022201222,1610612764,WAS,2023-04-09,Washington,Washington,0.0,,0.0
0022200003,1610612765,DET,2022-10-19,Detroit,Detroit,0.0,,0.0
0022200023,1610612765,DET,2022-10-21,Detroit,New York,481.0,E,0.0
0022200029,1610612765,DET,2022-10-22,New York,Indianapolis,644.4,W,0.0
0022200052,1610612765,DET,2022-10-25,Indianapolis,Washington,491.6,E,0.0
0022200057,1610612765,DET,2022-10-26,Washington,Detroit,395.7,NW,0.0
0022200070,1610612765,DET,2022-10-28,Detroit,Detroit,0.0,,0.0
0022200091,1610612765,DET,2022-10-30,Detroit,Detroit,0.0,,0.0
0022200100,1610612765,DET,2022-10-31,Detroit,Milwaukee,251.6,W,-1.0
0022200113,1610612765,DET,2022-11-02,Milwaukee,Milwaukee,0.0,,0.0
0022200120,1610612765,DET,2022-11-04,Milwaukee,Detroit,251.6,E,1.0
0022200146,1610612765,DET,2022-11-07,Detroit,Detroit,0.0,,0.0
0022200163,1610612765,DET,2022-11-09,Detroit,Boston,611.9,E,0.0
0022200178,1610612765,DET,2022-11-11,Boston,New York,188.2,SW,0.0
0022200186,1610612765,DET,2022-11-12,New York,Detroit,481.0,W,0.0
0022200199,1610612765,DET,2022-11-14,Detroit,Detroit,0.0,,0.0
0022200223,1610612765,DET,2022-11-17,Detroit,Inglewood,1987.3,W,-3.0
0022200234,1610612765,DET,2022-11-18,Inglewood,Los Angeles,8.0,NE,0.0
0022200242,1610612765,DET,2022-11-20,Los Angeles,Sacramento,361.4,NW,0.0
0022200258,1610612765,DET,2022-11-22,Sacramento,Denver,885.9,E,1.0
0022200270,1610612765,DET,2022-11-23,Denver,Salt Lake City,370.1,W,0.0
0022200283,1610612765,DET,2022-11-25,Salt Lake City,Phoenix,506.0,S,0.0
0022200295,1610612765,DET,2022-11-27,Phoenix,Detroit,1687.1,NE,2.0
0022200309,1610612765,DET,2022-11-29,Detroit,Detroit,0.0,,0.0
0022200325,1610612765,DET,2022-12-01,Detroit,Detroit,0.0,,0.0
0022200347,1610612765,DET,2022-12-04,Detroit,Detroit,0.0,,0.0
0022200361,1610612765,DET,2022-12-06,Detroit,Miami,1155.7,S,0.0
0022200371,1610612765,DET,2022-12-07,Miami,New Orleans,669.1,NW,-1.0
0022200383,1610612765,DET,2022-12-09,New Orleans,Memphis,358.5,N,0.0
0022200396,1610612765,DET,2022-12-11,Memphis,Detroit,623.9,NE,1.0
0022200414,1610612765,DET,2022-12-14,Detroit,Charlotte,505.9,S,0.0
0022200429,1610612765,DET,2022-12-16,Charlotte,Detroit,505.9,N,0.0
0022200447,1610612765,DET,2022-12-18,Detroit,Detroit,0.0,,0.0
0022200461,1610612765,DET,2022-12-20,Detroit,Detroit,0.0,,0.0
0022200467,1610612765,DET,2022-12-21,Detroit,Philadelphia,443.4,E,0.0
0022200481,1610612765,DET,2022-12-23,Philadelphia,Atlanta,663.0,SW,0.0
0022200499,1610612765,DET,2022-12-26,Atlanta,Detroit,597.5,N,0.0
0022200515,1610612765,DET,2022-12-28,Detroit,Detroit,0.0,,0.0
0022200532,1610612765,DET,2022-12-30,Detroit,Chicago,238.9,W,-1.0
0022200544,1610612765,DET,2022-12-31,Chicago,Minneapolis,353.2,NW,0.0
0022200559,1610612765,DET,2023-01-02,Minneapolis,Portland,1422.0,W,-2.0
0022200573,1610612765,DET,2023-01-04,Portland,San Francisco,536.6,S,0.0
0022200585,1610612765,DET,2023-01-06,San Francisco,San Antonio,1488.5,E,2.0
0022200596,1610612765,DET,2023-01-08,San Antonio,Detroit,1236.2,NE,1.0
0022200612,1610612765,DET,2023-01-10,Detroit,Philadelphia,443.4,E,0.0
0022200618,1610612765,DET,2023-01-11,Philadelphia,Detroit,443.4,NW,0.0
0022200632,1610612765,DET,2023-01-13,Detroit,Detroit,0.0,,0.0
0022200648,1610612765,DET,2023-01-15,Detroit,Detroit,0.0,,0.0
0022200678,1610612765,DET,2023-01-19,Detroit,Detroit,0.0,,0.0
0022200706,1610612765,DET,2023-01-23,Detroit,Detroit,0.0,,0.0
0022200731,1610612765,DET,2023-01-26,Detroit,Brooklyn,483.3,E,0.0
0022200743,1610612765,DET,2023-01-28,Brooklyn,Detroit,483.3,W,0.0
0022200761,1610612765,DET,2023-01-30,Detroit,Dallas,999.2,SW,-1.0
0022200785,1610612765,DET,2023-02-03,Dallas,Detroit,999.2,NE,1.0
0022200794,1610612765,DET,2023-02-04,Detroit,Detroit,0.0,,0.0
0022200808,1610612765,DET,2023-02-06,Detroit,Detroit,0.0,,0.0
0022200822,1610612765,DET,2023-02-08,Detroit,Cleveland,91.3,SE,0.0
0022200835,1610612765,DET,2023-02-10,Cleveland,Detroit,91.3,NW,0.0
0022200856,1610612765,DET,2023-02-12,Detroit,Toronto,206.4,NE,0.0
0022200877,1610612765,DET,2023-02-15,Toronto,Boston,429.2,E,0.0
0022200888,1610612765,DET,2023-02-23,Boston,Orlando,1116.1,SW,0.0
0022200903,1610612765,DET,2023-02-25,Orlando,Detroit,958.2,N,0.0
0022200919,1610612765,DET,2023-02-27,Detroit,Charlotte,505.9,S,0.0
0022200934,1610612765,DET,2023-03-01,Charlotte,Detroit,505.9,N,0.0
0022200957,1610612765,DET,2023-03-04,Detroit,Cleveland,91.3,SE,0.0
0022200977,1610612765,DET,2023-03-06,Cleveland,Detroit,91.3,NW,0.0
0022200769,1610612765,DET,2023-03-07,Detroit,Detroit,0.0,,0.0
0022200992,1610612765,DET,2023-03-09,Detroit,Detroit,0.0,,0.0
0022201006,1610612765,DET,2023-03-11,Detroit,Detroit,0.0,,0.0
0022201020,1610612765,DET,2023-03-13,Detroit,Detroit,0.0,,0.0
0022201028,1610612765,DET,2023-03-14,Detroit,Washington,395.7,SE,0.0
0022201042,1610612765,DET,2023-03-16,Washington,Detroit,395.7,NW,0.0
0022201066,1610612765,DET,2023-03-19,Detroit,Detroit,0.0,,0.0
0022201078,1610612765,DET,2023-03-21,Detroit,Atlanta,597.5,S,0.0
0022201099,1610612765,DET,2023-03-24,Atlanta,Toronto,734.3,N,0.0
0022201122,1610612765,DET,2023-03-27,Toronto,Detroit,206.4,SW,0.0
0022201142,1610612765,DET,2023-03-29,Detroit,Oklahoma City,909.4,SW,-1.0
0022201155,1610612765,DET,2023-03-31,Oklahoma City,Houston,414.1,S,0.0
0022201169,1610612765,DET,2023-04-02,Houston,Orlando,847.1,E,1.0
0022201177,1610612765,DET,2023-04-04,Orlando,Detroit,958.2,N,0.0
0022201189,1610612765,DET,2023-04-05,Detroit,Detroit,0.0,,0.0
0022201203,1610612765,DET,2023-04-07,Detroit,Indianapolis,240.4,SW,0.0
0022201223,1610612765,DET,2023-04-09,Indianapolis,Chicago,166.4,NW,-1.0
0022200011,1610612766,CHA,2022-10-19,Charlotte,San Antonio,1100.8,W,-1.0
0022200017,1610612766,CHA,2022-10-21,San Antonio,Charlotte,1100.8,NE,1.0
0022200038,1610612766,CHA,2022-10-23,Charlotte,Atlanta,226.5,SW,0.0
0022200058,1610612766,CHA,2022-10-26,Atlanta,New York,747.9,NE,0.0
0022200071,1610612766,CHA,2022-10-28,New York,Orlando,941.6,SW,0.0
0022200082,1610612766,CHA,2022-10-29,Orlando,Charlotte,463.1,N,0.0
0022200096,1610612766,CHA,2022-10-31,Charlotte,Charlotte,0.0,,0.0
0022200111,1610612766,CHA,2022-11-02,Charlotte,Chicago,589.4,NW,-1.0
0022200125,1610612766,CHA,2022-11-04,Chicago,Memphis,483.2,S,0.0
0022200133,1610612766,CHA,2022-11-05,Memphis,Charlotte,520.0,E,1.0
0022200144,1610612766,CHA,2022-11-07,Charlotte,Charlotte,0.0,,0.0
0022200159,1610612766,CHA,2022-11-09,Charlotte,Charlotte,0.0,,0.0
0022200174,1610612766,CHA,2022-11-10,Charlotte,Miami,653.7,S,0.0
0022200189,1610612766,CHA,2022-11-12,Miami,Miami,0.0,,0.0
0022200200,1610612766,CHA,2022-11-14,Miami,Orlando,204.3,N,0.0
0022200211,1610612766,CHA,2022-11-16,Orlando,Charlotte,463.1,N,0.0
0022200225,1610612766,CHA,2022-11-18,Charlotte,Cleveland,435.7,N,0.0
0022200241,1610612766,CHA,2022-11-20,Cleveland,Washington,304.7,SE,0.0
0022200260,1610612766,CHA,2022-11-23,Washington,Charlotte,329.7,SW,0.0
0022200272,1610612766,CHA,2022-11-25,Charlotte,Charlotte,0.0,,0.0
0022200301,1610612766,CHA,2022-11-28,Charlotte,Boston,720.7,NE,0.0
0022200326,1610612766,CHA,2022-12-02,Boston,Charlotte,720.7,SW,0.0
0022200339,1610612766,CHA,2022-12-03,Charlotte,Charlotte,0.0,,0.0
0022200352,1610612766,CHA,2022-12-05,Charlotte,Charlotte,0.0,,0.0
0022200364,1610612766,CHA,2022-12-07,Charlotte,Brooklyn,530.7,NE,0.0
0022200377,1610612766,CHA,2022-12-09,Brooklyn,Charlotte,530.7,SW,0.0
0022200399,1610612766,CHA,2022-12-11,Charlotte,Philadelphia,447.8,NE,0.0
0022200414,1610612766,CHA,2022-12-14,Philadelphia,Charlotte,447.8,SW,0.0
0022200428,1610612766,CHA,2022-12-16,Charlotte,Charlotte,0.0,,0.0
0022200450,1610612766,CHA,2022-12-18,Charlotte,Denver,1356.9,W,-2.0
0022200460,1610612766,CHA,2022-12-19,Denver,Sacramento,885.9,W,-1.0
0022200476,1610612766,CHA,2022-12-21,Sacramento,Inglewood,365.3,SE,0.0
0022200492,1610612766,CHA,2022-12-23,Inglewood,Los Angeles,8.0,NE,0.0
0022200504,1610612766,CHA,2022-12-26,Los Angeles,Portland,827.1,N,0.0
0022200513,1610612766,CHA,2022-12-27,Portland,San Francisco,536.6,S,0.0
0022200523,1610612766,CHA,2022-12-29,San Francisco,Charlotte,2295.5,E,3.0
0022200539,1610612766,CHA,2022-12-31,Charlotte,Charlotte,0.0,,0.0
0022200551,1610612766,CHA,2023-01-02,Charlotte,Charlotte,0.0,,0.0
0022200564,1610612766,CHA,2023-01-04,Charlotte,Charlotte,0.0,,0.0
0022200583,1610612766,CHA,2023-01-06,Charlotte,Milwaukee,659.6,NW,-1.0
0022200598,1610612766,CHA,2023-01-08,Milwaukee,Indianapolis,244.4,SE,1.0
0022200613,1610612766,CHA,2023-01-10,Indianapolis,Toronto,440.3,NE,0.0
0022200629,1610612766,CHA,2023-01-12,Toronto,Toronto,0.0,,0.0
0022200642,1610612766,CHA,2023-01-14,Toronto,Charlotte,586.8,S,0.0
0022200656,1610612766,CHA,2023-01-16,Charlotte,Charlotte,0.0,,0.0
0022200671,1610612766,CHA,2023-01-18,Charlotte,Houston,925.8,W,-1.0
0022200694,1610612766,CHA,2023-01-21,Houston,Atlanta,700.7,NE,1.0
0022200710,1610612766,CHA,2023-01-23,Atlanta,Salt Lake City,1580.5,NW,-2.0
0022200718,1610612766,CHA,2023-01-24,Salt Lake City,Phoenix,506.0,S,0.0
0022200732,1610612766,CHA,2023-01-26,Phoenix,Charlotte,1778.9,E,2.0
0022200752,1610612766,CHA,2023-01-29,Charlotte,Charlotte,0.0,,0.0
0022200767,1610612766,CHA,2023-01-31,Charlotte,Milwaukee,659.6,NW,-1.0
0022200781,1610612766,CHA,2023-02-02,Milwaukee,Chicago,81.4,S,0.0
0022200785,1610612766,CHA,2023-02-03,Chicago,Detroit,238.9,E,1.0
0022200802,1610612766,CHA,2023-02-05,Detroit,Charlotte,505.9,S,0.0
0022200823,1610612766,CHA,2023-02-08,Charlotte,Washington,329.7,NE,0.0
0022200838,1610612766,CHA,2023-02-10,Washington,Boston,393.6,NE,0.0
0022200847,1610612766,CHA,2023-02-11,Boston,Charlotte,720.7,SW,0.0
0022200857,1610612766,CHA,2023-02-13,Charlotte,Charlotte,0.0,,0.0
0022200873,1610612766,CHA,2023-02-15,Charlotte,Charlotte,0.0,,0.0
0022200898,1610612766,CHA,2023-02-24,Charlotte,Minneapolis,939.3,NW,-1.0
0022200904,1610612766,CHA,2023-02-25,Minneapolis,Charlotte,939.3,SE,1.0
0022200919,1610612766,CHA,2023-02-27,Charlotte,Charlotte,0.0,,0.0
0022200933,1610612766,CHA,2023-03-01,Charlotte,Charlotte,0.0,,0.0
0022200946,1610612766,CHA,2023-03-03,Charlotte,Charlotte,0.0,,0.0
0022200965,1610612766,CHA,2023-03-05,Charlotte,Brooklyn,530.7,NE,0.0
0022200979,1610612766,CHA,2023-03-07,Brooklyn,New York,4.8,N,0.0
0022200992,1610612766,CHA,2023-03-09,New York,Detroit,481.0,W,0.0
0022201005,1610612766,CHA,2023-03-11,Detroit,Charlotte,505.9,S,0.0
0022201015,1610612766,CHA,2023-03-12,Charlotte,Charlotte,0.0,,0.0
0022201027,1610612766,CHA,2023-03-14,Charlotte,Charlotte,0.0,,0.0
0022201047,1610612766,CHA,2023-03-17,Charlotte,Charlotte,0.0,,0.0
0022201071,1610612766,CHA,2023-03-20,Charlotte,Charlotte,0.0,,0.0
0022201095,1610612766,CHA,2023-03-23,Charlotte,New Orleans,649.5,SW,-1.0
0022201101,1610612766,CHA,2023-03-24,New Orleans,Dallas,442.7,NW,0.0
0022201113,1610612766,CHA,2023-03-26,Dallas,Charlotte,929.0,E,1.0
0022201134,1610612766,CHA,2023-03-28,Charlotte,Oklahoma City,938.9,W,-1.0
0022201148,1610612766,CHA,2023-03-31,Oklahoma City,Charlotte,938.9,E,1.0
0022201163,1610612766,CHA,2023-04-02,Charlotte,Charlotte,0.0,,0.0
0022201176,1610612766,CHA,2023-04-04,Charlotte,Charlotte,0.0,,0.0
0022201202,1610612766,CHA,2023-04-07,Charlotte,Charlotte,0.0,,0.0
0022201218,1610612766,CHA,2023-04-09,Charlotte,Cleveland,435.7,N,0.0
